Name,rarity,mana_cost,collector_number,type,image_url,Unique ID,Color,Pitch,Cost,Power,Defense,Health,Intelligence,Arcane,Types,Traits,Card Keywords,Abilities and Effects,Ability and Effect Keywords,Granted Keywords,Removed Keywords,Interacts with Keywords,Functional Text,Type Text,Card Played Horizontally,Blitz Legal,CC Legal,Silver Age Legal,Commoner Legal,LL Legal,total_count,average_count_per_deck,average_count_per_normalized_deck,draft_average_occurrence1,draft_average_occurrence2,draft_average_occurrence3,pick_rate,Marlynn_total_count,Marlynn_average_count_per_deck,Marlynn_average_count_per_normalized_deck,Marlynn_pick_rate,Puffin_total_count,Puffin_average_count_per_deck,Puffin_average_count_per_normalized_deck,Puffin_pick_rate,Gravy Bones_total_count,Gravy Bones_average_count_per_deck,Gravy Bones_average_count_per_normalized_deck,Gravy Bones_pick_rate,"Scurv, Stowaway_total_count","Scurv, Stowaway_average_count_per_deck","Scurv, Stowaway_average_count_per_normalized_deck","Scurv, Stowaway_pick_rate",weighted_pick_rate
Golden Skywarden (yellow),mythic,2,SEA004,"Pirate, Mechanologist, Action, Attack",https://prod-content.fabrary.io/cards/SEA004.webp,cTchBtPqMqnNgDGGW89Gp,Yellow,2,4,7,2,,,,"Pirate, Mechanologist, Action, Attack",,Galvanize,,,,,,"**Galvanize** - When this defends, you may destroy an item you control. If you do, this gets +1{d}. If a Golden Cog is destroyed this way, create a Gold token and repeat this process.",Pirate Mechanologist Action - Attack,,,,No,No,,7,0.01580135440180587,0.013626978638265319,0.16806472727272725,0.1711010909090909,0.18980700478468898,0.0878630197289198,0,0.0,0.0,0.0,7,0.056910569105691054,0.04907928078659786,0.31648954815484226,0,0.0,0.0,0.0,0,0.0,0.0,0.0,0.07912238703871056
Jolly Bludger (yellow),mythic,2,SEA005,"Pirate, Mechanologist, Action, Attack",https://prod-content.fabrary.io/cards/SEA005.webp,6cNLLnWnpJdfmdpQHMFMb,Yellow,2,2,5,3,,,,"Pirate, Mechanologist, Action, Attack",,"Overpower, Steal",Thrice per Turn Instant,,,,,"""When this attacks, you may {t} a cog you control. If you do, this gets **overpower**.",,,,,,,,13,0.029345372460496615,0.024461113715004645,0.16806472727272725,0.1711010909090909,0.18980700478468898,0.16317417949656535,0,0.0,0.0,0.0,13,0.10569105691056911,0.08809978354265902,0.5877663037161356,0,0.0,0.0,0.0,0,0.0,0.0,0.0,0.1469415759290339
Rust Belt,common,0,SEA009,"Mechanologist, Equipment, Chest",https://prod-content.fabrary.io/cards/SEA009.webp,LKtdCkW87n6dJCtKqqkMw,,,,,1,,,,"Mechanologist, Equipment, Chest",,Battleworn,,,,,,"""**Instant** - {t} a cog you control, destroy this: Gain {r}.",,,,,,,,77,0.17381489841986456,0.0,1.6660106666666663,1.6660106666666663,1.7493112000000002,0.10167900446632185,0,0.0,0.0,0.0,77,0.6260162601626016,0.0,0.3663748829184827,0,0.0,0.0,0.0,0,0.0,0.0,0.0,0.09159372072962067
Unicycle,common,0,SEA010,"Mechanologist, Equipment, Legs",https://prod-content.fabrary.io/cards/SEA010.webp,Hp8cr9fLGCnpNCfrgKFJN,,,,,1,,,,"Mechanologist, Equipment, Legs",,Battleworn,,,,,,"""**Instant** - Destroy this: {u} a cog you control.",,,,,,,,87,0.1963882618510158,0.0,1.6660106666666663,1.6660106666666663,1.7493112000000002,0.11488406998142858,0,0.0,0.0,0.0,87,0.7073170731707317,0.0,0.41395603654425966,0,0.0,0.0,0.0,0,0.0,0.0,0.0,0.10348900913606492
Cogwerx Dovetail (red),mythic,1,SEA011,"Mechanologist, Action, Attack",https://prod-content.fabrary.io/cards/SEA011.webp,dnhGwzTLMbDMGLfrBgnzz,Red,1,1,5,3,,,,"Mechanologist, Action, Attack",,Go again,Thrice per Turn Instant,,,,,"""When this hits a hero, {u} all cogs you control.",,,,,,,,14,0.03160270880361174,0.026854505208449255,0.16806472727272725,0.1711010909090909,0.18980700478468898,0.1757260394578396,0,0.0,0.0,0.0,14,0.11382113821138211,0.09671988461254488,0.6329790963096845,0,0.0,0.0,0.0,0,0.0,0.0,0.0,0.15824477407742113
Palantir Aeronought (red),mythic,1,SEA012,"Mechanologist, Action, Attack",https://prod-content.fabrary.io/cards/SEA012.webp,c9TrL6MwcrMKtmTbCHL76,Red,1,2,6,3,,,,"Mechanologist, Action, Attack",,,Thrice per Turn Instant,,,,,"""The defending hero must defend this with an equipment they control if able.",,,,,,,,7,0.01580135440180587,0.013082907120883485,0.16806472727272725,0.1711010909090909,0.18980700478468898,0.0878630197289198,0,0.0,0.0,0.0,7,0.056910569105691054,0.0471197386548893,0.31648954815484226,0,0.0,0.0,0.0,0,0.0,0.0,0.0,0.07912238703871056
Cog in the Machine (red),mythic,1,SEA013,"Mechanologist, Action",https://prod-content.fabrary.io/cards/SEA013.webp,jqrFDnJPwhw6bcQCcrLQT,Red,1,1,,3,,,,"Mechanologist, Action",,,,,,,,"""Create 2 Golden Cog tokens.",,,,,,,,10,0.022573363431151242,0.01996788160949976,0.16806472727272725,0.1711010909090909,0.18980700478468898,0.1255185996127426,0,0.0,0.0,0.0,10,0.08130081300813008,0.07191684189437718,0.45212792593548895,0,0.0,0.0,0.0,0,0.0,0.0,0.0,0.11303198148387224
Cogwerx Workshop (blue),mythic,3,SEA014,"Mechanologist, Action",https://prod-content.fabrary.io/cards/SEA014.webp,NtGRcJrNgDN6LcQtcN7Qb,Blue,3,1,,3,,,,"Mechanologist, Action",,,,,,,,"""Create a Golden Cog token.",,,,,,,,4,0.009029345372460496,0.008255985823705915,0.16806472727272725,0.1711010909090909,0.18980700478468898,0.05020743984509703,0,0.0,0.0,0.0,4,0.032520325203252036,0.02973497333253431,0.18085117037419557,0,0.0,0.0,0.0,0,0.0,0.0,0.0,0.04521279259354889
Cloud City Steamboat (red),rare,1,SEA015,"Mechanologist, Action, Attack",https://prod-content.fabrary.io/cards/SEA015.webp,rPqkgWJCRBcDzDGPgMzBj,Red,1,2,6,3,,,,"Mechanologist, Action, Attack",,,Twice per Turn Instant,,,,,"""When this hits a hero, you may {t} a cog you control. If you do, put a steam counter on a cog you control.",,,,,,,,40,0.09029345372460497,0.07768257234780739,0.7582363511904764,0.762198275,0.7975172199921293,0.11586607880632407,0,0.0,0.0,0.0,40,0.3252032520325203,0.27978357357787537,0.4173761451322549,0,0.0,0.0,0.0,0,0.0,0.0,0.0,0.10434403628306373
Cloud City Steamboat (yellow),rare,2,SEA016,"Mechanologist, Action, Attack",https://prod-content.fabrary.io/cards/SEA016.webp,kTKcmGwRgtjQcGFRRG6fT,Yellow,2,2,5,3,,,,"Mechanologist, Action, Attack",,,Twice per Turn Instant,,,,,"""When this hits a hero, you may {t} a cog you control. If you do, put a steam counter on a cog you control.",,,,,,,,35,0.07900677200902935,0.06708896509657344,0.7582363511904764,0.762198275,0.7975172199921293,0.10138281895553355,0,0.0,0.0,0.0,35,0.2845528455284553,0.24162936209578892,0.3652041269907231,0,0.0,0.0,0.0,0,0.0,0.0,0.0,0.09130103174768077
Cloud City Steamboat (blue),rare,3,SEA017,"Mechanologist, Action, Attack",https://prod-content.fabrary.io/cards/SEA017.webp,pPgMnD6hBcnm8gcdHL79J,Blue,3,2,4,3,,,,"Mechanologist, Action, Attack",,,Twice per Turn Instant,,,,,"""When this hits a hero, you may {t} a cog you control. If you do, put a steam counter on a cog you control.",,,,,,,,39,0.08803611738148984,0.07634477316483824,0.7582363511904764,0.762198275,0.7975172199921293,0.11296942683616597,0,0.0,0.0,0.0,39,0.3170731707317073,0.2749653212359621,0.4069417415039486,0,0.0,0.0,0.0,0,0.0,0.0,0.0,0.10173543537598714
Cogwerx Zeppelin (red),rare,1,SEA018,"Mechanologist, Action, Attack",https://prod-content.fabrary.io/cards/SEA018.webp,WMNLQNgmCHD7FwnFFq6dG,Red,1,2,6,3,,,,"Mechanologist, Action, Attack",,,Twice per Turn Instant,,,,,"""When this hits a hero, you may {t} a cog you control. If you do, create a Golden Cog token.",,,,,,,,51,0.11512415349887133,0.0994665018123715,0.7582363511904764,0.762198275,0.7975172199921293,0.14772925047806318,0,0.0,0.0,0.0,51,0.4146341463414634,0.35824114067382584,0.532154585043625,0,0.0,0.0,0.0,0,0.0,0.0,0.0,0.13303864626090625
Cogwerx Zeppelin (yellow),rare,2,SEA019,"Mechanologist, Action, Attack",https://prod-content.fabrary.io/cards/SEA019.webp,fJzjdQTnDbfNwGCDWCBNK,Yellow,2,2,5,3,,,,"Mechanologist, Action, Attack",,,Twice per Turn Instant,,,,,"""When this hits a hero, you may {t} a cog you control. If you do, create a Golden Cog token.",,,,,,,,43,0.09706546275395034,0.08291108949858954,0.7582363511904764,0.762198275,0.7975172199921293,0.12455603471679838,0,0.0,0.0,0.0,43,0.34959349593495936,0.29861473697459484,0.44867935601717407,0,0.0,0.0,0.0,0,0.0,0.0,0.0,0.11216983900429352
Cogwerx Zeppelin (blue),rare,3,SEA020,"Mechanologist, Action, Attack",https://prod-content.fabrary.io/cards/SEA020.webp,kNggzqkBtLWRqfhFCMbfQ,Blue,3,2,4,3,,,,"Mechanologist, Action, Attack",,,Twice per Turn Instant,,,,,"""When this hits a hero, you may {t} a cog you control. If you do, create a Golden Cog token.",,,,,,,,49,0.11060948081264109,0.09370719248618667,0.7582363511904764,0.762198275,0.7975172199921293,0.141935946537747,0,0.0,0.0,0.0,49,0.3983739837398374,0.33749826236894875,0.5112857777870122,0,0.0,0.0,0.0,0,0.0,0.0,0.0,0.12782144444675306
Copper Cog (blue),rare,3,SEA021,"Mechanologist, Action, Cog, Item",https://prod-content.fabrary.io/cards/SEA021.webp,kzBc7Bmrk7TfHNwhQK6Lj,Blue,3,0,,,,,,"Mechanologist, Action, Cog, Item",,"Unlimited, Crank",,,,,,"""**Unlimited**",,,,,,,,43,0.09706546275395034,0.08191807806164957,0.7582363511904764,0.762198275,0.7975172199921293,0.12455603471679838,0,0.0,0.0,0.0,43,0.34959349593495936,0.29503828114886793,0.44867935601717407,0,0.0,0.0,0.0,0,0.0,0.0,0.0,0.11216983900429352
Lubricate (blue),rare,3,SEA022,"Mechanologist, Instant",https://prod-content.fabrary.io/cards/SEA022.webp,pKtKBmHB8P6Nwr8TP7p6D,Blue,3,0,,,,,,"Mechanologist, Instant",,,,,,,,{u} up to 3 cogs you control.,Mechanologist Instant,,,,,No,,24,0.05417607223476298,0.04590220995795966,0.7582363511904764,0.762198275,0.7975172199921293,0.06951964728379444,0,0.0,0.0,0.0,24,0.1951219512195122,0.16532259358842383,0.250425687079353,0,0.0,0.0,0.0,0,0.0,0.0,0.0,0.06260642176983824
Pinion Sentry (blue),rare,3,SEA023,"Mechanologist, Block",https://prod-content.fabrary.io/cards/SEA023.webp,gQdQfNwNMgDLJfkcNWmhH,Blue,3,,,3,,,,"Mechanologist, Block",,,,,,,,"When this defends, you may {t} a cog you control. If you do, create a Golden Cog token.",Mechanologist Block,,,,,No,,33,0.0744920993227991,0.062220749548217075,0.7582363511904764,0.762198275,0.7975172199921293,0.09558951501521736,0,0.0,0.0,0.0,33,0.2682926829268293,0.2240958703240664,0.3443353197341103,0,0.0,0.0,0.0,0,0.0,0.0,0.0,0.08608382993352758
Cloud Skiff (red),common,1,SEA024,"Mechanologist, Action, Attack",https://prod-content.fabrary.io/cards/SEA024.webp,mbNRPd7D9TN76C8wbBRrL,Red,1,1,5,3,,,,"Mechanologist, Action, Attack",,Go again,Once per Turn Instant,,,,,**Once per Turn Instant** - {t} a cog you control: This gets +1{p} or go again.,Mechanologist Action - Attack,,,,,,,168,0.3792325056433409,0.322504831120789,2.4207852014652014,2.4347523450980395,3.139579792252512,0.13555566169291186,0,0.0,0.0,0.0,168,1.3658536585365855,1.1615417901342238,0.4892398999444841,0,0.0,0.0,0.0,0,0.0,0.0,0.0,0.12230997498612102
Cloud Skiff (yellow),common,2,SEA025,"Mechanologist, Action, Attack",https://prod-content.fabrary.io/cards/SEA025.webp,kkfTJq9f9rMqbkPkbJm8R,Yellow,2,1,4,3,,,,"Mechanologist, Action, Attack",,Go again,Once per Turn Instant,,,,,**Once per Turn Instant** - {t} a cog you control: This gets +1{p} or go again.,Mechanologist Action - Attack,,,,,,,96,0.21670428893905191,0.1836356344228193,2.4207852014652014,2.4347523450980395,2.1636648654232435,0.09468324542556027,0,0.0,0.0,0.0,96,0.7804878048780488,0.6613868784496663,0.3405376228919391,0,0.0,0.0,0.0,0,0.0,0.0,0.0,0.08513440572298478
Cloud Skiff (blue),common,3,SEA026,"Mechanologist, Action, Attack",https://prod-content.fabrary.io/cards/SEA026.webp,nNnqFQD7WfGFGRnrMw8nh,Blue,3,1,3,3,,,,"Mechanologist, Action, Attack",,Go again,Once per Turn Instant,,,,,**Once per Turn Instant** - {t} a cog you control: This gets +1{p} or go again.,Mechanologist Action - Attack,,,,,,,115,0.2595936794582393,0.22082867452203186,2.4207852014652014,2.4347523450980395,2.1636648654232435,0.11342263774936906,0,0.0,0.0,0.0,115,0.9349593495934959,0.7953422992947976,0.4079356940893021,0,0.0,0.0,0.0,0,0.0,0.0,0.0,0.10198392352232552
Sky Skimmer (red),common,1,SEA027,"Mechanologist, Action, Attack",https://prod-content.fabrary.io/cards/SEA027.webp,MjtP6GFTmC7j96tmLrJ97,Red,1,0,4,3,,,,"Mechanologist, Action, Attack",,,Once per Turn Instant,Go again,,,,**Once per Turn Instant** - {t} a cog you control: This gets +1{p} or **go again**.,Mechanologist Action - Attack,,,,,,,163,0.36794582392776526,0.3150588976004589,2.4207852014652014,2.4347523450980395,3.139579792252512,0.13152126699967046,0,0.0,0.0,0.0,163,1.3252032520325203,1.1347243222520593,0.4746791886366125,0,0.0,0.0,0.0,0,0.0,0.0,0.0,0.11866979715915313
Sky Skimmer (yellow),common,2,SEA028,"Mechanologist, Action, Attack",https://prod-content.fabrary.io/cards/SEA028.webp,fWMNJw87bKTw7PFwcDgGc,Yellow,2,0,3,3,,,,"Mechanologist, Action, Attack",,,Once per Turn Instant,Go again,,,,**Once per Turn Instant** - {t} a cog you control: This gets +1{p} or **go again**.,Mechanologist Action - Attack,,,,,,,108,0.24379232505643342,0.2052079260390918,2.4207852014652014,2.4347523450980395,2.1636648654232435,0.1065186511037553,0,0.0,0.0,0.0,108,0.8780487804878049,0.7390822051651843,0.3831048257534315,0,0.0,0.0,0.0,0,0.0,0.0,0.0,0.09577620643835788
Sky Skimmer (blue),common,3,SEA029,"Mechanologist, Action, Attack",https://prod-content.fabrary.io/cards/SEA029.webp,h6kzb7mjjwrhQDDTnnJqF,Blue,3,0,2,3,,,,"Mechanologist, Action, Attack",,,Once per Turn Instant,Go again,,,,**Once per Turn Instant** - {t} a cog you control: This gets +1{p} or **go again**.,Mechanologist Action - Attack,,,,,,,123,0.27765237020316025,0.23717003278551108,2.4207852014652014,2.4347523450980395,2.1636648654232435,0.12131290820149909,0,0.0,0.0,0.0,123,1.0,0.8541977603575724,0.436313829330297,0,0.0,0.0,0.0,0,0.0,0.0,0.0,0.10907845733257425
Teeth of the Cog (red),common,1,SEA030,"Mechanologist, Action, Attack",https://prod-content.fabrary.io/cards/SEA030.webp,9fgDH76FTCT7NWzJmBRGk,Red,1,0,4,2,,,,"Mechanologist, Action, Attack",,Galvanize,,,,,,"**Galvanize** - When this defends, you may destroy an item you control. If you do, create a Golden Cog token.",Mechanologist Action - Attack,,,,,,,113,0.255079006772009,0.22048997012850852,2.4207852014652014,2.4347523450980395,2.1636648654232435,0.11145007013633657,0,0.0,0.0,0.0,113,0.9186991869918699,0.7941224127392623,0.40084116027905337,0,0.0,0.0,0.0,0,0.0,0.0,0.0,0.10021029006976334
Teeth of the Cog (yellow),common,2,SEA031,"Mechanologist, Action, Attack",https://prod-content.fabrary.io/cards/SEA031.webp,d7MbqP6qdjzHWbbJTzCfF,Yellow,2,0,3,2,,,,"Mechanologist, Action, Attack",,Galvanize,,,,,,"**Galvanize** - When this defends, you may destroy an item you control. If you do, create a Golden Cog token.",Mechanologist Action - Attack,,,,,,,66,0.1489841986455982,0.12741627900470073,2.4207852014652014,2.4347523450980395,2.1636648654232435,0.06509473123007269,0,0.0,0.0,0.0,66,0.5365853658536586,0.45890578535839366,0.23411961573820816,0,0.0,0.0,0.0,0,0.0,0.0,0.0,0.05852990393455204
Teeth of the Cog (blue),common,3,SEA032,"Mechanologist, Action, Attack",https://prod-content.fabrary.io/cards/SEA032.webp,Mphbggf6mpBbRJJb6dfgL,Blue,3,0,2,2,,,,"Mechanologist, Action, Attack",,Galvanize,,,,,,"**Galvanize** - When this defends, you may destroy an item you control. If you do, create a Golden Cog token.",Mechanologist Action - Attack,,,,,,,111,0.2505643340857788,0.21399554808034463,2.4207852014652014,2.4347523450980395,2.1636648654232435,0.10947750252330406,0,0.0,0.0,0.0,111,0.9024390243902439,0.7707319333300217,0.3937466264688046,0,0.0,0.0,0.0,0,0.0,0.0,0.0,0.09843665661720115
Tough Old Wrench (red),common,1,SEA033,"Mechanologist, Action, Attack",https://prod-content.fabrary.io/cards/SEA033.webp,KwphDpWLnJrjGGMGnJc9n,Red,1,2,6,2,,,,"Mechanologist, Action, Attack",,Galvanize,,,,,,"**Galvanize** - When this defends, you may destroy an item you control. If you do, create a Golden Cog token.",Mechanologist Action - Attack,,,,,,,98,0.22121896162528218,0.18825317175426196,2.4207852014652014,2.4347523450980395,2.1636648654232435,0.09665581303859276,0,0.0,0.0,0.0,98,0.7967479674796748,0.6780175210336427,0.3476321567021879,0,0.0,0.0,0.0,0,0.0,0.0,0.0,0.08690803917554697
Tough Old Wrench (yellow),common,2,SEA034,"Mechanologist, Action, Attack",https://prod-content.fabrary.io/cards/SEA034.webp,9dPrwcgFKcd8zk8PpwfRJ,Yellow,2,2,5,2,,,,"Mechanologist, Action, Attack",,Galvanize,,,,,,"**Galvanize** - When this defends, you may destroy an item you control. If you do, create a Golden Cog token.",Mechanologist Action - Attack,,,,,,,70,0.1580135440180587,0.1345505104813869,2.4207852014652014,2.4347523450980395,2.1636648654232435,0.06903986645613769,0,0.0,0.0,0.0,70,0.5691056910569106,0.4846006190508487,0.24830868335870562,0,0.0,0.0,0.0,0,0.0,0.0,0.0,0.062077170839676406
Tough Old Wrench (blue),common,3,SEA035,"Mechanologist, Action, Attack",https://prod-content.fabrary.io/cards/SEA035.webp,zLMWLzKGcdNnndTcD89gT,Blue,3,2,4,2,,,,"Mechanologist, Action, Attack",,Galvanize,,,,,,"**Galvanize** - When this defends, you may destroy an item you control. If you do, create a Golden Cog token.",Mechanologist Action - Attack,,,,,,,88,0.1986455981941309,0.16996231536395354,2.4207852014652014,2.4347523450980395,2.1636648654232435,0.08679297497343023,0,0.0,0.0,0.0,88,0.7154471544715447,0.6121406967986295,0.3121594876509442,0,0.0,0.0,0.0,0,0.0,0.0,0.0,0.07803987191273605
Goldwing Turbine (red),common,1,SEA036,"Mechanologist, Action",https://prod-content.fabrary.io/cards/SEA036.webp,8nwFDqnJ8nCHfBMLrwBnr,Red,1,2,,3,,,,"Mechanologist, Action",,,,,,,,"""Your next Mechanologist attack this turn gets +3{p}.",,,,,,,,141,0.3182844243792325,0.26789436787242815,2.4207852014652014,2.4347523450980395,3.139579792252512,0.11376993034940817,0,0.0,0.0,0.0,141,1.146341463414634,0.9648553249389078,0.4106120588819777,0,0.0,0.0,0.0,0,0.0,0.0,0.0,0.10265301472049443
Goldwing Turbine (yellow),common,2,SEA037,"Mechanologist, Action",https://prod-content.fabrary.io/cards/SEA037.webp,CwgjPFFG8MpkRF8ztzgFg,Yellow,2,2,,3,,,,"Mechanologist, Action",,,,,,,,"""Your next Mechanologist attack this turn gets +2{p}.",,,,,,,,134,0.30248306997742663,0.25700695033687565,2.4207852014652014,2.4347523450980395,3.139579792252512,0.10812177777887018,0,0.0,0.0,0.0,134,1.089430894308943,0.9256429186929749,0.39022706305095756,0,0.0,0.0,0.0,0,0.0,0.0,0.0,0.09755676576273939
Goldwing Turbine (blue),common,3,SEA038,"Mechanologist, Action",https://prod-content.fabrary.io/cards/SEA038.webp,tDL9LBtmCdmkrNnQzRhQ9,Blue,3,2,,3,,,,"Mechanologist, Action",,,,,,,,"""Your next Mechanologist attack this turn gets +1{p}.",,,,,,,,134,0.30248306997742663,0.2553832627734056,2.4207852014652014,2.4347523450980395,3.139579792252512,0.10812177777887018,0,0.0,0.0,0.0,134,1.089430894308943,0.9197950033221031,0.39022706305095756,0,0.0,0.0,0.0,0,0.0,0.0,0.0,0.09755676576273939
Draw Back the Hammer (red),common,1,SEA039,"Mechanologist, Action",https://prod-content.fabrary.io/cards/SEA039.webp,L9p7KwzTpjnpPGqjnDgqn,Red,1,1,,2,,,,"Mechanologist, Action",,Go again,,,,,,"""Your next Mechanologist attack this turn gets +4{p}.",,,,,,,,113,0.255079006772009,0.21716963576852405,2.4207852014652014,2.4347523450980395,2.1636648654232435,0.11145007013633657,0,0.0,0.0,0.0,113,0.9186991869918699,0.7821638101256598,0.40084116027905337,0,0.0,0.0,0.0,0,0.0,0.0,0.0,0.10021029006976334
Perk Up (red),common,1,SEA040,"Mechanologist, Action",https://prod-content.fabrary.io/cards/SEA040.webp,nrwKjjNcwNLF9KwWNLmHP,Red,1,1,,2,,,,"Mechanologist, Action",,Go again,,,,,,"""Your next Mechanologist attack this turn gets +4{p}.",,,,,,,,132,0.2979683972911964,0.252729991680379,2.4207852014652014,2.4347523450980395,2.1636648654232435,0.13018946246014537,0,0.0,0.0,0.0,132,1.0731707317073171,0.9102389131252674,0.46823923147641633,0,0.0,0.0,0.0,0,0.0,0.0,0.0,0.11705980786910408
Tighten the Screws (red),common,1,SEA041,"Mechanologist, Action",https://prod-content.fabrary.io/cards/SEA041.webp,pK8JkmbJz7PNtMJCLPTHN,Red,1,1,,2,,,,"Mechanologist, Action",,Go again,,,,,,"""Your next Mechanologist attack this turn gets +4{p}.",,,,,,,,111,0.2505643340857788,0.21211346334929448,2.4207852014652014,2.4347523450980395,2.1636648654232435,0.10947750252330406,0,0.0,0.0,0.0,111,0.9024390243902439,0.7639533679978655,0.3937466264688046,0,0.0,0.0,0.0,0,0.0,0.0,0.0,0.09843665661720115
Washed Up Wave,common,0,SEA046,"Pirate, Necromancer, Equipment, Arms",https://prod-content.fabrary.io/cards/SEA046.webp,QtHWQMww79tzzPLJfbQBp,,,,,0,,,,"Pirate, Necromancer, Equipment, Arms",,Blade Break,,,,,Watery Grave,"""When this defends, you may discard a card or destroy the top card of your deck. If that card has watery grave, this gets +2{d}.",,,,,,,,119,0.2686230248306998,0.0,1.6660106666666663,1.6660106666666663,1.7493112000000002,0.15714027962977012,0,0.0,0.0,0.0,0,0.0,0.0,0.0,119,0.6467391304347826,0.0,0.37772667427663675,0,0.0,0.0,0.0,0.09443166856915919
Blood in the Water (red),mythic,1,SEA047,"Pirate, Necromancer, Defense Reaction",https://prod-content.fabrary.io/cards/SEA047.webp,mhWb9WptjzMQtB99PWNBr,Red,1,0,,4,,,,"Pirate, Necromancer, Defense Reaction",,,,,,,Watery Grave,"When this defends, you may discard a card or destroy the top card of your deck. If that card has watery grave, this gets +2{d}.",Pirate Necromancer Defense Reaction,,,,No,No,,21,0.04740406320541761,0.03935335296174558,0.16806472727272725,0.1711010909090909,0.18980700478468898,0.2635890591867594,0,0.0,0.0,0.0,0,0.0,0.0,0.0,21,0.11413043478260869,0.09474747479376788,0.6331802166517475,0,0.0,0.0,0.0,0.15829505416293688
Chart the High Seas (blue),mythic,3,SEA048,"Pirate, Necromancer, Action",https://prod-content.fabrary.io/cards/SEA048.webp,jMMDM8cd7Dc8LdWWN7GzR,Blue,3,0,,3,,,,"Pirate, Necromancer, Action",,Go again,,,,,,"""Look at the top 2 cards of your deck. You may pitch a blue card from among them. Put the rest into your graveyard.",,,,,,,,4,0.009029345372460496,0.00802642765337312,0.16806472727272725,0.1711010909090909,0.18980700478468898,0.05020743984509703,0,0.0,0.0,0.0,0,0.0,0.0,0.0,4,0.021739130434782608,0.0193244970132842,0.12060575555271381,0,0.0,0.0,0.0,0.030151438888178454
Give No Quarter (blue),mythic,3,SEA049,"Pirate, Necromancer, Action",https://prod-content.fabrary.io/cards/SEA049.webp,dMBRGmmzWTNGjDRbRMzMn,Blue,3,0,,3,,,,"Pirate, Necromancer, Action",,Go again,,,,,,"""The next 2 ally cards with watery grave you play this turn cost {r}{r}{r} less to play.",,,,,,,,12,0.02708803611738149,0.022632868033283158,0.16806472727272725,0.1711010909090909,0.18980700478468898,0.1506223195352911,0,0.0,0.0,0.0,0,0.0,0.0,0.0,12,0.06521739130434782,0.05449108988448065,0.3618172666581414,0,0.0,0.0,0.0,0.09045431666453535
"Chum, Friendly First Mate (yellow)",mythic,2,SEA050,"Pirate, Necromancer, Action, Ally",https://prod-content.fabrary.io/cards/SEA050.webp,mwBrbdjPn7h8nPpCNzpMR,Yellow,2,4,4,,6,,,"Pirate, Necromancer, Action, Ally",,Watery Grave,"Action, Instant",Attack,,,Watery Grave,"""**Action** - {t}: **Attack**",,,,,,,,21,0.04740406320541761,0.039844406081503275,0.16806472727272725,0.13770109090909088,0.18980700478468898,0.27085636733566953,0,0.0,0.0,0.0,0,0.0,0.0,0.0,21,0.11413043478260869,0.09592973855492364,0.6383228419488861,0,0.0,0.0,0.0,0.15958071048722153
Moray le Fay (yellow),mythic,2,SEA051,"Pirate, Necromancer, Action, Ally",https://prod-content.fabrary.io/cards/SEA051.webp,HNFBzNgGjf6JnH9h6PKFJ,Yellow,2,0,0,,3,,,"Pirate, Necromancer, Action, Ally",,Watery Grave,"Action, Instant",Attack,,,,"""**Action** - {t}: **Attack**",,,,,,,,5,0.011286681715575621,0.009460120650223629,0.16806472727272725,0.13770109090909088,0.18980700478468898,0.06448961127039751,0,0.0,0.0,0.0,0,0.0,0.0,0.0,5,0.02717391304347826,0.02277626873939711,0.15198162903544907,0,0.0,0.0,0.0,0.03799540725886227
Wailer Humperdinck (yellow),mythic,2,SEA052,"Pirate, Necromancer, Action, Ally",https://prod-content.fabrary.io/cards/SEA052.webp,jqwmB7FLCpBPgTJz9ztGJ,Yellow,2,6,11,,7,,,"Pirate, Necromancer, Action, Ally",,Watery Grave,"Action, Instant",Attack,,,,"""**Action** - {r}{r}{r} {r}{r}{r}, {t}: **Attack**",,,,,,,,10,0.022573363431151242,0.019171999363777142,0.16806472727272725,0.13770109090909088,0.18980700478468898,0.12897922254079502,0,0.0,0.0,0.0,0,0.0,0.0,0.0,10,0.05434782608695652,0.04615867238126779,0.30396325807089813,0,0.0,0.0,0.0,0.07599081451772453
Board the Ship (red),rare,1,SEA053,"Pirate, Necromancer, Action, Attack",https://prod-content.fabrary.io/cards/SEA053.webp,nGCNDPFfPdhBFqBQBPWwk,Red,1,2,6,3,,,,"Pirate, Necromancer, Action, Attack",,Overpower,,,,,,"When this attacks, you may {t} an ally you control. If you do, this gets **overpower**.",Pirate Necromancer Action - Attack,,,,,No,,44,0.09932279909706546,0.08301911748206114,0.7582363511904764,0.762198275,0.7975172199921293,0.12745268668695647,0,0.0,0.0,0.0,0,0.0,0.0,0.0,44,0.2391304347826087,0.19987754915517983,0.30650522660886953,0,0.0,0.0,0.0,0.07662630665221738
Paddle Faster (red),rare,1,SEA054,"Pirate, Necromancer, Action, Attack",https://prod-content.fabrary.io/cards/SEA054.webp,PJQgmWWftPgbC9Nz7zzKD,Red,1,0,4,3,,,,"Pirate, Necromancer, Action, Attack",,Go again,,,,,,"When this attacks, you may {t} an ally you control. If you do, this gets **go again**.",Pirate Necromancer Action - Attack,,,,,No,,43,0.09706546275395034,0.08113636327133729,0.7582363511904764,0.762198275,0.7975172199921293,0.12455603471679838,0,0.0,0.0,0.0,0,0.0,0.0,0.0,43,0.23369565217391305,0.19534461374566534,0.29953919873139523,0,0.0,0.0,0.0,0.07488479968284881
Hoist 'Em Up (red),rare,1,SEA055,"Pirate, Necromancer, Block",https://prod-content.fabrary.io/cards/SEA055.webp,rLgf6HdKBBDFTcJrkwgtT,Red,1,,,4,,,,"Pirate, Necromancer, Block",,,,,,,,"When this defends, you may {t} an ally you control. If you do, this gets +1{d}.",Pirate Necromancer Block,,,,,No,,54,0.12189616252821671,0.10145906710544804,0.7582363511904764,0.762198275,0.7975172199921293,0.15641920638853749,0,0.0,0.0,0.0,0,0.0,0.0,0.0,54,0.29347826086956524,0.24427373221583415,0.3761655053836126,0,0.0,0.0,0.0,0.09404137634590315
Avast Ye! (blue),rare,3,SEA056,"Pirate, Necromancer, Action",https://prod-content.fabrary.io/cards/SEA056.webp,9hfD6tJzWCzbTMBnzgnBL,Blue,3,0,,3,,,,"Pirate, Necromancer, Action",,Go again,,,Go again,,,"""Your next Pirate ally attack this turn gets **go again** and """"When this hits a hero, create a Gold token.""""",,,,,,,,66,0.1489841986455982,0.12514940740493574,0.7582363511904764,0.762198275,0.7975172199921293,0.1911790300304347,0,0.0,0.0,0.0,0,0.0,0.0,0.0,66,0.358695652173913,0.3013108015238399,0.45975783991330427,0,0.0,0.0,0.0,0.11493945997832607
Heave Ho! (blue),rare,3,SEA057,"Pirate, Necromancer, Action",https://prod-content.fabrary.io/cards/SEA057.webp,6HTFGH8fzF8THpGNjpmHR,Blue,3,0,,3,,,,"Pirate, Necromancer, Action",,Go again,,,Overpower,,,"""Your next Pirate ally attack this turn gets **overpower** and """"When this hits a hero, create a Gold token.""""",,,,,,,,47,0.10609480812641084,0.08838119845486343,0.7582363511904764,0.762198275,0.7975172199921293,0.13614264259743078,0,0.0,0.0,0.0,0,0.0,0.0,0.0,47,0.2554347826086957,0.21278734193208967,0.32740331024129243,0,0.0,0.0,0.0,0.08185082756032311
Yo Ho Ho! (blue),rare,3,SEA058,"Pirate, Necromancer, Action",https://prod-content.fabrary.io/cards/SEA058.webp,PGQMRR7h9kBt98fnhgnNt,Blue,3,0,,3,,,,"Pirate, Necromancer, Action",,Go again,,,,,,"""Your next Pirate ally attack this turn gets +1{p} and """"When this hits a hero, create a Gold token.""""",,,,,,,,66,0.1489841986455982,0.12502619781069765,0.7582363511904764,0.762198275,0.7975172199921293,0.1911790300304347,0,0.0,0.0,0.0,0,0.0,0.0,0.0,66,0.358695652173913,0.3010141610333644,0.45975783991330427,0,0.0,0.0,0.0,0.11493945997832607
"Kelpie, Tangled Mess (yellow)",rare,2,SEA059,"Pirate, Necromancer, Action, Ally",https://prod-content.fabrary.io/cards/SEA059.webp,QCKrPkcL9crDhmNhQTnPc,Yellow,2,0,1,,3,,,"Pirate, Necromancer, Action, Ally",,Watery Grave,Action,"Attack, Go again",,,,"""**Action** - {t}: **Attack**",,,,,,,,39,0.08803611738148984,0.07398349609023136,0.7582363511904764,0.6789978750000002,0.7975172199921293,0.11473918310795374,0,0.0,0.0,0.0,0,0.0,0.0,0.0,39,0.21195652173913043,0.17812330852158964,0.27294060648882795,0,0.0,0.0,0.0,0.06823515162220699
"Limpit, Hop-a-long (yellow)",rare,2,SEA060,"Pirate, Necromancer, Action, Ally",https://prod-content.fabrary.io/cards/SEA060.webp,cw7GLPjtPFqMHJthzJCbw,Yellow,2,0,2,,1,,,"Pirate, Necromancer, Action, Ally",,Watery Grave,Action,"Attack, Go again",,,,"""**Action** - {r}, {t}: **Attack**. **Go again**",,,,,,,,56,0.12641083521444696,0.10744414603270835,0.7582363511904764,0.6789978750000002,0.7975172199921293,0.16475369882167715,0,0.0,0.0,0.0,0,0.0,0.0,0.0,56,0.30434782608695654,0.25868346028527067,0.3919147170095991,0,0.0,0.0,0.0,0.09797867925239978
"Scooba, Salty Sea Dog (yellow)",rare,2,SEA061,"Pirate, Necromancer, Action, Ally",https://prod-content.fabrary.io/cards/SEA061.webp,9PJ9CMqcgnDMFTR7WW8wq,Yellow,2,0,4,,4,,,"Pirate, Necromancer, Action, Ally",,Watery Grave,Action,Attack,,,,"""**Action** - {r}{r}{r}, {t}: **Attack**",,,,,,,,69,0.15575620767494355,0.12930742041177262,0.7582363511904764,0.6789978750000002,0.7975172199921293,0.20300009319099507,0,0.0,0.0,0.0,0,0.0,0.0,0.0,69,0.375,0.31132166979573517,0.4828949191725418,0,0.0,0.0,0.0,0.12072372979313545
Angry Bones (red),common,1,SEA062,"Pirate, Necromancer, Action, Attack",https://prod-content.fabrary.io/cards/SEA062.webp,kQ6FBdQthJqphzBCzPcB9,Red,1,2,6,3,,,,"Pirate, Necromancer, Action, Attack",,,,,,,Watery Grave,"When this attacks, you may discard a card or destroy the top card of your deck. If that card has watery grave, this gets +1{p}.",Pirate Necromancer Action - Attack,,,,,,,128,0.28893905191873587,0.2405684932095857,2.419791868131868,2.4337590117647063,2.2115666117647073,0.1249070929632441,0,0.0,0.0,0.0,0,0.0,0.0,0.0,128,0.6956521739130435,0.5791947961513395,0.3018053158826215,0,0.0,0.0,0.0,0.07545132897065537
Angry Bones (yellow),common,2,SEA063,"Pirate, Necromancer, Action, Attack",https://prod-content.fabrary.io/cards/SEA063.webp,jGn7mnKcjTLRfgQH9kChJ,Yellow,2,2,5,3,,,,"Pirate, Necromancer, Action, Attack",,,,,,,Watery Grave,"When this attacks, you may discard a card or destroy the top card of your deck. If that card has watery grave, this gets +1{p}.",Pirate Necromancer Action - Attack,,,,,,,113,0.255079006772009,0.21083555429980116,2.419791868131868,2.4337590117647063,2.2115666117647073,0.11026954300661394,0,0.0,0.0,0.0,0,0.0,0.0,0.0,113,0.6141304347826086,0.5076095138848473,0.2664375054276268,0,0.0,0.0,0.0,0.0666093763569067
Angry Bones (blue),common,3,SEA064,"Pirate, Necromancer, Action, Attack",https://prod-content.fabrary.io/cards/SEA064.webp,7MCWwM6pBCDcRdFRmTJRC,Blue,3,2,4,3,,,,"Pirate, Necromancer, Action, Attack",,,,,,,Watery Grave,"When this attacks, you may discard a card or destroy the top card of your deck. If that card has watery grave, this gets +1{p}.",Pirate Necromancer Action - Attack,,,,,,,198,0.4469525959367946,0.3761401793556351,2.419791868131868,2.4337590117647063,3.2114324117647053,0.1576771247619022,0,0.0,0.0,0.0,0,0.0,0.0,0.0,198,1.076086956521739,0.9055983666007954,0.37635374990131526,0,0.0,0.0,0.0,0.09408843747532881
Burly Bones (red),common,1,SEA065,"Pirate, Necromancer, Action, Attack",https://prod-content.fabrary.io/cards/SEA065.webp,BdPrJgdgHTBcQ6gd7RTGc,Red,1,2,6,3,,,,"Pirate, Necromancer, Action, Attack",,Overpower,,,,,Watery Grave,"When this attacks, you may discard a card or destroy the top card of your deck. If that card has watery grave, this gets **overpower**.",Pirate Necromancer Action - Attack,,,,,,,129,0.291196388261851,0.2430251272179591,2.419791868131868,2.4337590117647063,2.2115666117647073,0.12588292962701947,0,0.0,0.0,0.0,0,0.0,0.0,0.0,129,0.7010869565217391,0.5851094095519341,0.3041631699129545,0,0.0,0.0,0.0,0.07604079247823863
Burly Bones (yellow),common,2,SEA066,"Pirate, Necromancer, Action, Attack",https://prod-content.fabrary.io/cards/SEA066.webp,rBJ7nHKTc9W6d6P8hK7BQ,Yellow,2,2,5,3,,,,"Pirate, Necromancer, Action, Attack",,Overpower,,,,,Watery Grave,"When this attacks, you may discard a card or destroy the top card of your deck. If that card has watery grave, this gets **overpower**.",Pirate Necromancer Action - Attack,,,,,,,103,0.2325056433408578,0.194944597853928,2.419791868131868,2.4337590117647063,2.2115666117647073,0.10051117636886049,0,0.0,0.0,0.0,0,0.0,0.0,0.0,103,0.5597826086956522,0.4693503089635332,0.242858965124297,0,0.0,0.0,0.0,0.06071474128107425
Burly Bones (blue),common,3,SEA067,"Pirate, Necromancer, Action, Attack",https://prod-content.fabrary.io/cards/SEA067.webp,hCT6MJC6bWrdHTmCjJfF6,Blue,3,2,4,3,,,,"Pirate, Necromancer, Action, Attack",,Overpower,,,,,Watery Grave,"When this attacks, you may discard a card or destroy the top card of your deck. If that card has watery grave, this gets **overpower**.",Pirate Necromancer Action - Attack,,,,,,,144,0.32505643340857787,0.27232753906151286,2.419791868131868,2.4337590117647063,2.2115666117647073,0.14052047958364963,0,0.0,0.0,0.0,0,0.0,0.0,0.0,144,0.782608695652174,0.6556581511100554,0.3395309803679492,0,0.0,0.0,0.0,0.0848827450919873
Jittery Bones (red),common,1,SEA068,"Pirate, Necromancer, Action, Attack",https://prod-content.fabrary.io/cards/SEA068.webp,FBWddcQRCcJm9mqLNdwtW,Red,1,0,4,3,,,,"Pirate, Necromancer, Action, Attack",,Go again,,,,,Watery Grave,"When this attacks, you may discard a card or destroy the top card of your deck. If that card has watery grave, this gets **go again**.",Pirate Necromancer Action - Attack,,,,,,,175,0.39503386004514673,0.3320227934922115,2.419791868131868,2.4337590117647063,2.2115666117647073,0.1707714161606853,0,0.0,0.0,0.0,0,0.0,0.0,0.0,175,0.9510869565217391,0.7993809647665744,0.4126244553082716,0,0.0,0.0,0.0,0.1031561138270679
Jittery Bones (yellow),common,2,SEA069,"Pirate, Necromancer, Action, Attack",https://prod-content.fabrary.io/cards/SEA069.webp,CRn7J9kmnRCDPDRKbckQQ,Yellow,2,0,3,3,,,,"Pirate, Necromancer, Action, Attack",,Go again,,,,,Watery Grave,"When this attacks, you may discard a card or destroy the top card of your deck. If that card has watery grave, this gets **go again**.",Pirate Necromancer Action - Attack,,,,,,,102,0.23024830699774265,0.19240016334887805,2.419791868131868,2.4337590117647063,2.2115666117647073,0.09953533970508516,0,0.0,0.0,0.0,0,0.0,0.0,0.0,102,0.5543478260869565,0.46322430632365746,0.240501111093964,0,0.0,0.0,0.0,0.060125277773491
Jittery Bones (blue),common,3,SEA070,"Pirate, Necromancer, Action, Attack",https://prod-content.fabrary.io/cards/SEA070.webp,GTNzDNDpq96bffrF66DPG,Blue,3,0,2,3,,,,"Pirate, Necromancer, Action, Attack",,Go again,,,,,Watery Grave,"When this attacks, you may discard a card or destroy the top card of your deck. If that card has watery grave, this gets **go again**.",Pirate Necromancer Action - Attack,,,,,,,196,0.44243792325056436,0.367869669373834,2.419791868131868,2.4337590117647063,3.2114324117647053,0.156084426531984,0,0.0,0.0,0.0,0,0.0,0.0,0.0,196,1.065217391304348,0.8856862148511329,0.372552196872009,0,0.0,0.0,0.0,0.09313804921800226
Restless Bones (red),common,1,SEA071,"Pirate, Necromancer, Action, Attack",https://prod-content.fabrary.io/cards/SEA071.webp,DrDF9kFdf8r9M7chBwcK6,Red,1,2,6,3,,,,"Pirate, Necromancer, Action, Attack",,Go again,,,,,Watery Grave,"When this attacks, you may discard a card or destroy the top card of your deck. If that card has watery grave, this gets **go again**.",Pirate Necromancer Action - Attack,,,,,,,163,0.36794582392776526,0.3102954131265886,2.419791868131868,2.4337590117647063,2.2115666117647073,0.1590613761953812,0,0.0,0.0,0.0,0,0.0,0.0,0.0,163,0.8858695652173914,0.7470699348645584,0.38433020694427583,0,0.0,0.0,0.0,0.09608255173606896
Restless Bones (yellow),common,2,SEA072,"Pirate, Necromancer, Action, Attack",https://prod-content.fabrary.io/cards/SEA072.webp,7kCDQpqnLkNbQmzzkcJcz,Yellow,2,2,5,3,,,,"Pirate, Necromancer, Action, Attack",,Go again,,,,,Watery Grave,"When this attacks, you may discard a card or destroy the top card of your deck. If that card has watery grave, this gets **go again**.",Pirate Necromancer Action - Attack,,,,,,,132,0.2979683972911964,0.24699911554115922,2.419791868131868,2.4337590117647063,2.2115666117647073,0.12881043961834548,0,0.0,0.0,0.0,0,0.0,0.0,0.0,132,0.717391304347826,0.594677218395291,0.3112367320039534,0,0.0,0.0,0.0,0.07780918300098835
Restless Bones (blue),common,3,SEA073,"Pirate, Necromancer, Action, Attack",https://prod-content.fabrary.io/cards/SEA073.webp,G6qbqK8tRPRF7dMhBRf7C,Blue,3,2,4,3,,,,"Pirate, Necromancer, Action, Attack",,Go again,,,,,Watery Grave,"When this attacks, you may discard a card or destroy the top card of your deck. If that card has watery grave, this gets **go again**.",Pirate Necromancer Action - Attack,,,,,,,228,0.5146726862302483,0.43307912617074235,2.419791868131868,2.4337590117647063,3.2114324117647053,0.18156759821067525,0,0.0,0.0,0.0,0,0.0,0.0,0.0,228,1.2391304347826086,1.0426850700741241,0.4333770453409085,0,0.0,0.0,0.0,0.10834426133522712
Barnacle (yellow),common,2,SEA074,"Pirate, Necromancer, Action, Ally",https://prod-content.fabrary.io/cards/SEA074.webp,bmQzdmzHNfjGj6Qtf9cbJ,Yellow,2,2,4,,3,,,"Pirate, Necromancer, Action, Ally",,Watery Grave,Action,Attack,,,,"""**Action** - {t}: **Attack**",,,,,,,,148,0.3340857787810384,0.281472310572784,2.419791868131868,2.221924,1.9997316,0.15380293360967395,0,0.0,0.0,0.0,0,0.0,0.0,0.0,148,0.8043478260869565,0.6776751825203441,0.36924985650808556,0,0.0,0.0,0.0,0.09231246412702139
"Chowder, Hearty Cook (yellow)",common,2,SEA075,"Pirate, Necromancer, Action, Ally",https://prod-content.fabrary.io/cards/SEA075.webp,99R9wJLnb9BPbM6WjttDq,Yellow,2,3,3,,3,,,"Pirate, Necromancer, Action, Ally",,Watery Grave,"Action, Instant",Attack,,,,"""**Action** - {t}: **Attack**",,,,,,,,143,0.3227990970654628,0.27012785270296813,2.419791868131868,2.221924,1.9997316,0.14860688855529308,0,0.0,0.0,0.0,0,0.0,0.0,0.0,143,0.7771739130434783,0.6503621671055156,0.3567751991936232,0,0.0,0.0,0.0,0.0891937997984058
"Cutty Shark, Quick Clip (yellow)",common,2,SEA076,"Pirate, Necromancer, Action, Ally",https://prod-content.fabrary.io/cards/SEA076.webp,zFb8FTK6fL7wtcRdcR8gj,Yellow,2,1,3,,4,,,"Pirate, Necromancer, Action, Ally",,Watery Grave,"Action, Once per Turn Action","Attack, Go again",,,,"""**Action** - {r}, {t}: **Attack**",,,,,,,,187,0.4221218961625282,0.3504835195763399,2.419791868131868,2.221924,2.9995974000000007,0.15671625549320634,0,0.0,0.0,0.0,0,0.0,0.0,0.0,187,1.016304347826087,0.8438271694147749,0.37191805846535836,0,0.0,0.0,0.0,0.09297951461633959
Riggermortis (yellow),common,2,SEA077,"Pirate, Necromancer, Action, Ally",https://prod-content.fabrary.io/cards/SEA077.webp,jrGCfgFzjRwjWMNCCPzmc,Yellow,2,1,6,,1,,,"Pirate, Necromancer, Action, Ally",,Watery Grave,Action,Attack,,,,"""**Action** - {r}, {t}: **Attack**",,,,,,,,178,0.4018058690744921,0.3386553880730721,2.419791868131868,2.221924,1.9997316,0.18497920393595924,0,0.0,0.0,0.0,0,0.0,0.0,0.0,178,0.967391304347826,0.8153496571541899,0.4440978003948597,0,0.0,0.0,0.0,0.11102445009871492
"Shelly, Hardened Traveler (yellow)",common,2,SEA078,"Pirate, Necromancer, Action, Ally",https://prod-content.fabrary.io/cards/SEA078.webp,rc7mWBhpMFfgWcfhmTJCN,Yellow,2,2,4,,5,,,"Pirate, Necromancer, Action, Ally",,Watery Grave,"Action, Instant",,,,,"""**Action** - {r}{r}{r}, {t}: **Attack**",,,,,,,,124,0.2799097065462754,0.23220006382259442,2.419791868131868,2.221924,1.9997316,0.12886191734864574,0,0.0,0.0,0.0,0,0.0,0.0,0.0,124,0.6739130434782609,0.5590468927902681,0.3093715013986663,0,0.0,0.0,0.0,0.07734287534966658
Swabbie (yellow),common,2,SEA079,"Pirate, Necromancer, Action, Ally",https://prod-content.fabrary.io/cards/SEA079.webp,HqbJGrbMPHJQWPhN8kcFd,Yellow,2,3,7,,3,,,"Pirate, Necromancer, Action, Ally",,Watery Grave,Action,Attack,,,,"""**Action** - {r}{r}, {t}: **Attack**",,,,,,,,185,0.417607223476298,0.35074765436601474,2.419791868131868,2.221924,1.9997316,0.19225366701209246,0,0.0,0.0,0.0,0,0.0,0.0,0.0,185,1.0054347826086956,0.8444631026312203,0.461562320635107,0,0.0,0.0,0.0,0.11539058015877675
Head Stone,common,0,SEA081,"Necromancer, Equipment, Head",https://prod-content.fabrary.io/cards/SEA081.webp,Pm8jQMDcJhBnT8wj6rwFD,,,,,1,,,,"Necromancer, Equipment, Head",,Battleworn,,,,,,"""**Instant** - Destroy this: Destroy the top card of your deck.",,,,,,,,118,0.26636568848758463,0.0,1.6660106666666663,1.6660106666666663,1.7493112000000002,0.15581977307825945,0,0.0,0.0,0.0,0,0.0,0.0,0.0,118,0.6413043478260869,0.0,0.37455250054321965,0,0.0,0.0,0.0,0.09363812513580491
King Kraken Harpoon (red),mythic,1,SEA085,"Pirate, Ranger, Action, Arrow, Attack",https://prod-content.fabrary.io/cards/SEA085.webp,pnjKtMh8BcRHL8NJkFWpL,Red,1,2,6,3,,,,"Pirate, Ranger, Action, Arrow, Attack",,Go Fish,,,,,,"**Go Fish** - When this hits a hero, they choose and reveal a card from their hand. If it's a non-attack action card, they discard it and you create a Gold token. If you've activated a cannon this turn, instead look at their hand and you choose the card.",Pirate Ranger Action - Arrow Attack,,,,No,No,,16,0.03611738148984198,0.03145818618194653,0.16806472727272725,0.1711010909090909,0.18980700478468898,0.2008297593803881,16,0.1415929203539823,0.12332722547435677,0.7873162315389601,0,0.0,0.0,0.0,0,0.0,0.0,0.0,0,0.0,0.0,0.0,0.19682905788474003
King Shark Harpoon (red),mythic,1,SEA086,"Pirate, Ranger, Action, Arrow, Attack",https://prod-content.fabrary.io/cards/SEA086.webp,TGmtp7HrQ86JjWhcMfgrh,Red,1,2,6,3,,,,"Pirate, Ranger, Action, Arrow, Attack",,Go Fish,,,,,,"**Go Fish** - When this hits a hero, they choose and reveal a card from their hand. If it's an attack action card, they discard it and you create a Gold token. If you've activated a cannon this turn, instead look at their hand and you choose the card.",Pirate Ranger Action - Arrow Attack,,,,No,No,,13,0.029345372460496615,0.024172241425139972,0.16806472727272725,0.1711010909090909,0.18980700478468898,0.16317417949656535,13,0.11504424778761062,0.09476374293218591,0.6396944381254052,0,0.0,0.0,0.0,0,0.0,0.0,0.0,0,0.0,0.0,0.0,0.1599236095313513
Big Game Trophy Shot (yellow),mythic,2,SEA087,"Pirate, Ranger, Action",https://prod-content.fabrary.io/cards/SEA087.webp,mcWPGtmMHtkG7RrMpnKgq,Yellow,2,2,,3,,,,"Pirate, Ranger, Action",,Go again,,,,,,"""Your next arrow attack this turn gets +4{p}. If it has harpoon in its name, it gets """"When this hits a hero, create a Gold token.""""",,,,,,,,10,0.022573363431151242,0.019576731693530643,0.16806472727272725,0.1711010909090909,0.18980700478468898,0.1255185996127426,10,0.08849557522123894,0.0767477180551688,0.4920726447118501,0,0.0,0.0,0.0,0,0.0,0.0,0.0,0,0.0,0.0,0.0,0.12301816117796252
Gold the Tip (yellow),mythic,2,SEA088,"Pirate, Ranger, Action",https://prod-content.fabrary.io/cards/SEA088.webp,f9RrDh96NLGChKKrC9JGK,Yellow,2,0,,2,,,,"Pirate, Ranger, Action",,Go again,,,,,,"""Your next arrow attack this turn gets +3{p}.",,,,,,,,6,0.013544018058690745,0.01158519047909567,0.16806472727272725,0.1711010909090909,0.18980700478468898,0.07531115976764555,6,0.05309734513274336,0.045418047630437004,0.29524358682711005,0,0.0,0.0,0.0,0,0.0,0.0,0.0,0,0.0,0.0,0.0,0.07381089670677751
Blue Fin Harpoon (blue),rare,3,SEA089,"Pirate, Ranger, Action, Arrow, Attack",https://prod-content.fabrary.io/cards/SEA089.webp,KtQQggkn6LkFz7dGHNLWj,Blue,3,2,4,3,,,,"Pirate, Ranger, Action, Arrow, Attack",,Go Fish,,,,,,"**Go Fish** - When this hits a hero, they choose and reveal a card from their hand. If it's blue, they discard it and you create a Gold token. If you've activated a cannon this turn, instead look at their hand and you choose the card.",Pirate Ranger Action - Arrow Attack,,,,,No,,41,0.09255079006772009,0.0786069164859159,0.7582363511904764,0.762198275,0.7975172199921293,0.11876273077648217,41,0.36283185840707965,0.3081669380819535,0.465643873267606,0,0.0,0.0,0.0,0,0.0,0.0,0.0,0,0.0,0.0,0.0,0.1164109683169015
Red Fin Harpoon (blue),rare,3,SEA090,"Pirate, Ranger, Action, Arrow, Attack",https://prod-content.fabrary.io/cards/SEA090.webp,tnznnMJqJfzTqCn8QBgBz,Blue,3,2,4,3,,,,"Pirate, Ranger, Action, Arrow, Attack",,Go Fish,,,,,,"**Go Fish** - When this hits a hero, they choose and reveal a card from their hand. If it's red, they discard it and you create a Gold token. If you've activated a cannon this turn, instead look at their hand and you choose the card.",Pirate Ranger Action - Arrow Attack,,,,,No,,35,0.07900677200902935,0.06658812997887384,0.7582363511904764,0.762198275,0.7975172199921293,0.10138281895553355,35,0.30973451327433627,0.261049040536647,0.3975008674235661,0,0.0,0.0,0.0,0,0.0,0.0,0.0,0,0.0,0.0,0.0,0.09937521685589153
Yellow Fin Harpoon (blue),rare,3,SEA091,"Pirate, Ranger, Action, Arrow, Attack",https://prod-content.fabrary.io/cards/SEA091.webp,QMr7k6cBWr6PJNDFFWgFw,Blue,3,2,4,3,,,,"Pirate, Ranger, Action, Arrow, Attack",,Go Fish,,,,,,"**Go Fish** - When this hits a hero, they choose and reveal a card from their hand. If it's yellow, they discard it and you create a Gold token. If you've activated a cannon this turn, instead look at their hand and you choose the card.",Pirate Ranger Action - Arrow Attack,,,,,No,,40,0.09029345372460497,0.07703819293502986,0.7582363511904764,0.762198275,0.7975172199921293,0.11586607880632407,40,0.35398230088495575,0.30201698646210823,0.4542867056269327,0,0.0,0.0,0.0,0,0.0,0.0,0.0,0,0.0,0.0,0.0,0.11357167640673317
Rusty Harpoon (blue),common,3,SEA092,"Pirate, Ranger, Action, Arrow, Attack",https://prod-content.fabrary.io/cards/SEA092.webp,CMbMkj6F86Kj9kPKNBwPN,Blue,3,0,1,3,,,,"Pirate, Ranger, Action, Arrow, Attack",,,,,,,,,Pirate Ranger Action - Arrow Attack,,,,,,,111,0.2505643340857788,0.21333223294802744,2.4196932014652024,2.4336603450980396,2.211477811764707,0.10832224904393764,111,0.9823008849557522,0.8363378689909394,0.4241982825454062,0,0.0,0.0,0.0,0,0.0,0.0,0.0,0,0.0,0.0,0.0,0.10604957063635155
Patch the Hole,common,0,SEA096,"Ranger, Equipment, Head",https://prod-content.fabrary.io/cards/SEA096.webp,nJMKbnPpBCWztRhwhngTw,,,,,0,,,,"Ranger, Equipment, Head",,,Instant,,,,,**Instant** - Destroy this: Return a card from your arsenal to your hand.,Ranger Equipment - Head,,,,,,,42,0.09480812641083522,0.0,1.6660106666666663,1.6660106666666663,1.7493112000000002,0.05546127516344828,42,0.37168141592920356,0.0,0.21751443162679393,0,0.0,0.0,0.0,0,0.0,0.0,0.0,0,0.0,0.0,0.0,0.05437860790669848
Glidewell Fins,common,0,SEA097,"Ranger, Equipment, Arms",https://prod-content.fabrary.io/cards/SEA097.webp,N8krkMtHG86TBmG8Fp69t,,,,,1,,,,"Ranger, Equipment, Arms",,Battleworn,,,,,,"""**Action** - {r}, destroy this: Put an arrow from your hand face-up into your arsenal. It gets +1{p} this turn. **Go again**",,,,,,,,75,0.16930022573363432,0.0,1.6660106666666663,1.6660106666666663,1.7493112000000002,0.09903799136330049,75,0.6637168141592921,0.0,0.38841862790498916,0,0.0,0.0,0.0,0,0.0,0.0,0.0,0,0.0,0.0,0.0,0.09710465697624729
Barbed Barrage (red),mythic,1,SEA098,"Ranger, Action, Arrow, Attack",https://prod-content.fabrary.io/cards/SEA098.webp,qbkqDjRTCdJznpTWt8j67,Red,1,1,5,3,,,,"Ranger, Action, Arrow, Attack",,,,,,,,"As an additional cost to play this, you may pay {r}{r}{r}. If you do, this attacks an additional target.",Ranger Action - Arrow Attack,,,,No,No,,8,0.01805869074492099,0.015145157498430633,0.16806472727272725,0.1711010909090909,0.18980700478468898,0.10041487969019405,8,0.07079646017699115,0.059374378511546644,0.39365811576948007,0,0.0,0.0,0.0,0,0.0,0.0,0.0,0,0.0,0.0,0.0,0.09841452894237002
Return Fire (red),mythic,1,SEA099,"Ranger, Block",https://prod-content.fabrary.io/cards/SEA099.webp,CDPwNh676DmWHj7dJzD6N,Red,1,,,4,,,,"Ranger, Block",,,,,,,,"When this defends, you may banish an arrow from your hand. If you do, at the start of your next turn, put it face-up into your arsenal and it gets +3{p} until end of turn.",Ranger Block,,,,No,No,,8,0.01805869074492099,0.015168996776160848,0.16806472727272725,0.1711010909090909,0.18980700478468898,0.10041487969019405,8,0.07079646017699115,0.05946783691893146,0.39365811576948007,0,0.0,0.0,0.0,0,0.0,0.0,0.0,0,0.0,0.0,0.0,0.09841452894237002
Drop the Anchor (red),rare,1,SEA100,"Ranger, Action",https://prod-content.fabrary.io/cards/SEA100.webp,nzhkqMtnDtP7HP8NRWpTP,Red,1,0,,2,,,,"Ranger, Action",,Go again,,,,,,"""Your next arrow attack this turn gets +3{p} and """"When this hits a hero, {t} them and all allies they control.""""",,,,,,,,29,0.0654627539503386,0.05371076523121753,0.7582363511904764,0.762198275,0.7975172199921293,0.08400290713458496,29,0.25663716814159293,0.21056521236663156,0.3293578615795262,0,0.0,0.0,0.0,0,0.0,0.0,0.0,0,0.0,0.0,0.0,0.08233946539488154
Fire in the Hole (red),rare,1,SEA101,"Ranger, Action",https://prod-content.fabrary.io/cards/SEA101.webp,qnr8rHRmfzBbrgbjM9GjG,Red,1,0,,2,,,,"Ranger, Action",,Go again,,,,,,"""Your next arrow attack this turn gets +3{p}.",,,,,,,,30,0.06772009029345373,0.056764585522164006,0.7582363511904764,0.762198275,0.7975172199921293,0.08689955910474305,30,0.26548672566371684,0.22253726890547482,0.34071502922019953,0,0.0,0.0,0.0,0,0.0,0.0,0.0,0,0.0,0.0,0.0,0.08517875730504988
Monkey Powder (red),rare,1,SEA102,"Ranger, Action",https://prod-content.fabrary.io/cards/SEA102.webp,qrzhp6bWn7rbTFt9fHw7k,Red,1,3,,2,,,,"Ranger, Action",,Go again,,,Overpower,,,"""Your next arrow attack this turn gets +1{p} and **overpower**.",,,,,,,,24,0.05417607223476298,0.0449862830912782,0.7582363511904764,0.762198275,0.7975172199921293,0.06951964728379444,24,0.21238938053097345,0.17636215406580746,0.2725720233761596,0,0.0,0.0,0.0,0,0.0,0.0,0.0,0,0.0,0.0,0.0,0.0681430058440399
Hook (blue),rare,3,SEA103,"Ranger, Action",https://prod-content.fabrary.io/cards/SEA103.webp,9tPpWpwwJdjzdcBppcpQq,Blue,3,0,,3,,,,"Ranger, Action",,Go again,,,,,,"""Look at the top card of your deck. If it's an arrow, you may put it face-up into your arsenal. If you do, it gets +1{p} this turn.",,,,,,,,31,0.06997742663656885,0.05821929673181792,0.7582363511904764,0.762198275,0.7975172199921293,0.08979621107490116,31,0.2743362831858407,0.2282402517893393,0.3520721968608728,0,0.0,0.0,0.0,0,0.0,0.0,0.0,0,0.0,0.0,0.0,0.0880180492152182
Line (blue),rare,3,SEA104,"Ranger, Action",https://prod-content.fabrary.io/cards/SEA104.webp,8CRqBFWrD7R7kCrnJbKr9,Blue,3,0,,3,,,,"Ranger, Action",,Go again,,,Go again,,,"""Look at the top card of your deck. If it's an arrow, you may put it face-up into your arsenal. If you do, it gets **go again** this turn.",,,,,,,,26,0.05869074492099323,0.049872080600587274,0.7582363511904764,0.762198275,0.7975172199921293,0.07531295122411065,26,0.23008849557522124,0.19551620978814302,0.29528635865750624,0,0.0,0.0,0.0,0,0.0,0.0,0.0,0,0.0,0.0,0.0,0.07382158966437656
Sinker (blue),rare,3,SEA105,"Ranger, Action",https://prod-content.fabrary.io/cards/SEA105.webp,z8hRmWFtTQPPC8pDR9jTw,Blue,3,0,,3,,,,"Ranger, Action",,Go again,,,Overpower,,,"""Look at the top card of your deck. If it's an arrow, you may put it face-up into your arsenal. If you do, it gets **overpower** this turn.",,,,,,,,24,0.05417607223476298,0.04618710466818987,0.7582363511904764,0.762198275,0.7975172199921293,0.06951964728379444,24,0.21238938053097345,0.18106979971688594,0.2725720233761596,0,0.0,0.0,0.0,0,0.0,0.0,0.0,0,0.0,0.0,0.0,0.0681430058440399
Dry Powder Shot (red),common,1,SEA106,"Ranger, Action, Arrow, Attack",https://prod-content.fabrary.io/cards/SEA106.webp,c98tqCFBpDpkCNbkkT8mg,Red,1,0,3,3,,,,"Ranger, Action, Arrow, Attack",,,,,,,,"When this is put face-up into your arsenal, it gets +2{p} this turn.",Ranger Action - Arrow Attack,,,,,,,103,0.2325056433408578,0.19719510932622655,2.4196932014652024,2.4336603450980396,2.211477811764707,0.10051524010383403,103,0.911504424778761,0.7730746321373306,0.3936254333529445,0,0.0,0.0,0.0,0,0.0,0.0,0.0,0,0.0,0.0,0.0,0.09840635833823612
Entangling Shot (red),common,1,SEA107,"Ranger, Action, Arrow, Attack",https://prod-content.fabrary.io/cards/SEA107.webp,JKqPrBhgGqjjWjnwBPpJN,Red,1,0,4,3,,,,"Ranger, Action, Arrow, Attack",,,,,,,,"When this is put face-up into your arsenal, you may {t} target hero.",Ranger Action - Arrow Attack,,,,,,,97,0.21896162528216703,0.18523809900188495,2.4196932014652024,2.4336603450980396,2.211477811764707,0.09465998339875632,97,0.8584070796460177,0.7261989190958853,0.37069579645859824,0,0.0,0.0,0.0,0,0.0,0.0,0.0,0,0.0,0.0,0.0,0.09267394911464956
Nettling Shot (red),common,1,SEA108,"Ranger, Action, Arrow, Attack",https://prod-content.fabrary.io/cards/SEA108.webp,fhmnPQWbBz77qwmWDL6hT,Red,1,0,4,3,,,,"Ranger, Action, Arrow, Attack",,,,,,,,"When this is put face-up into your arsenal, you may {t} target ally.",Ranger Action - Arrow Attack,,,,,,,78,0.17607223476297967,0.14958202296552964,2.4196932014652024,2.4336603450980396,2.211477811764707,0.07611833716601024,78,0.6902654867256637,0.5864144794135366,0.29808527962650166,0,0.0,0.0,0.0,0,0.0,0.0,0.0,0,0.0,0.0,0.0,0.07452131990662542
Scouting Shot (red),common,1,SEA109,"Ranger, Action, Arrow, Attack",https://prod-content.fabrary.io/cards/SEA109.webp,mTbrkkQFPRjRGNJMPtF7Q,Red,1,0,4,3,,,,"Ranger, Action, Arrow, Attack",,,,,,,,"When this is put face-up into your arsenal, you may look at the top card of your deck.",Ranger Action - Arrow Attack,,,,,,,88,0.1986455981941309,0.16814103561039087,2.4196932014652024,2.4336603450980396,2.211477811764707,0.08587709834113975,88,0.7787610619469026,0.6591723785433907,0.33630134111707877,0,0.0,0.0,0.0,0,0.0,0.0,0.0,0,0.0,0.0,0.0,0.08407533527926969
Swift Shot (red),common,1,SEA110,"Ranger, Action, Arrow, Attack",https://prod-content.fabrary.io/cards/SEA110.webp,wFhMnRGdkbwTt6CgpQLHP,Red,1,0,4,3,,,,"Ranger, Action, Arrow, Attack",,Go again,,,,,,"When this is put face-up into your arsenal, it gets **go again** this turn.",Ranger Action - Arrow Attack,,,,,,,112,0.2528216704288939,0.21458472363878292,2.4196932014652024,2.4336603450980396,2.211477811764707,0.1092981251614506,112,0.9911504424778761,0.8412480758582375,0.42801988869446395,0,0.0,0.0,0.0,0,0.0,0.0,0.0,0,0.0,0.0,0.0,0.10700497217361599
Head Shot (red),common,1,SEA111,"Ranger, Action, Arrow, Attack",https://prod-content.fabrary.io/cards/SEA111.webp,KjdKWBHLWtqdF66zPzRwG,Red,1,1,4,3,,,,"Ranger, Action, Arrow, Attack",,,,,,,,"When this is put into your arsenal face up, it gains +2{p} until end of turn.",Ranger Action - Arrow Attack,,,,,,,82,0.18510158013544017,0.1562070990712741,2.2218253333333338,2.2218253333333338,1.9996428000000008,0.08789376403249576,82,0.7256637168141593,0.6123871229077383,0.34427790594444935,0,0.0,0.0,0.0,0,0.0,0.0,0.0,0,0.0,0.0,0.0,0.08606947648611234
Head Shot (yellow),common,2,SEA112,"Ranger, Action, Arrow, Attack",https://prod-content.fabrary.io/cards/SEA112.webp,cDJpRqfcbpFm8NjnhDfCw,Yellow,2,1,3,3,,,,"Ranger, Action, Arrow, Attack",,,,,,,,"When this is put into your arsenal face up, it gains +2{p} until end of turn.",Ranger Action - Arrow Attack,,,,,,,72,0.16252821670428894,0.13874938387792332,2.2218253333333338,2.2218253333333338,1.9996428000000008,0.07717501232121578,72,0.6371681415929203,0.5439466996276109,0.3022927954634189,0,0.0,0.0,0.0,0,0.0,0.0,0.0,0,0.0,0.0,0.0,0.07557319886585473
Head Shot (blue),common,3,SEA113,"Ranger, Action, Arrow, Attack",https://prod-content.fabrary.io/cards/SEA113.webp,zNgcmTJjnWHfGKcLmPw8G,Blue,3,1,2,3,,,,"Ranger, Action, Arrow, Attack",,,,,,,,"When this is put into your arsenal face up, it gains +2{p} until end of turn.",Ranger Action - Arrow Attack,,,,,,,119,0.2686230248306998,0.22809559254016942,2.2218253333333338,2.2218253333333338,2.9994642000000007,0.10224217951406105,119,1.0530973451327434,0.8942154645601332,0.40179719233639066,0,0.0,0.0,0.0,0,0.0,0.0,0.0,0,0.0,0.0,0.0,0.10044929808409767
Salvage Shot (red),common,1,SEA114,"Ranger, Action, Arrow, Attack",https://prod-content.fabrary.io/cards/SEA114.webp,9pnrkbM9DbqCqqkbDCC8N,Red,1,1,5,3,,,,"Ranger, Action, Arrow, Attack",,,,,,,,"When this hits, put it on the bottom of its owner's deck.",Ranger Action - Arrow Attack,,,,,,,89,0.20090293453724606,0.16959066049605,2.2218253333333338,2.2218253333333338,1.9996428000000008,0.09539689023039173,89,0.7876106194690266,0.664855421236727,0.3736674832811706,0,0.0,0.0,0.0,0,0.0,0.0,0.0,0,0.0,0.0,0.0,0.09341687082029265
Salvage Shot (yellow),common,2,SEA115,"Ranger, Action, Arrow, Attack",https://prod-content.fabrary.io/cards/SEA115.webp,d8mzLHtQRkT8GWFcgR78H,Yellow,2,1,4,3,,,,"Ranger, Action, Arrow, Attack",,,,,,,,"When this hits, put it on the bottom of its owner's deck.",Ranger Action - Arrow Attack,,,,,,,84,0.18961625282167044,0.16115099346645792,2.2218253333333338,2.2218253333333338,1.9996428000000008,0.09003751437475174,84,0.7433628318584071,0.6317689389879722,0.3526749280406554,0,0.0,0.0,0.0,0,0.0,0.0,0.0,0,0.0,0.0,0.0,0.08816873201016386
Salvage Shot (blue),common,3,SEA116,"Ranger, Action, Arrow, Attack",https://prod-content.fabrary.io/cards/SEA116.webp,bjffjnzNfQhdcGKKCWKCd,Blue,3,1,3,3,,,,"Ranger, Action, Arrow, Attack",,,,,,,,"When this hits, put it on the bottom of its owner's deck.",Ranger Action - Arrow Attack,,,,,,,113,0.255079006772009,0.2157359771264319,2.2218253333333338,2.2218253333333338,2.9994642000000007,0.0970871116394025,113,1.0,0.8457613970531799,0.38153851036985,0,0.0,0.0,0.0,0,0.0,0.0,0.0,0,0.0,0.0,0.0,0.0953846275924625
Sic 'Em Shot (red),common,1,SEA117,"Ranger, Action, Arrow, Attack",https://prod-content.fabrary.io/cards/SEA117.webp,TrRC6WMrRhbCtKzpRQLPM,Red,1,1,4,3,,,,"Ranger, Action, Arrow, Attack",,Go again,,,,,,**Go again**,Ranger Action - Arrow Attack,,,,,,,87,0.1963882618510158,0.1679015030865723,2.2218253333333338,2.2218253333333338,1.9996428000000008,0.09325313988813573,87,0.7699115044247787,0.6582333262597481,0.36527046118496453,0,0.0,0.0,0.0,0,0.0,0.0,0.0,0,0.0,0.0,0.0,0.09131761529624113
Sic 'Em Shot (yellow),common,2,SEA118,"Ranger, Action, Arrow, Attack",https://prod-content.fabrary.io/cards/SEA118.webp,TMBGhtBJMzbWMLPzNJCW9,Yellow,2,1,3,3,,,,"Ranger, Action, Arrow, Attack",,Go again,,,,,,**Go again**,Ranger Action - Arrow Attack,,,,,,,68,0.15349887133182843,0.13008639375116346,2.2218253333333338,2.2218253333333338,1.9996428000000008,0.07288751163670379,68,0.6017699115044248,0.5099847117855346,0.28549875127100677,0,0.0,0.0,0.0,0,0.0,0.0,0.0,0,0.0,0.0,0.0,0.07137468781775169
Sic 'Em Shot (blue),common,3,SEA119,"Ranger, Action, Arrow, Attack",https://prod-content.fabrary.io/cards/SEA119.webp,FHfhK9rLHDcNCdQJQ79Wh,Blue,3,1,2,3,,,,"Ranger, Action, Arrow, Attack",,Go again,,,,,,**Go again**,Ranger Action - Arrow Attack,,,,,,,122,0.27539503386004516,0.23416446928556126,2.2218253333333338,2.2218253333333338,2.9994642000000007,0.10481971345139032,122,1.079646017699115,0.9180076096770233,0.411926533319661,0,0.0,0.0,0.0,0,0.0,0.0,0.0,0,0.0,0.0,0.0,0.10298163332991525
Call in the Big Guns (red),common,1,SEA120,"Ranger, Action",https://prod-content.fabrary.io/cards/SEA120.webp,7c9KRd7Rh7hbGJ8kRCrFr,Red,1,0,,2,,,,"Ranger, Action",,Go again,,,,,,"""Your next arrow attack this turn gets +3{p}.",,,,,,,,126,0.28442437923250563,0.24090903918962936,2.4196932014652024,2.4336603450980396,3.2112992117647066,0.1003441187014608,126,1.1150442477876106,0.9444487111593435,0.39416914386526997,0,0.0,0.0,0.0,0,0.0,0.0,0.0,0,0.0,0.0,0.0,0.09854228596631749
Call in the Big Guns (yellow),common,2,SEA121,"Ranger, Action",https://prod-content.fabrary.io/cards/SEA121.webp,L6GQFG6PbmFHrGw8fhwMn,Yellow,2,0,,2,,,,"Ranger, Action",,Go again,,,,,,"""Your next arrow attack this turn gets +2{p}.",,,,,,,,96,0.21670428893905191,0.18182261544185338,2.4196932014652024,2.4336603450980396,2.211477811764707,0.09368410728124336,96,0.8495575221238938,0.7128090145198323,0.3668741903095405,0,0.0,0.0,0.0,0,0.0,0.0,0.0,0,0.0,0.0,0.0,0.09171854757738512
Call in the Big Guns (blue),common,3,SEA122,"Ranger, Action",https://prod-content.fabrary.io/cards/SEA122.webp,QLDR6B8G7KPBBTF8C9JKJ,Blue,3,0,,2,,,,"Ranger, Action",,Go again,,,,,,"""Your next arrow attack this turn gets +1{p}.",,,,,,,,75,0.16930022573363432,0.14299151624154802,2.4196932014652024,2.4336603450980396,2.211477811764707,0.07319070881347138,75,0.6637168141592921,0.5605773601327945,0.28662046117932855,0,0.0,0.0,0.0,0,0.0,0.0,0.0,0,0.0,0.0,0.0,0.07165511529483214
"Scurv, Stowaway",rare,0,SEA123,"Pirate, Thief, Hero, Young",https://prod-content.fabrary.io/cards/SEA123.webp,gKgfQDwNnGH8GtfL9RkPG,,,,,,20,4.0,,"Pirate, Thief, Hero, Young",,Go again,,,,,,"""**Action** - {t}, destroy a Gold you control: Create a Goldkiss Rum token. **Go again**",,,,,,,,0,0.0,0.0,0.6789978750000002,0.6789978750000002,0.3591393719008266,0.0,0,0.0,0.0,0.0,0,0.0,0.0,0.0,0,0.0,0.0,0.0,0,0.0,0.0,0.0,0.0
Blue Sea Tricorn,common,0,SEA126,"Pirate, Equipment, Head",https://prod-content.fabrary.io/cards/SEA126.webp,8TbK6kFJcDtRjqwNzBbmp,,,,,1,,,,"Pirate, Equipment, Head",,Blade Break,Action,Go again,,,,"""**Action** - {r}{r}{r}, destroy this: Draw a card. **Go again**",,,,,,,,103,0.2325056433408578,0.0,1.6660106666666663,1.6660106666666663,1.4994096000000001,0.14723585153104354,29,0.25663716814159293,0.0,0.16237734455863917,47,0.3821138211382114,0.0,0.24174039323471552,23,0.125,0.0,0.07943287582710622,4,0.17391304347826086,0.0,0.10815067621426606,0.14792532245868176
Buccaneer's Bounty,common,0,SEA127,"Pirate, Equipment, Chest",https://prod-content.fabrary.io/cards/SEA127.webp,KL6rbKJcpRFhNFLwbkbbg,,,,,1,,,,"Pirate, Equipment, Chest",,Blade Break,Action,Go again,,,,"""**Action** - Destroy this: Gain {r}. **Go again**",,,,,,,,103,0.2325056433408578,0.0,1.6660106666666663,1.6660106666666663,1.4994096000000001,0.14723585153104354,29,0.25663716814159293,0.0,0.16237734455863917,18,0.14634146341463414,0.0,0.09258142719627403,50,0.2717391304347826,0.0,0.17268016484153526,6,0.2608695652173913,0.0,0.16222601432139908,0.14746623772946188
Fish Fingers,common,0,SEA128,"Pirate, Equipment, Arms",https://prod-content.fabrary.io/cards/SEA128.webp,KGqmhqzwPDDcr6MNr76gB,,,,,1,,,,"Pirate, Equipment, Arms",,Blade Break,Action,Go again,,,,"""**Action** - {r}, destroy this: Your next attack this turn gets +1{p}. **Go again**",,,,,,,,80,0.18058690744920994,0.0,1.6660106666666663,1.6660106666666663,1.4994096000000001,0.11435794293673285,18,0.1592920353982301,0.0,0.10078593800191397,31,0.25203252032520324,0.0,0.15944579128247194,24,0.13043478260869565,0.0,0.08288647912393692,7,0.30434782608695654,0.0,0.1892636833749656,0.1330954729458221
Peg Leg,common,0,SEA129,"Pirate, Equipment, Legs",https://prod-content.fabrary.io/cards/SEA129.webp,wcP88wJc6CFbLQpQFJcCn,,,,,1,,,,"Pirate, Equipment, Legs",,Blade Break,Action,Go again,Go again,,,"""**Action** - {r}{r}{r}, destroy this: Your next attack this turn gets **go again**. **Go again**.",,,,,,,,90,0.20316027088036118,0.0,1.6660106666666663,1.6660106666666663,1.4994096000000001,0.12865268580382447,28,0.24778761061946902,0.0,0.15677812578075506,10,0.08130081300813008,0.0,0.05143412622015224,45,0.24456521739130435,0.0,0.15541214835738174,7,0.30434782608695654,0.0,0.1892636833749656,0.13822202093331365
Conqueror of the High Seas (red),mythic,1,SEA130,"Pirate, Action, Attack",https://prod-content.fabrary.io/cards/SEA130.webp,gHzNJcBw6rtnCgNqfftPz,Red,1,4,7,3,,,,"Pirate, Action, Attack",,"High Tide, Go again",,,,,,"""When this hits a hero, destroy all cards in their arsenal. Create a Gold token for each card destroyed this way.",,,,,,,,12,0.02708803611738149,0.02225664530943064,0.16806472727272725,0.1711010909090909,0.18980700478468898,0.1506223195352911,3,0.02654867256637168,0.021990416316288258,0.14762179341355502,3,0.024390243902439025,0.02015255673792259,0.1356383777806467,6,0.03260869565217391,0.026608762769416962,0.1809086333290707,0,0.0,0.0,0.0,0.1160422011308181
Loan Shark (yellow),mythic,2,SEA131,"Pirate, Action, Aura",https://prod-content.fabrary.io/cards/SEA131.webp,88GhcGBpR8WDWQRr87hcn,Yellow,2,0,,3,,,,"Pirate, Action, Aura",,Go again,,,,,,"""**Go again**",,,,,,,,7,0.01580135440180587,0.01368686954406332,0.16806472727272725,0.1711010909090909,0.18980700478468898,0.0878630197289198,3,0.02654867256637168,0.02194645906802404,0.14762179341355502,3,0.024390243902439025,0.021002710027100267,0.1356383777806467,0,0.0,0.0,0.0,1,0.043478260869565216,0.043478260869565216,0.24608007625590625,0.132335061862527
Tip the Barkeep (blue),mythic,3,SEA132,"Pirate, Action",https://prod-content.fabrary.io/cards/SEA132.webp,gzHcjD7dKLpDfKtnKW8p8,Blue,3,0,,3,,,,"Pirate, Action",,Go again,,,,,,"""Create a Goldkiss Rum token.",,,,,,,,8,0.01805869074492099,0.016227834439441514,0.16806472727272725,0.1711010909090909,0.18980700478468898,0.10041487969019405,3,0.02654867256637168,0.022395686112500274,0.14762179341355502,0,0.0,0.0,0.0,5,0.02717391304347826,0.025316402858478596,0.15075719444089225,0,0.0,0.0,0.0,0.07459474696361182
Sunken Treasure (blue),mythic,3,SEA133,"Pirate, Block",https://prod-content.fabrary.io/cards/SEA133.webp,RjKRwHmnd9Dh87HHhr9mw,Blue,3,,,3,,,,"Pirate, Block",,,,,,,,"When this defends, you may turn a card in a graveyard face-down. If it's yellow, create a Gold token.",Pirate Block,,,,No,No,,10,0.022573363431151242,0.019462726098106873,0.16806472727272725,0.1711010909090909,0.18980700478468898,0.1255185996127426,2,0.017699115044247787,0.015656909462219197,0.09841452894237002,4,0.032520325203252036,0.027935692890763496,0.18085117037419557,2,0.010869565217391304,0.008605072463768116,0.06030287777635691,2,0.08695652173913043,0.07971014492753623,0.4921601525118125,0.20793218240118375
HMS Barracuda (yellow),rare,2,SEA134,"Pirate, Action, Attack",https://prod-content.fabrary.io/cards/SEA134.webp,bkMchLmgcWQfPCf7MtjnF,Yellow,2,4,6,3,,,,"Pirate, Action, Attack",,"High Tide, Overpower",,,,,,"""When this hits a hero, destroy an ally they control.",,,,,,,,50,0.11286681715575621,0.09666793199912903,0.7582363511904764,0.762198275,0.7975172199921293,0.14483259850790509,13,0.11504424778761062,0.10037640413643865,0.14764317932875312,12,0.0975609756097561,0.08028273844176584,0.1252128435396765,22,0.11956521739130435,0.10129805132812772,0.15325261330443476,3,0.13043478260869565,0.12903225806451613,0.1686778841274579,0.14869663007508055
HMS Kraken (yellow),rare,2,SEA135,"Pirate, Action, Attack",https://prod-content.fabrary.io/cards/SEA135.webp,7p9qhCT76DDh6MQ9zFDwK,Yellow,2,4,6,3,,,,"Pirate, Action, Attack",,"High Tide, Overpower",,,,,,"""When this hits a hero, destroy an item they control.",,,,,,,,44,0.09932279909706546,0.08392397934809524,0.7582363511904764,0.762198275,0.7975172199921293,0.12745268668695647,13,0.11504424778761062,0.09815478198908281,0.14764317932875312,13,0.10569105691056911,0.09075636845208622,0.13564724716798285,16,0.08695652173913043,0.07114383605162984,0.11145644603958892,2,0.08695652173913043,0.07971014492753623,0.11245192275163861,0.12679969882199088
HMS Marlin (yellow),rare,2,SEA136,"Pirate, Action, Attack",https://prod-content.fabrary.io/cards/SEA136.webp,NPjFdzCwz8HKdGkcwLPmw,Yellow,2,4,6,3,,,,"Pirate, Action, Attack",,"High Tide, Overpower",,,,,,"""When this hits a hero, destroy the top card of their deck.",,,,,,,,57,0.12866817155756208,0.11085778979069623,0.7582363511904764,0.762198275,0.7975172199921293,0.1651091622990118,22,0.19469026548672566,0.16671744368907307,0.24985768809481299,9,0.07317073170731707,0.06374268210710103,0.09390963265475735,21,0.11413043478260869,0.09605014619599597,0.14628658542696046,5,0.21739130434782608,0.20684143222506396,0.2811298068790965,0.19279592826390682
Murderous Rabble (blue),rare,3,SEA137,"Pirate, Action, Attack",https://prod-content.fabrary.io/cards/SEA137.webp,jDPCKWMC9wbhQHtDj8fzM,Blue,3,0,0,3,,,,"Pirate, Action, Attack",,Go again,,,,,,"""When this attacks, reveal the top card of your deck. This gets +X{p}, where X is the pitch value of the card revealed this way.",,,,,,,,32,0.07223476297968397,0.06319187570785381,0.7582363511904764,0.762198275,0.43837784809130287,0.12201401558523481,9,0.07964601769911504,0.06959253353039882,0.13388864640724263,8,0.06504065040650407,0.057084501828895094,0.1092731465054925,12,0.06521739130434782,0.055844117344330105,0.11223174855660237,3,0.13043478260869565,0.12318840579710144,0.20117670341958788,0.13914256122223134
Pilfer the Wreck (red),rare,1,SEA138,"Pirate, Action, Attack",https://prod-content.fabrary.io/cards/SEA138.webp,pptHzNLNnz6wnCMFqBgG6,Red,1,3,7,2,,,,"Pirate, Action, Attack",,,,,,,,"When this hits a hero, you may turn a card in their graveyard face-down. If it's yellow, create a Gold token.",Pirate Action - Attack,,,,,No,,47,0.10609480812641084,0.09171336934359,0.7582363511904764,0.762198275,0.7975172199921293,0.13614264259743078,5,0.04424778761061947,0.037908961991283296,0.056785838203366586,16,0.13008130081300814,0.11199198248960388,0.16695045805290198,19,0.10326086956521739,0.08729981490867882,0.13235452967201183,7,0.30434782608695654,0.28291870107726885,0.3935817296307351,0.1874181388897539
Pilfer the Wreck (yellow),rare,2,SEA139,"Pirate, Action, Attack",https://prod-content.fabrary.io/cards/SEA139.webp,frFC8JrBBcmKCbDTjLbKc,Yellow,2,3,6,2,,,,"Pirate, Action, Attack",,,,,,,,"When this hits a hero, you may turn a card in their graveyard face-down. If it's yellow, create a Gold token.",Pirate Action - Attack,,,,,No,,31,0.06997742663656885,0.05994294127684885,0.7582363511904764,0.762198275,0.7975172199921293,0.08979621107490116,6,0.05309734513274336,0.04403676396573462,0.0681430058440399,11,0.08943089430894309,0.07597790845544375,0.1147784399113701,7,0.03804347826086957,0.030498175521058813,0.04876219514232015,7,0.30434782608695654,0.2878965922444183,0.3935817296307351,0.1563163426321163
Pilfer the Wreck (blue),rare,3,SEA140,"Pirate, Action, Attack",https://prod-content.fabrary.io/cards/SEA140.webp,qMGgBkKkjCT6cFgJjqnwQ,Blue,3,3,5,2,,,,"Pirate, Action, Attack",,,,,,,,"When this hits a hero, you may turn a card in their graveyard face-down. If it's yellow, create a Gold token.",Pirate Action - Attack,,,,,No,,45,0.10158013544018059,0.08691072312052964,0.7582363511904764,0.762198275,0.7975172199921293,0.13034933865711457,14,0.12389380530973451,0.1034361695064728,0.15900034696942644,5,0.04065040650406504,0.03435600234380722,0.05217201814153186,23,0.125,0.10694719560208692,0.16021864118190907,3,0.13043478260869565,0.12648221343873517,0.1686778841274579,0.1350172226050813
Saltwater Swell (red),rare,1,SEA141,"Pirate, Action, Attack",https://prod-content.fabrary.io/cards/SEA141.webp,c9hrdrfn8dNhkBcfQmqWn,Red,1,1,3,3,,,,"Pirate, Action, Attack",,Go again,,,,,,"""When this attacks, reveal the top card of your deck. If it's blue, pitch it.",,,,,,,,35,0.07900677200902935,0.06692776478277111,0.7582363511904764,0.762198275,0.7975172199921293,0.10138281895553355,13,0.11504424778761062,0.09717562037317373,0.14764317932875312,2,0.016260162601626018,0.013765558959246192,0.020868807256612748,19,0.10326086956521739,0.08772640006129541,0.13235452967201183,1,0.043478260869565216,0.03623188405797101,0.056225961375819304,0.08927311940829925
Saltwater Swell (yellow),rare,2,SEA142,"Pirate, Action, Attack",https://prod-content.fabrary.io/cards/SEA142.webp,rBz7GBhR7FPkbzKwRWmdp,Yellow,2,1,2,3,,,,"Pirate, Action, Attack",,Go again,,,,,,"""When this attacks, reveal the top card of your deck. If it's blue, pitch it.",,,,,,,,42,0.09480812641083522,0.08152643881499701,0.7582363511904764,0.762198275,0.7975172199921293,0.12165938274664027,12,0.10619469026548672,0.0895741992621359,0.1362860116880798,9,0.07317073170731707,0.0646334748549126,0.09390963265475735,16,0.08695652173913043,0.07221226918528034,0.11145644603958892,5,0.21739130434782608,0.20684143222506396,0.2811298068790965,0.15569547431538064
Saltwater Swell (blue),rare,3,SEA143,"Pirate, Action, Attack",https://prod-content.fabrary.io/cards/SEA143.webp,DN8dWKrTLQzr6H9BJ8kcn,Blue,3,1,1,3,,,,"Pirate, Action, Attack",,Go again,,,,,,"""When this attacks, reveal the top card of your deck. If it's blue, pitch it.",,,,,,,,65,0.14672686230248308,0.12304474044208165,0.7582363511904764,0.762198275,0.7975172199921293,0.18828237806027662,13,0.11504424778761062,0.09574091848092506,0.14764317932875312,5,0.04065040650406504,0.035107726642877285,0.05217201814153186,42,0.22826086956521738,0.19001628165177512,0.2925731708539209,5,0.21739130434782608,0.19168913158682976,0.2811298068790965,0.19337954380082562
Divvy Up (blue),rare,3,SEA144,"Pirate, Action",https://prod-content.fabrary.io/cards/SEA144.webp,wBNFNMMLnnBTDczrjjgRH,Blue,3,0,,3,,,,"Pirate, Action",,,,,,,,"""Remove half the gold counters from Treasure Island, rounded up. If you are a Thief, instead remove all of them.",,,,,,,,35,0.07900677200902935,0.06764337612415135,0.7582363511904764,0.762198275,0.7975172199921293,0.10138281895553355,10,0.08849557522123894,0.07486624757474643,0.11357167640673317,6,0.04878048780487805,0.04272967786238948,0.06260642176983824,14,0.07608695652173914,0.06435613719283535,0.0975243902846403,5,0.21739130434782608,0.19168913158682976,0.2811298068790965,0.13870807383507705
Portside Exchange (blue),rare,3,SEA145,"Pirate, Action",https://prod-content.fabrary.io/cards/SEA145.webp,PRkRJkPDTwbd7RLCKPkNt,Blue,3,0,,3,,,,"Pirate, Action",,Go again,,,,,,"""Discard a card, then draw a card. If a yellow card is discarded this way, create a Gold token.",,,,,,,,48,0.10835214446952596,0.09229289815423722,0.7582363511904764,0.762198275,0.7975172199921293,0.13903929456758887,10,0.08849557522123894,0.07737895310671278,0.11357167640673317,7,0.056910569105691054,0.05205120617508294,0.07304082539814462,30,0.16304347826086957,0.13462984720787755,0.20898083632422923,1,0.043478260869565216,0.04207573632538569,0.056225961375819304,0.11295482487623158
Sea Floor Salvage (blue),rare,3,SEA146,"Pirate, Action",https://prod-content.fabrary.io/cards/SEA146.webp,D6fPnQdQ7FKpWDB9ktTJ6,Blue,3,0,,3,,,,"Pirate, Action",,Go again,,,,,,"""Turn a card in a graveyard face-down. If it's yellow, create a Gold token.",,,,,,,,59,0.13318284424379231,0.11411313814095958,0.7582363511904764,0.762198275,0.7975172199921293,0.170902466239328,10,0.08849557522123894,0.07542303667368737,0.11357167640673317,10,0.08130081300813008,0.06905897210680868,0.10434403628306373,36,0.1956521739130435,0.16676613373109014,0.25077700358907506,3,0.13043478260869565,0.12391716855044964,0.1686778841274579,0.15934265010158247
Scrub the Deck (blue),rare,3,SEA147,"Pirate, Action",https://prod-content.fabrary.io/cards/SEA147.webp,rqcKnqMqChqrkHbDTPWPR,Blue,3,0,,3,,,,"Pirate, Action",,Go again,,,,,,"""Destroy the top card of target hero's deck. If it's yellow, create a Gold token.",,,,,,,,41,0.09255079006772009,0.07893731928186913,0.7582363511904764,0.762198275,0.7975172199921293,0.11876273077648217,4,0.035398230088495575,0.030723154852052775,0.045428670562693264,9,0.07317073170731707,0.06086954867442672,0.09390963265475735,25,0.1358695652173913,0.11573301729414003,0.1741506969368577,3,0.13043478260869565,0.11807331628303495,0.1686778841274579,0.12054172107044156
Shifting Tides (blue),rare,3,SEA148,"Pirate, Action, Aura",https://prod-content.fabrary.io/cards/SEA148.webp,R7Q6MhPq9nCBT6DhbQMDL,Blue,3,0,,3,,,,"Pirate, Action, Aura",,Go again,,,,,,"""**Go again**",,,,,,,,50,0.11286681715575621,0.09708588324382998,0.7582363511904764,0.762198275,0.7975172199921293,0.14483259850790509,13,0.11504424778761062,0.09850901864138639,0.14764317932875312,7,0.056910569105691054,0.04732905053829316,0.07304082539814462,26,0.14130434782608695,0.12180385766405329,0.181116724814332,4,0.17391304347826086,0.15844104974539758,0.22490384550327722,0.15667614376112673
Not So Fast (yellow),rare,2,SEA149,"Pirate, Instant",https://prod-content.fabrary.io/cards/SEA149.webp,F7mqQWTKzmNmMfgmQbHFw,Yellow,2,0,,,,,,"Pirate, Instant",,Scurv Specialization,,,,,,"""**Scurv Specialization**",,,,,,,,17,0.03837471783295711,0.033337943520282104,0.7582363511904764,0.762198275,0.43837784809130287,0.064819945779656,5,0.04424778761061947,0.03689593512602361,0.07438258133735702,2,0.016260162601626018,0.01338712635246653,0.027318286626373124,4,0.021739130434782608,0.01776860629835458,0.03741058285220079,6,0.2608695652173913,0.2471055743475511,0.40235340683917575,0.13536621441377666
Throw Caution to the Wind (blue),rare,3,SEA150,"Pirate, Instant",https://prod-content.fabrary.io/cards/SEA150.webp,QjCCMBLNTHkwzPqmjCTqN,Blue,3,0,,,,,,"Pirate, Instant",,,,,,,,"Reveal the top card of your deck. The next time you would be dealt damage this turn, prevent X of that damage, where X is the pitch value of the card revealed this way.",Pirate Instant,,,,,No,,36,0.08126410835214447,0.06789623834198392,0.7582363511904764,0.762198275,0.7975172199921293,0.10427947092569166,5,0.04424778761061947,0.035958258478053534,0.056785838203366586,5,0.04065040650406504,0.03426248548199767,0.05217201814153186,24,0.13043478260869565,0.10842592275289552,0.16718466905938337,2,0.08695652173913043,0.08043890768088442,0.11245192275163861,0.0971486120389801
Lost in Transit (yellow),rare,2,SEA151,"Pirate, Block",https://prod-content.fabrary.io/cards/SEA151.webp,KddkfBmzB78rpH6j6CfBC,Yellow,2,,,3,,,,"Pirate, Block",,,,,,,,"When this defends, you may remove a gold counter from Treasure Island. If you do and you are a Thief, create a Gold token.",Pirate Block,,,,,No,,52,0.11738148984198646,0.09995877283395047,0.7582363511904764,0.762198275,0.7975172199921293,0.1506259024482213,9,0.07964601769911504,0.06662149645519051,0.10221450876605985,9,0.07317073170731707,0.061418075326823224,0.09390963265475735,23,0.125,0.10300749243048844,0.16021864118190907,11,0.4782608695652174,0.4454654518954082,0.6184855751340124,0.24370708943418465
Battalion Barque (red),common,1,SEA152,"Pirate, Action, Attack",https://prod-content.fabrary.io/cards/SEA152.webp,jBMwChDGmJjp7GrhnzdwQ,Red,1,4,7,3,,,,"Pirate, Action, Attack",,High Tide,,,,,,"High Tide - If there are 2 or more blue cards in your pitch zone, this gets +2{p}.",Pirate Action - Attack,,,,,,,127,0.2866817155756208,0.24680948463518693,2.3089612014652023,2.3229283450980396,2.111819011764706,0.12982713336181106,29,0.25663716814159293,0.2218893856301731,0.11609305412446923,29,0.23577235772357724,0.19887817726298432,0.1066445244509526,56,0.30434782608695654,0.2589453293780196,0.1383221198795853,13,0.5652173913043478,0.5284845525337234,0.2517393871708455,0.15319977140646313
Battalion Barque (yellow),common,2,SEA153,"Pirate, Action, Attack",https://prod-content.fabrary.io/cards/SEA153.webp,gPkmHM8hGHGdkDTfCdbDP,Yellow,2,4,6,3,,,,"Pirate, Action, Attack",,High Tide,,,,,,"High Tide - If there are 2 or more blue cards in your pitch zone, this gets +2{p}.",Pirate Action - Attack,,,,,,,121,0.27313769751693,0.23214165814826554,2.3089612014652023,2.3229283450980396,2.111819011764706,0.12369356800613494,21,0.18584070796460178,0.15321388435035382,0.08406738402116738,24,0.1951219512195122,0.16678280246009536,0.08825753747665042,69,0.375,0.31829392126379696,0.170432611994489,7,0.30434782608695654,0.28022693099831947,0.13555197770737834,0.11957737779992128
Battalion Barque (blue),common,3,SEA154,"Pirate, Action, Attack",https://prod-content.fabrary.io/cards/SEA154.webp,CKgkPBMkGRkNzrDbdRttC,Blue,3,4,5,3,,,,"Pirate, Action, Attack",,High Tide,,,,,,"High Tide - If there are 2 or more blue cards in your pitch zone, this gets +2{p}.",Pirate Action - Attack,,,,,,,120,0.2708803611738149,0.23221178113476407,2.3089612014652023,2.3229283450980396,2.111819011764706,0.12267130711352227,31,0.2743362831858407,0.2314258885534811,0.1240994716502947,25,0.2032520325203252,0.17268684434828813,0.09193493487151086,55,0.29891304347826086,0.25520744068924245,0.1358520820245927,9,0.391304347826087,0.37043663889118056,0.17428111419520073,0.13154190068539975
Expedition to Azuro Keys (red),common,1,SEA155,"Pirate, Action, Attack",https://prod-content.fabrary.io/cards/SEA155.webp,LhN9jPcQHGJ796r79BqGR,Red,1,0,4,2,,,,"Pirate, Action, Attack",,,,,,,,"When this attacks, you may put a gold counter on Treasure Island.",Pirate Action - Attack,,,,,,,100,0.22573363431151242,0.19350568892050973,2.3089612014652023,2.3229283450980396,2.111819011764706,0.10222608926126855,30,0.26548672566371684,0.22158547450849975,0.12009626288738197,29,0.23577235772357724,0.19989028975380255,0.1066445244509526,26,0.14130434782608695,0.11841730471319752,0.06422098422980746,15,0.6521739130434783,0.6221118202338811,0.2904685236586679,0.1453575738067025
Expedition to Blackwater Strait (red),common,1,SEA156,"Pirate, Action, Attack",https://prod-content.fabrary.io/cards/SEA156.webp,qpnnMW6TWQPQqMLqrbD8d,Red,1,1,5,2,,,,"Pirate, Action, Attack",,,,,,,,"When this attacks, you may put a gold counter on Treasure Island.",Pirate Action - Attack,,,,,,,93,0.20993227990970656,0.1805499540096933,2.3089612014652023,2.3229283450980396,2.111819011764706,0.09507026301297976,20,0.17699115044247787,0.15205414354927071,0.08006417525825464,31,0.25203252032520324,0.2144861971232507,0.11399931924067347,27,0.14673913043478262,0.12192071938925485,0.06669102208480004,15,0.6521739130434783,0.6080998604975587,0.2904685236586679,0.13780576006059903
Expedition to Dreadfall Reach (red),common,1,SEA157,"Pirate, Action, Attack",https://prod-content.fabrary.io/cards/SEA157.webp,nDzNGcF9bfPwfHrztkHdL,Red,1,2,6,2,,,,"Pirate, Action, Attack",,,,,,,,"When this attacks, you may put a gold counter on Treasure Island.",Pirate Action - Attack,,,,,,,109,0.24604966139954854,0.20988997792266245,2.3089612014652023,2.3229283450980396,2.111819011764706,0.11142643729478272,26,0.23008849557522124,0.19357105804508473,0.10408342783573103,22,0.17886178861788618,0.1513616624495497,0.08090274268692955,44,0.2391304347826087,0.19976929664502266,0.10868166561967416,17,0.7391304347826086,0.6840302433333124,0.32919766014649027,0.15571637407220623
Expedition to Horizon's Mantle (red),common,1,SEA158,"Pirate, Action, Attack",https://prod-content.fabrary.io/cards/SEA158.webp,bMq9wnBF99pzRHDq6qNFR,Red,1,3,7,2,,,,"Pirate, Action, Attack",,,,,,,,"When this attacks, you may put a gold counter on Treasure Island.",Pirate Action - Attack,,,,,,,103,0.2325056433408578,0.19753640917317467,2.3089612014652023,2.3229283450980396,2.111819011764706,0.10529287193910661,21,0.18584070796460178,0.15559248971123268,0.08406738402116738,24,0.1951219512195122,0.1661135988941245,0.08825753747665042,48,0.2608695652173913,0.22091497410800395,0.11856181703964452,10,0.43478260869565216,0.38462391419552544,0.19364568243911193,0.12113310524414356
Golden Tipple (red),common,1,SEA159,"Pirate, Action, Attack",https://prod-content.fabrary.io/cards/SEA159.webp,6CpcdCrJKFkpkdkdLPQqT,Red,1,1,3,2,,,,"Pirate, Action, Attack",,Go again,,,,,,"""When this attacks, you may discard a yellow card. If you do, draw a card and create a Gold token.",,,,,,,,108,0.24379232505643342,0.20778276872842635,2.3089612014652023,2.3229283450980396,2.111819011764706,0.11040417640217004,44,0.3893805309734513,0.33110692841367095,0.17614118556816022,15,0.12195121951219512,0.104649355706518,0.05516096092290652,42,0.22826086956521738,0.1913363513131641,0.10374158990968896,7,0.30434782608695654,0.28499670619235834,0.13555197770737834,0.11764892852703351
Golden Tipple (yellow),common,2,SEA160,"Pirate, Action, Attack",https://prod-content.fabrary.io/cards/SEA160.webp,8QrD8rDCQWm78C9fq7tpr,Yellow,2,1,2,2,,,,"Pirate, Action, Attack",,Go again,,,,,,"""When this attacks, you may discard a yellow card. If you do, draw a card and create a Gold token.",,,,,,,,106,0.23927765237020315,0.19967030275936817,2.3089612014652023,2.3229283450980396,2.111819011764706,0.10835965461694466,28,0.24778761061946902,0.2048543731077676,0.1120898453615565,16,0.13008130081300814,0.10885110552859552,0.05883835831776695,60,0.32608695652173914,0.2728316723189965,0.14820227129955565,2,0.08695652173913043,0.07459505541346974,0.038729136487822384,0.08946490286667538
Golden Tipple (blue),common,3,SEA161,"Pirate, Action, Attack",https://prod-content.fabrary.io/cards/SEA161.webp,QctzddqGNk8RgCTBMWPMN,Blue,3,1,1,2,,,,"Pirate, Action, Attack",,Go again,,,,,,"""When this attacks, you may discard a yellow card. If you do, draw a card and create a Gold token.",,,,,,,,189,0.42663656884875845,0.3602572040738286,2.3089612014652023,2.3229283450980396,3.0618110117647066,0.15780614186099892,17,0.1504424778761062,0.12581643041381665,0.05575614117667652,11,0.08943089430894309,0.07839799866247799,0.03315440559503064,153,0.8315217391304348,0.6968293636812399,0.30493195821008007,8,0.34782608695652173,0.32683165283095156,0.13504242288849513,0.1322212319675706
Gold Hunter Lightsail (yellow),common,2,SEA162,"Pirate, Action, Attack",https://prod-content.fabrary.io/cards/SEA162.webp,NrW7LgbzfgBGPCwhBRkKL,Yellow,2,1,4,2,,,,"Pirate, Action, Attack",,,,,,,,"When this attacks, if you control less Gold than an opponent, this gets **go again**.",Pirate Action - Attack,,,,,,,89,0.20090293453724606,0.169488362492822,2.3089612014652023,2.3229283450980396,2.111819011764706,0.09098121944252902,20,0.17699115044247787,0.14749172367923966,0.08006417525825464,33,0.2682926829268293,0.22527628047283255,0.12135411403039434,21,0.11413043478260869,0.09314819068823645,0.05187079495484448,15,0.6521739130434783,0.5899360966857461,0.2904685236586679,0.13593940197554033
Gold Hunter Longboat (yellow),common,2,SEA163,"Pirate, Action, Attack",https://prod-content.fabrary.io/cards/SEA163.webp,FMtqqPTBz8J7KdLNCbzcb,Yellow,2,0,3,2,,,,"Pirate, Action, Attack",,,,,,,,"If you control less Gold than an opponent, this gets +2{p}.",Pirate Action - Attack,,,,,,,94,0.21218961625282168,0.18346951416430055,2.3089612014652023,2.3229283450980396,2.111819011764706,0.09609252390559243,27,0.23893805309734514,0.20327373968398385,0.10808663659864377,26,0.21138211382113822,0.17891249840675957,0.0956123322663713,31,0.16847826086956522,0.14543020771628748,0.07657117350477043,10,0.43478260869565216,0.41485507246376807,0.19364568243911193,0.11847895620222434
Gold Hunter Marauder (yellow),common,2,SEA164,"Pirate, Action, Attack",https://prod-content.fabrary.io/cards/SEA164.webp,KgPDCHhKBMbLfN6c8kwBJ,Yellow,2,3,6,2,,,,"Pirate, Action, Attack",,Overpower,,,,,,"If you control less Gold than an opponent, this gets **overpower**.",Pirate Action - Attack,,,,,,,91,0.2054176072234763,0.1750376240572423,2.3089612014652023,2.3229283450980396,2.111819011764706,0.09302574122775438,20,0.17699115044247787,0.14812118490986403,0.08006417525825464,28,0.22764227642276422,0.19308377448526964,0.10296712705609216,37,0.20108695652173914,0.17206010208652972,0.09139140063472599,6,0.2608695652173913,0.2345917616058281,0.11618740946346715,0.09765252810313499
Gold Hunter Ketch (yellow),common,2,SEA165,"Pirate, Action, Attack",https://prod-content.fabrary.io/cards/SEA165.webp,Kjjm76jCB6TCdfprGprtD,Yellow,2,4,7,2,,,,"Pirate, Action, Attack",,,,,,,,"If you control less Gold than an opponent, this costs {r}{r} less to play.",Pirate Action - Attack,,,,,,,108,0.24379232505643342,0.20598243738351046,2.3089612014652023,2.3229283450980396,2.111819011764706,0.11040417640217004,27,0.23893805309734514,0.19770732430497084,0.10808663659864377,32,0.2601626016260163,0.22108088720822924,0.1176767166355339,39,0.21195652173913043,0.17878527199263503,0.09633147634471118,10,0.43478260869565216,0.38347186700767255,0.19364568243911193,0.1289351280045002
Swiftwater Sloop (red),common,1,SEA166,"Pirate, Action, Attack",https://prod-content.fabrary.io/cards/SEA166.webp,wB9MNr6JNzqKB68gBhbQc,Red,1,2,6,2,,,,"Pirate, Action, Attack",,High Tide,,,,,,"High Tide - If there are 2 or more blue cards in your pitch zone, this gets **go again**.",Pirate Action - Attack,,,,,,,141,0.3182844243792325,0.26976969121992933,2.3089612014652023,2.3229283450980396,2.111819011764706,0.14413878585838866,32,0.2831858407079646,0.24238293356282892,0.12810268041320744,26,0.21138211382113822,0.1819290122544672,0.0956123322663713,69,0.375,0.30780578190253366,0.170432611994489,14,0.6086956521739131,0.5697899713244982,0.2711039554147567,0.1663128950222061
Swiftwater Sloop (yellow),common,2,SEA167,"Pirate, Action, Attack",https://prod-content.fabrary.io/cards/SEA167.webp,9H8LCJNgGQJCRNPLFKqPN,Yellow,2,2,5,2,,,,"Pirate, Action, Attack",,High Tide,,,,,,"High Tide - If there are 2 or more blue cards in your pitch zone, this gets **go again**.",Pirate Action - Attack,,,,,,,106,0.23927765237020315,0.20392064401718382,2.3089612014652023,2.3229283450980396,2.111819011764706,0.10835965461694466,22,0.19469026548672566,0.16376071344529383,0.08807059278408011,13,0.10569105691056911,0.08890849297573603,0.04780616613318565,58,0.31521739130434784,0.26461803650290144,0.14326219558957048,13,0.5652173913043478,0.5307139707715155,0.2517393871708455,0.13271958541942042
Swiftwater Sloop (blue),common,3,SEA168,"Pirate, Action, Attack",https://prod-content.fabrary.io/cards/SEA168.webp,QgnRKmWk6WG8RhnhRTkNB,Blue,3,2,4,2,,,,"Pirate, Action, Attack",,High Tide,,,,,,"High Tide - If there are 2 or more blue cards in your pitch zone, this gets **go again**.",Pirate Action - Attack,,,,,,,166,0.3747178329571106,0.3174753555408955,2.3089612014652023,2.3229283450980396,3.0618110117647066,0.13860221983558635,25,0.22123893805309736,0.1874580326712577,0.08199432525981841,28,0.22764227642276422,0.19388405098308442,0.08439303242371435,99,0.5380434782608695,0.44838934089135046,0.19730891413593418,14,0.6086956521739131,0.5698890355581223,0.2363242400548665,0.15000512796858337
Swindler's Grift (red),common,1,SEA169,"Pirate, Action, Attack",https://prod-content.fabrary.io/cards/SEA169.webp,PFgWLDKNLrPHmLFFFJC7W,Red,1,2,6,2,,,,"Pirate, Action, Attack",,,,,,,,"When this attacks, you may discard a yellow card. If you do, draw a card and create a Gold token.",Pirate Action - Attack,,,,,,,97,0.21896162528216703,0.18542258399233832,2.3089612014652023,2.3229283450980396,2.111819011764706,0.0991593065834305,24,0.21238938053097345,0.17928441490266872,0.09607701030990558,18,0.14634146341463414,0.124177006798958,0.06619315310748783,47,0.2554347826086957,0.21491039585414318,0.11609177918465194,8,0.34782608695652173,0.30720787613783235,0.15491654595128954,0.10831962213833374
Swindler's Grift (yellow),common,2,SEA170,"Pirate, Action, Attack",https://prod-content.fabrary.io/cards/SEA170.webp,kWhWddrDGGh6fpqFrFB6j,Yellow,2,2,5,2,,,,"Pirate, Action, Attack",,,,,,,,"When this attacks, you may discard a yellow card. If you do, draw a card and create a Gold token.",Pirate Action - Attack,,,,,,,101,0.22799097065462753,0.19328748360339384,2.3089612014652023,2.3229283450980396,2.111819011764706,0.10324835015388124,27,0.23893805309734514,0.20139607118067201,0.10808663659864377,21,0.17073170731707318,0.14084355563240863,0.07722534529206913,43,0.23369565217391305,0.1950966468835427,0.10621162776468156,10,0.43478260869565216,0.41943734015345274,0.19364568243911193,0.12129232302362661
Swindler's Grift (blue),common,3,SEA171,"Pirate, Action, Attack",https://prod-content.fabrary.io/cards/SEA171.webp,gdgW96DqcRG69KdjcLBjr,Blue,3,2,4,2,,,,"Pirate, Action, Attack",,,,,,,,"When this attacks, you may discard a yellow card. If you do, draw a card and create a Gold token.",Pirate Action - Attack,,,,,,,109,0.24604966139954854,0.20965983779494093,2.3089612014652023,2.3229283450980396,2.111819011764706,0.11142643729478272,25,0.22123893805309736,0.18763102108243468,0.1000802190728183,27,0.21951219512195122,0.1839831168202761,0.09928972966123173,46,0.25,0.21077177737941302,0.11362174132965934,11,0.4782608695652174,0.4463074936581661,0.21301025068302312,0.1315004851866831
Thiev'n Varmints (red),common,1,SEA172,"Pirate, Action, Attack",https://prod-content.fabrary.io/cards/SEA172.webp,mGJzBdWQ7W7FHH6QnLzNj,Red,1,0,4,3,,,,"Pirate, Action, Attack",,,,,,,,"When this attacks, you may remove a gold counter from Treasure Island. If you do and you are a Thief, create a Gold token.",Pirate Action - Attack,,,,,,,145,0.327313769751693,0.28549096175277766,2.3089612014652023,2.3229283450980396,3.0618110117647066,0.12106820407325314,36,0.3185840707964602,0.2711352032016142,0.11807182837413852,36,0.2926829268292683,0.24896076414803292,0.10850532740191846,39,0.21195652173913043,0.17965739397300923,0.07772775405354983,34,1.4782608695652173,1.3980471136285428,0.5739302972761043,0.21955880177642778
Chart a Course (red),common,1,SEA173,"Pirate, Action",https://prod-content.fabrary.io/cards/SEA173.webp,MnFBFMRFhmwWQLLKQFJQc,Red,1,0,,2,,,,"Pirate, Action",,Go again,,,,,,"""Your first attack this turn gets +3{p}.",,,,,,,,123,0.27765237020316025,0.23909279776015316,2.3089612014652023,2.3229283450980396,2.111819011764706,0.1257380897913603,48,0.4247787610619469,0.35837538376698763,0.19215402061981116,42,0.34146341463414637,0.2939672266160637,0.15445069058413827,20,0.10869565217391304,0.0934362894844839,0.04940075709985189,13,0.5652173913043478,0.5248454305720621,0.2517393871708455,0.1619362138686617
Chart a Course (yellow),common,2,SEA174,"Pirate, Action",https://prod-content.fabrary.io/cards/SEA174.webp,Rwgrgc7rDQbtj6KhkfjTb,Yellow,2,0,,2,,,,"Pirate, Action",,Go again,,,,,,"""Your second attack this turn gets +3{p}.",,,,,,,,117,0.26410835214446954,0.2249979414441049,2.3089612014652023,2.3229283450980396,2.111819011764706,0.1196045244356842,35,0.30973451327433627,0.2616062160002936,0.14011230670194563,47,0.3821138211382114,0.3215359893623423,0.17283767755844043,16,0.08695652173913043,0.0710739296265612,0.03952060567988151,19,0.8260869565217391,0.7602633003847837,0.36792679663431266,0.18009934664364508
Chart a Course (blue),common,3,SEA175,"Pirate, Action",https://prod-content.fabrary.io/cards/SEA175.webp,jmdFFT8D6MhJWJLRbz6dt,Blue,3,0,,2,,,,"Pirate, Action",,Go again,,,,,,"""Your third attack this turn gets +3{p}.",,,,,,,,101,0.22799097065462753,0.19498731440007996,2.3089612014652023,2.3229283450980396,2.111819011764706,0.10324835015388124,14,0.12389380530973451,0.1042839337249635,0.05604492268077825,25,0.2032520325203252,0.17230783673904568,0.09193493487151086,53,0.28804347826086957,0.24594568779400927,0.1309120063146075,9,0.391304347826087,0.35423588240496917,0.17428111419520073,0.11329324451552433
Mutiny on the Battalion Barque (blue),common,3,SEA176,"Pirate, Action",https://prod-content.fabrary.io/cards/SEA176.webp,6TFrJmTqf9DjPmgPrmd8m,Blue,3,0,,2,,,,"Pirate, Action",,"Go again, Steal",,,,,,"""For each hero that controls more Gold than you, **steal** a Gold token they control.",,,,,,,,154,0.3476297968397291,0.29751232327322286,2.3089612014652023,2.3229283450980396,3.0618110117647066,0.12858278225711023,31,0.2743362831858407,0.23524821876367524,0.10167296332217483,30,0.24390243902439024,0.21342587942153293,0.09042110616826537,86,0.4673913043478261,0.3948758411514913,0.1713996627847509,7,0.30434782608695654,0.27419011082693945,0.11816212002743325,0.12041396307565609
Mutiny on the Nimbus Sovereign (blue),common,3,SEA177,"Pirate, Action",https://prod-content.fabrary.io/cards/SEA177.webp,JnzNgM8krkHCW67dfWJLP,Blue,3,0,,2,,,,"Pirate, Action",,"Go again, Steal",,,Overpower,,,"""For each hero that controls more Gold than you, **steal** a Gold token they control.",,,,,,,,138,0.3115124153498871,0.2643067789324183,2.3089612014652023,2.3229283450980396,3.0618110117647066,0.1152235321524754,22,0.19469026548672566,0.16765035827715627,0.07215500622864021,23,0.18699186991869918,0.157267513757735,0.0693228480623368,83,0.45108695652173914,0.37959373285986076,0.1654206047806317,10,0.43478260869565216,0.3893157192750873,0.16880302861061894,0.11892537192055691
Mutiny on the Swiftwater (blue),common,3,SEA178,"Pirate, Action",https://prod-content.fabrary.io/cards/SEA178.webp,JwdBp6DFwFkG9npJ78jbK,Blue,3,0,,2,,,,"Pirate, Action",,"Go again, Steal",,,Go again,,,"""For each hero that controls more Gold than you, **steal** a Gold token they control.",,,,,,,,168,0.3792325056433409,0.32151595404755695,2.3089612014652023,2.3229283450980396,3.0618110117647066,0.1402721260986657,26,0.23008849557522124,0.1999418505856707,0.08527409827021115,28,0.22764227642276422,0.19018311505380148,0.08439303242371435,105,0.5706521739130435,0.4793664783447767,0.2092670301441726,9,0.391304347826087,0.3583557982534964,0.15192272574955704,0.1327142216469138
Bandana of the Blue Beyond,common,0,SEA179,"Generic, Equipment, Head",https://prod-content.fabrary.io/cards/SEA179.webp,rFtnRCDzmJrrJwfJfWnFC,,,,,0,,,,"Generic, Equipment, Head",,,Action,Go again,,,,"**Action** - Discard a card, destroy this: Put a blue card from your graveyard on the bottom of your deck. **Go again**",Generic Equipment - Head,,,,,,,64,0.14446952595936793,0.0,1.6660106666666663,1.6660106666666663,1.7493112000000002,0.08451241929668309,19,0.168141592920354,0.0,0.09839938573593059,11,0.08943089430894309,0.0,0.05233926898835467,31,0.16847826086956522,0.0,0.09839938573593059,3,0.13043478260869565,0.0,0.07695336576784315,0.08152285155701475
Helmsman's Peak,common,0,SEA180,"Generic, Equipment, Head",https://prod-content.fabrary.io/cards/SEA180.webp,PMh8LjJm6jmBKfm8FqfkW,,,,,1,,,,"Generic, Equipment, Head",,Blade Break,,,,,,"""When this defends, look at the top card of your deck.",,,,,,,,86,0.19413092550790068,0.0,1.6660106666666663,1.6660106666666663,1.4994096000000001,0.12293478865698781,24,0.21238938053097345,0.0,0.13438125066921863,34,0.2764227642276423,0.0,0.1748760291485176,23,0.125,0.0,0.07943287582710622,5,0.21739130434782608,0.0,0.13518834526783258,0.13096962522816874
Captain's Coat,common,0,SEA181,"Generic, Equipment, Chest",https://prod-content.fabrary.io/cards/SEA181.webp,hmr8mCTP6dhctND9KcFjp,,,,,0,,,,"Generic, Equipment, Chest",,,Action,Go again,,,,**Action** - Destroy this: Gain {r}. Activate this only if you've drawn a card this turn. **Go again**,Generic Equipment - Chest,,,,,,,81,0.18284424379232506,0.0,1.6660106666666663,1.6660106666666663,1.7493112000000002,0.10696103067236454,19,0.168141592920354,0.0,0.09839938573593059,15,0.12195121951219512,0.0,0.07137173043866546,45,0.24456521739130435,0.0,0.1428378180037702,2,0.08695652173913043,0.0,0.051302243845228766,0.09097779450589875
Old Knocker,common,0,SEA182,"Generic, Equipment, Chest",https://prod-content.fabrary.io/cards/SEA182.webp,KTh89nLtmJWQcQQJPwgDW,,,,,1,,,,"Generic, Equipment, Chest",,Blade Break,Instant,,,,,"""**Instant** - {t} your hero, destroy this: Gain {r}",,,,,,,,98,0.22121896162528218,0.0,1.6660106666666663,1.6660106666666663,1.7493112000000002,0.12940964204804598,38,0.336283185840708,0.0,0.19679877147186117,10,0.08130081300813008,0.0,0.04758115362577697,45,0.24456521739130435,0.0,0.1428378180037702,5,0.21739130434782608,0.0,0.12825560961307192,0.12886833817862006
Swiftstrike Bracers,common,0,SEA183,"Generic, Equipment, Arms",https://prod-content.fabrary.io/cards/SEA183.webp,69mRCnm9t6Dcjkk9H8RhG,,,,,0,,,,"Generic, Equipment, Arms",,,Action,Go again,,,,**Action** - Destroy this: Your next attack this turn gets +2{p}. Activate this only if you've played a Nimblism this turn. **Go again**,Generic Equipment - Arms,,,,,,,77,0.17381489841986456,0.0,1.6660106666666663,1.6660106666666663,1.7493112000000002,0.10167900446632185,18,0.1592920353982301,0.0,0.0932204706971974,36,0.2926829268292683,0.0,0.1712921530527971,17,0.09239130434782608,0.0,0.05396095346809097,6,0.2608695652173913,0.0,0.1539067315356863,0.11809507718844295
Light Fingers,common,0,SEA184,"Generic, Equipment, Arms",https://prod-content.fabrary.io/cards/SEA184.webp,QCpd7ctKhtN7LCP8FqkmP,,,,,1,,,,"Generic, Equipment, Arms",,Blade Break,,,,,,"""When this defends, if you are a Thief, **steal** a Gold token the attacking hero controls.",,,,,,,,69,0.15575620767494355,0.0,1.6660106666666663,1.6660106666666663,1.4994096000000001,0.09863372578293209,14,0.12389380530973451,0.0,0.07838906289037753,30,0.24390243902439024,0.0,0.1543023786604567,16,0.08695652173913043,0.0,0.05525765274929128,9,0.391304347826087,0.0,0.24333902148209863,0.13282202894555603
Quartermaster's Boots,common,0,SEA185,"Generic, Equipment, Legs",https://prod-content.fabrary.io/cards/SEA185.webp,KbcGqTJFnNLmLWMpfzPbT,,,,,1,,,,"Generic, Equipment, Legs",,Blade Break,Action,Go again,,,,"""**Action** - {r}{r}, destroy this: The next non-attack action card you play this turn gets **go again**. **Go again**",,,,,,,,98,0.22121896162528218,0.0,1.6660106666666663,1.6660106666666663,1.7493112000000002,0.12940964204804598,25,0.22123893805309736,0.0,0.1294728759683297,8,0.06504065040650407,0.0,0.03806492290062158,62,0.33695652173913043,0.0,0.19679877147186117,3,0.13043478260869565,0.0,0.07695336576784315,0.11032248402716391
Quick Clicks,common,0,SEA186,"Generic, Equipment, Legs",https://prod-content.fabrary.io/cards/SEA186.webp,BzRFcMpm9fmqgDPNdCRQ9,,,,,0,,,,"Generic, Equipment, Legs",,,Action,Go again,,,,**Action** - Destroy this: Your next attack this turn gets **go again**. Activate this only if you've played a Nimblism this turn. **Go again**,Generic Equipment - Legs,,,,,,,76,0.17155756207674944,0.0,1.6660106666666663,1.6660106666666663,1.7493112000000002,0.10035849791481118,29,0.25663716814159293,0.0,0.15018853612326247,20,0.16260162601626016,0.0,0.09516230725155395,18,0.09782608695652174,0.0,0.05713512720150808,9,0.391304347826087,0.0,0.23086009730352947,0.1333365169699635
Sea Legs (yellow),mythic,2,SEA187,"Generic, Action, Attack",https://prod-content.fabrary.io/cards/SEA187.webp,q6JzqgbQgM8DB8tgcfc6B,Yellow,2,3,6,3,,,,"Generic, Action, Attack",,,,,,,,"When this is discarded, create a Goldkiss Rum token.",Generic Action - Attack,,,,No,No,,16,0.03611738148984198,0.03136636859598646,0.16806472727272725,0.1711010909090909,0.18980700478468898,0.2008297593803881,3,0.02654867256637168,0.024035865011457363,0.14762179341355502,3,0.024390243902439025,0.02094111850209411,0.1356383777806467,9,0.04891304347826087,0.0414986360352493,0.27136294999360605,1,0.043478260869565216,0.04207573632538569,0.24608007625590625,0.2001757993609285
Midas Touch (yellow),mythic,2,SEA188,"Generic, Action",https://prod-content.fabrary.io/cards/SEA188.webp,mFpKJrtphdgPmTDK7T7PJ,Yellow,2,1,,3,,,,"Generic, Action",,Go again,,,,,,"""Destroy target ally. Its controller creates Gold tokens equal to its cost.",,,,,,,,11,0.024830699774266364,0.021530729612325678,0.16806472727272725,0.1711010909090909,0.18980700478468898,0.13807045957401684,3,0.02654867256637168,0.02320220123447609,0.14762179341355502,7,0.056910569105691054,0.04963783469881029,0.31648954815484226,1,0.005434782608695652,0.004406580493537015,0.030151438888178454,0,0.0,0.0,0.0,0.12356569511414393
Amethyst Amulet (blue),mythic,3,SEA189,"Generic, Action, Item",https://prod-content.fabrary.io/cards/SEA189.webp,rnCGHPJFzCqjPfbkJTKHM,Blue,3,0,,,,,,"Generic, Action, Item",,"Legendary, Watery Grave",Instant,,,,,"""**Instant** - Destroy this: Your next attack this turn gets +2{p}.",,,,,,,,16,0.03611738148984198,0.02960731202419942,0.16806472727272725,0.1711010909090909,0.11008532057416269,0.26120846116120855,0,0.0,0.0,0.0,0,0.0,0.0,0.0,16,0.08695652173913043,0.07128282188434969,0.6391230913154609,0,0.0,0.0,0.0,0.15978077282886521
Diamond Amulet (blue),mythic,3,SEA190,"Generic, Action, Item",https://prod-content.fabrary.io/cards/SEA190.webp,KKLmtWbhTRtcffWGpz7CN,Blue,3,0,,,,,,"Generic, Action, Item",,"Legendary, Watery Grave",Instant,,,,,"""**Instant** - Destroy this: gain 1 action point.",,,,,,,,10,0.022573363431151242,0.019025569851891234,0.16806472727272725,0.1711010909090909,0.11008532057416269,0.16325528822575536,0,0.0,0.0,0.0,1,0.008130081300813009,0.007390983000739099,0.05849606183912129,9,0.04891304347826087,0.04086541595270057,0.3595067388649467,0,0.0,0.0,0.0,0.10450070017601701
Onyx Amulet (blue),mythic,3,SEA191,"Generic, Action, Item",https://prod-content.fabrary.io/cards/SEA191.webp,hpQCHKmzQGrjhJFJR8pBP,Blue,3,0,,,,,,"Generic, Action, Item",,"Legendary, Watery Grave",Action,Go again,,,,"""**Action** - Destroy this: {t} all heroes and allies. **Go again**",,,,,,,,7,0.01580135440180587,0.013235979956556974,0.16806472727272725,0.1711010909090909,0.11008532057416269,0.11427870175802875,1,0.008849557522123894,0.0068073519400953025,0.06370098266684192,1,0.008130081300813009,0.006968641114982578,0.05849606183912129,5,0.02717391304347826,0.02302807333902779,0.1997259660360815,0,0.0,0.0,0.0,0.08048075263551117
Opal Amulet (blue),mythic,3,SEA192,"Generic, Action, Item",https://prod-content.fabrary.io/cards/SEA192.webp,rdG6zR6dgDWwzw9KKtq78,Blue,3,0,,,,,,"Generic, Action, Item",,"Legendary, Watery Grave",Instant,Opt 2,,,,"""**Instant** - Destroy this: **Opt 2**",,,,,,,,9,0.020316027088036117,0.016531400306533266,0.16806472727272725,0.1711010909090909,0.11008532057416269,0.14692975940317982,0,0.0,0.0,0.0,1,0.008130081300813009,0.006097560975609756,0.05849606183912129,8,0.043478260869565216,0.03572505617279476,0.31956154565773043,0,0.0,0.0,0.0,0.09451440187421292
Pearl Amulet (blue),mythic,3,SEA193,"Generic, Action, Item",https://prod-content.fabrary.io/cards/SEA193.webp,rKb97mmPGtmm9R9dMDW8d,Blue,3,0,,,,,,"Generic, Action, Item",,"Legendary, Watery Grave",Action,Go again,,,,"""**Action** - Destroy this: {u} target permanent. **Go again**",,,,,,,,6,0.013544018058690745,0.0115958975275949,0.16806472727272725,0.1711010909090909,0.11008532057416269,0.0979531729354532,0,0.0,0.0,0.0,1,0.008130081300813009,0.006591957811470007,0.05849606183912129,5,0.02717391304347826,0.02351180322779201,0.1997259660360815,0,0.0,0.0,0.0,0.06455550696880069
Platinum Amulet (blue),mythic,3,SEA194,"Generic, Action, Item",https://prod-content.fabrary.io/cards/SEA194.webp,QmBfhgrGL6JDrhkn6ccg8,Blue,3,0,,,,,,"Generic, Action, Item",,"Legendary, Watery Grave",Instant,,,,,"""**Instant** - Destroy this: Target defending card gets +1{d} until end of turn.",,,,,,,,6,0.013544018058690745,0.01106495823944405,0.16806472727272725,0.1711010909090909,0.11008532057416269,0.0979531729354532,0,0.0,0.0,0.0,1,0.008130081300813009,0.007173601147776184,0.05849606183912129,5,0.02717391304347826,0.02184469325487632,0.1997259660360815,0,0.0,0.0,0.0,0.06455550696880069
Pounamu Amulet (blue),mythic,3,SEA195,"Generic, Action, Item",https://prod-content.fabrary.io/cards/SEA195.webp,cGJkkqNfjfkwKDkcqwMBk,Blue,3,0,,,,,,"Generic, Action, Item",,"Legendary, Watery Grave",Action,Go again,,,,"""**Action** - Destroy this: Gain 2{h}. **Go again**",,,,,,,,7,0.01580135440180587,0.013149765628991845,0.16806472727272725,0.1711010909090909,0.11008532057416269,0.11427870175802875,0,0.0,0.0,0.0,1,0.008130081300813009,0.007390983000739099,0.05849606183912129,6,0.03260869565217391,0.026718778611698257,0.23967115924329782,0,0.0,0.0,0.0,0.07454180527060478
Ruby Amulet (blue),mythic,3,SEA196,"Generic, Action, Item",https://prod-content.fabrary.io/cards/SEA196.webp,chPNcp7C8zz7FFPhLkMrh,Blue,3,0,,,,,,"Generic, Action, Item",,"Legendary, Watery Grave",Instant,,,,,"""**Instant** - Destroy this: Gain {r}{r}",,,,,,,,6,0.013544018058690745,0.011889280274690751,0.16806472727272725,0.1711010909090909,0.11008532057416269,0.0979531729354532,1,0.008849557522123894,0.008849557522123894,0.06370098266684192,0,0.0,0.0,0.0,5,0.02717391304347826,0.02318995196569567,0.1997259660360815,0,0.0,0.0,0.0,0.06585673717573086
Sapphire Amulet (blue),mythic,3,SEA197,"Generic, Action, Item",https://prod-content.fabrary.io/cards/SEA197.webp,8n9Fkr9DLNbMhKJRJTkLL,Blue,3,0,,,,,,"Generic, Action, Item",,"Legendary, Watery Grave",Action,,,,,"""**Action** - Destroy this: You get +1{i} this turn.",,,,,,,,10,0.022573363431151242,0.019726355581391887,0.16806472727272725,0.1711010909090909,0.11008532057416269,0.16325528822575536,2,0.017699115044247787,0.015938719193072604,0.12740196533368384,1,0.008130081300813009,0.006968641114982578,0.05849606183912129,7,0.03804347826086957,0.033046507590198615,0.27961635245051414,0,0.0,0.0,0.0,0.11637859490582982
Crash Down the Gates (red),rare,1,SEA198,"Generic, Action, Attack",https://prod-content.fabrary.io/cards/SEA198.webp,78qm8bGbrcGwf7chnPrqj,Red,1,3,6,2,,,,"Generic, Action, Attack",,,,,,,,"""When this attacks a hero, they reveal the top card of their deck. If this has {p} greater than the revealed card, this gets +2{p}.",,,,,,,,46,0.1038374717832957,0.08778870810619908,0.7582363511904764,0.762198275,0.7975172199921293,0.1332459906272727,16,0.1415929203539823,0.12164724294558388,0.18171468225077306,17,0.13821138211382114,0.11582809033061166,0.17738486168120834,13,0.07065217391304347,0.059225022432228054,0.090558362407166,0,0.0,0.0,0.0,0.11241447658478684
Crash Down the Gates (yellow),rare,2,SEA199,"Generic, Action, Attack",https://prod-content.fabrary.io/cards/SEA199.webp,rkBTWR7wJGdbpzMDC8CfT,Yellow,2,3,5,2,,,,"Generic, Action, Attack",,,,,,,,"""When this attacks a hero, they reveal the top card of their deck. If this has {p} greater than the revealed card, this gets +2{p}.",,,,,,,,36,0.08126410835214447,0.06860898991627071,0.7582363511904764,0.762198275,0.7975172199921293,0.10427947092569166,12,0.10619469026548672,0.08929339523328399,0.1362860116880798,9,0.07317073170731707,0.061775921154460754,0.09390963265475735,13,0.07065217391304347,0.05881976971941132,0.090558362407166,2,0.08695652173913043,0.08184143222506393,0.11245192275163861,0.10830148237541044
Crash Down the Gates (blue),rare,3,SEA200,"Generic, Action, Attack",https://prod-content.fabrary.io/cards/SEA200.webp,6cNDdMzwq6KHcHjFdmmHT,Blue,3,3,4,2,,,,"Generic, Action, Attack",,,,,,,,"""When this attacks a hero, they reveal the top card of their deck. If this has {p} greater than the revealed card, this gets +2{p}.",,,,,,,,36,0.08126410835214447,0.06800193021181357,0.7582363511904764,0.762198275,0.7975172199921293,0.10427947092569166,7,0.061946902654867256,0.0525871185478298,0.07950017348471322,13,0.10569105691056911,0.08774958127446235,0.13564724716798285,13,0.07065217391304347,0.05759711054838259,0.090558362407166,3,0.13043478260869565,0.12136712392466868,0.1686778841274579,0.11859591679682999
Jack Be Nimble (red),rare,1,SEA201,"Generic, Action, Attack",https://prod-content.fabrary.io/cards/SEA201.webp,JfdLrjqqCPgLQkrhtFqcz,Red,1,0,3,3,,,,"Generic, Action, Attack",,"Go again, Steal",,,,,,"""When this attacks, you may banish a Nimblism from your graveyard. If you do, this gets +1{p} and **go again**.",,,,,,,,40,0.09029345372460497,0.08001591408478483,0.7582363511904764,0.762198275,0.7975172199921293,0.11586607880632407,12,0.10619469026548672,0.09382863434686771,0.1362860116880798,15,0.12195121951219512,0.10430768859750209,0.1565160544245956,6,0.03260869565217391,0.02810775339884237,0.04179616726484584,7,0.30434782608695654,0.29751051893408137,0.3935817296307351,0.1820449907520641
Jack Be Quick (red),rare,1,SEA202,"Generic, Action, Attack",https://prod-content.fabrary.io/cards/SEA202.webp,hKpL79WLFdLkgBhmhtdQJ,Red,1,0,3,3,,,,"Generic, Action, Attack",,"Go again, Steal",,,,,,"""When this attacks, you may banish a Nimblism from your graveyard. If you do, this gets +1{p} and **go again**.",,,,,,,,45,0.10158013544018059,0.08788897144246816,0.7582363511904764,0.762198275,0.7975172199921293,0.13034933865711457,15,0.13274336283185842,0.11403289925525181,0.17035751461009976,18,0.14634146341463414,0.12360961625195559,0.1878192653095147,6,0.03260869565217391,0.0274865166169514,0.04179616726484584,6,0.2608695652173913,0.25163455985479743,0.3373557682549158,0.18433217885984404
Money or Your Life? (red),rare,1,SEA203,"Generic, Action, Attack",https://prod-content.fabrary.io/cards/SEA203.webp,JnLNPdCz8Fkp6KJ7TMLdj,Red,1,3,6,2,,,,"Generic, Action, Attack",,,,,,,,"When this hits a hero, deal 2 damage to them unless they give you a Gold token they control. If you are a Thief, repeat this process once.",Generic Action - Attack,,,,,No,,39,0.08803611738148984,0.07677398732235684,0.7582363511904764,0.762198275,0.7975172199921293,0.11296942683616597,8,0.07079646017699115,0.06285168934830569,0.09085734112538653,5,0.04065040650406504,0.03492035161596439,0.05217201814153186,17,0.09239130434782608,0.0768991040943549,0.11842247391706323,9,0.391304347826087,0.3679998732748094,0.5060336523823737,0.19187137139158883
Money or Your Life? (yellow),rare,2,SEA204,"Generic, Action, Attack",https://prod-content.fabrary.io/cards/SEA204.webp,tDFjkc6tL8qqHC9n9nCrh,Yellow,2,3,5,2,,,,"Generic, Action, Attack",,,,,,,,"When this hits a hero, deal 2 damage to them unless they give you a Gold token they control. If you are a Thief, repeat this process once.",Generic Action - Attack,,,,,No,,35,0.07900677200902935,0.06822708669923543,0.7582363511904764,0.762198275,0.7975172199921293,0.10138281895553355,9,0.07964601769911504,0.06599159538281157,0.10221450876605985,7,0.056910569105691054,0.047866784595622464,0.07304082539814462,11,0.059782608695652176,0.04951694249967908,0.07662630665221738,8,0.34782608695652173,0.3377746610565685,0.44980769100655443,0.17542233295574405
Money or Your Life? (blue),rare,3,SEA205,"Generic, Action, Attack",https://prod-content.fabrary.io/cards/SEA205.webp,FG8PKbFmKK7Tgck8BjrdW,Blue,3,3,4,2,,,,"Generic, Action, Attack",,,,,,,,"When this hits a hero, deal 2 damage to them unless they give you a Gold token they control. If you are a Thief, repeat this process once.",Generic Action - Attack,,,,,No,,40,0.09029345372460497,0.07808488092606325,0.7582363511904764,0.762198275,0.7975172199921293,0.11586607880632407,10,0.08849557522123894,0.07385205964619099,0.11357167640673317,8,0.06504065040650407,0.05518270002854676,0.08347522902645099,14,0.07608695652173914,0.06422450369449705,0.0975243902846403,8,0.34782608695652173,0.3322408142142488,0.44980769100655443,0.1860947466810947
Flying High (red),rare,1,SEA206,"Generic, Action",https://prod-content.fabrary.io/cards/SEA206.webp,g8DkCdbjNtDPTMWhDFnNf,Red,1,0,,2,,,,"Generic, Action",,Go again,,,Go again,,,"""Your next attack this turn gets **go again**. If it's red, it gets +1{p}.",,,,,,,,26,0.05869074492099323,0.04987023754014929,0.7582363511904764,0.762198275,0.7975172199921293,0.07531295122411065,10,0.08849557522123894,0.07409703735630471,0.11357167640673317,8,0.06504065040650407,0.05486331737936359,0.08347522902645099,5,0.02717391304347826,0.02207756012103838,0.034830139387371534,3,0.13043478260869565,0.12648221343873517,0.1686778841274579,0.1001387322370034
Flying High (yellow),rare,2,SEA207,"Generic, Action",https://prod-content.fabrary.io/cards/SEA207.webp,6cjnMQdchnmhcWTkNMrbK,Yellow,2,0,,2,,,,"Generic, Action",,Go again,,,Go again,,,"""Your next attack this turn gets **go again**. If it's yellow, it gets +1{p}.",,,,,,,,47,0.10609480812641084,0.08928137440767696,0.7582363511904764,0.762198275,0.7975172199921293,0.13614264259743078,6,0.05309734513274336,0.04431622974596755,0.0681430058440399,9,0.07317073170731707,0.06046242053944236,0.09390963265475735,27,0.14673913043478262,0.12259792156039129,0.1880827526918063,5,0.21739130434782608,0.19778346121057117,0.2811298068790965,0.157816299517425
Flying High (blue),rare,3,SEA208,"Generic, Action",https://prod-content.fabrary.io/cards/SEA208.webp,nL9rPDJLqLM9dBndmpn6L,Blue,3,0,,2,,,,"Generic, Action",,Go again,,,Go again,,,"""Your next attack this turn gets **go again**. If it's blue, it gets +1{p}.",,,,,,,,54,0.12189616252821671,0.10125033290348688,0.7582363511904764,0.762198275,0.7975172199921293,0.15641920638853749,8,0.07079646017699115,0.06266623014391844,0.09085734112538653,2,0.016260162601626018,0.01301044304895396,0.020868807256612748,42,0.22826086956521738,0.18571917921174216,0.2925731708539209,2,0.08695652173913043,0.08695652173913043,0.11245192275163861,0.1291878104968897
Clap 'Em in Irons (blue),rare,3,SEA209,"Generic, Action, Item",https://prod-content.fabrary.io/cards/SEA209.webp,Rz7gTL7CQrDCtn9n87jGK,Blue,3,0,,,,,,"Generic, Action, Item",,Go again,,,,,,"""**Go again**",,,,,,,,36,0.08126410835214447,0.06888943420721297,0.7582363511904764,0.762198275,0.7975172199921293,0.10427947092569166,8,0.07079646017699115,0.06034928158821964,0.09085734112538653,8,0.06504065040650407,0.05385524897720019,0.08347522902645099,18,0.09782608695652174,0.08275958696217386,0.12538850179453753,2,0.08695652173913043,0.08028656126482214,0.11245192275163861,0.10304324867450342
Regain Composure (blue),rare,3,SEA210,"Generic, Action",https://prod-content.fabrary.io/cards/SEA210.webp,qWzngwMHHKwBJT6BKkF9r,Blue,3,0,,2,,,,"Generic, Action",,Go again,,,,,,"""Your next attack this turn gets +1{p} and """"When this hits, {u} your hero.""""",,,,,,,,30,0.06772009029345373,0.057666341546915884,0.7582363511904764,0.762198275,0.43837784809130287,0.11438813961115764,2,0.017699115044247787,0.015630387311803242,0.029753032534942808,6,0.04878048780487805,0.04205783436320324,0.08195485987911937,19,0.10326086956521739,0.08655933516278112,0.17770026854795373,3,0.13043478260869565,0.11651844532279314,0.20117670341958788,0.12264621609540095
Tit for Tat (blue),rare,3,SEA211,"Generic, Action",https://prod-content.fabrary.io/cards/SEA211.webp,knKbmDwjgK9qD8rmJNTQq,Blue,3,0,,2,,,,"Generic, Action",,Go again,,,,,,"""{t} target hero. {u} another target hero.",,,,,,,,42,0.09480812641083522,0.0802508153244803,0.7582363511904764,0.762198275,0.43837784809130287,0.16014339545562067,10,0.08849557522123894,0.0759382224764838,0.14876516267471404,7,0.056910569105691054,0.04757264475606242,0.09561400319230594,21,0.11413043478260869,0.09457936955223768,0.19640555997405412,4,0.17391304347826086,0.16156751070846442,0.2682356045594505,0.17725508260013115
Fiddler's Green (red),rare,1,SEA212,"Generic, Block",https://prod-content.fabrary.io/cards/SEA212.webp,6dNCtnqWjTwr88JCckKDG,Red,1,,,1,,,,"Generic, Block",,,,,,,,"When this is put into your graveyard from anywhere, gain 3{h}.",Generic Block,,,,,No,,50,0.11286681715575621,0.09536989951703498,0.7582363511904764,0.762198275,0.7975172199921293,0.14483259850790509,9,0.07964601769911504,0.06820880327517495,0.10221450876605985,6,0.04878048780487805,0.04085160658628832,0.06260642176983824,32,0.17391304347826086,0.14519265128815786,0.22291289207917783,3,0.13043478260869565,0.12178588125292192,0.1686778841274579,0.13910292668563345
Fiddler's Green (yellow),rare,2,SEA213,"Generic, Block",https://prod-content.fabrary.io/cards/SEA213.webp,bR7C7tbtGczDWnbDHjTD7,Yellow,2,,,1,,,,"Generic, Block",,,,,,,,"When this is put into your graveyard from anywhere, gain 2{h}.",Generic Block,,,,,No,,49,0.11060948081264109,0.09486448455739005,0.7582363511904764,0.762198275,0.7975172199921293,0.141935946537747,14,0.12389380530973451,0.10371560783900848,0.15900034696942644,7,0.056910569105691054,0.04991426830840471,0.07304082539814462,24,0.13043478260869565,0.11084138390135158,0.16718466905938337,4,0.17391304347826086,0.16394927536231882,0.22490384550327722,0.1560324217325579
Fiddler's Green (blue),rare,3,SEA214,"Generic, Block",https://prod-content.fabrary.io/cards/SEA214.webp,7bLzzWQGtNWkHWzjkcdQn,Blue,3,,,1,,,,"Generic, Block",,,,,,,,"When this is put into your graveyard from anywhere, gain 1{h}.",Generic Block,,,,,No,,27,0.060948081264108354,0.05111568698304925,0.7582363511904764,0.762198275,0.43837784809130287,0.10294932565004188,4,0.035398230088495575,0.029165733226118443,0.059506065069885615,4,0.032520325203252036,0.027086537757269463,0.05463657325274625,16,0.08695652173913043,0.07248344071940789,0.14964233140880315,3,0.13043478260869565,0.11651844532279314,0.20117670341958788,0.11624041828775572
Fool's Gold (yellow),rare,2,SEA215,"Generic, Resource",https://prod-content.fabrary.io/cards/SEA215.webp,t9FQnwWKw7RWz7pPBGf7f,Yellow,2,,,,,,,"Generic, Resource",,,,,,,,"When this is discarded, create a Gold token.",Generic Resource,,,,,No,,21,0.04740406320541761,0.03867451275190984,0.7582363511904764,0.762198275,0.43837784809130287,0.08007169772781034,4,0.035398230088495575,0.02854310725759258,0.059506065069885615,9,0.07317073170731707,0.06028392648394839,0.12293228981867906,8,0.043478260869565216,0.03528540799707847,0.07482116570440157,0,0.0,0.0,0.0,0.06431488014824156
Blow for a Blow (red),common,1,SEA216,"Generic, Action, Attack",https://prod-content.fabrary.io/cards/SEA216.webp,Fp6nwdwf88LdLLcTJcFHr,Red,1,2,4,2,,,,"Generic, Action, Attack",,Go again,,,,,,"""When this is played, if you have less {h} than an opposing hero, it gets **go again**.",,,,,,,,82,0.18510158013544017,0.15839120365868217,2.2340210109890095,2.247988154621848,2.0810903560270018,0.08584246103223744,16,0.1415929203539823,0.11833054915963064,0.0656018285666192,15,0.12195121951219512,0.10328175315338345,0.056497359916366556,40,0.21739130434782608,0.18254899117783485,0.10111921876803244,11,0.4782608695652174,0.4566643978769629,0.21881500662217868,0.11050835346829922
Life for a Life (red),common,1,SEA217,"Generic, Action, Attack",https://prod-content.fabrary.io/cards/SEA217.webp,qqzmLCbJJ6nwQGtzrJMcL,Red,1,1,4,2,,,,"Generic, Action, Attack",,Go again,,,,,,"""When this is played, if you have less {h} than an opposing hero, it gets **go again**.",,,,,,,,86,0.19413092550790068,0.16757136368339037,2.0361531428571418,2.0361531428571418,1.8692553442622954,0.09959900389333028,29,0.25663716814159293,0.2184056520640754,0.13157582344295116,31,0.25203252032520324,0.21456845867855462,0.12920312603384954,20,0.10869565217391304,0.09395301636434361,0.05592393852669768,6,0.2608695652173913,0.2554347826086957,0.13187874043471146,0.11214540710955245
Scar for a Scar (red),common,1,SEA218,"Generic, Action, Attack",https://prod-content.fabrary.io/cards/SEA218.webp,DbpqBt8Gp8HWg6QMFBBgh,Red,1,0,4,2,,,,"Generic, Action, Attack",,Go again,,,,,,"When this is played, if you have less {h} than an opposing hero, it gets **go again**.",Generic Action - Attack,,,,,,,112,0.2528216704288939,0.21705553264060629,2.0361531428571418,2.0361531428571418,1.8692553442622954,0.12971033065177898,40,0.35398230088495575,0.3033787083497018,0.18148389440407056,49,0.3983739837398374,0.33762554910704046,0.20422429598898797,16,0.08695652173913043,0.07395265819178863,0.04473915082135814,7,0.30434782608695654,0.292981533426835,0.15385853050716336,0.14607646793039503
Ravenous Rabble (red),common,1,SEA219,"Generic, Action, Attack",https://prod-content.fabrary.io/cards/SEA219.webp,RpjM6dFbhwh7WPQkNLbbF,Red,1,0,5,2,,,,"Generic, Action, Attack",,Go again,,,,,,"""When this attacks, reveal the top card of your deck. This gets -X{p}, where X is the pitch value of the card revealed this way.",,,,,,,,105,0.23702031602708803,0.20580029688210214,2.0361531428571418,2.0361531428571418,1.8692553442622954,0.12160343498604279,45,0.39823008849557523,0.33911205440197845,0.20416938120457936,41,0.3333333333333333,0.2878103725815725,0.17088155378670422,8,0.043478260869565216,0.037008085116637744,0.02236957541067907,11,0.4782608695652174,0.4625959079283888,0.241777690796971,0.15979955029973342
Nimby (red),common,1,SEA220,"Generic, Action, Attack",https://prod-content.fabrary.io/cards/SEA220.webp,TwN6BKbDJDrJBf7DPGcP8,Red,1,0,3,2,,,,"Generic, Action, Attack",,,,,,,,"When this attacks, you may search your deck for a Nimblism, reveal it, put it into your hand, then shuffle.",Generic Action - Attack,,,,,,,101,0.22799097065462753,0.19612348507015967,2.2340210109890095,2.247988154621848,2.0810903560270018,0.10573278736897539,35,0.30973451327433627,0.2621726883879117,0.1435039999894795,33,0.2682926829268293,0.22779830278648888,0.12429419181600643,18,0.09782608695652174,0.08246688529091106,0.045503648445614595,15,0.6521739130434783,0.6114822592165633,0.29838409993933457,0.15292148504760877
Nimby (yellow),common,2,SEA221,"Generic, Action, Attack",https://prod-content.fabrary.io/cards/SEA221.webp,7HzdfH8DD7cMhzKpCfDRG,Yellow,2,0,2,2,,,,"Generic, Action, Attack",,,,,,,,"When this attacks, you may search your deck for a Nimblism, reveal it, put it into your hand, then shuffle.",Generic Action - Attack,,,,,,,87,0.1963882618510158,0.16701600458906707,2.2340210109890095,2.247988154621848,2.0810903560270018,0.09107675743664216,21,0.18584070796460178,0.15832544791093364,0.0861023999936877,24,0.1951219512195122,0.16331704448539755,0.0903957758661865,32,0.17391304347826086,0.14336402790854938,0.08089537501442595,10,0.43478260869565216,0.4187102961801832,0.1989227332928897,0.11407907104179746
Nimby (blue),common,3,SEA222,"Generic, Action, Attack",https://prod-content.fabrary.io/cards/SEA222.webp,6wDLWfBNH8rPfhKPNtT8L,Blue,3,0,1,2,,,,"Generic, Action, Attack",,,,,,,,"When this attacks, you may search your deck for a Nimblism, reveal it, put it into your hand, then shuffle.",Generic Action - Attack,,,,,,,88,0.1986455981941309,0.16851096535770133,2.2340210109890095,2.247988154621848,2.0810903560270018,0.09212361671752312,26,0.23008849557522124,0.19514656557722918,0.10660297142075618,21,0.17073170731707318,0.14413566013225745,0.07909630388291318,35,0.19021739130434784,0.15871557443858558,0.08847931642202839,6,0.2608695652173913,0.24636712392466867,0.11935363997573382,0.0983830579253579
Rally the Coast Guard (red),common,1,SEA223,"Generic, Action, Attack",https://prod-content.fabrary.io/cards/SEA223.webp,TB9k9LLhgLQm7jD9tnNzk,Red,1,3,7,2,,,,"Generic, Action, Attack",,,Once per Turn Instant,,,,,**Once per Turn Instant** - Discard a card: This gets +3{d}. Activate this only while this card is defending.,Generic Action - Attack,,,,,,,125,0.28216704288939054,0.24096603283915544,2.2340210109890095,2.247988154621848,3.015718028158148,0.10673386370905816,32,0.2831858407079646,0.2394587742422615,0.10734507122140216,22,0.17886178861788618,0.1524947031459446,0.06782154947536198,59,0.32065217391304346,0.2697359245597895,0.12018626044836324,12,0.5217391304347826,0.491341410974692,0.2078001364409102,0.1257882543965094
Rally the Coast Guard (yellow),common,2,SEA224,"Generic, Action, Attack",https://prod-content.fabrary.io/cards/SEA224.webp,d6WrKcWGr7BHGtWHWT6dt,Yellow,2,3,6,2,,,,"Generic, Action, Attack",,,Once per Turn Instant,,,,,**Once per Turn Instant** - Discard a card: This gets +3{d}. Activate this only while this card is defending.,Generic Action - Attack,,,,,,,107,0.24153498871331827,0.20427520657138318,2.2340210109890095,2.247988154621848,2.0810903560270018,0.11201394305426106,25,0.22123893805309736,0.18592445021080053,0.10250285713534249,25,0.2032520325203252,0.17023531673148684,0.09416226652727759,50,0.2717391304347826,0.22791428813542325,0.12639902346004053,7,0.30434782608695654,0.287360028800504,0.13924591330502278,0.11557751510692085
Rally the Coast Guard (blue),common,3,SEA225,"Generic, Action, Attack",https://prod-content.fabrary.io/cards/SEA225.webp,wL7qNGJ7hn86bLDB7kGDG,Blue,3,3,5,2,,,,"Generic, Action, Attack",,,Once per Turn Instant,,,,,**Once per Turn Instant** - Discard a card: This gets +3{d}. Activate this only while this card is defending.,Generic Action - Attack,,,,,,,118,0.26636568848758463,0.2267734992593212,2.2340210109890095,2.247988154621848,2.0810903560270018,0.12352939514395145,22,0.19469026548672566,0.16345183842067318,0.09020251427910139,29,0.23577235772357724,0.2022004148599331,0.10922822917164202,58,0.31521739130434784,0.2628002473924921,0.14662286721364703,9,0.391304347826087,0.381074168797954,0.17903045996360073,0.13127101765699778
Sirens of Safe Harbor (red),common,1,SEA226,"Generic, Action, Attack",https://prod-content.fabrary.io/cards/SEA226.webp,WMwJ8b97zqNWbjdHqRNRK,Red,1,2,6,2,,,,"Generic, Action, Attack",,,,,,,,"When this is put into your graveyard from anywhere, gain 1{h}.",Generic Action - Attack,,,,,,,100,0.22573363431151242,0.19545156992985818,2.2340210109890095,2.247988154621848,2.0810903560270018,0.10468592808809445,25,0.22123893805309736,0.18668530198126898,0.10250285713534249,28,0.22764227642276422,0.1961752471927659,0.1054617385105509,34,0.18478260869565216,0.15856981280836524,0.08595133595282757,13,0.5652173913043478,0.5297045823301908,0.2585995532807566,0.1381288712198694
Sirens of Safe Harbor (yellow),common,2,SEA227,"Generic, Action, Attack",https://prod-content.fabrary.io/cards/SEA227.webp,zrRwzwz7n6KgqcDMnjjDw,Yellow,2,2,5,2,,,,"Generic, Action, Attack",,,,,,,,"When this is put into your graveyard from anywhere, gain 1{h}.",Generic Action - Attack,,,,,,,115,0.2595936794582393,0.2231978579261394,2.2340210109890095,2.247988154621848,2.0810903560270018,0.12038881730130861,24,0.21238938053097345,0.1832334544703377,0.0984027428499288,33,0.2682926829268293,0.22866685880256046,0.12429419181600643,37,0.20108695652173914,0.16633026032423665,0.09353527736043,21,0.9130434782608695,0.8452382249459637,0.41773773991506835,0.1834924879853584
Sirens of Safe Harbor (blue),common,3,SEA228,"Generic, Action, Attack",https://prod-content.fabrary.io/cards/SEA228.webp,PqpzLCTzp6Q6JkwqtDPhf,Blue,3,2,4,2,,,,"Generic, Action, Attack",,,,,,,,"When this is put into your graveyard from anywhere, gain 1{h}.",Generic Action - Attack,,,,,,,127,0.2866817155756208,0.2444551220023042,2.2340210109890095,2.247988154621848,2.0810903560270018,0.13295112867187994,37,0.3274336283185841,0.2779520318545361,0.15170422856030688,22,0.17886178861788618,0.15598676749850957,0.08286279454400429,58,0.31521739130434784,0.26347662836663976,0.14662286721364703,10,0.43478260869565216,0.40082467068173694,0.1989227332928897,0.14502815590271198
Strike Gold (red),common,1,SEA229,"Generic, Action, Attack",https://prod-content.fabrary.io/cards/SEA229.webp,tGd6nNtRQGbkcNjCRGB77,Red,1,0,4,2,,,,"Generic, Action, Attack",,,,,,,,"When this hits, create a Gold token.",Generic Action - Attack,,,,,,,82,0.18510158013544017,0.1581483545097367,2.2340210109890095,2.247988154621848,2.0810903560270018,0.08584246103223744,18,0.1592920353982301,0.13387062393028312,0.0738020571374466,35,0.2845528455284553,0.24363228832755304,0.13182717313818865,20,0.10869565217391304,0.08969661636575083,0.05055960938401622,9,0.391304347826087,0.3678865942653996,0.17903045996360073,0.10880482490581304
Strike Gold (yellow),common,2,SEA230,"Generic, Action, Attack",https://prod-content.fabrary.io/cards/SEA230.webp,GzCQMQGTHq66mwH7GbpQL,Yellow,2,0,3,2,,,,"Generic, Action, Attack",,,,,,,,"When this hits, create a Gold token.",Generic Action - Attack,,,,,,,98,0.22121896162528218,0.18553256803589213,2.2340210109890095,2.247988154621848,2.0810903560270018,0.10259220952633255,21,0.18584070796460178,0.15895442431443416,0.0861023999936877,28,0.22764227642276422,0.18768610464695187,0.1054617385105509,41,0.22282608695652173,0.18440966806881876,0.10364719923723324,8,0.34782608695652173,0.31357860417962724,0.15913818663431176,0.1135873810939459
Strike Gold (blue),common,3,SEA231,"Generic, Action, Attack",https://prod-content.fabrary.io/cards/SEA231.webp,qLjtfh8FGb6JCLpWPc7Ph,Blue,3,0,2,2,,,,"Generic, Action, Attack",,,,,,,,"When this hits, create a Gold token.",Generic Action - Attack,,,,,,,101,0.22799097065462753,0.19441766330372362,2.2340210109890095,2.247988154621848,2.0810903560270018,0.10573278736897539,22,0.19469026548672566,0.1650909601435643,0.09020251427910139,28,0.22764227642276422,0.1937756907410687,0.1054617385105509,40,0.21739130434782608,0.18133969050457646,0.10111921876803244,11,0.4782608695652174,0.4465579710144927,0.21881500662217868,0.12889961954496587
Trade In (red),common,1,SEA232,"Generic, Action, Attack",https://prod-content.fabrary.io/cards/SEA232.webp,B7JjFkkd8gdhc7CqdWN9G,Red,1,0,3,2,,,,"Generic, Action, Attack",,Go again,,,,,,"""When this attacks, you may discard a card. If you do, draw a card.",,,,,,,,89,0.20090293453724606,0.17270684392933086,2.0361531428571418,2.0361531428571418,1.8692553442622954,0.10307338775007435,35,0.30973451327433627,0.2663861106318434,0.15879840760356173,16,0.13008130081300814,0.1112259686605415,0.0666854844045675,32,0.17391304347826086,0.1464573612377934,0.08947830164271628,6,0.2608695652173913,0.2512414237519427,0.13187874043471146,0.11171023352138926
Trade In (yellow),common,2,SEA233,"Generic, Action, Attack",https://prod-content.fabrary.io/cards/SEA233.webp,gbMdbHtkbGnzcfpqHBFBq,Yellow,2,0,2,2,,,,"Generic, Action, Attack",,Go again,,,,,,"""When this attacks, you may discard a card. If you do, draw a card.",,,,,,,,89,0.20090293453724606,0.16820429219062683,2.0361531428571418,2.0361531428571418,1.8692553442622954,0.10307338775007435,29,0.25663716814159293,0.2134944823836985,0.13157582344295116,21,0.17073170731707318,0.1401078315863485,0.08752469828099484,30,0.16304347826086957,0.13357240716870208,0.08388590779004652,9,0.391304347826087,0.37300168377946613,0.19781811065206717,0.12520113504151492
Trade In (blue),common,3,SEA234,"Generic, Action, Attack",https://prod-content.fabrary.io/cards/SEA234.webp,TDCnCP7tnLRMNgHNJPTRF,Blue,3,0,1,2,,,,"Generic, Action, Attack",,Go again,,,,,,"""When this attacks, you may discard a card. If you do, draw a card.",,,,,,,,105,0.23702031602708803,0.20316542917194513,2.0361531428571418,2.0361531428571418,1.8692553442622954,0.12160343498604279,22,0.19469026548672566,0.16770578841728162,0.09981614192223881,13,0.10569105691056911,0.09083038779433467,0.0541819560787111,68,0.3695652173913043,0.3147372358577819,0.1901413909907721,2,0.08695652173913043,0.08555399719495091,0.043959580144903816,0.09702476728415645
Walk the Plank (red),common,1,SEA235,"Generic, Action, Attack",https://prod-content.fabrary.io/cards/SEA235.webp,RLQrqhLnpqbkKh8qLRtnn,Red,1,3,7,2,,,,"Generic, Action, Attack",,,,,,,,"When this hits a Pirate hero, {t} them or an ally they control.",Generic Action - Attack,,,,,,,96,0.21670428893905191,0.1843625318237273,2.2340210109890095,2.247988154621848,2.0810903560270018,0.10049849096457067,19,0.168141592920354,0.14187091203413568,0.0779021714228603,28,0.22764227642276422,0.19270395554092604,0.1054617385105509,40,0.21739130434782608,0.18369873503892215,0.10111921876803244,9,0.391304347826087,0.3538275982329691,0.17903045996360073,0.1158783971662611
Walk the Plank (yellow),common,2,SEA236,"Generic, Action, Attack",https://prod-content.fabrary.io/cards/SEA236.webp,qbfHLhfMncWkw8bbhDgJD,Yellow,2,3,6,2,,,,"Generic, Action, Attack",,,,,,,,"When this hits a Pirate hero, {t} them or an ally they control.",Generic Action - Attack,,,,,,,96,0.21670428893905191,0.18277407650493227,2.2340210109890095,2.247988154621848,2.0810903560270018,0.10049849096457067,29,0.25663716814159293,0.2149561503978748,0.1189033142769973,21,0.17073170731707318,0.1429213068003372,0.07909630388291318,37,0.20108695652173914,0.16753673039774208,0.09353527736043,9,0.391304347826087,0.35968659856952906,0.17903045996360073,0.1176413388709853
Walk the Plank (blue),common,3,SEA237,"Generic, Action, Attack",https://prod-content.fabrary.io/cards/SEA237.webp,wFcdCKBhBrRhhTWtQH76f,Blue,3,3,5,2,,,,"Generic, Action, Attack",,,,,,,,"When this hits a Pirate hero, {t} them or an ally they control.",Generic Action - Attack,,,,,,,129,0.291196388261851,0.24596116463834294,2.2340210109890095,2.247988154621848,2.0810903560270018,0.13504484723364182,38,0.336283185840708,0.27806719930990464,0.1558043428457206,31,0.25203252032520324,0.21412444996648342,0.11676121049382422,50,0.2717391304347826,0.2260234771634355,0.12639902346004053,10,0.43478260869565216,0.41798153342683503,0.1989227332928897,0.14947182752311874
Nimblism (red),common,1,SEA238,"Generic, Action",https://prod-content.fabrary.io/cards/SEA238.webp,8gDnjCfGbwdzrRztkMJJG,Red,1,0,,2,,,,"Generic, Action",,Go again,,,,,,"""The next attack action card with cost 1 or less you play this turn gains +3{p}.",,,,,,,,116,0.2618510158013544,0.22811699178771158,2.0361531428571418,2.0361531428571418,2.8038830163934434,0.10747095029611657,46,0.40707964601769914,0.35305688445235356,0.16750806830710946,44,0.35772357723577236,0.30717318623895223,0.14724887960512573,12,0.06521739130434782,0.05396697764761265,0.02649236893331049,14,0.6086956521739131,0.5847032010560185,0.2642837770400298,0.15138327347139385
Nimblism (yellow),common,2,SEA239,"Generic, Action",https://prod-content.fabrary.io/cards/SEA239.webp,M6j9KrDRqMMHwGqw9QLKz,Yellow,2,0,,2,,,,"Generic, Action",,Go again,,,,,,"""The next attack action card with cost 1 or less you play this turn gains +2{p}.",,,,,,,,83,0.1873589164785553,0.16067876334126707,2.0361531428571418,2.0361531428571418,1.8692553442622954,0.0961246200365862,27,0.23893805309734514,0.2019232652965769,0.12250162872274763,35,0.2845528455284553,0.23779068857600913,0.1458744971349914,11,0.059782608695652176,0.05158585693482719,0.030758166189683724,10,0.43478260869565216,0.4184048178613396,0.2197979007245191,0.12973304819298548
Nimblism (blue),common,3,SEA240,"Generic, Action",https://prod-content.fabrary.io/cards/SEA240.webp,cQD9DmppBQNGqb9CdqCRc,Blue,3,0,,2,,,,"Generic, Action",,Go again,,,,,,"""The next attack action card with cost 1 or less you play this turn gains +1{p}.",,,,,,,,104,0.23476297968397292,0.20016416328010062,2.0361531428571418,2.0361531428571418,2.8038830163934434,0.0963532657827252,22,0.19469026548672566,0.1688376601894449,0.080112554407748,28,0.22764227642276422,0.19435188058751818,0.09370383247598911,47,0.2554347826086957,0.2129627162850956,0.10376177832213275,7,0.30434782608695654,0.28276728795456624,0.1321418885200149,0.10243001343147119
On the Horizon (red),common,1,SEA241,"Generic, Block",https://prod-content.fabrary.io/cards/SEA241.webp,LqpTFf7TmpdtPgf8WtdfQ,Red,1,,,4,,,,"Generic, Block",,,,,,,,"When this defends, look at the top card of your deck.",Generic Block,,,,,,,160,0.3611738148984199,0.30667260409127856,2.2340210109890095,2.247988154621848,3.015718028158148,0.13661934554759445,58,0.5132743362831859,0.4378531497640594,0.19456294158879142,46,0.37398373983739835,0.3161449823794874,0.14180869435757504,47,0.2554347826086957,0.21443923461385683,0.09574159730632326,9,0.391304347826087,0.34938720380309357,0.15585010233068264,0.14699083389584308
On the Horizon (yellow),common,2,SEA242,"Generic, Block",https://prod-content.fabrary.io/cards/SEA242.webp,bFMkfr79WHCrP6HK6krM6,Yellow,2,,,3,,,,"Generic, Block",,,,,,,,"When this defends, look at the top card of your deck.",Generic Block,,,,,,,111,0.2505643340857788,0.2108000722150139,2.2340210109890095,2.247988154621848,3.015718028158148,0.09477967097364365,41,0.36283185840707965,0.30490029994126,0.13753587250242152,35,0.2845528455284553,0.2411352339304382,0.10789791961989406,29,0.15760869565217392,0.1295195972319516,0.05907460259326329,6,0.2608695652173913,0.23649819277242756,0.1039000682204551,0.1021021157340085
On the Horizon (blue),common,3,SEA243,"Generic, Block",https://prod-content.fabrary.io/cards/SEA243.webp,gqfJ6k7rFMpbcHMqjDJKR,Blue,3,,,2,,,,"Generic, Block",,,,,,,,"When this defends, look at the top card of your deck.",Generic Block,,,,,,,105,0.23702031602708803,0.20142363810485606,2.2340210109890095,2.247988154621848,2.0810903560270018,0.10992022449249916,33,0.2920353982300885,0.2529029099328971,0.1353037714186521,23,0.18699186991869918,0.15458492329476173,0.08662928520509539,40,0.21739130434782608,0.18050459152369738,0.10111921876803244,9,0.391304347826087,0.366341410974692,0.17903045996360073,0.12552068383884518
Cracked Bauble (yellow),token,,SEA246,[],https://storage.googleapis.com/fabmaster/cardfaces/2025-SEA/EN/SEA246.png,Dbhn6rRcrbdRnKbqdPdwh,Yellow,2,,,,,,,"Generic, Resource",,,,,,,,*(A player may add any number of Cracked Baubles to their card-pool in sealed deck or booster draft formats.)*,Generic Resource,,,,,,,6,0.013544018058690745,0.013544018058690745,0.0,0.0,0.0,0.0,0,0.0,0.0,0.0,1,0.008130081300813009,0.008130081300813009,0.0,0,0.0,0.0,0.0,5,0.21739130434782608,0.21739130434782608,0.0,0.0
