deck_id,hero,date,card_name,count,is_equipment
0,Gravy Bones,2025-05-24T23:55:47,Angry Bones (red),1,0
0,Gravy Bones,2025-05-24T23:55:47,Burly Bones (red),2,0
0,Gravy Bones,2025-05-24T23:55:47,Expedition to Blackwater Strait (red),1,0
0,Gravy Bones,2025-05-24T23:55:47,Expedition to Dreadfall Reach (red),1,0
0,Gravy Bones,2025-05-24T23:55:47,Hoist 'Em Up (red),1,0
0,Gravy Bones,2025-05-24T23:55:47,Jittery Bones (red),2,0
0,Gravy Bones,2025-05-24T23:55:47,Rally the Coast Guard (red),1,0
0,Gravy Bones,2025-05-24T23:55:47,Restless Bones (red),1,0
0,Gravy Bones,2025-05-24T23:55:47,Swiftwater Sloop (red),1,0
0,Gravy Bones,2025-05-24T23:55:47,Barnacle (yellow),2,0
0,Gravy Bones,2025-05-24T23:55:47,Burly Bones (yellow),1,0
0,Gravy Bones,2025-05-24T23:55:47,"Cutty Shark, Quick Clip (yellow)",2,0
0,Gravy Bones,2025-05-24T23:55:47,Flying High (yellow),1,0
0,Gravy Bones,2025-05-24T23:55:47,Gold Hunter Ketch (yellow),2,0
0,Gravy Bones,2025-05-24T23:55:47,Jittery Bones (yellow),1,0
0,Gravy Bones,2025-05-24T23:55:47,Money or Your Life? (yellow),1,0
0,Gravy Bones,2025-05-24T23:55:47,"Scooba, Salty Sea Dog (yellow)",1,0
0,Gravy Bones,2025-05-24T23:55:47,Sea Legs (yellow),1,0
0,Gravy Bones,2025-05-24T23:55:47,"Shelly, Hardened Traveler (yellow)",2,0
0,Gravy Bones,2025-05-24T23:55:47,Avast Ye! (blue),2,0
0,Gravy Bones,2025-05-24T23:55:47,Chart a Course (blue),1,0
0,Gravy Bones,2025-05-24T23:55:47,Jittery Bones (blue),1,0
0,Gravy Bones,2025-05-24T23:55:47,On the Horizon (blue),1,0
0,Gravy Bones,2025-05-24T23:55:47,Regain Composure (blue),1,0
0,Gravy Bones,2025-05-24T23:55:47,Restless Bones (blue),1,0
0,Gravy Bones,2025-05-24T23:55:47,Sea Floor Salvage (blue),1,0
0,Gravy Bones,2025-05-24T23:55:47,Shifting Tides (blue),1,0
0,Gravy Bones,2025-05-24T23:55:47,Throw Caution to the Wind (blue),1,0
0,Gravy Bones,2025-05-24T23:55:47,Yo Ho Ho! (blue),1,0
0,Gravy Bones,2025-05-24T23:55:47,Captain's Coat,1,1
0,Gravy Bones,2025-05-24T23:55:47,Quartermaster's Boots,1,1
0,Gravy Bones,2025-05-24T23:55:47,Washed Up Wave,1,1
1,Gravy Bones,2025-05-25T00:35:10,Jittery Bones (red),2,0
1,Gravy Bones,2025-05-25T00:35:10,Restless Bones (red),2,0
1,Gravy Bones,2025-05-25T00:35:10,Trade In (red),1,0
1,Gravy Bones,2025-05-25T00:35:10,Walk the Plank (red),1,0
1,Gravy Bones,2025-05-25T00:35:10,Angry Bones (yellow),1,0
1,Gravy Bones,2025-05-25T00:35:10,Barnacle (yellow),1,0
1,Gravy Bones,2025-05-25T00:35:10,Burly Bones (yellow),1,0
1,Gravy Bones,2025-05-25T00:35:10,"Cutty Shark, Quick Clip (yellow)",1,0
1,Gravy Bones,2025-05-25T00:35:10,Flying High (yellow),1,0
1,Gravy Bones,2025-05-25T00:35:10,Gold Hunter Marauder (yellow),1,0
1,Gravy Bones,2025-05-25T00:35:10,Golden Tipple (yellow),1,0
1,Gravy Bones,2025-05-25T00:35:10,"Chum, Friendly First Mate (yellow)",1,0
1,Gravy Bones,2025-05-25T00:35:10,Jittery Bones (yellow),1,0
1,Gravy Bones,2025-05-25T00:35:10,Riggermortis (yellow),1,0
1,Gravy Bones,2025-05-25T00:35:10,"Scooba, Salty Sea Dog (yellow)",1,0
1,Gravy Bones,2025-05-25T00:35:10,Strike Gold (yellow),1,0
1,Gravy Bones,2025-05-25T00:35:10,Swabbie (yellow),1,0
1,Gravy Bones,2025-05-25T00:35:10,Angry Bones (blue),2,0
1,Gravy Bones,2025-05-25T00:35:10,Golden Tipple (blue),3,0
1,Gravy Bones,2025-05-25T00:35:10,Mutiny on the Nimbus Sovereign (blue),1,0
1,Gravy Bones,2025-05-25T00:35:10,Mutiny on the Swiftwater (blue),1,0
1,Gravy Bones,2025-05-25T00:35:10,Restless Bones (blue),3,0
1,Gravy Bones,2025-05-25T00:35:10,Scrub the Deck (blue),1,0
1,Gravy Bones,2025-05-25T00:35:10,Shifting Tides (blue),1,0
1,Gravy Bones,2025-05-25T00:35:10,Swindler's Grift (blue),1,0
1,Gravy Bones,2025-05-25T00:35:10,Trade In (blue),1,0
1,Gravy Bones,2025-05-25T00:35:10,Fish Fingers,1,1
1,Gravy Bones,2025-05-25T00:35:10,Head Stone,2,1
1,Gravy Bones,2025-05-25T00:35:10,Old Knocker,1,1
2,Gravy Bones,2025-05-24T23:55:47,Angry Bones (red),1,0
2,Gravy Bones,2025-05-24T23:55:47,Burly Bones (red),2,0
2,Gravy Bones,2025-05-24T23:55:47,Expedition to Blackwater Strait (red),1,0
2,Gravy Bones,2025-05-24T23:55:47,Expedition to Dreadfall Reach (red),1,0
2,Gravy Bones,2025-05-24T23:55:47,Hoist 'Em Up (red),1,0
2,Gravy Bones,2025-05-24T23:55:47,Jittery Bones (red),2,0
2,Gravy Bones,2025-05-24T23:55:47,Rally the Coast Guard (red),1,0
2,Gravy Bones,2025-05-24T23:55:47,Restless Bones (red),1,0
2,Gravy Bones,2025-05-24T23:55:47,Swiftwater Sloop (red),1,0
2,Gravy Bones,2025-05-24T23:55:47,Barnacle (yellow),2,0
2,Gravy Bones,2025-05-24T23:55:47,Burly Bones (yellow),1,0
2,Gravy Bones,2025-05-24T23:55:47,"Cutty Shark, Quick Clip (yellow)",2,0
2,Gravy Bones,2025-05-24T23:55:47,Flying High (yellow),1,0
2,Gravy Bones,2025-05-24T23:55:47,Gold Hunter Ketch (yellow),2,0
2,Gravy Bones,2025-05-24T23:55:47,Jittery Bones (yellow),1,0
2,Gravy Bones,2025-05-24T23:55:47,Money or Your Life? (yellow),1,0
2,Gravy Bones,2025-05-24T23:55:47,"Scooba, Salty Sea Dog (yellow)",1,0
2,Gravy Bones,2025-05-24T23:55:47,Sea Legs (yellow),1,0
2,Gravy Bones,2025-05-24T23:55:47,"Shelly, Hardened Traveler (yellow)",2,0
2,Gravy Bones,2025-05-24T23:55:47,Avast Ye! (blue),2,0
2,Gravy Bones,2025-05-24T23:55:47,Chart a Course (blue),1,0
2,Gravy Bones,2025-05-24T23:55:47,Jittery Bones (blue),1,0
2,Gravy Bones,2025-05-24T23:55:47,On the Horizon (blue),1,0
2,Gravy Bones,2025-05-24T23:55:47,Regain Composure (blue),1,0
2,Gravy Bones,2025-05-24T23:55:47,Restless Bones (blue),1,0
2,Gravy Bones,2025-05-24T23:55:47,Sea Floor Salvage (blue),1,0
2,Gravy Bones,2025-05-24T23:55:47,Shifting Tides (blue),1,0
2,Gravy Bones,2025-05-24T23:55:47,Throw Caution to the Wind (blue),1,0
2,Gravy Bones,2025-05-24T23:55:47,Yo Ho Ho! (blue),1,0
2,Gravy Bones,2025-05-24T23:55:47,Captain's Coat,1,1
2,Gravy Bones,2025-05-24T23:55:47,Quartermaster's Boots,1,1
2,Gravy Bones,2025-05-24T23:55:47,Washed Up Wave,1,1
3,Gravy Bones,2025-05-25T00:35:10,Jittery Bones (red),2,0
3,Gravy Bones,2025-05-25T00:35:10,Restless Bones (red),2,0
3,Gravy Bones,2025-05-25T00:35:10,Trade In (red),1,0
3,Gravy Bones,2025-05-25T00:35:10,Walk the Plank (red),1,0
3,Gravy Bones,2025-05-25T00:35:10,Angry Bones (yellow),1,0
3,Gravy Bones,2025-05-25T00:35:10,Barnacle (yellow),1,0
3,Gravy Bones,2025-05-25T00:35:10,Burly Bones (yellow),1,0
3,Gravy Bones,2025-05-25T00:35:10,"Cutty Shark, Quick Clip (yellow)",1,0
3,Gravy Bones,2025-05-25T00:35:10,Flying High (yellow),1,0
3,Gravy Bones,2025-05-25T00:35:10,Gold Hunter Marauder (yellow),1,0
3,Gravy Bones,2025-05-25T00:35:10,Golden Tipple (yellow),1,0
3,Gravy Bones,2025-05-25T00:35:10,"Chum, Friendly First Mate (yellow)",1,0
3,Gravy Bones,2025-05-25T00:35:10,Jittery Bones (yellow),1,0
3,Gravy Bones,2025-05-25T00:35:10,Riggermortis (yellow),1,0
3,Gravy Bones,2025-05-25T00:35:10,"Scooba, Salty Sea Dog (yellow)",1,0
3,Gravy Bones,2025-05-25T00:35:10,Strike Gold (yellow),1,0
3,Gravy Bones,2025-05-25T00:35:10,Swabbie (yellow),1,0
3,Gravy Bones,2025-05-25T00:35:10,Angry Bones (blue),2,0
3,Gravy Bones,2025-05-25T00:35:10,Golden Tipple (blue),3,0
3,Gravy Bones,2025-05-25T00:35:10,Mutiny on the Nimbus Sovereign (blue),1,0
3,Gravy Bones,2025-05-25T00:35:10,Mutiny on the Swiftwater (blue),1,0
3,Gravy Bones,2025-05-25T00:35:10,Restless Bones (blue),3,0
3,Gravy Bones,2025-05-25T00:35:10,Scrub the Deck (blue),1,0
3,Gravy Bones,2025-05-25T00:35:10,Shifting Tides (blue),1,0
3,Gravy Bones,2025-05-25T00:35:10,Swindler's Grift (blue),1,0
3,Gravy Bones,2025-05-25T00:35:10,Trade In (blue),1,0
3,Gravy Bones,2025-05-25T00:35:10,Fish Fingers,1,1
3,Gravy Bones,2025-05-25T00:35:10,Head Stone,2,1
3,Gravy Bones,2025-05-25T00:35:10,Old Knocker,1,1
4,Gravy Bones,2025-05-24T23:55:47,Angry Bones (red),1,0
4,Gravy Bones,2025-05-24T23:55:47,Burly Bones (red),2,0
4,Gravy Bones,2025-05-24T23:55:47,Expedition to Blackwater Strait (red),1,0
4,Gravy Bones,2025-05-24T23:55:47,Expedition to Dreadfall Reach (red),1,0
4,Gravy Bones,2025-05-24T23:55:47,Hoist 'Em Up (red),1,0
4,Gravy Bones,2025-05-24T23:55:47,Jittery Bones (red),2,0
4,Gravy Bones,2025-05-24T23:55:47,Rally the Coast Guard (red),1,0
4,Gravy Bones,2025-05-24T23:55:47,Restless Bones (red),1,0
4,Gravy Bones,2025-05-24T23:55:47,Swiftwater Sloop (red),1,0
4,Gravy Bones,2025-05-24T23:55:47,Barnacle (yellow),2,0
4,Gravy Bones,2025-05-24T23:55:47,Burly Bones (yellow),1,0
4,Gravy Bones,2025-05-24T23:55:47,"Cutty Shark, Quick Clip (yellow)",2,0
4,Gravy Bones,2025-05-24T23:55:47,Flying High (yellow),1,0
4,Gravy Bones,2025-05-24T23:55:47,Gold Hunter Ketch (yellow),2,0
4,Gravy Bones,2025-05-24T23:55:47,Jittery Bones (yellow),1,0
4,Gravy Bones,2025-05-24T23:55:47,Money or Your Life? (yellow),1,0
4,Gravy Bones,2025-05-24T23:55:47,"Scooba, Salty Sea Dog (yellow)",1,0
4,Gravy Bones,2025-05-24T23:55:47,Sea Legs (yellow),1,0
4,Gravy Bones,2025-05-24T23:55:47,"Shelly, Hardened Traveler (yellow)",2,0
4,Gravy Bones,2025-05-24T23:55:47,Avast Ye! (blue),2,0
4,Gravy Bones,2025-05-24T23:55:47,Chart a Course (blue),1,0
4,Gravy Bones,2025-05-24T23:55:47,Jittery Bones (blue),1,0
4,Gravy Bones,2025-05-24T23:55:47,On the Horizon (blue),1,0
4,Gravy Bones,2025-05-24T23:55:47,Regain Composure (blue),1,0
4,Gravy Bones,2025-05-24T23:55:47,Restless Bones (blue),1,0
4,Gravy Bones,2025-05-24T23:55:47,Sea Floor Salvage (blue),1,0
4,Gravy Bones,2025-05-24T23:55:47,Shifting Tides (blue),1,0
4,Gravy Bones,2025-05-24T23:55:47,Throw Caution to the Wind (blue),1,0
4,Gravy Bones,2025-05-24T23:55:47,Yo Ho Ho! (blue),1,0
4,Gravy Bones,2025-05-24T23:55:47,Captain's Coat,1,1
4,Gravy Bones,2025-05-24T23:55:47,Quartermaster's Boots,1,1
4,Gravy Bones,2025-05-24T23:55:47,Washed Up Wave,1,1
5,Gravy Bones,2025-05-25T00:35:10,Jittery Bones (red),2,0
5,Gravy Bones,2025-05-25T00:35:10,Restless Bones (red),2,0
5,Gravy Bones,2025-05-25T00:35:10,Trade In (red),1,0
5,Gravy Bones,2025-05-25T00:35:10,Walk the Plank (red),1,0
5,Gravy Bones,2025-05-25T00:35:10,Angry Bones (yellow),1,0
5,Gravy Bones,2025-05-25T00:35:10,Barnacle (yellow),1,0
5,Gravy Bones,2025-05-25T00:35:10,Burly Bones (yellow),1,0
5,Gravy Bones,2025-05-25T00:35:10,"Cutty Shark, Quick Clip (yellow)",1,0
5,Gravy Bones,2025-05-25T00:35:10,Flying High (yellow),1,0
5,Gravy Bones,2025-05-25T00:35:10,Gold Hunter Marauder (yellow),1,0
5,Gravy Bones,2025-05-25T00:35:10,Golden Tipple (yellow),1,0
5,Gravy Bones,2025-05-25T00:35:10,"Chum, Friendly First Mate (yellow)",1,0
5,Gravy Bones,2025-05-25T00:35:10,Jittery Bones (yellow),1,0
5,Gravy Bones,2025-05-25T00:35:10,Riggermortis (yellow),1,0
5,Gravy Bones,2025-05-25T00:35:10,"Scooba, Salty Sea Dog (yellow)",1,0
5,Gravy Bones,2025-05-25T00:35:10,Strike Gold (yellow),1,0
5,Gravy Bones,2025-05-25T00:35:10,Swabbie (yellow),1,0
5,Gravy Bones,2025-05-25T00:35:10,Angry Bones (blue),2,0
5,Gravy Bones,2025-05-25T00:35:10,Golden Tipple (blue),3,0
5,Gravy Bones,2025-05-25T00:35:10,Mutiny on the Nimbus Sovereign (blue),1,0
5,Gravy Bones,2025-05-25T00:35:10,Mutiny on the Swiftwater (blue),1,0
5,Gravy Bones,2025-05-25T00:35:10,Restless Bones (blue),3,0
5,Gravy Bones,2025-05-25T00:35:10,Scrub the Deck (blue),1,0
5,Gravy Bones,2025-05-25T00:35:10,Shifting Tides (blue),1,0
5,Gravy Bones,2025-05-25T00:35:10,Swindler's Grift (blue),1,0
5,Gravy Bones,2025-05-25T00:35:10,Trade In (blue),1,0
5,Gravy Bones,2025-05-25T00:35:10,Fish Fingers,1,1
5,Gravy Bones,2025-05-25T00:35:10,Head Stone,2,1
5,Gravy Bones,2025-05-25T00:35:10,Old Knocker,1,1
6,"Scurv, Stowaway",2025-05-25T04:19:22,Blow for a Blow (red),1,0
6,"Scurv, Stowaway",2025-05-25T04:19:22,Fiddler's Green (red),1,0
6,"Scurv, Stowaway",2025-05-25T04:19:22,Jack Be Quick (red),1,0
6,"Scurv, Stowaway",2025-05-25T04:19:22,Nimblism (red),2,0
6,"Scurv, Stowaway",2025-05-25T04:19:22,Nimby (red),1,0
6,"Scurv, Stowaway",2025-05-25T04:19:22,Rally the Coast Guard (red),1,0
6,"Scurv, Stowaway",2025-05-25T04:19:22,Scar for a Scar (red),1,0
6,"Scurv, Stowaway",2025-05-25T04:19:22,Strike Gold (red),1,0
6,"Scurv, Stowaway",2025-05-25T04:19:22,Thiev'n Varmints (red),2,0
6,"Scurv, Stowaway",2025-05-25T04:19:22,Trade In (red),1,0
6,"Scurv, Stowaway",2025-05-25T04:19:22,Gold Hunter Lightsail (yellow),1,0
6,"Scurv, Stowaway",2025-05-25T04:19:22,Money or Your Life? (yellow),1,0
6,"Scurv, Stowaway",2025-05-25T04:19:22,Nimby (yellow),1,0
6,"Scurv, Stowaway",2025-05-25T04:19:22,Not So Fast (yellow),1,0
6,"Scurv, Stowaway",2025-05-25T04:19:22,On the Horizon (yellow),1,0
6,"Scurv, Stowaway",2025-05-25T04:19:22,Rally the Coast Guard (yellow),1,0
6,"Scurv, Stowaway",2025-05-25T04:19:22,Sirens of Safe Harbor (yellow),1,0
6,"Scurv, Stowaway",2025-05-25T04:19:22,Walk the Plank (yellow),2,0
6,"Scurv, Stowaway",2025-05-25T04:19:22,Golden Tipple (blue),2,0
6,"Scurv, Stowaway",2025-05-25T04:19:22,Chart a Course (blue),1,0
6,"Scurv, Stowaway",2025-05-25T04:19:22,Money or Your Life? (blue),1,0
6,"Scurv, Stowaway",2025-05-25T04:19:22,Nimblism (blue),2,0
6,"Scurv, Stowaway",2025-05-25T04:19:22,On the Horizon (blue),1,0
6,"Scurv, Stowaway",2025-05-25T04:19:22,Sirens of Safe Harbor (blue),1,0
6,"Scurv, Stowaway",2025-05-25T04:19:22,Swiftwater Sloop (blue),1,0
6,"Scurv, Stowaway",2025-05-25T04:19:22,Walk the Plank (blue),1,0
6,"Scurv, Stowaway",2025-05-25T04:19:22,Blue Sea Tricorn,1,1
6,"Scurv, Stowaway",2025-05-25T04:19:22,Fish Fingers,1,1
6,"Scurv, Stowaway",2025-05-25T04:19:22,Peg Leg,1,1
7,Puffin,2025-05-25T04:50:40,Battalion Barque (red),1,0
7,Puffin,2025-05-25T04:50:40,Cloud Skiff (red),3,0
7,Puffin,2025-05-25T04:50:40,Crash Down the Gates (red),1,0
7,Puffin,2025-05-25T04:50:40,Expedition to Horizon's Mantle (red),1,0
7,Puffin,2025-05-25T04:50:40,Jack Be Nimble (red),1,0
7,Puffin,2025-05-25T04:50:40,Pilfer the Wreck (red),1,0
7,Puffin,2025-05-25T04:50:40,Sirens of Safe Harbor (red),1,0
7,Puffin,2025-05-25T04:50:40,Strike Gold (red),2,0
7,Puffin,2025-05-25T04:50:40,Swiftwater Sloop (red),1,0
7,Puffin,2025-05-25T04:50:40,Teeth of the Cog (red),1,0
7,Puffin,2025-05-25T04:50:40,Battalion Barque (yellow),2,0
7,Puffin,2025-05-25T04:50:40,Cloud Skiff (yellow),1,0
7,Puffin,2025-05-25T04:50:40,Gold Hunter Longboat (yellow),1,0
7,Puffin,2025-05-25T04:50:40,Gold Hunter Marauder (yellow),1,0
7,Puffin,2025-05-25T04:50:40,HMS Kraken (yellow),1,0
7,Puffin,2025-05-25T04:50:40,Rally the Coast Guard (yellow),1,0
7,Puffin,2025-05-25T04:50:40,Swiftwater Sloop (yellow),1,0
7,Puffin,2025-05-25T04:50:40,Tough Old Wrench (yellow),1,0
7,Puffin,2025-05-25T04:50:40,Cloud Skiff (blue),1,0
7,Puffin,2025-05-25T04:50:40,Golden Tipple (blue),1,0
7,Puffin,2025-05-25T04:50:40,Goldwing Turbine (blue),1,0
7,Puffin,2025-05-25T04:50:40,Chart a Course (blue),1,0
7,Puffin,2025-05-25T04:50:40,Nimblism (blue),1,0
7,Puffin,2025-05-25T04:50:40,Rally the Coast Guard (blue),1,0
7,Puffin,2025-05-25T04:50:40,Sky Skimmer (blue),2,0
7,Puffin,2025-05-25T04:50:40,Swindler's Grift (blue),1,0
7,Puffin,2025-05-25T04:50:40,Teeth of the Cog (blue),1,0
7,Puffin,2025-05-25T04:50:40,Tough Old Wrench (blue),1,0
7,Puffin,2025-05-25T04:50:40,Walk the Plank (blue),1,0
7,Puffin,2025-05-25T04:50:40,Light Fingers,1,1
7,Puffin,2025-05-25T04:50:40,Rust Belt,1,1
7,Puffin,2025-05-25T04:50:40,Swiftstrike Bracers,1,1
7,Puffin,2025-05-25T04:50:40,Unicycle,1,1
8,Marlynn,2025-05-25T05:02:09,Call in the Big Guns (red),1,0
8,Marlynn,2025-05-25T05:02:09,Entangling Shot (red),2,0
8,Marlynn,2025-05-25T05:02:09,Fire in the Hole (red),1,0
8,Marlynn,2025-05-25T05:02:09,Head Shot (red),1,0
8,Marlynn,2025-05-25T05:02:09,On the Horizon (red),1,0
8,Marlynn,2025-05-25T05:02:09,Salvage Shot (red),1,0
8,Marlynn,2025-05-25T05:02:09,Scouting Shot (red),1,0
8,Marlynn,2025-05-25T05:02:09,Swift Shot (red),1,0
8,Marlynn,2025-05-25T05:02:09,Swiftwater Sloop (red),1,0
8,Marlynn,2025-05-25T05:02:09,Thiev'n Varmints (red),1,0
8,Marlynn,2025-05-25T05:02:09,Battalion Barque (yellow),2,0
8,Marlynn,2025-05-25T05:02:09,Crash Down the Gates (yellow),1,0
8,Marlynn,2025-05-25T05:02:09,Flying High (yellow),1,0
8,Marlynn,2025-05-25T05:02:09,Gold Hunter Ketch (yellow),1,0
8,Marlynn,2025-05-25T05:02:09,Gold Hunter Marauder (yellow),1,0
8,Marlynn,2025-05-25T05:02:09,HMS Barracuda (yellow),1,0
8,Marlynn,2025-05-25T05:02:09,HMS Kraken (yellow),1,0
8,Marlynn,2025-05-25T05:02:09,Chart a Course (yellow),1,0
8,Marlynn,2025-05-25T05:02:09,On the Horizon (yellow),1,0
8,Marlynn,2025-05-25T05:02:09,Salvage Shot (yellow),1,0
8,Marlynn,2025-05-25T05:02:09,Sic 'Em Shot (yellow),1,0
8,Marlynn,2025-05-25T05:02:09,Sirens of Safe Harbor (yellow),1,0
8,Marlynn,2025-05-25T05:02:09,Trade In (yellow),1,0
8,Marlynn,2025-05-25T05:02:09,Walk the Plank (yellow),1,0
8,Marlynn,2025-05-25T05:02:09,Blue Fin Harpoon (blue),1,0
8,Marlynn,2025-05-25T05:02:09,Hook (blue),1,0
8,Marlynn,2025-05-25T05:02:09,Chart a Course (blue),1,0
8,Marlynn,2025-05-25T05:02:09,Rally the Coast Guard (blue),1,0
8,Marlynn,2025-05-25T05:02:09,Rusty Harpoon (blue),3,0
8,Marlynn,2025-05-25T05:02:09,Salvage Shot (blue),1,0
8,Marlynn,2025-05-25T05:02:09,Sinker (blue),1,0
8,Marlynn,2025-05-25T05:02:09,Sirens of Safe Harbor (blue),1,0
8,Marlynn,2025-05-25T05:02:09,Swiftwater Sloop (blue),1,0
8,Marlynn,2025-05-25T05:02:09,Walk the Plank (blue),1,0
8,Marlynn,2025-05-25T05:02:09,Blue Sea Tricorn,1,1
8,Marlynn,2025-05-25T05:02:09,Buccaneer's Bounty,1,1
9,Marlynn,2025-05-25T06:15:13,Battalion Barque (red),1,0
9,Marlynn,2025-05-25T06:15:13,Call in the Big Guns (red),1,0
9,Marlynn,2025-05-25T06:15:13,Dry Powder Shot (red),1,0
9,Marlynn,2025-05-25T06:15:13,Entangling Shot (red),1,0
9,Marlynn,2025-05-25T06:15:13,Expedition to Azuro Keys (red),2,0
9,Marlynn,2025-05-25T06:15:13,Expedition to Dreadfall Reach (red),1,0
9,Marlynn,2025-05-25T06:15:13,Chart a Course (red),1,0
9,Marlynn,2025-05-25T06:15:13,Jack Be Nimble (red),1,0
9,Marlynn,2025-05-25T06:15:13,Jack Be Quick (red),1,0
9,Marlynn,2025-05-25T06:15:13,Life for a Life (red),1,0
9,Marlynn,2025-05-25T06:15:13,Money or Your Life? (red),1,0
9,Marlynn,2025-05-25T06:15:13,Nimblism (red),2,0
9,Marlynn,2025-05-25T06:15:13,Ravenous Rabble (red),2,0
9,Marlynn,2025-05-25T06:15:13,Scouting Shot (red),2,0
9,Marlynn,2025-05-25T06:15:13,Sic 'Em Shot (red),1,0
9,Marlynn,2025-05-25T06:15:13,Swift Shot (red),1,0
9,Marlynn,2025-05-25T06:15:13,Call in the Big Guns (yellow),2,0
9,Marlynn,2025-05-25T06:15:13,Head Shot (yellow),1,0
9,Marlynn,2025-05-25T06:15:13,Nimby (yellow),2,0
9,Marlynn,2025-05-25T06:15:13,Salvage Shot (yellow),1,0
9,Marlynn,2025-05-25T06:15:13,Swiftwater Sloop (yellow),1,0
9,Marlynn,2025-05-25T06:15:13,Swindler's Grift (yellow),1,0
9,Marlynn,2025-05-25T06:15:13,Call in the Big Guns (blue),1,0
9,Marlynn,2025-05-25T06:15:13,Head Shot (blue),1,0
9,Marlynn,2025-05-25T06:15:13,Rally the Coast Guard (blue),1,0
9,Marlynn,2025-05-25T06:15:13,Sic 'Em Shot (blue),1,0
9,Marlynn,2025-05-25T06:15:13,Sirens of Safe Harbor (blue),1,0
9,Marlynn,2025-05-25T06:15:13,Trade In (blue),1,0
9,Marlynn,2025-05-25T06:15:13,Old Knocker,1,1
9,Marlynn,2025-05-25T06:15:13,Patch the Hole,1,1
9,Marlynn,2025-05-25T06:15:13,Quick Clicks,1,1
9,Marlynn,2025-05-25T06:15:13,Swiftstrike Bracers,1,1
10,Puffin,2025-05-25T06:37:33,Cloud Skiff (red),2,0
10,Puffin,2025-05-25T06:37:33,Goldwing Turbine (red),2,0
10,Puffin,2025-05-25T06:37:33,Life for a Life (red),1,0
10,Puffin,2025-05-25T06:37:33,Nimby (red),1,0
10,Puffin,2025-05-25T06:37:33,Scar for a Scar (red),1,0
10,Puffin,2025-05-25T06:37:33,Sirens of Safe Harbor (red),1,0
10,Puffin,2025-05-25T06:37:33,Sky Skimmer (red),1,0
10,Puffin,2025-05-25T06:37:33,Swindler's Grift (red),1,0
10,Puffin,2025-05-25T06:37:33,Tighten the Screws (red),2,0
10,Puffin,2025-05-25T06:37:33,Tough Old Wrench (red),1,0
10,Puffin,2025-05-25T06:37:33,Cloud City Steamboat (yellow),1,0
10,Puffin,2025-05-25T06:37:33,Cloud Skiff (yellow),1,0
10,Puffin,2025-05-25T06:37:33,Gold Hunter Lightsail (yellow),1,0
10,Puffin,2025-05-25T06:37:33,Golden Skywarden (yellow),1,0
10,Puffin,2025-05-25T06:37:33,Golden Tipple (yellow),1,0
10,Puffin,2025-05-25T06:37:33,Goldwing Turbine (yellow),2,0
10,Puffin,2025-05-25T06:37:33,Chart a Course (yellow),2,0
10,Puffin,2025-05-25T06:37:33,On the Horizon (yellow),2,0
10,Puffin,2025-05-25T06:37:33,Sky Skimmer (yellow),1,0
10,Puffin,2025-05-25T06:37:33,Strike Gold (yellow),1,0
10,Puffin,2025-05-25T06:37:33,Tough Old Wrench (yellow),1,0
10,Puffin,2025-05-25T06:37:33,Cogwerx Zeppelin (blue),1,0
10,Puffin,2025-05-25T06:37:33,Copper Cog (blue),1,0
10,Puffin,2025-05-25T06:37:33,Crash Down the Gates (blue),1,0
10,Puffin,2025-05-25T06:37:33,Goldwing Turbine (blue),1,0
10,Puffin,2025-05-25T06:37:33,Mutiny on the Swiftwater (blue),1,0
10,Puffin,2025-05-25T06:37:33,Pinion Sentry (blue),1,0
10,Puffin,2025-05-25T06:37:33,Sky Skimmer (blue),1,0
10,Puffin,2025-05-25T06:37:33,Throw Caution to the Wind (blue),1,0
10,Puffin,2025-05-25T06:37:33,Tough Old Wrench (blue),1,0
10,Puffin,2025-05-25T06:37:33,Light Fingers,1,1
10,Puffin,2025-05-25T06:37:33,Rust Belt,1,1
10,Puffin,2025-05-25T06:37:33,Unicycle,1,1
11,Puffin,2025-05-25T08:12:58,Battalion Barque (red),1,0
11,Puffin,2025-05-25T08:12:58,Cloud Skiff (red),2,0
11,Puffin,2025-05-25T08:12:58,Crash Down the Gates (red),1,0
11,Puffin,2025-05-25T08:12:58,Draw Back the Hammer (red),3,0
11,Puffin,2025-05-25T08:12:58,Flying High (red),1,0
11,Puffin,2025-05-25T08:12:58,Goldwing Turbine (red),1,0
11,Puffin,2025-05-25T08:12:58,On the Horizon (red),2,0
11,Puffin,2025-05-25T08:12:58,Sky Skimmer (red),1,0
11,Puffin,2025-05-25T08:12:58,Teeth of the Cog (red),1,0
11,Puffin,2025-05-25T08:12:58,Thiev'n Varmints (red),2,0
11,Puffin,2025-05-25T08:12:58,Tighten the Screws (red),1,0
11,Puffin,2025-05-25T08:12:58,Cloud City Steamboat (yellow),1,0
11,Puffin,2025-05-25T08:12:58,Cogwerx Zeppelin (yellow),1,0
11,Puffin,2025-05-25T08:12:58,Gold Hunter Longboat (yellow),2,0
11,Puffin,2025-05-25T08:12:58,Golden Tipple (yellow),1,0
11,Puffin,2025-05-25T08:12:58,HMS Kraken (yellow),1,0
11,Puffin,2025-05-25T08:12:58,Rally the Coast Guard (yellow),1,0
11,Puffin,2025-05-25T08:12:58,Sky Skimmer (yellow),2,0
11,Puffin,2025-05-25T08:12:58,Cloud Skiff (blue),1,0
11,Puffin,2025-05-25T08:12:58,Money or Your Life? (blue),2,0
11,Puffin,2025-05-25T08:12:58,Murderous Rabble (blue),1,0
11,Puffin,2025-05-25T08:12:58,Mutiny on the Nimbus Sovereign (blue),1,0
11,Puffin,2025-05-25T08:12:58,Sky Skimmer (blue),2,0
11,Puffin,2025-05-25T08:12:58,Swindler's Grift (blue),1,0
11,Puffin,2025-05-25T08:12:58,Tough Old Wrench (blue),1,0
11,Puffin,2025-05-25T08:12:58,Walk the Plank (blue),1,0
11,Puffin,2025-05-25T08:12:58,Captain's Coat,1,1
11,Puffin,2025-05-25T08:12:58,Fish Fingers,1,1
11,Puffin,2025-05-25T08:12:58,Peg Leg,1,1
12,Puffin,2025-05-25T08:37:16,Expedition to Azuro Keys (red),1,0
12,Puffin,2025-05-25T08:37:16,Expedition to Blackwater Strait (red),1,0
12,Puffin,2025-05-25T08:37:16,Golden Tipple (red),1,0
12,Puffin,2025-05-25T08:37:16,Jack Be Quick (red),1,0
12,Puffin,2025-05-25T08:37:16,Life for a Life (red),1,0
12,Puffin,2025-05-25T08:37:16,Perk Up (red),1,0
12,Puffin,2025-05-25T08:37:16,Scar for a Scar (red),1,0
12,Puffin,2025-05-25T08:37:16,Sky Skimmer (red),1,0
12,Puffin,2025-05-25T08:37:16,Strike Gold (red),1,0
12,Puffin,2025-05-25T08:37:16,Teeth of the Cog (red),2,0
12,Puffin,2025-05-25T08:37:16,Tighten the Screws (red),1,0
12,Puffin,2025-05-25T08:37:16,Tough Old Wrench (red),1,0
12,Puffin,2025-05-25T08:37:16,Walk the Plank (red),2,0
12,Puffin,2025-05-25T08:37:16,Cloud Skiff (yellow),1,0
12,Puffin,2025-05-25T08:37:16,Gold Hunter Marauder (yellow),2,0
12,Puffin,2025-05-25T08:37:16,Goldwing Turbine (yellow),1,0
12,Puffin,2025-05-25T08:37:16,HMS Kraken (yellow),1,0
12,Puffin,2025-05-25T08:37:16,HMS Marlin (yellow),1,0
12,Puffin,2025-05-25T08:37:16,Sky Skimmer (yellow),1,0
12,Puffin,2025-05-25T08:37:16,Strike Gold (yellow),1,0
12,Puffin,2025-05-25T08:37:16,Tough Old Wrench (yellow),1,0
12,Puffin,2025-05-25T08:37:16,Cloud Skiff (blue),2,0
12,Puffin,2025-05-25T08:37:16,Copper Cog (blue),1,0
12,Puffin,2025-05-25T08:37:16,Chart a Course (blue),1,0
12,Puffin,2025-05-25T08:37:16,Murderous Rabble (blue),1,0
12,Puffin,2025-05-25T08:37:16,Mutiny on the Battalion Barque (blue),1,0
12,Puffin,2025-05-25T08:37:16,Nimblism (blue),1,0
12,Puffin,2025-05-25T08:37:16,Swiftwater Sloop (blue),1,0
12,Puffin,2025-05-25T08:37:16,Walk the Plank (blue),1,0
12,Puffin,2025-05-25T08:37:16,Helmsman's Peak,1,1
12,Puffin,2025-05-25T08:37:16,Light Fingers,1,1
12,Puffin,2025-05-25T08:37:16,Rust Belt,1,1
12,Puffin,2025-05-25T08:37:16,Unicycle,1,1
13,Gravy Bones,2025-05-25T11:14:59,Angry Bones (red),2,0
13,Gravy Bones,2025-05-25T11:14:59,Blood in the Water (red),1,0
13,Gravy Bones,2025-05-25T11:14:59,Board the Ship (red),1,0
13,Gravy Bones,2025-05-25T11:14:59,Fiddler's Green (red),1,0
13,Gravy Bones,2025-05-25T11:14:59,Hoist 'Em Up (red),1,0
13,Gravy Bones,2025-05-25T11:14:59,Jittery Bones (red),2,0
13,Gravy Bones,2025-05-25T11:14:59,Pilfer the Wreck (red),1,0
13,Gravy Bones,2025-05-25T11:14:59,Restless Bones (red),1,0
13,Gravy Bones,2025-05-25T11:14:59,Barnacle (yellow),1,0
13,Gravy Bones,2025-05-25T11:14:59,Fool's Gold (yellow),1,0
13,Gravy Bones,2025-05-25T11:14:59,"Chowder, Hearty Cook (yellow)",1,0
13,Gravy Bones,2025-05-25T11:14:59,Jittery Bones (yellow),1,0
13,Gravy Bones,2025-05-25T11:14:59,"Kelpie, Tangled Mess (yellow)",1,0
13,Gravy Bones,2025-05-25T11:14:59,"Limpit, Hop-a-long (yellow)",1,0
13,Gravy Bones,2025-05-25T11:14:59,Restless Bones (yellow),2,0
13,Gravy Bones,2025-05-25T11:14:59,Riggermortis (yellow),1,0
13,Gravy Bones,2025-05-25T11:14:59,"Shelly, Hardened Traveler (yellow)",1,0
13,Gravy Bones,2025-05-25T11:14:59,Amethyst Amulet (blue),1,0
13,Gravy Bones,2025-05-25T11:14:59,Angry Bones (blue),1,0
13,Gravy Bones,2025-05-25T11:14:59,Battalion Barque (blue),1,0
13,Gravy Bones,2025-05-25T11:14:59,Burly Bones (blue),2,0
13,Gravy Bones,2025-05-25T11:14:59,Crash Down the Gates (blue),1,0
13,Gravy Bones,2025-05-25T11:14:59,Divvy Up (blue),1,0
13,Gravy Bones,2025-05-25T11:14:59,Flying High (blue),1,0
13,Gravy Bones,2025-05-25T11:14:59,Golden Tipple (blue),1,0
13,Gravy Bones,2025-05-25T11:14:59,Jittery Bones (blue),2,0
13,Gravy Bones,2025-05-25T11:14:59,Rally the Coast Guard (blue),1,0
13,Gravy Bones,2025-05-25T11:14:59,Regain Composure (blue),1,0
13,Gravy Bones,2025-05-25T11:14:59,Restless Bones (blue),2,0
13,Gravy Bones,2025-05-25T11:14:59,Throw Caution to the Wind (blue),1,0
13,Gravy Bones,2025-05-25T11:14:59,Trade In (blue),1,0
13,Gravy Bones,2025-05-25T11:14:59,Yo Ho Ho! (blue),1,0
13,Gravy Bones,2025-05-25T11:14:59,Head Stone,1,1
13,Gravy Bones,2025-05-25T11:14:59,Old Knocker,1,1
13,Gravy Bones,2025-05-25T11:14:59,Peg Leg,1,1
13,Gravy Bones,2025-05-25T11:14:59,Washed Up Wave,1,1
14,Puffin,2025-05-25T12:31:04,Expedition to Azuro Keys (red),1,0
14,Puffin,2025-05-25T12:31:04,Expedition to Blackwater Strait (red),2,0
14,Puffin,2025-05-25T12:31:04,Goldwing Turbine (red),1,0
14,Puffin,2025-05-25T12:31:04,On the Horizon (red),1,0
14,Puffin,2025-05-25T12:31:04,Perk Up (red),1,0
14,Puffin,2025-05-25T12:31:04,Scar for a Scar (red),1,0
14,Puffin,2025-05-25T12:31:04,Sirens of Safe Harbor (red),1,0
14,Puffin,2025-05-25T12:31:04,Sky Skimmer (red),3,0
14,Puffin,2025-05-25T12:31:04,Strike Gold (red),1,0
14,Puffin,2025-05-25T12:31:04,Teeth of the Cog (red),1,0
14,Puffin,2025-05-25T12:31:04,Tighten the Screws (red),1,0
14,Puffin,2025-05-25T12:31:04,Walk the Plank (red),1,0
14,Puffin,2025-05-25T12:31:04,Battalion Barque (yellow),1,0
14,Puffin,2025-05-25T12:31:04,Cloud City Steamboat (yellow),1,0
14,Puffin,2025-05-25T12:31:04,Cogwerx Zeppelin (yellow),1,0
14,Puffin,2025-05-25T12:31:04,Gold Hunter Ketch (yellow),1,0
14,Puffin,2025-05-25T12:31:04,Goldwing Turbine (yellow),2,0
14,Puffin,2025-05-25T12:31:04,Nimblism (yellow),1,0
14,Puffin,2025-05-25T12:31:04,Rally the Coast Guard (yellow),1,0
14,Puffin,2025-05-25T12:31:04,Sirens of Safe Harbor (yellow),1,0
14,Puffin,2025-05-25T12:31:04,Teeth of the Cog (yellow),1,0
14,Puffin,2025-05-25T12:31:04,Tough Old Wrench (yellow),1,0
14,Puffin,2025-05-25T12:31:04,Battalion Barque (blue),1,0
14,Puffin,2025-05-25T12:31:04,Cloud City Steamboat (blue),1,0
14,Puffin,2025-05-25T12:31:04,Cogwerx Zeppelin (blue),1,0
14,Puffin,2025-05-25T12:31:04,Crash Down the Gates (blue),1,0
14,Puffin,2025-05-25T12:31:04,Goldwing Turbine (blue),3,0
14,Puffin,2025-05-25T12:31:04,Nimblism (blue),1,0
14,Puffin,2025-05-25T12:31:04,Teeth of the Cog (blue),1,0
14,Puffin,2025-05-25T12:31:04,Walk the Plank (blue),1,0
14,Puffin,2025-05-25T12:31:04,Blue Sea Tricorn,1,1
14,Puffin,2025-05-25T12:31:04,Fish Fingers,1,1
14,Puffin,2025-05-25T12:31:04,Quick Clicks,1,1
14,Puffin,2025-05-25T12:31:04,Rust Belt,1,1
15,Gravy Bones,2025-05-25T13:31:18,Angry Bones (red),1,0
15,Gravy Bones,2025-05-25T13:31:18,Battalion Barque (red),2,0
15,Gravy Bones,2025-05-25T13:31:18,Burly Bones (red),1,0
15,Gravy Bones,2025-05-25T13:31:18,Jittery Bones (red),3,0
15,Gravy Bones,2025-05-25T13:31:18,Pilfer the Wreck (red),1,0
15,Gravy Bones,2025-05-25T13:31:18,Restless Bones (red),3,0
15,Gravy Bones,2025-05-25T13:31:18,Burly Bones (yellow),2,0
15,Gravy Bones,2025-05-25T13:31:18,"Cutty Shark, Quick Clip (yellow)",1,0
15,Gravy Bones,2025-05-25T13:31:18,"Chum, Friendly First Mate (yellow)",1,0
15,Gravy Bones,2025-05-25T13:31:18,Jittery Bones (yellow),1,0
15,Gravy Bones,2025-05-25T13:31:18,"Shelly, Hardened Traveler (yellow)",1,0
15,Gravy Bones,2025-05-25T13:31:18,Swabbie (yellow),1,0
15,Gravy Bones,2025-05-25T13:31:18,Angry Bones (blue),2,0
15,Gravy Bones,2025-05-25T13:31:18,Burly Bones (blue),1,0
15,Gravy Bones,2025-05-25T13:31:18,Jittery Bones (blue),1,0
15,Gravy Bones,2025-05-25T13:31:18,Mutiny on the Swiftwater (blue),1,0
15,Gravy Bones,2025-05-25T13:31:18,On the Horizon (blue),1,0
15,Gravy Bones,2025-05-25T13:31:18,Restless Bones (blue),2,0
15,Gravy Bones,2025-05-25T13:31:18,Sea Floor Salvage (blue),1,0
15,Gravy Bones,2025-05-25T13:31:18,Strike Gold (blue),1,0
15,Gravy Bones,2025-05-25T13:31:18,Tit for Tat (blue),1,0
15,Gravy Bones,2025-05-25T13:31:18,Trade In (blue),1,0
15,Gravy Bones,2025-05-25T13:31:18,Blue Sea Tricorn,1,1
15,Gravy Bones,2025-05-25T13:31:18,Buccaneer's Bounty,1,1
15,Gravy Bones,2025-05-25T13:31:18,Fish Fingers,1,1
15,Gravy Bones,2025-05-25T13:31:18,Helmsman's Peak,1,1
15,Gravy Bones,2025-05-25T13:31:18,Peg Leg,1,1
16,Gravy Bones,2025-05-25T15:10:49,Angry Bones (red),1,0
16,Gravy Bones,2025-05-25T15:10:49,Burly Bones (red),1,0
16,Gravy Bones,2025-05-25T15:10:49,Crash Down the Gates (red),1,0
16,Gravy Bones,2025-05-25T15:10:49,Expedition to Blackwater Strait (red),1,0
16,Gravy Bones,2025-05-25T15:10:49,Fiddler's Green (red),1,0
16,Gravy Bones,2025-05-25T15:10:49,Flying High (red),1,0
16,Gravy Bones,2025-05-25T15:10:49,Golden Tipple (red),1,0
16,Gravy Bones,2025-05-25T15:10:49,Nimby (red),1,0
16,Gravy Bones,2025-05-25T15:10:49,Rally the Coast Guard (red),1,0
16,Gravy Bones,2025-05-25T15:10:49,Sirens of Safe Harbor (red),3,0
16,Gravy Bones,2025-05-25T15:10:49,Swiftwater Sloop (red),1,0
16,Gravy Bones,2025-05-25T15:10:49,Swindler's Grift (red),1,0
16,Gravy Bones,2025-05-25T15:10:49,Trade In (red),2,0
16,Gravy Bones,2025-05-25T15:10:49,Barnacle (yellow),2,0
16,Gravy Bones,2025-05-25T15:10:49,Battalion Barque (yellow),1,0
16,Gravy Bones,2025-05-25T15:10:49,Golden Tipple (yellow),1,0
16,Gravy Bones,2025-05-25T15:10:49,Chart a Course (yellow),1,0
16,Gravy Bones,2025-05-25T15:10:49,Nimblism (yellow),2,0
16,Gravy Bones,2025-05-25T15:10:49,Riggermortis (yellow),2,0
16,Gravy Bones,2025-05-25T15:10:49,Sirens of Safe Harbor (yellow),1,0
16,Gravy Bones,2025-05-25T15:10:49,Swabbie (yellow),1,0
16,Gravy Bones,2025-05-25T15:10:49,Clap 'Em in Irons (blue),1,0
16,Gravy Bones,2025-05-25T15:10:49,Jittery Bones (blue),1,0
16,Gravy Bones,2025-05-25T15:10:49,Scrub the Deck (blue),1,0
16,Gravy Bones,2025-05-25T15:10:49,Strike Gold (blue),1,0
16,Gravy Bones,2025-05-25T15:10:49,Swiftwater Sloop (blue),1,0
16,Gravy Bones,2025-05-25T15:10:49,Walk the Plank (blue),2,0
16,Gravy Bones,2025-05-25T15:10:49,Yo Ho Ho! (blue),1,0
16,Gravy Bones,2025-05-25T15:10:49,Head Stone,1,1
16,Gravy Bones,2025-05-25T15:10:49,Old Knocker,1,1
16,Gravy Bones,2025-05-25T15:10:49,Peg Leg,1,1
16,Gravy Bones,2025-05-25T15:10:49,Washed Up Wave,1,1
17,Marlynn,2025-05-25T15:42:02,Call in the Big Guns (red),2,0
17,Marlynn,2025-05-25T15:42:02,Dry Powder Shot (red),2,0
17,Marlynn,2025-05-25T15:42:02,Entangling Shot (red),1,0
17,Marlynn,2025-05-25T15:42:02,Fire in the Hole (red),1,0
17,Marlynn,2025-05-25T15:42:02,Head Shot (red),2,0
17,Marlynn,2025-05-25T15:42:02,Nettling Shot (red),1,0
17,Marlynn,2025-05-25T15:42:02,On the Horizon (red),1,0
17,Marlynn,2025-05-25T15:42:02,Pilfer the Wreck (red),1,0
17,Marlynn,2025-05-25T15:42:02,Ravenous Rabble (red),1,0
17,Marlynn,2025-05-25T15:42:02,Salvage Shot (red),1,0
17,Marlynn,2025-05-25T15:42:02,Scar for a Scar (red),2,0
17,Marlynn,2025-05-25T15:42:02,Sic 'Em Shot (red),1,0
17,Marlynn,2025-05-25T15:42:02,Sirens of Safe Harbor (red),1,0
17,Marlynn,2025-05-25T15:42:02,Strike Gold (red),1,0
17,Marlynn,2025-05-25T15:42:02,Trade In (red),1,0
17,Marlynn,2025-05-25T15:42:02,Call in the Big Guns (yellow),2,0
17,Marlynn,2025-05-25T15:42:02,Midas Touch (yellow),1,0
17,Marlynn,2025-05-25T15:42:02,Salvage Shot (yellow),1,0
17,Marlynn,2025-05-25T15:42:02,Call in the Big Guns (blue),1,0
17,Marlynn,2025-05-25T15:42:02,Crash Down the Gates (blue),1,0
17,Marlynn,2025-05-25T15:42:02,Head Shot (blue),1,0
17,Marlynn,2025-05-25T15:42:02,Mutiny on the Swiftwater (blue),1,0
17,Marlynn,2025-05-25T15:42:02,Rusty Harpoon (blue),3,0
17,Marlynn,2025-05-25T15:42:02,Salvage Shot (blue),1,0
17,Marlynn,2025-05-25T15:42:02,Sic 'Em Shot (blue),1,0
17,Marlynn,2025-05-25T15:42:02,Sirens of Safe Harbor (blue),1,0
17,Marlynn,2025-05-25T15:42:02,Walk the Plank (blue),1,0
17,Marlynn,2025-05-25T15:42:02,Glidewell Fins,1,1
17,Marlynn,2025-05-25T15:42:02,Helmsman's Peak,1,1
17,Marlynn,2025-05-25T15:42:02,Old Knocker,1,1
17,Marlynn,2025-05-25T15:42:02,Peg Leg,1,1
18,Puffin,2025-05-25T16:08:24,Battalion Barque (red),1,0
18,Puffin,2025-05-25T16:08:24,Cloud Skiff (red),2,0
18,Puffin,2025-05-25T16:08:24,Draw Back the Hammer (red),2,0
18,Puffin,2025-05-25T16:08:24,Goldwing Turbine (red),1,0
18,Puffin,2025-05-25T16:08:24,Nimby (red),1,0
18,Puffin,2025-05-25T16:08:24,On the Horizon (red),1,0
18,Puffin,2025-05-25T16:08:24,Perk Up (red),1,0
18,Puffin,2025-05-25T16:08:24,Pilfer the Wreck (red),1,0
18,Puffin,2025-05-25T16:08:24,Ravenous Rabble (red),2,0
18,Puffin,2025-05-25T16:08:24,Tough Old Wrench (red),1,0
18,Puffin,2025-05-25T16:08:24,Goldwing Turbine (yellow),1,0
18,Puffin,2025-05-25T16:08:24,Chart a Course (yellow),1,0
18,Puffin,2025-05-25T16:08:24,On the Horizon (yellow),1,0
18,Puffin,2025-05-25T16:08:24,Sky Skimmer (yellow),1,0
18,Puffin,2025-05-25T16:08:24,Tough Old Wrench (yellow),3,0
18,Puffin,2025-05-25T16:08:24,Cloud Skiff (blue),1,0
18,Puffin,2025-05-25T16:08:24,Murderous Rabble (blue),1,0
18,Puffin,2025-05-25T16:08:24,Mutiny on the Battalion Barque (blue),2,0
18,Puffin,2025-05-25T16:08:24,Mutiny on the Nimbus Sovereign (blue),1,0
18,Puffin,2025-05-25T16:08:24,Portside Exchange (blue),1,0
18,Puffin,2025-05-25T16:08:24,Sky Skimmer (blue),2,0
18,Puffin,2025-05-25T16:08:24,Strike Gold (blue),1,0
18,Puffin,2025-05-25T16:08:24,Tough Old Wrench (blue),1,0
18,Puffin,2025-05-25T16:08:24,Buccaneer's Bounty,1,1
18,Puffin,2025-05-25T16:08:24,Helmsman's Peak,1,1
18,Puffin,2025-05-25T16:08:24,Light Fingers,1,1
19,Marlynn,2025-05-25T18:32:48,Battalion Barque (red),1,0
19,Marlynn,2025-05-25T18:32:48,Entangling Shot (red),1,0
19,Marlynn,2025-05-25T18:32:48,Expedition to Dreadfall Reach (red),1,0
19,Marlynn,2025-05-25T18:32:48,Head Shot (red),1,0
19,Marlynn,2025-05-25T18:32:48,Life for a Life (red),1,0
19,Marlynn,2025-05-25T18:32:48,Nimblism (red),1,0
19,Marlynn,2025-05-25T18:32:48,On the Horizon (red),2,0
19,Marlynn,2025-05-25T18:32:48,Rally the Coast Guard (red),1,0
19,Marlynn,2025-05-25T18:32:48,Swift Shot (red),1,0
19,Marlynn,2025-05-25T18:32:48,Swiftwater Sloop (red),1,0
19,Marlynn,2025-05-25T18:32:48,Gold Hunter Ketch (yellow),1,0
19,Marlynn,2025-05-25T18:32:48,HMS Kraken (yellow),1,0
19,Marlynn,2025-05-25T18:32:48,HMS Marlin (yellow),1,0
19,Marlynn,2025-05-25T18:32:48,Nimblism (yellow),1,0
19,Marlynn,2025-05-25T18:32:48,Rally the Coast Guard (yellow),1,0
19,Marlynn,2025-05-25T18:32:48,Salvage Shot (yellow),1,0
19,Marlynn,2025-05-25T18:32:48,Sea Legs (yellow),1,0
19,Marlynn,2025-05-25T18:32:48,Sic 'Em Shot (yellow),1,0
19,Marlynn,2025-05-25T18:32:48,Sirens of Safe Harbor (yellow),1,0
19,Marlynn,2025-05-25T18:32:48,Walk the Plank (yellow),1,0
19,Marlynn,2025-05-25T18:32:48,Call in the Big Guns (blue),1,0
19,Marlynn,2025-05-25T18:32:48,Head Shot (blue),2,0
19,Marlynn,2025-05-25T18:32:48,Chart a Course (blue),1,0
19,Marlynn,2025-05-25T18:32:48,Mutiny on the Battalion Barque (blue),1,0
19,Marlynn,2025-05-25T18:32:48,Salvage Shot (blue),2,0
19,Marlynn,2025-05-25T18:32:48,Sea Floor Salvage (blue),1,0
19,Marlynn,2025-05-25T18:32:48,Sic 'Em Shot (blue),1,0
19,Marlynn,2025-05-25T18:32:48,Swindler's Grift (blue),1,0
19,Marlynn,2025-05-25T18:32:48,Yellow Fin Harpoon (blue),1,0
19,Marlynn,2025-05-25T18:32:48,Buccaneer's Bounty,1,1
19,Marlynn,2025-05-25T18:32:48,Fish Fingers,1,1
19,Marlynn,2025-05-25T18:32:48,Glidewell Fins,1,1
19,Marlynn,2025-05-25T18:32:48,Helmsman's Peak,1,1
20,Puffin,2025-05-25T18:52:36,Cloud Skiff (red),1,0
20,Puffin,2025-05-25T18:52:36,Cogwerx Zeppelin (red),1,0
20,Puffin,2025-05-25T18:52:36,Draw Back the Hammer (red),2,0
20,Puffin,2025-05-25T18:52:36,Expedition to Dreadfall Reach (red),1,0
20,Puffin,2025-05-25T18:52:36,Expedition to Horizon's Mantle (red),1,0
20,Puffin,2025-05-25T18:52:36,Goldwing Turbine (red),1,0
20,Puffin,2025-05-25T18:52:36,Chart a Course (red),1,0
20,Puffin,2025-05-25T18:52:36,Jack Be Nimble (red),1,0
20,Puffin,2025-05-25T18:52:36,Palantir Aeronought (red),1,0
20,Puffin,2025-05-25T18:52:36,Perk Up (red),3,0
20,Puffin,2025-05-25T18:52:36,Teeth of the Cog (red),1,0
20,Puffin,2025-05-25T18:52:36,Tighten the Screws (red),3,0
20,Puffin,2025-05-25T18:52:36,Tough Old Wrench (red),2,0
20,Puffin,2025-05-25T18:52:36,Cloud Skiff (yellow),1,0
20,Puffin,2025-05-25T18:52:36,Goldwing Turbine (yellow),2,0
20,Puffin,2025-05-25T18:52:36,On the Horizon (yellow),1,0
20,Puffin,2025-05-25T18:52:36,Sky Skimmer (yellow),1,0
20,Puffin,2025-05-25T18:52:36,Walk the Plank (yellow),1,0
20,Puffin,2025-05-25T18:52:36,Battalion Barque (blue),1,0
20,Puffin,2025-05-25T18:52:36,Cloud Skiff (blue),1,0
20,Puffin,2025-05-25T18:52:36,Goldwing Turbine (blue),1,0
20,Puffin,2025-05-25T18:52:36,Lubricate (blue),1,0
20,Puffin,2025-05-25T18:52:36,Murderous Rabble (blue),1,0
20,Puffin,2025-05-25T18:52:36,Nimby (blue),1,0
20,Puffin,2025-05-25T18:52:36,On the Horizon (blue),1,0
20,Puffin,2025-05-25T18:52:36,Sky Skimmer (blue),2,0
20,Puffin,2025-05-25T18:52:36,Swindler's Grift (blue),2,0
20,Puffin,2025-05-25T18:52:36,Teeth of the Cog (blue),3,0
20,Puffin,2025-05-25T18:52:36,Walk the Plank (blue),1,0
20,Puffin,2025-05-25T18:52:36,Bandana of the Blue Beyond,1,1
21,Puffin,2025-05-25T19:34:30,Cloud Skiff (red),1,0
21,Puffin,2025-05-25T19:34:30,Draw Back the Hammer (red),1,0
21,Puffin,2025-05-25T19:34:30,Expedition to Azuro Keys (red),1,0
21,Puffin,2025-05-25T19:34:30,Goldwing Turbine (red),1,0
21,Puffin,2025-05-25T19:34:30,Chart a Course (red),1,0
21,Puffin,2025-05-25T19:34:30,Life for a Life (red),1,0
21,Puffin,2025-05-25T19:34:30,On the Horizon (red),1,0
21,Puffin,2025-05-25T19:34:30,Perk Up (red),1,0
21,Puffin,2025-05-25T19:34:30,Scar for a Scar (red),1,0
21,Puffin,2025-05-25T19:34:30,Sky Skimmer (red),1,0
21,Puffin,2025-05-25T19:34:30,Tighten the Screws (red),1,0
21,Puffin,2025-05-25T19:34:30,Tough Old Wrench (red),1,0
21,Puffin,2025-05-25T19:34:30,Walk the Plank (red),1,0
21,Puffin,2025-05-25T19:34:30,Cloud Skiff (yellow),1,0
21,Puffin,2025-05-25T19:34:30,Gold Hunter Ketch (yellow),1,0
21,Puffin,2025-05-25T19:34:30,Gold Hunter Marauder (yellow),2,0
21,Puffin,2025-05-25T19:34:30,Golden Tipple (yellow),1,0
21,Puffin,2025-05-25T19:34:30,HMS Barracuda (yellow),1,0
21,Puffin,2025-05-25T19:34:30,Money or Your Life? (yellow),1,0
21,Puffin,2025-05-25T19:34:30,On the Horizon (yellow),1,0
21,Puffin,2025-05-25T19:34:30,Sirens of Safe Harbor (yellow),1,0
21,Puffin,2025-05-25T19:34:30,Sky Skimmer (yellow),1,0
21,Puffin,2025-05-25T19:34:30,Teeth of the Cog (yellow),1,0
21,Puffin,2025-05-25T19:34:30,Clap 'Em in Irons (blue),1,0
21,Puffin,2025-05-25T19:34:30,Cloud City Steamboat (blue),1,0
21,Puffin,2025-05-25T19:34:30,Cloud Skiff (blue),3,0
21,Puffin,2025-05-25T19:34:30,Goldwing Turbine (blue),1,0
21,Puffin,2025-05-25T19:34:30,Lubricate (blue),1,0
21,Puffin,2025-05-25T19:34:30,Rally the Coast Guard (blue),1,0
21,Puffin,2025-05-25T19:34:30,Sky Skimmer (blue),1,0
21,Puffin,2025-05-25T19:34:30,Swiftwater Sloop (blue),2,0
21,Puffin,2025-05-25T19:34:30,Tit for Tat (blue),1,0
21,Puffin,2025-05-25T19:34:30,Trade In (blue),1,0
21,Puffin,2025-05-25T19:34:30,Fish Fingers,1,1
21,Puffin,2025-05-25T19:34:30,Helmsman's Peak,1,1
21,Puffin,2025-05-25T19:34:30,Rust Belt,1,1
21,Puffin,2025-05-25T19:34:30,Unicycle,1,1
22,Marlynn,2025-05-25T21:07:30,Crash Down the Gates (red),1,0
22,Marlynn,2025-05-25T21:07:30,Dry Powder Shot (red),1,0
22,Marlynn,2025-05-25T21:07:30,Fire in the Hole (red),1,0
22,Marlynn,2025-05-25T21:07:30,Golden Tipple (red),1,0
22,Marlynn,2025-05-25T21:07:30,Chart a Course (red),1,0
22,Marlynn,2025-05-25T21:07:30,King Kraken Harpoon (red),1,0
22,Marlynn,2025-05-25T21:07:30,On the Horizon (red),2,0
22,Marlynn,2025-05-25T21:07:30,Saltwater Swell (red),1,0
22,Marlynn,2025-05-25T21:07:30,Salvage Shot (red),1,0
22,Marlynn,2025-05-25T21:07:30,Sic 'Em Shot (red),2,0
22,Marlynn,2025-05-25T21:07:30,Swift Shot (red),1,0
22,Marlynn,2025-05-25T21:07:30,Swiftwater Sloop (red),1,0
22,Marlynn,2025-05-25T21:07:30,Swindler's Grift (red),2,0
22,Marlynn,2025-05-25T21:07:30,Trade In (red),1,0
22,Marlynn,2025-05-25T21:07:30,Gold Hunter Marauder (yellow),1,0
22,Marlynn,2025-05-25T21:07:30,Golden Tipple (yellow),1,0
22,Marlynn,2025-05-25T21:07:30,HMS Kraken (yellow),1,0
22,Marlynn,2025-05-25T21:07:30,Swindler's Grift (yellow),1,0
22,Marlynn,2025-05-25T21:07:30,Walk the Plank (yellow),1,0
22,Marlynn,2025-05-25T21:07:30,Battalion Barque (blue),1,0
22,Marlynn,2025-05-25T21:07:30,Call in the Big Guns (blue),1,0
22,Marlynn,2025-05-25T21:07:30,Crash Down the Gates (blue),1,0
22,Marlynn,2025-05-25T21:07:30,Head Shot (blue),1,0
22,Marlynn,2025-05-25T21:07:30,Hook (blue),1,0
22,Marlynn,2025-05-25T21:07:30,Nimby (blue),1,0
22,Marlynn,2025-05-25T21:07:30,Red Fin Harpoon (blue),1,0
22,Marlynn,2025-05-25T21:07:30,Rusty Harpoon (blue),1,0
22,Marlynn,2025-05-25T21:07:30,Salvage Shot (blue),1,0
22,Marlynn,2025-05-25T21:07:30,Sea Floor Salvage (blue),1,0
22,Marlynn,2025-05-25T21:07:30,Sinker (blue),1,0
22,Marlynn,2025-05-25T21:07:30,Swindler's Grift (blue),1,0
22,Marlynn,2025-05-25T21:07:30,Trade In (blue),1,0
22,Marlynn,2025-05-25T21:07:30,Walk the Plank (blue),1,0
22,Marlynn,2025-05-25T21:07:30,Yellow Fin Harpoon (blue),1,0
22,Marlynn,2025-05-25T21:07:30,Buccaneer's Bounty,1,1
22,Marlynn,2025-05-25T21:07:30,Light Fingers,1,1
22,Marlynn,2025-05-25T21:07:30,Quartermaster's Boots,1,1
23,Marlynn,2025-05-25T22:04:15,Call in the Big Guns (red),1,0
23,Marlynn,2025-05-25T22:04:15,Dry Powder Shot (red),2,0
23,Marlynn,2025-05-25T22:04:15,Entangling Shot (red),1,0
23,Marlynn,2025-05-25T22:04:15,Fire in the Hole (red),1,0
23,Marlynn,2025-05-25T22:04:15,Flying High (red),1,0
23,Marlynn,2025-05-25T22:04:15,Chart a Course (red),1,0
23,Marlynn,2025-05-25T22:04:15,Life for a Life (red),1,0
23,Marlynn,2025-05-25T22:04:15,Nettling Shot (red),1,0
23,Marlynn,2025-05-25T22:04:15,Nimblism (red),1,0
23,Marlynn,2025-05-25T22:04:15,Nimby (red),2,0
23,Marlynn,2025-05-25T22:04:15,Ravenous Rabble (red),1,0
23,Marlynn,2025-05-25T22:04:15,Saltwater Swell (red),1,0
23,Marlynn,2025-05-25T22:04:15,Scar for a Scar (red),1,0
23,Marlynn,2025-05-25T22:04:15,Sic 'Em Shot (red),1,0
23,Marlynn,2025-05-25T22:04:15,Strike Gold (red),1,0
23,Marlynn,2025-05-25T22:04:15,Swift Shot (red),1,0
23,Marlynn,2025-05-25T22:04:15,Trade In (red),1,0
23,Marlynn,2025-05-25T22:04:15,Call in the Big Guns (yellow),1,0
23,Marlynn,2025-05-25T22:04:15,Fiddler's Green (yellow),1,0
23,Marlynn,2025-05-25T22:04:15,Head Shot (yellow),1,0
23,Marlynn,2025-05-25T22:04:15,Chart a Course (yellow),1,0
23,Marlynn,2025-05-25T22:04:15,Nimblism (yellow),1,0
23,Marlynn,2025-05-25T22:04:15,Salvage Shot (yellow),2,0
23,Marlynn,2025-05-25T22:04:15,Sic 'Em Shot (yellow),1,0
23,Marlynn,2025-05-25T22:04:15,Sirens of Safe Harbor (yellow),1,0
23,Marlynn,2025-05-25T22:04:15,Call in the Big Guns (blue),1,0
23,Marlynn,2025-05-25T22:04:15,Nimblism (blue),1,0
23,Marlynn,2025-05-25T22:04:15,Nimby (blue),1,0
23,Marlynn,2025-05-25T22:04:15,Red Fin Harpoon (blue),1,0
23,Marlynn,2025-05-25T22:04:15,Sic 'Em Shot (blue),2,0
23,Marlynn,2025-05-25T22:04:15,Sinker (blue),1,0
23,Marlynn,2025-05-25T22:04:15,Tit for Tat (blue),1,0
23,Marlynn,2025-05-25T22:04:15,Yellow Fin Harpoon (blue),1,0
23,Marlynn,2025-05-25T22:04:15,Blue Sea Tricorn,1,1
23,Marlynn,2025-05-25T22:04:15,Glidewell Fins,1,1
23,Marlynn,2025-05-25T22:04:15,Quick Clicks,1,1
23,Marlynn,2025-05-25T22:04:15,Swiftstrike Bracers,1,1
24,Gravy Bones,2025-05-25T22:10:06,Battalion Barque (red),1,0
24,Gravy Bones,2025-05-25T22:10:06,Expedition to Dreadfall Reach (red),1,0
24,Gravy Bones,2025-05-25T22:10:06,Life for a Life (red),1,0
24,Gravy Bones,2025-05-25T22:10:06,Paddle Faster (red),1,0
24,Gravy Bones,2025-05-25T22:10:06,Ravenous Rabble (red),1,0
24,Gravy Bones,2025-05-25T22:10:06,Thiev'n Varmints (red),1,0
24,Gravy Bones,2025-05-25T22:10:06,Barnacle (yellow),1,0
24,Gravy Bones,2025-05-25T22:10:06,Burly Bones (yellow),3,0
24,Gravy Bones,2025-05-25T22:10:06,"Cutty Shark, Quick Clip (yellow)",1,0
24,Gravy Bones,2025-05-25T22:10:06,Flying High (yellow),1,0
24,Gravy Bones,2025-05-25T22:10:06,Gold Hunter Ketch (yellow),1,0
24,Gravy Bones,2025-05-25T22:10:06,Chart a Course (yellow),1,0
24,Gravy Bones,2025-05-25T22:10:06,"Chowder, Hearty Cook (yellow)",1,0
24,Gravy Bones,2025-05-25T22:10:06,Jittery Bones (yellow),1,0
24,Gravy Bones,2025-05-25T22:10:06,Nimby (yellow),2,0
24,Gravy Bones,2025-05-25T22:10:06,"Shelly, Hardened Traveler (yellow)",1,0
24,Gravy Bones,2025-05-25T22:10:06,Sirens of Safe Harbor (yellow),1,0
24,Gravy Bones,2025-05-25T22:10:06,Swabbie (yellow),2,0
24,Gravy Bones,2025-05-25T22:10:06,Angry Bones (blue),2,0
24,Gravy Bones,2025-05-25T22:10:06,Burly Bones (blue),1,0
24,Gravy Bones,2025-05-25T22:10:06,Golden Tipple (blue),1,0
24,Gravy Bones,2025-05-25T22:10:06,Jittery Bones (blue),2,0
24,Gravy Bones,2025-05-25T22:10:06,Restless Bones (blue),1,0
24,Gravy Bones,2025-05-25T22:10:06,Shifting Tides (blue),1,0
24,Gravy Bones,2025-05-25T22:10:06,Sirens of Safe Harbor (blue),1,0
24,Gravy Bones,2025-05-25T22:10:06,Strike Gold (blue),1,0
24,Gravy Bones,2025-05-25T22:10:06,Swiftwater Sloop (blue),1,0
24,Gravy Bones,2025-05-25T22:10:06,Swindler's Grift (blue),1,0
24,Gravy Bones,2025-05-25T22:10:06,Throw Caution to the Wind (blue),1,0
24,Gravy Bones,2025-05-25T22:10:06,Tit for Tat (blue),1,0
24,Gravy Bones,2025-05-25T22:10:06,Walk the Plank (blue),1,0
24,Gravy Bones,2025-05-25T22:10:06,Yo Ho Ho! (blue),1,0
24,Gravy Bones,2025-05-25T22:10:06,Helmsman's Peak,1,1
24,Gravy Bones,2025-05-25T22:10:06,Peg Leg,1,1
25,Marlynn,2025-05-25T22:48:03,Call in the Big Guns (red),1,0
25,Marlynn,2025-05-25T22:48:03,Dry Powder Shot (red),1,0
25,Marlynn,2025-05-25T22:48:03,Expedition to Azuro Keys (red),1,0
25,Marlynn,2025-05-25T22:48:03,Golden Tipple (red),1,0
25,Marlynn,2025-05-25T22:48:03,Head Shot (red),1,0
25,Marlynn,2025-05-25T22:48:03,Jack Be Nimble (red),2,0
25,Marlynn,2025-05-25T22:48:03,Nimblism (red),2,0
25,Marlynn,2025-05-25T22:48:03,Nimby (red),1,0
25,Marlynn,2025-05-25T22:48:03,Ravenous Rabble (red),1,0
25,Marlynn,2025-05-25T22:48:03,Scar for a Scar (red),1,0
25,Marlynn,2025-05-25T22:48:03,Scouting Shot (red),2,0
25,Marlynn,2025-05-25T22:48:03,Sic 'Em Shot (red),2,0
25,Marlynn,2025-05-25T22:48:03,Swift Shot (red),1,0
25,Marlynn,2025-05-25T22:48:03,Call in the Big Guns (yellow),2,0
25,Marlynn,2025-05-25T22:48:03,Gold Hunter Lightsail (yellow),1,0
25,Marlynn,2025-05-25T22:48:03,Head Shot (yellow),1,0
25,Marlynn,2025-05-25T22:48:03,Chart a Course (yellow),1,0
25,Marlynn,2025-05-25T22:48:03,Nimblism (yellow),2,0
25,Marlynn,2025-05-25T22:48:03,Salvage Shot (yellow),1,0
25,Marlynn,2025-05-25T22:48:03,Sic 'Em Shot (yellow),1,0
25,Marlynn,2025-05-25T22:48:03,Swindler's Grift (yellow),1,0
25,Marlynn,2025-05-25T22:48:03,Trade In (yellow),1,0
25,Marlynn,2025-05-25T22:48:03,Rusty Harpoon (blue),1,0
25,Marlynn,2025-05-25T22:48:03,Salvage Shot (blue),2,0
25,Marlynn,2025-05-25T22:48:03,Sic 'Em Shot (blue),1,0
25,Marlynn,2025-05-25T22:48:03,Buccaneer's Bounty,1,1
25,Marlynn,2025-05-25T22:48:03,Glidewell Fins,1,1
25,Marlynn,2025-05-25T22:48:03,Patch the Hole,1,1
25,Marlynn,2025-05-25T22:48:03,Quick Clicks,1,1
25,Marlynn,2025-05-25T22:48:03,Swiftstrike Bracers,1,1
26,Puffin,2025-05-25T23:12:07,Cloud City Steamboat (red),1,0
26,Puffin,2025-05-25T23:12:07,Cloud Skiff (red),3,0
26,Puffin,2025-05-25T23:12:07,Cogwerx Zeppelin (red),1,0
26,Puffin,2025-05-25T23:12:07,Golden Tipple (red),1,0
26,Puffin,2025-05-25T23:12:07,Perk Up (red),2,0
26,Puffin,2025-05-25T23:12:07,Sky Skimmer (red),1,0
26,Puffin,2025-05-25T23:12:07,Tighten the Screws (red),3,0
26,Puffin,2025-05-25T23:12:07,Tough Old Wrench (red),2,0
26,Puffin,2025-05-25T23:12:07,Cloud City Steamboat (yellow),1,0
26,Puffin,2025-05-25T23:12:07,Cloud Skiff (yellow),2,0
26,Puffin,2025-05-25T23:12:07,Goldwing Turbine (yellow),2,0
26,Puffin,2025-05-25T23:12:07,HMS Barracuda (yellow),1,0
26,Puffin,2025-05-25T23:12:07,Chart a Course (yellow),2,0
26,Puffin,2025-05-25T23:12:07,On the Horizon (yellow),1,0
26,Puffin,2025-05-25T23:12:07,Sky Skimmer (yellow),1,0
26,Puffin,2025-05-25T23:12:07,Tough Old Wrench (yellow),1,0
26,Puffin,2025-05-25T23:12:07,Copper Cog (blue),1,0
26,Puffin,2025-05-25T23:12:07,Golden Tipple (blue),1,0
26,Puffin,2025-05-25T23:12:07,Chart a Course (blue),1,0
26,Puffin,2025-05-25T23:12:07,Mutiny on the Swiftwater (blue),1,0
26,Puffin,2025-05-25T23:12:07,Sea Floor Salvage (blue),1,0
26,Puffin,2025-05-25T23:12:07,Strike Gold (blue),1,0
26,Puffin,2025-05-25T23:12:07,Swiftwater Sloop (blue),1,0
26,Puffin,2025-05-25T23:12:07,Tough Old Wrench (blue),2,0
26,Puffin,2025-05-25T23:12:07,Fish Fingers,1,1
26,Puffin,2025-05-25T23:12:07,Helmsman's Peak,1,1
26,Puffin,2025-05-25T23:12:07,Rust Belt,1,1
26,Puffin,2025-05-25T23:12:07,Unicycle,1,1
27,Marlynn,2025-05-25T23:21:50,Entangling Shot (red),2,0
27,Marlynn,2025-05-25T23:21:50,Expedition to Azuro Keys (red),1,0
27,Marlynn,2025-05-25T23:21:50,Expedition to Horizon's Mantle (red),1,0
27,Marlynn,2025-05-25T23:21:50,Fire in the Hole (red),1,0
27,Marlynn,2025-05-25T23:21:50,Head Shot (red),1,0
27,Marlynn,2025-05-25T23:21:50,Chart a Course (red),1,0
27,Marlynn,2025-05-25T23:21:50,Monkey Powder (red),1,0
27,Marlynn,2025-05-25T23:21:50,On the Horizon (red),1,0
27,Marlynn,2025-05-25T23:21:50,Pilfer the Wreck (red),1,0
27,Marlynn,2025-05-25T23:21:50,Salvage Shot (red),1,0
27,Marlynn,2025-05-25T23:21:50,Thiev'n Varmints (red),1,0
27,Marlynn,2025-05-25T23:21:50,Trade In (red),1,0
27,Marlynn,2025-05-25T23:21:50,Gold Hunter Ketch (yellow),2,0
27,Marlynn,2025-05-25T23:21:50,Chart a Course (yellow),2,0
27,Marlynn,2025-05-25T23:21:50,Lost in Transit (yellow),1,0
27,Marlynn,2025-05-25T23:21:50,On the Horizon (yellow),1,0
27,Marlynn,2025-05-25T23:21:50,Salvage Shot (yellow),1,0
27,Marlynn,2025-05-25T23:21:50,Sic 'Em Shot (yellow),1,0
27,Marlynn,2025-05-25T23:21:50,Swindler's Grift (yellow),1,0
27,Marlynn,2025-05-25T23:21:50,Trade In (yellow),1,0
27,Marlynn,2025-05-25T23:21:50,Call in the Big Guns (blue),1,0
27,Marlynn,2025-05-25T23:21:50,Head Shot (blue),1,0
27,Marlynn,2025-05-25T23:21:50,Chart a Course (blue),1,0
27,Marlynn,2025-05-25T23:21:50,Mutiny on the Nimbus Sovereign (blue),1,0
27,Marlynn,2025-05-25T23:21:50,Nimblism (blue),1,0
27,Marlynn,2025-05-25T23:21:50,Portside Exchange (blue),1,0
27,Marlynn,2025-05-25T23:21:50,Rusty Harpoon (blue),4,0
27,Marlynn,2025-05-25T23:21:50,Saltwater Swell (blue),1,0
27,Marlynn,2025-05-25T23:21:50,Salvage Shot (blue),1,0
27,Marlynn,2025-05-25T23:21:50,Sic 'Em Shot (blue),1,0
27,Marlynn,2025-05-25T23:21:50,Yellow Fin Harpoon (blue),1,0
27,Marlynn,2025-05-25T23:21:50,Blue Sea Tricorn,1,1
27,Marlynn,2025-05-25T23:21:50,Buccaneer's Bounty,1,1
27,Marlynn,2025-05-25T23:21:50,Glidewell Fins,1,1
27,Marlynn,2025-05-25T23:21:50,Peg Leg,1,1
28,"Scurv, Stowaway",2025-05-25T23:30:20,Battalion Barque (red),1,0
28,"Scurv, Stowaway",2025-05-25T23:30:20,Blow for a Blow (red),2,0
28,"Scurv, Stowaway",2025-05-25T23:30:20,Expedition to Horizon's Mantle (red),2,0
28,"Scurv, Stowaway",2025-05-25T23:30:20,On the Horizon (red),1,0
28,"Scurv, Stowaway",2025-05-25T23:30:20,Rally the Coast Guard (red),1,0
28,"Scurv, Stowaway",2025-05-25T23:30:20,Sirens of Safe Harbor (red),1,0
28,"Scurv, Stowaway",2025-05-25T23:30:20,Swiftwater Sloop (red),1,0
28,"Scurv, Stowaway",2025-05-25T23:30:20,Swindler's Grift (red),1,0
28,"Scurv, Stowaway",2025-05-25T23:30:20,Walk the Plank (red),1,0
28,"Scurv, Stowaway",2025-05-25T23:30:20,Gold Hunter Marauder (yellow),1,0
28,"Scurv, Stowaway",2025-05-25T23:30:20,Golden Tipple (yellow),1,0
28,"Scurv, Stowaway",2025-05-25T23:30:20,HMS Marlin (yellow),1,0
28,"Scurv, Stowaway",2025-05-25T23:30:20,Chart a Course (yellow),2,0
28,"Scurv, Stowaway",2025-05-25T23:30:20,Not So Fast (yellow),1,0
28,"Scurv, Stowaway",2025-05-25T23:30:20,On the Horizon (yellow),1,0
28,"Scurv, Stowaway",2025-05-25T23:30:20,Rally the Coast Guard (yellow),1,0
28,"Scurv, Stowaway",2025-05-25T23:30:20,Saltwater Swell (yellow),1,0
28,"Scurv, Stowaway",2025-05-25T23:30:20,Strike Gold (yellow),1,0
28,"Scurv, Stowaway",2025-05-25T23:30:20,Swindler's Grift (yellow),1,0
28,"Scurv, Stowaway",2025-05-25T23:30:20,Trade In (yellow),1,0
28,"Scurv, Stowaway",2025-05-25T23:30:20,Battalion Barque (blue),3,0
28,"Scurv, Stowaway",2025-05-25T23:30:20,Crash Down the Gates (blue),1,0
28,"Scurv, Stowaway",2025-05-25T23:30:20,Divvy Up (blue),1,0
28,"Scurv, Stowaway",2025-05-25T23:30:20,Money or Your Life? (blue),1,0
28,"Scurv, Stowaway",2025-05-25T23:30:20,Mutiny on the Battalion Barque (blue),1,0
28,"Scurv, Stowaway",2025-05-25T23:30:20,Saltwater Swell (blue),1,0
28,"Scurv, Stowaway",2025-05-25T23:30:20,Scrub the Deck (blue),1,0
28,"Scurv, Stowaway",2025-05-25T23:30:20,Sirens of Safe Harbor (blue),1,0
28,"Scurv, Stowaway",2025-05-25T23:30:20,Throw Caution to the Wind (blue),1,0
28,"Scurv, Stowaway",2025-05-25T23:30:20,Fish Fingers,1,1
29,Gravy Bones,2025-05-25T23:35:51,Crash Down the Gates (red),2,0
29,Gravy Bones,2025-05-25T23:35:51,Expedition to Horizon's Mantle (red),1,0
29,Gravy Bones,2025-05-25T23:35:51,Hoist 'Em Up (red),1,0
29,Gravy Bones,2025-05-25T23:35:51,Chart a Course (red),1,0
29,Gravy Bones,2025-05-25T23:35:51,On the Horizon (red),2,0
29,Gravy Bones,2025-05-25T23:35:51,Pilfer the Wreck (red),1,0
29,Gravy Bones,2025-05-25T23:35:51,Rally the Coast Guard (red),1,0
29,Gravy Bones,2025-05-25T23:35:51,Burly Bones (yellow),1,0
29,Gravy Bones,2025-05-25T23:35:51,"Cutty Shark, Quick Clip (yellow)",1,0
29,Gravy Bones,2025-05-25T23:35:51,Gold Hunter Ketch (yellow),1,0
29,Gravy Bones,2025-05-25T23:35:51,Gold Hunter Longboat (yellow),1,0
29,Gravy Bones,2025-05-25T23:35:51,Golden Tipple (yellow),1,0
29,Gravy Bones,2025-05-25T23:35:51,HMS Kraken (yellow),1,0
29,Gravy Bones,2025-05-25T23:35:51,"Chowder, Hearty Cook (yellow)",1,0
29,Gravy Bones,2025-05-25T23:35:51,Jittery Bones (yellow),1,0
29,Gravy Bones,2025-05-25T23:35:51,"Limpit, Hop-a-long (yellow)",1,0
29,Gravy Bones,2025-05-25T23:35:51,Lost in Transit (yellow),1,0
29,Gravy Bones,2025-05-25T23:35:51,Riggermortis (yellow),2,0
29,Gravy Bones,2025-05-25T23:35:51,Strike Gold (yellow),1,0
29,Gravy Bones,2025-05-25T23:35:51,Swabbie (yellow),1,0
29,Gravy Bones,2025-05-25T23:35:51,Swiftwater Sloop (yellow),1,0
29,Gravy Bones,2025-05-25T23:35:51,Angry Bones (blue),2,0
29,Gravy Bones,2025-05-25T23:35:51,Avast Ye! (blue),1,0
29,Gravy Bones,2025-05-25T23:35:51,Golden Tipple (blue),1,0
29,Gravy Bones,2025-05-25T23:35:51,Chart a Course (blue),1,0
29,Gravy Bones,2025-05-25T23:35:51,Mutiny on the Battalion Barque (blue),1,0
29,Gravy Bones,2025-05-25T23:35:51,Nimblism (blue),1,0
29,Gravy Bones,2025-05-25T23:35:51,Nimby (blue),1,0
29,Gravy Bones,2025-05-25T23:35:51,Rally the Coast Guard (blue),1,0
29,Gravy Bones,2025-05-25T23:35:51,Trade In (blue),1,0
29,Gravy Bones,2025-05-25T23:35:51,Blue Sea Tricorn,1,1
29,Gravy Bones,2025-05-25T23:35:51,Buccaneer's Bounty,1,1
29,Gravy Bones,2025-05-25T23:35:51,Quartermaster's Boots,1,1
29,Gravy Bones,2025-05-25T23:35:51,Quick Clicks,1,1
29,Gravy Bones,2025-05-25T23:35:51,Washed Up Wave,1,1
30,Marlynn,2025-05-26T00:09:36,Battalion Barque (red),1,0
30,Marlynn,2025-05-26T00:09:36,Dry Powder Shot (red),2,0
30,Marlynn,2025-05-26T00:09:36,Entangling Shot (red),3,0
30,Marlynn,2025-05-26T00:09:36,Expedition to Dreadfall Reach (red),1,0
30,Marlynn,2025-05-26T00:09:36,Fiddler's Green (red),1,0
30,Marlynn,2025-05-26T00:09:36,Fire in the Hole (red),1,0
30,Marlynn,2025-05-26T00:09:36,Head Shot (red),1,0
30,Marlynn,2025-05-26T00:09:36,Monkey Powder (red),1,0
30,Marlynn,2025-05-26T00:09:36,Nettling Shot (red),1,0
30,Marlynn,2025-05-26T00:09:36,Rally the Coast Guard (red),1,0
30,Marlynn,2025-05-26T00:09:36,Scouting Shot (red),1,0
30,Marlynn,2025-05-26T00:09:36,Sirens of Safe Harbor (red),1,0
30,Marlynn,2025-05-26T00:09:36,Swift Shot (red),1,0
30,Marlynn,2025-05-26T00:09:36,Swindler's Grift (red),1,0
30,Marlynn,2025-05-26T00:09:36,Trade In (red),1,0
30,Marlynn,2025-05-26T00:09:36,Big Game Trophy Shot (yellow),1,0
30,Marlynn,2025-05-26T00:09:36,Call in the Big Guns (yellow),1,0
30,Marlynn,2025-05-26T00:09:36,Fiddler's Green (yellow),1,0
30,Marlynn,2025-05-26T00:09:36,Gold Hunter Longboat (yellow),1,0
30,Marlynn,2025-05-26T00:09:36,Gold Hunter Marauder (yellow),1,0
30,Marlynn,2025-05-26T00:09:36,Head Shot (yellow),1,0
30,Marlynn,2025-05-26T00:09:36,HMS Marlin (yellow),1,0
30,Marlynn,2025-05-26T00:09:36,Call in the Big Guns (blue),1,0
30,Marlynn,2025-05-26T00:09:36,Hook (blue),1,0
30,Marlynn,2025-05-26T00:09:36,Line (blue),1,0
30,Marlynn,2025-05-26T00:09:36,Nimby (blue),1,0
30,Marlynn,2025-05-26T00:09:36,Rally the Coast Guard (blue),1,0
30,Marlynn,2025-05-26T00:09:36,Salvage Shot (blue),1,0
30,Marlynn,2025-05-26T00:09:36,Walk the Plank (blue),1,0
30,Marlynn,2025-05-26T00:09:36,Yellow Fin Harpoon (blue),1,0
30,Marlynn,2025-05-26T00:09:36,Captain's Coat,1,1
30,Marlynn,2025-05-26T00:09:36,Glidewell Fins,1,1
30,Marlynn,2025-05-26T00:09:36,Patch the Hole,1,1
30,Marlynn,2025-05-26T00:09:36,Peg Leg,1,1
31,Puffin,2025-05-26T00:27:23,Cloud Skiff (red),2,0
31,Puffin,2025-05-26T00:27:23,Cog in the Machine (red),1,0
31,Puffin,2025-05-26T00:27:23,Cogwerx Zeppelin (red),1,0
31,Puffin,2025-05-26T00:27:23,Draw Back the Hammer (red),2,0
31,Puffin,2025-05-26T00:27:23,Expedition to Azuro Keys (red),1,0
31,Puffin,2025-05-26T00:27:23,Life for a Life (red),1,0
31,Puffin,2025-05-26T00:27:23,Perk Up (red),2,0
31,Puffin,2025-05-26T00:27:23,Sky Skimmer (red),2,0
31,Puffin,2025-05-26T00:27:23,Teeth of the Cog (red),1,0
31,Puffin,2025-05-26T00:27:23,Tough Old Wrench (red),1,0
31,Puffin,2025-05-26T00:27:23,Cloud City Steamboat (yellow),1,0
31,Puffin,2025-05-26T00:27:23,Cloud Skiff (yellow),1,0
31,Puffin,2025-05-26T00:27:23,Cogwerx Zeppelin (yellow),2,0
31,Puffin,2025-05-26T00:27:23,Gold Hunter Lightsail (yellow),2,0
31,Puffin,2025-05-26T00:27:23,Golden Tipple (yellow),2,0
31,Puffin,2025-05-26T00:27:23,Goldwing Turbine (yellow),2,0
31,Puffin,2025-05-26T00:27:23,Chart a Course (yellow),1,0
31,Puffin,2025-05-26T00:27:23,Jolly Bludger (yellow),1,0
31,Puffin,2025-05-26T00:27:23,Sky Skimmer (yellow),2,0
31,Puffin,2025-05-26T00:27:23,Tough Old Wrench (yellow),1,0
31,Puffin,2025-05-26T00:27:23,Cloud City Steamboat (blue),1,0
31,Puffin,2025-05-26T00:27:23,Cloud Skiff (blue),1,0
31,Puffin,2025-05-26T00:27:23,Copper Cog (blue),1,0
31,Puffin,2025-05-26T00:27:23,Goldwing Turbine (blue),1,0
31,Puffin,2025-05-26T00:27:23,Chart a Course (blue),1,0
31,Puffin,2025-05-26T00:27:23,Pinion Sentry (blue),1,0
31,Puffin,2025-05-26T00:27:23,Sky Skimmer (blue),1,0
31,Puffin,2025-05-26T00:27:23,Teeth of the Cog (blue),1,0
31,Puffin,2025-05-26T00:27:23,Tough Old Wrench (blue),1,0
31,Puffin,2025-05-26T00:27:23,Buccaneer's Bounty,1,1
31,Puffin,2025-05-26T00:27:23,Helmsman's Peak,1,1
31,Puffin,2025-05-26T00:27:23,Light Fingers,1,1
31,Puffin,2025-05-26T00:27:23,Unicycle,1,1
32,Marlynn,2025-05-26T03:11:50,Call in the Big Guns (red),3,0
32,Marlynn,2025-05-26T03:11:50,Dry Powder Shot (red),1,0
32,Marlynn,2025-05-26T03:11:50,Entangling Shot (red),2,0
32,Marlynn,2025-05-26T03:11:50,Fiddler's Green (red),1,0
32,Marlynn,2025-05-26T03:11:50,Golden Tipple (red),1,0
32,Marlynn,2025-05-26T03:11:50,Head Shot (red),1,0
32,Marlynn,2025-05-26T03:11:50,Nettling Shot (red),2,0
32,Marlynn,2025-05-26T03:11:50,Nimby (red),2,0
32,Marlynn,2025-05-26T03:11:50,Salvage Shot (red),1,0
32,Marlynn,2025-05-26T03:11:50,Scar for a Scar (red),1,0
32,Marlynn,2025-05-26T03:11:50,Scouting Shot (red),1,0
32,Marlynn,2025-05-26T03:11:50,Swift Shot (red),3,0
32,Marlynn,2025-05-26T03:11:50,Gold Hunter Ketch (yellow),1,0
32,Marlynn,2025-05-26T03:11:50,Head Shot (yellow),1,0
32,Marlynn,2025-05-26T03:11:50,Nimblism (yellow),1,0
32,Marlynn,2025-05-26T03:11:50,Not So Fast (yellow),1,0
32,Marlynn,2025-05-26T03:11:50,Saltwater Swell (yellow),1,0
32,Marlynn,2025-05-26T03:11:50,Sic 'Em Shot (yellow),1,0
32,Marlynn,2025-05-26T03:11:50,Trade In (yellow),1,0
32,Marlynn,2025-05-26T03:11:50,Walk the Plank (yellow),1,0
32,Marlynn,2025-05-26T03:11:50,Battalion Barque (blue),1,0
32,Marlynn,2025-05-26T03:11:50,Call in the Big Guns (blue),1,0
32,Marlynn,2025-05-26T03:11:50,Head Shot (blue),1,0
32,Marlynn,2025-05-26T03:11:50,On the Horizon (blue),1,0
32,Marlynn,2025-05-26T03:11:50,Red Fin Harpoon (blue),1,0
32,Marlynn,2025-05-26T03:11:50,Sic 'Em Shot (blue),2,0
32,Marlynn,2025-05-26T03:11:50,Trade In (blue),1,0
32,Marlynn,2025-05-26T03:11:50,Blue Sea Tricorn,1,1
32,Marlynn,2025-05-26T03:11:50,Captain's Coat,1,1
32,Marlynn,2025-05-26T03:11:50,Fish Fingers,1,1
32,Marlynn,2025-05-26T03:11:50,Glidewell Fins,1,1
32,Marlynn,2025-05-26T03:11:50,Peg Leg,1,1
33,Puffin,2025-05-26T03:20:19,Cloud Skiff (red),3,0
33,Puffin,2025-05-26T03:20:19,Draw Back the Hammer (red),1,0
33,Puffin,2025-05-26T03:20:19,Expedition to Dreadfall Reach (red),1,0
33,Puffin,2025-05-26T03:20:19,Expedition to Horizon's Mantle (red),1,0
33,Puffin,2025-05-26T03:20:19,Goldwing Turbine (red),1,0
33,Puffin,2025-05-26T03:20:19,Life for a Life (red),1,0
33,Puffin,2025-05-26T03:20:19,Pilfer the Wreck (red),1,0
33,Puffin,2025-05-26T03:20:19,Sirens of Safe Harbor (red),1,0
33,Puffin,2025-05-26T03:20:19,Sky Skimmer (red),1,0
33,Puffin,2025-05-26T03:20:19,Swiftwater Sloop (red),1,0
33,Puffin,2025-05-26T03:20:19,Teeth of the Cog (red),2,0
33,Puffin,2025-05-26T03:20:19,Tighten the Screws (red),1,0
33,Puffin,2025-05-26T03:20:19,Tough Old Wrench (red),1,0
33,Puffin,2025-05-26T03:20:19,Walk the Plank (red),1,0
33,Puffin,2025-05-26T03:20:19,Gold Hunter Ketch (yellow),1,0
33,Puffin,2025-05-26T03:20:19,Gold Hunter Marauder (yellow),1,0
33,Puffin,2025-05-26T03:20:19,Goldwing Turbine (yellow),1,0
33,Puffin,2025-05-26T03:20:19,Pilfer the Wreck (yellow),1,0
33,Puffin,2025-05-26T03:20:19,Sky Skimmer (yellow),1,0
33,Puffin,2025-05-26T03:20:19,Strike Gold (yellow),1,0
33,Puffin,2025-05-26T03:20:19,Swiftwater Sloop (yellow),1,0
33,Puffin,2025-05-26T03:20:19,Tough Old Wrench (yellow),2,0
33,Puffin,2025-05-26T03:20:19,Cloud Skiff (blue),1,0
33,Puffin,2025-05-26T03:20:19,Copper Cog (blue),1,0
33,Puffin,2025-05-26T03:20:19,Goldwing Turbine (blue),1,0
33,Puffin,2025-05-26T03:20:19,Chart a Course (blue),2,0
33,Puffin,2025-05-26T03:20:19,Mutiny on the Nimbus Sovereign (blue),1,0
33,Puffin,2025-05-26T03:20:19,Rally the Coast Guard (blue),1,0
33,Puffin,2025-05-26T03:20:19,Sky Skimmer (blue),1,0
33,Puffin,2025-05-26T03:20:19,Strike Gold (blue),1,0
33,Puffin,2025-05-26T03:20:19,Swiftwater Sloop (blue),2,0
33,Puffin,2025-05-26T03:20:19,Tough Old Wrench (blue),1,0
33,Puffin,2025-05-26T03:20:19,Unicycle,1,1
34,Gravy Bones,2025-05-26T03:46:23,Blood in the Water (red),1,0
34,Gravy Bones,2025-05-26T03:46:23,Burly Bones (red),1,0
34,Gravy Bones,2025-05-26T03:46:23,Expedition to Blackwater Strait (red),1,0
34,Gravy Bones,2025-05-26T03:46:23,On the Horizon (red),1,0
34,Gravy Bones,2025-05-26T03:46:23,Rally the Coast Guard (red),1,0
34,Gravy Bones,2025-05-26T03:46:23,Restless Bones (red),2,0
34,Gravy Bones,2025-05-26T03:46:23,Sirens of Safe Harbor (red),1,0
34,Gravy Bones,2025-05-26T03:46:23,Walk the Plank (red),1,0
34,Gravy Bones,2025-05-26T03:46:23,Barnacle (yellow),2,0
34,Gravy Bones,2025-05-26T03:46:23,"Cutty Shark, Quick Clip (yellow)",1,0
34,Gravy Bones,2025-05-26T03:46:23,Fool's Gold (yellow),1,0
34,Gravy Bones,2025-05-26T03:46:23,Gold Hunter Longboat (yellow),1,0
34,Gravy Bones,2025-05-26T03:46:23,"Chum, Friendly First Mate (yellow)",1,0
34,Gravy Bones,2025-05-26T03:46:23,Moray le Fay (yellow),1,0
34,Gravy Bones,2025-05-26T03:46:23,Rally the Coast Guard (yellow),1,0
34,Gravy Bones,2025-05-26T03:46:23,Restless Bones (yellow),1,0
34,Gravy Bones,2025-05-26T03:46:23,Swabbie (yellow),1,0
34,Gravy Bones,2025-05-26T03:46:23,Swindler's Grift (yellow),1,0
34,Gravy Bones,2025-05-26T03:46:23,Trade In (yellow),1,0
34,Gravy Bones,2025-05-26T03:46:23,Angry Bones (blue),1,0
34,Gravy Bones,2025-05-26T03:46:23,Burly Bones (blue),1,0
34,Gravy Bones,2025-05-26T03:46:23,Diamond Amulet (blue),1,0
34,Gravy Bones,2025-05-26T03:46:23,Golden Tipple (blue),3,0
34,Gravy Bones,2025-05-26T03:46:23,Chart a Course (blue),1,0
34,Gravy Bones,2025-05-26T03:46:23,Mutiny on the Nimbus Sovereign (blue),1,0
34,Gravy Bones,2025-05-26T03:46:23,Nimblism (blue),1,0
34,Gravy Bones,2025-05-26T03:46:23,Portside Exchange (blue),1,0
34,Gravy Bones,2025-05-26T03:46:23,Rally the Coast Guard (blue),2,0
34,Gravy Bones,2025-05-26T03:46:23,Restless Bones (blue),1,0
34,Gravy Bones,2025-05-26T03:46:23,Saltwater Swell (blue),1,0
34,Gravy Bones,2025-05-26T03:46:23,Strike Gold (blue),1,0
34,Gravy Bones,2025-05-26T03:46:23,Swindler's Grift (blue),1,0
34,Gravy Bones,2025-05-26T03:46:23,Yo Ho Ho! (blue),1,0
34,Gravy Bones,2025-05-26T03:46:23,Buccaneer's Bounty,1,1
34,Gravy Bones,2025-05-26T03:46:23,Helmsman's Peak,1,1
34,Gravy Bones,2025-05-26T03:46:23,Peg Leg,1,1
35,Puffin,2025-05-26T04:47:04,Blow for a Blow (red),1,0
35,Puffin,2025-05-26T04:47:04,Cloud City Steamboat (red),2,0
35,Puffin,2025-05-26T04:47:04,Cloud Skiff (red),1,0
35,Puffin,2025-05-26T04:47:04,Expedition to Blackwater Strait (red),1,0
35,Puffin,2025-05-26T04:47:04,Palantir Aeronought (red),1,0
35,Puffin,2025-05-26T04:47:04,Perk Up (red),1,0
35,Puffin,2025-05-26T04:47:04,Pilfer the Wreck (red),1,0
35,Puffin,2025-05-26T04:47:04,Swiftwater Sloop (red),1,0
35,Puffin,2025-05-26T04:47:04,Teeth of the Cog (red),1,0
35,Puffin,2025-05-26T04:47:04,Tighten the Screws (red),1,0
35,Puffin,2025-05-26T04:47:04,Walk the Plank (red),2,0
35,Puffin,2025-05-26T04:47:04,Cloud City Steamboat (yellow),1,0
35,Puffin,2025-05-26T04:47:04,Cogwerx Zeppelin (yellow),1,0
35,Puffin,2025-05-26T04:47:04,Goldwing Turbine (yellow),3,0
35,Puffin,2025-05-26T04:47:04,HMS Barracuda (yellow),1,0
35,Puffin,2025-05-26T04:47:04,Nimby (yellow),1,0
35,Puffin,2025-05-26T04:47:04,Rally the Coast Guard (yellow),1,0
35,Puffin,2025-05-26T04:47:04,Sirens of Safe Harbor (yellow),2,0
35,Puffin,2025-05-26T04:47:04,Sky Skimmer (yellow),3,0
35,Puffin,2025-05-26T04:47:04,Tough Old Wrench (yellow),2,0
35,Puffin,2025-05-26T04:47:04,Cogwerx Zeppelin (blue),1,0
35,Puffin,2025-05-26T04:47:04,Fiddler's Green (blue),1,0
35,Puffin,2025-05-26T04:47:04,Goldwing Turbine (blue),2,0
35,Puffin,2025-05-26T04:47:04,Pilfer the Wreck (blue),1,0
35,Puffin,2025-05-26T04:47:04,Scrub the Deck (blue),1,0
35,Puffin,2025-05-26T04:47:04,Shifting Tides (blue),1,0
35,Puffin,2025-05-26T04:47:04,Teeth of the Cog (blue),1,0
35,Puffin,2025-05-26T04:47:04,Tough Old Wrench (blue),1,0
35,Puffin,2025-05-26T04:47:04,Blue Sea Tricorn,1,1
35,Puffin,2025-05-26T04:47:04,Fish Fingers,1,1
35,Puffin,2025-05-26T04:47:04,Old Knocker,1,1
35,Puffin,2025-05-26T04:47:04,Unicycle,1,1
36,Puffin,2025-05-26T05:40:58,Cloud Skiff (red),2,0
36,Puffin,2025-05-26T05:40:58,Cogwerx Zeppelin (red),1,0
36,Puffin,2025-05-26T05:40:58,Expedition to Horizon's Mantle (red),1,0
36,Puffin,2025-05-26T05:40:58,Perk Up (red),1,0
36,Puffin,2025-05-26T05:40:58,Pilfer the Wreck (red),1,0
36,Puffin,2025-05-26T05:40:58,Rally the Coast Guard (red),2,0
36,Puffin,2025-05-26T05:40:58,Sirens of Safe Harbor (red),1,0
36,Puffin,2025-05-26T05:40:58,Tighten the Screws (red),2,0
36,Puffin,2025-05-26T05:40:58,Walk the Plank (red),1,0
36,Puffin,2025-05-26T05:40:58,Cloud Skiff (yellow),2,0
36,Puffin,2025-05-26T05:40:58,Cogwerx Zeppelin (yellow),1,0
36,Puffin,2025-05-26T05:40:58,Gold Hunter Longboat (yellow),1,0
36,Puffin,2025-05-26T05:40:58,Goldwing Turbine (yellow),1,0
36,Puffin,2025-05-26T05:40:58,Rally the Coast Guard (yellow),2,0
36,Puffin,2025-05-26T05:40:58,Sirens of Safe Harbor (yellow),1,0
36,Puffin,2025-05-26T05:40:58,Strike Gold (yellow),1,0
36,Puffin,2025-05-26T05:40:58,Swindler's Grift (yellow),1,0
36,Puffin,2025-05-26T05:40:58,Tough Old Wrench (yellow),1,0
36,Puffin,2025-05-26T05:40:58,Walk the Plank (yellow),1,0
36,Puffin,2025-05-26T05:40:58,Cloud City Steamboat (blue),1,0
36,Puffin,2025-05-26T05:40:58,Cloud Skiff (blue),1,0
36,Puffin,2025-05-26T05:40:58,Cogwerx Zeppelin (blue),1,0
36,Puffin,2025-05-26T05:40:58,Crash Down the Gates (blue),1,0
36,Puffin,2025-05-26T05:40:58,Goldwing Turbine (blue),1,0
36,Puffin,2025-05-26T05:40:58,Mutiny on the Nimbus Sovereign (blue),1,0
36,Puffin,2025-05-26T05:40:58,Mutiny on the Swiftwater (blue),1,0
36,Puffin,2025-05-26T05:40:58,Pinion Sentry (blue),1,0
36,Puffin,2025-05-26T05:40:58,Sirens of Safe Harbor (blue),1,0
36,Puffin,2025-05-26T05:40:58,Strike Gold (blue),1,0
36,Puffin,2025-05-26T05:40:58,Teeth of the Cog (blue),1,0
36,Puffin,2025-05-26T05:40:58,Blue Sea Tricorn,1,1
36,Puffin,2025-05-26T05:40:58,Rust Belt,1,1
36,Puffin,2025-05-26T05:40:58,Unicycle,1,1
37,Marlynn,2025-05-26T05:58:55,Call in the Big Guns (red),2,0
37,Marlynn,2025-05-26T05:58:55,Dry Powder Shot (red),1,0
37,Marlynn,2025-05-26T05:58:55,Entangling Shot (red),1,0
37,Marlynn,2025-05-26T05:58:55,Expedition to Dreadfall Reach (red),1,0
37,Marlynn,2025-05-26T05:58:55,Head Shot (red),3,0
37,Marlynn,2025-05-26T05:58:55,Chart a Course (red),3,0
37,Marlynn,2025-05-26T05:58:55,Nimby (red),1,0
37,Marlynn,2025-05-26T05:58:55,Rally the Coast Guard (red),1,0
37,Marlynn,2025-05-26T05:58:55,Salvage Shot (red),1,0
37,Marlynn,2025-05-26T05:58:55,Scar for a Scar (red),1,0
37,Marlynn,2025-05-26T05:58:55,Scouting Shot (red),1,0
37,Marlynn,2025-05-26T05:58:55,Sic 'Em Shot (red),1,0
37,Marlynn,2025-05-26T05:58:55,Swift Shot (red),3,0
37,Marlynn,2025-05-26T05:58:55,Trade In (red),1,0
37,Marlynn,2025-05-26T05:58:55,Call in the Big Guns (yellow),1,0
37,Marlynn,2025-05-26T05:58:55,Head Shot (yellow),2,0
37,Marlynn,2025-05-26T05:58:55,Chart a Course (yellow),1,0
37,Marlynn,2025-05-26T05:58:55,Nimblism (yellow),1,0
37,Marlynn,2025-05-26T05:58:55,On the Horizon (yellow),1,0
37,Marlynn,2025-05-26T05:58:55,Salvage Shot (yellow),1,0
37,Marlynn,2025-05-26T05:58:55,Sic 'Em Shot (yellow),1,0
37,Marlynn,2025-05-26T05:58:55,Trade In (yellow),2,0
37,Marlynn,2025-05-26T05:58:55,Line (blue),1,0
37,Marlynn,2025-05-26T05:58:55,Salvage Shot (blue),1,0
37,Marlynn,2025-05-26T05:58:55,Sinker (blue),1,0
37,Marlynn,2025-05-26T05:58:55,Trade In (blue),1,0
37,Marlynn,2025-05-26T05:58:55,Captain's Coat,2,1
37,Marlynn,2025-05-26T05:58:55,Glidewell Fins,1,1
37,Marlynn,2025-05-26T05:58:55,Quick Clicks,1,1
38,"Scurv, Stowaway",2025-05-26T07:08:27,Expedition to Horizon's Mantle (red),2,0
38,"Scurv, Stowaway",2025-05-26T07:08:27,Nimby (red),1,0
38,"Scurv, Stowaway",2025-05-26T07:08:27,On the Horizon (red),1,0
38,"Scurv, Stowaway",2025-05-26T07:08:27,Pilfer the Wreck (red),1,0
38,"Scurv, Stowaway",2025-05-26T07:08:27,Rally the Coast Guard (red),1,0
38,"Scurv, Stowaway",2025-05-26T07:08:27,Swiftwater Sloop (red),2,0
38,"Scurv, Stowaway",2025-05-26T07:08:27,Walk the Plank (red),3,0
38,"Scurv, Stowaway",2025-05-26T07:08:27,Battalion Barque (yellow),1,0
38,"Scurv, Stowaway",2025-05-26T07:08:27,Fiddler's Green (yellow),1,0
38,"Scurv, Stowaway",2025-05-26T07:08:27,Flying High (yellow),1,0
38,"Scurv, Stowaway",2025-05-26T07:08:27,Gold Hunter Ketch (yellow),3,0
38,"Scurv, Stowaway",2025-05-26T07:08:27,Gold Hunter Lightsail (yellow),1,0
38,"Scurv, Stowaway",2025-05-26T07:08:27,Gold Hunter Longboat (yellow),1,0
38,"Scurv, Stowaway",2025-05-26T07:08:27,HMS Kraken (yellow),1,0
38,"Scurv, Stowaway",2025-05-26T07:08:27,Chart a Course (yellow),1,0
38,"Scurv, Stowaway",2025-05-26T07:08:27,Lost in Transit (yellow),1,0
38,"Scurv, Stowaway",2025-05-26T07:08:27,Strike Gold (yellow),1,0
38,"Scurv, Stowaway",2025-05-26T07:08:27,Swiftwater Sloop (yellow),1,0
38,"Scurv, Stowaway",2025-05-26T07:08:27,Divvy Up (blue),1,0
38,"Scurv, Stowaway",2025-05-26T07:08:27,Chart a Course (blue),2,0
38,"Scurv, Stowaway",2025-05-26T07:08:27,Mutiny on the Battalion Barque (blue),1,0
38,"Scurv, Stowaway",2025-05-26T07:08:27,Mutiny on the Nimbus Sovereign (blue),4,0
38,"Scurv, Stowaway",2025-05-26T07:08:27,Mutiny on the Swiftwater (blue),1,0
38,"Scurv, Stowaway",2025-05-26T07:08:27,Regain Composure (blue),1,0
38,"Scurv, Stowaway",2025-05-26T07:08:27,Strike Gold (blue),1,0
38,"Scurv, Stowaway",2025-05-26T07:08:27,Swiftwater Sloop (blue),1,0
38,"Scurv, Stowaway",2025-05-26T07:08:27,Old Knocker,1,1
38,"Scurv, Stowaway",2025-05-26T07:08:27,Quick Clicks,1,1
39,Marlynn,2025-05-26T07:34:39,Drop the Anchor (red),1,0
39,Marlynn,2025-05-26T07:34:39,Entangling Shot (red),1,0
39,Marlynn,2025-05-26T07:34:39,Fiddler's Green (red),1,0
39,Marlynn,2025-05-26T07:34:39,Golden Tipple (red),3,0
39,Marlynn,2025-05-26T07:34:39,Nettling Shot (red),3,0
39,Marlynn,2025-05-26T07:34:39,On the Horizon (red),2,0
39,Marlynn,2025-05-26T07:34:39,Rally the Coast Guard (red),2,0
39,Marlynn,2025-05-26T07:34:39,Ravenous Rabble (red),1,0
39,Marlynn,2025-05-26T07:34:39,Saltwater Swell (red),1,0
39,Marlynn,2025-05-26T07:34:39,Salvage Shot (red),1,0
39,Marlynn,2025-05-26T07:34:39,Scouting Shot (red),1,0
39,Marlynn,2025-05-26T07:34:39,Sic 'Em Shot (red),1,0
39,Marlynn,2025-05-26T07:34:39,Swift Shot (red),1,0
39,Marlynn,2025-05-26T07:34:39,Gold Hunter Longboat (yellow),1,0
39,Marlynn,2025-05-26T07:34:39,Chart a Course (yellow),1,0
39,Marlynn,2025-05-26T07:34:39,On the Horizon (yellow),1,0
39,Marlynn,2025-05-26T07:34:39,Salvage Shot (yellow),1,0
39,Marlynn,2025-05-26T07:34:39,Sic 'Em Shot (yellow),1,0
39,Marlynn,2025-05-26T07:34:39,Strike Gold (yellow),1,0
39,Marlynn,2025-05-26T07:34:39,Swiftwater Sloop (yellow),1,0
39,Marlynn,2025-05-26T07:34:39,Battalion Barque (blue),1,0
39,Marlynn,2025-05-26T07:34:39,Call in the Big Guns (blue),1,0
39,Marlynn,2025-05-26T07:34:39,Head Shot (blue),2,0
39,Marlynn,2025-05-26T07:34:39,Hook (blue),1,0
39,Marlynn,2025-05-26T07:34:39,Money or Your Life? (blue),1,0
39,Marlynn,2025-05-26T07:34:39,Mutiny on the Battalion Barque (blue),1,0
39,Marlynn,2025-05-26T07:34:39,Pilfer the Wreck (blue),1,0
39,Marlynn,2025-05-26T07:34:39,Red Fin Harpoon (blue),1,0
39,Marlynn,2025-05-26T07:34:39,Rusty Harpoon (blue),1,0
39,Marlynn,2025-05-26T07:34:39,Swiftwater Sloop (blue),1,0
39,Marlynn,2025-05-26T07:34:39,Glidewell Fins,1,1
39,Marlynn,2025-05-26T07:34:39,Helmsman's Peak,1,1
39,Marlynn,2025-05-26T07:34:39,Old Knocker,1,1
40,"Scurv, Stowaway",2025-05-26T14:04:08,Expedition to Azuro Keys (red),2,0
40,"Scurv, Stowaway",2025-05-26T14:04:08,Expedition to Dreadfall Reach (red),1,0
40,"Scurv, Stowaway",2025-05-26T14:04:08,Flying High (red),2,0
40,"Scurv, Stowaway",2025-05-26T14:04:08,Jack Be Nimble (red),1,0
40,"Scurv, Stowaway",2025-05-26T14:04:08,Jack Be Quick (red),1,0
40,"Scurv, Stowaway",2025-05-26T14:04:08,Money or Your Life? (red),1,0
40,"Scurv, Stowaway",2025-05-26T14:04:08,Nimblism (red),1,0
40,"Scurv, Stowaway",2025-05-26T14:04:08,Ravenous Rabble (red),2,0
40,"Scurv, Stowaway",2025-05-26T14:04:08,Strike Gold (red),1,0
40,"Scurv, Stowaway",2025-05-26T14:04:08,Swiftwater Sloop (red),1,0
40,"Scurv, Stowaway",2025-05-26T14:04:08,Swindler's Grift (red),1,0
40,"Scurv, Stowaway",2025-05-26T14:04:08,Cracked Bauble (yellow),3,0
40,"Scurv, Stowaway",2025-05-26T14:04:08,Chart a Course (yellow),1,0
40,"Scurv, Stowaway",2025-05-26T14:04:08,Money or Your Life? (yellow),2,0
40,"Scurv, Stowaway",2025-05-26T14:04:08,Nimblism (yellow),1,0
40,"Scurv, Stowaway",2025-05-26T14:04:08,Nimby (yellow),1,0
40,"Scurv, Stowaway",2025-05-26T14:04:08,Not So Fast (yellow),1,0
40,"Scurv, Stowaway",2025-05-26T14:04:08,On the Horizon (yellow),1,0
40,"Scurv, Stowaway",2025-05-26T14:04:08,Swindler's Grift (yellow),1,0
40,"Scurv, Stowaway",2025-05-26T14:04:08,Mutiny on the Swiftwater (blue),1,0
40,"Scurv, Stowaway",2025-05-26T14:04:08,Rally the Coast Guard (blue),1,0
40,"Scurv, Stowaway",2025-05-26T14:04:08,Strike Gold (blue),3,0
40,"Scurv, Stowaway",2025-05-26T14:04:08,Bandana of the Blue Beyond,1,1
40,"Scurv, Stowaway",2025-05-26T14:04:08,Buccaneer's Bounty,1,1
40,"Scurv, Stowaway",2025-05-26T14:04:08,Peg Leg,1,1
40,"Scurv, Stowaway",2025-05-26T14:04:08,Swiftstrike Bracers,1,1
41,Gravy Bones,2025-05-26T14:37:41,Fiddler's Green (red),1,0
41,Gravy Bones,2025-05-26T14:37:41,Golden Tipple (red),1,0
41,Gravy Bones,2025-05-26T14:37:41,Chart a Course (red),2,0
41,Gravy Bones,2025-05-26T14:37:41,Jack Be Quick (red),1,0
41,Gravy Bones,2025-05-26T14:37:41,Restless Bones (red),1,0
41,Gravy Bones,2025-05-26T14:37:41,Burly Bones (yellow),2,0
41,Gravy Bones,2025-05-26T14:37:41,"Cutty Shark, Quick Clip (yellow)",1,0
41,Gravy Bones,2025-05-26T14:37:41,Gold Hunter Longboat (yellow),1,0
41,Gravy Bones,2025-05-26T14:37:41,HMS Barracuda (yellow),1,0
41,Gravy Bones,2025-05-26T14:37:41,Jittery Bones (yellow),1,0
41,Gravy Bones,2025-05-26T14:37:41,"Kelpie, Tangled Mess (yellow)",1,0
41,Gravy Bones,2025-05-26T14:37:41,"Limpit, Hop-a-long (yellow)",1,0
41,Gravy Bones,2025-05-26T14:37:41,Lost in Transit (yellow),1,0
41,Gravy Bones,2025-05-26T14:37:41,Riggermortis (yellow),3,0
41,Gravy Bones,2025-05-26T14:37:41,"Shelly, Hardened Traveler (yellow)",1,0
41,Gravy Bones,2025-05-26T14:37:41,Swabbie (yellow),3,0
41,Gravy Bones,2025-05-26T14:37:41,Angry Bones (blue),2,0
41,Gravy Bones,2025-05-26T14:37:41,Golden Tipple (blue),1,0
41,Gravy Bones,2025-05-26T14:37:41,Heave Ho! (blue),1,0
41,Gravy Bones,2025-05-26T14:37:41,Chart a Course (blue),1,0
41,Gravy Bones,2025-05-26T14:37:41,Jittery Bones (blue),1,0
41,Gravy Bones,2025-05-26T14:37:41,Mutiny on the Swiftwater (blue),1,0
41,Gravy Bones,2025-05-26T14:37:41,Nimblism (blue),1,0
41,Gravy Bones,2025-05-26T14:37:41,On the Horizon (blue),1,0
41,Gravy Bones,2025-05-26T14:37:41,Rally the Coast Guard (blue),1,0
41,Gravy Bones,2025-05-26T14:37:41,Restless Bones (blue),1,0
41,Gravy Bones,2025-05-26T14:37:41,Saltwater Swell (blue),1,0
41,Gravy Bones,2025-05-26T14:37:41,Swiftwater Sloop (blue),1,0
41,Gravy Bones,2025-05-26T14:37:41,Swindler's Grift (blue),1,0
41,Gravy Bones,2025-05-26T14:37:41,Trade In (blue),1,0
41,Gravy Bones,2025-05-26T14:37:41,Blue Sea Tricorn,1,1
41,Gravy Bones,2025-05-26T14:37:41,Fish Fingers,1,1
42,Puffin,2025-05-26T14:59:52,Chart a Course (red),2,0
42,Puffin,2025-05-26T14:59:52,Jack Be Quick (red),1,0
42,Puffin,2025-05-26T14:59:52,Nimblism (red),1,0
42,Puffin,2025-05-26T14:59:52,Perk Up (red),1,0
42,Puffin,2025-05-26T14:59:52,Sky Skimmer (red),2,0
42,Puffin,2025-05-26T14:59:52,Swiftwater Sloop (red),2,0
42,Puffin,2025-05-26T14:59:52,Tighten the Screws (red),1,0
42,Puffin,2025-05-26T14:59:52,Tough Old Wrench (red),1,0
42,Puffin,2025-05-26T14:59:52,Walk the Plank (red),1,0
42,Puffin,2025-05-26T14:59:52,Cloud City Steamboat (yellow),1,0
42,Puffin,2025-05-26T14:59:52,Cloud Skiff (yellow),3,0
42,Puffin,2025-05-26T14:59:52,Cogwerx Zeppelin (yellow),1,0
42,Puffin,2025-05-26T14:59:52,Loan Shark (yellow),1,0
42,Puffin,2025-05-26T14:59:52,Pilfer the Wreck (yellow),1,0
42,Puffin,2025-05-26T14:59:52,Teeth of the Cog (yellow),1,0
42,Puffin,2025-05-26T14:59:52,Tough Old Wrench (yellow),1,0
42,Puffin,2025-05-26T14:59:52,Cloud Skiff (blue),2,0
42,Puffin,2025-05-26T14:59:52,Golden Tipple (blue),1,0
42,Puffin,2025-05-26T14:59:52,Lubricate (blue),1,0
42,Puffin,2025-05-26T14:59:52,Pinion Sentry (blue),1,0
42,Puffin,2025-05-26T14:59:52,Rally the Coast Guard (blue),1,0
42,Puffin,2025-05-26T14:59:52,Sky Skimmer (blue),1,0
42,Puffin,2025-05-26T14:59:52,Teeth of the Cog (blue),2,0
42,Puffin,2025-05-26T14:59:52,Bandana of the Blue Beyond,1,1
42,Puffin,2025-05-26T14:59:52,Blue Sea Tricorn,1,1
42,Puffin,2025-05-26T14:59:52,Old Knocker,1,1
42,Puffin,2025-05-26T14:59:52,Unicycle,1,1
43,Marlynn,2025-05-26T15:46:20,Call in the Big Guns (red),3,0
43,Marlynn,2025-05-26T15:46:20,Drop the Anchor (red),1,0
43,Marlynn,2025-05-26T15:46:20,Expedition to Blackwater Strait (red),2,0
43,Marlynn,2025-05-26T15:46:20,Golden Tipple (red),1,0
43,Marlynn,2025-05-26T15:46:20,Nettling Shot (red),1,0
43,Marlynn,2025-05-26T15:46:20,Nimblism (red),1,0
43,Marlynn,2025-05-26T15:46:20,Salvage Shot (red),1,0
43,Marlynn,2025-05-26T15:46:20,Scar for a Scar (red),1,0
43,Marlynn,2025-05-26T15:46:20,Scouting Shot (red),3,0
43,Marlynn,2025-05-26T15:46:20,Strike Gold (red),1,0
43,Marlynn,2025-05-26T15:46:20,Swift Shot (red),3,0
43,Marlynn,2025-05-26T15:46:20,Trade In (red),1,0
43,Marlynn,2025-05-26T15:46:20,Big Game Trophy Shot (yellow),1,0
43,Marlynn,2025-05-26T15:46:20,Call in the Big Guns (yellow),1,0
43,Marlynn,2025-05-26T15:46:20,Gold Hunter Lightsail (yellow),1,0
43,Marlynn,2025-05-26T15:46:20,Gold Hunter Longboat (yellow),1,0
43,Marlynn,2025-05-26T15:46:20,Golden Tipple (yellow),1,0
43,Marlynn,2025-05-26T15:46:20,Head Shot (yellow),1,0
43,Marlynn,2025-05-26T15:46:20,Trade In (yellow),1,0
43,Marlynn,2025-05-26T15:46:20,Battalion Barque (blue),1,0
43,Marlynn,2025-05-26T15:46:20,Call in the Big Guns (blue),2,0
43,Marlynn,2025-05-26T15:46:20,Pilfer the Wreck (blue),1,0
43,Marlynn,2025-05-26T15:46:20,Rusty Harpoon (blue),2,0
43,Marlynn,2025-05-26T15:46:20,Salvage Shot (blue),1,0
43,Marlynn,2025-05-26T15:46:20,Sic 'Em Shot (blue),2,0
43,Marlynn,2025-05-26T15:46:20,Walk the Plank (blue),1,0
43,Marlynn,2025-05-26T15:46:20,Captain's Coat,1,1
43,Marlynn,2025-05-26T15:46:20,Fish Fingers,1,1
43,Marlynn,2025-05-26T15:46:20,Glidewell Fins,1,1
43,Marlynn,2025-05-26T15:46:20,Helmsman's Peak,1,1
43,Marlynn,2025-05-26T15:46:20,Peg Leg,1,1
44,Gravy Bones,2025-05-26T16:05:37,Angry Bones (red),1,0
44,Gravy Bones,2025-05-26T16:05:37,Battalion Barque (red),2,0
44,Gravy Bones,2025-05-26T16:05:37,Burly Bones (red),1,0
44,Gravy Bones,2025-05-26T16:05:37,Expedition to Azuro Keys (red),1,0
44,Gravy Bones,2025-05-26T16:05:37,Expedition to Dreadfall Reach (red),1,0
44,Gravy Bones,2025-05-26T16:05:37,Expedition to Horizon's Mantle (red),1,0
44,Gravy Bones,2025-05-26T16:05:37,Fiddler's Green (red),1,0
44,Gravy Bones,2025-05-26T16:05:37,Golden Tipple (red),1,0
44,Gravy Bones,2025-05-26T16:05:37,On the Horizon (red),1,0
44,Gravy Bones,2025-05-26T16:05:37,Rally the Coast Guard (red),1,0
44,Gravy Bones,2025-05-26T16:05:37,Restless Bones (red),1,0
44,Gravy Bones,2025-05-26T16:05:37,Burly Bones (yellow),2,0
44,Gravy Bones,2025-05-26T16:05:37,Gold Hunter Ketch (yellow),1,0
44,Gravy Bones,2025-05-26T16:05:37,Gold Hunter Marauder (yellow),1,0
44,Gravy Bones,2025-05-26T16:05:37,Rally the Coast Guard (yellow),3,0
44,Gravy Bones,2025-05-26T16:05:37,Restless Bones (yellow),1,0
44,Gravy Bones,2025-05-26T16:05:37,Strike Gold (yellow),1,0
44,Gravy Bones,2025-05-26T16:05:37,Swabbie (yellow),1,0
44,Gravy Bones,2025-05-26T16:05:37,Angry Bones (blue),1,0
44,Gravy Bones,2025-05-26T16:05:37,Burly Bones (blue),2,0
44,Gravy Bones,2025-05-26T16:05:37,Divvy Up (blue),1,0
44,Gravy Bones,2025-05-26T16:05:37,Heave Ho! (blue),1,0
44,Gravy Bones,2025-05-26T16:05:37,Chart a Course (blue),1,0
44,Gravy Bones,2025-05-26T16:05:37,Jittery Bones (blue),1,0
44,Gravy Bones,2025-05-26T16:05:37,Mutiny on the Swiftwater (blue),1,0
44,Gravy Bones,2025-05-26T16:05:37,Sea Floor Salvage (blue),1,0
44,Gravy Bones,2025-05-26T16:05:37,Swiftwater Sloop (blue),1,0
44,Gravy Bones,2025-05-26T16:05:37,Yo Ho Ho! (blue),1,0
44,Gravy Bones,2025-05-26T16:05:37,Head Stone,1,1
44,Gravy Bones,2025-05-26T16:05:37,Peg Leg,1,1
44,Gravy Bones,2025-05-26T16:05:37,Washed Up Wave,1,1
45,Gravy Bones,2025-05-26T18:58:06,Expedition to Dreadfall Reach (red),3,0
45,Gravy Bones,2025-05-26T18:58:06,Flying High (red),1,0
45,Gravy Bones,2025-05-26T18:58:06,Jittery Bones (red),2,0
45,Gravy Bones,2025-05-26T18:58:06,Paddle Faster (red),1,0
45,Gravy Bones,2025-05-26T18:58:06,Restless Bones (red),2,0
45,Gravy Bones,2025-05-26T18:58:06,Saltwater Swell (red),1,0
45,Gravy Bones,2025-05-26T18:58:06,Burly Bones (yellow),1,0
45,Gravy Bones,2025-05-26T18:58:06,Gold Hunter Ketch (yellow),1,0
45,Gravy Bones,2025-05-26T18:58:06,"Chum, Friendly First Mate (yellow)",1,0
45,Gravy Bones,2025-05-26T18:58:06,Nimby (yellow),1,0
45,Gravy Bones,2025-05-26T18:58:06,Rally the Coast Guard (yellow),1,0
45,Gravy Bones,2025-05-26T18:58:06,Restless Bones (yellow),2,0
45,Gravy Bones,2025-05-26T18:58:06,Sirens of Safe Harbor (yellow),1,0
45,Gravy Bones,2025-05-26T18:58:06,Swabbie (yellow),3,0
45,Gravy Bones,2025-05-26T18:58:06,Swiftwater Sloop (yellow),1,0
45,Gravy Bones,2025-05-26T18:58:06,Swindler's Grift (yellow),2,0
45,Gravy Bones,2025-05-26T18:58:06,Golden Tipple (blue),1,0
45,Gravy Bones,2025-05-26T18:58:06,Chart a Course (blue),1,0
45,Gravy Bones,2025-05-26T18:58:06,Mutiny on the Battalion Barque (blue),1,0
45,Gravy Bones,2025-05-26T18:58:06,Mutiny on the Nimbus Sovereign (blue),1,0
45,Gravy Bones,2025-05-26T18:58:06,Mutiny on the Swiftwater (blue),1,0
45,Gravy Bones,2025-05-26T18:58:06,Pilfer the Wreck (blue),1,0
45,Gravy Bones,2025-05-26T18:58:06,Regain Composure (blue),1,0
45,Gravy Bones,2025-05-26T18:58:06,Restless Bones (blue),1,0
45,Gravy Bones,2025-05-26T18:58:06,Sirens of Safe Harbor (blue),1,0
45,Gravy Bones,2025-05-26T18:58:06,Swiftwater Sloop (blue),1,0
45,Gravy Bones,2025-05-26T18:58:06,Trade In (blue),1,0
45,Gravy Bones,2025-05-26T18:58:06,Yo Ho Ho! (blue),1,0
45,Gravy Bones,2025-05-26T18:58:06,Head Stone,1,1
45,Gravy Bones,2025-05-26T18:58:06,Old Knocker,1,1
45,Gravy Bones,2025-05-26T18:58:06,Peg Leg,1,1
46,Puffin,2025-05-26T19:38:14,Battalion Barque (red),2,0
46,Puffin,2025-05-26T19:38:14,Cloud City Steamboat (red),1,0
46,Puffin,2025-05-26T19:38:14,Cloud Skiff (red),3,0
46,Puffin,2025-05-26T19:38:14,Draw Back the Hammer (red),1,0
46,Puffin,2025-05-26T19:38:14,Goldwing Turbine (red),1,0
46,Puffin,2025-05-26T19:38:14,Nimblism (red),1,0
46,Puffin,2025-05-26T19:38:14,Perk Up (red),1,0
46,Puffin,2025-05-26T19:38:14,Sky Skimmer (red),1,0
46,Puffin,2025-05-26T19:38:14,Teeth of the Cog (red),2,0
46,Puffin,2025-05-26T19:38:14,Thiev'n Varmints (red),1,0
46,Puffin,2025-05-26T19:38:14,Tighten the Screws (red),2,0
46,Puffin,2025-05-26T19:38:14,Tough Old Wrench (red),1,0
46,Puffin,2025-05-26T19:38:14,Cloud Skiff (yellow),1,0
46,Puffin,2025-05-26T19:38:14,Gold Hunter Ketch (yellow),2,0
46,Puffin,2025-05-26T19:38:14,HMS Barracuda (yellow),1,0
46,Puffin,2025-05-26T19:38:14,Midas Touch (yellow),1,0
46,Puffin,2025-05-26T19:38:14,Sirens of Safe Harbor (yellow),1,0
46,Puffin,2025-05-26T19:38:14,Tough Old Wrench (yellow),1,0
46,Puffin,2025-05-26T19:38:14,Cloud Skiff (blue),2,0
46,Puffin,2025-05-26T19:38:14,Copper Cog (blue),1,0
46,Puffin,2025-05-26T19:38:14,Crash Down the Gates (blue),1,0
46,Puffin,2025-05-26T19:38:14,Goldwing Turbine (blue),1,0
46,Puffin,2025-05-26T19:38:14,Lubricate (blue),1,0
46,Puffin,2025-05-26T19:38:14,Mutiny on the Nimbus Sovereign (blue),1,0
46,Puffin,2025-05-26T19:38:14,Sea Floor Salvage (blue),1,0
46,Puffin,2025-05-26T19:38:14,Teeth of the Cog (blue),2,0
46,Puffin,2025-05-26T19:38:14,Tough Old Wrench (blue),2,0
46,Puffin,2025-05-26T19:38:14,Blue Sea Tricorn,1,1
46,Puffin,2025-05-26T19:38:14,Light Fingers,1,1
46,Puffin,2025-05-26T19:38:14,Rust Belt,1,1
47,Gravy Bones,2025-05-26T21:35:21,Board the Ship (red),1,0
47,Gravy Bones,2025-05-26T21:35:21,Expedition to Horizon's Mantle (red),1,0
47,Gravy Bones,2025-05-26T21:35:21,Fiddler's Green (red),1,0
47,Gravy Bones,2025-05-26T21:35:21,Hoist 'Em Up (red),1,0
47,Gravy Bones,2025-05-26T21:35:21,Jittery Bones (red),1,0
47,Gravy Bones,2025-05-26T21:35:21,Paddle Faster (red),1,0
47,Gravy Bones,2025-05-26T21:35:21,Rally the Coast Guard (red),1,0
47,Gravy Bones,2025-05-26T21:35:21,Sirens of Safe Harbor (red),2,0
47,Gravy Bones,2025-05-26T21:35:21,Thiev'n Varmints (red),1,0
47,Gravy Bones,2025-05-26T21:35:21,Angry Bones (yellow),2,0
47,Gravy Bones,2025-05-26T21:35:21,Barnacle (yellow),1,0
47,Gravy Bones,2025-05-26T21:35:21,"Cutty Shark, Quick Clip (yellow)",1,0
47,Gravy Bones,2025-05-26T21:35:21,Gold Hunter Ketch (yellow),1,0
47,Gravy Bones,2025-05-26T21:35:21,Gold Hunter Lightsail (yellow),1,0
47,Gravy Bones,2025-05-26T21:35:21,Chart a Course (yellow),1,0
47,Gravy Bones,2025-05-26T21:35:21,"Chowder, Hearty Cook (yellow)",1,0
47,Gravy Bones,2025-05-26T21:35:21,Jittery Bones (yellow),1,0
47,Gravy Bones,2025-05-26T21:35:21,Rally the Coast Guard (yellow),1,0
47,Gravy Bones,2025-05-26T21:35:21,Restless Bones (yellow),1,0
47,Gravy Bones,2025-05-26T21:35:21,Riggermortis (yellow),1,0
47,Gravy Bones,2025-05-26T21:35:21,"Scooba, Salty Sea Dog (yellow)",1,0
47,Gravy Bones,2025-05-26T21:35:21,Swabbie (yellow),1,0
47,Gravy Bones,2025-05-26T21:35:21,Angry Bones (blue),2,0
47,Gravy Bones,2025-05-26T21:35:21,Burly Bones (blue),1,0
47,Gravy Bones,2025-05-26T21:35:21,Golden Tipple (blue),1,0
47,Gravy Bones,2025-05-26T21:35:21,Jittery Bones (blue),1,0
47,Gravy Bones,2025-05-26T21:35:21,Mutiny on the Battalion Barque (blue),1,0
47,Gravy Bones,2025-05-26T21:35:21,Nimby (blue),1,0
47,Gravy Bones,2025-05-26T21:35:21,Portside Exchange (blue),1,0
47,Gravy Bones,2025-05-26T21:35:21,Restless Bones (blue),1,0
47,Gravy Bones,2025-05-26T21:35:21,Saltwater Swell (blue),1,0
47,Gravy Bones,2025-05-26T21:35:21,Sirens of Safe Harbor (blue),1,0
47,Gravy Bones,2025-05-26T21:35:21,Yo Ho Ho! (blue),1,0
47,Gravy Bones,2025-05-26T21:35:21,Head Stone,1,1
47,Gravy Bones,2025-05-26T21:35:21,Old Knocker,1,1
47,Gravy Bones,2025-05-26T21:35:21,Peg Leg,1,1
47,Gravy Bones,2025-05-26T21:35:21,Swiftstrike Bracers,1,1
48,"Scurv, Stowaway",2025-05-26T21:52:38,Expedition to Azuro Keys (red),1,0
48,"Scurv, Stowaway",2025-05-26T21:52:38,Expedition to Blackwater Strait (red),1,0
48,"Scurv, Stowaway",2025-05-26T21:52:38,Expedition to Dreadfall Reach (red),2,0
48,"Scurv, Stowaway",2025-05-26T21:52:38,Flying High (red),1,0
48,"Scurv, Stowaway",2025-05-26T21:52:38,Golden Tipple (red),1,0
48,"Scurv, Stowaway",2025-05-26T21:52:38,Pilfer the Wreck (red),1,0
48,"Scurv, Stowaway",2025-05-26T21:52:38,Rally the Coast Guard (red),1,0
48,"Scurv, Stowaway",2025-05-26T21:52:38,Sirens of Safe Harbor (red),1,0
48,"Scurv, Stowaway",2025-05-26T21:52:38,Strike Gold (red),1,0
48,"Scurv, Stowaway",2025-05-26T21:52:38,Swiftwater Sloop (red),1,0
48,"Scurv, Stowaway",2025-05-26T21:52:38,Thiev'n Varmints (red),4,0
48,"Scurv, Stowaway",2025-05-26T21:52:38,Walk the Plank (red),2,0
48,"Scurv, Stowaway",2025-05-26T21:52:38,Gold Hunter Marauder (yellow),1,0
48,"Scurv, Stowaway",2025-05-26T21:52:38,Lost in Transit (yellow),1,0
48,"Scurv, Stowaway",2025-05-26T21:52:38,Rally the Coast Guard (yellow),1,0
48,"Scurv, Stowaway",2025-05-26T21:52:38,Sirens of Safe Harbor (yellow),3,0
48,"Scurv, Stowaway",2025-05-26T21:52:38,Swiftwater Sloop (yellow),1,0
48,"Scurv, Stowaway",2025-05-26T21:52:38,Trade In (yellow),1,0
48,"Scurv, Stowaway",2025-05-26T21:52:38,Clap 'Em in Irons (blue),1,0
48,"Scurv, Stowaway",2025-05-26T21:52:38,Crash Down the Gates (blue),1,0
48,"Scurv, Stowaway",2025-05-26T21:52:38,Fiddler's Green (blue),1,0
48,"Scurv, Stowaway",2025-05-26T21:52:38,Money or Your Life? (blue),1,0
48,"Scurv, Stowaway",2025-05-26T21:52:38,Nimby (blue),1,0
48,"Scurv, Stowaway",2025-05-26T21:52:38,On the Horizon (blue),1,0
48,"Scurv, Stowaway",2025-05-26T21:52:38,Pilfer the Wreck (blue),1,0
48,"Scurv, Stowaway",2025-05-26T21:52:38,Regain Composure (blue),1,0
48,"Scurv, Stowaway",2025-05-26T21:52:38,Buccaneer's Bounty,1,1
48,"Scurv, Stowaway",2025-05-26T21:52:38,Fish Fingers,1,1
48,"Scurv, Stowaway",2025-05-26T21:52:38,Light Fingers,1,1
48,"Scurv, Stowaway",2025-05-26T21:52:38,Quick Clicks,1,1
49,Marlynn,2025-05-26T22:59:23,Call in the Big Guns (red),1,0
49,Marlynn,2025-05-26T22:59:23,Entangling Shot (red),1,0
49,Marlynn,2025-05-26T22:59:23,Expedition to Horizon's Mantle (red),1,0
49,Marlynn,2025-05-26T22:59:23,Flying High (red),1,0
49,Marlynn,2025-05-26T22:59:23,Chart a Course (red),1,0
49,Marlynn,2025-05-26T22:59:23,Life for a Life (red),1,0
49,Marlynn,2025-05-26T22:59:23,Nettling Shot (red),1,0
49,Marlynn,2025-05-26T22:59:23,On the Horizon (red),1,0
49,Marlynn,2025-05-26T22:59:23,Rally the Coast Guard (red),1,0
49,Marlynn,2025-05-26T22:59:23,Salvage Shot (red),1,0
49,Marlynn,2025-05-26T22:59:23,Sic 'Em Shot (red),1,0
49,Marlynn,2025-05-26T22:59:23,Sirens of Safe Harbor (red),1,0
49,Marlynn,2025-05-26T22:59:23,Strike Gold (red),2,0
49,Marlynn,2025-05-26T22:59:23,Swift Shot (red),1,0
49,Marlynn,2025-05-26T22:59:23,Thiev'n Varmints (red),2,0
49,Marlynn,2025-05-26T22:59:23,Walk the Plank (red),1,0
49,Marlynn,2025-05-26T22:59:23,Golden Tipple (yellow),3,0
49,Marlynn,2025-05-26T22:59:23,On the Horizon (yellow),1,0
49,Marlynn,2025-05-26T22:59:23,Pilfer the Wreck (yellow),1,0
49,Marlynn,2025-05-26T22:59:23,Sic 'Em Shot (yellow),1,0
49,Marlynn,2025-05-26T22:59:23,Swiftwater Sloop (yellow),1,0
49,Marlynn,2025-05-26T22:59:23,Swindler's Grift (yellow),2,0
49,Marlynn,2025-05-26T22:59:23,Trade In (yellow),1,0
49,Marlynn,2025-05-26T22:59:23,Head Shot (blue),1,0
49,Marlynn,2025-05-26T22:59:23,Murderous Rabble (blue),1,0
49,Marlynn,2025-05-26T22:59:23,Rally the Coast Guard (blue),1,0
49,Marlynn,2025-05-26T22:59:23,Red Fin Harpoon (blue),1,0
49,Marlynn,2025-05-26T22:59:23,Salvage Shot (blue),1,0
49,Marlynn,2025-05-26T22:59:23,Shifting Tides (blue),1,0
49,Marlynn,2025-05-26T22:59:23,Sirens of Safe Harbor (blue),3,0
49,Marlynn,2025-05-26T22:59:23,Walk the Plank (blue),1,0
49,Marlynn,2025-05-26T22:59:23,Buccaneer's Bounty,1,1
49,Marlynn,2025-05-26T22:59:23,Fish Fingers,1,1
49,Marlynn,2025-05-26T22:59:23,Old Knocker,1,1
49,Marlynn,2025-05-26T22:59:23,Patch the Hole,1,1
50,Marlynn,2025-05-26T23:54:26,Battalion Barque (red),1,0
50,Marlynn,2025-05-26T23:54:26,Call in the Big Guns (red),1,0
50,Marlynn,2025-05-26T23:54:26,Expedition to Horizon's Mantle (red),1,0
50,Marlynn,2025-05-26T23:54:26,Nettling Shot (red),1,0
50,Marlynn,2025-05-26T23:54:26,On the Horizon (red),1,0
50,Marlynn,2025-05-26T23:54:26,Swindler's Grift (red),1,0
50,Marlynn,2025-05-26T23:54:26,Head Shot (yellow),1,0
50,Marlynn,2025-05-26T23:54:26,HMS Barracuda (yellow),1,0
50,Marlynn,2025-05-26T23:54:26,HMS Marlin (yellow),1,0
50,Marlynn,2025-05-26T23:54:26,Rally the Coast Guard (yellow),1,0
50,Marlynn,2025-05-26T23:54:26,Saltwater Swell (yellow),1,0
50,Marlynn,2025-05-26T23:54:26,Salvage Shot (yellow),1,0
50,Marlynn,2025-05-26T23:54:26,Sic 'Em Shot (yellow),1,0
50,Marlynn,2025-05-26T23:54:26,Strike Gold (yellow),2,0
50,Marlynn,2025-05-26T23:54:26,Swiftwater Sloop (yellow),1,0
50,Marlynn,2025-05-26T23:54:26,Swindler's Grift (yellow),1,0
50,Marlynn,2025-05-26T23:54:26,Battalion Barque (blue),2,0
50,Marlynn,2025-05-26T23:54:26,Blue Fin Harpoon (blue),1,0
50,Marlynn,2025-05-26T23:54:26,Call in the Big Guns (blue),2,0
50,Marlynn,2025-05-26T23:54:26,Clap 'Em in Irons (blue),1,0
50,Marlynn,2025-05-26T23:54:26,Head Shot (blue),1,0
50,Marlynn,2025-05-26T23:54:26,Mutiny on the Battalion Barque (blue),1,0
50,Marlynn,2025-05-26T23:54:26,Mutiny on the Swiftwater (blue),1,0
50,Marlynn,2025-05-26T23:54:26,On the Horizon (blue),1,0
50,Marlynn,2025-05-26T23:54:26,Portside Exchange (blue),1,0
50,Marlynn,2025-05-26T23:54:26,Red Fin Harpoon (blue),1,0
50,Marlynn,2025-05-26T23:54:26,Salvage Shot (blue),1,0
50,Marlynn,2025-05-26T23:54:26,Sic 'Em Shot (blue),1,0
50,Marlynn,2025-05-26T23:54:26,Sirens of Safe Harbor (blue),1,0
50,Marlynn,2025-05-26T23:54:26,Yellow Fin Harpoon (blue),1,0
50,Marlynn,2025-05-26T23:54:26,Blue Sea Tricorn,1,1
50,Marlynn,2025-05-26T23:54:26,Glidewell Fins,1,1
50,Marlynn,2025-05-26T23:54:26,Old Knocker,1,1
51,"Scurv, Stowaway",2025-05-27T00:36:12,Battalion Barque (red),1,0
51,"Scurv, Stowaway",2025-05-27T00:36:12,Expedition to Dreadfall Reach (red),1,0
51,"Scurv, Stowaway",2025-05-27T00:36:12,Golden Tipple (red),1,0
51,"Scurv, Stowaway",2025-05-27T00:36:12,Money or Your Life? (red),1,0
51,"Scurv, Stowaway",2025-05-27T00:36:12,On the Horizon (red),1,0
51,"Scurv, Stowaway",2025-05-27T00:36:12,Ravenous Rabble (red),2,0
51,"Scurv, Stowaway",2025-05-27T00:36:12,Scar for a Scar (red),1,0
51,"Scurv, Stowaway",2025-05-27T00:36:12,Sirens of Safe Harbor (red),1,0
51,"Scurv, Stowaway",2025-05-27T00:36:12,Strike Gold (red),1,0
51,"Scurv, Stowaway",2025-05-27T00:36:12,Thiev'n Varmints (red),3,0
51,"Scurv, Stowaway",2025-05-27T00:36:12,Fiddler's Green (yellow),1,0
51,"Scurv, Stowaway",2025-05-27T00:36:12,Gold Hunter Marauder (yellow),1,0
51,"Scurv, Stowaway",2025-05-27T00:36:12,HMS Marlin (yellow),1,0
51,"Scurv, Stowaway",2025-05-27T00:36:12,Pilfer the Wreck (yellow),1,0
51,"Scurv, Stowaway",2025-05-27T00:36:12,Saltwater Swell (yellow),2,0
51,"Scurv, Stowaway",2025-05-27T00:36:12,Sirens of Safe Harbor (yellow),2,0
51,"Scurv, Stowaway",2025-05-27T00:36:12,Walk the Plank (yellow),1,0
51,"Scurv, Stowaway",2025-05-27T00:36:12,Battalion Barque (blue),1,0
51,"Scurv, Stowaway",2025-05-27T00:36:12,Golden Tipple (blue),1,0
51,"Scurv, Stowaway",2025-05-27T00:36:12,Chart a Course (blue),1,0
51,"Scurv, Stowaway",2025-05-27T00:36:12,Murderous Rabble (blue),1,0
51,"Scurv, Stowaway",2025-05-27T00:36:12,Mutiny on the Nimbus Sovereign (blue),1,0
51,"Scurv, Stowaway",2025-05-27T00:36:12,Strike Gold (blue),1,0
51,"Scurv, Stowaway",2025-05-27T00:36:12,Swindler's Grift (blue),1,0
51,"Scurv, Stowaway",2025-05-27T00:36:12,Tit for Tat (blue),1,0
51,"Scurv, Stowaway",2025-05-27T00:36:12,Light Fingers,1,1
51,"Scurv, Stowaway",2025-05-27T00:36:12,Old Knocker,1,1
52,Puffin,2025-05-27T00:48:39,Battalion Barque (red),2,0
52,Puffin,2025-05-27T00:48:39,Cloud Skiff (red),1,0
52,Puffin,2025-05-27T00:48:39,Cogwerx Zeppelin (red),1,0
52,Puffin,2025-05-27T00:48:39,Expedition to Dreadfall Reach (red),1,0
52,Puffin,2025-05-27T00:48:39,Jack Be Nimble (red),1,0
52,Puffin,2025-05-27T00:48:39,Jack Be Quick (red),1,0
52,Puffin,2025-05-27T00:48:39,Scar for a Scar (red),1,0
52,Puffin,2025-05-27T00:48:39,Teeth of the Cog (red),2,0
52,Puffin,2025-05-27T00:48:39,Tighten the Screws (red),2,0
52,Puffin,2025-05-27T00:48:39,Gold Hunter Lightsail (yellow),1,0
52,Puffin,2025-05-27T00:48:39,Chart a Course (yellow),1,0
52,Puffin,2025-05-27T00:48:39,Jolly Bludger (yellow),1,0
52,Puffin,2025-05-27T00:48:39,Nimblism (yellow),2,0
52,Puffin,2025-05-27T00:48:39,Not So Fast (yellow),1,0
52,Puffin,2025-05-27T00:48:39,Saltwater Swell (yellow),1,0
52,Puffin,2025-05-27T00:48:39,Sky Skimmer (yellow),1,0
52,Puffin,2025-05-27T00:48:39,Swiftwater Sloop (yellow),1,0
52,Puffin,2025-05-27T00:48:39,Teeth of the Cog (yellow),1,0
52,Puffin,2025-05-27T00:48:39,Walk the Plank (yellow),1,0
52,Puffin,2025-05-27T00:48:39,Copper Cog (blue),1,0
52,Puffin,2025-05-27T00:48:39,Goldwing Turbine (blue),1,0
52,Puffin,2025-05-27T00:48:39,Lubricate (blue),1,0
52,Puffin,2025-05-27T00:48:39,On the Horizon (blue),1,0
52,Puffin,2025-05-27T00:48:39,Sky Skimmer (blue),2,0
52,Puffin,2025-05-27T00:48:39,Strike Gold (blue),1,0
52,Puffin,2025-05-27T00:48:39,Swiftwater Sloop (blue),1,0
52,Puffin,2025-05-27T00:48:39,Teeth of the Cog (blue),2,0
52,Puffin,2025-05-27T00:48:39,Tough Old Wrench (blue),2,0
52,Puffin,2025-05-27T00:48:39,Blue Sea Tricorn,1,1
52,Puffin,2025-05-27T00:48:39,Quick Clicks,1,1
52,Puffin,2025-05-27T00:48:39,Rust Belt,1,1
52,Puffin,2025-05-27T00:48:39,Swiftstrike Bracers,1,1
53,Gravy Bones,2025-05-27T02:51:59,Board the Ship (red),1,0
53,Gravy Bones,2025-05-27T02:51:59,Burly Bones (red),1,0
53,Gravy Bones,2025-05-27T02:51:59,Hoist 'Em Up (red),1,0
53,Gravy Bones,2025-05-27T02:51:59,Jittery Bones (red),1,0
53,Gravy Bones,2025-05-27T02:51:59,Restless Bones (red),1,0
53,Gravy Bones,2025-05-27T02:51:59,Swindler's Grift (red),1,0
53,Gravy Bones,2025-05-27T02:51:59,Thiev'n Varmints (red),1,0
53,Gravy Bones,2025-05-27T02:51:59,Angry Bones (yellow),1,0
53,Gravy Bones,2025-05-27T02:51:59,Barnacle (yellow),2,0
53,Gravy Bones,2025-05-27T02:51:59,Burly Bones (yellow),1,0
53,Gravy Bones,2025-05-27T02:51:59,Crash Down the Gates (yellow),1,0
53,Gravy Bones,2025-05-27T02:51:59,Golden Tipple (yellow),1,0
53,Gravy Bones,2025-05-27T02:51:59,"Chowder, Hearty Cook (yellow)",1,0
53,Gravy Bones,2025-05-27T02:51:59,Restless Bones (yellow),1,0
53,Gravy Bones,2025-05-27T02:51:59,Riggermortis (yellow),2,0
53,Gravy Bones,2025-05-27T02:51:59,"Shelly, Hardened Traveler (yellow)",1,0
53,Gravy Bones,2025-05-27T02:51:59,Swabbie (yellow),2,0
53,Gravy Bones,2025-05-27T02:51:59,Swindler's Grift (yellow),1,0
53,Gravy Bones,2025-05-27T02:51:59,Angry Bones (blue),1,0
53,Gravy Bones,2025-05-27T02:51:59,Avast Ye! (blue),1,0
53,Gravy Bones,2025-05-27T02:51:59,Battalion Barque (blue),1,0
53,Gravy Bones,2025-05-27T02:51:59,Chart a Course (blue),2,0
53,Gravy Bones,2025-05-27T02:51:59,Jittery Bones (blue),1,0
53,Gravy Bones,2025-05-27T02:51:59,Mutiny on the Nimbus Sovereign (blue),3,0
53,Gravy Bones,2025-05-27T02:51:59,Rally the Coast Guard (blue),1,0
53,Gravy Bones,2025-05-27T02:51:59,Restless Bones (blue),3,0
53,Gravy Bones,2025-05-27T02:51:59,Scrub the Deck (blue),1,0
53,Gravy Bones,2025-05-27T02:51:59,Strike Gold (blue),1,0
53,Gravy Bones,2025-05-27T02:51:59,Trade In (blue),1,0
53,Gravy Bones,2025-05-27T02:51:59,Yo Ho Ho! (blue),1,0
53,Gravy Bones,2025-05-27T02:51:59,Head Stone,1,1
53,Gravy Bones,2025-05-27T02:51:59,Light Fingers,1,1
53,Gravy Bones,2025-05-27T02:51:59,Old Knocker,1,1
53,Gravy Bones,2025-05-27T02:51:59,Peg Leg,1,1
54,Marlynn,2025-05-27T04:08:30,Blow for a Blow (red),1,0
54,Marlynn,2025-05-27T04:08:30,Crash Down the Gates (red),1,0
54,Marlynn,2025-05-27T04:08:30,Dry Powder Shot (red),1,0
54,Marlynn,2025-05-27T04:08:30,Nettling Shot (red),1,0
54,Marlynn,2025-05-27T04:08:30,Nimblism (red),1,0
54,Marlynn,2025-05-27T04:08:30,On the Horizon (red),1,0
54,Marlynn,2025-05-27T04:08:30,Return Fire (red),1,0
54,Marlynn,2025-05-27T04:08:30,Salvage Shot (red),1,0
54,Marlynn,2025-05-27T04:08:30,Sirens of Safe Harbor (red),1,0
54,Marlynn,2025-05-27T04:08:30,Call in the Big Guns (yellow),2,0
54,Marlynn,2025-05-27T04:08:30,Flying High (yellow),1,0
54,Marlynn,2025-05-27T04:08:30,HMS Marlin (yellow),1,0
54,Marlynn,2025-05-27T04:08:30,On the Horizon (yellow),1,0
54,Marlynn,2025-05-27T04:08:30,Rally the Coast Guard (yellow),1,0
54,Marlynn,2025-05-27T04:08:30,Saltwater Swell (yellow),1,0
54,Marlynn,2025-05-27T04:08:30,Salvage Shot (yellow),2,0
54,Marlynn,2025-05-27T04:08:30,Swiftwater Sloop (yellow),1,0
54,Marlynn,2025-05-27T04:08:30,Walk the Plank (yellow),1,0
54,Marlynn,2025-05-27T04:08:30,Call in the Big Guns (blue),1,0
54,Marlynn,2025-05-27T04:08:30,On the Horizon (blue),1,0
54,Marlynn,2025-05-27T04:08:30,Rally the Coast Guard (blue),1,0
54,Marlynn,2025-05-27T04:08:30,Red Fin Harpoon (blue),1,0
54,Marlynn,2025-05-27T04:08:30,Rusty Harpoon (blue),1,0
54,Marlynn,2025-05-27T04:08:30,Salvage Shot (blue),2,0
54,Marlynn,2025-05-27T04:08:30,Sic 'Em Shot (blue),1,0
54,Marlynn,2025-05-27T04:08:30,Sinker (blue),1,0
54,Marlynn,2025-05-27T04:08:30,Sirens of Safe Harbor (blue),1,0
54,Marlynn,2025-05-27T04:08:30,Strike Gold (blue),2,0
54,Marlynn,2025-05-27T04:08:30,Walk the Plank (blue),2,0
54,Marlynn,2025-05-27T04:08:30,Yellow Fin Harpoon (blue),1,0
54,Marlynn,2025-05-27T04:08:30,Blue Sea Tricorn,1,1
54,Marlynn,2025-05-27T04:08:30,Buccaneer's Bounty,1,1
54,Marlynn,2025-05-27T04:08:30,Glidewell Fins,1,1
54,Marlynn,2025-05-27T04:08:30,Quartermaster's Boots,1,1
55,Marlynn,2025-05-27T05:29:38,Call in the Big Guns (red),2,0
55,Marlynn,2025-05-27T05:29:38,Entangling Shot (red),2,0
55,Marlynn,2025-05-27T05:29:38,Fiddler's Green (red),1,0
55,Marlynn,2025-05-27T05:29:38,Fire in the Hole (red),2,0
55,Marlynn,2025-05-27T05:29:38,Head Shot (red),1,0
55,Marlynn,2025-05-27T05:29:38,King Kraken Harpoon (red),1,0
55,Marlynn,2025-05-27T05:29:38,Monkey Powder (red),1,0
55,Marlynn,2025-05-27T05:29:38,Nettling Shot (red),1,0
55,Marlynn,2025-05-27T05:29:38,Nimblism (red),1,0
55,Marlynn,2025-05-27T05:29:38,Rally the Coast Guard (red),1,0
55,Marlynn,2025-05-27T05:29:38,Saltwater Swell (red),1,0
55,Marlynn,2025-05-27T05:29:38,Sic 'Em Shot (red),1,0
55,Marlynn,2025-05-27T05:29:38,Swift Shot (red),1,0
55,Marlynn,2025-05-27T05:29:38,Call in the Big Guns (yellow),2,0
55,Marlynn,2025-05-27T05:29:38,Salvage Shot (yellow),1,0
55,Marlynn,2025-05-27T05:29:38,Blue Fin Harpoon (blue),1,0
55,Marlynn,2025-05-27T05:29:38,Call in the Big Guns (blue),1,0
55,Marlynn,2025-05-27T05:29:38,Head Shot (blue),2,0
55,Marlynn,2025-05-27T05:29:38,Hook (blue),1,0
55,Marlynn,2025-05-27T05:29:38,Mutiny on the Nimbus Sovereign (blue),1,0
55,Marlynn,2025-05-27T05:29:38,Portside Exchange (blue),1,0
55,Marlynn,2025-05-27T05:29:38,Red Fin Harpoon (blue),1,0
55,Marlynn,2025-05-27T05:29:38,Rusty Harpoon (blue),1,0
55,Marlynn,2025-05-27T05:29:38,Salvage Shot (blue),2,0
55,Marlynn,2025-05-27T05:29:38,Sic 'Em Shot (blue),1,0
55,Marlynn,2025-05-27T05:29:38,Yellow Fin Harpoon (blue),1,0
55,Marlynn,2025-05-27T05:29:38,Blue Sea Tricorn,1,1
55,Marlynn,2025-05-27T05:29:38,Buccaneer's Bounty,1,1
55,Marlynn,2025-05-27T05:29:38,Light Fingers,1,1
55,Marlynn,2025-05-27T05:29:38,Peg Leg,1,1
56,Marlynn,2025-05-27T05:32:05,Barbed Barrage (red),1,0
56,Marlynn,2025-05-27T05:32:05,Call in the Big Guns (red),1,0
56,Marlynn,2025-05-27T05:32:05,Drop the Anchor (red),1,0
56,Marlynn,2025-05-27T05:32:05,Expedition to Blackwater Strait (red),1,0
56,Marlynn,2025-05-27T05:32:05,Golden Tipple (red),1,0
56,Marlynn,2025-05-27T05:32:05,King Shark Harpoon (red),1,0
56,Marlynn,2025-05-27T05:32:05,Nimby (red),1,0
56,Marlynn,2025-05-27T05:32:05,On the Horizon (red),2,0
56,Marlynn,2025-05-27T05:32:05,Rally the Coast Guard (red),2,0
56,Marlynn,2025-05-27T05:32:05,Sirens of Safe Harbor (red),1,0
56,Marlynn,2025-05-27T05:32:05,Call in the Big Guns (yellow),3,0
56,Marlynn,2025-05-27T05:32:05,Gold Hunter Ketch (yellow),1,0
56,Marlynn,2025-05-27T05:32:05,Gold Hunter Longboat (yellow),1,0
56,Marlynn,2025-05-27T05:32:05,Gold Hunter Marauder (yellow),1,0
56,Marlynn,2025-05-27T05:32:05,Head Shot (yellow),4,0
56,Marlynn,2025-05-27T05:32:05,On the Horizon (yellow),1,0
56,Marlynn,2025-05-27T05:32:05,Salvage Shot (yellow),1,0
56,Marlynn,2025-05-27T05:32:05,Swindler's Grift (yellow),1,0
56,Marlynn,2025-05-27T05:32:05,Call in the Big Guns (blue),1,0
56,Marlynn,2025-05-27T05:32:05,Clap 'Em in Irons (blue),1,0
56,Marlynn,2025-05-27T05:32:05,Golden Tipple (blue),2,0
56,Marlynn,2025-05-27T05:32:05,Head Shot (blue),1,0
56,Marlynn,2025-05-27T05:32:05,Line (blue),1,0
56,Marlynn,2025-05-27T05:32:05,Mutiny on the Battalion Barque (blue),1,0
56,Marlynn,2025-05-27T05:32:05,Mutiny on the Swiftwater (blue),1,0
56,Marlynn,2025-05-27T05:32:05,Nimby (blue),1,0
56,Marlynn,2025-05-27T05:32:05,Shifting Tides (blue),1,0
56,Marlynn,2025-05-27T05:32:05,Strike Gold (blue),1,0
56,Marlynn,2025-05-27T05:32:05,Captain's Coat,1,1
56,Marlynn,2025-05-27T05:32:05,Glidewell Fins,2,1
56,Marlynn,2025-05-27T05:32:05,Patch the Hole,1,1
56,Marlynn,2025-05-27T05:32:05,Quick Clicks,1,1
57,Puffin,2025-05-27T05:32:06,Cloud City Steamboat (red),1,0
57,Puffin,2025-05-27T05:32:06,Cloud Skiff (red),1,0
57,Puffin,2025-05-27T05:32:06,Cogwerx Zeppelin (red),1,0
57,Puffin,2025-05-27T05:32:06,Crash Down the Gates (red),1,0
57,Puffin,2025-05-27T05:32:06,Expedition to Azuro Keys (red),1,0
57,Puffin,2025-05-27T05:32:06,Goldwing Turbine (red),2,0
57,Puffin,2025-05-27T05:32:06,Perk Up (red),3,0
57,Puffin,2025-05-27T05:32:06,Ravenous Rabble (red),1,0
57,Puffin,2025-05-27T05:32:06,Scar for a Scar (red),1,0
57,Puffin,2025-05-27T05:32:06,Sky Skimmer (red),3,0
57,Puffin,2025-05-27T05:32:06,Teeth of the Cog (red),3,0
57,Puffin,2025-05-27T05:32:06,Thiev'n Varmints (red),1,0
57,Puffin,2025-05-27T05:32:06,Tighten the Screws (red),3,0
57,Puffin,2025-05-27T05:32:06,Tough Old Wrench (red),1,0
57,Puffin,2025-05-27T05:32:06,Cloud City Steamboat (yellow),1,0
57,Puffin,2025-05-27T05:32:06,Cloud Skiff (yellow),2,0
57,Puffin,2025-05-27T05:32:06,Cogwerx Zeppelin (yellow),1,0
57,Puffin,2025-05-27T05:32:06,Goldwing Turbine (yellow),2,0
57,Puffin,2025-05-27T05:32:06,Teeth of the Cog (yellow),1,0
57,Puffin,2025-05-27T05:32:06,Cloud Skiff (blue),1,0
57,Puffin,2025-05-27T05:32:06,Copper Cog (blue),1,0
57,Puffin,2025-05-27T05:32:06,Goldwing Turbine (blue),1,0
57,Puffin,2025-05-27T05:32:06,Mutiny on the Battalion Barque (blue),1,0
57,Puffin,2025-05-27T05:32:06,Mutiny on the Nimbus Sovereign (blue),1,0
57,Puffin,2025-05-27T05:32:06,Sky Skimmer (blue),2,0
57,Puffin,2025-05-27T05:32:06,Teeth of the Cog (blue),1,0
57,Puffin,2025-05-27T05:32:06,Tough Old Wrench (blue),1,0
57,Puffin,2025-05-27T05:32:06,Blue Sea Tricorn,1,1
57,Puffin,2025-05-27T05:32:06,Rust Belt,1,1
57,Puffin,2025-05-27T05:32:06,Unicycle,1,1
58,Marlynn,2025-05-27T07:09:06,Call in the Big Guns (red),1,0
58,Marlynn,2025-05-27T07:09:06,Drop the Anchor (red),1,0
58,Marlynn,2025-05-27T07:09:06,Dry Powder Shot (red),1,0
58,Marlynn,2025-05-27T07:09:06,Entangling Shot (red),1,0
58,Marlynn,2025-05-27T07:09:06,Expedition to Azuro Keys (red),3,0
58,Marlynn,2025-05-27T07:09:06,Head Shot (red),2,0
58,Marlynn,2025-05-27T07:09:06,Chart a Course (red),1,0
58,Marlynn,2025-05-27T07:09:06,On the Horizon (red),1,0
58,Marlynn,2025-05-27T07:09:06,Sirens of Safe Harbor (red),2,0
58,Marlynn,2025-05-27T07:09:06,Swift Shot (red),2,0
58,Marlynn,2025-05-27T07:09:06,Swiftwater Sloop (red),1,0
58,Marlynn,2025-05-27T07:09:06,Thiev'n Varmints (red),2,0
58,Marlynn,2025-05-27T07:09:06,Trade In (red),2,0
58,Marlynn,2025-05-27T07:09:06,Call in the Big Guns (yellow),1,0
58,Marlynn,2025-05-27T07:09:06,Gold Hunter Ketch (yellow),1,0
58,Marlynn,2025-05-27T07:09:06,Gold Hunter Lightsail (yellow),3,0
58,Marlynn,2025-05-27T07:09:06,Gold the Tip (yellow),1,0
58,Marlynn,2025-05-27T07:09:06,Chart a Course (yellow),1,0
58,Marlynn,2025-05-27T07:09:06,Sic 'Em Shot (yellow),1,0
58,Marlynn,2025-05-27T07:09:06,Sirens of Safe Harbor (yellow),2,0
58,Marlynn,2025-05-27T07:09:06,Trade In (yellow),2,0
58,Marlynn,2025-05-27T07:09:06,Clap 'Em in Irons (blue),1,0
58,Marlynn,2025-05-27T07:09:06,Sic 'Em Shot (blue),1,0
58,Marlynn,2025-05-27T07:09:06,Strike Gold (blue),1,0
58,Marlynn,2025-05-27T07:09:06,Light Fingers,1,1
58,Marlynn,2025-05-27T07:09:06,Old Knocker,1,1
58,Marlynn,2025-05-27T07:09:06,Patch the Hole,1,1
59,Marlynn,2025-05-27T07:16:14,Call in the Big Guns (red),2,0
59,Marlynn,2025-05-27T07:16:14,Drop the Anchor (red),1,0
59,Marlynn,2025-05-27T07:16:14,Dry Powder Shot (red),1,0
59,Marlynn,2025-05-27T07:16:14,Entangling Shot (red),1,0
59,Marlynn,2025-05-27T07:16:14,Expedition to Azuro Keys (red),1,0
59,Marlynn,2025-05-27T07:16:14,Expedition to Blackwater Strait (red),1,0
59,Marlynn,2025-05-27T07:16:14,Fire in the Hole (red),1,0
59,Marlynn,2025-05-27T07:16:14,Flying High (red),1,0
59,Marlynn,2025-05-27T07:16:14,Head Shot (red),1,0
59,Marlynn,2025-05-27T07:16:14,Chart a Course (red),2,0
59,Marlynn,2025-05-27T07:16:14,Ravenous Rabble (red),1,0
59,Marlynn,2025-05-27T07:16:14,Return Fire (red),1,0
59,Marlynn,2025-05-27T07:16:14,Salvage Shot (red),1,0
59,Marlynn,2025-05-27T07:16:14,Scouting Shot (red),2,0
59,Marlynn,2025-05-27T07:16:14,Swift Shot (red),2,0
59,Marlynn,2025-05-27T07:16:14,Call in the Big Guns (yellow),2,0
59,Marlynn,2025-05-27T07:16:14,Fiddler's Green (yellow),1,0
59,Marlynn,2025-05-27T07:16:14,Chart a Course (yellow),1,0
59,Marlynn,2025-05-27T07:16:14,Nimblism (yellow),3,0
59,Marlynn,2025-05-27T07:16:14,On the Horizon (yellow),1,0
59,Marlynn,2025-05-27T07:16:14,Salvage Shot (yellow),1,0
59,Marlynn,2025-05-27T07:16:14,Sic 'Em Shot (yellow),2,0
59,Marlynn,2025-05-27T07:16:14,Strike Gold (yellow),1,0
59,Marlynn,2025-05-27T07:16:14,Trade In (yellow),1,0
59,Marlynn,2025-05-27T07:16:14,Call in the Big Guns (blue),1,0
59,Marlynn,2025-05-27T07:16:14,Hook (blue),1,0
59,Marlynn,2025-05-27T07:16:14,Mutiny on the Battalion Barque (blue),1,0
59,Marlynn,2025-05-27T07:16:14,Nimblism (blue),1,0
59,Marlynn,2025-05-27T07:16:14,Salvage Shot (blue),1,0
59,Marlynn,2025-05-27T07:16:14,Sirens of Safe Harbor (blue),1,0
59,Marlynn,2025-05-27T07:16:14,Glidewell Fins,1,1
59,Marlynn,2025-05-27T07:16:14,Old Knocker,1,1
59,Marlynn,2025-05-27T07:16:14,Quick Clicks,1,1
60,Marlynn,2025-05-27T12:23:10,Call in the Big Guns (red),1,0
60,Marlynn,2025-05-27T12:23:10,Drop the Anchor (red),1,0
60,Marlynn,2025-05-27T12:23:10,Dry Powder Shot (red),1,0
60,Marlynn,2025-05-27T12:23:10,Entangling Shot (red),1,0
60,Marlynn,2025-05-27T12:23:10,Expedition to Dreadfall Reach (red),1,0
60,Marlynn,2025-05-27T12:23:10,Head Shot (red),1,0
60,Marlynn,2025-05-27T12:23:10,King Kraken Harpoon (red),1,0
60,Marlynn,2025-05-27T12:23:10,Monkey Powder (red),1,0
60,Marlynn,2025-05-27T12:23:10,Salvage Shot (red),2,0
60,Marlynn,2025-05-27T12:23:10,Scouting Shot (red),1,0
60,Marlynn,2025-05-27T12:23:10,Sic 'Em Shot (red),1,0
60,Marlynn,2025-05-27T12:23:10,Swift Shot (red),1,0
60,Marlynn,2025-05-27T12:23:10,Swiftwater Sloop (red),1,0
60,Marlynn,2025-05-27T12:23:10,Call in the Big Guns (yellow),2,0
60,Marlynn,2025-05-27T12:23:10,Sea Legs (yellow),1,0
60,Marlynn,2025-05-27T12:23:10,Sic 'Em Shot (yellow),1,0
60,Marlynn,2025-05-27T12:23:10,Trade In (yellow),1,0
60,Marlynn,2025-05-27T12:23:10,Battalion Barque (blue),1,0
60,Marlynn,2025-05-27T12:23:10,Head Shot (blue),4,0
60,Marlynn,2025-05-27T12:23:10,Line (blue),1,0
60,Marlynn,2025-05-27T12:23:10,Red Fin Harpoon (blue),1,0
60,Marlynn,2025-05-27T12:23:10,Rusty Harpoon (blue),2,0
60,Marlynn,2025-05-27T12:23:10,Salvage Shot (blue),3,0
60,Marlynn,2025-05-27T12:23:10,Scrub the Deck (blue),1,0
60,Marlynn,2025-05-27T12:23:10,Sea Floor Salvage (blue),1,0
60,Marlynn,2025-05-27T12:23:10,Shifting Tides (blue),1,0
60,Marlynn,2025-05-27T12:23:10,Sic 'Em Shot (blue),1,0
60,Marlynn,2025-05-27T12:23:10,Sinker (blue),1,0
60,Marlynn,2025-05-27T12:23:10,Yellow Fin Harpoon (blue),1,0
60,Marlynn,2025-05-27T12:23:10,Blue Sea Tricorn,1,1
60,Marlynn,2025-05-27T12:23:10,Buccaneer's Bounty,1,1
60,Marlynn,2025-05-27T12:23:10,Glidewell Fins,1,1
60,Marlynn,2025-05-27T12:23:10,Peg Leg,1,1
61,Puffin,2025-05-27T13:14:38,Cloud City Steamboat (red),1,0
61,Puffin,2025-05-27T13:14:38,Cloud Skiff (red),3,0
61,Puffin,2025-05-27T13:14:38,Cogwerx Zeppelin (red),1,0
61,Puffin,2025-05-27T13:14:38,Draw Back the Hammer (red),1,0
61,Puffin,2025-05-27T13:14:38,Golden Tipple (red),1,0
61,Puffin,2025-05-27T13:14:38,Goldwing Turbine (red),3,0
61,Puffin,2025-05-27T13:14:38,On the Horizon (red),1,0
61,Puffin,2025-05-27T13:14:38,Perk Up (red),1,0
61,Puffin,2025-05-27T13:14:38,Sky Skimmer (red),1,0
61,Puffin,2025-05-27T13:14:38,Swindler's Grift (red),1,0
61,Puffin,2025-05-27T13:14:38,Teeth of the Cog (red),1,0
61,Puffin,2025-05-27T13:14:38,Tighten the Screws (red),3,0
61,Puffin,2025-05-27T13:14:38,Tough Old Wrench (red),1,0
61,Puffin,2025-05-27T13:14:38,Cogwerx Zeppelin (yellow),1,0
61,Puffin,2025-05-27T13:14:38,Goldwing Turbine (yellow),1,0
61,Puffin,2025-05-27T13:14:38,Chart a Course (yellow),1,0
61,Puffin,2025-05-27T13:14:38,Nimblism (yellow),2,0
61,Puffin,2025-05-27T13:14:38,Trade In (yellow),1,0
61,Puffin,2025-05-27T13:14:38,Cloud City Steamboat (blue),1,0
61,Puffin,2025-05-27T13:14:38,Cloud Skiff (blue),1,0
61,Puffin,2025-05-27T13:14:38,Cogwerx Zeppelin (blue),1,0
61,Puffin,2025-05-27T13:14:38,Copper Cog (blue),1,0
61,Puffin,2025-05-27T13:14:38,Crash Down the Gates (blue),1,0
61,Puffin,2025-05-27T13:14:38,Goldwing Turbine (blue),2,0
61,Puffin,2025-05-27T13:14:38,Shifting Tides (blue),1,0
61,Puffin,2025-05-27T13:14:38,Sky Skimmer (blue),1,0
61,Puffin,2025-05-27T13:14:38,Teeth of the Cog (blue),1,0
61,Puffin,2025-05-27T13:14:38,Blue Sea Tricorn,1,1
61,Puffin,2025-05-27T13:14:38,Quick Clicks,1,1
61,Puffin,2025-05-27T13:14:38,Rust Belt,1,1
61,Puffin,2025-05-27T13:14:38,Swiftstrike Bracers,1,1
61,Puffin,2025-05-27T13:14:38,Unicycle,1,1
62,Marlynn,2025-05-27T13:49:38,Call in the Big Guns (red),1,0
62,Marlynn,2025-05-27T13:49:38,Drop the Anchor (red),1,0
62,Marlynn,2025-05-27T13:49:38,Dry Powder Shot (red),4,0
62,Marlynn,2025-05-27T13:49:38,Entangling Shot (red),3,0
62,Marlynn,2025-05-27T13:49:38,Expedition to Horizon's Mantle (red),1,0
62,Marlynn,2025-05-27T13:49:38,Fire in the Hole (red),2,0
62,Marlynn,2025-05-27T13:49:38,Flying High (red),1,0
62,Marlynn,2025-05-27T13:49:38,Golden Tipple (red),1,0
62,Marlynn,2025-05-27T13:49:38,Head Shot (red),2,0
62,Marlynn,2025-05-27T13:49:38,Salvage Shot (red),1,0
62,Marlynn,2025-05-27T13:49:38,Scouting Shot (red),1,0
62,Marlynn,2025-05-27T13:49:38,Sic 'Em Shot (red),1,0
62,Marlynn,2025-05-27T13:49:38,Swift Shot (red),2,0
62,Marlynn,2025-05-27T13:49:38,Trade In (red),1,0
62,Marlynn,2025-05-27T13:49:38,Big Game Trophy Shot (yellow),1,0
62,Marlynn,2025-05-27T13:49:38,Call in the Big Guns (yellow),2,0
62,Marlynn,2025-05-27T13:49:38,Fool's Gold (yellow),1,0
62,Marlynn,2025-05-27T13:49:38,Golden Tipple (yellow),1,0
62,Marlynn,2025-05-27T13:49:38,Head Shot (yellow),1,0
62,Marlynn,2025-05-27T13:49:38,Salvage Shot (yellow),1,0
62,Marlynn,2025-05-27T13:49:38,Call in the Big Guns (blue),1,0
62,Marlynn,2025-05-27T13:49:38,Golden Tipple (blue),1,0
62,Marlynn,2025-05-27T13:49:38,Head Shot (blue),1,0
62,Marlynn,2025-05-27T13:49:38,Mutiny on the Battalion Barque (blue),1,0
62,Marlynn,2025-05-27T13:49:38,Sic 'Em Shot (blue),2,0
62,Marlynn,2025-05-27T13:49:38,Trade In (blue),1,0
62,Marlynn,2025-05-27T13:49:38,Glidewell Fins,1,1
62,Marlynn,2025-05-27T13:49:38,Helmsman's Peak,1,1
63,Puffin,2025-05-27T14:35:57,Cloud City Steamboat (red),1,0
63,Puffin,2025-05-27T14:35:57,Cloud Skiff (red),1,0
63,Puffin,2025-05-27T14:35:57,Draw Back the Hammer (red),1,0
63,Puffin,2025-05-27T14:35:57,Expedition to Azuro Keys (red),1,0
63,Puffin,2025-05-27T14:35:57,Goldwing Turbine (red),1,0
63,Puffin,2025-05-27T14:35:57,Chart a Course (red),1,0
63,Puffin,2025-05-27T14:35:57,Ravenous Rabble (red),1,0
63,Puffin,2025-05-27T14:35:57,Sky Skimmer (red),1,0
63,Puffin,2025-05-27T14:35:57,Teeth of the Cog (red),1,0
63,Puffin,2025-05-27T14:35:57,Thiev'n Varmints (red),1,0
63,Puffin,2025-05-27T14:35:57,Tighten the Screws (red),5,0
63,Puffin,2025-05-27T14:35:57,Walk the Plank (red),1,0
63,Puffin,2025-05-27T14:35:57,Sky Skimmer (yellow),1,0
63,Puffin,2025-05-27T14:35:57,Tough Old Wrench (yellow),2,0
63,Puffin,2025-05-27T14:35:57,Cloud Skiff (blue),2,0
63,Puffin,2025-05-27T14:35:57,Mutiny on the Battalion Barque (blue),1,0
63,Puffin,2025-05-27T14:35:57,Rally the Coast Guard (blue),1,0
63,Puffin,2025-05-27T14:35:57,Regain Composure (blue),1,0
63,Puffin,2025-05-27T14:35:57,Sirens of Safe Harbor (blue),1,0
63,Puffin,2025-05-27T14:35:57,Sky Skimmer (blue),2,0
63,Puffin,2025-05-27T14:35:57,Teeth of the Cog (blue),2,0
63,Puffin,2025-05-27T14:35:57,Tough Old Wrench (blue),1,0
63,Puffin,2025-05-27T14:35:57,Blue Sea Tricorn,1,1
63,Puffin,2025-05-27T14:35:57,Rust Belt,1,1
63,Puffin,2025-05-27T14:35:57,Unicycle,1,1
64,"Scurv, Stowaway",2025-05-27T16:07:59,Battalion Barque (red),1,0
64,"Scurv, Stowaway",2025-05-27T16:07:59,Blow for a Blow (red),1,0
64,"Scurv, Stowaway",2025-05-27T16:07:59,Expedition to Blackwater Strait (red),1,0
64,"Scurv, Stowaway",2025-05-27T16:07:59,Expedition to Dreadfall Reach (red),2,0
64,"Scurv, Stowaway",2025-05-27T16:07:59,Chart a Course (red),1,0
64,"Scurv, Stowaway",2025-05-27T16:07:59,Scar for a Scar (red),1,0
64,"Scurv, Stowaway",2025-05-27T16:07:59,Swiftwater Sloop (red),2,0
64,"Scurv, Stowaway",2025-05-27T16:07:59,Battalion Barque (yellow),1,0
64,"Scurv, Stowaway",2025-05-27T16:07:59,Gold Hunter Ketch (yellow),2,0
64,"Scurv, Stowaway",2025-05-27T16:07:59,HMS Barracuda (yellow),1,0
64,"Scurv, Stowaway",2025-05-27T16:07:59,Chart a Course (yellow),1,0
64,"Scurv, Stowaway",2025-05-27T16:07:59,Swiftwater Sloop (yellow),2,0
64,"Scurv, Stowaway",2025-05-27T16:07:59,Swindler's Grift (yellow),1,0
64,"Scurv, Stowaway",2025-05-27T16:07:59,Walk the Plank (yellow),1,0
64,"Scurv, Stowaway",2025-05-27T16:07:59,Chart a Course (blue),1,0
64,"Scurv, Stowaway",2025-05-27T16:07:59,Money or Your Life? (blue),1,0
64,"Scurv, Stowaway",2025-05-27T16:07:59,On the Horizon (blue),1,0
64,"Scurv, Stowaway",2025-05-27T16:07:59,Pilfer the Wreck (blue),1,0
64,"Scurv, Stowaway",2025-05-27T16:07:59,Saltwater Swell (blue),1,0
64,"Scurv, Stowaway",2025-05-27T16:07:59,Sea Floor Salvage (blue),1,0
64,"Scurv, Stowaway",2025-05-27T16:07:59,Shifting Tides (blue),1,0
64,"Scurv, Stowaway",2025-05-27T16:07:59,Swiftwater Sloop (blue),1,0
64,"Scurv, Stowaway",2025-05-27T16:07:59,Swindler's Grift (blue),2,0
64,"Scurv, Stowaway",2025-05-27T16:07:59,Trade In (blue),1,0
64,"Scurv, Stowaway",2025-05-27T16:07:59,Walk the Plank (blue),1,0
64,"Scurv, Stowaway",2025-05-27T16:07:59,Bandana of the Blue Beyond,1,1
64,"Scurv, Stowaway",2025-05-27T16:07:59,Fish Fingers,1,1
64,"Scurv, Stowaway",2025-05-27T16:07:59,Peg Leg,1,1
65,Gravy Bones,2025-05-27T20:09:54,Expedition to Azuro Keys (red),1,0
65,Gravy Bones,2025-05-27T20:09:54,Hoist 'Em Up (red),1,0
65,Gravy Bones,2025-05-27T20:09:54,Jittery Bones (red),1,0
65,Gravy Bones,2025-05-27T20:09:54,Scar for a Scar (red),1,0
65,Gravy Bones,2025-05-27T20:09:54,Angry Bones (yellow),2,0
65,Gravy Bones,2025-05-27T20:09:54,Barnacle (yellow),1,0
65,Gravy Bones,2025-05-27T20:09:54,Battalion Barque (yellow),2,0
65,Gravy Bones,2025-05-27T20:09:54,"Cutty Shark, Quick Clip (yellow)",2,0
65,Gravy Bones,2025-05-27T20:09:54,Gold Hunter Longboat (yellow),1,0
65,Gravy Bones,2025-05-27T20:09:54,Golden Tipple (yellow),2,0
65,Gravy Bones,2025-05-27T20:09:54,Lost in Transit (yellow),1,0
65,Gravy Bones,2025-05-27T20:09:54,Rally the Coast Guard (yellow),1,0
65,Gravy Bones,2025-05-27T20:09:54,Restless Bones (yellow),2,0
65,Gravy Bones,2025-05-27T20:09:54,Riggermortis (yellow),3,0
65,Gravy Bones,2025-05-27T20:09:54,"Scooba, Salty Sea Dog (yellow)",1,0
65,Gravy Bones,2025-05-27T20:09:54,"Shelly, Hardened Traveler (yellow)",1,0
65,Gravy Bones,2025-05-27T20:09:54,Sirens of Safe Harbor (yellow),1,0
65,Gravy Bones,2025-05-27T20:09:54,Strike Gold (yellow),1,0
65,Gravy Bones,2025-05-27T20:09:54,Swabbie (yellow),1,0
65,Gravy Bones,2025-05-27T20:09:54,Swindler's Grift (yellow),1,0
65,Gravy Bones,2025-05-27T20:09:54,Walk the Plank (yellow),1,0
65,Gravy Bones,2025-05-27T20:09:54,Angry Bones (blue),1,0
65,Gravy Bones,2025-05-27T20:09:54,Battalion Barque (blue),1,0
65,Gravy Bones,2025-05-27T20:09:54,Divvy Up (blue),1,0
65,Gravy Bones,2025-05-27T20:09:54,Golden Tipple (blue),1,0
65,Gravy Bones,2025-05-27T20:09:54,Heave Ho! (blue),1,0
65,Gravy Bones,2025-05-27T20:09:54,Jittery Bones (blue),2,0
65,Gravy Bones,2025-05-27T20:09:54,Mutiny on the Swiftwater (blue),1,0
65,Gravy Bones,2025-05-27T20:09:54,On the Horizon (blue),1,0
65,Gravy Bones,2025-05-27T20:09:54,Restless Bones (blue),2,0
65,Gravy Bones,2025-05-27T20:09:54,Sea Floor Salvage (blue),1,0
65,Gravy Bones,2025-05-27T20:09:54,Buccaneer's Bounty,1,1
65,Gravy Bones,2025-05-27T20:09:54,Head Stone,1,1
66,Gravy Bones,2025-05-27T21:10:55,Board the Ship (red),1,0
66,Gravy Bones,2025-05-27T21:10:55,Burly Bones (red),1,0
66,Gravy Bones,2025-05-27T21:10:55,Expedition to Dreadfall Reach (red),1,0
66,Gravy Bones,2025-05-27T21:10:55,Hoist 'Em Up (red),1,0
66,Gravy Bones,2025-05-27T21:10:55,Jittery Bones (red),2,0
66,Gravy Bones,2025-05-27T21:10:55,Restless Bones (red),1,0
66,Gravy Bones,2025-05-27T21:10:55,Swindler's Grift (red),2,0
66,Gravy Bones,2025-05-27T21:10:55,Trade In (red),1,0
66,Gravy Bones,2025-05-27T21:10:55,Barnacle (yellow),1,0
66,Gravy Bones,2025-05-27T21:10:55,"Cutty Shark, Quick Clip (yellow)",3,0
66,Gravy Bones,2025-05-27T21:10:55,Gold Hunter Lightsail (yellow),2,0
66,Gravy Bones,2025-05-27T21:10:55,Gold Hunter Longboat (yellow),1,0
66,Gravy Bones,2025-05-27T21:10:55,"Chowder, Hearty Cook (yellow)",2,0
66,Gravy Bones,2025-05-27T21:10:55,Nimby (yellow),1,0
66,Gravy Bones,2025-05-27T21:10:55,Not So Fast (yellow),1,0
66,Gravy Bones,2025-05-27T21:10:55,Riggermortis (yellow),1,0
66,Gravy Bones,2025-05-27T21:10:55,"Shelly, Hardened Traveler (yellow)",1,0
66,Gravy Bones,2025-05-27T21:10:55,Sirens of Safe Harbor (yellow),1,0
66,Gravy Bones,2025-05-27T21:10:55,Swabbie (yellow),1,0
66,Gravy Bones,2025-05-27T21:10:55,Angry Bones (blue),1,0
66,Gravy Bones,2025-05-27T21:10:55,Burly Bones (blue),1,0
66,Gravy Bones,2025-05-27T21:10:55,Crash Down the Gates (blue),1,0
66,Gravy Bones,2025-05-27T21:10:55,Fiddler's Green (blue),1,0
66,Gravy Bones,2025-05-27T21:10:55,Chart a Course (blue),1,0
66,Gravy Bones,2025-05-27T21:10:55,Mutiny on the Battalion Barque (blue),2,0
66,Gravy Bones,2025-05-27T21:10:55,Portside Exchange (blue),1,0
66,Gravy Bones,2025-05-27T21:10:55,Restless Bones (blue),3,0
66,Gravy Bones,2025-05-27T21:10:55,Sea Floor Salvage (blue),1,0
66,Gravy Bones,2025-05-27T21:10:55,Trade In (blue),1,0
66,Gravy Bones,2025-05-27T21:10:55,Bandana of the Blue Beyond,1,1
66,Gravy Bones,2025-05-27T21:10:55,Peg Leg,1,1
66,Gravy Bones,2025-05-27T21:10:55,Washed Up Wave,1,1
67,Gravy Bones,2025-05-27T21:47:45,Battalion Barque (red),1,0
67,Gravy Bones,2025-05-27T21:47:45,Expedition to Dreadfall Reach (red),1,0
67,Gravy Bones,2025-05-27T21:47:45,Expedition to Horizon's Mantle (red),1,0
67,Gravy Bones,2025-05-27T21:47:45,Chart a Course (red),1,0
67,Gravy Bones,2025-05-27T21:47:45,Jittery Bones (red),1,0
67,Gravy Bones,2025-05-27T21:47:45,Restless Bones (red),1,0
67,Gravy Bones,2025-05-27T21:47:45,Swindler's Grift (red),1,0
67,Gravy Bones,2025-05-27T21:47:45,Battalion Barque (yellow),1,0
67,Gravy Bones,2025-05-27T21:47:45,Gold Hunter Longboat (yellow),1,0
67,Gravy Bones,2025-05-27T21:47:45,Gold Hunter Marauder (yellow),1,0
67,Gravy Bones,2025-05-27T21:47:45,HMS Kraken (yellow),1,0
67,Gravy Bones,2025-05-27T21:47:45,"Chowder, Hearty Cook (yellow)",1,0
67,Gravy Bones,2025-05-27T21:47:45,Riggermortis (yellow),2,0
67,Gravy Bones,2025-05-27T21:47:45,Saltwater Swell (yellow),1,0
67,Gravy Bones,2025-05-27T21:47:45,"Scooba, Salty Sea Dog (yellow)",1,0
67,Gravy Bones,2025-05-27T21:47:45,Angry Bones (blue),1,0
67,Gravy Bones,2025-05-27T21:47:45,Battalion Barque (blue),1,0
67,Gravy Bones,2025-05-27T21:47:45,Burly Bones (blue),2,0
67,Gravy Bones,2025-05-27T21:47:45,Clap 'Em in Irons (blue),1,0
67,Gravy Bones,2025-05-27T21:47:45,Diamond Amulet (blue),1,0
67,Gravy Bones,2025-05-27T21:47:45,Flying High (blue),1,0
67,Gravy Bones,2025-05-27T21:47:45,Golden Tipple (blue),1,0
67,Gravy Bones,2025-05-27T21:47:45,Jittery Bones (blue),1,0
67,Gravy Bones,2025-05-27T21:47:45,Mutiny on the Nimbus Sovereign (blue),1,0
67,Gravy Bones,2025-05-27T21:47:45,Nimblism (blue),1,0
67,Gravy Bones,2025-05-27T21:47:45,Pearl Amulet (blue),1,0
67,Gravy Bones,2025-05-27T21:47:45,Rally the Coast Guard (blue),1,0
67,Gravy Bones,2025-05-27T21:47:45,Restless Bones (blue),1,0
67,Gravy Bones,2025-05-27T21:47:45,Saltwater Swell (blue),1,0
67,Gravy Bones,2025-05-27T21:47:45,Scrub the Deck (blue),1,0
67,Gravy Bones,2025-05-27T21:47:45,Sirens of Safe Harbor (blue),2,0
67,Gravy Bones,2025-05-27T21:47:45,Swindler's Grift (blue),2,0
67,Gravy Bones,2025-05-27T21:47:45,Walk the Plank (blue),1,0
67,Gravy Bones,2025-05-27T21:47:45,Buccaneer's Bounty,1,1
67,Gravy Bones,2025-05-27T21:47:45,Helmsman's Peak,1,1
67,Gravy Bones,2025-05-27T21:47:45,Peg Leg,1,1
67,Gravy Bones,2025-05-27T21:47:45,Washed Up Wave,1,1
68,Gravy Bones,2025-05-27T21:48:17,Golden Tipple (red),1,0
68,Gravy Bones,2025-05-27T21:48:17,Jittery Bones (red),1,0
68,Gravy Bones,2025-05-27T21:48:17,Money or Your Life? (red),1,0
68,Gravy Bones,2025-05-27T21:48:17,Restless Bones (red),2,0
68,Gravy Bones,2025-05-27T21:48:17,Saltwater Swell (red),1,0
68,Gravy Bones,2025-05-27T21:48:17,Swiftwater Sloop (red),2,0
68,Gravy Bones,2025-05-27T21:48:17,Thiev'n Varmints (red),1,0
68,Gravy Bones,2025-05-27T21:48:17,Angry Bones (yellow),1,0
68,Gravy Bones,2025-05-27T21:48:17,"Cutty Shark, Quick Clip (yellow)",2,0
68,Gravy Bones,2025-05-27T21:48:17,Flying High (yellow),1,0
68,Gravy Bones,2025-05-27T21:48:17,Golden Tipple (yellow),2,0
68,Gravy Bones,2025-05-27T21:48:17,Chart a Course (yellow),1,0
68,Gravy Bones,2025-05-27T21:48:17,Jittery Bones (yellow),1,0
68,Gravy Bones,2025-05-27T21:48:17,On the Horizon (yellow),1,0
68,Gravy Bones,2025-05-27T21:48:17,Riggermortis (yellow),1,0
68,Gravy Bones,2025-05-27T21:48:17,"Scooba, Salty Sea Dog (yellow)",1,0
68,Gravy Bones,2025-05-27T21:48:17,Swabbie (yellow),1,0
68,Gravy Bones,2025-05-27T21:48:17,Swiftwater Sloop (yellow),1,0
68,Gravy Bones,2025-05-27T21:48:17,Swindler's Grift (yellow),1,0
68,Gravy Bones,2025-05-27T21:48:17,Trade In (yellow),1,0
68,Gravy Bones,2025-05-27T21:48:17,Amethyst Amulet (blue),1,0
68,Gravy Bones,2025-05-27T21:48:17,Crash Down the Gates (blue),1,0
68,Gravy Bones,2025-05-27T21:48:17,Golden Tipple (blue),1,0
68,Gravy Bones,2025-05-27T21:48:17,Chart a Course (blue),2,0
68,Gravy Bones,2025-05-27T21:48:17,Jittery Bones (blue),1,0
68,Gravy Bones,2025-05-27T21:48:17,Money or Your Life? (blue),1,0
68,Gravy Bones,2025-05-27T21:48:17,Mutiny on the Nimbus Sovereign (blue),2,0
68,Gravy Bones,2025-05-27T21:48:17,Nimblism (blue),1,0
68,Gravy Bones,2025-05-27T21:48:17,Nimby (blue),1,0
68,Gravy Bones,2025-05-27T21:48:17,Portside Exchange (blue),1,0
68,Gravy Bones,2025-05-27T21:48:17,Rally the Coast Guard (blue),1,0
68,Gravy Bones,2025-05-27T21:48:17,Sirens of Safe Harbor (blue),1,0
68,Gravy Bones,2025-05-27T21:48:17,Strike Gold (blue),1,0
68,Gravy Bones,2025-05-27T21:48:17,Head Stone,1,1
69,Puffin,2025-05-27T22:21:27,Cloud Skiff (red),1,0
69,Puffin,2025-05-27T22:21:27,Cogwerx Zeppelin (red),1,0
69,Puffin,2025-05-27T22:21:27,Crash Down the Gates (red),1,0
69,Puffin,2025-05-27T22:21:27,Draw Back the Hammer (red),1,0
69,Puffin,2025-05-27T22:21:27,Expedition to Azuro Keys (red),1,0
69,Puffin,2025-05-27T22:21:27,Expedition to Blackwater Strait (red),2,0
69,Puffin,2025-05-27T22:21:27,Ravenous Rabble (red),1,0
69,Puffin,2025-05-27T22:21:27,Sirens of Safe Harbor (red),1,0
69,Puffin,2025-05-27T22:21:27,Sky Skimmer (red),2,0
69,Puffin,2025-05-27T22:21:27,Swindler's Grift (red),1,0
69,Puffin,2025-05-27T22:21:27,Teeth of the Cog (red),1,0
69,Puffin,2025-05-27T22:21:27,Tighten the Screws (red),1,0
69,Puffin,2025-05-27T22:21:27,Battalion Barque (yellow),1,0
69,Puffin,2025-05-27T22:21:27,Cloud Skiff (yellow),2,0
69,Puffin,2025-05-27T22:21:27,Crash Down the Gates (yellow),1,0
69,Puffin,2025-05-27T22:21:27,Golden Tipple (yellow),2,0
69,Puffin,2025-05-27T22:21:27,Saltwater Swell (yellow),1,0
69,Puffin,2025-05-27T22:21:27,Sirens of Safe Harbor (yellow),1,0
69,Puffin,2025-05-27T22:21:27,Sky Skimmer (yellow),1,0
69,Puffin,2025-05-27T22:21:27,Tough Old Wrench (yellow),1,0
69,Puffin,2025-05-27T22:21:27,Battalion Barque (blue),1,0
69,Puffin,2025-05-27T22:21:27,Diamond Amulet (blue),1,0
69,Puffin,2025-05-27T22:21:27,Mutiny on the Battalion Barque (blue),1,0
69,Puffin,2025-05-27T22:21:27,Mutiny on the Nimbus Sovereign (blue),1,0
69,Puffin,2025-05-27T22:21:27,Rally the Coast Guard (blue),1,0
69,Puffin,2025-05-27T22:21:27,Shifting Tides (blue),1,0
69,Puffin,2025-05-27T22:21:27,Sky Skimmer (blue),1,0
69,Puffin,2025-05-27T22:21:27,Strike Gold (blue),1,0
69,Puffin,2025-05-27T22:21:27,Swiftwater Sloop (blue),1,0
69,Puffin,2025-05-27T22:21:27,Buccaneer's Bounty,1,1
69,Puffin,2025-05-27T22:21:27,Fish Fingers,1,1
69,Puffin,2025-05-27T22:21:27,Light Fingers,1,1
69,Puffin,2025-05-27T22:21:27,Quartermaster's Boots,1,1
70,Gravy Bones,2025-05-27T22:35:54,Angry Bones (red),1,0
70,Gravy Bones,2025-05-27T22:35:54,Battalion Barque (red),1,0
70,Gravy Bones,2025-05-27T22:35:54,Blow for a Blow (red),1,0
70,Gravy Bones,2025-05-27T22:35:54,Burly Bones (red),1,0
70,Gravy Bones,2025-05-27T22:35:54,Jittery Bones (red),1,0
70,Gravy Bones,2025-05-27T22:35:54,Scar for a Scar (red),1,0
70,Gravy Bones,2025-05-27T22:35:54,Thiev'n Varmints (red),2,0
70,Gravy Bones,2025-05-27T22:35:54,Battalion Barque (yellow),1,0
70,Gravy Bones,2025-05-27T22:35:54,"Cutty Shark, Quick Clip (yellow)",1,0
70,Gravy Bones,2025-05-27T22:35:54,Gold Hunter Longboat (yellow),2,0
70,Gravy Bones,2025-05-27T22:35:54,Jittery Bones (yellow),2,0
70,Gravy Bones,2025-05-27T22:35:54,Rally the Coast Guard (yellow),1,0
70,Gravy Bones,2025-05-27T22:35:54,Riggermortis (yellow),1,0
70,Gravy Bones,2025-05-27T22:35:54,Saltwater Swell (yellow),1,0
70,Gravy Bones,2025-05-27T22:35:54,"Shelly, Hardened Traveler (yellow)",2,0
70,Gravy Bones,2025-05-27T22:35:54,Swabbie (yellow),2,0
70,Gravy Bones,2025-05-27T22:35:54,Angry Bones (blue),1,0
70,Gravy Bones,2025-05-27T22:35:54,Burly Bones (blue),1,0
70,Gravy Bones,2025-05-27T22:35:54,Jittery Bones (blue),2,0
70,Gravy Bones,2025-05-27T22:35:54,Mutiny on the Battalion Barque (blue),1,0
70,Gravy Bones,2025-05-27T22:35:54,Mutiny on the Nimbus Sovereign (blue),1,0
70,Gravy Bones,2025-05-27T22:35:54,Mutiny on the Swiftwater (blue),1,0
70,Gravy Bones,2025-05-27T22:35:54,Restless Bones (blue),1,0
70,Gravy Bones,2025-05-27T22:35:54,Yo Ho Ho! (blue),1,0
70,Gravy Bones,2025-05-27T22:35:54,Blue Sea Tricorn,1,1
70,Gravy Bones,2025-05-27T22:35:54,Old Knocker,1,1
70,Gravy Bones,2025-05-27T22:35:54,Washed Up Wave,1,1
71,Puffin,2025-05-27T22:40:16,Cloud City Steamboat (red),1,0
71,Puffin,2025-05-27T22:40:16,Cloud Skiff (red),1,0
71,Puffin,2025-05-27T22:40:16,Cogwerx Dovetail (red),1,0
71,Puffin,2025-05-27T22:40:16,Crash Down the Gates (red),1,0
71,Puffin,2025-05-27T22:40:16,Expedition to Horizon's Mantle (red),1,0
71,Puffin,2025-05-27T22:40:16,Goldwing Turbine (red),1,0
71,Puffin,2025-05-27T22:40:16,Life for a Life (red),1,0
71,Puffin,2025-05-27T22:40:16,Nimblism (red),1,0
71,Puffin,2025-05-27T22:40:16,Perk Up (red),2,0
71,Puffin,2025-05-27T22:40:16,Sky Skimmer (red),1,0
71,Puffin,2025-05-27T22:40:16,Strike Gold (red),1,0
71,Puffin,2025-05-27T22:40:16,Swiftwater Sloop (red),1,0
71,Puffin,2025-05-27T22:40:16,Swindler's Grift (red),1,0
71,Puffin,2025-05-27T22:40:16,Teeth of the Cog (red),1,0
71,Puffin,2025-05-27T22:40:16,Tighten the Screws (red),1,0
71,Puffin,2025-05-27T22:40:16,Tough Old Wrench (red),1,0
71,Puffin,2025-05-27T22:40:16,Cogwerx Zeppelin (yellow),1,0
71,Puffin,2025-05-27T22:40:16,Nimby (yellow),1,0
71,Puffin,2025-05-27T22:40:16,Sirens of Safe Harbor (yellow),1,0
71,Puffin,2025-05-27T22:40:16,Sky Skimmer (yellow),2,0
71,Puffin,2025-05-27T22:40:16,Swiftwater Sloop (yellow),1,0
71,Puffin,2025-05-27T22:40:16,Teeth of the Cog (yellow),1,0
71,Puffin,2025-05-27T22:40:16,Walk the Plank (yellow),1,0
71,Puffin,2025-05-27T22:40:16,Cloud Skiff (blue),1,0
71,Puffin,2025-05-27T22:40:16,Cogwerx Workshop (blue),1,0
71,Puffin,2025-05-27T22:40:16,Mutiny on the Battalion Barque (blue),1,0
71,Puffin,2025-05-27T22:40:16,Mutiny on the Nimbus Sovereign (blue),1,0
71,Puffin,2025-05-27T22:40:16,Nimblism (blue),1,0
71,Puffin,2025-05-27T22:40:16,Pinion Sentry (blue),1,0
71,Puffin,2025-05-27T22:40:16,Rally the Coast Guard (blue),1,0
71,Puffin,2025-05-27T22:40:16,Strike Gold (blue),1,0
71,Puffin,2025-05-27T22:40:16,Teeth of the Cog (blue),1,0
71,Puffin,2025-05-27T22:40:16,Tough Old Wrench (blue),1,0
71,Puffin,2025-05-27T22:40:16,Walk the Plank (blue),2,0
71,Puffin,2025-05-27T22:40:16,Rust Belt,1,1
71,Puffin,2025-05-27T22:40:16,Swiftstrike Bracers,1,1
71,Puffin,2025-05-27T22:40:16,Unicycle,1,1
72,Marlynn,2025-05-27T22:55:04,Dry Powder Shot (red),1,0
72,Marlynn,2025-05-27T22:55:04,Entangling Shot (red),1,0
72,Marlynn,2025-05-27T22:55:04,Expedition to Azuro Keys (red),1,0
72,Marlynn,2025-05-27T22:55:04,Fire in the Hole (red),1,0
72,Marlynn,2025-05-27T22:55:04,Golden Tipple (red),1,0
72,Marlynn,2025-05-27T22:55:04,Head Shot (red),2,0
72,Marlynn,2025-05-27T22:55:04,Nettling Shot (red),2,0
72,Marlynn,2025-05-27T22:55:04,Nimby (red),1,0
72,Marlynn,2025-05-27T22:55:04,On the Horizon (red),1,0
72,Marlynn,2025-05-27T22:55:04,Ravenous Rabble (red),2,0
72,Marlynn,2025-05-27T22:55:04,Scar for a Scar (red),2,0
72,Marlynn,2025-05-27T22:55:04,Sic 'Em Shot (red),1,0
72,Marlynn,2025-05-27T22:55:04,Strike Gold (red),1,0
72,Marlynn,2025-05-27T22:55:04,Swift Shot (red),2,0
72,Marlynn,2025-05-27T22:55:04,Trade In (red),1,0
72,Marlynn,2025-05-27T22:55:04,Crash Down the Gates (yellow),1,0
72,Marlynn,2025-05-27T22:55:04,Salvage Shot (yellow),2,0
72,Marlynn,2025-05-27T22:55:04,Sic 'Em Shot (yellow),1,0
72,Marlynn,2025-05-27T22:55:04,Strike Gold (yellow),2,0
72,Marlynn,2025-05-27T22:55:04,Walk the Plank (yellow),2,0
72,Marlynn,2025-05-27T22:55:04,Fiddler's Green (blue),1,0
72,Marlynn,2025-05-27T22:55:04,On the Horizon (blue),1,0
72,Marlynn,2025-05-27T22:55:04,Salvage Shot (blue),1,0
72,Marlynn,2025-05-27T22:55:04,Swindler's Grift (blue),1,0
72,Marlynn,2025-05-27T22:55:04,Trade In (blue),2,0
72,Marlynn,2025-05-27T22:55:04,Buccaneer's Bounty,1,1
72,Marlynn,2025-05-27T22:55:04,Helmsman's Peak,1,1
72,Marlynn,2025-05-27T22:55:04,Old Knocker,1,1
72,Marlynn,2025-05-27T22:55:04,Peg Leg,1,1
72,Marlynn,2025-05-27T22:55:04,Swiftstrike Bracers,1,1
73,Puffin,2025-05-27T23:30:31,Cloud City Steamboat (red),1,0
73,Puffin,2025-05-27T23:30:31,Cloud Skiff (red),1,0
73,Puffin,2025-05-27T23:30:31,Fiddler's Green (red),1,0
73,Puffin,2025-05-27T23:30:31,Goldwing Turbine (red),1,0
73,Puffin,2025-05-27T23:30:31,Nimblism (red),1,0
73,Puffin,2025-05-27T23:30:31,Sky Skimmer (red),1,0
73,Puffin,2025-05-27T23:30:31,Teeth of the Cog (red),1,0
73,Puffin,2025-05-27T23:30:31,Tough Old Wrench (red),2,0
73,Puffin,2025-05-27T23:30:31,Walk the Plank (red),2,0
73,Puffin,2025-05-27T23:30:31,Cloud City Steamboat (yellow),1,0
73,Puffin,2025-05-27T23:30:31,Cloud Skiff (yellow),2,0
73,Puffin,2025-05-27T23:30:31,Gold Hunter Marauder (yellow),1,0
73,Puffin,2025-05-27T23:30:31,Goldwing Turbine (yellow),2,0
73,Puffin,2025-05-27T23:30:31,HMS Barracuda (yellow),1,0
73,Puffin,2025-05-27T23:30:31,Chart a Course (yellow),1,0
73,Puffin,2025-05-27T23:30:31,Loan Shark (yellow),1,0
73,Puffin,2025-05-27T23:30:31,Sky Skimmer (yellow),1,0
73,Puffin,2025-05-27T23:30:31,Teeth of the Cog (yellow),2,0
73,Puffin,2025-05-27T23:30:31,Clap 'Em in Irons (blue),1,0
73,Puffin,2025-05-27T23:30:31,Copper Cog (blue),1,0
73,Puffin,2025-05-27T23:30:31,Mutiny on the Battalion Barque (blue),1,0
73,Puffin,2025-05-27T23:30:31,Pilfer the Wreck (blue),1,0
73,Puffin,2025-05-27T23:30:31,Pinion Sentry (blue),1,0
73,Puffin,2025-05-27T23:30:31,Regain Composure (blue),1,0
73,Puffin,2025-05-27T23:30:31,Sky Skimmer (blue),2,0
73,Puffin,2025-05-27T23:30:31,Swindler's Grift (blue),1,0
73,Puffin,2025-05-27T23:30:31,Teeth of the Cog (blue),2,0
73,Puffin,2025-05-27T23:30:31,Tough Old Wrench (blue),1,0
73,Puffin,2025-05-27T23:30:31,Walk the Plank (blue),1,0
73,Puffin,2025-05-27T23:30:31,Bandana of the Blue Beyond,1,1
73,Puffin,2025-05-27T23:30:31,Captain's Coat,1,1
73,Puffin,2025-05-27T23:30:31,Fish Fingers,1,1
73,Puffin,2025-05-27T23:30:31,Helmsman's Peak,1,1
73,Puffin,2025-05-27T23:30:31,Unicycle,1,1
74,Puffin,2025-05-27T23:53:02,Cloud City Steamboat (red),1,0
74,Puffin,2025-05-27T23:53:02,Cloud Skiff (red),1,0
74,Puffin,2025-05-27T23:53:02,Cogwerx Zeppelin (red),1,0
74,Puffin,2025-05-27T23:53:02,Draw Back the Hammer (red),1,0
74,Puffin,2025-05-27T23:53:02,Goldwing Turbine (red),1,0
74,Puffin,2025-05-27T23:53:02,Perk Up (red),3,0
74,Puffin,2025-05-27T23:53:02,Tighten the Screws (red),2,0
74,Puffin,2025-05-27T23:53:02,Cloud Skiff (yellow),2,0
74,Puffin,2025-05-27T23:53:02,Gold Hunter Lightsail (yellow),1,0
74,Puffin,2025-05-27T23:53:02,Goldwing Turbine (yellow),2,0
74,Puffin,2025-05-27T23:53:02,Chart a Course (yellow),2,0
74,Puffin,2025-05-27T23:53:02,Jolly Bludger (yellow),1,0
74,Puffin,2025-05-27T23:53:02,Nimblism (yellow),1,0
74,Puffin,2025-05-27T23:53:02,Sirens of Safe Harbor (yellow),1,0
74,Puffin,2025-05-27T23:53:02,Tough Old Wrench (yellow),3,0
74,Puffin,2025-05-27T23:53:02,Cloud Skiff (blue),1,0
74,Puffin,2025-05-27T23:53:02,Cogwerx Zeppelin (blue),1,0
74,Puffin,2025-05-27T23:53:02,Goldwing Turbine (blue),1,0
74,Puffin,2025-05-27T23:53:02,Mutiny on the Battalion Barque (blue),1,0
74,Puffin,2025-05-27T23:53:02,Mutiny on the Swiftwater (blue),1,0
74,Puffin,2025-05-27T23:53:02,Nimby (blue),1,0
74,Puffin,2025-05-27T23:53:02,Pinion Sentry (blue),2,0
74,Puffin,2025-05-27T23:53:02,Rally the Coast Guard (blue),1,0
74,Puffin,2025-05-27T23:53:02,Sky Skimmer (blue),2,0
74,Puffin,2025-05-27T23:53:02,Teeth of the Cog (blue),1,0
74,Puffin,2025-05-27T23:53:02,Tough Old Wrench (blue),1,0
74,Puffin,2025-05-27T23:53:02,Blue Sea Tricorn,1,1
74,Puffin,2025-05-27T23:53:02,Captain's Coat,1,1
74,Puffin,2025-05-27T23:53:02,Fish Fingers,1,1
74,Puffin,2025-05-27T23:53:02,Rust Belt,1,1
75,Puffin,2025-05-28T00:41:40,Expedition to Azuro Keys (red),2,0
75,Puffin,2025-05-28T00:41:40,Golden Tipple (red),1,0
75,Puffin,2025-05-28T00:41:40,Goldwing Turbine (red),1,0
75,Puffin,2025-05-28T00:41:40,Jack Be Quick (red),1,0
75,Puffin,2025-05-28T00:41:40,Palantir Aeronought (red),1,0
75,Puffin,2025-05-28T00:41:40,Perk Up (red),1,0
75,Puffin,2025-05-28T00:41:40,Pilfer the Wreck (red),1,0
75,Puffin,2025-05-28T00:41:40,Scar for a Scar (red),2,0
75,Puffin,2025-05-28T00:41:40,Sky Skimmer (red),1,0
75,Puffin,2025-05-28T00:41:40,Swiftwater Sloop (red),2,0
75,Puffin,2025-05-28T00:41:40,Teeth of the Cog (red),1,0
75,Puffin,2025-05-28T00:41:40,Battalion Barque (yellow),1,0
75,Puffin,2025-05-28T00:41:40,Cloud City Steamboat (yellow),1,0
75,Puffin,2025-05-28T00:41:40,Gold Hunter Lightsail (yellow),1,0
75,Puffin,2025-05-28T00:41:40,Goldwing Turbine (yellow),1,0
75,Puffin,2025-05-28T00:41:40,Money or Your Life? (yellow),1,0
75,Puffin,2025-05-28T00:41:40,Nimby (yellow),1,0
75,Puffin,2025-05-28T00:41:40,Sky Skimmer (yellow),2,0
75,Puffin,2025-05-28T00:41:40,Teeth of the Cog (yellow),1,0
75,Puffin,2025-05-28T00:41:40,Trade In (yellow),2,0
75,Puffin,2025-05-28T00:41:40,Cloud City Steamboat (blue),1,0
75,Puffin,2025-05-28T00:41:40,Copper Cog (blue),1,0
75,Puffin,2025-05-28T00:41:40,Golden Tipple (blue),1,0
75,Puffin,2025-05-28T00:41:40,Goldwing Turbine (blue),1,0
75,Puffin,2025-05-28T00:41:40,Lubricate (blue),1,0
75,Puffin,2025-05-28T00:41:40,Mutiny on the Battalion Barque (blue),1,0
75,Puffin,2025-05-28T00:41:40,Nimblism (blue),1,0
75,Puffin,2025-05-28T00:41:40,On the Horizon (blue),1,0
75,Puffin,2025-05-28T00:41:40,Sky Skimmer (blue),1,0
75,Puffin,2025-05-28T00:41:40,Blue Sea Tricorn,1,1
75,Puffin,2025-05-28T00:41:40,Fish Fingers,1,1
75,Puffin,2025-05-28T00:41:40,Quick Clicks,1,1
75,Puffin,2025-05-28T00:41:40,Rust Belt,2,1
76,Puffin,2025-05-28T01:14:00,Cloud City Steamboat (red),1,0
76,Puffin,2025-05-28T01:14:00,Cloud Skiff (red),3,0
76,Puffin,2025-05-28T01:14:00,Cogwerx Zeppelin (red),1,0
76,Puffin,2025-05-28T01:14:00,Draw Back the Hammer (red),2,0
76,Puffin,2025-05-28T01:14:00,Goldwing Turbine (red),3,0
76,Puffin,2025-05-28T01:14:00,On the Horizon (red),1,0
76,Puffin,2025-05-28T01:14:00,Perk Up (red),4,0
76,Puffin,2025-05-28T01:14:00,Sky Skimmer (red),2,0
76,Puffin,2025-05-28T01:14:00,Teeth of the Cog (red),1,0
76,Puffin,2025-05-28T01:14:00,Tough Old Wrench (red),2,0
76,Puffin,2025-05-28T01:14:00,Cloud Skiff (yellow),1,0
76,Puffin,2025-05-28T01:14:00,Sirens of Safe Harbor (yellow),1,0
76,Puffin,2025-05-28T01:14:00,Sky Skimmer (yellow),1,0
76,Puffin,2025-05-28T01:14:00,Teeth of the Cog (yellow),2,0
76,Puffin,2025-05-28T01:14:00,Tough Old Wrench (yellow),1,0
76,Puffin,2025-05-28T01:14:00,Cloud City Steamboat (blue),1,0
76,Puffin,2025-05-28T01:14:00,Cloud Skiff (blue),2,0
76,Puffin,2025-05-28T01:14:00,Cogwerx Zeppelin (blue),1,0
76,Puffin,2025-05-28T01:14:00,Copper Cog (blue),1,0
76,Puffin,2025-05-28T01:14:00,Goldwing Turbine (blue),2,0
76,Puffin,2025-05-28T01:14:00,Lubricate (blue),1,0
76,Puffin,2025-05-28T01:14:00,Rally the Coast Guard (blue),1,0
76,Puffin,2025-05-28T01:14:00,Sky Skimmer (blue),2,0
76,Puffin,2025-05-28T01:14:00,Sunken Treasure (blue),1,0
76,Puffin,2025-05-28T01:14:00,Blue Sea Tricorn,1,1
76,Puffin,2025-05-28T01:14:00,Captain's Coat,1,1
76,Puffin,2025-05-28T01:14:00,Light Fingers,1,1
76,Puffin,2025-05-28T01:14:00,Unicycle,1,1
77,Marlynn,2025-05-28T02:37:29,Barbed Barrage (red),1,0
77,Marlynn,2025-05-28T02:37:29,Call in the Big Guns (red),1,0
77,Marlynn,2025-05-28T02:37:29,Dry Powder Shot (red),1,0
77,Marlynn,2025-05-28T02:37:29,Expedition to Blackwater Strait (red),1,0
77,Marlynn,2025-05-28T02:37:29,Nimblism (red),2,0
77,Marlynn,2025-05-28T02:37:29,Nimby (red),1,0
77,Marlynn,2025-05-28T02:37:29,On the Horizon (red),1,0
77,Marlynn,2025-05-28T02:37:29,Salvage Shot (red),1,0
77,Marlynn,2025-05-28T02:37:29,Scar for a Scar (red),1,0
77,Marlynn,2025-05-28T02:37:29,Scouting Shot (red),1,0
77,Marlynn,2025-05-28T02:37:29,Swift Shot (red),1,0
77,Marlynn,2025-05-28T02:37:29,Swindler's Grift (red),1,0
77,Marlynn,2025-05-28T02:37:29,Gold Hunter Ketch (yellow),1,0
77,Marlynn,2025-05-28T02:37:29,Gold Hunter Longboat (yellow),1,0
77,Marlynn,2025-05-28T02:37:29,Gold Hunter Marauder (yellow),1,0
77,Marlynn,2025-05-28T02:37:29,HMS Kraken (yellow),1,0
77,Marlynn,2025-05-28T02:37:29,Loan Shark (yellow),1,0
77,Marlynn,2025-05-28T02:37:29,Swindler's Grift (yellow),1,0
77,Marlynn,2025-05-28T02:37:29,Trade In (yellow),1,0
77,Marlynn,2025-05-28T02:37:29,Call in the Big Guns (blue),1,0
77,Marlynn,2025-05-28T02:37:29,Head Shot (blue),1,0
77,Marlynn,2025-05-28T02:37:29,Hook (blue),1,0
77,Marlynn,2025-05-28T02:37:29,Money or Your Life? (blue),1,0
77,Marlynn,2025-05-28T02:37:29,Mutiny on the Battalion Barque (blue),1,0
77,Marlynn,2025-05-28T02:37:29,Mutiny on the Nimbus Sovereign (blue),1,0
77,Marlynn,2025-05-28T02:37:29,Nimby (blue),2,0
77,Marlynn,2025-05-28T02:37:29,Rusty Harpoon (blue),1,0
77,Marlynn,2025-05-28T02:37:29,Saltwater Swell (blue),1,0
77,Marlynn,2025-05-28T02:37:29,Salvage Shot (blue),1,0
77,Marlynn,2025-05-28T02:37:29,Shifting Tides (blue),1,0
77,Marlynn,2025-05-28T02:37:29,Swiftwater Sloop (blue),1,0
77,Marlynn,2025-05-28T02:37:29,Swindler's Grift (blue),1,0
77,Marlynn,2025-05-28T02:37:29,Walk the Plank (blue),1,0
77,Marlynn,2025-05-28T02:37:29,Blue Sea Tricorn,1,1
77,Marlynn,2025-05-28T02:37:29,Glidewell Fins,1,1
77,Marlynn,2025-05-28T02:37:29,Old Knocker,1,1
77,Marlynn,2025-05-28T02:37:29,Quick Clicks,1,1
78,Puffin,2025-05-28T03:42:03,Battalion Barque (red),1,0
78,Puffin,2025-05-28T03:42:03,Cloud Skiff (red),1,0
78,Puffin,2025-05-28T03:42:03,Conqueror of the High Seas (red),1,0
78,Puffin,2025-05-28T03:42:03,Expedition to Blackwater Strait (red),1,0
78,Puffin,2025-05-28T03:42:03,Expedition to Dreadfall Reach (red),2,0
78,Puffin,2025-05-28T03:42:03,Goldwing Turbine (red),1,0
78,Puffin,2025-05-28T03:42:03,On the Horizon (red),1,0
78,Puffin,2025-05-28T03:42:03,Perk Up (red),1,0
78,Puffin,2025-05-28T03:42:03,Scar for a Scar (red),1,0
78,Puffin,2025-05-28T03:42:03,Thiev'n Varmints (red),2,0
78,Puffin,2025-05-28T03:42:03,Cogwerx Zeppelin (yellow),1,0
78,Puffin,2025-05-28T03:42:03,Fiddler's Green (yellow),1,0
78,Puffin,2025-05-28T03:42:03,Fool's Gold (yellow),1,0
78,Puffin,2025-05-28T03:42:03,HMS Kraken (yellow),1,0
78,Puffin,2025-05-28T03:42:03,Chart a Course (yellow),2,0
78,Puffin,2025-05-28T03:42:03,Nimby (yellow),1,0
78,Puffin,2025-05-28T03:42:03,Sky Skimmer (yellow),1,0
78,Puffin,2025-05-28T03:42:03,Strike Gold (yellow),1,0
78,Puffin,2025-05-28T03:42:03,Teeth of the Cog (yellow),1,0
78,Puffin,2025-05-28T03:42:03,Trade In (yellow),2,0
78,Puffin,2025-05-28T03:42:03,Cogwerx Zeppelin (blue),1,0
78,Puffin,2025-05-28T03:42:03,Flying High (blue),1,0
78,Puffin,2025-05-28T03:42:03,Golden Tipple (blue),1,0
78,Puffin,2025-05-28T03:42:03,Goldwing Turbine (blue),1,0
78,Puffin,2025-05-28T03:42:03,Mutiny on the Nimbus Sovereign (blue),1,0
78,Puffin,2025-05-28T03:42:03,Nimblism (blue),1,0
78,Puffin,2025-05-28T03:42:03,Nimby (blue),1,0
78,Puffin,2025-05-28T03:42:03,Regain Composure (blue),1,0
78,Puffin,2025-05-28T03:42:03,Scrub the Deck (blue),1,0
78,Puffin,2025-05-28T03:42:03,Sea Floor Salvage (blue),1,0
78,Puffin,2025-05-28T03:42:03,Teeth of the Cog (blue),1,0
78,Puffin,2025-05-28T03:42:03,Tough Old Wrench (blue),2,0
78,Puffin,2025-05-28T03:42:03,Rust Belt,1,1
78,Puffin,2025-05-28T03:42:03,Unicycle,1,1
79,Marlynn,2025-05-28T04:36:39,Call in the Big Guns (red),3,0
79,Marlynn,2025-05-28T04:36:39,Dry Powder Shot (red),1,0
79,Marlynn,2025-05-28T04:36:39,Entangling Shot (red),1,0
79,Marlynn,2025-05-28T04:36:39,Expedition to Azuro Keys (red),1,0
79,Marlynn,2025-05-28T04:36:39,Head Shot (red),1,0
79,Marlynn,2025-05-28T04:36:39,Chart a Course (red),1,0
79,Marlynn,2025-05-28T04:36:39,Nettling Shot (red),1,0
79,Marlynn,2025-05-28T04:36:39,Nimblism (red),1,0
79,Marlynn,2025-05-28T04:36:39,Ravenous Rabble (red),1,0
79,Marlynn,2025-05-28T04:36:39,Scouting Shot (red),1,0
79,Marlynn,2025-05-28T04:36:39,Sic 'Em Shot (red),1,0
79,Marlynn,2025-05-28T04:36:39,Strike Gold (red),1,0
79,Marlynn,2025-05-28T04:36:39,Swift Shot (red),4,0
79,Marlynn,2025-05-28T04:36:39,Swindler's Grift (red),1,0
79,Marlynn,2025-05-28T04:36:39,Thiev'n Varmints (red),1,0
79,Marlynn,2025-05-28T04:36:39,Gold Hunter Ketch (yellow),1,0
79,Marlynn,2025-05-28T04:36:39,Gold Hunter Lightsail (yellow),1,0
79,Marlynn,2025-05-28T04:36:39,Gold Hunter Longboat (yellow),1,0
79,Marlynn,2025-05-28T04:36:39,Head Shot (yellow),1,0
79,Marlynn,2025-05-28T04:36:39,Chart a Course (yellow),4,0
79,Marlynn,2025-05-28T04:36:39,Nimblism (yellow),1,0
79,Marlynn,2025-05-28T04:36:39,On the Horizon (yellow),1,0
79,Marlynn,2025-05-28T04:36:39,Salvage Shot (yellow),1,0
79,Marlynn,2025-05-28T04:36:39,Sic 'Em Shot (yellow),1,0
79,Marlynn,2025-05-28T04:36:39,Strike Gold (yellow),1,0
79,Marlynn,2025-05-28T04:36:39,Head Shot (blue),1,0
79,Marlynn,2025-05-28T04:36:39,Line (blue),2,0
79,Marlynn,2025-05-28T04:36:39,Mutiny on the Nimbus Sovereign (blue),1,0
79,Marlynn,2025-05-28T04:36:39,Rusty Harpoon (blue),1,0
79,Marlynn,2025-05-28T04:36:39,Helmsman's Peak,1,1
79,Marlynn,2025-05-28T04:36:39,Light Fingers,1,1
79,Marlynn,2025-05-28T04:36:39,Quick Clicks,1,1
80,Gravy Bones,2025-05-28T05:04:09,Angry Bones (red),1,0
80,Gravy Bones,2025-05-28T05:04:09,Burly Bones (red),1,0
80,Gravy Bones,2025-05-28T05:04:09,Crash Down the Gates (red),1,0
80,Gravy Bones,2025-05-28T05:04:09,Expedition to Dreadfall Reach (red),1,0
80,Gravy Bones,2025-05-28T05:04:09,Chart a Course (red),1,0
80,Gravy Bones,2025-05-28T05:04:09,Jittery Bones (red),1,0
80,Gravy Bones,2025-05-28T05:04:09,On the Horizon (red),1,0
80,Gravy Bones,2025-05-28T05:04:09,Restless Bones (red),1,0
80,Gravy Bones,2025-05-28T05:04:09,Swindler's Grift (red),1,0
80,Gravy Bones,2025-05-28T05:04:09,Barnacle (yellow),1,0
80,Gravy Bones,2025-05-28T05:04:09,Burly Bones (yellow),1,0
80,Gravy Bones,2025-05-28T05:04:09,Gold Hunter Longboat (yellow),1,0
80,Gravy Bones,2025-05-28T05:04:09,"Chowder, Hearty Cook (yellow)",1,0
80,Gravy Bones,2025-05-28T05:04:09,Riggermortis (yellow),2,0
80,Gravy Bones,2025-05-28T05:04:09,Strike Gold (yellow),1,0
80,Gravy Bones,2025-05-28T05:04:09,Swabbie (yellow),1,0
80,Gravy Bones,2025-05-28T05:04:09,Swiftwater Sloop (yellow),1,0
80,Gravy Bones,2025-05-28T05:04:09,Swindler's Grift (yellow),2,0
80,Gravy Bones,2025-05-28T05:04:09,Walk the Plank (yellow),1,0
80,Gravy Bones,2025-05-28T05:04:09,Angry Bones (blue),1,0
80,Gravy Bones,2025-05-28T05:04:09,Jittery Bones (blue),2,0
80,Gravy Bones,2025-05-28T05:04:09,Mutiny on the Battalion Barque (blue),1,0
80,Gravy Bones,2025-05-28T05:04:09,Mutiny on the Swiftwater (blue),2,0
80,Gravy Bones,2025-05-28T05:04:09,Rally the Coast Guard (blue),1,0
80,Gravy Bones,2025-05-28T05:04:09,Scrub the Deck (blue),1,0
80,Gravy Bones,2025-05-28T05:04:09,Sea Floor Salvage (blue),1,0
80,Gravy Bones,2025-05-28T05:04:09,Sirens of Safe Harbor (blue),1,0
80,Gravy Bones,2025-05-28T05:04:09,Helmsman's Peak,1,1
80,Gravy Bones,2025-05-28T05:04:09,Peg Leg,1,1
80,Gravy Bones,2025-05-28T05:04:09,Washed Up Wave,1,1
81,Gravy Bones,2025-05-28T06:16:33,Blood in the Water (red),1,0
81,Gravy Bones,2025-05-28T06:16:33,Blow for a Blow (red),2,0
81,Gravy Bones,2025-05-28T06:16:33,Expedition to Horizon's Mantle (red),2,0
81,Gravy Bones,2025-05-28T06:16:33,Chart a Course (red),1,0
81,Gravy Bones,2025-05-28T06:16:33,Jack Be Quick (red),1,0
81,Gravy Bones,2025-05-28T06:16:33,Nimblism (red),1,0
81,Gravy Bones,2025-05-28T06:16:33,On the Horizon (red),1,0
81,Gravy Bones,2025-05-28T06:16:33,Rally the Coast Guard (red),3,0
81,Gravy Bones,2025-05-28T06:16:33,Ravenous Rabble (red),2,0
81,Gravy Bones,2025-05-28T06:16:33,Restless Bones (red),2,0
81,Gravy Bones,2025-05-28T06:16:33,Trade In (red),1,0
81,Gravy Bones,2025-05-28T06:16:33,Walk the Plank (red),1,0
81,Gravy Bones,2025-05-28T06:16:33,Angry Bones (yellow),1,0
81,Gravy Bones,2025-05-28T06:16:33,Burly Bones (yellow),1,0
81,Gravy Bones,2025-05-28T06:16:33,Gold Hunter Ketch (yellow),1,0
81,Gravy Bones,2025-05-28T06:16:33,"Chowder, Hearty Cook (yellow)",2,0
81,Gravy Bones,2025-05-28T06:16:33,Restless Bones (yellow),1,0
81,Gravy Bones,2025-05-28T06:16:33,Riggermortis (yellow),1,0
81,Gravy Bones,2025-05-28T06:16:33,"Shelly, Hardened Traveler (yellow)",1,0
81,Gravy Bones,2025-05-28T06:16:33,Angry Bones (blue),1,0
81,Gravy Bones,2025-05-28T06:16:33,Flying High (blue),1,0
81,Gravy Bones,2025-05-28T06:16:33,Jittery Bones (blue),1,0
81,Gravy Bones,2025-05-28T06:16:33,Mutiny on the Battalion Barque (blue),1,0
81,Gravy Bones,2025-05-28T06:16:33,Nimblism (blue),1,0
81,Gravy Bones,2025-05-28T06:16:33,Pilfer the Wreck (blue),1,0
81,Gravy Bones,2025-05-28T06:16:33,Rally the Coast Guard (blue),1,0
81,Gravy Bones,2025-05-28T06:16:33,Regain Composure (blue),1,0
81,Gravy Bones,2025-05-28T06:16:33,Restless Bones (blue),1,0
81,Gravy Bones,2025-05-28T06:16:33,Walk the Plank (blue),1,0
81,Gravy Bones,2025-05-28T06:16:33,Captain's Coat,1,1
81,Gravy Bones,2025-05-28T06:16:33,Head Stone,1,1
81,Gravy Bones,2025-05-28T06:16:33,Swiftstrike Bracers,1,1
82,Gravy Bones,2025-05-28T08:40:19,Expedition to Dreadfall Reach (red),1,0
82,Gravy Bones,2025-05-28T08:40:19,Jittery Bones (red),1,0
82,Gravy Bones,2025-05-28T08:40:19,Thiev'n Varmints (red),1,0
82,Gravy Bones,2025-05-28T08:40:19,Walk the Plank (red),1,0
82,Gravy Bones,2025-05-28T08:40:19,Angry Bones (yellow),2,0
82,Gravy Bones,2025-05-28T08:40:19,Burly Bones (yellow),1,0
82,Gravy Bones,2025-05-28T08:40:19,Gold Hunter Marauder (yellow),1,0
82,Gravy Bones,2025-05-28T08:40:19,Pilfer the Wreck (yellow),1,0
82,Gravy Bones,2025-05-28T08:40:19,Restless Bones (yellow),2,0
82,Gravy Bones,2025-05-28T08:40:19,Riggermortis (yellow),1,0
82,Gravy Bones,2025-05-28T08:40:19,"Scooba, Salty Sea Dog (yellow)",1,0
82,Gravy Bones,2025-05-28T08:40:19,"Shelly, Hardened Traveler (yellow)",1,0
82,Gravy Bones,2025-05-28T08:40:19,Sirens of Safe Harbor (yellow),1,0
82,Gravy Bones,2025-05-28T08:40:19,Swabbie (yellow),2,0
82,Gravy Bones,2025-05-28T08:40:19,Swiftwater Sloop (yellow),1,0
82,Gravy Bones,2025-05-28T08:40:19,Wailer Humperdinck (yellow),1,0
82,Gravy Bones,2025-05-28T08:40:19,Amethyst Amulet (blue),2,0
82,Gravy Bones,2025-05-28T08:40:19,Avast Ye! (blue),1,0
82,Gravy Bones,2025-05-28T08:40:19,Flying High (blue),2,0
82,Gravy Bones,2025-05-28T08:40:19,Give No Quarter (blue),1,0
82,Gravy Bones,2025-05-28T08:40:19,Golden Tipple (blue),1,0
82,Gravy Bones,2025-05-28T08:40:19,Heave Ho! (blue),1,0
82,Gravy Bones,2025-05-28T08:40:19,Jittery Bones (blue),1,0
82,Gravy Bones,2025-05-28T08:40:19,Money or Your Life? (blue),1,0
82,Gravy Bones,2025-05-28T08:40:19,Mutiny on the Swiftwater (blue),1,0
82,Gravy Bones,2025-05-28T08:40:19,Nimby (blue),1,0
82,Gravy Bones,2025-05-28T08:40:19,On the Horizon (blue),1,0
82,Gravy Bones,2025-05-28T08:40:19,Regain Composure (blue),1,0
82,Gravy Bones,2025-05-28T08:40:19,Restless Bones (blue),1,0
82,Gravy Bones,2025-05-28T08:40:19,Saltwater Swell (blue),1,0
82,Gravy Bones,2025-05-28T08:40:19,Sirens of Safe Harbor (blue),1,0
82,Gravy Bones,2025-05-28T08:40:19,Walk the Plank (blue),1,0
82,Gravy Bones,2025-05-28T08:40:19,Bandana of the Blue Beyond,1,1
82,Gravy Bones,2025-05-28T08:40:19,Buccaneer's Bounty,1,1
82,Gravy Bones,2025-05-28T08:40:19,Fish Fingers,1,1
82,Gravy Bones,2025-05-28T08:40:19,Peg Leg,1,1
83,Gravy Bones,2025-05-28T09:47:38,Expedition to Blackwater Strait (red),1,0
83,Gravy Bones,2025-05-28T09:47:38,Jack Be Nimble (red),1,0
83,Gravy Bones,2025-05-28T09:47:38,Jack Be Quick (red),1,0
83,Gravy Bones,2025-05-28T09:47:38,Jittery Bones (red),1,0
83,Gravy Bones,2025-05-28T09:47:38,Nimby (red),1,0
83,Gravy Bones,2025-05-28T09:47:38,Restless Bones (red),1,0
83,Gravy Bones,2025-05-28T09:47:38,Saltwater Swell (red),1,0
83,Gravy Bones,2025-05-28T09:47:38,Trade In (red),1,0
83,Gravy Bones,2025-05-28T09:47:38,Angry Bones (yellow),1,0
83,Gravy Bones,2025-05-28T09:47:38,Burly Bones (yellow),1,0
83,Gravy Bones,2025-05-28T09:47:38,"Cutty Shark, Quick Clip (yellow)",2,0
83,Gravy Bones,2025-05-28T09:47:38,Gold Hunter Longboat (yellow),1,0
83,Gravy Bones,2025-05-28T09:47:38,"Chowder, Hearty Cook (yellow)",2,0
83,Gravy Bones,2025-05-28T09:47:38,Nimblism (yellow),2,0
83,Gravy Bones,2025-05-28T09:47:38,Riggermortis (yellow),2,0
83,Gravy Bones,2025-05-28T09:47:38,Avast Ye! (blue),1,0
83,Gravy Bones,2025-05-28T09:47:38,Golden Tipple (blue),2,0
83,Gravy Bones,2025-05-28T09:47:38,Heave Ho! (blue),1,0
83,Gravy Bones,2025-05-28T09:47:38,Jittery Bones (blue),2,0
83,Gravy Bones,2025-05-28T09:47:38,Murderous Rabble (blue),1,0
83,Gravy Bones,2025-05-28T09:47:38,Rally the Coast Guard (blue),1,0
83,Gravy Bones,2025-05-28T09:47:38,Swindler's Grift (blue),2,0
83,Gravy Bones,2025-05-28T09:47:38,Trade In (blue),1,0
83,Gravy Bones,2025-05-28T09:47:38,Buccaneer's Bounty,1,1
83,Gravy Bones,2025-05-28T09:47:38,Light Fingers,1,1
83,Gravy Bones,2025-05-28T09:47:38,Quartermaster's Boots,1,1
83,Gravy Bones,2025-05-28T09:47:38,Swiftstrike Bracers,1,1
84,Gravy Bones,2025-05-28T13:00:33,Conqueror of the High Seas (red),1,0
84,Gravy Bones,2025-05-28T13:00:33,Fiddler's Green (red),1,0
84,Gravy Bones,2025-05-28T13:00:33,Hoist 'Em Up (red),1,0
84,Gravy Bones,2025-05-28T13:00:33,Jittery Bones (red),1,0
84,Gravy Bones,2025-05-28T13:00:33,Paddle Faster (red),1,0
84,Gravy Bones,2025-05-28T13:00:33,Restless Bones (red),1,0
84,Gravy Bones,2025-05-28T13:00:33,Barnacle (yellow),1,0
84,Gravy Bones,2025-05-28T13:00:33,Battalion Barque (yellow),1,0
84,Gravy Bones,2025-05-28T13:00:33,"Chowder, Hearty Cook (yellow)",2,0
84,Gravy Bones,2025-05-28T13:00:33,Jittery Bones (yellow),2,0
84,Gravy Bones,2025-05-28T13:00:33,"Kelpie, Tangled Mess (yellow)",1,0
84,Gravy Bones,2025-05-28T13:00:33,"Limpit, Hop-a-long (yellow)",1,0
84,Gravy Bones,2025-05-28T13:00:33,Restless Bones (yellow),1,0
84,Gravy Bones,2025-05-28T13:00:33,Riggermortis (yellow),2,0
84,Gravy Bones,2025-05-28T13:00:33,"Scooba, Salty Sea Dog (yellow)",1,0
84,Gravy Bones,2025-05-28T13:00:33,Swabbie (yellow),2,0
84,Gravy Bones,2025-05-28T13:00:33,Angry Bones (blue),1,0
84,Gravy Bones,2025-05-28T13:00:33,Avast Ye! (blue),1,0
84,Gravy Bones,2025-05-28T13:00:33,Battalion Barque (blue),2,0
84,Gravy Bones,2025-05-28T13:00:33,Chart a Course (blue),1,0
84,Gravy Bones,2025-05-28T13:00:33,Mutiny on the Nimbus Sovereign (blue),3,0
84,Gravy Bones,2025-05-28T13:00:33,On the Horizon (blue),1,0
84,Gravy Bones,2025-05-28T13:00:33,Opal Amulet (blue),1,0
84,Gravy Bones,2025-05-28T13:00:33,Restless Bones (blue),3,0
84,Gravy Bones,2025-05-28T13:00:33,Shifting Tides (blue),1,0
84,Gravy Bones,2025-05-28T13:00:33,Quartermaster's Boots,1,1
84,Gravy Bones,2025-05-28T13:00:33,Washed Up Wave,1,1
85,Marlynn,2025-05-28T13:01:42,Call in the Big Guns (red),1,0
85,Marlynn,2025-05-28T13:01:42,Entangling Shot (red),4,0
85,Marlynn,2025-05-28T13:01:42,Expedition to Dreadfall Reach (red),1,0
85,Marlynn,2025-05-28T13:01:42,Fire in the Hole (red),2,0
85,Marlynn,2025-05-28T13:01:42,Head Shot (red),1,0
85,Marlynn,2025-05-28T13:01:42,Nettling Shot (red),1,0
85,Marlynn,2025-05-28T13:01:42,Nimblism (red),1,0
85,Marlynn,2025-05-28T13:01:42,On the Horizon (red),1,0
85,Marlynn,2025-05-28T13:01:42,Return Fire (red),1,0
85,Marlynn,2025-05-28T13:01:42,Salvage Shot (red),1,0
85,Marlynn,2025-05-28T13:01:42,Scouting Shot (red),1,0
85,Marlynn,2025-05-28T13:01:42,Sic 'Em Shot (red),1,0
85,Marlynn,2025-05-28T13:01:42,Swift Shot (red),2,0
85,Marlynn,2025-05-28T13:01:42,Call in the Big Guns (yellow),2,0
85,Marlynn,2025-05-28T13:01:42,Gold Hunter Lightsail (yellow),1,0
85,Marlynn,2025-05-28T13:01:42,Golden Tipple (yellow),1,0
85,Marlynn,2025-05-28T13:01:42,Salvage Shot (yellow),1,0
85,Marlynn,2025-05-28T13:01:42,Sic 'Em Shot (yellow),3,0
85,Marlynn,2025-05-28T13:01:42,Trade In (yellow),1,0
85,Marlynn,2025-05-28T13:01:42,Battalion Barque (blue),1,0
85,Marlynn,2025-05-28T13:01:42,Call in the Big Guns (blue),1,0
85,Marlynn,2025-05-28T13:01:42,Line (blue),1,0
85,Marlynn,2025-05-28T13:01:42,Pilfer the Wreck (blue),1,0
85,Marlynn,2025-05-28T13:01:42,Rusty Harpoon (blue),1,0
85,Marlynn,2025-05-28T13:01:42,Salvage Shot (blue),3,0
85,Marlynn,2025-05-28T13:01:42,Strike Gold (blue),1,0
85,Marlynn,2025-05-28T13:01:42,Walk the Plank (blue),1,0
85,Marlynn,2025-05-28T13:01:42,Yellow Fin Harpoon (blue),1,0
85,Marlynn,2025-05-28T13:01:42,Glidewell Fins,1,1
85,Marlynn,2025-05-28T13:01:42,Patch the Hole,1,1
86,Gravy Bones,2025-05-28T14:48:54,Angry Bones (red),2,0
86,Gravy Bones,2025-05-28T14:48:54,Board the Ship (red),1,0
86,Gravy Bones,2025-05-28T14:48:54,Conqueror of the High Seas (red),1,0
86,Gravy Bones,2025-05-28T14:48:54,Expedition to Azuro Keys (red),1,0
86,Gravy Bones,2025-05-28T14:48:54,Hoist 'Em Up (red),1,0
86,Gravy Bones,2025-05-28T14:48:54,Jittery Bones (red),1,0
86,Gravy Bones,2025-05-28T14:48:54,Swindler's Grift (red),1,0
86,Gravy Bones,2025-05-28T14:48:54,Angry Bones (yellow),1,0
86,Gravy Bones,2025-05-28T14:48:54,Barnacle (yellow),1,0
86,Gravy Bones,2025-05-28T14:48:54,Burly Bones (yellow),1,0
86,Gravy Bones,2025-05-28T14:48:54,"Cutty Shark, Quick Clip (yellow)",2,0
86,Gravy Bones,2025-05-28T14:48:54,Gold Hunter Ketch (yellow),1,0
86,Gravy Bones,2025-05-28T14:48:54,Gold Hunter Marauder (yellow),1,0
86,Gravy Bones,2025-05-28T14:48:54,"Chowder, Hearty Cook (yellow)",1,0
86,Gravy Bones,2025-05-28T14:48:54,Jittery Bones (yellow),1,0
86,Gravy Bones,2025-05-28T14:48:54,Nimblism (yellow),1,0
86,Gravy Bones,2025-05-28T14:48:54,Nimby (yellow),1,0
86,Gravy Bones,2025-05-28T14:48:54,On the Horizon (yellow),1,0
86,Gravy Bones,2025-05-28T14:48:54,Riggermortis (yellow),1,0
86,Gravy Bones,2025-05-28T14:48:54,"Shelly, Hardened Traveler (yellow)",1,0
86,Gravy Bones,2025-05-28T14:48:54,Swabbie (yellow),2,0
86,Gravy Bones,2025-05-28T14:48:54,Angry Bones (blue),1,0
86,Gravy Bones,2025-05-28T14:48:54,Crash Down the Gates (blue),1,0
86,Gravy Bones,2025-05-28T14:48:54,Fiddler's Green (blue),1,0
86,Gravy Bones,2025-05-28T14:48:54,Golden Tipple (blue),2,0
86,Gravy Bones,2025-05-28T14:48:54,Jittery Bones (blue),3,0
86,Gravy Bones,2025-05-28T14:48:54,Portside Exchange (blue),1,0
86,Gravy Bones,2025-05-28T14:48:54,Restless Bones (blue),3,0
86,Gravy Bones,2025-05-28T14:48:54,Swiftwater Sloop (blue),1,0
86,Gravy Bones,2025-05-28T14:48:54,Walk the Plank (blue),1,0
86,Gravy Bones,2025-05-28T14:48:54,Buccaneer's Bounty,1,1
86,Gravy Bones,2025-05-28T14:48:54,Helmsman's Peak,1,1
86,Gravy Bones,2025-05-28T14:48:54,Peg Leg,1,1
86,Gravy Bones,2025-05-28T14:48:54,Washed Up Wave,1,1
87,Gravy Bones,2025-05-28T16:00:07,Board the Ship (red),1,0
87,Gravy Bones,2025-05-28T16:00:07,Expedition to Blackwater Strait (red),1,0
87,Gravy Bones,2025-05-28T16:00:07,Jittery Bones (red),1,0
87,Gravy Bones,2025-05-28T16:00:07,Swindler's Grift (red),2,0
87,Gravy Bones,2025-05-28T16:00:07,Thiev'n Varmints (red),1,0
87,Gravy Bones,2025-05-28T16:00:07,Walk the Plank (red),1,0
87,Gravy Bones,2025-05-28T16:00:07,Angry Bones (yellow),1,0
87,Gravy Bones,2025-05-28T16:00:07,Battalion Barque (yellow),1,0
87,Gravy Bones,2025-05-28T16:00:07,Fiddler's Green (yellow),1,0
87,Gravy Bones,2025-05-28T16:00:07,Gold Hunter Lightsail (yellow),1,0
87,Gravy Bones,2025-05-28T16:00:07,"Chowder, Hearty Cook (yellow)",2,0
87,Gravy Bones,2025-05-28T16:00:07,Jittery Bones (yellow),1,0
87,Gravy Bones,2025-05-28T16:00:07,Lost in Transit (yellow),1,0
87,Gravy Bones,2025-05-28T16:00:07,Sirens of Safe Harbor (yellow),1,0
87,Gravy Bones,2025-05-28T16:00:07,Swabbie (yellow),2,0
87,Gravy Bones,2025-05-28T16:00:07,Swindler's Grift (yellow),1,0
87,Gravy Bones,2025-05-28T16:00:07,Wailer Humperdinck (yellow),1,0
87,Gravy Bones,2025-05-28T16:00:07,Walk the Plank (yellow),2,0
87,Gravy Bones,2025-05-28T16:00:07,Burly Bones (blue),3,0
87,Gravy Bones,2025-05-28T16:00:07,Golden Tipple (blue),1,0
87,Gravy Bones,2025-05-28T16:00:07,Jittery Bones (blue),2,0
87,Gravy Bones,2025-05-28T16:00:07,Murderous Rabble (blue),1,0
87,Gravy Bones,2025-05-28T16:00:07,Mutiny on the Nimbus Sovereign (blue),1,0
87,Gravy Bones,2025-05-28T16:00:07,Mutiny on the Swiftwater (blue),1,0
87,Gravy Bones,2025-05-28T16:00:07,Restless Bones (blue),2,0
87,Gravy Bones,2025-05-28T16:00:07,Sea Floor Salvage (blue),1,0
87,Gravy Bones,2025-05-28T16:00:07,Sirens of Safe Harbor (blue),1,0
87,Gravy Bones,2025-05-28T16:00:07,Trade In (blue),1,0
87,Gravy Bones,2025-05-28T16:00:07,Head Stone,1,1
87,Gravy Bones,2025-05-28T16:00:07,Old Knocker,1,1
87,Gravy Bones,2025-05-28T16:00:07,Quick Clicks,1,1
87,Gravy Bones,2025-05-28T16:00:07,Washed Up Wave,1,1
88,Puffin,2025-05-28T16:09:15,Draw Back the Hammer (red),3,0
88,Puffin,2025-05-28T16:09:15,Nimby (red),1,0
88,Puffin,2025-05-28T16:09:15,Perk Up (red),2,0
88,Puffin,2025-05-28T16:09:15,Scar for a Scar (red),2,0
88,Puffin,2025-05-28T16:09:15,Strike Gold (red),2,0
88,Puffin,2025-05-28T16:09:15,Tighten the Screws (red),1,0
88,Puffin,2025-05-28T16:09:15,Tough Old Wrench (red),2,0
88,Puffin,2025-05-28T16:09:15,Walk the Plank (red),1,0
88,Puffin,2025-05-28T16:09:15,Cloud Skiff (yellow),1,0
88,Puffin,2025-05-28T16:09:15,Cogwerx Zeppelin (yellow),1,0
88,Puffin,2025-05-28T16:09:15,Gold Hunter Ketch (yellow),1,0
88,Puffin,2025-05-28T16:09:15,Gold Hunter Longboat (yellow),1,0
88,Puffin,2025-05-28T16:09:15,Gold Hunter Marauder (yellow),1,0
88,Puffin,2025-05-28T16:09:15,Golden Tipple (yellow),1,0
88,Puffin,2025-05-28T16:09:15,Goldwing Turbine (yellow),2,0
88,Puffin,2025-05-28T16:09:15,Pilfer the Wreck (yellow),1,0
88,Puffin,2025-05-28T16:09:15,Teeth of the Cog (yellow),1,0
88,Puffin,2025-05-28T16:09:15,Tough Old Wrench (yellow),1,0
88,Puffin,2025-05-28T16:09:15,Trade In (yellow),1,0
88,Puffin,2025-05-28T16:09:15,Cloud City Steamboat (blue),1,0
88,Puffin,2025-05-28T16:09:15,Cloud Skiff (blue),1,0
88,Puffin,2025-05-28T16:09:15,Cogwerx Zeppelin (blue),1,0
88,Puffin,2025-05-28T16:09:15,Goldwing Turbine (blue),1,0
88,Puffin,2025-05-28T16:09:15,Mutiny on the Swiftwater (blue),1,0
88,Puffin,2025-05-28T16:09:15,Sky Skimmer (blue),2,0
88,Puffin,2025-05-28T16:09:15,Swiftwater Sloop (blue),1,0
88,Puffin,2025-05-28T16:09:15,Teeth of the Cog (blue),2,0
88,Puffin,2025-05-28T16:09:15,Fish Fingers,1,1
88,Puffin,2025-05-28T16:09:15,Rust Belt,1,1
88,Puffin,2025-05-28T16:09:15,Unicycle,1,1
89,Gravy Bones,2025-05-28T16:12:39,Battalion Barque (red),1,0
89,Gravy Bones,2025-05-28T16:12:39,Blow for a Blow (red),1,0
89,Gravy Bones,2025-05-28T16:12:39,Board the Ship (red),1,0
89,Gravy Bones,2025-05-28T16:12:39,Fiddler's Green (red),1,0
89,Gravy Bones,2025-05-28T16:12:39,Paddle Faster (red),1,0
89,Gravy Bones,2025-05-28T16:12:39,Restless Bones (red),1,0
89,Gravy Bones,2025-05-28T16:12:39,Swiftwater Sloop (red),1,0
89,Gravy Bones,2025-05-28T16:12:39,Barnacle (yellow),4,0
89,Gravy Bones,2025-05-28T16:12:39,Battalion Barque (yellow),1,0
89,Gravy Bones,2025-05-28T16:12:39,Golden Tipple (yellow),1,0
89,Gravy Bones,2025-05-28T16:12:39,"Chowder, Hearty Cook (yellow)",3,0
89,Gravy Bones,2025-05-28T16:12:39,Jittery Bones (yellow),1,0
89,Gravy Bones,2025-05-28T16:12:39,"Limpit, Hop-a-long (yellow)",1,0
89,Gravy Bones,2025-05-28T16:12:39,Moray le Fay (yellow),1,0
89,Gravy Bones,2025-05-28T16:12:39,Riggermortis (yellow),1,0
89,Gravy Bones,2025-05-28T16:12:39,Swabbie (yellow),1,0
89,Gravy Bones,2025-05-28T16:12:39,Angry Bones (blue),2,0
89,Gravy Bones,2025-05-28T16:12:39,Avast Ye! (blue),1,0
89,Gravy Bones,2025-05-28T16:12:39,Burly Bones (blue),2,0
89,Gravy Bones,2025-05-28T16:12:39,Sea Floor Salvage (blue),1,0
89,Gravy Bones,2025-05-28T16:12:39,Swiftwater Sloop (blue),1,0
89,Gravy Bones,2025-05-28T16:12:39,Tip the Barkeep (blue),1,0
89,Gravy Bones,2025-05-28T16:12:39,Trade In (blue),1,0
89,Gravy Bones,2025-05-28T16:12:39,Yo Ho Ho! (blue),1,0
89,Gravy Bones,2025-05-28T16:12:39,Head Stone,1,1
89,Gravy Bones,2025-05-28T16:12:39,Washed Up Wave,1,1
90,Gravy Bones,2025-05-28T17:33:19,Battalion Barque (red),1,0
90,Gravy Bones,2025-05-28T17:33:19,Board the Ship (red),1,0
90,Gravy Bones,2025-05-28T17:33:19,Jittery Bones (red),2,0
90,Gravy Bones,2025-05-28T17:33:19,Life for a Life (red),1,0
90,Gravy Bones,2025-05-28T17:33:19,Sirens of Safe Harbor (red),1,0
90,Gravy Bones,2025-05-28T17:33:19,Swindler's Grift (red),2,0
90,Gravy Bones,2025-05-28T17:33:19,Thiev'n Varmints (red),1,0
90,Gravy Bones,2025-05-28T17:33:19,Barnacle (yellow),1,0
90,Gravy Bones,2025-05-28T17:33:19,"Cutty Shark, Quick Clip (yellow)",1,0
90,Gravy Bones,2025-05-28T17:33:19,Fiddler's Green (yellow),1,0
90,Gravy Bones,2025-05-28T17:33:19,Gold Hunter Ketch (yellow),1,0
90,Gravy Bones,2025-05-28T17:33:19,Gold Hunter Marauder (yellow),1,0
90,Gravy Bones,2025-05-28T17:33:19,Jittery Bones (yellow),1,0
90,Gravy Bones,2025-05-28T17:33:19,"Kelpie, Tangled Mess (yellow)",1,0
90,Gravy Bones,2025-05-28T17:33:19,"Limpit, Hop-a-long (yellow)",1,0
90,Gravy Bones,2025-05-28T17:33:19,Riggermortis (yellow),1,0
90,Gravy Bones,2025-05-28T17:33:19,Sirens of Safe Harbor (yellow),1,0
90,Gravy Bones,2025-05-28T17:33:19,Swabbie (yellow),1,0
90,Gravy Bones,2025-05-28T17:33:19,Golden Tipple (blue),1,0
90,Gravy Bones,2025-05-28T17:33:19,Chart a Course (blue),1,0
90,Gravy Bones,2025-05-28T17:33:19,Mutiny on the Battalion Barque (blue),1,0
90,Gravy Bones,2025-05-28T17:33:19,Mutiny on the Nimbus Sovereign (blue),2,0
90,Gravy Bones,2025-05-28T17:33:19,Mutiny on the Swiftwater (blue),3,0
90,Gravy Bones,2025-05-28T17:33:19,Restless Bones (blue),1,0
90,Gravy Bones,2025-05-28T17:33:19,Sea Floor Salvage (blue),1,0
90,Gravy Bones,2025-05-28T17:33:19,Helmsman's Peak,1,1
90,Gravy Bones,2025-05-28T17:33:19,Old Knocker,1,1
90,Gravy Bones,2025-05-28T17:33:19,Washed Up Wave,1,1
91,Gravy Bones,2025-05-28T17:50:04,Burly Bones (red),1,0
91,Gravy Bones,2025-05-28T17:50:04,Expedition to Horizon's Mantle (red),2,0
91,Gravy Bones,2025-05-28T17:50:04,Hoist 'Em Up (red),1,0
91,Gravy Bones,2025-05-28T17:50:04,Jittery Bones (red),2,0
91,Gravy Bones,2025-05-28T17:50:04,Strike Gold (red),1,0
91,Gravy Bones,2025-05-28T17:50:04,Swiftwater Sloop (red),1,0
91,Gravy Bones,2025-05-28T17:50:04,Thiev'n Varmints (red),1,0
91,Gravy Bones,2025-05-28T17:50:04,Walk the Plank (red),1,0
91,Gravy Bones,2025-05-28T17:50:04,Angry Bones (yellow),2,0
91,Gravy Bones,2025-05-28T17:50:04,Battalion Barque (yellow),1,0
91,Gravy Bones,2025-05-28T17:50:04,Gold Hunter Ketch (yellow),1,0
91,Gravy Bones,2025-05-28T17:50:04,Gold Hunter Marauder (yellow),1,0
91,Gravy Bones,2025-05-28T17:50:04,"Chowder, Hearty Cook (yellow)",1,0
91,Gravy Bones,2025-05-28T17:50:04,Lost in Transit (yellow),1,0
91,Gravy Bones,2025-05-28T17:50:04,Nimby (yellow),1,0
91,Gravy Bones,2025-05-28T17:50:04,Riggermortis (yellow),1,0
91,Gravy Bones,2025-05-28T17:50:04,"Shelly, Hardened Traveler (yellow)",1,0
91,Gravy Bones,2025-05-28T17:50:04,Swabbie (yellow),1,0
91,Gravy Bones,2025-05-28T17:50:04,Angry Bones (blue),1,0
91,Gravy Bones,2025-05-28T17:50:04,Flying High (blue),1,0
91,Gravy Bones,2025-05-28T17:50:04,Golden Tipple (blue),1,0
91,Gravy Bones,2025-05-28T17:50:04,Murderous Rabble (blue),1,0
91,Gravy Bones,2025-05-28T17:50:04,Mutiny on the Battalion Barque (blue),1,0
91,Gravy Bones,2025-05-28T17:50:04,Rally the Coast Guard (blue),1,0
91,Gravy Bones,2025-05-28T17:50:04,Restless Bones (blue),1,0
91,Gravy Bones,2025-05-28T17:50:04,Scrub the Deck (blue),1,0
91,Gravy Bones,2025-05-28T17:50:04,Shifting Tides (blue),1,0
91,Gravy Bones,2025-05-28T17:50:04,Trade In (blue),2,0
91,Gravy Bones,2025-05-28T17:50:04,Walk the Plank (blue),1,0
91,Gravy Bones,2025-05-28T17:50:04,Helmsman's Peak,1,1
91,Gravy Bones,2025-05-28T17:50:04,Old Knocker,1,1
91,Gravy Bones,2025-05-28T17:50:04,Quartermaster's Boots,1,1
91,Gravy Bones,2025-05-28T17:50:04,Washed Up Wave,1,1
92,Puffin,2025-05-28T17:59:54,Cloud City Steamboat (red),1,0
92,Puffin,2025-05-28T17:59:54,Cloud Skiff (red),2,0
92,Puffin,2025-05-28T17:59:54,Draw Back the Hammer (red),2,0
92,Puffin,2025-05-28T17:59:54,Expedition to Blackwater Strait (red),1,0
92,Puffin,2025-05-28T17:59:54,Expedition to Dreadfall Reach (red),2,0
92,Puffin,2025-05-28T17:59:54,Goldwing Turbine (red),1,0
92,Puffin,2025-05-28T17:59:54,Perk Up (red),3,0
92,Puffin,2025-05-28T17:59:54,Sirens of Safe Harbor (red),2,0
92,Puffin,2025-05-28T17:59:54,Sky Skimmer (red),3,0
92,Puffin,2025-05-28T17:59:54,Swindler's Grift (red),1,0
92,Puffin,2025-05-28T17:59:54,Tighten the Screws (red),2,0
92,Puffin,2025-05-28T17:59:54,Cloud Skiff (yellow),1,0
92,Puffin,2025-05-28T17:59:54,Gold Hunter Lightsail (yellow),1,0
92,Puffin,2025-05-28T17:59:54,On the Horizon (yellow),1,0
92,Puffin,2025-05-28T17:59:54,Rally the Coast Guard (yellow),1,0
92,Puffin,2025-05-28T17:59:54,Strike Gold (yellow),1,0
92,Puffin,2025-05-28T17:59:54,Tough Old Wrench (yellow),2,0
92,Puffin,2025-05-28T17:59:54,Battalion Barque (blue),1,0
92,Puffin,2025-05-28T17:59:54,Chart a Course (blue),1,0
92,Puffin,2025-05-28T17:59:54,On the Horizon (blue),1,0
92,Puffin,2025-05-28T17:59:54,Rally the Coast Guard (blue),1,0
92,Puffin,2025-05-28T17:59:54,Sky Skimmer (blue),1,0
92,Puffin,2025-05-28T17:59:54,Teeth of the Cog (blue),1,0
92,Puffin,2025-05-28T17:59:54,Tough Old Wrench (blue),1,0
92,Puffin,2025-05-28T17:59:54,Trade In (blue),2,0
92,Puffin,2025-05-28T17:59:54,Blue Sea Tricorn,1,1
92,Puffin,2025-05-28T17:59:54,Buccaneer's Bounty,1,1
92,Puffin,2025-05-28T17:59:54,Light Fingers,1,1
92,Puffin,2025-05-28T17:59:54,Quick Clicks,1,1
92,Puffin,2025-05-28T17:59:54,Unicycle,1,1
93,Gravy Bones,2025-05-28T18:07:09,Angry Bones (red),1,0
93,Gravy Bones,2025-05-28T18:07:09,Burly Bones (red),1,0
93,Gravy Bones,2025-05-28T18:07:09,Expedition to Dreadfall Reach (red),1,0
93,Gravy Bones,2025-05-28T18:07:09,Jittery Bones (red),2,0
93,Gravy Bones,2025-05-28T18:07:09,Restless Bones (red),1,0
93,Gravy Bones,2025-05-28T18:07:09,Strike Gold (red),1,0
93,Gravy Bones,2025-05-28T18:07:09,Walk the Plank (red),1,0
93,Gravy Bones,2025-05-28T18:07:09,Angry Bones (yellow),1,0
93,Gravy Bones,2025-05-28T18:07:09,Battalion Barque (yellow),1,0
93,Gravy Bones,2025-05-28T18:07:09,"Cutty Shark, Quick Clip (yellow)",1,0
93,Gravy Bones,2025-05-28T18:07:09,Flying High (yellow),1,0
93,Gravy Bones,2025-05-28T18:07:09,Gold Hunter Ketch (yellow),1,0
93,Gravy Bones,2025-05-28T18:07:09,"Chowder, Hearty Cook (yellow)",1,0
93,Gravy Bones,2025-05-28T18:07:09,"Limpit, Hop-a-long (yellow)",1,0
93,Gravy Bones,2025-05-28T18:07:09,Lost in Transit (yellow),1,0
93,Gravy Bones,2025-05-28T18:07:09,Nimby (yellow),1,0
93,Gravy Bones,2025-05-28T18:07:09,Riggermortis (yellow),1,0
93,Gravy Bones,2025-05-28T18:07:09,"Shelly, Hardened Traveler (yellow)",1,0
93,Gravy Bones,2025-05-28T18:07:09,Strike Gold (yellow),1,0
93,Gravy Bones,2025-05-28T18:07:09,Swabbie (yellow),1,0
93,Gravy Bones,2025-05-28T18:07:09,Walk the Plank (yellow),1,0
93,Gravy Bones,2025-05-28T18:07:09,Avast Ye! (blue),1,0
93,Gravy Bones,2025-05-28T18:07:09,Burly Bones (blue),1,0
93,Gravy Bones,2025-05-28T18:07:09,Divvy Up (blue),1,0
93,Gravy Bones,2025-05-28T18:07:09,Heave Ho! (blue),1,0
93,Gravy Bones,2025-05-28T18:07:09,Jittery Bones (blue),1,0
93,Gravy Bones,2025-05-28T18:07:09,Mutiny on the Battalion Barque (blue),1,0
93,Gravy Bones,2025-05-28T18:07:09,Nimblism (blue),2,0
93,Gravy Bones,2025-05-28T18:07:09,Nimby (blue),2,0
93,Gravy Bones,2025-05-28T18:07:09,On the Horizon (blue),1,0
93,Gravy Bones,2025-05-28T18:07:09,Sirens of Safe Harbor (blue),1,0
93,Gravy Bones,2025-05-28T18:07:09,Swiftwater Sloop (blue),2,0
93,Gravy Bones,2025-05-28T18:07:09,Bandana of the Blue Beyond,1,1
93,Gravy Bones,2025-05-28T18:07:09,Quick Clicks,1,1
93,Gravy Bones,2025-05-28T18:07:09,Washed Up Wave,1,1
94,Gravy Bones,2025-05-28T19:03:21,Battalion Barque (red),1,0
94,Gravy Bones,2025-05-28T19:03:21,Expedition to Azuro Keys (red),1,0
94,Gravy Bones,2025-05-28T19:03:21,Hoist 'Em Up (red),1,0
94,Gravy Bones,2025-05-28T19:03:21,Jittery Bones (red),2,0
94,Gravy Bones,2025-05-28T19:03:21,Life for a Life (red),1,0
94,Gravy Bones,2025-05-28T19:03:21,Nimby (red),1,0
94,Gravy Bones,2025-05-28T19:03:21,Rally the Coast Guard (red),1,0
94,Gravy Bones,2025-05-28T19:03:21,Barnacle (yellow),1,0
94,Gravy Bones,2025-05-28T19:03:21,"Cutty Shark, Quick Clip (yellow)",1,0
94,Gravy Bones,2025-05-28T19:03:21,Gold Hunter Ketch (yellow),1,0
94,Gravy Bones,2025-05-28T19:03:21,"Chowder, Hearty Cook (yellow)",1,0
94,Gravy Bones,2025-05-28T19:03:21,Riggermortis (yellow),1,0
94,Gravy Bones,2025-05-28T19:03:21,"Scooba, Salty Sea Dog (yellow)",1,0
94,Gravy Bones,2025-05-28T19:03:21,Swabbie (yellow),2,0
94,Gravy Bones,2025-05-28T19:03:21,Swiftwater Sloop (yellow),1,0
94,Gravy Bones,2025-05-28T19:03:21,Avast Ye! (blue),1,0
94,Gravy Bones,2025-05-28T19:03:21,Golden Tipple (blue),1,0
94,Gravy Bones,2025-05-28T19:03:21,Heave Ho! (blue),1,0
94,Gravy Bones,2025-05-28T19:03:21,Chart a Course (blue),1,0
94,Gravy Bones,2025-05-28T19:03:21,Jittery Bones (blue),1,0
94,Gravy Bones,2025-05-28T19:03:21,Regain Composure (blue),1,0
94,Gravy Bones,2025-05-28T19:03:21,Restless Bones (blue),2,0
94,Gravy Bones,2025-05-28T19:03:21,Sapphire Amulet (blue),1,0
94,Gravy Bones,2025-05-28T19:03:21,Sea Floor Salvage (blue),2,0
94,Gravy Bones,2025-05-28T19:03:21,Swindler's Grift (blue),1,0
94,Gravy Bones,2025-05-28T19:03:21,Throw Caution to the Wind (blue),1,0
94,Gravy Bones,2025-05-28T19:03:21,Trade In (blue),1,0
94,Gravy Bones,2025-05-28T19:03:21,Walk the Plank (blue),1,0
94,Gravy Bones,2025-05-28T19:03:21,Yo Ho Ho! (blue),1,0
94,Gravy Bones,2025-05-28T19:03:21,Head Stone,1,1
94,Gravy Bones,2025-05-28T19:03:21,Peg Leg,1,1
95,Gravy Bones,2025-05-28T20:07:23,Battalion Barque (red),1,0
95,Gravy Bones,2025-05-28T20:07:23,Burly Bones (red),1,0
95,Gravy Bones,2025-05-28T20:07:23,Expedition to Horizon's Mantle (red),2,0
95,Gravy Bones,2025-05-28T20:07:23,Hoist 'Em Up (red),1,0
95,Gravy Bones,2025-05-28T20:07:23,Jack Be Nimble (red),1,0
95,Gravy Bones,2025-05-28T20:07:23,On the Horizon (red),1,0
95,Gravy Bones,2025-05-28T20:07:23,Paddle Faster (red),1,0
95,Gravy Bones,2025-05-28T20:07:23,Pilfer the Wreck (red),1,0
95,Gravy Bones,2025-05-28T20:07:23,Restless Bones (red),1,0
95,Gravy Bones,2025-05-28T20:07:23,Saltwater Swell (red),1,0
95,Gravy Bones,2025-05-28T20:07:23,Sirens of Safe Harbor (red),1,0
95,Gravy Bones,2025-05-28T20:07:23,Walk the Plank (red),1,0
95,Gravy Bones,2025-05-28T20:07:23,Angry Bones (yellow),1,0
95,Gravy Bones,2025-05-28T20:07:23,Battalion Barque (yellow),1,0
95,Gravy Bones,2025-05-28T20:07:23,Burly Bones (yellow),1,0
95,Gravy Bones,2025-05-28T20:07:23,"Kelpie, Tangled Mess (yellow)",1,0
95,Gravy Bones,2025-05-28T20:07:23,"Limpit, Hop-a-long (yellow)",1,0
95,Gravy Bones,2025-05-28T20:07:23,Rally the Coast Guard (yellow),1,0
95,Gravy Bones,2025-05-28T20:07:23,"Scooba, Salty Sea Dog (yellow)",1,0
95,Gravy Bones,2025-05-28T20:07:23,Strike Gold (yellow),1,0
95,Gravy Bones,2025-05-28T20:07:23,Swabbie (yellow),1,0
95,Gravy Bones,2025-05-28T20:07:23,Swindler's Grift (yellow),1,0
95,Gravy Bones,2025-05-28T20:07:23,Trade In (yellow),1,0
95,Gravy Bones,2025-05-28T20:07:23,Angry Bones (blue),1,0
95,Gravy Bones,2025-05-28T20:07:23,Battalion Barque (blue),1,0
95,Gravy Bones,2025-05-28T20:07:23,Fiddler's Green (blue),1,0
95,Gravy Bones,2025-05-28T20:07:23,Golden Tipple (blue),1,0
95,Gravy Bones,2025-05-28T20:07:23,Mutiny on the Battalion Barque (blue),1,0
95,Gravy Bones,2025-05-28T20:07:23,Mutiny on the Nimbus Sovereign (blue),1,0
95,Gravy Bones,2025-05-28T20:07:23,Nimblism (blue),1,0
95,Gravy Bones,2025-05-28T20:07:23,Restless Bones (blue),1,0
95,Gravy Bones,2025-05-28T20:07:23,Swiftwater Sloop (blue),1,0
95,Gravy Bones,2025-05-28T20:07:23,Trade In (blue),1,0
95,Gravy Bones,2025-05-28T20:07:23,Buccaneer's Bounty,1,1
95,Gravy Bones,2025-05-28T20:07:23,Head Stone,1,1
95,Gravy Bones,2025-05-28T20:07:23,Light Fingers,1,1
95,Gravy Bones,2025-05-28T20:07:23,Quartermaster's Boots,1,1
96,Gravy Bones,2025-05-28T21:15:08,Angry Bones (red),1,0
96,Gravy Bones,2025-05-28T21:15:08,Expedition to Horizon's Mantle (red),1,0
96,Gravy Bones,2025-05-28T21:15:08,Restless Bones (red),1,0
96,Gravy Bones,2025-05-28T21:15:08,Angry Bones (yellow),2,0
96,Gravy Bones,2025-05-28T21:15:08,Barnacle (yellow),2,0
96,Gravy Bones,2025-05-28T21:15:08,Burly Bones (yellow),1,0
96,Gravy Bones,2025-05-28T21:15:08,"Cutty Shark, Quick Clip (yellow)",2,0
96,Gravy Bones,2025-05-28T21:15:08,Gold Hunter Lightsail (yellow),1,0
96,Gravy Bones,2025-05-28T21:15:08,HMS Kraken (yellow),1,0
96,Gravy Bones,2025-05-28T21:15:08,"Chowder, Hearty Cook (yellow)",2,0
96,Gravy Bones,2025-05-28T21:15:08,Jittery Bones (yellow),1,0
96,Gravy Bones,2025-05-28T21:15:08,"Limpit, Hop-a-long (yellow)",1,0
96,Gravy Bones,2025-05-28T21:15:08,Restless Bones (yellow),1,0
96,Gravy Bones,2025-05-28T21:15:08,Riggermortis (yellow),2,0
96,Gravy Bones,2025-05-28T21:15:08,"Scooba, Salty Sea Dog (yellow)",1,0
96,Gravy Bones,2025-05-28T21:15:08,"Shelly, Hardened Traveler (yellow)",2,0
96,Gravy Bones,2025-05-28T21:15:08,Swabbie (yellow),1,0
96,Gravy Bones,2025-05-28T21:15:08,Swindler's Grift (yellow),1,0
96,Gravy Bones,2025-05-28T21:15:08,Trade In (yellow),1,0
96,Gravy Bones,2025-05-28T21:15:08,Avast Ye! (blue),1,0
96,Gravy Bones,2025-05-28T21:15:08,Battalion Barque (blue),1,0
96,Gravy Bones,2025-05-28T21:15:08,Burly Bones (blue),2,0
96,Gravy Bones,2025-05-28T21:15:08,Heave Ho! (blue),1,0
96,Gravy Bones,2025-05-28T21:15:08,Jittery Bones (blue),2,0
96,Gravy Bones,2025-05-28T21:15:08,Mutiny on the Battalion Barque (blue),1,0
96,Gravy Bones,2025-05-28T21:15:08,Rally the Coast Guard (blue),1,0
96,Gravy Bones,2025-05-28T21:15:08,Restless Bones (blue),1,0
96,Gravy Bones,2025-05-28T21:15:08,Strike Gold (blue),1,0
96,Gravy Bones,2025-05-28T21:15:08,Walk the Plank (blue),1,0
96,Gravy Bones,2025-05-28T21:15:08,Bandana of the Blue Beyond,1,1
96,Gravy Bones,2025-05-28T21:15:08,Head Stone,1,1
96,Gravy Bones,2025-05-28T21:15:08,Quartermaster's Boots,1,1
96,Gravy Bones,2025-05-28T21:15:08,Swiftstrike Bracers,1,1
96,Gravy Bones,2025-05-28T21:15:08,Washed Up Wave,1,1
97,Puffin,2025-05-28T22:53:29,Cloud Skiff (red),1,0
97,Puffin,2025-05-28T22:53:29,Cogwerx Zeppelin (red),1,0
97,Puffin,2025-05-28T22:53:29,Draw Back the Hammer (red),1,0
97,Puffin,2025-05-28T22:53:29,Expedition to Azuro Keys (red),1,0
97,Puffin,2025-05-28T22:53:29,Expedition to Dreadfall Reach (red),1,0
97,Puffin,2025-05-28T22:53:29,Expedition to Horizon's Mantle (red),1,0
97,Puffin,2025-05-28T22:53:29,Goldwing Turbine (red),3,0
97,Puffin,2025-05-28T22:53:29,Perk Up (red),1,0
97,Puffin,2025-05-28T22:53:29,Scar for a Scar (red),1,0
97,Puffin,2025-05-28T22:53:29,Sirens of Safe Harbor (red),2,0
97,Puffin,2025-05-28T22:53:29,Thiev'n Varmints (red),1,0
97,Puffin,2025-05-28T22:53:29,Tighten the Screws (red),1,0
97,Puffin,2025-05-28T22:53:29,Tough Old Wrench (red),1,0
97,Puffin,2025-05-28T22:53:29,Trade In (red),1,0
97,Puffin,2025-05-28T22:53:29,Cloud Skiff (yellow),1,0
97,Puffin,2025-05-28T22:53:29,Fool's Gold (yellow),1,0
97,Puffin,2025-05-28T22:53:29,Goldwing Turbine (yellow),1,0
97,Puffin,2025-05-28T22:53:29,Midas Touch (yellow),1,0
97,Puffin,2025-05-28T22:53:29,Battalion Barque (blue),1,0
97,Puffin,2025-05-28T22:53:29,Cloud Skiff (blue),1,0
97,Puffin,2025-05-28T22:53:29,Cogwerx Workshop (blue),1,0
97,Puffin,2025-05-28T22:53:29,Cogwerx Zeppelin (blue),1,0
97,Puffin,2025-05-28T22:53:29,Copper Cog (blue),1,0
97,Puffin,2025-05-28T22:53:29,Goldwing Turbine (blue),1,0
97,Puffin,2025-05-28T22:53:29,Portside Exchange (blue),1,0
97,Puffin,2025-05-28T22:53:29,Sea Floor Salvage (blue),1,0
97,Puffin,2025-05-28T22:53:29,Sky Skimmer (blue),2,0
97,Puffin,2025-05-28T22:53:29,Walk the Plank (blue),1,0
97,Puffin,2025-05-28T22:53:29,Helmsman's Peak,1,1
97,Puffin,2025-05-28T22:53:29,Rust Belt,1,1
97,Puffin,2025-05-28T22:53:29,Unicycle,1,1
98,Puffin,2025-05-28T23:12:57,Cloud Skiff (red),3,0
98,Puffin,2025-05-28T23:12:57,Cogwerx Zeppelin (red),1,0
98,Puffin,2025-05-28T23:12:57,Draw Back the Hammer (red),1,0
98,Puffin,2025-05-28T23:12:57,Goldwing Turbine (red),3,0
98,Puffin,2025-05-28T23:12:57,Perk Up (red),1,0
98,Puffin,2025-05-28T23:12:57,Sky Skimmer (red),3,0
98,Puffin,2025-05-28T23:12:57,Teeth of the Cog (red),2,0
98,Puffin,2025-05-28T23:12:57,Tighten the Screws (red),1,0
98,Puffin,2025-05-28T23:12:57,Cloud City Steamboat (yellow),1,0
98,Puffin,2025-05-28T23:12:57,Cloud Skiff (yellow),1,0
98,Puffin,2025-05-28T23:12:57,Sky Skimmer (yellow),1,0
98,Puffin,2025-05-28T23:12:57,Teeth of the Cog (yellow),2,0
98,Puffin,2025-05-28T23:12:57,Cloud Skiff (blue),2,0
98,Puffin,2025-05-28T23:12:57,Cogwerx Zeppelin (blue),1,0
98,Puffin,2025-05-28T23:12:57,Goldwing Turbine (blue),1,0
98,Puffin,2025-05-28T23:12:57,Rally the Coast Guard (blue),1,0
98,Puffin,2025-05-28T23:12:57,Sky Skimmer (blue),1,0
98,Puffin,2025-05-28T23:12:57,Teeth of the Cog (blue),3,0
98,Puffin,2025-05-28T23:12:57,Tough Old Wrench (blue),1,0
98,Puffin,2025-05-28T23:12:57,Buccaneer's Bounty,1,1
98,Puffin,2025-05-28T23:12:57,Fish Fingers,1,1
98,Puffin,2025-05-28T23:12:57,Unicycle,1,1
99,Gravy Bones,2025-05-28T23:59:02,Angry Bones (red),1,0
99,Gravy Bones,2025-05-28T23:59:02,Board the Ship (red),2,0
99,Gravy Bones,2025-05-28T23:59:02,Expedition to Azuro Keys (red),1,0
99,Gravy Bones,2025-05-28T23:59:02,Jittery Bones (red),1,0
99,Gravy Bones,2025-05-28T23:59:02,On the Horizon (red),1,0
99,Gravy Bones,2025-05-28T23:59:02,Angry Bones (yellow),2,0
99,Gravy Bones,2025-05-28T23:59:02,Barnacle (yellow),1,0
99,Gravy Bones,2025-05-28T23:59:02,Burly Bones (yellow),2,0
99,Gravy Bones,2025-05-28T23:59:02,Gold Hunter Longboat (yellow),1,0
99,Gravy Bones,2025-05-28T23:59:02,Gold Hunter Marauder (yellow),1,0
99,Gravy Bones,2025-05-28T23:59:02,Golden Tipple (yellow),1,0
99,Gravy Bones,2025-05-28T23:59:02,HMS Barracuda (yellow),1,0
99,Gravy Bones,2025-05-28T23:59:02,"Chowder, Hearty Cook (yellow)",1,0
99,Gravy Bones,2025-05-28T23:59:02,Jittery Bones (yellow),1,0
99,Gravy Bones,2025-05-28T23:59:02,"Limpit, Hop-a-long (yellow)",1,0
99,Gravy Bones,2025-05-28T23:59:02,Nimby (yellow),1,0
99,Gravy Bones,2025-05-28T23:59:02,On the Horizon (yellow),1,0
99,Gravy Bones,2025-05-28T23:59:02,Saltwater Swell (yellow),1,0
99,Gravy Bones,2025-05-28T23:59:02,"Shelly, Hardened Traveler (yellow)",1,0
99,Gravy Bones,2025-05-28T23:59:02,Burly Bones (blue),1,0
99,Gravy Bones,2025-05-28T23:59:02,Fiddler's Green (blue),1,0
99,Gravy Bones,2025-05-28T23:59:02,Golden Tipple (blue),2,0
99,Gravy Bones,2025-05-28T23:59:02,Jittery Bones (blue),2,0
99,Gravy Bones,2025-05-28T23:59:02,Nimby (blue),1,0
99,Gravy Bones,2025-05-28T23:59:02,On the Horizon (blue),1,0
99,Gravy Bones,2025-05-28T23:59:02,Restless Bones (blue),3,0
99,Gravy Bones,2025-05-28T23:59:02,Walk the Plank (blue),2,0
99,Gravy Bones,2025-05-28T23:59:02,Head Stone,1,1
99,Gravy Bones,2025-05-28T23:59:02,Old Knocker,1,1
99,Gravy Bones,2025-05-28T23:59:02,Quartermaster's Boots,1,1
99,Gravy Bones,2025-05-28T23:59:02,Washed Up Wave,1,1
100,Marlynn,2025-05-29T00:35:08,Call in the Big Guns (red),1,0
100,Marlynn,2025-05-29T00:35:08,Drop the Anchor (red),1,0
100,Marlynn,2025-05-29T00:35:08,Dry Powder Shot (red),1,0
100,Marlynn,2025-05-29T00:35:08,Entangling Shot (red),1,0
100,Marlynn,2025-05-29T00:35:08,Expedition to Dreadfall Reach (red),1,0
100,Marlynn,2025-05-29T00:35:08,King Shark Harpoon (red),1,0
100,Marlynn,2025-05-29T00:35:08,Life for a Life (red),1,0
100,Marlynn,2025-05-29T00:35:08,Nettling Shot (red),1,0
100,Marlynn,2025-05-29T00:35:08,Nimby (red),1,0
100,Marlynn,2025-05-29T00:35:08,Scouting Shot (red),1,0
100,Marlynn,2025-05-29T00:35:08,Sic 'Em Shot (red),1,0
100,Marlynn,2025-05-29T00:35:08,Sirens of Safe Harbor (red),2,0
100,Marlynn,2025-05-29T00:35:08,Swift Shot (red),1,0
100,Marlynn,2025-05-29T00:35:08,Swindler's Grift (red),1,0
100,Marlynn,2025-05-29T00:35:08,Trade In (red),1,0
100,Marlynn,2025-05-29T00:35:08,Walk the Plank (red),1,0
100,Marlynn,2025-05-29T00:35:08,Gold Hunter Ketch (yellow),2,0
100,Marlynn,2025-05-29T00:35:08,Sirens of Safe Harbor (yellow),1,0
100,Marlynn,2025-05-29T00:35:08,Swindler's Grift (yellow),1,0
100,Marlynn,2025-05-29T00:35:08,Walk the Plank (yellow),1,0
100,Marlynn,2025-05-29T00:35:08,Call in the Big Guns (blue),1,0
100,Marlynn,2025-05-29T00:35:08,Divvy Up (blue),1,0
100,Marlynn,2025-05-29T00:35:08,Head Shot (blue),1,0
100,Marlynn,2025-05-29T00:35:08,Hook (blue),1,0
100,Marlynn,2025-05-29T00:35:08,Chart a Course (blue),1,0
100,Marlynn,2025-05-29T00:35:08,Line (blue),1,0
100,Marlynn,2025-05-29T00:35:08,Pilfer the Wreck (blue),1,0
100,Marlynn,2025-05-29T00:35:08,Red Fin Harpoon (blue),1,0
100,Marlynn,2025-05-29T00:35:08,Rusty Harpoon (blue),1,0
100,Marlynn,2025-05-29T00:35:08,Sic 'Em Shot (blue),2,0
100,Marlynn,2025-05-29T00:35:08,Sinker (blue),1,0
100,Marlynn,2025-05-29T00:35:08,Sirens of Safe Harbor (blue),1,0
100,Marlynn,2025-05-29T00:35:08,Walk the Plank (blue),1,0
100,Marlynn,2025-05-29T00:35:08,Yellow Fin Harpoon (blue),1,0
100,Marlynn,2025-05-29T00:35:08,Buccaneer's Bounty,1,1
100,Marlynn,2025-05-29T00:35:08,Light Fingers,1,1
100,Marlynn,2025-05-29T00:35:08,Quartermaster's Boots,1,1
101,Gravy Bones,2025-05-29T00:41:30,Angry Bones (red),1,0
101,Gravy Bones,2025-05-29T00:41:30,Battalion Barque (red),1,0
101,Gravy Bones,2025-05-29T00:41:30,Expedition to Horizon's Mantle (red),1,0
101,Gravy Bones,2025-05-29T00:41:30,Life for a Life (red),2,0
101,Gravy Bones,2025-05-29T00:41:30,Money or Your Life? (red),1,0
101,Gravy Bones,2025-05-29T00:41:30,Scar for a Scar (red),1,0
101,Gravy Bones,2025-05-29T00:41:30,Walk the Plank (red),1,0
101,Gravy Bones,2025-05-29T00:41:30,Burly Bones (yellow),1,0
101,Gravy Bones,2025-05-29T00:41:30,"Cutty Shark, Quick Clip (yellow)",2,0
101,Gravy Bones,2025-05-29T00:41:30,Golden Tipple (yellow),2,0
101,Gravy Bones,2025-05-29T00:41:30,HMS Barracuda (yellow),1,0
101,Gravy Bones,2025-05-29T00:41:30,"Chowder, Hearty Cook (yellow)",1,0
101,Gravy Bones,2025-05-29T00:41:30,Jittery Bones (yellow),1,0
101,Gravy Bones,2025-05-29T00:41:30,Riggermortis (yellow),1,0
101,Gravy Bones,2025-05-29T00:41:30,"Shelly, Hardened Traveler (yellow)",1,0
101,Gravy Bones,2025-05-29T00:41:30,Swabbie (yellow),1,0
101,Gravy Bones,2025-05-29T00:41:30,Swindler's Grift (yellow),1,0
101,Gravy Bones,2025-05-29T00:41:30,Angry Bones (blue),2,0
101,Gravy Bones,2025-05-29T00:41:30,Avast Ye! (blue),1,0
101,Gravy Bones,2025-05-29T00:41:30,Battalion Barque (blue),1,0
101,Gravy Bones,2025-05-29T00:41:30,Burly Bones (blue),1,0
101,Gravy Bones,2025-05-29T00:41:30,Golden Tipple (blue),1,0
101,Gravy Bones,2025-05-29T00:41:30,Mutiny on the Swiftwater (blue),1,0
101,Gravy Bones,2025-05-29T00:41:30,Regain Composure (blue),1,0
101,Gravy Bones,2025-05-29T00:41:30,Ruby Amulet (blue),1,0
101,Gravy Bones,2025-05-29T00:41:30,Sirens of Safe Harbor (blue),1,0
101,Gravy Bones,2025-05-29T00:41:30,Buccaneer's Bounty,1,1
101,Gravy Bones,2025-05-29T00:41:30,Helmsman's Peak,1,1
101,Gravy Bones,2025-05-29T00:41:30,Peg Leg,1,1
101,Gravy Bones,2025-05-29T00:41:30,Washed Up Wave,1,1
102,Gravy Bones,2025-05-29T01:56:45,Angry Bones (red),1,0
102,Gravy Bones,2025-05-29T01:56:45,Expedition to Azuro Keys (red),1,0
102,Gravy Bones,2025-05-29T01:56:45,Expedition to Horizon's Mantle (red),1,0
102,Gravy Bones,2025-05-29T01:56:45,Hoist 'Em Up (red),1,0
102,Gravy Bones,2025-05-29T01:56:45,Jittery Bones (red),3,0
102,Gravy Bones,2025-05-29T01:56:45,Restless Bones (red),1,0
102,Gravy Bones,2025-05-29T01:56:45,Swiftwater Sloop (red),1,0
102,Gravy Bones,2025-05-29T01:56:45,Thiev'n Varmints (red),1,0
102,Gravy Bones,2025-05-29T01:56:45,Trade In (red),1,0
102,Gravy Bones,2025-05-29T01:56:45,Angry Bones (yellow),1,0
102,Gravy Bones,2025-05-29T01:56:45,Battalion Barque (yellow),1,0
102,Gravy Bones,2025-05-29T01:56:45,Burly Bones (yellow),1,0
102,Gravy Bones,2025-05-29T01:56:45,Golden Tipple (yellow),1,0
102,Gravy Bones,2025-05-29T01:56:45,"Chowder, Hearty Cook (yellow)",3,0
102,Gravy Bones,2025-05-29T01:56:45,Jittery Bones (yellow),1,0
102,Gravy Bones,2025-05-29T01:56:45,"Limpit, Hop-a-long (yellow)",1,0
102,Gravy Bones,2025-05-29T01:56:45,On the Horizon (yellow),1,0
102,Gravy Bones,2025-05-29T01:56:45,Restless Bones (yellow),1,0
102,Gravy Bones,2025-05-29T01:56:45,Riggermortis (yellow),1,0
102,Gravy Bones,2025-05-29T01:56:45,Saltwater Swell (yellow),1,0
102,Gravy Bones,2025-05-29T01:56:45,"Scooba, Salty Sea Dog (yellow)",1,0
102,Gravy Bones,2025-05-29T01:56:45,Angry Bones (blue),1,0
102,Gravy Bones,2025-05-29T01:56:45,Battalion Barque (blue),1,0
102,Gravy Bones,2025-05-29T01:56:45,Burly Bones (blue),1,0
102,Gravy Bones,2025-05-29T01:56:45,Mutiny on the Nimbus Sovereign (blue),1,0
102,Gravy Bones,2025-05-29T01:56:45,Mutiny on the Swiftwater (blue),1,0
102,Gravy Bones,2025-05-29T01:56:45,Nimby (blue),1,0
102,Gravy Bones,2025-05-29T01:56:45,Restless Bones (blue),2,0
102,Gravy Bones,2025-05-29T01:56:45,Swiftwater Sloop (blue),1,0
102,Gravy Bones,2025-05-29T01:56:45,Walk the Plank (blue),1,0
102,Gravy Bones,2025-05-29T01:56:45,Yo Ho Ho! (blue),2,0
102,Gravy Bones,2025-05-29T01:56:45,Buccaneer's Bounty,1,1
102,Gravy Bones,2025-05-29T01:56:45,Helmsman's Peak,1,1
102,Gravy Bones,2025-05-29T01:56:45,Swiftstrike Bracers,1,1
103,Marlynn,2025-05-29T02:59:49,Call in the Big Guns (red),2,0
103,Marlynn,2025-05-29T02:59:49,Crash Down the Gates (red),1,0
103,Marlynn,2025-05-29T02:59:49,Drop the Anchor (red),1,0
103,Marlynn,2025-05-29T02:59:49,Dry Powder Shot (red),3,0
103,Marlynn,2025-05-29T02:59:49,Entangling Shot (red),2,0
103,Marlynn,2025-05-29T02:59:49,Head Shot (red),1,0
103,Marlynn,2025-05-29T02:59:49,Monkey Powder (red),1,0
103,Marlynn,2025-05-29T02:59:49,Nettling Shot (red),2,0
103,Marlynn,2025-05-29T02:59:49,Nimblism (red),1,0
103,Marlynn,2025-05-29T02:59:49,Scar for a Scar (red),1,0
103,Marlynn,2025-05-29T02:59:49,Scouting Shot (red),1,0
103,Marlynn,2025-05-29T02:59:49,Sirens of Safe Harbor (red),1,0
103,Marlynn,2025-05-29T02:59:49,Call in the Big Guns (yellow),1,0
103,Marlynn,2025-05-29T02:59:49,Fool's Gold (yellow),1,0
103,Marlynn,2025-05-29T02:59:49,Gold Hunter Longboat (yellow),1,0
103,Marlynn,2025-05-29T02:59:49,Head Shot (yellow),1,0
103,Marlynn,2025-05-29T02:59:49,HMS Marlin (yellow),1,0
103,Marlynn,2025-05-29T02:59:49,Nimby (yellow),2,0
103,Marlynn,2025-05-29T02:59:49,Rally the Coast Guard (yellow),1,0
103,Marlynn,2025-05-29T02:59:49,Salvage Shot (yellow),1,0
103,Marlynn,2025-05-29T02:59:49,Sirens of Safe Harbor (yellow),1,0
103,Marlynn,2025-05-29T02:59:49,Blue Fin Harpoon (blue),1,0
103,Marlynn,2025-05-29T02:59:49,Golden Tipple (blue),1,0
103,Marlynn,2025-05-29T02:59:49,Head Shot (blue),3,0
103,Marlynn,2025-05-29T02:59:49,Hook (blue),1,0
103,Marlynn,2025-05-29T02:59:49,Nimblism (blue),1,0
103,Marlynn,2025-05-29T02:59:49,Rusty Harpoon (blue),1,0
103,Marlynn,2025-05-29T02:59:49,Salvage Shot (blue),1,0
103,Marlynn,2025-05-29T02:59:49,Sea Floor Salvage (blue),1,0
103,Marlynn,2025-05-29T02:59:49,Sic 'Em Shot (blue),1,0
103,Marlynn,2025-05-29T02:59:49,Swindler's Grift (blue),1,0
103,Marlynn,2025-05-29T02:59:49,Blue Sea Tricorn,1,1
103,Marlynn,2025-05-29T02:59:49,Captain's Coat,1,1
103,Marlynn,2025-05-29T02:59:49,Quick Clicks,1,1
104,Puffin,2025-05-29T03:23:14,Blow for a Blow (red),1,0
104,Puffin,2025-05-29T03:23:14,Cloud Skiff (red),1,0
104,Puffin,2025-05-29T03:23:14,Cogwerx Zeppelin (red),1,0
104,Puffin,2025-05-29T03:23:14,Draw Back the Hammer (red),2,0
104,Puffin,2025-05-29T03:23:14,Goldwing Turbine (red),1,0
104,Puffin,2025-05-29T03:23:14,Chart a Course (red),3,0
104,Puffin,2025-05-29T03:23:14,Jack Be Quick (red),1,0
104,Puffin,2025-05-29T03:23:14,On the Horizon (red),1,0
104,Puffin,2025-05-29T03:23:14,Rally the Coast Guard (red),1,0
104,Puffin,2025-05-29T03:23:14,Scar for a Scar (red),1,0
104,Puffin,2025-05-29T03:23:14,Sky Skimmer (red),2,0
104,Puffin,2025-05-29T03:23:14,Teeth of the Cog (red),1,0
104,Puffin,2025-05-29T03:23:14,Thiev'n Varmints (red),2,0
104,Puffin,2025-05-29T03:23:14,Walk the Plank (red),1,0
104,Puffin,2025-05-29T03:23:14,Cloud Skiff (yellow),1,0
104,Puffin,2025-05-29T03:23:14,Cogwerx Zeppelin (yellow),1,0
104,Puffin,2025-05-29T03:23:14,Goldwing Turbine (yellow),1,0
104,Puffin,2025-05-29T03:23:14,Teeth of the Cog (yellow),1,0
104,Puffin,2025-05-29T03:23:14,Tough Old Wrench (yellow),1,0
104,Puffin,2025-05-29T03:23:14,Trade In (yellow),1,0
104,Puffin,2025-05-29T03:23:14,Cogwerx Zeppelin (blue),1,0
104,Puffin,2025-05-29T03:23:14,Goldwing Turbine (blue),1,0
104,Puffin,2025-05-29T03:23:14,Nimblism (blue),1,0
104,Puffin,2025-05-29T03:23:14,Nimby (blue),1,0
104,Puffin,2025-05-29T03:23:14,On the Horizon (blue),1,0
104,Puffin,2025-05-29T03:23:14,Sirens of Safe Harbor (blue),2,0
104,Puffin,2025-05-29T03:23:14,Teeth of the Cog (blue),3,0
104,Puffin,2025-05-29T03:23:14,Blue Sea Tricorn,1,1
104,Puffin,2025-05-29T03:23:14,Captain's Coat,1,1
104,Puffin,2025-05-29T03:23:14,Light Fingers,1,1
104,Puffin,2025-05-29T03:23:14,Quartermaster's Boots,1,1
104,Puffin,2025-05-29T03:23:14,Quick Clicks,1,1
105,Puffin,2025-05-29T03:27:54,Cloud Skiff (red),1,0
105,Puffin,2025-05-29T03:27:54,Cogwerx Zeppelin (red),1,0
105,Puffin,2025-05-29T03:27:54,Draw Back the Hammer (red),1,0
105,Puffin,2025-05-29T03:27:54,Expedition to Blackwater Strait (red),1,0
105,Puffin,2025-05-29T03:27:54,Fiddler's Green (red),1,0
105,Puffin,2025-05-29T03:27:54,Goldwing Turbine (red),1,0
105,Puffin,2025-05-29T03:27:54,On the Horizon (red),1,0
105,Puffin,2025-05-29T03:27:54,Rally the Coast Guard (red),1,0
105,Puffin,2025-05-29T03:27:54,Sky Skimmer (red),2,0
105,Puffin,2025-05-29T03:27:54,Strike Gold (red),1,0
105,Puffin,2025-05-29T03:27:54,Swiftwater Sloop (red),1,0
105,Puffin,2025-05-29T03:27:54,Teeth of the Cog (red),1,0
105,Puffin,2025-05-29T03:27:54,Cogwerx Zeppelin (yellow),1,0
105,Puffin,2025-05-29T03:27:54,Cracked Bauble (yellow),1,0
105,Puffin,2025-05-29T03:27:54,Fiddler's Green (yellow),1,0
105,Puffin,2025-05-29T03:27:54,Gold Hunter Lightsail (yellow),1,0
105,Puffin,2025-05-29T03:27:54,Goldwing Turbine (yellow),1,0
105,Puffin,2025-05-29T03:27:54,HMS Marlin (yellow),1,0
105,Puffin,2025-05-29T03:27:54,Jolly Bludger (yellow),1,0
105,Puffin,2025-05-29T03:27:54,Saltwater Swell (yellow),1,0
105,Puffin,2025-05-29T03:27:54,Teeth of the Cog (yellow),1,0
105,Puffin,2025-05-29T03:27:54,Battalion Barque (blue),1,0
105,Puffin,2025-05-29T03:27:54,Cloud City Steamboat (blue),1,0
105,Puffin,2025-05-29T03:27:54,Divvy Up (blue),1,0
105,Puffin,2025-05-29T03:27:54,Sky Skimmer (blue),2,0
105,Puffin,2025-05-29T03:27:54,Strike Gold (blue),1,0
105,Puffin,2025-05-29T03:27:54,Swindler's Grift (blue),1,0
105,Puffin,2025-05-29T03:27:54,Tough Old Wrench (blue),1,0
105,Puffin,2025-05-29T03:27:54,Blue Sea Tricorn,1,1
105,Puffin,2025-05-29T03:27:54,Light Fingers,1,1
105,Puffin,2025-05-29T03:27:54,Rust Belt,1,1
105,Puffin,2025-05-29T03:27:54,Unicycle,1,1
106,Marlynn,2025-05-29T03:48:46,Call in the Big Guns (red),2,0
106,Marlynn,2025-05-29T03:48:46,Entangling Shot (red),1,0
106,Marlynn,2025-05-29T03:48:46,Fire in the Hole (red),1,0
106,Marlynn,2025-05-29T03:48:46,Nettling Shot (red),2,0
106,Marlynn,2025-05-29T03:48:46,Ravenous Rabble (red),3,0
106,Marlynn,2025-05-29T03:48:46,Salvage Shot (red),3,0
106,Marlynn,2025-05-29T03:48:46,Scar for a Scar (red),1,0
106,Marlynn,2025-05-29T03:48:46,Sic 'Em Shot (red),3,0
106,Marlynn,2025-05-29T03:48:46,Sirens of Safe Harbor (red),1,0
106,Marlynn,2025-05-29T03:48:46,Strike Gold (red),2,0
106,Marlynn,2025-05-29T03:48:46,Swift Shot (red),2,0
106,Marlynn,2025-05-29T03:48:46,Swiftwater Sloop (red),3,0
106,Marlynn,2025-05-29T03:48:46,Call in the Big Guns (yellow),1,0
106,Marlynn,2025-05-29T03:48:46,Loan Shark (yellow),1,0
106,Marlynn,2025-05-29T03:48:46,Nimby (yellow),1,0
106,Marlynn,2025-05-29T03:48:46,Salvage Shot (yellow),1,0
106,Marlynn,2025-05-29T03:48:46,Swindler's Grift (yellow),1,0
106,Marlynn,2025-05-29T03:48:46,Fiddler's Green (blue),1,0
106,Marlynn,2025-05-29T03:48:46,Head Shot (blue),1,0
106,Marlynn,2025-05-29T03:48:46,Chart a Course (blue),1,0
106,Marlynn,2025-05-29T03:48:46,Nimblism (blue),1,0
106,Marlynn,2025-05-29T03:48:46,Rusty Harpoon (blue),1,0
106,Marlynn,2025-05-29T03:48:46,Salvage Shot (blue),1,0
106,Marlynn,2025-05-29T03:48:46,Sinker (blue),1,0
106,Marlynn,2025-05-29T03:48:46,Blue Sea Tricorn,1,1
106,Marlynn,2025-05-29T03:48:46,Captain's Coat,1,1
106,Marlynn,2025-05-29T03:48:46,Glidewell Fins,1,1
106,Marlynn,2025-05-29T03:48:46,Peg Leg,1,1
107,Puffin,2025-05-29T05:21:22,Cloud City Steamboat (red),1,0
107,Puffin,2025-05-29T05:21:22,Cloud Skiff (red),1,0
107,Puffin,2025-05-29T05:21:22,Cogwerx Dovetail (red),1,0
107,Puffin,2025-05-29T05:21:22,Cogwerx Zeppelin (red),1,0
107,Puffin,2025-05-29T05:21:22,Perk Up (red),3,0
107,Puffin,2025-05-29T05:21:22,Sky Skimmer (red),3,0
107,Puffin,2025-05-29T05:21:22,Teeth of the Cog (red),2,0
107,Puffin,2025-05-29T05:21:22,Tough Old Wrench (red),1,0
107,Puffin,2025-05-29T05:21:22,Golden Skywarden (yellow),1,0
107,Puffin,2025-05-29T05:21:22,Goldwing Turbine (yellow),1,0
107,Puffin,2025-05-29T05:21:22,Sky Skimmer (yellow),2,0
107,Puffin,2025-05-29T05:21:22,Teeth of the Cog (yellow),1,0
107,Puffin,2025-05-29T05:21:22,Cloud City Steamboat (blue),1,0
107,Puffin,2025-05-29T05:21:22,Cloud Skiff (blue),3,0
107,Puffin,2025-05-29T05:21:22,Copper Cog (blue),1,0
107,Puffin,2025-05-29T05:21:22,Goldwing Turbine (blue),2,0
107,Puffin,2025-05-29T05:21:22,Chart a Course (blue),1,0
107,Puffin,2025-05-29T05:21:22,Mutiny on the Swiftwater (blue),1,0
107,Puffin,2025-05-29T05:21:22,Strike Gold (blue),1,0
107,Puffin,2025-05-29T05:21:22,Teeth of the Cog (blue),1,0
107,Puffin,2025-05-29T05:21:22,Tough Old Wrench (blue),1,0
107,Puffin,2025-05-29T05:21:22,Helmsman's Peak,1,1
107,Puffin,2025-05-29T05:21:22,Old Knocker,1,1
107,Puffin,2025-05-29T05:21:22,Unicycle,1,1
108,Marlynn,2025-05-29T05:27:38,Call in the Big Guns (red),1,0
108,Marlynn,2025-05-29T05:27:38,Expedition to Blackwater Strait (red),2,0
108,Marlynn,2025-05-29T05:27:38,Jack Be Nimble (red),1,0
108,Marlynn,2025-05-29T05:27:38,Nettling Shot (red),1,0
108,Marlynn,2025-05-29T05:27:38,Nimblism (red),1,0
108,Marlynn,2025-05-29T05:27:38,Salvage Shot (red),1,0
108,Marlynn,2025-05-29T05:27:38,Swiftwater Sloop (red),2,0
108,Marlynn,2025-05-29T05:27:38,Thiev'n Varmints (red),1,0
108,Marlynn,2025-05-29T05:27:38,Trade In (red),1,0
108,Marlynn,2025-05-29T05:27:38,Head Shot (yellow),2,0
108,Marlynn,2025-05-29T05:27:38,HMS Barracuda (yellow),2,0
108,Marlynn,2025-05-29T05:27:38,Nimby (yellow),1,0
108,Marlynn,2025-05-29T05:27:38,Salvage Shot (yellow),2,0
108,Marlynn,2025-05-29T05:27:38,Swiftwater Sloop (yellow),1,0
108,Marlynn,2025-05-29T05:27:38,Battalion Barque (blue),1,0
108,Marlynn,2025-05-29T05:27:38,Divvy Up (blue),1,0
108,Marlynn,2025-05-29T05:27:38,Head Shot (blue),2,0
108,Marlynn,2025-05-29T05:27:38,Murderous Rabble (blue),1,0
108,Marlynn,2025-05-29T05:27:38,Mutiny on the Nimbus Sovereign (blue),1,0
108,Marlynn,2025-05-29T05:27:38,Mutiny on the Swiftwater (blue),1,0
108,Marlynn,2025-05-29T05:27:38,Nimblism (blue),1,0
108,Marlynn,2025-05-29T05:27:38,Red Fin Harpoon (blue),1,0
108,Marlynn,2025-05-29T05:27:38,Sunken Treasure (blue),1,0
108,Marlynn,2025-05-29T05:27:38,Swiftwater Sloop (blue),1,0
108,Marlynn,2025-05-29T05:27:38,Buccaneer's Bounty,1,1
108,Marlynn,2025-05-29T05:27:38,Helmsman's Peak,1,1
108,Marlynn,2025-05-29T05:27:38,Light Fingers,1,1
108,Marlynn,2025-05-29T05:27:38,Quartermaster's Boots,1,1
109,Puffin,2025-05-29T05:47:34,Battalion Barque (red),3,0
109,Puffin,2025-05-29T05:47:34,Expedition to Horizon's Mantle (red),2,0
109,Puffin,2025-05-29T05:47:34,Goldwing Turbine (red),1,0
109,Puffin,2025-05-29T05:47:34,Nimblism (red),1,0
109,Puffin,2025-05-29T05:47:34,On the Horizon (red),1,0
109,Puffin,2025-05-29T05:47:34,Scar for a Scar (red),1,0
109,Puffin,2025-05-29T05:47:34,Sky Skimmer (red),3,0
109,Puffin,2025-05-29T05:47:34,Teeth of the Cog (red),1,0
109,Puffin,2025-05-29T05:47:34,Tighten the Screws (red),1,0
109,Puffin,2025-05-29T05:47:34,Battalion Barque (yellow),1,0
109,Puffin,2025-05-29T05:47:34,Cloud Skiff (yellow),2,0
109,Puffin,2025-05-29T05:47:34,Gold Hunter Lightsail (yellow),1,0
109,Puffin,2025-05-29T05:47:34,Goldwing Turbine (yellow),2,0
109,Puffin,2025-05-29T05:47:34,HMS Kraken (yellow),1,0
109,Puffin,2025-05-29T05:47:34,On the Horizon (yellow),1,0
109,Puffin,2025-05-29T05:47:34,Rally the Coast Guard (yellow),1,0
109,Puffin,2025-05-29T05:47:34,Saltwater Swell (yellow),1,0
109,Puffin,2025-05-29T05:47:34,Sky Skimmer (yellow),1,0
109,Puffin,2025-05-29T05:47:34,Teeth of the Cog (yellow),1,0
109,Puffin,2025-05-29T05:47:34,Cloud City Steamboat (blue),1,0
109,Puffin,2025-05-29T05:47:34,Goldwing Turbine (blue),1,0
109,Puffin,2025-05-29T05:47:34,Pinion Sentry (blue),1,0
109,Puffin,2025-05-29T05:47:34,Scrub the Deck (blue),1,0
109,Puffin,2025-05-29T05:47:34,Sky Skimmer (blue),2,0
109,Puffin,2025-05-29T05:47:34,Trade In (blue),1,0
109,Puffin,2025-05-29T05:47:34,Blue Sea Tricorn,1,1
109,Puffin,2025-05-29T05:47:34,Captain's Coat,1,1
109,Puffin,2025-05-29T05:47:34,Swiftstrike Bracers,2,1
110,Puffin,2025-05-29T06:16:34,Cloud Skiff (red),1,0
110,Puffin,2025-05-29T06:16:34,Cogwerx Zeppelin (red),1,0
110,Puffin,2025-05-29T06:16:34,Draw Back the Hammer (red),2,0
110,Puffin,2025-05-29T06:16:34,Expedition to Azuro Keys (red),1,0
110,Puffin,2025-05-29T06:16:34,Expedition to Blackwater Strait (red),1,0
110,Puffin,2025-05-29T06:16:34,Expedition to Horizon's Mantle (red),1,0
110,Puffin,2025-05-29T06:16:34,Goldwing Turbine (red),2,0
110,Puffin,2025-05-29T06:16:34,Scar for a Scar (red),2,0
110,Puffin,2025-05-29T06:16:34,Sky Skimmer (red),3,0
110,Puffin,2025-05-29T06:16:34,Teeth of the Cog (red),1,0
110,Puffin,2025-05-29T06:16:34,Thiev'n Varmints (red),1,0
110,Puffin,2025-05-29T06:16:34,Tighten the Screws (red),1,0
110,Puffin,2025-05-29T06:16:34,Tough Old Wrench (red),2,0
110,Puffin,2025-05-29T06:16:34,Walk the Plank (red),1,0
110,Puffin,2025-05-29T06:16:34,Battalion Barque (yellow),1,0
110,Puffin,2025-05-29T06:16:34,Cloud Skiff (yellow),1,0
110,Puffin,2025-05-29T06:16:34,Gold Hunter Longboat (yellow),1,0
110,Puffin,2025-05-29T06:16:34,Goldwing Turbine (yellow),1,0
110,Puffin,2025-05-29T06:16:34,HMS Barracuda (yellow),1,0
110,Puffin,2025-05-29T06:16:34,Sky Skimmer (yellow),1,0
110,Puffin,2025-05-29T06:16:34,Swindler's Grift (yellow),1,0
110,Puffin,2025-05-29T06:16:34,Teeth of the Cog (yellow),1,0
110,Puffin,2025-05-29T06:16:34,Tough Old Wrench (yellow),1,0
110,Puffin,2025-05-29T06:16:34,Cloud Skiff (blue),3,0
110,Puffin,2025-05-29T06:16:34,Cogwerx Zeppelin (blue),1,0
110,Puffin,2025-05-29T06:16:34,Goldwing Turbine (blue),2,0
110,Puffin,2025-05-29T06:16:34,Strike Gold (blue),1,0
110,Puffin,2025-05-29T06:16:34,Tough Old Wrench (blue),2,0
110,Puffin,2025-05-29T06:16:34,Walk the Plank (blue),1,0
110,Puffin,2025-05-29T06:16:34,Light Fingers,1,1
110,Puffin,2025-05-29T06:16:34,Rust Belt,1,1
111,Marlynn,2025-05-29T07:51:50,Battalion Barque (red),1,0
111,Marlynn,2025-05-29T07:51:50,Blow for a Blow (red),1,0
111,Marlynn,2025-05-29T07:51:50,Call in the Big Guns (red),1,0
111,Marlynn,2025-05-29T07:51:50,Expedition to Dreadfall Reach (red),1,0
111,Marlynn,2025-05-29T07:51:50,Fire in the Hole (red),1,0
111,Marlynn,2025-05-29T07:51:50,Money or Your Life? (red),1,0
111,Marlynn,2025-05-29T07:51:50,Monkey Powder (red),1,0
111,Marlynn,2025-05-29T07:51:50,Nimblism (red),1,0
111,Marlynn,2025-05-29T07:51:50,Nimby (red),1,0
111,Marlynn,2025-05-29T07:51:50,Rally the Coast Guard (red),1,0
111,Marlynn,2025-05-29T07:51:50,Scar for a Scar (red),1,0
111,Marlynn,2025-05-29T07:51:50,Scouting Shot (red),1,0
111,Marlynn,2025-05-29T07:51:50,Sic 'Em Shot (red),1,0
111,Marlynn,2025-05-29T07:51:50,Battalion Barque (yellow),2,0
111,Marlynn,2025-05-29T07:51:50,Gold Hunter Longboat (yellow),1,0
111,Marlynn,2025-05-29T07:51:50,Head Shot (yellow),1,0
111,Marlynn,2025-05-29T07:51:50,HMS Marlin (yellow),1,0
111,Marlynn,2025-05-29T07:51:50,Money or Your Life? (yellow),1,0
111,Marlynn,2025-05-29T07:51:50,Rally the Coast Guard (yellow),1,0
111,Marlynn,2025-05-29T07:51:50,Saltwater Swell (yellow),1,0
111,Marlynn,2025-05-29T07:51:50,Swiftwater Sloop (yellow),1,0
111,Marlynn,2025-05-29T07:51:50,Swindler's Grift (yellow),1,0
111,Marlynn,2025-05-29T07:51:50,Trade In (yellow),1,0
111,Marlynn,2025-05-29T07:51:50,Crash Down the Gates (blue),1,0
111,Marlynn,2025-05-29T07:51:50,Flying High (blue),1,0
111,Marlynn,2025-05-29T07:51:50,Murderous Rabble (blue),1,0
111,Marlynn,2025-05-29T07:51:50,Mutiny on the Swiftwater (blue),2,0
111,Marlynn,2025-05-29T07:51:50,Nimby (blue),1,0
111,Marlynn,2025-05-29T07:51:50,Rusty Harpoon (blue),1,0
111,Marlynn,2025-05-29T07:51:50,Salvage Shot (blue),1,0
111,Marlynn,2025-05-29T07:51:50,Sapphire Amulet (blue),1,0
111,Marlynn,2025-05-29T07:51:50,Sinker (blue),1,0
111,Marlynn,2025-05-29T07:51:50,Sirens of Safe Harbor (blue),1,0
111,Marlynn,2025-05-29T07:51:50,Swindler's Grift (blue),1,0
111,Marlynn,2025-05-29T07:51:50,Glidewell Fins,1,1
111,Marlynn,2025-05-29T07:51:50,Old Knocker,1,1
111,Marlynn,2025-05-29T07:51:50,Patch the Hole,1,1
112,Gravy Bones,2025-05-29T08:26:23,Battalion Barque (red),1,0
112,Gravy Bones,2025-05-29T08:26:23,Blow for a Blow (red),1,0
112,Gravy Bones,2025-05-29T08:26:23,Fiddler's Green (red),1,0
112,Gravy Bones,2025-05-29T08:26:23,Hoist 'Em Up (red),1,0
112,Gravy Bones,2025-05-29T08:26:23,Jittery Bones (red),1,0
112,Gravy Bones,2025-05-29T08:26:23,On the Horizon (red),1,0
112,Gravy Bones,2025-05-29T08:26:23,Paddle Faster (red),1,0
112,Gravy Bones,2025-05-29T08:26:23,Saltwater Swell (red),1,0
112,Gravy Bones,2025-05-29T08:26:23,Swiftwater Sloop (red),2,0
112,Gravy Bones,2025-05-29T08:26:23,Angry Bones (yellow),1,0
112,Gravy Bones,2025-05-29T08:26:23,Barnacle (yellow),1,0
112,Gravy Bones,2025-05-29T08:26:23,Battalion Barque (yellow),1,0
112,Gravy Bones,2025-05-29T08:26:23,"Cutty Shark, Quick Clip (yellow)",1,0
112,Gravy Bones,2025-05-29T08:26:23,Gold Hunter Ketch (yellow),1,0
112,Gravy Bones,2025-05-29T08:26:23,Gold Hunter Lightsail (yellow),1,0
112,Gravy Bones,2025-05-29T08:26:23,HMS Kraken (yellow),1,0
112,Gravy Bones,2025-05-29T08:26:23,Jittery Bones (yellow),1,0
112,Gravy Bones,2025-05-29T08:26:23,"Limpit, Hop-a-long (yellow)",1,0
112,Gravy Bones,2025-05-29T08:26:23,Nimby (yellow),1,0
112,Gravy Bones,2025-05-29T08:26:23,Restless Bones (yellow),1,0
112,Gravy Bones,2025-05-29T08:26:23,"Scooba, Salty Sea Dog (yellow)",1,0
112,Gravy Bones,2025-05-29T08:26:23,Sirens of Safe Harbor (yellow),1,0
112,Gravy Bones,2025-05-29T08:26:23,Swabbie (yellow),1,0
112,Gravy Bones,2025-05-29T08:26:23,Avast Ye! (blue),1,0
112,Gravy Bones,2025-05-29T08:26:23,Battalion Barque (blue),1,0
112,Gravy Bones,2025-05-29T08:26:23,Burly Bones (blue),1,0
112,Gravy Bones,2025-05-29T08:26:23,Flying High (blue),2,0
112,Gravy Bones,2025-05-29T08:26:23,Mutiny on the Battalion Barque (blue),1,0
112,Gravy Bones,2025-05-29T08:26:23,On the Horizon (blue),1,0
112,Gravy Bones,2025-05-29T08:26:23,Restless Bones (blue),1,0
112,Gravy Bones,2025-05-29T08:26:23,Sea Floor Salvage (blue),1,0
112,Gravy Bones,2025-05-29T08:26:23,Sirens of Safe Harbor (blue),2,0
112,Gravy Bones,2025-05-29T08:26:23,Swiftwater Sloop (blue),1,0
112,Gravy Bones,2025-05-29T08:26:23,Tit for Tat (blue),1,0
112,Gravy Bones,2025-05-29T08:26:23,Yo Ho Ho! (blue),1,0
112,Gravy Bones,2025-05-29T08:26:23,Buccaneer's Bounty,1,1
112,Gravy Bones,2025-05-29T08:26:23,Head Stone,2,1
112,Gravy Bones,2025-05-29T08:26:23,Washed Up Wave,1,1
113,Gravy Bones,2025-05-29T10:17:37,Angry Bones (red),1,0
113,Gravy Bones,2025-05-29T10:17:37,Battalion Barque (red),1,0
113,Gravy Bones,2025-05-29T10:17:37,Blow for a Blow (red),1,0
113,Gravy Bones,2025-05-29T10:17:37,Expedition to Horizon's Mantle (red),1,0
113,Gravy Bones,2025-05-29T10:17:37,Jittery Bones (red),4,0
113,Gravy Bones,2025-05-29T10:17:37,Restless Bones (red),2,0
113,Gravy Bones,2025-05-29T10:17:37,Saltwater Swell (red),1,0
113,Gravy Bones,2025-05-29T10:17:37,Walk the Plank (red),1,0
113,Gravy Bones,2025-05-29T10:17:37,Barnacle (yellow),1,0
113,Gravy Bones,2025-05-29T10:17:37,"Cutty Shark, Quick Clip (yellow)",3,0
113,Gravy Bones,2025-05-29T10:17:37,Fool's Gold (yellow),1,0
113,Gravy Bones,2025-05-29T10:17:37,HMS Barracuda (yellow),1,0
113,Gravy Bones,2025-05-29T10:17:37,Chart a Course (yellow),2,0
113,Gravy Bones,2025-05-29T10:17:37,Jittery Bones (yellow),1,0
113,Gravy Bones,2025-05-29T10:17:37,Rally the Coast Guard (yellow),1,0
113,Gravy Bones,2025-05-29T10:17:37,Restless Bones (yellow),1,0
113,Gravy Bones,2025-05-29T10:17:37,"Scooba, Salty Sea Dog (yellow)",1,0
113,Gravy Bones,2025-05-29T10:17:37,"Shelly, Hardened Traveler (yellow)",2,0
113,Gravy Bones,2025-05-29T10:17:37,Sirens of Safe Harbor (yellow),1,0
113,Gravy Bones,2025-05-29T10:17:37,Swindler's Grift (yellow),1,0
113,Gravy Bones,2025-05-29T10:17:37,Avast Ye! (blue),1,0
113,Gravy Bones,2025-05-29T10:17:37,Crash Down the Gates (blue),1,0
113,Gravy Bones,2025-05-29T10:17:37,Golden Tipple (blue),2,0
113,Gravy Bones,2025-05-29T10:17:37,Chart a Course (blue),1,0
113,Gravy Bones,2025-05-29T10:17:37,Mutiny on the Swiftwater (blue),1,0
113,Gravy Bones,2025-05-29T10:17:37,Restless Bones (blue),1,0
113,Gravy Bones,2025-05-29T10:17:37,Walk the Plank (blue),1,0
113,Gravy Bones,2025-05-29T10:17:37,Yo Ho Ho! (blue),1,0
113,Gravy Bones,2025-05-29T10:17:37,Head Stone,1,1
113,Gravy Bones,2025-05-29T10:17:37,Washed Up Wave,1,1
114,Gravy Bones,2025-05-29T13:02:17,Angry Bones (red),1,0
114,Gravy Bones,2025-05-29T13:02:17,Board the Ship (red),2,0
114,Gravy Bones,2025-05-29T13:02:17,Burly Bones (red),1,0
114,Gravy Bones,2025-05-29T13:02:17,Jittery Bones (red),3,0
114,Gravy Bones,2025-05-29T13:02:17,Ravenous Rabble (red),1,0
114,Gravy Bones,2025-05-29T13:02:17,Restless Bones (red),1,0
114,Gravy Bones,2025-05-29T13:02:17,Swindler's Grift (red),1,0
114,Gravy Bones,2025-05-29T13:02:17,Angry Bones (yellow),2,0
114,Gravy Bones,2025-05-29T13:02:17,Barnacle (yellow),1,0
114,Gravy Bones,2025-05-29T13:02:17,"Cutty Shark, Quick Clip (yellow)",1,0
114,Gravy Bones,2025-05-29T13:02:17,Fiddler's Green (yellow),1,0
114,Gravy Bones,2025-05-29T13:02:17,Gold Hunter Ketch (yellow),1,0
114,Gravy Bones,2025-05-29T13:02:17,HMS Marlin (yellow),1,0
114,Gravy Bones,2025-05-29T13:02:17,"Chowder, Hearty Cook (yellow)",1,0
114,Gravy Bones,2025-05-29T13:02:17,Jittery Bones (yellow),3,0
114,Gravy Bones,2025-05-29T13:02:17,"Kelpie, Tangled Mess (yellow)",1,0
114,Gravy Bones,2025-05-29T13:02:17,Pilfer the Wreck (yellow),1,0
114,Gravy Bones,2025-05-29T13:02:17,Restless Bones (yellow),1,0
114,Gravy Bones,2025-05-29T13:02:17,"Shelly, Hardened Traveler (yellow)",1,0
114,Gravy Bones,2025-05-29T13:02:17,Strike Gold (yellow),1,0
114,Gravy Bones,2025-05-29T13:02:17,Swiftwater Sloop (yellow),1,0
114,Gravy Bones,2025-05-29T13:02:17,Trade In (yellow),1,0
114,Gravy Bones,2025-05-29T13:02:17,Walk the Plank (yellow),1,0
114,Gravy Bones,2025-05-29T13:02:17,Burly Bones (blue),3,0
114,Gravy Bones,2025-05-29T13:02:17,Jittery Bones (blue),1,0
114,Gravy Bones,2025-05-29T13:02:17,Mutiny on the Swiftwater (blue),1,0
114,Gravy Bones,2025-05-29T13:02:17,Restless Bones (blue),2,0
114,Gravy Bones,2025-05-29T13:02:17,Shifting Tides (blue),1,0
114,Gravy Bones,2025-05-29T13:02:17,Swindler's Grift (blue),1,0
114,Gravy Bones,2025-05-29T13:02:17,Captain's Coat,1,1
114,Gravy Bones,2025-05-29T13:02:17,Head Stone,1,1
114,Gravy Bones,2025-05-29T13:02:17,Washed Up Wave,1,1
115,Gravy Bones,2025-05-29T14:44:40,Board the Ship (red),1,0
115,Gravy Bones,2025-05-29T14:44:40,Burly Bones (red),1,0
115,Gravy Bones,2025-05-29T14:44:40,Jittery Bones (red),1,0
115,Gravy Bones,2025-05-29T14:44:40,Restless Bones (red),2,0
115,Gravy Bones,2025-05-29T14:44:40,Strike Gold (red),1,0
115,Gravy Bones,2025-05-29T14:44:40,Angry Bones (yellow),1,0
115,Gravy Bones,2025-05-29T14:44:40,Barnacle (yellow),1,0
115,Gravy Bones,2025-05-29T14:44:40,Burly Bones (yellow),1,0
115,Gravy Bones,2025-05-29T14:44:40,Fool's Gold (yellow),1,0
115,Gravy Bones,2025-05-29T14:44:40,HMS Kraken (yellow),1,0
115,Gravy Bones,2025-05-29T14:44:40,HMS Marlin (yellow),1,0
115,Gravy Bones,2025-05-29T14:44:40,"Chowder, Hearty Cook (yellow)",1,0
115,Gravy Bones,2025-05-29T14:44:40,Rally the Coast Guard (yellow),1,0
115,Gravy Bones,2025-05-29T14:44:40,Restless Bones (yellow),1,0
115,Gravy Bones,2025-05-29T14:44:40,Riggermortis (yellow),2,0
115,Gravy Bones,2025-05-29T14:44:40,"Scooba, Salty Sea Dog (yellow)",1,0
115,Gravy Bones,2025-05-29T14:44:40,"Shelly, Hardened Traveler (yellow)",1,0
115,Gravy Bones,2025-05-29T14:44:40,Sirens of Safe Harbor (yellow),1,0
115,Gravy Bones,2025-05-29T14:44:40,Swabbie (yellow),1,0
115,Gravy Bones,2025-05-29T14:44:40,Burly Bones (blue),1,0
115,Gravy Bones,2025-05-29T14:44:40,Divvy Up (blue),1,0
115,Gravy Bones,2025-05-29T14:44:40,Give No Quarter (blue),1,0
115,Gravy Bones,2025-05-29T14:44:40,Jittery Bones (blue),2,0
115,Gravy Bones,2025-05-29T14:44:40,Mutiny on the Nimbus Sovereign (blue),1,0
115,Gravy Bones,2025-05-29T14:44:40,Mutiny on the Swiftwater (blue),1,0
115,Gravy Bones,2025-05-29T14:44:40,Pounamu Amulet (blue),1,0
115,Gravy Bones,2025-05-29T14:44:40,Rally the Coast Guard (blue),1,0
115,Gravy Bones,2025-05-29T14:44:40,Restless Bones (blue),3,0
115,Gravy Bones,2025-05-29T14:44:40,Sapphire Amulet (blue),1,0
115,Gravy Bones,2025-05-29T14:44:40,Sea Floor Salvage (blue),1,0
115,Gravy Bones,2025-05-29T14:44:40,Strike Gold (blue),1,0
115,Gravy Bones,2025-05-29T14:44:40,Swiftwater Sloop (blue),1,0
115,Gravy Bones,2025-05-29T14:44:40,Walk the Plank (blue),1,0
115,Gravy Bones,2025-05-29T14:44:40,Bandana of the Blue Beyond,1,1
115,Gravy Bones,2025-05-29T14:44:40,Captain's Coat,1,1
115,Gravy Bones,2025-05-29T14:44:40,Quartermaster's Boots,1,1
115,Gravy Bones,2025-05-29T14:44:40,Washed Up Wave,1,1
116,Gravy Bones,2025-05-29T16:31:01,Angry Bones (red),1,0
116,Gravy Bones,2025-05-29T16:31:01,Blood in the Water (red),1,0
116,Gravy Bones,2025-05-29T16:31:01,Blow for a Blow (red),1,0
116,Gravy Bones,2025-05-29T16:31:01,Burly Bones (red),1,0
116,Gravy Bones,2025-05-29T16:31:01,Expedition to Azuro Keys (red),1,0
116,Gravy Bones,2025-05-29T16:31:01,Expedition to Dreadfall Reach (red),1,0
116,Gravy Bones,2025-05-29T16:31:01,Golden Tipple (red),1,0
116,Gravy Bones,2025-05-29T16:31:01,Hoist 'Em Up (red),1,0
116,Gravy Bones,2025-05-29T16:31:01,Jittery Bones (red),2,0
116,Gravy Bones,2025-05-29T16:31:01,Paddle Faster (red),1,0
116,Gravy Bones,2025-05-29T16:31:01,Thiev'n Varmints (red),1,0
116,Gravy Bones,2025-05-29T16:31:01,Angry Bones (yellow),1,0
116,Gravy Bones,2025-05-29T16:31:01,Barnacle (yellow),3,0
116,Gravy Bones,2025-05-29T16:31:01,"Cutty Shark, Quick Clip (yellow)",3,0
116,Gravy Bones,2025-05-29T16:31:01,"Chowder, Hearty Cook (yellow)",2,0
116,Gravy Bones,2025-05-29T16:31:01,Jittery Bones (yellow),1,0
116,Gravy Bones,2025-05-29T16:31:01,"Kelpie, Tangled Mess (yellow)",1,0
116,Gravy Bones,2025-05-29T16:31:01,Nimby (yellow),1,0
116,Gravy Bones,2025-05-29T16:31:01,Rally the Coast Guard (yellow),1,0
116,Gravy Bones,2025-05-29T16:31:01,Restless Bones (yellow),1,0
116,Gravy Bones,2025-05-29T16:31:01,"Shelly, Hardened Traveler (yellow)",1,0
116,Gravy Bones,2025-05-29T16:31:01,Swabbie (yellow),1,0
116,Gravy Bones,2025-05-29T16:31:01,Angry Bones (blue),2,0
116,Gravy Bones,2025-05-29T16:31:01,Avast Ye! (blue),1,0
116,Gravy Bones,2025-05-29T16:31:01,Burly Bones (blue),1,0
116,Gravy Bones,2025-05-29T16:31:01,Flying High (blue),1,0
116,Gravy Bones,2025-05-29T16:31:01,Heave Ho! (blue),1,0
116,Gravy Bones,2025-05-29T16:31:01,Mutiny on the Battalion Barque (blue),1,0
116,Gravy Bones,2025-05-29T16:31:01,Opal Amulet (blue),1,0
116,Gravy Bones,2025-05-29T16:31:01,Platinum Amulet (blue),1,0
116,Gravy Bones,2025-05-29T16:31:01,Restless Bones (blue),2,0
116,Gravy Bones,2025-05-29T16:31:01,Swiftwater Sloop (blue),1,0
116,Gravy Bones,2025-05-29T16:31:01,Head Stone,1,1
116,Gravy Bones,2025-05-29T16:31:01,Washed Up Wave,1,1
117,Gravy Bones,2025-05-29T17:34:28,Burly Bones (red),1,0
117,Gravy Bones,2025-05-29T17:34:28,Expedition to Azuro Keys (red),1,0
117,Gravy Bones,2025-05-29T17:34:28,Fiddler's Green (red),1,0
117,Gravy Bones,2025-05-29T17:34:28,Hoist 'Em Up (red),1,0
117,Gravy Bones,2025-05-29T17:34:28,Jittery Bones (red),1,0
117,Gravy Bones,2025-05-29T17:34:28,On the Horizon (red),1,0
117,Gravy Bones,2025-05-29T17:34:28,Strike Gold (red),1,0
117,Gravy Bones,2025-05-29T17:34:28,Swiftwater Sloop (red),1,0
117,Gravy Bones,2025-05-29T17:34:28,Thiev'n Varmints (red),1,0
117,Gravy Bones,2025-05-29T17:34:28,Walk the Plank (red),1,0
117,Gravy Bones,2025-05-29T17:34:28,Angry Bones (yellow),1,0
117,Gravy Bones,2025-05-29T17:34:28,Barnacle (yellow),2,0
117,Gravy Bones,2025-05-29T17:34:28,Burly Bones (yellow),1,0
117,Gravy Bones,2025-05-29T17:34:28,Crash Down the Gates (yellow),1,0
117,Gravy Bones,2025-05-29T17:34:28,Gold Hunter Ketch (yellow),1,0
117,Gravy Bones,2025-05-29T17:34:28,HMS Barracuda (yellow),1,0
117,Gravy Bones,2025-05-29T17:34:28,Rally the Coast Guard (yellow),1,0
117,Gravy Bones,2025-05-29T17:34:28,Restless Bones (yellow),2,0
117,Gravy Bones,2025-05-29T17:34:28,Riggermortis (yellow),1,0
117,Gravy Bones,2025-05-29T17:34:28,"Scooba, Salty Sea Dog (yellow)",1,0
117,Gravy Bones,2025-05-29T17:34:28,"Shelly, Hardened Traveler (yellow)",1,0
117,Gravy Bones,2025-05-29T17:34:28,Sirens of Safe Harbor (yellow),1,0
117,Gravy Bones,2025-05-29T17:34:28,Walk the Plank (yellow),1,0
117,Gravy Bones,2025-05-29T17:34:28,Angry Bones (blue),1,0
117,Gravy Bones,2025-05-29T17:34:28,Burly Bones (blue),1,0
117,Gravy Bones,2025-05-29T17:34:28,Fiddler's Green (blue),1,0
117,Gravy Bones,2025-05-29T17:34:28,Flying High (blue),1,0
117,Gravy Bones,2025-05-29T17:34:28,Murderous Rabble (blue),1,0
117,Gravy Bones,2025-05-29T17:34:28,Mutiny on the Swiftwater (blue),1,0
117,Gravy Bones,2025-05-29T17:34:28,Onyx Amulet (blue),1,0
117,Gravy Bones,2025-05-29T17:34:28,Rally the Coast Guard (blue),1,0
117,Gravy Bones,2025-05-29T17:34:28,Shifting Tides (blue),1,0
117,Gravy Bones,2025-05-29T17:34:28,Walk the Plank (blue),1,0
117,Gravy Bones,2025-05-29T17:34:28,Yo Ho Ho! (blue),1,0
117,Gravy Bones,2025-05-29T17:34:28,Buccaneer's Bounty,1,1
117,Gravy Bones,2025-05-29T17:34:28,Quartermaster's Boots,1,1
117,Gravy Bones,2025-05-29T17:34:28,Washed Up Wave,1,1
118,Marlynn,2025-05-29T18:02:06,Call in the Big Guns (red),1,0
118,Marlynn,2025-05-29T18:02:06,Dry Powder Shot (red),1,0
118,Marlynn,2025-05-29T18:02:06,Entangling Shot (red),1,0
118,Marlynn,2025-05-29T18:02:06,Expedition to Dreadfall Reach (red),1,0
118,Marlynn,2025-05-29T18:02:06,Flying High (red),1,0
118,Marlynn,2025-05-29T18:02:06,Golden Tipple (red),2,0
118,Marlynn,2025-05-29T18:02:06,Head Shot (red),1,0
118,Marlynn,2025-05-29T18:02:06,Chart a Course (red),1,0
118,Marlynn,2025-05-29T18:02:06,Life for a Life (red),1,0
118,Marlynn,2025-05-29T18:02:06,Nettling Shot (red),1,0
118,Marlynn,2025-05-29T18:02:06,On the Horizon (red),1,0
118,Marlynn,2025-05-29T18:02:06,Rally the Coast Guard (red),1,0
118,Marlynn,2025-05-29T18:02:06,Scouting Shot (red),1,0
118,Marlynn,2025-05-29T18:02:06,Swift Shot (red),1,0
118,Marlynn,2025-05-29T18:02:06,Swindler's Grift (red),1,0
118,Marlynn,2025-05-29T18:02:06,Big Game Trophy Shot (yellow),1,0
118,Marlynn,2025-05-29T18:02:06,Golden Tipple (yellow),2,0
118,Marlynn,2025-05-29T18:02:06,Head Shot (yellow),1,0
118,Marlynn,2025-05-29T18:02:06,HMS Kraken (yellow),1,0
118,Marlynn,2025-05-29T18:02:06,Sirens of Safe Harbor (yellow),1,0
118,Marlynn,2025-05-29T18:02:06,Walk the Plank (yellow),2,0
118,Marlynn,2025-05-29T18:02:06,Battalion Barque (blue),1,0
118,Marlynn,2025-05-29T18:02:06,Head Shot (blue),1,0
118,Marlynn,2025-05-29T18:02:06,Hook (blue),1,0
118,Marlynn,2025-05-29T18:02:06,On the Horizon (blue),1,0
118,Marlynn,2025-05-29T18:02:06,Pilfer the Wreck (blue),1,0
118,Marlynn,2025-05-29T18:02:06,Red Fin Harpoon (blue),1,0
118,Marlynn,2025-05-29T18:02:06,Salvage Shot (blue),1,0
118,Marlynn,2025-05-29T18:02:06,Shifting Tides (blue),1,0
118,Marlynn,2025-05-29T18:02:06,Sirens of Safe Harbor (blue),1,0
118,Marlynn,2025-05-29T18:02:06,Swindler's Grift (blue),1,0
118,Marlynn,2025-05-29T18:02:06,Tit for Tat (blue),1,0
118,Marlynn,2025-05-29T18:02:06,Walk the Plank (blue),1,0
118,Marlynn,2025-05-29T18:02:06,Blue Sea Tricorn,1,1
118,Marlynn,2025-05-29T18:02:06,Old Knocker,1,1
118,Marlynn,2025-05-29T18:02:06,Patch the Hole,1,1
119,Gravy Bones,2025-05-29T21:20:02,Blow for a Blow (red),1,0
119,Gravy Bones,2025-05-29T21:20:02,Jittery Bones (red),1,0
119,Gravy Bones,2025-05-29T21:20:02,Nimblism (red),1,0
119,Gravy Bones,2025-05-29T21:20:02,On the Horizon (red),1,0
119,Gravy Bones,2025-05-29T21:20:02,Barnacle (yellow),2,0
119,Gravy Bones,2025-05-29T21:20:02,Burly Bones (yellow),1,0
119,Gravy Bones,2025-05-29T21:20:02,Flying High (yellow),1,0
119,Gravy Bones,2025-05-29T21:20:02,Gold Hunter Longboat (yellow),2,0
119,Gravy Bones,2025-05-29T21:20:02,HMS Barracuda (yellow),1,0
119,Gravy Bones,2025-05-29T21:20:02,Restless Bones (yellow),1,0
119,Gravy Bones,2025-05-29T21:20:02,Riggermortis (yellow),1,0
119,Gravy Bones,2025-05-29T21:20:02,"Shelly, Hardened Traveler (yellow)",1,0
119,Gravy Bones,2025-05-29T21:20:02,Swabbie (yellow),2,0
119,Gravy Bones,2025-05-29T21:20:02,Trade In (yellow),1,0
119,Gravy Bones,2025-05-29T21:20:02,Angry Bones (blue),2,0
119,Gravy Bones,2025-05-29T21:20:02,Battalion Barque (blue),1,0
119,Gravy Bones,2025-05-29T21:20:02,Jittery Bones (blue),1,0
119,Gravy Bones,2025-05-29T21:20:02,Mutiny on the Battalion Barque (blue),1,0
119,Gravy Bones,2025-05-29T21:20:02,Mutiny on the Swiftwater (blue),1,0
119,Gravy Bones,2025-05-29T21:20:02,Nimblism (blue),1,0
119,Gravy Bones,2025-05-29T21:20:02,Portside Exchange (blue),1,0
119,Gravy Bones,2025-05-29T21:20:02,Restless Bones (blue),2,0
119,Gravy Bones,2025-05-29T21:20:02,Shifting Tides (blue),1,0
119,Gravy Bones,2025-05-29T21:20:02,Sirens of Safe Harbor (blue),1,0
119,Gravy Bones,2025-05-29T21:20:02,Strike Gold (blue),1,0
119,Gravy Bones,2025-05-29T21:20:02,Swiftwater Sloop (blue),1,0
119,Gravy Bones,2025-05-29T21:20:02,Swindler's Grift (blue),1,0
119,Gravy Bones,2025-05-29T21:20:02,Bandana of the Blue Beyond,1,1
119,Gravy Bones,2025-05-29T21:20:02,Head Stone,1,1
119,Gravy Bones,2025-05-29T21:20:02,Quartermaster's Boots,1,1
119,Gravy Bones,2025-05-29T21:20:02,Washed Up Wave,1,1
120,Gravy Bones,2025-05-29T22:41:35,Angry Bones (red),1,0
120,Gravy Bones,2025-05-29T22:41:35,Blow for a Blow (red),1,0
120,Gravy Bones,2025-05-29T22:41:35,Fiddler's Green (red),1,0
120,Gravy Bones,2025-05-29T22:41:35,Jittery Bones (red),2,0
120,Gravy Bones,2025-05-29T22:41:35,Restless Bones (red),1,0
120,Gravy Bones,2025-05-29T22:41:35,Swiftwater Sloop (red),2,0
120,Gravy Bones,2025-05-29T22:41:35,Barnacle (yellow),1,0
120,Gravy Bones,2025-05-29T22:41:35,"Cutty Shark, Quick Clip (yellow)",1,0
120,Gravy Bones,2025-05-29T22:41:35,"Chowder, Hearty Cook (yellow)",1,0
120,Gravy Bones,2025-05-29T22:41:35,Jittery Bones (yellow),1,0
120,Gravy Bones,2025-05-29T22:41:35,"Kelpie, Tangled Mess (yellow)",1,0
120,Gravy Bones,2025-05-29T22:41:35,"Limpit, Hop-a-long (yellow)",1,0
120,Gravy Bones,2025-05-29T22:41:35,Restless Bones (yellow),1,0
120,Gravy Bones,2025-05-29T22:41:35,Riggermortis (yellow),1,0
120,Gravy Bones,2025-05-29T22:41:35,"Scooba, Salty Sea Dog (yellow)",1,0
120,Gravy Bones,2025-05-29T22:41:35,"Shelly, Hardened Traveler (yellow)",3,0
120,Gravy Bones,2025-05-29T22:41:35,Sirens of Safe Harbor (yellow),1,0
120,Gravy Bones,2025-05-29T22:41:35,Swabbie (yellow),2,0
120,Gravy Bones,2025-05-29T22:41:35,Swindler's Grift (yellow),1,0
120,Gravy Bones,2025-05-29T22:41:35,Angry Bones (blue),2,0
120,Gravy Bones,2025-05-29T22:41:35,Avast Ye! (blue),1,0
120,Gravy Bones,2025-05-29T22:41:35,Burly Bones (blue),1,0
120,Gravy Bones,2025-05-29T22:41:35,Clap 'Em in Irons (blue),1,0
120,Gravy Bones,2025-05-29T22:41:35,Flying High (blue),1,0
120,Gravy Bones,2025-05-29T22:41:35,Jittery Bones (blue),1,0
120,Gravy Bones,2025-05-29T22:41:35,Mutiny on the Swiftwater (blue),1,0
120,Gravy Bones,2025-05-29T22:41:35,Rally the Coast Guard (blue),1,0
120,Gravy Bones,2025-05-29T22:41:35,Restless Bones (blue),2,0
120,Gravy Bones,2025-05-29T22:41:35,Scrub the Deck (blue),1,0
120,Gravy Bones,2025-05-29T22:41:35,Swiftwater Sloop (blue),1,0
120,Gravy Bones,2025-05-29T22:41:35,Blue Sea Tricorn,1,1
120,Gravy Bones,2025-05-29T22:41:35,Buccaneer's Bounty,1,1
120,Gravy Bones,2025-05-29T22:41:35,Washed Up Wave,1,1
121,Gravy Bones,2025-05-29T22:57:17,Angry Bones (red),1,0
121,Gravy Bones,2025-05-29T22:57:17,Battalion Barque (red),2,0
121,Gravy Bones,2025-05-29T22:57:17,Burly Bones (red),2,0
121,Gravy Bones,2025-05-29T22:57:17,Jittery Bones (red),4,0
121,Gravy Bones,2025-05-29T22:57:17,Rally the Coast Guard (red),1,0
121,Gravy Bones,2025-05-29T22:57:17,Sirens of Safe Harbor (red),1,0
121,Gravy Bones,2025-05-29T22:57:17,Thiev'n Varmints (red),1,0
121,Gravy Bones,2025-05-29T22:57:17,Angry Bones (yellow),1,0
121,Gravy Bones,2025-05-29T22:57:17,Burly Bones (yellow),1,0
121,Gravy Bones,2025-05-29T22:57:17,"Cutty Shark, Quick Clip (yellow)",3,0
121,Gravy Bones,2025-05-29T22:57:17,Nimby (yellow),1,0
121,Gravy Bones,2025-05-29T22:57:17,Restless Bones (yellow),3,0
121,Gravy Bones,2025-05-29T22:57:17,Riggermortis (yellow),2,0
121,Gravy Bones,2025-05-29T22:57:17,"Shelly, Hardened Traveler (yellow)",1,0
121,Gravy Bones,2025-05-29T22:57:17,Swabbie (yellow),1,0
121,Gravy Bones,2025-05-29T22:57:17,Angry Bones (blue),1,0
121,Gravy Bones,2025-05-29T22:57:17,Avast Ye! (blue),1,0
121,Gravy Bones,2025-05-29T22:57:17,Battalion Barque (blue),1,0
121,Gravy Bones,2025-05-29T22:57:17,Flying High (blue),1,0
121,Gravy Bones,2025-05-29T22:57:17,Golden Tipple (blue),2,0
121,Gravy Bones,2025-05-29T22:57:17,Jittery Bones (blue),2,0
121,Gravy Bones,2025-05-29T22:57:17,On the Horizon (blue),1,0
121,Gravy Bones,2025-05-29T22:57:17,Pilfer the Wreck (blue),1,0
121,Gravy Bones,2025-05-29T22:57:17,Portside Exchange (blue),1,0
121,Gravy Bones,2025-05-29T22:57:17,Restless Bones (blue),2,0
121,Gravy Bones,2025-05-29T22:57:17,Walk the Plank (blue),1,0
121,Gravy Bones,2025-05-29T22:57:17,Head Stone,1,1
121,Gravy Bones,2025-05-29T22:57:17,Washed Up Wave,1,1
122,Gravy Bones,2025-05-29T23:26:15,Angry Bones (red),2,0
122,Gravy Bones,2025-05-29T23:26:15,Battalion Barque (red),1,0
122,Gravy Bones,2025-05-29T23:26:15,Board the Ship (red),1,0
122,Gravy Bones,2025-05-29T23:26:15,Burly Bones (red),1,0
122,Gravy Bones,2025-05-29T23:26:15,Expedition to Blackwater Strait (red),1,0
122,Gravy Bones,2025-05-29T23:26:15,Expedition to Horizon's Mantle (red),1,0
122,Gravy Bones,2025-05-29T23:26:15,Jack Be Quick (red),1,0
122,Gravy Bones,2025-05-29T23:26:15,Jittery Bones (red),1,0
122,Gravy Bones,2025-05-29T23:26:15,Sirens of Safe Harbor (red),1,0
122,Gravy Bones,2025-05-29T23:26:15,Swindler's Grift (red),2,0
122,Gravy Bones,2025-05-29T23:26:15,Angry Bones (yellow),1,0
122,Gravy Bones,2025-05-29T23:26:15,Barnacle (yellow),1,0
122,Gravy Bones,2025-05-29T23:26:15,Burly Bones (yellow),1,0
122,Gravy Bones,2025-05-29T23:26:15,Golden Tipple (yellow),2,0
122,Gravy Bones,2025-05-29T23:26:15,"Chowder, Hearty Cook (yellow)",1,0
122,Gravy Bones,2025-05-29T23:26:15,"Kelpie, Tangled Mess (yellow)",1,0
122,Gravy Bones,2025-05-29T23:26:15,Pilfer the Wreck (yellow),1,0
122,Gravy Bones,2025-05-29T23:26:15,Riggermortis (yellow),1,0
122,Gravy Bones,2025-05-29T23:26:15,"Shelly, Hardened Traveler (yellow)",1,0
122,Gravy Bones,2025-05-29T23:26:15,Angry Bones (blue),2,0
122,Gravy Bones,2025-05-29T23:26:15,Fiddler's Green (blue),1,0
122,Gravy Bones,2025-05-29T23:26:15,Golden Tipple (blue),1,0
122,Gravy Bones,2025-05-29T23:26:15,Jittery Bones (blue),1,0
122,Gravy Bones,2025-05-29T23:26:15,Mutiny on the Battalion Barque (blue),1,0
122,Gravy Bones,2025-05-29T23:26:15,Mutiny on the Swiftwater (blue),1,0
122,Gravy Bones,2025-05-29T23:26:15,Portside Exchange (blue),1,0
122,Gravy Bones,2025-05-29T23:26:15,Rally the Coast Guard (blue),1,0
122,Gravy Bones,2025-05-29T23:26:15,Regain Composure (blue),1,0
122,Gravy Bones,2025-05-29T23:26:15,Scrub the Deck (blue),1,0
122,Gravy Bones,2025-05-29T23:26:15,Sea Floor Salvage (blue),1,0
122,Gravy Bones,2025-05-29T23:26:15,Sirens of Safe Harbor (blue),1,0
122,Gravy Bones,2025-05-29T23:26:15,Strike Gold (blue),1,0
122,Gravy Bones,2025-05-29T23:26:15,Walk the Plank (blue),1,0
122,Gravy Bones,2025-05-29T23:26:15,Buccaneer's Bounty,1,1
122,Gravy Bones,2025-05-29T23:26:15,Head Stone,1,1
122,Gravy Bones,2025-05-29T23:26:15,Washed Up Wave,1,1
123,Marlynn,2025-05-30T00:05:05,Dry Powder Shot (red),1,0
123,Marlynn,2025-05-30T00:05:05,Expedition to Dreadfall Reach (red),1,0
123,Marlynn,2025-05-30T00:05:05,Flying High (red),1,0
123,Marlynn,2025-05-30T00:05:05,Head Shot (red),1,0
123,Marlynn,2025-05-30T00:05:05,Jack Be Nimble (red),1,0
123,Marlynn,2025-05-30T00:05:05,Jack Be Quick (red),1,0
123,Marlynn,2025-05-30T00:05:05,Life for a Life (red),2,0
123,Marlynn,2025-05-30T00:05:05,Nettling Shot (red),1,0
123,Marlynn,2025-05-30T00:05:05,Nimblism (red),2,0
123,Marlynn,2025-05-30T00:05:05,Nimby (red),2,0
123,Marlynn,2025-05-30T00:05:05,Scar for a Scar (red),1,0
123,Marlynn,2025-05-30T00:05:05,Scouting Shot (red),2,0
123,Marlynn,2025-05-30T00:05:05,Swift Shot (red),1,0
123,Marlynn,2025-05-30T00:05:05,Swiftwater Sloop (red),2,0
123,Marlynn,2025-05-30T00:05:05,Gold Hunter Ketch (yellow),2,0
123,Marlynn,2025-05-30T00:05:05,Gold Hunter Longboat (yellow),1,0
123,Marlynn,2025-05-30T00:05:05,Head Shot (yellow),1,0
123,Marlynn,2025-05-30T00:05:05,Midas Touch (yellow),1,0
123,Marlynn,2025-05-30T00:05:05,Nimblism (yellow),1,0
123,Marlynn,2025-05-30T00:05:05,Not So Fast (yellow),1,0
123,Marlynn,2025-05-30T00:05:05,Salvage Shot (yellow),1,0
123,Marlynn,2025-05-30T00:05:05,Strike Gold (yellow),1,0
123,Marlynn,2025-05-30T00:05:05,Hook (blue),1,0
123,Marlynn,2025-05-30T00:05:05,Murderous Rabble (blue),1,0
123,Marlynn,2025-05-30T00:05:05,Mutiny on the Nimbus Sovereign (blue),1,0
123,Marlynn,2025-05-30T00:05:05,Mutiny on the Swiftwater (blue),1,0
123,Marlynn,2025-05-30T00:05:05,Nimblism (blue),1,0
123,Marlynn,2025-05-30T00:05:05,Pilfer the Wreck (blue),1,0
123,Marlynn,2025-05-30T00:05:05,Rusty Harpoon (blue),1,0
123,Marlynn,2025-05-30T00:05:05,Buccaneer's Bounty,1,1
123,Marlynn,2025-05-30T00:05:05,Glidewell Fins,1,1
123,Marlynn,2025-05-30T00:05:05,Helmsman's Peak,1,1
124,Marlynn,2025-05-30T00:48:21,Call in the Big Guns (red),3,0
124,Marlynn,2025-05-30T00:48:21,Dry Powder Shot (red),1,0
124,Marlynn,2025-05-30T00:48:21,Entangling Shot (red),1,0
124,Marlynn,2025-05-30T00:48:21,Flying High (red),1,0
124,Marlynn,2025-05-30T00:48:21,Golden Tipple (red),1,0
124,Marlynn,2025-05-30T00:48:21,Head Shot (red),1,0
124,Marlynn,2025-05-30T00:48:21,Chart a Course (red),1,0
124,Marlynn,2025-05-30T00:48:21,Jack Be Nimble (red),1,0
124,Marlynn,2025-05-30T00:48:21,Nettling Shot (red),1,0
124,Marlynn,2025-05-30T00:48:21,On the Horizon (red),1,0
124,Marlynn,2025-05-30T00:48:21,Sic 'Em Shot (red),1,0
124,Marlynn,2025-05-30T00:48:21,Strike Gold (red),1,0
124,Marlynn,2025-05-30T00:48:21,Swift Shot (red),1,0
124,Marlynn,2025-05-30T00:48:21,Thiev'n Varmints (red),1,0
124,Marlynn,2025-05-30T00:48:21,Call in the Big Guns (yellow),2,0
124,Marlynn,2025-05-30T00:48:21,Head Shot (yellow),3,0
124,Marlynn,2025-05-30T00:48:21,HMS Barracuda (yellow),1,0
124,Marlynn,2025-05-30T00:48:21,HMS Marlin (yellow),1,0
124,Marlynn,2025-05-30T00:48:21,Chart a Course (yellow),1,0
124,Marlynn,2025-05-30T00:48:21,Nimblism (yellow),1,0
124,Marlynn,2025-05-30T00:48:21,Salvage Shot (yellow),1,0
124,Marlynn,2025-05-30T00:48:21,Blue Fin Harpoon (blue),1,0
124,Marlynn,2025-05-30T00:48:21,Head Shot (blue),3,0
124,Marlynn,2025-05-30T00:48:21,On the Horizon (blue),1,0
124,Marlynn,2025-05-30T00:48:21,Red Fin Harpoon (blue),1,0
124,Marlynn,2025-05-30T00:48:21,Rusty Harpoon (blue),1,0
124,Marlynn,2025-05-30T00:48:21,Shifting Tides (blue),1,0
124,Marlynn,2025-05-30T00:48:21,Yellow Fin Harpoon (blue),1,0
124,Marlynn,2025-05-30T00:48:21,Blue Sea Tricorn,1,1
124,Marlynn,2025-05-30T00:48:21,Fish Fingers,1,1
124,Marlynn,2025-05-30T00:48:21,Quick Clicks,1,1
125,Puffin,2025-05-30T00:56:36,Battalion Barque (red),2,0
125,Puffin,2025-05-30T00:56:36,Cloud Skiff (red),2,0
125,Puffin,2025-05-30T00:56:36,Cogwerx Zeppelin (red),1,0
125,Puffin,2025-05-30T00:56:36,Conqueror of the High Seas (red),1,0
125,Puffin,2025-05-30T00:56:36,Crash Down the Gates (red),1,0
125,Puffin,2025-05-30T00:56:36,Draw Back the Hammer (red),1,0
125,Puffin,2025-05-30T00:56:36,Goldwing Turbine (red),1,0
125,Puffin,2025-05-30T00:56:36,Pilfer the Wreck (red),1,0
125,Puffin,2025-05-30T00:56:36,Rally the Coast Guard (red),1,0
125,Puffin,2025-05-30T00:56:36,Sky Skimmer (red),1,0
125,Puffin,2025-05-30T00:56:36,Strike Gold (red),1,0
125,Puffin,2025-05-30T00:56:36,Swiftwater Sloop (red),1,0
125,Puffin,2025-05-30T00:56:36,Thiev'n Varmints (red),1,0
125,Puffin,2025-05-30T00:56:36,Tighten the Screws (red),2,0
125,Puffin,2025-05-30T00:56:36,Tough Old Wrench (red),1,0
125,Puffin,2025-05-30T00:56:36,Goldwing Turbine (yellow),1,0
125,Puffin,2025-05-30T00:56:36,Chart a Course (yellow),1,0
125,Puffin,2025-05-30T00:56:36,Lost in Transit (yellow),1,0
125,Puffin,2025-05-30T00:56:36,Pilfer the Wreck (yellow),1,0
125,Puffin,2025-05-30T00:56:36,Tough Old Wrench (yellow),1,0
125,Puffin,2025-05-30T00:56:36,Walk the Plank (yellow),1,0
125,Puffin,2025-05-30T00:56:36,Battalion Barque (blue),1,0
125,Puffin,2025-05-30T00:56:36,Cogwerx Zeppelin (blue),1,0
125,Puffin,2025-05-30T00:56:36,Goldwing Turbine (blue),1,0
125,Puffin,2025-05-30T00:56:36,Chart a Course (blue),1,0
125,Puffin,2025-05-30T00:56:36,On the Horizon (blue),1,0
125,Puffin,2025-05-30T00:56:36,Pinion Sentry (blue),1,0
125,Puffin,2025-05-30T00:56:36,Rally the Coast Guard (blue),2,0
125,Puffin,2025-05-30T00:56:36,Sky Skimmer (blue),2,0
125,Puffin,2025-05-30T00:56:36,Strike Gold (blue),1,0
125,Puffin,2025-05-30T00:56:36,Teeth of the Cog (blue),1,0
125,Puffin,2025-05-30T00:56:36,Walk the Plank (blue),1,0
125,Puffin,2025-05-30T00:56:36,Bandana of the Blue Beyond,1,1
125,Puffin,2025-05-30T00:56:36,Light Fingers,1,1
125,Puffin,2025-05-30T00:56:36,Rust Belt,2,1
125,Puffin,2025-05-30T00:56:36,Unicycle,1,1
126,Gravy Bones,2025-05-30T01:49:19,Angry Bones (red),1,0
126,Gravy Bones,2025-05-30T01:49:19,Blow for a Blow (red),1,0
126,Gravy Bones,2025-05-30T01:49:19,Board the Ship (red),1,0
126,Gravy Bones,2025-05-30T01:49:19,Expedition to Horizon's Mantle (red),1,0
126,Gravy Bones,2025-05-30T01:49:19,Golden Tipple (red),1,0
126,Gravy Bones,2025-05-30T01:49:19,Jittery Bones (red),1,0
126,Gravy Bones,2025-05-30T01:49:19,Swiftwater Sloop (red),3,0
126,Gravy Bones,2025-05-30T01:49:19,Angry Bones (yellow),1,0
126,Gravy Bones,2025-05-30T01:49:19,Barnacle (yellow),3,0
126,Gravy Bones,2025-05-30T01:49:19,"Cutty Shark, Quick Clip (yellow)",2,0
126,Gravy Bones,2025-05-30T01:49:19,"Chowder, Hearty Cook (yellow)",1,0
126,Gravy Bones,2025-05-30T01:49:19,"Kelpie, Tangled Mess (yellow)",1,0
126,Gravy Bones,2025-05-30T01:49:19,On the Horizon (yellow),1,0
126,Gravy Bones,2025-05-30T01:49:19,Rally the Coast Guard (yellow),1,0
126,Gravy Bones,2025-05-30T01:49:19,Restless Bones (yellow),1,0
126,Gravy Bones,2025-05-30T01:49:19,Riggermortis (yellow),1,0
126,Gravy Bones,2025-05-30T01:49:19,Strike Gold (yellow),1,0
126,Gravy Bones,2025-05-30T01:49:19,Swiftwater Sloop (yellow),1,0
126,Gravy Bones,2025-05-30T01:49:19,Trade In (yellow),1,0
126,Gravy Bones,2025-05-30T01:49:19,Angry Bones (blue),1,0
126,Gravy Bones,2025-05-30T01:49:19,Battalion Barque (blue),1,0
126,Gravy Bones,2025-05-30T01:49:19,Flying High (blue),1,0
126,Gravy Bones,2025-05-30T01:49:19,Golden Tipple (blue),3,0
126,Gravy Bones,2025-05-30T01:49:19,Jittery Bones (blue),2,0
126,Gravy Bones,2025-05-30T01:49:19,Mutiny on the Nimbus Sovereign (blue),1,0
126,Gravy Bones,2025-05-30T01:49:19,Mutiny on the Swiftwater (blue),1,0
126,Gravy Bones,2025-05-30T01:49:19,Rally the Coast Guard (blue),2,0
126,Gravy Bones,2025-05-30T01:49:19,Swiftwater Sloop (blue),1,0
126,Gravy Bones,2025-05-30T01:49:19,Yo Ho Ho! (blue),1,0
126,Gravy Bones,2025-05-30T01:49:19,Blue Sea Tricorn,1,1
126,Gravy Bones,2025-05-30T01:49:19,Quartermaster's Boots,1,1
126,Gravy Bones,2025-05-30T01:49:19,Washed Up Wave,1,1
127,Puffin,2025-05-30T03:39:23,Cloud City Steamboat (red),1,0
127,Puffin,2025-05-30T03:39:23,Cogwerx Dovetail (red),1,0
127,Puffin,2025-05-30T03:39:23,Cogwerx Zeppelin (red),1,0
127,Puffin,2025-05-30T03:39:23,Crash Down the Gates (red),1,0
127,Puffin,2025-05-30T03:39:23,Draw Back the Hammer (red),1,0
127,Puffin,2025-05-30T03:39:23,Expedition to Horizon's Mantle (red),2,0
127,Puffin,2025-05-30T03:39:23,Goldwing Turbine (red),1,0
127,Puffin,2025-05-30T03:39:23,Pilfer the Wreck (red),1,0
127,Puffin,2025-05-30T03:39:23,Sirens of Safe Harbor (red),1,0
127,Puffin,2025-05-30T03:39:23,Sky Skimmer (red),1,0
127,Puffin,2025-05-30T03:39:23,Swiftwater Sloop (red),1,0
127,Puffin,2025-05-30T03:39:23,Tough Old Wrench (red),1,0
127,Puffin,2025-05-30T03:39:23,Battalion Barque (yellow),1,0
127,Puffin,2025-05-30T03:39:23,Crash Down the Gates (yellow),1,0
127,Puffin,2025-05-30T03:39:23,Gold Hunter Lightsail (yellow),1,0
127,Puffin,2025-05-30T03:39:23,Goldwing Turbine (yellow),2,0
127,Puffin,2025-05-30T03:39:23,HMS Kraken (yellow),1,0
127,Puffin,2025-05-30T03:39:23,Sky Skimmer (yellow),1,0
127,Puffin,2025-05-30T03:39:23,Tough Old Wrench (yellow),1,0
127,Puffin,2025-05-30T03:39:23,Cloud City Steamboat (blue),1,0
127,Puffin,2025-05-30T03:39:23,Cloud Skiff (blue),1,0
127,Puffin,2025-05-30T03:39:23,Cogwerx Zeppelin (blue),1,0
127,Puffin,2025-05-30T03:39:23,Crash Down the Gates (blue),1,0
127,Puffin,2025-05-30T03:39:23,Goldwing Turbine (blue),1,0
127,Puffin,2025-05-30T03:39:23,On the Horizon (blue),1,0
127,Puffin,2025-05-30T03:39:23,Platinum Amulet (blue),1,0
127,Puffin,2025-05-30T03:39:23,Saltwater Swell (blue),1,0
127,Puffin,2025-05-30T03:39:23,Sea Floor Salvage (blue),1,0
127,Puffin,2025-05-30T03:39:23,Sirens of Safe Harbor (blue),1,0
127,Puffin,2025-05-30T03:39:23,Sky Skimmer (blue),1,0
127,Puffin,2025-05-30T03:39:23,Tit for Tat (blue),1,0
127,Puffin,2025-05-30T03:39:23,Walk the Plank (blue),1,0
127,Puffin,2025-05-30T03:39:23,Blue Sea Tricorn,1,1
127,Puffin,2025-05-30T03:39:23,Fish Fingers,1,1
127,Puffin,2025-05-30T03:39:23,Old Knocker,1,1
127,Puffin,2025-05-30T03:39:23,Unicycle,2,1
128,Puffin,2025-05-30T03:44:11,Cogwerx Zeppelin (red),1,0
128,Puffin,2025-05-30T03:44:11,Draw Back the Hammer (red),2,0
128,Puffin,2025-05-30T03:44:11,Golden Tipple (red),1,0
128,Puffin,2025-05-30T03:44:11,Perk Up (red),1,0
128,Puffin,2025-05-30T03:44:11,Scar for a Scar (red),2,0
128,Puffin,2025-05-30T03:44:11,Sirens of Safe Harbor (red),1,0
128,Puffin,2025-05-30T03:44:11,Sky Skimmer (red),5,0
128,Puffin,2025-05-30T03:44:11,Teeth of the Cog (red),3,0
128,Puffin,2025-05-30T03:44:11,Tighten the Screws (red),1,0
128,Puffin,2025-05-30T03:44:11,Tough Old Wrench (red),1,0
128,Puffin,2025-05-30T03:44:11,Cogwerx Zeppelin (yellow),1,0
128,Puffin,2025-05-30T03:44:11,Goldwing Turbine (yellow),1,0
128,Puffin,2025-05-30T03:44:11,Chart a Course (yellow),1,0
128,Puffin,2025-05-30T03:44:11,Tough Old Wrench (yellow),1,0
128,Puffin,2025-05-30T03:44:11,Cloud City Steamboat (blue),1,0
128,Puffin,2025-05-30T03:44:11,Cloud Skiff (blue),2,0
128,Puffin,2025-05-30T03:44:11,Cogwerx Zeppelin (blue),1,0
128,Puffin,2025-05-30T03:44:11,Copper Cog (blue),1,0
128,Puffin,2025-05-30T03:44:11,Goldwing Turbine (blue),1,0
128,Puffin,2025-05-30T03:44:11,Teeth of the Cog (blue),1,0
128,Puffin,2025-05-30T03:44:11,Tough Old Wrench (blue),1,0
128,Puffin,2025-05-30T03:44:11,Blue Sea Tricorn,1,1
128,Puffin,2025-05-30T03:44:11,Buccaneer's Bounty,1,1
128,Puffin,2025-05-30T03:44:11,Quartermaster's Boots,1,1
128,Puffin,2025-05-30T03:44:11,Rust Belt,1,1
128,Puffin,2025-05-30T03:44:11,Unicycle,1,1
129,Gravy Bones,2025-05-30T05:05:51,Angry Bones (red),1,0
129,Gravy Bones,2025-05-30T05:05:51,Blood in the Water (red),1,0
129,Gravy Bones,2025-05-30T05:05:51,Hoist 'Em Up (red),1,0
129,Gravy Bones,2025-05-30T05:05:51,Nimblism (red),1,0
129,Gravy Bones,2025-05-30T05:05:51,Restless Bones (red),2,0
129,Gravy Bones,2025-05-30T05:05:51,Swiftwater Sloop (red),1,0
129,Gravy Bones,2025-05-30T05:05:51,Walk the Plank (red),1,0
129,Gravy Bones,2025-05-30T05:05:51,Angry Bones (yellow),1,0
129,Gravy Bones,2025-05-30T05:05:51,Barnacle (yellow),2,0
129,Gravy Bones,2025-05-30T05:05:51,"Cutty Shark, Quick Clip (yellow)",2,0
129,Gravy Bones,2025-05-30T05:05:51,Fool's Gold (yellow),1,0
129,Gravy Bones,2025-05-30T05:05:51,HMS Barracuda (yellow),1,0
129,Gravy Bones,2025-05-30T05:05:51,Jittery Bones (yellow),3,0
129,Gravy Bones,2025-05-30T05:05:51,"Kelpie, Tangled Mess (yellow)",1,0
129,Gravy Bones,2025-05-30T05:05:51,"Limpit, Hop-a-long (yellow)",1,0
129,Gravy Bones,2025-05-30T05:05:51,Nimby (yellow),1,0
129,Gravy Bones,2025-05-30T05:05:51,Restless Bones (yellow),1,0
129,Gravy Bones,2025-05-30T05:05:51,Swabbie (yellow),2,0
129,Gravy Bones,2025-05-30T05:05:51,Swindler's Grift (yellow),1,0
129,Gravy Bones,2025-05-30T05:05:51,Amethyst Amulet (blue),1,0
129,Gravy Bones,2025-05-30T05:05:51,Angry Bones (blue),1,0
129,Gravy Bones,2025-05-30T05:05:51,Burly Bones (blue),1,0
129,Gravy Bones,2025-05-30T05:05:51,Flying High (blue),1,0
129,Gravy Bones,2025-05-30T05:05:51,Golden Tipple (blue),1,0
129,Gravy Bones,2025-05-30T05:05:51,Jittery Bones (blue),1,0
129,Gravy Bones,2025-05-30T05:05:51,Murderous Rabble (blue),1,0
129,Gravy Bones,2025-05-30T05:05:51,Mutiny on the Nimbus Sovereign (blue),1,0
129,Gravy Bones,2025-05-30T05:05:51,Mutiny on the Swiftwater (blue),1,0
129,Gravy Bones,2025-05-30T05:05:51,Nimblism (blue),1,0
129,Gravy Bones,2025-05-30T05:05:51,Restless Bones (blue),3,0
129,Gravy Bones,2025-05-30T05:05:51,Buccaneer's Bounty,1,1
129,Gravy Bones,2025-05-30T05:05:51,Head Stone,1,1
129,Gravy Bones,2025-05-30T05:05:51,Quick Clicks,1,1
129,Gravy Bones,2025-05-30T05:05:51,Washed Up Wave,1,1
130,Puffin,2025-05-30T06:49:39,Cloud Skiff (red),1,0
130,Puffin,2025-05-30T06:49:39,Expedition to Azuro Keys (red),1,0
130,Puffin,2025-05-30T06:49:39,Expedition to Blackwater Strait (red),1,0
130,Puffin,2025-05-30T06:49:39,Expedition to Dreadfall Reach (red),1,0
130,Puffin,2025-05-30T06:49:39,Goldwing Turbine (red),1,0
130,Puffin,2025-05-30T06:49:39,Chart a Course (red),3,0
130,Puffin,2025-05-30T06:49:39,Nimby (red),1,0
130,Puffin,2025-05-30T06:49:39,On the Horizon (red),1,0
130,Puffin,2025-05-30T06:49:39,Perk Up (red),2,0
130,Puffin,2025-05-30T06:49:39,Sky Skimmer (red),3,0
130,Puffin,2025-05-30T06:49:39,Strike Gold (red),1,0
130,Puffin,2025-05-30T06:49:39,Teeth of the Cog (red),1,0
130,Puffin,2025-05-30T06:49:39,Cogwerx Zeppelin (yellow),1,0
130,Puffin,2025-05-30T06:49:39,Gold Hunter Longboat (yellow),1,0
130,Puffin,2025-05-30T06:49:39,Gold Hunter Marauder (yellow),1,0
130,Puffin,2025-05-30T06:49:39,HMS Kraken (yellow),1,0
130,Puffin,2025-05-30T06:49:39,Chart a Course (yellow),1,0
130,Puffin,2025-05-30T06:49:39,Nimblism (yellow),1,0
130,Puffin,2025-05-30T06:49:39,Nimby (yellow),1,0
130,Puffin,2025-05-30T06:49:39,Tough Old Wrench (yellow),1,0
130,Puffin,2025-05-30T06:49:39,Goldwing Turbine (blue),1,0
130,Puffin,2025-05-30T06:49:39,Lubricate (blue),1,0
130,Puffin,2025-05-30T06:49:39,Money or Your Life? (blue),1,0
130,Puffin,2025-05-30T06:49:39,Sirens of Safe Harbor (blue),1,0
130,Puffin,2025-05-30T06:49:39,Sky Skimmer (blue),1,0
130,Puffin,2025-05-30T06:49:39,Strike Gold (blue),1,0
130,Puffin,2025-05-30T06:49:39,Swiftwater Sloop (blue),1,0
130,Puffin,2025-05-30T06:49:39,Teeth of the Cog (blue),1,0
130,Puffin,2025-05-30T06:49:39,Walk the Plank (blue),1,0
130,Puffin,2025-05-30T06:49:39,Blue Sea Tricorn,1,1
130,Puffin,2025-05-30T06:49:39,Buccaneer's Bounty,1,1
130,Puffin,2025-05-30T06:49:39,Quick Clicks,1,1
130,Puffin,2025-05-30T06:49:39,Swiftstrike Bracers,1,1
131,Puffin,2025-05-30T07:09:20,Cogwerx Zeppelin (red),1,0
131,Puffin,2025-05-30T07:09:20,Goldwing Turbine (red),2,0
131,Puffin,2025-05-30T07:09:20,Life for a Life (red),1,0
131,Puffin,2025-05-30T07:09:20,Perk Up (red),1,0
131,Puffin,2025-05-30T07:09:20,Pilfer the Wreck (red),1,0
131,Puffin,2025-05-30T07:09:20,Scar for a Scar (red),2,0
131,Puffin,2025-05-30T07:09:20,Sirens of Safe Harbor (red),1,0
131,Puffin,2025-05-30T07:09:20,Swiftwater Sloop (red),1,0
131,Puffin,2025-05-30T07:09:20,Tighten the Screws (red),1,0
131,Puffin,2025-05-30T07:09:20,Tough Old Wrench (red),1,0
131,Puffin,2025-05-30T07:09:20,Trade In (red),1,0
131,Puffin,2025-05-30T07:09:20,Battalion Barque (yellow),2,0
131,Puffin,2025-05-30T07:09:20,Cloud Skiff (yellow),1,0
131,Puffin,2025-05-30T07:09:20,Crash Down the Gates (yellow),1,0
131,Puffin,2025-05-30T07:09:20,Fiddler's Green (yellow),2,0
131,Puffin,2025-05-30T07:09:20,Gold Hunter Marauder (yellow),1,0
131,Puffin,2025-05-30T07:09:20,Goldwing Turbine (yellow),1,0
131,Puffin,2025-05-30T07:09:20,Nimby (yellow),1,0
131,Puffin,2025-05-30T07:09:20,Teeth of the Cog (yellow),1,0
131,Puffin,2025-05-30T07:09:20,Trade In (yellow),1,0
131,Puffin,2025-05-30T07:09:20,Cloud Skiff (blue),3,0
131,Puffin,2025-05-30T07:09:20,Cogwerx Zeppelin (blue),1,0
131,Puffin,2025-05-30T07:09:20,Mutiny on the Nimbus Sovereign (blue),1,0
131,Puffin,2025-05-30T07:09:20,Pinion Sentry (blue),1,0
131,Puffin,2025-05-30T07:09:20,Sky Skimmer (blue),1,0
131,Puffin,2025-05-30T07:09:20,Swindler's Grift (blue),1,0
131,Puffin,2025-05-30T07:09:20,Teeth of the Cog (blue),2,0
131,Puffin,2025-05-30T07:09:20,Throw Caution to the Wind (blue),1,0
131,Puffin,2025-05-30T07:09:20,Buccaneer's Bounty,1,1
131,Puffin,2025-05-30T07:09:20,Captain's Coat,1,1
131,Puffin,2025-05-30T07:09:20,Fish Fingers,1,1
131,Puffin,2025-05-30T07:09:20,Helmsman's Peak,1,1
131,Puffin,2025-05-30T07:09:20,Peg Leg,1,1
131,Puffin,2025-05-30T07:09:20,Quick Clicks,1,1
132,Gravy Bones,2025-05-30T07:49:05,Angry Bones (red),1,0
132,Gravy Bones,2025-05-30T07:49:05,Battalion Barque (red),1,0
132,Gravy Bones,2025-05-30T07:49:05,Burly Bones (red),1,0
132,Gravy Bones,2025-05-30T07:49:05,Jittery Bones (red),3,0
132,Gravy Bones,2025-05-30T07:49:05,Pilfer the Wreck (red),1,0
132,Gravy Bones,2025-05-30T07:49:05,Sirens of Safe Harbor (red),1,0
132,Gravy Bones,2025-05-30T07:49:05,Angry Bones (yellow),1,0
132,Gravy Bones,2025-05-30T07:49:05,Barnacle (yellow),3,0
132,Gravy Bones,2025-05-30T07:49:05,Battalion Barque (yellow),1,0
132,Gravy Bones,2025-05-30T07:49:05,"Cutty Shark, Quick Clip (yellow)",1,0
132,Gravy Bones,2025-05-30T07:49:05,"Chowder, Hearty Cook (yellow)",1,0
132,Gravy Bones,2025-05-30T07:49:05,Rally the Coast Guard (yellow),1,0
132,Gravy Bones,2025-05-30T07:49:05,Restless Bones (yellow),1,0
132,Gravy Bones,2025-05-30T07:49:05,Burly Bones (blue),1,0
132,Gravy Bones,2025-05-30T07:49:05,Give No Quarter (blue),1,0
132,Gravy Bones,2025-05-30T07:49:05,Golden Tipple (blue),1,0
132,Gravy Bones,2025-05-30T07:49:05,Heave Ho! (blue),1,0
132,Gravy Bones,2025-05-30T07:49:05,Jittery Bones (blue),1,0
132,Gravy Bones,2025-05-30T07:49:05,Opal Amulet (blue),1,0
132,Gravy Bones,2025-05-30T07:49:05,Regain Composure (blue),1,0
132,Gravy Bones,2025-05-30T07:49:05,Restless Bones (blue),4,0
132,Gravy Bones,2025-05-30T07:49:05,Sapphire Amulet (blue),1,0
132,Gravy Bones,2025-05-30T07:49:05,Scrub the Deck (blue),1,0
132,Gravy Bones,2025-05-30T07:49:05,Strike Gold (blue),2,0
132,Gravy Bones,2025-05-30T07:49:05,Swiftwater Sloop (blue),1,0
132,Gravy Bones,2025-05-30T07:49:05,Yo Ho Ho! (blue),1,0
132,Gravy Bones,2025-05-30T07:49:05,Bandana of the Blue Beyond,1,1
132,Gravy Bones,2025-05-30T07:49:05,Head Stone,1,1
132,Gravy Bones,2025-05-30T07:49:05,Light Fingers,1,1
132,Gravy Bones,2025-05-30T07:49:05,Peg Leg,1,1
133,Gravy Bones,2025-05-30T10:18:38,Battalion Barque (red),2,0
133,Gravy Bones,2025-05-30T10:18:38,Blow for a Blow (red),1,0
133,Gravy Bones,2025-05-30T10:18:38,Burly Bones (red),3,0
133,Gravy Bones,2025-05-30T10:18:38,Conqueror of the High Seas (red),1,0
133,Gravy Bones,2025-05-30T10:18:38,Expedition to Horizon's Mantle (red),1,0
133,Gravy Bones,2025-05-30T10:18:38,Fiddler's Green (red),1,0
133,Gravy Bones,2025-05-30T10:18:38,Money or Your Life? (red),1,0
133,Gravy Bones,2025-05-30T10:18:38,Swiftwater Sloop (red),1,0
133,Gravy Bones,2025-05-30T10:18:38,Swindler's Grift (red),1,0
133,Gravy Bones,2025-05-30T10:18:38,Walk the Plank (red),1,0
133,Gravy Bones,2025-05-30T10:18:38,Barnacle (yellow),1,0
133,Gravy Bones,2025-05-30T10:18:38,Gold Hunter Ketch (yellow),1,0
133,Gravy Bones,2025-05-30T10:18:38,Gold Hunter Longboat (yellow),1,0
133,Gravy Bones,2025-05-30T10:18:38,Golden Tipple (yellow),1,0
133,Gravy Bones,2025-05-30T10:18:38,"Chowder, Hearty Cook (yellow)",3,0
133,Gravy Bones,2025-05-30T10:18:38,Nimby (yellow),1,0
133,Gravy Bones,2025-05-30T10:18:38,Saltwater Swell (yellow),1,0
133,Gravy Bones,2025-05-30T10:18:38,"Shelly, Hardened Traveler (yellow)",1,0
133,Gravy Bones,2025-05-30T10:18:38,Swabbie (yellow),1,0
133,Gravy Bones,2025-05-30T10:18:38,Angry Bones (blue),1,0
133,Gravy Bones,2025-05-30T10:18:38,Battalion Barque (blue),1,0
133,Gravy Bones,2025-05-30T10:18:38,Burly Bones (blue),1,0
133,Gravy Bones,2025-05-30T10:18:38,Flying High (blue),1,0
133,Gravy Bones,2025-05-30T10:18:38,Golden Tipple (blue),1,0
133,Gravy Bones,2025-05-30T10:18:38,Murderous Rabble (blue),1,0
133,Gravy Bones,2025-05-30T10:18:38,Mutiny on the Battalion Barque (blue),1,0
133,Gravy Bones,2025-05-30T10:18:38,Nimblism (blue),1,0
133,Gravy Bones,2025-05-30T10:18:38,Rally the Coast Guard (blue),1,0
133,Gravy Bones,2025-05-30T10:18:38,Swiftwater Sloop (blue),1,0
133,Gravy Bones,2025-05-30T10:18:38,Throw Caution to the Wind (blue),1,0
133,Gravy Bones,2025-05-30T10:18:38,Trade In (blue),1,0
133,Gravy Bones,2025-05-30T10:18:38,Head Stone,1,1
133,Gravy Bones,2025-05-30T10:18:38,Old Knocker,1,1
133,Gravy Bones,2025-05-30T10:18:38,Quartermaster's Boots,1,1
133,Gravy Bones,2025-05-30T10:18:38,Washed Up Wave,1,1
134,"Scurv, Stowaway",2025-05-30T11:31:31,Blow for a Blow (red),1,0
134,"Scurv, Stowaway",2025-05-30T11:31:31,Expedition to Azuro Keys (red),1,0
134,"Scurv, Stowaway",2025-05-30T11:31:31,Expedition to Blackwater Strait (red),1,0
134,"Scurv, Stowaway",2025-05-30T11:31:31,Expedition to Dreadfall Reach (red),1,0
134,"Scurv, Stowaway",2025-05-30T11:31:31,Golden Tipple (red),1,0
134,"Scurv, Stowaway",2025-05-30T11:31:31,Chart a Course (red),2,0
134,"Scurv, Stowaway",2025-05-30T11:31:31,Jack Be Nimble (red),1,0
134,"Scurv, Stowaway",2025-05-30T11:31:31,Life for a Life (red),2,0
134,"Scurv, Stowaway",2025-05-30T11:31:31,Nimblism (red),2,0
134,"Scurv, Stowaway",2025-05-30T11:31:31,Nimby (red),2,0
134,"Scurv, Stowaway",2025-05-30T11:31:31,Rally the Coast Guard (red),1,0
134,"Scurv, Stowaway",2025-05-30T11:31:31,Strike Gold (red),1,0
134,"Scurv, Stowaway",2025-05-30T11:31:31,Thiev'n Varmints (red),3,0
134,"Scurv, Stowaway",2025-05-30T11:31:31,Gold Hunter Lightsail (yellow),1,0
134,"Scurv, Stowaway",2025-05-30T11:31:31,Chart a Course (yellow),1,0
134,"Scurv, Stowaway",2025-05-30T11:31:31,Nimblism (yellow),1,0
134,"Scurv, Stowaway",2025-05-30T11:31:31,Nimby (yellow),1,0
134,"Scurv, Stowaway",2025-05-30T11:31:31,Saltwater Swell (yellow),1,0
134,"Scurv, Stowaway",2025-05-30T11:31:31,Strike Gold (yellow),1,0
134,"Scurv, Stowaway",2025-05-30T11:31:31,Trade In (yellow),1,0
134,"Scurv, Stowaway",2025-05-30T11:31:31,Clap 'Em in Irons (blue),1,0
134,"Scurv, Stowaway",2025-05-30T11:31:31,Golden Tipple (blue),1,0
134,"Scurv, Stowaway",2025-05-30T11:31:31,Chart a Course (blue),1,0
134,"Scurv, Stowaway",2025-05-30T11:31:31,Nimblism (blue),1,0
134,"Scurv, Stowaway",2025-05-30T11:31:31,Regain Composure (blue),1,0
134,"Scurv, Stowaway",2025-05-30T11:31:31,Strike Gold (blue),1,0
134,"Scurv, Stowaway",2025-05-30T11:31:31,Buccaneer's Bounty,1,1
134,"Scurv, Stowaway",2025-05-30T11:31:31,Quick Clicks,1,1
134,"Scurv, Stowaway",2025-05-30T11:31:31,Swiftstrike Bracers,1,1
135,Puffin,2025-05-30T12:40:10,Crash Down the Gates (red),1,0
135,Puffin,2025-05-30T12:40:10,Expedition to Azuro Keys (red),1,0
135,Puffin,2025-05-30T12:40:10,Expedition to Dreadfall Reach (red),3,0
135,Puffin,2025-05-30T12:40:10,Chart a Course (red),1,0
135,Puffin,2025-05-30T12:40:10,Jack Be Nimble (red),1,0
135,Puffin,2025-05-30T12:40:10,Life for a Life (red),1,0
135,Puffin,2025-05-30T12:40:10,Nimblism (red),2,0
135,Puffin,2025-05-30T12:40:10,Nimby (red),1,0
135,Puffin,2025-05-30T12:40:10,Ravenous Rabble (red),4,0
135,Puffin,2025-05-30T12:40:10,Strike Gold (red),1,0
135,Puffin,2025-05-30T12:40:10,Swindler's Grift (red),1,0
135,Puffin,2025-05-30T12:40:10,Thiev'n Varmints (red),1,0
135,Puffin,2025-05-30T12:40:10,Tighten the Screws (red),1,0
135,Puffin,2025-05-30T12:40:10,Trade In (red),2,0
135,Puffin,2025-05-30T12:40:10,Flying High (yellow),1,0
135,Puffin,2025-05-30T12:40:10,Gold Hunter Ketch (yellow),1,0
135,Puffin,2025-05-30T12:40:10,Gold Hunter Longboat (yellow),1,0
135,Puffin,2025-05-30T12:40:10,Chart a Course (yellow),3,0
135,Puffin,2025-05-30T12:40:10,Nimblism (yellow),2,0
135,Puffin,2025-05-30T12:40:10,Teeth of the Cog (yellow),1,0
135,Puffin,2025-05-30T12:40:10,Trade In (yellow),1,0
135,Puffin,2025-05-30T12:40:10,Chart a Course (blue),1,0
135,Puffin,2025-05-30T12:40:10,Sirens of Safe Harbor (blue),1,0
135,Puffin,2025-05-30T12:40:10,Captain's Coat,1,1
135,Puffin,2025-05-30T12:40:10,Helmsman's Peak,1,1
135,Puffin,2025-05-30T12:40:10,Quick Clicks,1,1
135,Puffin,2025-05-30T12:40:10,Swiftstrike Bracers,1,1
136,Gravy Bones,2025-05-30T13:26:11,Burly Bones (red),2,0
136,Gravy Bones,2025-05-30T13:26:11,Golden Tipple (red),1,0
136,Gravy Bones,2025-05-30T13:26:11,Chart a Course (red),1,0
136,Gravy Bones,2025-05-30T13:26:11,Jittery Bones (red),1,0
136,Gravy Bones,2025-05-30T13:26:11,Nimblism (red),1,0
136,Gravy Bones,2025-05-30T13:26:11,Nimby (red),2,0
136,Gravy Bones,2025-05-30T13:26:11,Paddle Faster (red),1,0
136,Gravy Bones,2025-05-30T13:26:11,Restless Bones (red),1,0
136,Gravy Bones,2025-05-30T13:26:11,Angry Bones (yellow),1,0
136,Gravy Bones,2025-05-30T13:26:11,Barnacle (yellow),1,0
136,Gravy Bones,2025-05-30T13:26:11,Gold Hunter Ketch (yellow),2,0
136,Gravy Bones,2025-05-30T13:26:11,Gold Hunter Longboat (yellow),1,0
136,Gravy Bones,2025-05-30T13:26:11,"Chowder, Hearty Cook (yellow)",1,0
136,Gravy Bones,2025-05-30T13:26:11,"Kelpie, Tangled Mess (yellow)",1,0
136,Gravy Bones,2025-05-30T13:26:11,Money or Your Life? (yellow),1,0
136,Gravy Bones,2025-05-30T13:26:11,Restless Bones (yellow),1,0
136,Gravy Bones,2025-05-30T13:26:11,Riggermortis (yellow),2,0
136,Gravy Bones,2025-05-30T13:26:11,"Shelly, Hardened Traveler (yellow)",1,0
136,Gravy Bones,2025-05-30T13:26:11,Swabbie (yellow),1,0
136,Gravy Bones,2025-05-30T13:26:11,Swindler's Grift (yellow),1,0
136,Gravy Bones,2025-05-30T13:26:11,Angry Bones (blue),2,0
136,Gravy Bones,2025-05-30T13:26:11,Burly Bones (blue),2,0
136,Gravy Bones,2025-05-30T13:26:11,Diamond Amulet (blue),1,0
136,Gravy Bones,2025-05-30T13:26:11,Fiddler's Green (blue),1,0
136,Gravy Bones,2025-05-30T13:26:11,Heave Ho! (blue),1,0
136,Gravy Bones,2025-05-30T13:26:11,Mutiny on the Nimbus Sovereign (blue),2,0
136,Gravy Bones,2025-05-30T13:26:11,Nimby (blue),1,0
136,Gravy Bones,2025-05-30T13:26:11,Portside Exchange (blue),1,0
136,Gravy Bones,2025-05-30T13:26:11,Restless Bones (blue),1,0
136,Gravy Bones,2025-05-30T13:26:11,Yo Ho Ho! (blue),1,0
136,Gravy Bones,2025-05-30T13:26:11,Bandana of the Blue Beyond,1,1
136,Gravy Bones,2025-05-30T13:26:11,Captain's Coat,1,1
136,Gravy Bones,2025-05-30T13:26:11,Quick Clicks,1,1
136,Gravy Bones,2025-05-30T13:26:11,Washed Up Wave,1,1
137,Puffin,2025-05-30T14:23:22,Cloud Skiff (red),1,0
137,Puffin,2025-05-30T14:23:22,Draw Back the Hammer (red),1,0
137,Puffin,2025-05-30T14:23:22,Expedition to Azuro Keys (red),1,0
137,Puffin,2025-05-30T14:23:22,Goldwing Turbine (red),1,0
137,Puffin,2025-05-30T14:23:22,Nimblism (red),1,0
137,Puffin,2025-05-30T14:23:22,Nimby (red),1,0
137,Puffin,2025-05-30T14:23:22,Perk Up (red),1,0
137,Puffin,2025-05-30T14:23:22,Ravenous Rabble (red),1,0
137,Puffin,2025-05-30T14:23:22,Scar for a Scar (red),1,0
137,Puffin,2025-05-30T14:23:22,Sky Skimmer (red),1,0
137,Puffin,2025-05-30T14:23:22,Tighten the Screws (red),2,0
137,Puffin,2025-05-30T14:23:22,Tough Old Wrench (red),2,0
137,Puffin,2025-05-30T14:23:22,Cloud Skiff (yellow),4,0
137,Puffin,2025-05-30T14:23:22,Crash Down the Gates (yellow),1,0
137,Puffin,2025-05-30T14:23:22,Gold Hunter Longboat (yellow),1,0
137,Puffin,2025-05-30T14:23:22,Goldwing Turbine (yellow),1,0
137,Puffin,2025-05-30T14:23:22,Chart a Course (yellow),2,0
137,Puffin,2025-05-30T14:23:22,Sirens of Safe Harbor (yellow),1,0
137,Puffin,2025-05-30T14:23:22,Sky Skimmer (yellow),1,0
137,Puffin,2025-05-30T14:23:22,Swindler's Grift (yellow),1,0
137,Puffin,2025-05-30T14:23:22,Teeth of the Cog (yellow),1,0
137,Puffin,2025-05-30T14:23:22,Tough Old Wrench (yellow),1,0
137,Puffin,2025-05-30T14:23:22,Copper Cog (blue),1,0
137,Puffin,2025-05-30T14:23:22,Goldwing Turbine (blue),1,0
137,Puffin,2025-05-30T14:23:22,Chart a Course (blue),2,0
137,Puffin,2025-05-30T14:23:22,Mutiny on the Battalion Barque (blue),1,0
137,Puffin,2025-05-30T14:23:22,Nimblism (blue),1,0
137,Puffin,2025-05-30T14:23:22,Pinion Sentry (blue),1,0
137,Puffin,2025-05-30T14:23:22,Sky Skimmer (blue),1,0
137,Puffin,2025-05-30T14:23:22,Buccaneer's Bounty,1,1
137,Puffin,2025-05-30T14:23:22,Helmsman's Peak,1,1
137,Puffin,2025-05-30T14:23:22,Swiftstrike Bracers,1,1
137,Puffin,2025-05-30T14:23:22,Unicycle,1,1
138,Gravy Bones,2025-05-30T15:02:38,Angry Bones (red),2,0
138,Gravy Bones,2025-05-30T15:02:38,Board the Ship (red),1,0
138,Gravy Bones,2025-05-30T15:02:38,Hoist 'Em Up (red),1,0
138,Gravy Bones,2025-05-30T15:02:38,Jack Be Nimble (red),1,0
138,Gravy Bones,2025-05-30T15:02:38,Jittery Bones (red),2,0
138,Gravy Bones,2025-05-30T15:02:38,Nimblism (red),1,0
138,Gravy Bones,2025-05-30T15:02:38,Barnacle (yellow),2,0
138,Gravy Bones,2025-05-30T15:02:38,"Chowder, Hearty Cook (yellow)",2,0
138,Gravy Bones,2025-05-30T15:02:38,Nimblism (yellow),1,0
138,Gravy Bones,2025-05-30T15:02:38,Restless Bones (yellow),3,0
138,Gravy Bones,2025-05-30T15:02:38,Riggermortis (yellow),1,0
138,Gravy Bones,2025-05-30T15:02:38,Swabbie (yellow),1,0
138,Gravy Bones,2025-05-30T15:02:38,Swiftwater Sloop (yellow),1,0
138,Gravy Bones,2025-05-30T15:02:38,Swindler's Grift (yellow),2,0
138,Gravy Bones,2025-05-30T15:02:38,Trade In (yellow),1,0
138,Gravy Bones,2025-05-30T15:02:38,Battalion Barque (blue),2,0
138,Gravy Bones,2025-05-30T15:02:38,Heave Ho! (blue),1,0
138,Gravy Bones,2025-05-30T15:02:38,Jittery Bones (blue),1,0
138,Gravy Bones,2025-05-30T15:02:38,Mutiny on the Battalion Barque (blue),1,0
138,Gravy Bones,2025-05-30T15:02:38,Mutiny on the Nimbus Sovereign (blue),2,0
138,Gravy Bones,2025-05-30T15:02:38,Mutiny on the Swiftwater (blue),1,0
138,Gravy Bones,2025-05-30T15:02:38,Rally the Coast Guard (blue),1,0
138,Gravy Bones,2025-05-30T15:02:38,Swiftwater Sloop (blue),2,0
138,Gravy Bones,2025-05-30T15:02:38,Swindler's Grift (blue),1,0
138,Gravy Bones,2025-05-30T15:02:38,Throw Caution to the Wind (blue),1,0
138,Gravy Bones,2025-05-30T15:02:38,Yo Ho Ho! (blue),1,0
138,Gravy Bones,2025-05-30T15:02:38,Bandana of the Blue Beyond,1,1
138,Gravy Bones,2025-05-30T15:02:38,Buccaneer's Bounty,1,1
138,Gravy Bones,2025-05-30T15:02:38,Head Stone,1,1
138,Gravy Bones,2025-05-30T15:02:38,Peg Leg,1,1
138,Gravy Bones,2025-05-30T15:02:38,Swiftstrike Bracers,1,1
139,Marlynn,2025-05-30T22:28:53,Battalion Barque (red),1,0
139,Marlynn,2025-05-30T22:28:53,Call in the Big Guns (red),1,0
139,Marlynn,2025-05-30T22:28:53,Dry Powder Shot (red),1,0
139,Marlynn,2025-05-30T22:28:53,Entangling Shot (red),1,0
139,Marlynn,2025-05-30T22:28:53,Fire in the Hole (red),1,0
139,Marlynn,2025-05-30T22:28:53,Chart a Course (red),1,0
139,Marlynn,2025-05-30T22:28:53,Nettling Shot (red),1,0
139,Marlynn,2025-05-30T22:28:53,Rally the Coast Guard (red),1,0
139,Marlynn,2025-05-30T22:28:53,Ravenous Rabble (red),1,0
139,Marlynn,2025-05-30T22:28:53,Salvage Shot (red),2,0
139,Marlynn,2025-05-30T22:28:53,Scar for a Scar (red),1,0
139,Marlynn,2025-05-30T22:28:53,Scouting Shot (red),1,0
139,Marlynn,2025-05-30T22:28:53,Sic 'Em Shot (red),1,0
139,Marlynn,2025-05-30T22:28:53,Swift Shot (red),3,0
139,Marlynn,2025-05-30T22:28:53,Gold Hunter Lightsail (yellow),1,0
139,Marlynn,2025-05-30T22:28:53,Head Shot (yellow),1,0
139,Marlynn,2025-05-30T22:28:53,Nimblism (yellow),1,0
139,Marlynn,2025-05-30T22:28:53,Nimby (yellow),1,0
139,Marlynn,2025-05-30T22:28:53,Salvage Shot (yellow),1,0
139,Marlynn,2025-05-30T22:28:53,Sic 'Em Shot (yellow),2,0
139,Marlynn,2025-05-30T22:28:53,Trade In (yellow),1,0
139,Marlynn,2025-05-30T22:28:53,Battalion Barque (blue),1,0
139,Marlynn,2025-05-30T22:28:53,Call in the Big Guns (blue),1,0
139,Marlynn,2025-05-30T22:28:53,Head Shot (blue),4,0
139,Marlynn,2025-05-30T22:28:53,Money or Your Life? (blue),1,0
139,Marlynn,2025-05-30T22:28:53,Rally the Coast Guard (blue),1,0
139,Marlynn,2025-05-30T22:28:53,Rusty Harpoon (blue),2,0
139,Marlynn,2025-05-30T22:28:53,Trade In (blue),1,0
139,Marlynn,2025-05-30T22:28:53,Bandana of the Blue Beyond,1,1
139,Marlynn,2025-05-30T22:28:53,Buccaneer's Bounty,1,1
139,Marlynn,2025-05-30T22:28:53,Glidewell Fins,1,1
139,Marlynn,2025-05-30T22:28:53,Quick Clicks,1,1
140,Gravy Bones,2025-05-30T22:30:00,Angry Bones (red),2,0
140,Gravy Bones,2025-05-30T22:30:00,Burly Bones (red),1,0
140,Gravy Bones,2025-05-30T22:30:00,Jittery Bones (red),1,0
140,Gravy Bones,2025-05-30T22:30:00,Life for a Life (red),1,0
140,Gravy Bones,2025-05-30T22:30:00,Paddle Faster (red),1,0
140,Gravy Bones,2025-05-30T22:30:00,Rally the Coast Guard (red),1,0
140,Gravy Bones,2025-05-30T22:30:00,Restless Bones (red),1,0
140,Gravy Bones,2025-05-30T22:30:00,Barnacle (yellow),1,0
140,Gravy Bones,2025-05-30T22:30:00,Burly Bones (yellow),2,0
140,Gravy Bones,2025-05-30T22:30:00,"Cutty Shark, Quick Clip (yellow)",2,0
140,Gravy Bones,2025-05-30T22:30:00,Gold Hunter Lightsail (yellow),1,0
140,Gravy Bones,2025-05-30T22:30:00,"Chowder, Hearty Cook (yellow)",1,0
140,Gravy Bones,2025-05-30T22:30:00,Jittery Bones (yellow),2,0
140,Gravy Bones,2025-05-30T22:30:00,"Kelpie, Tangled Mess (yellow)",1,0
140,Gravy Bones,2025-05-30T22:30:00,"Limpit, Hop-a-long (yellow)",1,0
140,Gravy Bones,2025-05-30T22:30:00,Rally the Coast Guard (yellow),2,0
140,Gravy Bones,2025-05-30T22:30:00,Restless Bones (yellow),2,0
140,Gravy Bones,2025-05-30T22:30:00,Riggermortis (yellow),1,0
140,Gravy Bones,2025-05-30T22:30:00,"Scooba, Salty Sea Dog (yellow)",1,0
140,Gravy Bones,2025-05-30T22:30:00,Swabbie (yellow),2,0
140,Gravy Bones,2025-05-30T22:30:00,Avast Ye! (blue),1,0
140,Gravy Bones,2025-05-30T22:30:00,Burly Bones (blue),1,0
140,Gravy Bones,2025-05-30T22:30:00,Chart a Course (blue),1,0
140,Gravy Bones,2025-05-30T22:30:00,Rally the Coast Guard (blue),2,0
140,Gravy Bones,2025-05-30T22:30:00,Regain Composure (blue),1,0
140,Gravy Bones,2025-05-30T22:30:00,Restless Bones (blue),1,0
140,Gravy Bones,2025-05-30T22:30:00,Sirens of Safe Harbor (blue),1,0
140,Gravy Bones,2025-05-30T22:30:00,Swiftwater Sloop (blue),1,0
140,Gravy Bones,2025-05-30T22:30:00,Trade In (blue),1,0
140,Gravy Bones,2025-05-30T22:30:00,Yo Ho Ho! (blue),1,0
140,Gravy Bones,2025-05-30T22:30:00,Fish Fingers,1,1
140,Gravy Bones,2025-05-30T22:30:00,Head Stone,1,1
140,Gravy Bones,2025-05-30T22:30:00,Old Knocker,1,1
140,Gravy Bones,2025-05-30T22:30:00,Peg Leg,1,1
141,"Scurv, Stowaway",2025-05-31T02:29:37,Blow for a Blow (red),1,0
141,"Scurv, Stowaway",2025-05-31T02:29:37,Expedition to Blackwater Strait (red),2,0
141,"Scurv, Stowaway",2025-05-31T02:29:37,Expedition to Horizon's Mantle (red),1,0
141,"Scurv, Stowaway",2025-05-31T02:29:37,Chart a Course (red),1,0
141,"Scurv, Stowaway",2025-05-31T02:29:37,Life for a Life (red),2,0
141,"Scurv, Stowaway",2025-05-31T02:29:37,Money or Your Life? (red),1,0
141,"Scurv, Stowaway",2025-05-31T02:29:37,Nimby (red),1,0
141,"Scurv, Stowaway",2025-05-31T02:29:37,Rally the Coast Guard (red),1,0
141,"Scurv, Stowaway",2025-05-31T02:29:37,Thiev'n Varmints (red),1,0
141,"Scurv, Stowaway",2025-05-31T02:29:37,Battalion Barque (yellow),1,0
141,"Scurv, Stowaway",2025-05-31T02:29:37,Gold Hunter Lightsail (yellow),1,0
141,"Scurv, Stowaway",2025-05-31T02:29:37,Chart a Course (yellow),1,0
141,"Scurv, Stowaway",2025-05-31T02:29:37,Lost in Transit (yellow),1,0
141,"Scurv, Stowaway",2025-05-31T02:29:37,Sirens of Safe Harbor (yellow),1,0
141,"Scurv, Stowaway",2025-05-31T02:29:37,Swiftwater Sloop (yellow),2,0
141,"Scurv, Stowaway",2025-05-31T02:29:37,Swindler's Grift (yellow),3,0
141,"Scurv, Stowaway",2025-05-31T02:29:37,Trade In (yellow),2,0
141,"Scurv, Stowaway",2025-05-31T02:29:37,Murderous Rabble (blue),1,0
141,"Scurv, Stowaway",2025-05-31T02:29:37,Nimblism (blue),1,0
141,"Scurv, Stowaway",2025-05-31T02:29:37,Nimby (blue),1,0
141,"Scurv, Stowaway",2025-05-31T02:29:37,Rally the Coast Guard (blue),1,0
141,"Scurv, Stowaway",2025-05-31T02:29:37,Sirens of Safe Harbor (blue),1,0
141,"Scurv, Stowaway",2025-05-31T02:29:37,Swiftwater Sloop (blue),2,0
141,"Scurv, Stowaway",2025-05-31T02:29:37,Buccaneer's Bounty,1,1
141,"Scurv, Stowaway",2025-05-31T02:29:37,Light Fingers,1,1
141,"Scurv, Stowaway",2025-05-31T02:29:37,Quartermaster's Boots,1,1
142,Puffin,2025-05-31T02:39:38,Cloud Skiff (red),2,0
142,Puffin,2025-05-31T02:39:38,Draw Back the Hammer (red),1,0
142,Puffin,2025-05-31T02:39:38,Jack Be Nimble (red),1,0
142,Puffin,2025-05-31T02:39:38,Jack Be Quick (red),1,0
142,Puffin,2025-05-31T02:39:38,Nimblism (red),2,0
142,Puffin,2025-05-31T02:39:38,Nimby (red),1,0
142,Puffin,2025-05-31T02:39:38,Perk Up (red),1,0
142,Puffin,2025-05-31T02:39:38,Sky Skimmer (red),1,0
142,Puffin,2025-05-31T02:39:38,Swiftwater Sloop (red),2,0
142,Puffin,2025-05-31T02:39:38,Tighten the Screws (red),1,0
142,Puffin,2025-05-31T02:39:38,Tough Old Wrench (red),1,0
142,Puffin,2025-05-31T02:39:38,Walk the Plank (red),1,0
142,Puffin,2025-05-31T02:39:38,Cloud Skiff (yellow),1,0
142,Puffin,2025-05-31T02:39:38,Gold Hunter Ketch (yellow),1,0
142,Puffin,2025-05-31T02:39:38,HMS Kraken (yellow),1,0
142,Puffin,2025-05-31T02:39:38,Sky Skimmer (yellow),2,0
142,Puffin,2025-05-31T02:39:38,Teeth of the Cog (yellow),4,0
142,Puffin,2025-05-31T02:39:38,Tough Old Wrench (yellow),1,0
142,Puffin,2025-05-31T02:39:38,Battalion Barque (blue),1,0
142,Puffin,2025-05-31T02:39:38,Goldwing Turbine (blue),1,0
142,Puffin,2025-05-31T02:39:38,Mutiny on the Battalion Barque (blue),1,0
142,Puffin,2025-05-31T02:39:38,Rally the Coast Guard (blue),2,0
142,Puffin,2025-05-31T02:39:38,Sea Floor Salvage (blue),1,0
142,Puffin,2025-05-31T02:39:38,Sky Skimmer (blue),1,0
142,Puffin,2025-05-31T02:39:38,Swiftwater Sloop (blue),2,0
142,Puffin,2025-05-31T02:39:38,Tit for Tat (blue),1,0
142,Puffin,2025-05-31T02:39:38,Tough Old Wrench (blue),1,0
142,Puffin,2025-05-31T02:39:38,Fish Fingers,1,1
142,Puffin,2025-05-31T02:39:38,Rust Belt,1,1
142,Puffin,2025-05-31T02:39:38,Unicycle,1,1
143,"Scurv, Stowaway",2025-05-31T04:33:51,Golden Tipple (red),1,0
143,"Scurv, Stowaway",2025-05-31T04:33:51,Chart a Course (red),1,0
143,"Scurv, Stowaway",2025-05-31T04:33:51,Jack Be Quick (red),1,0
143,"Scurv, Stowaway",2025-05-31T04:33:51,Money or Your Life? (red),1,0
143,"Scurv, Stowaway",2025-05-31T04:33:51,Nimby (red),3,0
143,"Scurv, Stowaway",2025-05-31T04:33:51,On the Horizon (red),1,0
143,"Scurv, Stowaway",2025-05-31T04:33:51,Ravenous Rabble (red),2,0
143,"Scurv, Stowaway",2025-05-31T04:33:51,Scar for a Scar (red),1,0
143,"Scurv, Stowaway",2025-05-31T04:33:51,Sirens of Safe Harbor (red),1,0
143,"Scurv, Stowaway",2025-05-31T04:33:51,Thiev'n Varmints (red),2,0
143,"Scurv, Stowaway",2025-05-31T04:33:51,Fiddler's Green (yellow),1,0
143,"Scurv, Stowaway",2025-05-31T04:33:51,Gold Hunter Lightsail (yellow),1,0
143,"Scurv, Stowaway",2025-05-31T04:33:51,Gold Hunter Longboat (yellow),1,0
143,"Scurv, Stowaway",2025-05-31T04:33:51,HMS Marlin (yellow),1,0
143,"Scurv, Stowaway",2025-05-31T04:33:51,Chart a Course (yellow),1,0
143,"Scurv, Stowaway",2025-05-31T04:33:51,Lost in Transit (yellow),1,0
143,"Scurv, Stowaway",2025-05-31T04:33:51,Nimblism (yellow),2,0
143,"Scurv, Stowaway",2025-05-31T04:33:51,Nimby (yellow),1,0
143,"Scurv, Stowaway",2025-05-31T04:33:51,Saltwater Swell (yellow),1,0
143,"Scurv, Stowaway",2025-05-31T04:33:51,Swiftwater Sloop (yellow),1,0
143,"Scurv, Stowaway",2025-05-31T04:33:51,Mutiny on the Battalion Barque (blue),1,0
143,"Scurv, Stowaway",2025-05-31T04:33:51,Mutiny on the Nimbus Sovereign (blue),1,0
143,"Scurv, Stowaway",2025-05-31T04:33:51,Nimby (blue),1,0
143,"Scurv, Stowaway",2025-05-31T04:33:51,Sirens of Safe Harbor (blue),1,0
143,"Scurv, Stowaway",2025-05-31T04:33:51,Swiftwater Sloop (blue),1,0
143,"Scurv, Stowaway",2025-05-31T04:33:51,Tit for Tat (blue),1,0
143,"Scurv, Stowaway",2025-05-31T04:33:51,Walk the Plank (blue),1,0
143,"Scurv, Stowaway",2025-05-31T04:33:51,Blue Sea Tricorn,1,1
143,"Scurv, Stowaway",2025-05-31T04:33:51,Light Fingers,1,1
143,"Scurv, Stowaway",2025-05-31T04:33:51,Peg Leg,1,1
143,"Scurv, Stowaway",2025-05-31T04:33:51,Quick Clicks,1,1
144,Marlynn,2025-05-31T06:41:59,Blow for a Blow (red),1,0
144,Marlynn,2025-05-31T06:41:59,Call in the Big Guns (red),2,0
144,Marlynn,2025-05-31T06:41:59,Drop the Anchor (red),2,0
144,Marlynn,2025-05-31T06:41:59,Dry Powder Shot (red),2,0
144,Marlynn,2025-05-31T06:41:59,Entangling Shot (red),1,0
144,Marlynn,2025-05-31T06:41:59,Expedition to Azuro Keys (red),1,0
144,Marlynn,2025-05-31T06:41:59,Chart a Course (red),1,0
144,Marlynn,2025-05-31T06:41:59,Jack Be Nimble (red),1,0
144,Marlynn,2025-05-31T06:41:59,Jack Be Quick (red),1,0
144,Marlynn,2025-05-31T06:41:59,Monkey Powder (red),1,0
144,Marlynn,2025-05-31T06:41:59,Nimblism (red),1,0
144,Marlynn,2025-05-31T06:41:59,Nimby (red),1,0
144,Marlynn,2025-05-31T06:41:59,Ravenous Rabble (red),3,0
144,Marlynn,2025-05-31T06:41:59,Saltwater Swell (red),1,0
144,Marlynn,2025-05-31T06:41:59,Scouting Shot (red),1,0
144,Marlynn,2025-05-31T06:41:59,Sic 'Em Shot (red),1,0
144,Marlynn,2025-05-31T06:41:59,Swift Shot (red),1,0
144,Marlynn,2025-05-31T06:41:59,Fiddler's Green (yellow),1,0
144,Marlynn,2025-05-31T06:41:59,Chart a Course (yellow),1,0
144,Marlynn,2025-05-31T06:41:59,Nimblism (yellow),1,0
144,Marlynn,2025-05-31T06:41:59,Nimby (yellow),1,0
144,Marlynn,2025-05-31T06:41:59,Salvage Shot (yellow),2,0
144,Marlynn,2025-05-31T06:41:59,Call in the Big Guns (blue),1,0
144,Marlynn,2025-05-31T06:41:59,Money or Your Life? (blue),1,0
144,Marlynn,2025-05-31T06:41:59,Nimby (blue),1,0
144,Marlynn,2025-05-31T06:41:59,Rusty Harpoon (blue),1,0
144,Marlynn,2025-05-31T06:41:59,Sic 'Em Shot (blue),2,0
144,Marlynn,2025-05-31T06:41:59,Sirens of Safe Harbor (blue),1,0
144,Marlynn,2025-05-31T06:41:59,Swiftwater Sloop (blue),1,0
144,Marlynn,2025-05-31T06:41:59,Tit for Tat (blue),1,0
144,Marlynn,2025-05-31T06:41:59,Buccaneer's Bounty,1,1
144,Marlynn,2025-05-31T06:41:59,Patch the Hole,1,1
144,Marlynn,2025-05-31T06:41:59,Peg Leg,1,1
144,Marlynn,2025-05-31T06:41:59,Swiftstrike Bracers,2,1
145,Puffin,2025-05-31T08:10:32,Cogwerx Dovetail (red),1,0
145,Puffin,2025-05-31T08:10:32,Expedition to Azuro Keys (red),1,0
145,Puffin,2025-05-31T08:10:32,Expedition to Blackwater Strait (red),1,0
145,Puffin,2025-05-31T08:10:32,Goldwing Turbine (red),2,0
145,Puffin,2025-05-31T08:10:32,Chart a Course (red),1,0
145,Puffin,2025-05-31T08:10:32,Swiftwater Sloop (red),1,0
145,Puffin,2025-05-31T08:10:32,Swindler's Grift (red),1,0
145,Puffin,2025-05-31T08:10:32,Battalion Barque (yellow),4,0
145,Puffin,2025-05-31T08:10:32,Gold Hunter Ketch (yellow),1,0
145,Puffin,2025-05-31T08:10:32,Gold Hunter Marauder (yellow),1,0
145,Puffin,2025-05-31T08:10:32,On the Horizon (yellow),3,0
145,Puffin,2025-05-31T08:10:32,Saltwater Swell (yellow),1,0
145,Puffin,2025-05-31T08:10:32,Sky Skimmer (yellow),1,0
145,Puffin,2025-05-31T08:10:32,Swiftwater Sloop (yellow),1,0
145,Puffin,2025-05-31T08:10:32,Swindler's Grift (yellow),1,0
145,Puffin,2025-05-31T08:10:32,Walk the Plank (yellow),1,0
145,Puffin,2025-05-31T08:10:32,Cloud Skiff (blue),1,0
145,Puffin,2025-05-31T08:10:32,Cogwerx Zeppelin (blue),1,0
145,Puffin,2025-05-31T08:10:32,Goldwing Turbine (blue),1,0
145,Puffin,2025-05-31T08:10:32,Mutiny on the Battalion Barque (blue),1,0
145,Puffin,2025-05-31T08:10:32,Mutiny on the Swiftwater (blue),2,0
145,Puffin,2025-05-31T08:10:32,Nimby (blue),1,0
145,Puffin,2025-05-31T08:10:32,On the Horizon (blue),2,0
145,Puffin,2025-05-31T08:10:32,Pinion Sentry (blue),1,0
145,Puffin,2025-05-31T08:10:32,Scrub the Deck (blue),1,0
145,Puffin,2025-05-31T08:10:32,Swiftwater Sloop (blue),2,0
145,Puffin,2025-05-31T08:10:32,Rust Belt,1,1
145,Puffin,2025-05-31T08:10:32,Unicycle,1,1
146,Puffin,2025-05-31T14:14:43,Cloud City Steamboat (red),1,0
146,Puffin,2025-05-31T14:14:43,Cogwerx Zeppelin (red),2,0
146,Puffin,2025-05-31T14:14:43,Expedition to Azuro Keys (red),2,0
146,Puffin,2025-05-31T14:14:43,Expedition to Dreadfall Reach (red),2,0
146,Puffin,2025-05-31T14:14:43,Golden Tipple (red),2,0
146,Puffin,2025-05-31T14:14:43,Goldwing Turbine (red),1,0
146,Puffin,2025-05-31T14:14:43,Chart a Course (red),1,0
146,Puffin,2025-05-31T14:14:43,Perk Up (red),2,0
146,Puffin,2025-05-31T14:14:43,Ravenous Rabble (red),1,0
146,Puffin,2025-05-31T14:14:43,Sky Skimmer (red),1,0
146,Puffin,2025-05-31T14:14:43,Teeth of the Cog (red),1,0
146,Puffin,2025-05-31T14:14:43,Tough Old Wrench (red),1,0
146,Puffin,2025-05-31T14:14:43,Cloud City Steamboat (yellow),1,0
146,Puffin,2025-05-31T14:14:43,Gold Hunter Longboat (yellow),1,0
146,Puffin,2025-05-31T14:14:43,Goldwing Turbine (yellow),1,0
146,Puffin,2025-05-31T14:14:43,HMS Marlin (yellow),1,0
146,Puffin,2025-05-31T14:14:43,Sirens of Safe Harbor (yellow),1,0
146,Puffin,2025-05-31T14:14:43,Sky Skimmer (yellow),2,0
146,Puffin,2025-05-31T14:14:43,Tough Old Wrench (yellow),1,0
146,Puffin,2025-05-31T14:14:43,Battalion Barque (blue),1,0
146,Puffin,2025-05-31T14:14:43,Golden Tipple (blue),1,0
146,Puffin,2025-05-31T14:14:43,Chart a Course (blue),1,0
146,Puffin,2025-05-31T14:14:43,Mutiny on the Nimbus Sovereign (blue),1,0
146,Puffin,2025-05-31T14:14:43,Pinion Sentry (blue),1,0
146,Puffin,2025-05-31T14:14:43,Sky Skimmer (blue),1,0
146,Puffin,2025-05-31T14:14:43,Swiftwater Sloop (blue),1,0
146,Puffin,2025-05-31T14:14:43,Teeth of the Cog (blue),1,0
146,Puffin,2025-05-31T14:14:43,Tough Old Wrench (blue),1,0
146,Puffin,2025-05-31T14:14:43,Blue Sea Tricorn,1,1
146,Puffin,2025-05-31T14:14:43,Rust Belt,1,1
147,Gravy Bones,2025-05-31T17:58:54,Battalion Barque (red),1,0
147,Gravy Bones,2025-05-31T17:58:54,Conqueror of the High Seas (red),1,0
147,Gravy Bones,2025-05-31T17:58:54,Expedition to Blackwater Strait (red),1,0
147,Gravy Bones,2025-05-31T17:58:54,Chart a Course (red),1,0
147,Gravy Bones,2025-05-31T17:58:54,Nimby (red),1,0
147,Gravy Bones,2025-05-31T17:58:54,On the Horizon (red),2,0
147,Gravy Bones,2025-05-31T17:58:54,Paddle Faster (red),1,0
147,Gravy Bones,2025-05-31T17:58:54,Restless Bones (red),1,0
147,Gravy Bones,2025-05-31T17:58:54,Thiev'n Varmints (red),1,0
147,Gravy Bones,2025-05-31T17:58:54,Trade In (red),1,0
147,Gravy Bones,2025-05-31T17:58:54,Walk the Plank (red),1,0
147,Gravy Bones,2025-05-31T17:58:54,Barnacle (yellow),1,0
147,Gravy Bones,2025-05-31T17:58:54,Crash Down the Gates (yellow),1,0
147,Gravy Bones,2025-05-31T17:58:54,"Cutty Shark, Quick Clip (yellow)",1,0
147,Gravy Bones,2025-05-31T17:58:54,Fiddler's Green (yellow),1,0
147,Gravy Bones,2025-05-31T17:58:54,Gold Hunter Marauder (yellow),1,0
147,Gravy Bones,2025-05-31T17:58:54,"Chowder, Hearty Cook (yellow)",1,0
147,Gravy Bones,2025-05-31T17:58:54,Jittery Bones (yellow),1,0
147,Gravy Bones,2025-05-31T17:58:54,Riggermortis (yellow),1,0
147,Gravy Bones,2025-05-31T17:58:54,Swiftwater Sloop (yellow),1,0
147,Gravy Bones,2025-05-31T17:58:54,Trade In (yellow),1,0
147,Gravy Bones,2025-05-31T17:58:54,Walk the Plank (yellow),1,0
147,Gravy Bones,2025-05-31T17:58:54,Angry Bones (blue),1,0
147,Gravy Bones,2025-05-31T17:58:54,Golden Tipple (blue),1,0
147,Gravy Bones,2025-05-31T17:58:54,Mutiny on the Nimbus Sovereign (blue),1,0
147,Gravy Bones,2025-05-31T17:58:54,Mutiny on the Swiftwater (blue),2,0
147,Gravy Bones,2025-05-31T17:58:54,Nimby (blue),2,0
147,Gravy Bones,2025-05-31T17:58:54,Portside Exchange (blue),1,0
147,Gravy Bones,2025-05-31T17:58:54,Sea Floor Salvage (blue),1,0
147,Gravy Bones,2025-05-31T17:58:54,Sirens of Safe Harbor (blue),1,0
147,Gravy Bones,2025-05-31T17:58:54,Throw Caution to the Wind (blue),1,0
147,Gravy Bones,2025-05-31T17:58:54,Tit for Tat (blue),1,0
147,Gravy Bones,2025-05-31T17:58:54,Trade In (blue),1,0
147,Gravy Bones,2025-05-31T17:58:54,Yo Ho Ho! (blue),1,0
147,Gravy Bones,2025-05-31T17:58:54,Blue Sea Tricorn,1,1
147,Gravy Bones,2025-05-31T17:58:54,Old Knocker,2,1
147,Gravy Bones,2025-05-31T17:58:54,Quick Clicks,2,1
148,"Scurv, Stowaway",2025-05-31T19:46:59,Battalion Barque (red),2,0
148,"Scurv, Stowaway",2025-05-31T19:46:59,Expedition to Azuro Keys (red),2,0
148,"Scurv, Stowaway",2025-05-31T19:46:59,Chart a Course (red),1,0
148,"Scurv, Stowaway",2025-05-31T19:46:59,Jack Be Nimble (red),1,0
148,"Scurv, Stowaway",2025-05-31T19:46:59,Nimblism (red),2,0
148,"Scurv, Stowaway",2025-05-31T19:46:59,On the Horizon (red),1,0
148,"Scurv, Stowaway",2025-05-31T19:46:59,Sirens of Safe Harbor (red),1,0
148,"Scurv, Stowaway",2025-05-31T19:46:59,Swindler's Grift (red),1,0
148,"Scurv, Stowaway",2025-05-31T19:46:59,Thiev'n Varmints (red),1,0
148,"Scurv, Stowaway",2025-05-31T19:46:59,Battalion Barque (yellow),1,0
148,"Scurv, Stowaway",2025-05-31T19:46:59,HMS Barracuda (yellow),1,0
148,"Scurv, Stowaway",2025-05-31T19:46:59,Lost in Transit (yellow),1,0
148,"Scurv, Stowaway",2025-05-31T19:46:59,Money or Your Life? (yellow),1,0
148,"Scurv, Stowaway",2025-05-31T19:46:59,Nimby (yellow),1,0
148,"Scurv, Stowaway",2025-05-31T19:46:59,On the Horizon (yellow),1,0
148,"Scurv, Stowaway",2025-05-31T19:46:59,Rally the Coast Guard (yellow),1,0
148,"Scurv, Stowaway",2025-05-31T19:46:59,Sea Legs (yellow),1,0
148,"Scurv, Stowaway",2025-05-31T19:46:59,Sirens of Safe Harbor (yellow),1,0
148,"Scurv, Stowaway",2025-05-31T19:46:59,Trade In (yellow),1,0
148,"Scurv, Stowaway",2025-05-31T19:46:59,Battalion Barque (blue),2,0
148,"Scurv, Stowaway",2025-05-31T19:46:59,Mutiny on the Nimbus Sovereign (blue),1,0
148,"Scurv, Stowaway",2025-05-31T19:46:59,Portside Exchange (blue),1,0
148,"Scurv, Stowaway",2025-05-31T19:46:59,Sea Floor Salvage (blue),1,0
148,"Scurv, Stowaway",2025-05-31T19:46:59,Swindler's Grift (blue),1,0
148,"Scurv, Stowaway",2025-05-31T19:46:59,Throw Caution to the Wind (blue),1,0
148,"Scurv, Stowaway",2025-05-31T19:46:59,Tit for Tat (blue),1,0
148,"Scurv, Stowaway",2025-05-31T19:46:59,Trade In (blue),1,0
148,"Scurv, Stowaway",2025-05-31T19:46:59,Blue Sea Tricorn,1,1
148,"Scurv, Stowaway",2025-05-31T19:46:59,Quick Clicks,1,1
148,"Scurv, Stowaway",2025-05-31T19:46:59,Swiftstrike Bracers,1,1
149,Marlynn,2025-05-31T20:25:17,Call in the Big Guns (red),2,0
149,Marlynn,2025-05-31T20:25:17,Drop the Anchor (red),1,0
149,Marlynn,2025-05-31T20:25:17,Dry Powder Shot (red),2,0
149,Marlynn,2025-05-31T20:25:17,Entangling Shot (red),2,0
149,Marlynn,2025-05-31T20:25:17,Fire in the Hole (red),1,0
149,Marlynn,2025-05-31T20:25:17,Golden Tipple (red),1,0
149,Marlynn,2025-05-31T20:25:17,Head Shot (red),1,0
149,Marlynn,2025-05-31T20:25:17,Chart a Course (red),1,0
149,Marlynn,2025-05-31T20:25:17,Life for a Life (red),1,0
149,Marlynn,2025-05-31T20:25:17,Salvage Shot (red),2,0
149,Marlynn,2025-05-31T20:25:17,Scouting Shot (red),1,0
149,Marlynn,2025-05-31T20:25:17,Sic 'Em Shot (red),1,0
149,Marlynn,2025-05-31T20:25:17,Swift Shot (red),1,0
149,Marlynn,2025-05-31T20:25:17,Thiev'n Varmints (red),1,0
149,Marlynn,2025-05-31T20:25:17,Battalion Barque (yellow),1,0
149,Marlynn,2025-05-31T20:25:17,Call in the Big Guns (yellow),1,0
149,Marlynn,2025-05-31T20:25:17,Gold Hunter Ketch (yellow),1,0
149,Marlynn,2025-05-31T20:25:17,Gold Hunter Lightsail (yellow),2,0
149,Marlynn,2025-05-31T20:25:17,Head Shot (yellow),1,0
149,Marlynn,2025-05-31T20:25:17,Sic 'Em Shot (yellow),2,0
149,Marlynn,2025-05-31T20:25:17,Swiftwater Sloop (yellow),1,0
149,Marlynn,2025-05-31T20:25:17,Swindler's Grift (yellow),1,0
149,Marlynn,2025-05-31T20:25:17,Blue Fin Harpoon (blue),1,0
149,Marlynn,2025-05-31T20:25:17,Call in the Big Guns (blue),1,0
149,Marlynn,2025-05-31T20:25:17,Head Shot (blue),1,0
149,Marlynn,2025-05-31T20:25:17,Hook (blue),1,0
149,Marlynn,2025-05-31T20:25:17,Red Fin Harpoon (blue),1,0
149,Marlynn,2025-05-31T20:25:17,Rusty Harpoon (blue),1,0
149,Marlynn,2025-05-31T20:25:17,Salvage Shot (blue),1,0
149,Marlynn,2025-05-31T20:25:17,Sic 'Em Shot (blue),2,0
149,Marlynn,2025-05-31T20:25:17,Strike Gold (blue),1,0
149,Marlynn,2025-05-31T20:25:17,Swiftwater Sloop (blue),1,0
149,Marlynn,2025-05-31T20:25:17,Yellow Fin Harpoon (blue),1,0
149,Marlynn,2025-05-31T20:25:17,Blue Sea Tricorn,1,1
149,Marlynn,2025-05-31T20:25:17,Glidewell Fins,1,1
150,Gravy Bones,2025-05-31T22:40:29,Angry Bones (red),1,0
150,Gravy Bones,2025-05-31T22:40:29,Blow for a Blow (red),2,0
150,Gravy Bones,2025-05-31T22:40:29,Board the Ship (red),1,0
150,Gravy Bones,2025-05-31T22:40:29,Burly Bones (red),2,0
150,Gravy Bones,2025-05-31T22:40:29,Golden Tipple (red),1,0
150,Gravy Bones,2025-05-31T22:40:29,Jittery Bones (red),2,0
150,Gravy Bones,2025-05-31T22:40:29,Rally the Coast Guard (red),1,0
150,Gravy Bones,2025-05-31T22:40:29,Restless Bones (red),1,0
150,Gravy Bones,2025-05-31T22:40:29,Scar for a Scar (red),1,0
150,Gravy Bones,2025-05-31T22:40:29,Fiddler's Green (yellow),1,0
150,Gravy Bones,2025-05-31T22:40:29,Gold Hunter Longboat (yellow),1,0
150,Gravy Bones,2025-05-31T22:40:29,"Limpit, Hop-a-long (yellow)",1,0
150,Gravy Bones,2025-05-31T22:40:29,Rally the Coast Guard (yellow),1,0
150,Gravy Bones,2025-05-31T22:40:29,Riggermortis (yellow),2,0
150,Gravy Bones,2025-05-31T22:40:29,"Scooba, Salty Sea Dog (yellow)",1,0
150,Gravy Bones,2025-05-31T22:40:29,Swiftwater Sloop (yellow),2,0
150,Gravy Bones,2025-05-31T22:40:29,Angry Bones (blue),1,0
150,Gravy Bones,2025-05-31T22:40:29,Burly Bones (blue),1,0
150,Gravy Bones,2025-05-31T22:40:29,Mutiny on the Nimbus Sovereign (blue),2,0
150,Gravy Bones,2025-05-31T22:40:29,Pilfer the Wreck (blue),1,0
150,Gravy Bones,2025-05-31T22:40:29,Swiftwater Sloop (blue),2,0
150,Gravy Bones,2025-05-31T22:40:29,Trade In (blue),1,0
150,Gravy Bones,2025-05-31T22:40:29,Yo Ho Ho! (blue),1,0
150,Gravy Bones,2025-05-31T22:40:29,Buccaneer's Bounty,1,1
150,Gravy Bones,2025-05-31T22:40:29,Light Fingers,1,1
151,Marlynn,2025-06-01T00:27:36,Call in the Big Guns (red),2,0
151,Marlynn,2025-06-01T00:27:36,Dry Powder Shot (red),1,0
151,Marlynn,2025-06-01T00:27:36,Entangling Shot (red),1,0
151,Marlynn,2025-06-01T00:27:36,Head Shot (red),2,0
151,Marlynn,2025-06-01T00:27:36,Monkey Powder (red),1,0
151,Marlynn,2025-06-01T00:27:36,Nettling Shot (red),2,0
151,Marlynn,2025-06-01T00:27:36,Nimby (red),1,0
151,Marlynn,2025-06-01T00:27:36,Salvage Shot (red),2,0
151,Marlynn,2025-06-01T00:27:36,Swift Shot (red),1,0
151,Marlynn,2025-06-01T00:27:36,Thiev'n Varmints (red),1,0
151,Marlynn,2025-06-01T00:27:36,Trade In (red),1,0
151,Marlynn,2025-06-01T00:27:36,Walk the Plank (red),1,0
151,Marlynn,2025-06-01T00:27:36,Call in the Big Guns (yellow),2,0
151,Marlynn,2025-06-01T00:27:36,Fiddler's Green (yellow),1,0
151,Marlynn,2025-06-01T00:27:36,Rally the Coast Guard (yellow),1,0
151,Marlynn,2025-06-01T00:27:36,Saltwater Swell (yellow),1,0
151,Marlynn,2025-06-01T00:27:36,Salvage Shot (yellow),1,0
151,Marlynn,2025-06-01T00:27:36,Swiftwater Sloop (yellow),1,0
151,Marlynn,2025-06-01T00:27:36,Trade In (yellow),1,0
151,Marlynn,2025-06-01T00:27:36,Battalion Barque (blue),1,0
151,Marlynn,2025-06-01T00:27:36,Call in the Big Guns (blue),2,0
151,Marlynn,2025-06-01T00:27:36,Divvy Up (blue),1,0
151,Marlynn,2025-06-01T00:27:36,Head Shot (blue),1,0
151,Marlynn,2025-06-01T00:27:36,Line (blue),1,0
151,Marlynn,2025-06-01T00:27:36,On the Horizon (blue),2,0
151,Marlynn,2025-06-01T00:27:36,Salvage Shot (blue),2,0
151,Marlynn,2025-06-01T00:27:36,Shifting Tides (blue),1,0
151,Marlynn,2025-06-01T00:27:36,Sinker (blue),1,0
151,Marlynn,2025-06-01T00:27:36,Trade In (blue),1,0
151,Marlynn,2025-06-01T00:27:36,Walk the Plank (blue),1,0
151,Marlynn,2025-06-01T00:27:36,Buccaneer's Bounty,1,1
151,Marlynn,2025-06-01T00:27:36,Glidewell Fins,1,1
151,Marlynn,2025-06-01T00:27:36,Patch the Hole,1,1
152,Gravy Bones,2025-06-01T00:58:18,Angry Bones (red),2,0
152,Gravy Bones,2025-06-01T00:58:18,Battalion Barque (red),1,0
152,Gravy Bones,2025-06-01T00:58:18,Blood in the Water (red),1,0
152,Gravy Bones,2025-06-01T00:58:18,Expedition to Azuro Keys (red),1,0
152,Gravy Bones,2025-06-01T00:58:18,Fiddler's Green (red),1,0
152,Gravy Bones,2025-06-01T00:58:18,Jittery Bones (red),1,0
152,Gravy Bones,2025-06-01T00:58:18,Paddle Faster (red),1,0
152,Gravy Bones,2025-06-01T00:58:18,Restless Bones (red),1,0
152,Gravy Bones,2025-06-01T00:58:18,Battalion Barque (yellow),1,0
152,Gravy Bones,2025-06-01T00:58:18,Burly Bones (yellow),1,0
152,Gravy Bones,2025-06-01T00:58:18,Fool's Gold (yellow),1,0
152,Gravy Bones,2025-06-01T00:58:18,Golden Tipple (yellow),1,0
152,Gravy Bones,2025-06-01T00:58:18,HMS Barracuda (yellow),1,0
152,Gravy Bones,2025-06-01T00:58:18,"Limpit, Hop-a-long (yellow)",1,0
152,Gravy Bones,2025-06-01T00:58:18,On the Horizon (yellow),1,0
152,Gravy Bones,2025-06-01T00:58:18,Restless Bones (yellow),1,0
152,Gravy Bones,2025-06-01T00:58:18,Riggermortis (yellow),1,0
152,Gravy Bones,2025-06-01T00:58:18,"Shelly, Hardened Traveler (yellow)",1,0
152,Gravy Bones,2025-06-01T00:58:18,Strike Gold (yellow),1,0
152,Gravy Bones,2025-06-01T00:58:18,Swiftwater Sloop (yellow),1,0
152,Gravy Bones,2025-06-01T00:58:18,Swindler's Grift (yellow),1,0
152,Gravy Bones,2025-06-01T00:58:18,Walk the Plank (yellow),1,0
152,Gravy Bones,2025-06-01T00:58:18,Angry Bones (blue),3,0
152,Gravy Bones,2025-06-01T00:58:18,Burly Bones (blue),1,0
152,Gravy Bones,2025-06-01T00:58:18,Flying High (blue),1,0
152,Gravy Bones,2025-06-01T00:58:18,Golden Tipple (blue),2,0
152,Gravy Bones,2025-06-01T00:58:18,Mutiny on the Nimbus Sovereign (blue),1,0
152,Gravy Bones,2025-06-01T00:58:18,Mutiny on the Swiftwater (blue),1,0
152,Gravy Bones,2025-06-01T00:58:18,Rally the Coast Guard (blue),2,0
152,Gravy Bones,2025-06-01T00:58:18,Trade In (blue),1,0
152,Gravy Bones,2025-06-01T00:58:18,Walk the Plank (blue),1,0
152,Gravy Bones,2025-06-01T00:58:18,Blue Sea Tricorn,2,1
152,Gravy Bones,2025-06-01T00:58:18,Old Knocker,1,1
152,Gravy Bones,2025-06-01T00:58:18,Peg Leg,1,1
152,Gravy Bones,2025-06-01T00:58:18,Washed Up Wave,1,1
153,"Scurv, Stowaway",2025-06-01T01:57:07,Battalion Barque (red),1,0
153,"Scurv, Stowaway",2025-06-01T01:57:07,Expedition to Azuro Keys (red),1,0
153,"Scurv, Stowaway",2025-06-01T01:57:07,Chart a Course (red),2,0
153,"Scurv, Stowaway",2025-06-01T01:57:07,Life for a Life (red),2,0
153,"Scurv, Stowaway",2025-06-01T01:57:07,Money or Your Life? (red),1,0
153,"Scurv, Stowaway",2025-06-01T01:57:07,Sirens of Safe Harbor (red),1,0
153,"Scurv, Stowaway",2025-06-01T01:57:07,Thiev'n Varmints (red),2,0
153,"Scurv, Stowaway",2025-06-01T01:57:07,Walk the Plank (red),2,0
153,"Scurv, Stowaway",2025-06-01T01:57:07,Flying High (yellow),1,0
153,"Scurv, Stowaway",2025-06-01T01:57:07,Gold Hunter Longboat (yellow),1,0
153,"Scurv, Stowaway",2025-06-01T01:57:07,Loan Shark (yellow),1,0
153,"Scurv, Stowaway",2025-06-01T01:57:07,Lost in Transit (yellow),1,0
153,"Scurv, Stowaway",2025-06-01T01:57:07,Money or Your Life? (yellow),1,0
153,"Scurv, Stowaway",2025-06-01T01:57:07,Nimblism (yellow),1,0
153,"Scurv, Stowaway",2025-06-01T01:57:07,Not So Fast (yellow),1,0
153,"Scurv, Stowaway",2025-06-01T01:57:07,Pilfer the Wreck (yellow),1,0
153,"Scurv, Stowaway",2025-06-01T01:57:07,Swiftwater Sloop (yellow),2,0
153,"Scurv, Stowaway",2025-06-01T01:57:07,Money or Your Life? (blue),1,0
153,"Scurv, Stowaway",2025-06-01T01:57:07,On the Horizon (blue),1,0
153,"Scurv, Stowaway",2025-06-01T01:57:07,Rally the Coast Guard (blue),2,0
153,"Scurv, Stowaway",2025-06-01T01:57:07,Sirens of Safe Harbor (blue),2,0
153,"Scurv, Stowaway",2025-06-01T01:57:07,Swiftwater Sloop (blue),1,0
153,"Scurv, Stowaway",2025-06-01T01:57:07,Swindler's Grift (blue),1,0
153,"Scurv, Stowaway",2025-06-01T01:57:07,Light Fingers,1,1
153,"Scurv, Stowaway",2025-06-01T01:57:07,Old Knocker,1,1
153,"Scurv, Stowaway",2025-06-01T01:57:07,Peg Leg,1,1
154,Gravy Bones,2025-06-01T04:04:38,Battalion Barque (red),1,0
154,Gravy Bones,2025-06-01T04:04:38,Burly Bones (red),1,0
154,Gravy Bones,2025-06-01T04:04:38,Crash Down the Gates (red),1,0
154,Gravy Bones,2025-06-01T04:04:38,Expedition to Horizon's Mantle (red),2,0
154,Gravy Bones,2025-06-01T04:04:38,Ravenous Rabble (red),1,0
154,Gravy Bones,2025-06-01T04:04:38,Restless Bones (red),2,0
154,Gravy Bones,2025-06-01T04:04:38,Saltwater Swell (red),2,0
154,Gravy Bones,2025-06-01T04:04:38,Swiftwater Sloop (red),1,0
154,Gravy Bones,2025-06-01T04:04:38,Walk the Plank (red),1,0
154,Gravy Bones,2025-06-01T04:04:38,Angry Bones (yellow),1,0
154,Gravy Bones,2025-06-01T04:04:38,"Cutty Shark, Quick Clip (yellow)",1,0
154,Gravy Bones,2025-06-01T04:04:38,Nimby (yellow),1,0
154,Gravy Bones,2025-06-01T04:04:38,"Scooba, Salty Sea Dog (yellow)",1,0
154,Gravy Bones,2025-06-01T04:04:38,Swabbie (yellow),2,0
154,Gravy Bones,2025-06-01T04:04:38,Amethyst Amulet (blue),1,0
154,Gravy Bones,2025-06-01T04:04:38,Burly Bones (blue),1,0
154,Gravy Bones,2025-06-01T04:04:38,Clap 'Em in Irons (blue),1,0
154,Gravy Bones,2025-06-01T04:04:38,Crash Down the Gates (blue),1,0
154,Gravy Bones,2025-06-01T04:04:38,Divvy Up (blue),1,0
154,Gravy Bones,2025-06-01T04:04:38,Chart a Course (blue),1,0
154,Gravy Bones,2025-06-01T04:04:38,Jittery Bones (blue),3,0
154,Gravy Bones,2025-06-01T04:04:38,Mutiny on the Swiftwater (blue),1,0
154,Gravy Bones,2025-06-01T04:04:38,On the Horizon (blue),1,0
154,Gravy Bones,2025-06-01T04:04:38,Pilfer the Wreck (blue),1,0
154,Gravy Bones,2025-06-01T04:04:38,Sirens of Safe Harbor (blue),1,0
154,Gravy Bones,2025-06-01T04:04:38,Swindler's Grift (blue),1,0
154,Gravy Bones,2025-06-01T04:04:38,Throw Caution to the Wind (blue),1,0
154,Gravy Bones,2025-06-01T04:04:38,Trade In (blue),1,0
154,Gravy Bones,2025-06-01T04:04:38,Walk the Plank (blue),1,0
154,Gravy Bones,2025-06-01T04:04:38,Head Stone,1,1
154,Gravy Bones,2025-06-01T04:04:38,Old Knocker,1,1
154,Gravy Bones,2025-06-01T04:04:38,Peg Leg,1,1
154,Gravy Bones,2025-06-01T04:04:38,Washed Up Wave,1,1
155,Puffin,2025-06-01T05:31:25,Battalion Barque (red),1,0
155,Puffin,2025-06-01T05:31:25,Cloud City Steamboat (red),1,0
155,Puffin,2025-06-01T05:31:25,Cloud Skiff (red),3,0
155,Puffin,2025-06-01T05:31:25,Cogwerx Zeppelin (red),1,0
155,Puffin,2025-06-01T05:31:25,Draw Back the Hammer (red),2,0
155,Puffin,2025-06-01T05:31:25,Expedition to Horizon's Mantle (red),1,0
155,Puffin,2025-06-01T05:31:25,Life for a Life (red),2,0
155,Puffin,2025-06-01T05:31:25,Ravenous Rabble (red),2,0
155,Puffin,2025-06-01T05:31:25,Sky Skimmer (red),1,0
155,Puffin,2025-06-01T05:31:25,Swindler's Grift (red),1,0
155,Puffin,2025-06-01T05:31:25,Thiev'n Varmints (red),3,0
155,Puffin,2025-06-01T05:31:25,Cloud Skiff (yellow),1,0
155,Puffin,2025-06-01T05:31:25,Gold Hunter Marauder (yellow),1,0
155,Puffin,2025-06-01T05:31:25,Sky Skimmer (yellow),1,0
155,Puffin,2025-06-01T05:31:25,Teeth of the Cog (yellow),1,0
155,Puffin,2025-06-01T05:31:25,Walk the Plank (yellow),1,0
155,Puffin,2025-06-01T05:31:25,Battalion Barque (blue),1,0
155,Puffin,2025-06-01T05:31:25,Cloud City Steamboat (blue),1,0
155,Puffin,2025-06-01T05:31:25,Cogwerx Zeppelin (blue),1,0
155,Puffin,2025-06-01T05:31:25,Mutiny on the Battalion Barque (blue),1,0
155,Puffin,2025-06-01T05:31:25,Onyx Amulet (blue),1,0
155,Puffin,2025-06-01T05:31:25,Sky Skimmer (blue),2,0
155,Puffin,2025-06-01T05:31:25,Swiftwater Sloop (blue),1,0
155,Puffin,2025-06-01T05:31:25,Swindler's Grift (blue),1,0
155,Puffin,2025-06-01T05:31:25,Tit for Tat (blue),1,0
155,Puffin,2025-06-01T05:31:25,Tough Old Wrench (blue),1,0
155,Puffin,2025-06-01T05:31:25,Walk the Plank (blue),1,0
155,Puffin,2025-06-01T05:31:25,Fish Fingers,1,1
155,Puffin,2025-06-01T05:31:25,Helmsman's Peak,1,1
155,Puffin,2025-06-01T05:31:25,Light Fingers,1,1
155,Puffin,2025-06-01T05:31:25,Unicycle,1,1
156,Marlynn,2025-06-01T08:47:54,Dry Powder Shot (red),1,0
156,Marlynn,2025-06-01T08:47:54,Entangling Shot (red),2,0
156,Marlynn,2025-06-01T08:47:54,Expedition to Horizon's Mantle (red),1,0
156,Marlynn,2025-06-01T08:47:54,Head Shot (red),1,0
156,Marlynn,2025-06-01T08:47:54,Salvage Shot (red),1,0
156,Marlynn,2025-06-01T08:47:54,Scouting Shot (red),2,0
156,Marlynn,2025-06-01T08:47:54,Swift Shot (red),1,0
156,Marlynn,2025-06-01T08:47:54,Battalion Barque (yellow),1,0
156,Marlynn,2025-06-01T08:47:54,Call in the Big Guns (yellow),2,0
156,Marlynn,2025-06-01T08:47:54,Fiddler's Green (yellow),1,0
156,Marlynn,2025-06-01T08:47:54,Gold Hunter Marauder (yellow),1,0
156,Marlynn,2025-06-01T08:47:54,Head Shot (yellow),1,0
156,Marlynn,2025-06-01T08:47:54,Not So Fast (yellow),1,0
156,Marlynn,2025-06-01T08:47:54,Rally the Coast Guard (yellow),1,0
156,Marlynn,2025-06-01T08:47:54,Salvage Shot (yellow),3,0
156,Marlynn,2025-06-01T08:47:54,Sic 'Em Shot (yellow),1,0
156,Marlynn,2025-06-01T08:47:54,Swindler's Grift (yellow),1,0
156,Marlynn,2025-06-01T08:47:54,Walk the Plank (yellow),1,0
156,Marlynn,2025-06-01T08:47:54,Battalion Barque (blue),1,0
156,Marlynn,2025-06-01T08:47:54,Blue Fin Harpoon (blue),2,0
156,Marlynn,2025-06-01T08:47:54,Head Shot (blue),3,0
156,Marlynn,2025-06-01T08:47:54,Mutiny on the Battalion Barque (blue),1,0
156,Marlynn,2025-06-01T08:47:54,Nimby (blue),1,0
156,Marlynn,2025-06-01T08:47:54,Portside Exchange (blue),1,0
156,Marlynn,2025-06-01T08:47:54,Rusty Harpoon (blue),1,0
156,Marlynn,2025-06-01T08:47:54,Salvage Shot (blue),2,0
156,Marlynn,2025-06-01T08:47:54,Sic 'Em Shot (blue),2,0
156,Marlynn,2025-06-01T08:47:54,Blue Sea Tricorn,1,1
156,Marlynn,2025-06-01T08:47:54,Glidewell Fins,1,1
156,Marlynn,2025-06-01T08:47:54,Light Fingers,1,1
157,Gravy Bones,2025-06-01T09:04:16,Angry Bones (red),1,0
157,Gravy Bones,2025-06-01T09:04:16,Blood in the Water (red),1,0
157,Gravy Bones,2025-06-01T09:04:16,Board the Ship (red),1,0
157,Gravy Bones,2025-06-01T09:04:16,Expedition to Dreadfall Reach (red),1,0
157,Gravy Bones,2025-06-01T09:04:16,Jittery Bones (red),1,0
157,Gravy Bones,2025-06-01T09:04:16,Paddle Faster (red),1,0
157,Gravy Bones,2025-06-01T09:04:16,Rally the Coast Guard (red),1,0
157,Gravy Bones,2025-06-01T09:04:16,Scar for a Scar (red),1,0
157,Gravy Bones,2025-06-01T09:04:16,Thiev'n Varmints (red),1,0
157,Gravy Bones,2025-06-01T09:04:16,Trade In (red),1,0
157,Gravy Bones,2025-06-01T09:04:16,Angry Bones (yellow),1,0
157,Gravy Bones,2025-06-01T09:04:16,Barnacle (yellow),1,0
157,Gravy Bones,2025-06-01T09:04:16,Battalion Barque (yellow),1,0
157,Gravy Bones,2025-06-01T09:04:16,Burly Bones (yellow),1,0
157,Gravy Bones,2025-06-01T09:04:16,"Cutty Shark, Quick Clip (yellow)",1,0
157,Gravy Bones,2025-06-01T09:04:16,Flying High (yellow),1,0
157,Gravy Bones,2025-06-01T09:04:16,Gold Hunter Lightsail (yellow),1,0
157,Gravy Bones,2025-06-01T09:04:16,Gold Hunter Longboat (yellow),1,0
157,Gravy Bones,2025-06-01T09:04:16,Jittery Bones (yellow),1,0
157,Gravy Bones,2025-06-01T09:04:16,Nimblism (yellow),1,0
157,Gravy Bones,2025-06-01T09:04:16,Riggermortis (yellow),2,0
157,Gravy Bones,2025-06-01T09:04:16,Swabbie (yellow),1,0
157,Gravy Bones,2025-06-01T09:04:16,Swindler's Grift (yellow),1,0
157,Gravy Bones,2025-06-01T09:04:16,Walk the Plank (yellow),2,0
157,Gravy Bones,2025-06-01T09:04:16,Amethyst Amulet (blue),1,0
157,Gravy Bones,2025-06-01T09:04:16,Burly Bones (blue),1,0
157,Gravy Bones,2025-06-01T09:04:16,Flying High (blue),1,0
157,Gravy Bones,2025-06-01T09:04:16,Heave Ho! (blue),1,0
157,Gravy Bones,2025-06-01T09:04:16,Chart a Course (blue),1,0
157,Gravy Bones,2025-06-01T09:04:16,Jittery Bones (blue),1,0
157,Gravy Bones,2025-06-01T09:04:16,Mutiny on the Nimbus Sovereign (blue),1,0
157,Gravy Bones,2025-06-01T09:04:16,Mutiny on the Swiftwater (blue),1,0
157,Gravy Bones,2025-06-01T09:04:16,Swiftwater Sloop (blue),1,0
157,Gravy Bones,2025-06-01T09:04:16,Trade In (blue),1,0
157,Gravy Bones,2025-06-01T09:04:16,Head Stone,1,1
157,Gravy Bones,2025-06-01T09:04:16,Old Knocker,1,1
157,Gravy Bones,2025-06-01T09:04:16,Swiftstrike Bracers,2,1
158,Marlynn,2025-06-01T10:43:55,Call in the Big Guns (red),3,0
158,Marlynn,2025-06-01T10:43:55,Dry Powder Shot (red),1,0
158,Marlynn,2025-06-01T10:43:55,Entangling Shot (red),1,0
158,Marlynn,2025-06-01T10:43:55,Expedition to Blackwater Strait (red),1,0
158,Marlynn,2025-06-01T10:43:55,Head Shot (red),1,0
158,Marlynn,2025-06-01T10:43:55,Chart a Course (red),1,0
158,Marlynn,2025-06-01T10:43:55,King Kraken Harpoon (red),1,0
158,Marlynn,2025-06-01T10:43:55,Money or Your Life? (red),1,0
158,Marlynn,2025-06-01T10:43:55,On the Horizon (red),1,0
158,Marlynn,2025-06-01T10:43:55,Salvage Shot (red),2,0
158,Marlynn,2025-06-01T10:43:55,Scar for a Scar (red),1,0
158,Marlynn,2025-06-01T10:43:55,Scouting Shot (red),2,0
158,Marlynn,2025-06-01T10:43:55,Strike Gold (red),1,0
158,Marlynn,2025-06-01T10:43:55,Swift Shot (red),2,0
158,Marlynn,2025-06-01T10:43:55,Golden Tipple (yellow),1,0
158,Marlynn,2025-06-01T10:43:55,Head Shot (yellow),2,0
158,Marlynn,2025-06-01T10:43:55,Salvage Shot (yellow),1,0
158,Marlynn,2025-06-01T10:43:55,Strike Gold (yellow),1,0
158,Marlynn,2025-06-01T10:43:55,Head Shot (blue),2,0
158,Marlynn,2025-06-01T10:43:55,Nimblism (blue),1,0
158,Marlynn,2025-06-01T10:43:55,Red Fin Harpoon (blue),1,0
158,Marlynn,2025-06-01T10:43:55,Rusty Harpoon (blue),2,0
158,Marlynn,2025-06-01T10:43:55,Salvage Shot (blue),1,0
158,Marlynn,2025-06-01T10:43:55,Sic 'Em Shot (blue),2,0
158,Marlynn,2025-06-01T10:43:55,Swindler's Grift (blue),1,0
158,Marlynn,2025-06-01T10:43:55,Glidewell Fins,1,1
158,Marlynn,2025-06-01T10:43:55,Old Knocker,1,1
158,Marlynn,2025-06-01T10:43:55,Patch the Hole,2,1
158,Marlynn,2025-06-01T10:43:55,Peg Leg,1,1
158,Marlynn,2025-06-01T10:43:55,Quartermaster's Boots,1,1
159,Marlynn,2025-06-01T16:19:39,Call in the Big Guns (red),2,0
159,Marlynn,2025-06-01T16:19:39,Dry Powder Shot (red),1,0
159,Marlynn,2025-06-01T16:19:39,Fire in the Hole (red),1,0
159,Marlynn,2025-06-01T16:19:39,Head Shot (red),1,0
159,Marlynn,2025-06-01T16:19:39,Chart a Course (red),1,0
159,Marlynn,2025-06-01T16:19:39,Jack Be Quick (red),1,0
159,Marlynn,2025-06-01T16:19:39,Life for a Life (red),1,0
159,Marlynn,2025-06-01T16:19:39,Nettling Shot (red),1,0
159,Marlynn,2025-06-01T16:19:39,Nimblism (red),1,0
159,Marlynn,2025-06-01T16:19:39,Nimby (red),1,0
159,Marlynn,2025-06-01T16:19:39,On the Horizon (red),1,0
159,Marlynn,2025-06-01T16:19:39,Ravenous Rabble (red),1,0
159,Marlynn,2025-06-01T16:19:39,Salvage Shot (red),2,0
159,Marlynn,2025-06-01T16:19:39,Scouting Shot (red),2,0
159,Marlynn,2025-06-01T16:19:39,Sic 'Em Shot (red),1,0
159,Marlynn,2025-06-01T16:19:39,Swiftwater Sloop (red),2,0
159,Marlynn,2025-06-01T16:19:39,Trade In (red),1,0
159,Marlynn,2025-06-01T16:19:39,Walk the Plank (red),1,0
159,Marlynn,2025-06-01T16:19:39,Call in the Big Guns (yellow),1,0
159,Marlynn,2025-06-01T16:19:39,Gold Hunter Ketch (yellow),1,0
159,Marlynn,2025-06-01T16:19:39,Gold Hunter Marauder (yellow),1,0
159,Marlynn,2025-06-01T16:19:39,Head Shot (yellow),2,0
159,Marlynn,2025-06-01T16:19:39,Battalion Barque (blue),1,0
159,Marlynn,2025-06-01T16:19:39,Call in the Big Guns (blue),2,0
159,Marlynn,2025-06-01T16:19:39,Head Shot (blue),2,0
159,Marlynn,2025-06-01T16:19:39,Rusty Harpoon (blue),1,0
159,Marlynn,2025-06-01T16:19:39,Salvage Shot (blue),2,0
159,Marlynn,2025-06-01T16:19:39,Sic 'Em Shot (blue),1,0
159,Marlynn,2025-06-01T16:19:39,Sinker (blue),1,0
159,Marlynn,2025-06-01T16:19:39,Captain's Coat,1,1
159,Marlynn,2025-06-01T16:19:39,Glidewell Fins,1,1
159,Marlynn,2025-06-01T16:19:39,Patch the Hole,1,1
159,Marlynn,2025-06-01T16:19:39,Quick Clicks,1,1
160,"Scurv, Stowaway",2025-06-01T18:48:52,Expedition to Blackwater Strait (red),2,0
160,"Scurv, Stowaway",2025-06-01T18:48:52,Expedition to Dreadfall Reach (red),2,0
160,"Scurv, Stowaway",2025-06-01T18:48:52,Expedition to Horizon's Mantle (red),1,0
160,"Scurv, Stowaway",2025-06-01T18:48:52,Golden Tipple (red),1,0
160,"Scurv, Stowaway",2025-06-01T18:48:52,Jack Be Nimble (red),1,0
160,"Scurv, Stowaway",2025-06-01T18:48:52,Nimblism (red),1,0
160,"Scurv, Stowaway",2025-06-01T18:48:52,On the Horizon (red),1,0
160,"Scurv, Stowaway",2025-06-01T18:48:52,Rally the Coast Guard (red),1,0
160,"Scurv, Stowaway",2025-06-01T18:48:52,Sirens of Safe Harbor (red),1,0
160,"Scurv, Stowaway",2025-06-01T18:48:52,Thiev'n Varmints (red),2,0
160,"Scurv, Stowaway",2025-06-01T18:48:52,Walk the Plank (red),1,0
160,"Scurv, Stowaway",2025-06-01T18:48:52,Gold Hunter Ketch (yellow),1,0
160,"Scurv, Stowaway",2025-06-01T18:48:52,Gold Hunter Lightsail (yellow),1,0
160,"Scurv, Stowaway",2025-06-01T18:48:52,Gold Hunter Longboat (yellow),1,0
160,"Scurv, Stowaway",2025-06-01T18:48:52,Gold Hunter Marauder (yellow),1,0
160,"Scurv, Stowaway",2025-06-01T18:48:52,HMS Marlin (yellow),1,0
160,"Scurv, Stowaway",2025-06-01T18:48:52,Chart a Course (yellow),1,0
160,"Scurv, Stowaway",2025-06-01T18:48:52,Nimby (yellow),1,0
160,"Scurv, Stowaway",2025-06-01T18:48:52,Sirens of Safe Harbor (yellow),1,0
160,"Scurv, Stowaway",2025-06-01T18:48:52,Strike Gold (yellow),1,0
160,"Scurv, Stowaway",2025-06-01T18:48:52,Battalion Barque (blue),1,0
160,"Scurv, Stowaway",2025-06-01T18:48:52,Fiddler's Green (blue),1,0
160,"Scurv, Stowaway",2025-06-01T18:48:52,Mutiny on the Battalion Barque (blue),1,0
160,"Scurv, Stowaway",2025-06-01T18:48:52,Nimblism (blue),1,0
160,"Scurv, Stowaway",2025-06-01T18:48:52,Nimby (blue),1,0
160,"Scurv, Stowaway",2025-06-01T18:48:52,Swiftwater Sloop (blue),1,0
160,"Scurv, Stowaway",2025-06-01T18:48:52,Swindler's Grift (blue),1,0
160,"Scurv, Stowaway",2025-06-01T18:48:52,Walk the Plank (blue),2,0
160,"Scurv, Stowaway",2025-06-01T18:48:52,Bandana of the Blue Beyond,1,1
160,"Scurv, Stowaway",2025-06-01T18:48:52,Light Fingers,1,1
160,"Scurv, Stowaway",2025-06-01T18:48:52,Quartermaster's Boots,1,1
161,Marlynn,2025-06-01T19:34:54,Battalion Barque (red),1,0
161,Marlynn,2025-06-01T19:34:54,Crash Down the Gates (red),1,0
161,Marlynn,2025-06-01T19:34:54,Dry Powder Shot (red),1,0
161,Marlynn,2025-06-01T19:34:54,Golden Tipple (red),2,0
161,Marlynn,2025-06-01T19:34:54,Head Shot (red),1,0
161,Marlynn,2025-06-01T19:34:54,On the Horizon (red),1,0
161,Marlynn,2025-06-01T19:34:54,Sic 'Em Shot (red),1,0
161,Marlynn,2025-06-01T19:34:54,Swindler's Grift (red),1,0
161,Marlynn,2025-06-01T19:34:54,Trade In (red),1,0
161,Marlynn,2025-06-01T19:34:54,Walk the Plank (red),1,0
161,Marlynn,2025-06-01T19:34:54,Battalion Barque (yellow),1,0
161,Marlynn,2025-06-01T19:34:54,Crash Down the Gates (yellow),1,0
161,Marlynn,2025-06-01T19:34:54,Gold Hunter Longboat (yellow),2,0
161,Marlynn,2025-06-01T19:34:54,On the Horizon (yellow),1,0
161,Marlynn,2025-06-01T19:34:54,Salvage Shot (yellow),1,0
161,Marlynn,2025-06-01T19:34:54,Sirens of Safe Harbor (yellow),1,0
161,Marlynn,2025-06-01T19:34:54,Swiftwater Sloop (yellow),1,0
161,Marlynn,2025-06-01T19:34:54,Trade In (yellow),1,0
161,Marlynn,2025-06-01T19:34:54,Battalion Barque (blue),1,0
161,Marlynn,2025-06-01T19:34:54,Blue Fin Harpoon (blue),1,0
161,Marlynn,2025-06-01T19:34:54,Head Shot (blue),1,0
161,Marlynn,2025-06-01T19:34:54,Mutiny on the Battalion Barque (blue),1,0
161,Marlynn,2025-06-01T19:34:54,Rally the Coast Guard (blue),1,0
161,Marlynn,2025-06-01T19:34:54,Rusty Harpoon (blue),2,0
161,Marlynn,2025-06-01T19:34:54,Salvage Shot (blue),1,0
161,Marlynn,2025-06-01T19:34:54,Sic 'Em Shot (blue),1,0
161,Marlynn,2025-06-01T19:34:54,Swiftwater Sloop (blue),2,0
161,Marlynn,2025-06-01T19:34:54,Tip the Barkeep (blue),1,0
161,Marlynn,2025-06-01T19:34:54,Trade In (blue),1,0
161,Marlynn,2025-06-01T19:34:54,Captain's Coat,1,1
161,Marlynn,2025-06-01T19:34:54,Fish Fingers,1,1
161,Marlynn,2025-06-01T19:34:54,Helmsman's Peak,1,1
162,Marlynn,2025-06-01T20:28:38,Dry Powder Shot (red),2,0
162,Marlynn,2025-06-01T20:28:38,Chart a Course (red),1,0
162,Marlynn,2025-06-01T20:28:38,Monkey Powder (red),1,0
162,Marlynn,2025-06-01T20:28:38,Nettling Shot (red),2,0
162,Marlynn,2025-06-01T20:28:38,On the Horizon (red),2,0
162,Marlynn,2025-06-01T20:28:38,Salvage Shot (red),1,0
162,Marlynn,2025-06-01T20:28:38,Sic 'Em Shot (red),1,0
162,Marlynn,2025-06-01T20:28:38,Swift Shot (red),1,0
162,Marlynn,2025-06-01T20:28:38,Trade In (red),1,0
162,Marlynn,2025-06-01T20:28:38,Gold Hunter Longboat (yellow),1,0
162,Marlynn,2025-06-01T20:28:38,Head Shot (yellow),1,0
162,Marlynn,2025-06-01T20:28:38,HMS Barracuda (yellow),1,0
162,Marlynn,2025-06-01T20:28:38,Pilfer the Wreck (yellow),1,0
162,Marlynn,2025-06-01T20:28:38,Salvage Shot (yellow),2,0
162,Marlynn,2025-06-01T20:28:38,Sirens of Safe Harbor (yellow),1,0
162,Marlynn,2025-06-01T20:28:38,Swiftwater Sloop (yellow),1,0
162,Marlynn,2025-06-01T20:28:38,Flying High (blue),1,0
162,Marlynn,2025-06-01T20:28:38,Murderous Rabble (blue),1,0
162,Marlynn,2025-06-01T20:28:38,Nimblism (blue),1,0
162,Marlynn,2025-06-01T20:28:38,On the Horizon (blue),2,0
162,Marlynn,2025-06-01T20:28:38,Salvage Shot (blue),1,0
162,Marlynn,2025-06-01T20:28:38,Sic 'Em Shot (blue),2,0
162,Marlynn,2025-06-01T20:28:38,Sirens of Safe Harbor (blue),1,0
162,Marlynn,2025-06-01T20:28:38,Swiftwater Sloop (blue),1,0
162,Marlynn,2025-06-01T20:28:38,Walk the Plank (blue),1,0
162,Marlynn,2025-06-01T20:28:38,Yellow Fin Harpoon (blue),1,0
162,Marlynn,2025-06-01T20:28:38,Blue Sea Tricorn,1,1
162,Marlynn,2025-06-01T20:28:38,Glidewell Fins,1,1
162,Marlynn,2025-06-01T20:28:38,Quartermaster's Boots,1,1
163,Marlynn,2025-06-01T21:12:53,Call in the Big Guns (red),1,0
163,Marlynn,2025-06-01T21:12:53,Drop the Anchor (red),1,0
163,Marlynn,2025-06-01T21:12:53,Dry Powder Shot (red),2,0
163,Marlynn,2025-06-01T21:12:53,Golden Tipple (red),1,0
163,Marlynn,2025-06-01T21:12:53,Head Shot (red),1,0
163,Marlynn,2025-06-01T21:12:53,Chart a Course (red),1,0
163,Marlynn,2025-06-01T21:12:53,Jack Be Nimble (red),1,0
163,Marlynn,2025-06-01T21:12:53,Jack Be Quick (red),1,0
163,Marlynn,2025-06-01T21:12:53,Nettling Shot (red),1,0
163,Marlynn,2025-06-01T21:12:53,Nimblism (red),2,0
163,Marlynn,2025-06-01T21:12:53,On the Horizon (red),1,0
163,Marlynn,2025-06-01T21:12:53,Ravenous Rabble (red),1,0
163,Marlynn,2025-06-01T21:12:53,Salvage Shot (red),1,0
163,Marlynn,2025-06-01T21:12:53,Scar for a Scar (red),1,0
163,Marlynn,2025-06-01T21:12:53,Scouting Shot (red),1,0
163,Marlynn,2025-06-01T21:12:53,Swift Shot (red),2,0
163,Marlynn,2025-06-01T21:12:53,Thiev'n Varmints (red),1,0
163,Marlynn,2025-06-01T21:12:53,Trade In (red),1,0
163,Marlynn,2025-06-01T21:12:53,Call in the Big Guns (yellow),1,0
163,Marlynn,2025-06-01T21:12:53,Gold the Tip (yellow),1,0
163,Marlynn,2025-06-01T21:12:53,Nimby (yellow),1,0
163,Marlynn,2025-06-01T21:12:53,On the Horizon (yellow),1,0
163,Marlynn,2025-06-01T21:12:53,Sic 'Em Shot (yellow),1,0
163,Marlynn,2025-06-01T21:12:53,Flying High (blue),1,0
163,Marlynn,2025-06-01T21:12:53,Mutiny on the Battalion Barque (blue),1,0
163,Marlynn,2025-06-01T21:12:53,Ruby Amulet (blue),1,0
163,Marlynn,2025-06-01T21:12:53,Rusty Harpoon (blue),1,0
163,Marlynn,2025-06-01T21:12:53,Blue Sea Tricorn,1,1
163,Marlynn,2025-06-01T21:12:53,Old Knocker,1,1
163,Marlynn,2025-06-01T21:12:53,Quick Clicks,1,1
164,Marlynn,2025-06-01T21:23:33,Call in the Big Guns (red),3,0
164,Marlynn,2025-06-01T21:23:33,Conqueror of the High Seas (red),1,0
164,Marlynn,2025-06-01T21:23:33,Entangling Shot (red),1,0
164,Marlynn,2025-06-01T21:23:33,Golden Tipple (red),1,0
164,Marlynn,2025-06-01T21:23:33,Head Shot (red),3,0
164,Marlynn,2025-06-01T21:23:33,Life for a Life (red),1,0
164,Marlynn,2025-06-01T21:23:33,On the Horizon (red),1,0
164,Marlynn,2025-06-01T21:23:33,Salvage Shot (red),1,0
164,Marlynn,2025-06-01T21:23:33,Scouting Shot (red),3,0
164,Marlynn,2025-06-01T21:23:33,Sic 'Em Shot (red),1,0
164,Marlynn,2025-06-01T21:23:33,Walk the Plank (red),1,0
164,Marlynn,2025-06-01T21:23:33,Call in the Big Guns (yellow),1,0
164,Marlynn,2025-06-01T21:23:33,Gold Hunter Ketch (yellow),1,0
164,Marlynn,2025-06-01T21:23:33,Head Shot (yellow),1,0
164,Marlynn,2025-06-01T21:23:33,HMS Barracuda (yellow),1,0
164,Marlynn,2025-06-01T21:23:33,Salvage Shot (yellow),1,0
164,Marlynn,2025-06-01T21:23:33,Call in the Big Guns (blue),1,0
164,Marlynn,2025-06-01T21:23:33,Head Shot (blue),1,0
164,Marlynn,2025-06-01T21:23:33,Hook (blue),1,0
164,Marlynn,2025-06-01T21:23:33,Line (blue),1,0
164,Marlynn,2025-06-01T21:23:33,Mutiny on the Swiftwater (blue),1,0
164,Marlynn,2025-06-01T21:23:33,Rusty Harpoon (blue),2,0
164,Marlynn,2025-06-01T21:23:33,Salvage Shot (blue),1,0
164,Marlynn,2025-06-01T21:23:33,Sic 'Em Shot (blue),1,0
164,Marlynn,2025-06-01T21:23:33,Sinker (blue),1,0
164,Marlynn,2025-06-01T21:23:33,Sirens of Safe Harbor (blue),1,0
164,Marlynn,2025-06-01T21:23:33,Yellow Fin Harpoon (blue),1,0
164,Marlynn,2025-06-01T21:23:33,Buccaneer's Bounty,1,1
164,Marlynn,2025-06-01T21:23:33,Helmsman's Peak,1,1
165,Gravy Bones,2025-06-01T21:45:32,Blow for a Blow (red),1,0
165,Gravy Bones,2025-06-01T21:45:32,Expedition to Azuro Keys (red),1,0
165,Gravy Bones,2025-06-01T21:45:32,Expedition to Horizon's Mantle (red),1,0
165,Gravy Bones,2025-06-01T21:45:32,Jittery Bones (red),3,0
165,Gravy Bones,2025-06-01T21:45:32,Restless Bones (red),1,0
165,Gravy Bones,2025-06-01T21:45:32,Sirens of Safe Harbor (red),1,0
165,Gravy Bones,2025-06-01T21:45:32,Strike Gold (red),1,0
165,Gravy Bones,2025-06-01T21:45:32,Trade In (red),1,0
165,Gravy Bones,2025-06-01T21:45:32,Angry Bones (yellow),1,0
165,Gravy Bones,2025-06-01T21:45:32,"Cutty Shark, Quick Clip (yellow)",3,0
165,Gravy Bones,2025-06-01T21:45:32,Flying High (yellow),1,0
165,Gravy Bones,2025-06-01T21:45:32,Jittery Bones (yellow),1,0
165,Gravy Bones,2025-06-01T21:45:32,"Limpit, Hop-a-long (yellow)",1,0
165,Gravy Bones,2025-06-01T21:45:32,Money or Your Life? (yellow),1,0
165,Gravy Bones,2025-06-01T21:45:32,On the Horizon (yellow),2,0
165,Gravy Bones,2025-06-01T21:45:32,Restless Bones (yellow),1,0
165,Gravy Bones,2025-06-01T21:45:32,Riggermortis (yellow),1,0
165,Gravy Bones,2025-06-01T21:45:32,"Scooba, Salty Sea Dog (yellow)",1,0
165,Gravy Bones,2025-06-01T21:45:32,"Shelly, Hardened Traveler (yellow)",2,0
165,Gravy Bones,2025-06-01T21:45:32,Walk the Plank (yellow),1,0
165,Gravy Bones,2025-06-01T21:45:32,Angry Bones (blue),1,0
165,Gravy Bones,2025-06-01T21:45:32,Flying High (blue),1,0
165,Gravy Bones,2025-06-01T21:45:32,Golden Tipple (blue),1,0
165,Gravy Bones,2025-06-01T21:45:32,Jittery Bones (blue),1,0
165,Gravy Bones,2025-06-01T21:45:32,Mutiny on the Battalion Barque (blue),1,0
165,Gravy Bones,2025-06-01T21:45:32,On the Horizon (blue),1,0
165,Gravy Bones,2025-06-01T21:45:32,Pilfer the Wreck (blue),1,0
165,Gravy Bones,2025-06-01T21:45:32,Rally the Coast Guard (blue),2,0
165,Gravy Bones,2025-06-01T21:45:32,Saltwater Swell (blue),1,0
165,Gravy Bones,2025-06-01T21:45:32,Sea Floor Salvage (blue),1,0
165,Gravy Bones,2025-06-01T21:45:32,Sunken Treasure (blue),1,0
165,Gravy Bones,2025-06-01T21:45:32,Swiftwater Sloop (blue),1,0
165,Gravy Bones,2025-06-01T21:45:32,Yo Ho Ho! (blue),1,0
165,Gravy Bones,2025-06-01T21:45:32,Captain's Coat,1,1
165,Gravy Bones,2025-06-01T21:45:32,Helmsman's Peak,1,1
166,Puffin,2025-06-01T21:51:43,Cloud Skiff (red),1,0
166,Puffin,2025-06-01T21:51:43,Draw Back the Hammer (red),2,0
166,Puffin,2025-06-01T21:51:43,Expedition to Azuro Keys (red),1,0
166,Puffin,2025-06-01T21:51:43,Goldwing Turbine (red),2,0
166,Puffin,2025-06-01T21:51:43,Perk Up (red),2,0
166,Puffin,2025-06-01T21:51:43,Sky Skimmer (red),3,0
166,Puffin,2025-06-01T21:51:43,Teeth of the Cog (red),1,0
166,Puffin,2025-06-01T21:51:43,Tighten the Screws (red),1,0
166,Puffin,2025-06-01T21:51:43,Cloud City Steamboat (yellow),1,0
166,Puffin,2025-06-01T21:51:43,Flying High (yellow),1,0
166,Puffin,2025-06-01T21:51:43,Gold Hunter Ketch (yellow),1,0
166,Puffin,2025-06-01T21:51:43,Gold Hunter Lightsail (yellow),1,0
166,Puffin,2025-06-01T21:51:43,Gold Hunter Marauder (yellow),1,0
166,Puffin,2025-06-01T21:51:43,Goldwing Turbine (yellow),1,0
166,Puffin,2025-06-01T21:51:43,Pilfer the Wreck (yellow),1,0
166,Puffin,2025-06-01T21:51:43,Sky Skimmer (yellow),1,0
166,Puffin,2025-06-01T21:51:43,Tough Old Wrench (yellow),3,0
166,Puffin,2025-06-01T21:51:43,Cloud City Steamboat (blue),1,0
166,Puffin,2025-06-01T21:51:43,Cloud Skiff (blue),1,0
166,Puffin,2025-06-01T21:51:43,Cogwerx Zeppelin (blue),1,0
166,Puffin,2025-06-01T21:51:43,Copper Cog (blue),1,0
166,Puffin,2025-06-01T21:51:43,Lubricate (blue),1,0
166,Puffin,2025-06-01T21:51:43,Sky Skimmer (blue),1,0
166,Puffin,2025-06-01T21:51:43,Swiftwater Sloop (blue),1,0
166,Puffin,2025-06-01T21:51:43,Teeth of the Cog (blue),3,0
166,Puffin,2025-06-01T21:51:43,Tough Old Wrench (blue),1,0
166,Puffin,2025-06-01T21:51:43,Walk the Plank (blue),1,0
166,Puffin,2025-06-01T21:51:43,Buccaneer's Bounty,1,1
166,Puffin,2025-06-01T21:51:43,Light Fingers,1,1
166,Puffin,2025-06-01T21:51:43,Quartermaster's Boots,1,1
166,Puffin,2025-06-01T21:51:43,Unicycle,1,1
167,Puffin,2025-06-01T21:59:25,Blow for a Blow (red),1,0
167,Puffin,2025-06-01T21:59:25,Cloud City Steamboat (red),1,0
167,Puffin,2025-06-01T21:59:25,Cloud Skiff (red),1,0
167,Puffin,2025-06-01T21:59:25,Cog in the Machine (red),1,0
167,Puffin,2025-06-01T21:59:25,Draw Back the Hammer (red),1,0
167,Puffin,2025-06-01T21:59:25,Expedition to Horizon's Mantle (red),1,0
167,Puffin,2025-06-01T21:59:25,Goldwing Turbine (red),1,0
167,Puffin,2025-06-01T21:59:25,Jack Be Nimble (red),1,0
167,Puffin,2025-06-01T21:59:25,Life for a Life (red),1,0
167,Puffin,2025-06-01T21:59:25,On the Horizon (red),1,0
167,Puffin,2025-06-01T21:59:25,Sky Skimmer (red),2,0
167,Puffin,2025-06-01T21:59:25,Strike Gold (red),1,0
167,Puffin,2025-06-01T21:59:25,Teeth of the Cog (red),1,0
167,Puffin,2025-06-01T21:59:25,Tighten the Screws (red),1,0
167,Puffin,2025-06-01T21:59:25,Tough Old Wrench (red),1,0
167,Puffin,2025-06-01T21:59:25,Battalion Barque (yellow),1,0
167,Puffin,2025-06-01T21:59:25,Cogwerx Zeppelin (yellow),1,0
167,Puffin,2025-06-01T21:59:25,Gold Hunter Ketch (yellow),1,0
167,Puffin,2025-06-01T21:59:25,Goldwing Turbine (yellow),1,0
167,Puffin,2025-06-01T21:59:25,Midas Touch (yellow),1,0
167,Puffin,2025-06-01T21:59:25,Nimblism (yellow),1,0
167,Puffin,2025-06-01T21:59:25,Teeth of the Cog (yellow),1,0
167,Puffin,2025-06-01T21:59:25,Cloud Skiff (blue),1,0
167,Puffin,2025-06-01T21:59:25,Nimblism (blue),1,0
167,Puffin,2025-06-01T21:59:25,Portside Exchange (blue),1,0
167,Puffin,2025-06-01T21:59:25,Saltwater Swell (blue),1,0
167,Puffin,2025-06-01T21:59:25,Sky Skimmer (blue),1,0
167,Puffin,2025-06-01T21:59:25,Teeth of the Cog (blue),1,0
167,Puffin,2025-06-01T21:59:25,Tough Old Wrench (blue),1,0
167,Puffin,2025-06-01T21:59:25,Blue Sea Tricorn,1,1
167,Puffin,2025-06-01T21:59:25,Light Fingers,1,1
167,Puffin,2025-06-01T21:59:25,Old Knocker,1,1
167,Puffin,2025-06-01T21:59:25,Unicycle,1,1
168,Gravy Bones,2025-06-01T22:02:57,Angry Bones (red),1,0
168,Gravy Bones,2025-06-01T22:02:57,Burly Bones (red),1,0
168,Gravy Bones,2025-06-01T22:02:57,Expedition to Blackwater Strait (red),1,0
168,Gravy Bones,2025-06-01T22:02:57,Golden Tipple (red),1,0
168,Gravy Bones,2025-06-01T22:02:57,Hoist 'Em Up (red),1,0
168,Gravy Bones,2025-06-01T22:02:57,Paddle Faster (red),1,0
168,Gravy Bones,2025-06-01T22:02:57,Restless Bones (red),1,0
168,Gravy Bones,2025-06-01T22:02:57,Scar for a Scar (red),1,0
168,Gravy Bones,2025-06-01T22:02:57,Angry Bones (yellow),1,0
168,Gravy Bones,2025-06-01T22:02:57,Barnacle (yellow),1,0
168,Gravy Bones,2025-06-01T22:02:57,Battalion Barque (yellow),1,0
168,Gravy Bones,2025-06-01T22:02:57,Burly Bones (yellow),2,0
168,Gravy Bones,2025-06-01T22:02:57,Gold Hunter Ketch (yellow),1,0
168,Gravy Bones,2025-06-01T22:02:57,Golden Tipple (yellow),1,0
168,Gravy Bones,2025-06-01T22:02:57,"Chowder, Hearty Cook (yellow)",2,0
168,Gravy Bones,2025-06-01T22:02:57,Jittery Bones (yellow),1,0
168,Gravy Bones,2025-06-01T22:02:57,Nimby (yellow),1,0
168,Gravy Bones,2025-06-01T22:02:57,Restless Bones (yellow),1,0
168,Gravy Bones,2025-06-01T22:02:57,"Scooba, Salty Sea Dog (yellow)",1,0
168,Gravy Bones,2025-06-01T22:02:57,Swiftwater Sloop (yellow),1,0
168,Gravy Bones,2025-06-01T22:02:57,Wailer Humperdinck (yellow),1,0
168,Gravy Bones,2025-06-01T22:02:57,Avast Ye! (blue),1,0
168,Gravy Bones,2025-06-01T22:02:57,Burly Bones (blue),1,0
168,Gravy Bones,2025-06-01T22:02:57,Golden Tipple (blue),1,0
168,Gravy Bones,2025-06-01T22:02:57,Chart a Course (blue),2,0
168,Gravy Bones,2025-06-01T22:02:57,Mutiny on the Battalion Barque (blue),1,0
168,Gravy Bones,2025-06-01T22:02:57,Opal Amulet (blue),1,0
168,Gravy Bones,2025-06-01T22:02:57,Platinum Amulet (blue),1,0
168,Gravy Bones,2025-06-01T22:02:57,Rally the Coast Guard (blue),1,0
168,Gravy Bones,2025-06-01T22:02:57,Regain Composure (blue),1,0
168,Gravy Bones,2025-06-01T22:02:57,Restless Bones (blue),2,0
168,Gravy Bones,2025-06-01T22:02:57,Swindler's Grift (blue),1,0
168,Gravy Bones,2025-06-01T22:02:57,Blue Sea Tricorn,1,1
168,Gravy Bones,2025-06-01T22:02:57,Captain's Coat,1,1
168,Gravy Bones,2025-06-01T22:02:57,Fish Fingers,1,1
168,Gravy Bones,2025-06-01T22:02:57,Quartermaster's Boots,1,1
169,Puffin,2025-06-02T00:29:58,Cloud Skiff (red),2,0
169,Puffin,2025-06-02T00:29:58,Crash Down the Gates (red),1,0
169,Puffin,2025-06-02T00:29:58,Expedition to Azuro Keys (red),1,0
169,Puffin,2025-06-02T00:29:58,Expedition to Blackwater Strait (red),1,0
169,Puffin,2025-06-02T00:29:58,Goldwing Turbine (red),1,0
169,Puffin,2025-06-02T00:29:58,Life for a Life (red),2,0
169,Puffin,2025-06-02T00:29:58,Rally the Coast Guard (red),1,0
169,Puffin,2025-06-02T00:29:58,Scar for a Scar (red),2,0
169,Puffin,2025-06-02T00:29:58,Sky Skimmer (red),1,0
169,Puffin,2025-06-02T00:29:58,Swiftwater Sloop (red),1,0
169,Puffin,2025-06-02T00:29:58,Teeth of the Cog (red),1,0
169,Puffin,2025-06-02T00:29:58,Tighten the Screws (red),1,0
169,Puffin,2025-06-02T00:29:58,Walk the Plank (red),2,0
169,Puffin,2025-06-02T00:29:58,Cloud Skiff (yellow),1,0
169,Puffin,2025-06-02T00:29:58,Gold Hunter Longboat (yellow),1,0
169,Puffin,2025-06-02T00:29:58,HMS Marlin (yellow),1,0
169,Puffin,2025-06-02T00:29:58,Jolly Bludger (yellow),1,0
169,Puffin,2025-06-02T00:29:58,Rally the Coast Guard (yellow),1,0
169,Puffin,2025-06-02T00:29:58,Teeth of the Cog (yellow),1,0
169,Puffin,2025-06-02T00:29:58,Walk the Plank (yellow),1,0
169,Puffin,2025-06-02T00:29:58,Battalion Barque (blue),1,0
169,Puffin,2025-06-02T00:29:58,Cloud City Steamboat (blue),1,0
169,Puffin,2025-06-02T00:29:58,Cloud Skiff (blue),1,0
169,Puffin,2025-06-02T00:29:58,Goldwing Turbine (blue),2,0
169,Puffin,2025-06-02T00:29:58,Mutiny on the Nimbus Sovereign (blue),1,0
169,Puffin,2025-06-02T00:29:58,Pinion Sentry (blue),1,0
169,Puffin,2025-06-02T00:29:58,Sapphire Amulet (blue),1,0
169,Puffin,2025-06-02T00:29:58,Throw Caution to the Wind (blue),1,0
169,Puffin,2025-06-02T00:29:58,Tough Old Wrench (blue),2,0
169,Puffin,2025-06-02T00:29:58,Blue Sea Tricorn,1,1
169,Puffin,2025-06-02T00:29:58,Helmsman's Peak,1,1
169,Puffin,2025-06-02T00:29:58,Rust Belt,1,1
170,Gravy Bones,2025-06-02T01:00:35,Angry Bones (red),1,0
170,Gravy Bones,2025-06-02T01:00:35,Burly Bones (red),2,0
170,Gravy Bones,2025-06-02T01:00:35,Expedition to Azuro Keys (red),1,0
170,Gravy Bones,2025-06-02T01:00:35,Chart a Course (red),1,0
170,Gravy Bones,2025-06-02T01:00:35,Jittery Bones (red),1,0
170,Gravy Bones,2025-06-02T01:00:35,Nimby (red),1,0
170,Gravy Bones,2025-06-02T01:00:35,On the Horizon (red),1,0
170,Gravy Bones,2025-06-02T01:00:35,Paddle Faster (red),1,0
170,Gravy Bones,2025-06-02T01:00:35,Sirens of Safe Harbor (red),1,0
170,Gravy Bones,2025-06-02T01:00:35,Angry Bones (yellow),1,0
170,Gravy Bones,2025-06-02T01:00:35,Barnacle (yellow),1,0
170,Gravy Bones,2025-06-02T01:00:35,Burly Bones (yellow),1,0
170,Gravy Bones,2025-06-02T01:00:35,Gold Hunter Longboat (yellow),1,0
170,Gravy Bones,2025-06-02T01:00:35,Gold Hunter Marauder (yellow),1,0
170,Gravy Bones,2025-06-02T01:00:35,HMS Marlin (yellow),1,0
170,Gravy Bones,2025-06-02T01:00:35,"Chowder, Hearty Cook (yellow)",1,0
170,Gravy Bones,2025-06-02T01:00:35,Money or Your Life? (yellow),1,0
170,Gravy Bones,2025-06-02T01:00:35,Riggermortis (yellow),1,0
170,Gravy Bones,2025-06-02T01:00:35,Swabbie (yellow),2,0
170,Gravy Bones,2025-06-02T01:00:35,Angry Bones (blue),2,0
170,Gravy Bones,2025-06-02T01:00:35,Battalion Barque (blue),1,0
170,Gravy Bones,2025-06-02T01:00:35,Burly Bones (blue),2,0
170,Gravy Bones,2025-06-02T01:00:35,Fiddler's Green (blue),1,0
170,Gravy Bones,2025-06-02T01:00:35,Jittery Bones (blue),1,0
170,Gravy Bones,2025-06-02T01:00:35,Murderous Rabble (blue),1,0
170,Gravy Bones,2025-06-02T01:00:35,Mutiny on the Nimbus Sovereign (blue),1,0
170,Gravy Bones,2025-06-02T01:00:35,Mutiny on the Swiftwater (blue),1,0
170,Gravy Bones,2025-06-02T01:00:35,Restless Bones (blue),1,0
170,Gravy Bones,2025-06-02T01:00:35,Sea Floor Salvage (blue),1,0
170,Gravy Bones,2025-06-02T01:00:35,Sirens of Safe Harbor (blue),1,0
170,Gravy Bones,2025-06-02T01:00:35,Blue Sea Tricorn,1,1
170,Gravy Bones,2025-06-02T01:00:35,Buccaneer's Bounty,1,1
170,Gravy Bones,2025-06-02T01:00:35,Washed Up Wave,1,1
171,Gravy Bones,2025-06-02T01:16:16,Angry Bones (red),1,0
171,Gravy Bones,2025-06-02T01:16:16,Burly Bones (red),1,0
171,Gravy Bones,2025-06-02T01:16:16,Expedition to Blackwater Strait (red),1,0
171,Gravy Bones,2025-06-02T01:16:16,Expedition to Dreadfall Reach (red),1,0
171,Gravy Bones,2025-06-02T01:16:16,Expedition to Horizon's Mantle (red),1,0
171,Gravy Bones,2025-06-02T01:16:16,Fiddler's Green (red),1,0
171,Gravy Bones,2025-06-02T01:16:16,Pilfer the Wreck (red),1,0
171,Gravy Bones,2025-06-02T01:16:16,Sirens of Safe Harbor (red),1,0
171,Gravy Bones,2025-06-02T01:16:16,Angry Bones (yellow),1,0
171,Gravy Bones,2025-06-02T01:16:16,Fiddler's Green (yellow),1,0
171,Gravy Bones,2025-06-02T01:16:16,Gold Hunter Ketch (yellow),2,0
171,Gravy Bones,2025-06-02T01:16:16,Golden Tipple (yellow),1,0
171,Gravy Bones,2025-06-02T01:16:16,Chart a Course (yellow),1,0
171,Gravy Bones,2025-06-02T01:16:16,Restless Bones (yellow),1,0
171,Gravy Bones,2025-06-02T01:16:16,Riggermortis (yellow),1,0
171,Gravy Bones,2025-06-02T01:16:16,Swabbie (yellow),2,0
171,Gravy Bones,2025-06-02T01:16:16,Wailer Humperdinck (yellow),1,0
171,Gravy Bones,2025-06-02T01:16:16,Walk the Plank (yellow),1,0
171,Gravy Bones,2025-06-02T01:16:16,Angry Bones (blue),1,0
171,Gravy Bones,2025-06-02T01:16:16,Avast Ye! (blue),1,0
171,Gravy Bones,2025-06-02T01:16:16,Burly Bones (blue),1,0
171,Gravy Bones,2025-06-02T01:16:16,Golden Tipple (blue),1,0
171,Gravy Bones,2025-06-02T01:16:16,Chart a Course (blue),2,0
171,Gravy Bones,2025-06-02T01:16:16,Money or Your Life? (blue),1,0
171,Gravy Bones,2025-06-02T01:16:16,Mutiny on the Nimbus Sovereign (blue),2,0
171,Gravy Bones,2025-06-02T01:16:16,Nimblism (blue),1,0
171,Gravy Bones,2025-06-02T01:16:16,Nimby (blue),1,0
171,Gravy Bones,2025-06-02T01:16:16,Regain Composure (blue),1,0
171,Gravy Bones,2025-06-02T01:16:16,Scrub the Deck (blue),1,0
171,Gravy Bones,2025-06-02T01:16:16,Swiftwater Sloop (blue),1,0
171,Gravy Bones,2025-06-02T01:16:16,Yo Ho Ho! (blue),1,0
171,Gravy Bones,2025-06-02T01:16:16,Blue Sea Tricorn,1,1
171,Gravy Bones,2025-06-02T01:16:16,Old Knocker,1,1
171,Gravy Bones,2025-06-02T01:16:16,Quartermaster's Boots,1,1
171,Gravy Bones,2025-06-02T01:16:16,Washed Up Wave,1,1
172,Marlynn,2025-06-02T01:23:37,Drop the Anchor (red),1,0
172,Marlynn,2025-06-02T01:23:37,Dry Powder Shot (red),2,0
172,Marlynn,2025-06-02T01:23:37,Entangling Shot (red),1,0
172,Marlynn,2025-06-02T01:23:37,Golden Tipple (red),1,0
172,Marlynn,2025-06-02T01:23:37,Jack Be Quick (red),1,0
172,Marlynn,2025-06-02T01:23:37,Nettling Shot (red),2,0
172,Marlynn,2025-06-02T01:23:37,Nimblism (red),2,0
172,Marlynn,2025-06-02T01:23:37,Nimby (red),1,0
172,Marlynn,2025-06-02T01:23:37,Rally the Coast Guard (red),1,0
172,Marlynn,2025-06-02T01:23:37,Ravenous Rabble (red),1,0
172,Marlynn,2025-06-02T01:23:37,Scar for a Scar (red),3,0
172,Marlynn,2025-06-02T01:23:37,Strike Gold (red),1,0
172,Marlynn,2025-06-02T01:23:37,Swift Shot (red),1,0
172,Marlynn,2025-06-02T01:23:37,Thiev'n Varmints (red),1,0
172,Marlynn,2025-06-02T01:23:37,Call in the Big Guns (yellow),2,0
172,Marlynn,2025-06-02T01:23:37,Head Shot (yellow),1,0
172,Marlynn,2025-06-02T01:23:37,Chart a Course (yellow),3,0
172,Marlynn,2025-06-02T01:23:37,Rally the Coast Guard (yellow),1,0
172,Marlynn,2025-06-02T01:23:37,Sirens of Safe Harbor (yellow),1,0
172,Marlynn,2025-06-02T01:23:37,Blue Fin Harpoon (blue),1,0
172,Marlynn,2025-06-02T01:23:37,Divvy Up (blue),1,0
172,Marlynn,2025-06-02T01:23:37,Head Shot (blue),1,0
172,Marlynn,2025-06-02T01:23:37,Hook (blue),1,0
172,Marlynn,2025-06-02T01:23:37,Nimby (blue),1,0
172,Marlynn,2025-06-02T01:23:37,On the Horizon (blue),1,0
172,Marlynn,2025-06-02T01:23:37,Salvage Shot (blue),2,0
172,Marlynn,2025-06-02T01:23:37,Sinker (blue),1,0
172,Marlynn,2025-06-02T01:23:37,Bandana of the Blue Beyond,1,1
172,Marlynn,2025-06-02T01:23:37,Light Fingers,1,1
172,Marlynn,2025-06-02T01:23:37,Old Knocker,1,1
172,Marlynn,2025-06-02T01:23:37,Peg Leg,1,1
173,Puffin,2025-06-02T01:56:12,Cloud Skiff (red),1,0
173,Puffin,2025-06-02T01:56:12,Draw Back the Hammer (red),1,0
173,Puffin,2025-06-02T01:56:12,Expedition to Horizon's Mantle (red),1,0
173,Puffin,2025-06-02T01:56:12,Flying High (red),1,0
173,Puffin,2025-06-02T01:56:12,Goldwing Turbine (red),1,0
173,Puffin,2025-06-02T01:56:12,On the Horizon (red),1,0
173,Puffin,2025-06-02T01:56:12,Perk Up (red),2,0
173,Puffin,2025-06-02T01:56:12,Rally the Coast Guard (red),1,0
173,Puffin,2025-06-02T01:56:12,Sky Skimmer (red),1,0
173,Puffin,2025-06-02T01:56:12,Thiev'n Varmints (red),1,0
173,Puffin,2025-06-02T01:56:12,Walk the Plank (red),1,0
173,Puffin,2025-06-02T01:56:12,Battalion Barque (yellow),1,0
173,Puffin,2025-06-02T01:56:12,Cloud City Steamboat (yellow),1,0
173,Puffin,2025-06-02T01:56:12,Cloud Skiff (yellow),1,0
173,Puffin,2025-06-02T01:56:12,Cogwerx Zeppelin (yellow),1,0
173,Puffin,2025-06-02T01:56:12,Gold Hunter Lightsail (yellow),1,0
173,Puffin,2025-06-02T01:56:12,Gold Hunter Longboat (yellow),1,0
173,Puffin,2025-06-02T01:56:12,Chart a Course (yellow),1,0
173,Puffin,2025-06-02T01:56:12,Pilfer the Wreck (yellow),1,0
173,Puffin,2025-06-02T01:56:12,Sirens of Safe Harbor (yellow),1,0
173,Puffin,2025-06-02T01:56:12,Sky Skimmer (yellow),1,0
173,Puffin,2025-06-02T01:56:12,Swindler's Grift (yellow),1,0
173,Puffin,2025-06-02T01:56:12,Teeth of the Cog (yellow),2,0
173,Puffin,2025-06-02T01:56:12,Tough Old Wrench (yellow),1,0
173,Puffin,2025-06-02T01:56:12,Battalion Barque (blue),1,0
173,Puffin,2025-06-02T01:56:12,Cogwerx Zeppelin (blue),2,0
173,Puffin,2025-06-02T01:56:12,Goldwing Turbine (blue),1,0
173,Puffin,2025-06-02T01:56:12,Pinion Sentry (blue),2,0
173,Puffin,2025-06-02T01:56:12,Sky Skimmer (blue),1,0
173,Puffin,2025-06-02T01:56:12,Strike Gold (blue),1,0
173,Puffin,2025-06-02T01:56:12,Teeth of the Cog (blue),2,0
173,Puffin,2025-06-02T01:56:12,Trade In (blue),1,0
173,Puffin,2025-06-02T01:56:12,Blue Sea Tricorn,1,1
173,Puffin,2025-06-02T01:56:12,Peg Leg,1,1
173,Puffin,2025-06-02T01:56:12,Rust Belt,1,1
174,Gravy Bones,2025-06-02T03:34:44,Blow for a Blow (red),3,0
174,Gravy Bones,2025-06-02T03:34:44,Expedition to Azuro Keys (red),1,0
174,Gravy Bones,2025-06-02T03:34:44,Expedition to Horizon's Mantle (red),1,0
174,Gravy Bones,2025-06-02T03:34:44,Nimblism (red),1,0
174,Gravy Bones,2025-06-02T03:34:44,Paddle Faster (red),1,0
174,Gravy Bones,2025-06-02T03:34:44,Saltwater Swell (red),1,0
174,Gravy Bones,2025-06-02T03:34:44,Scar for a Scar (red),1,0
174,Gravy Bones,2025-06-02T03:34:44,Swiftwater Sloop (red),1,0
174,Gravy Bones,2025-06-02T03:34:44,Thiev'n Varmints (red),1,0
174,Gravy Bones,2025-06-02T03:34:44,Angry Bones (yellow),1,0
174,Gravy Bones,2025-06-02T03:34:44,"Cutty Shark, Quick Clip (yellow)",3,0
174,Gravy Bones,2025-06-02T03:34:44,Gold Hunter Lightsail (yellow),1,0
174,Gravy Bones,2025-06-02T03:34:44,HMS Barracuda (yellow),1,0
174,Gravy Bones,2025-06-02T03:34:44,"Chowder, Hearty Cook (yellow)",2,0
174,Gravy Bones,2025-06-02T03:34:44,On the Horizon (yellow),1,0
174,Gravy Bones,2025-06-02T03:34:44,Restless Bones (yellow),1,0
174,Gravy Bones,2025-06-02T03:34:44,"Scooba, Salty Sea Dog (yellow)",1,0
174,Gravy Bones,2025-06-02T03:34:44,Sirens of Safe Harbor (yellow),1,0
174,Gravy Bones,2025-06-02T03:34:44,Swiftwater Sloop (yellow),1,0
174,Gravy Bones,2025-06-02T03:34:44,Swindler's Grift (yellow),1,0
174,Gravy Bones,2025-06-02T03:34:44,Angry Bones (blue),1,0
174,Gravy Bones,2025-06-02T03:34:44,Burly Bones (blue),2,0
174,Gravy Bones,2025-06-02T03:34:44,Flying High (blue),1,0
174,Gravy Bones,2025-06-02T03:34:44,Golden Tipple (blue),1,0
174,Gravy Bones,2025-06-02T03:34:44,Heave Ho! (blue),1,0
174,Gravy Bones,2025-06-02T03:34:44,Mutiny on the Nimbus Sovereign (blue),1,0
174,Gravy Bones,2025-06-02T03:34:44,Mutiny on the Swiftwater (blue),1,0
174,Gravy Bones,2025-06-02T03:34:44,On the Horizon (blue),1,0
174,Gravy Bones,2025-06-02T03:34:44,Shifting Tides (blue),1,0
174,Gravy Bones,2025-06-02T03:34:44,Sirens of Safe Harbor (blue),1,0
174,Gravy Bones,2025-06-02T03:34:44,Trade In (blue),1,0
174,Gravy Bones,2025-06-02T03:34:44,Buccaneer's Bounty,1,1
174,Gravy Bones,2025-06-02T03:34:44,Head Stone,1,1
174,Gravy Bones,2025-06-02T03:34:44,Light Fingers,1,1
174,Gravy Bones,2025-06-02T03:34:44,Peg Leg,1,1
174,Gravy Bones,2025-06-02T03:34:44,Swiftstrike Bracers,1,1
175,Puffin,2025-06-02T05:02:59,Cloud Skiff (red),2,0
175,Puffin,2025-06-02T05:02:59,Conqueror of the High Seas (red),1,0
175,Puffin,2025-06-02T05:02:59,Goldwing Turbine (red),1,0
175,Puffin,2025-06-02T05:02:59,Chart a Course (red),1,0
175,Puffin,2025-06-02T05:02:59,Nimby (red),1,0
175,Puffin,2025-06-02T05:02:59,Perk Up (red),2,0
175,Puffin,2025-06-02T05:02:59,Ravenous Rabble (red),1,0
175,Puffin,2025-06-02T05:02:59,Sky Skimmer (red),1,0
175,Puffin,2025-06-02T05:02:59,Strike Gold (red),1,0
175,Puffin,2025-06-02T05:02:59,Teeth of the Cog (red),1,0
175,Puffin,2025-06-02T05:02:59,Tighten the Screws (red),1,0
175,Puffin,2025-06-02T05:02:59,Tough Old Wrench (red),2,0
175,Puffin,2025-06-02T05:02:59,Cloud Skiff (yellow),1,0
175,Puffin,2025-06-02T05:02:59,Cogwerx Zeppelin (yellow),1,0
175,Puffin,2025-06-02T05:02:59,Flying High (yellow),1,0
175,Puffin,2025-06-02T05:02:59,Fool's Gold (yellow),1,0
175,Puffin,2025-06-02T05:02:59,Gold Hunter Ketch (yellow),1,0
175,Puffin,2025-06-02T05:02:59,Gold Hunter Longboat (yellow),2,0
175,Puffin,2025-06-02T05:02:59,HMS Barracuda (yellow),1,0
175,Puffin,2025-06-02T05:02:59,On the Horizon (yellow),1,0
175,Puffin,2025-06-02T05:02:59,Sky Skimmer (yellow),1,0
175,Puffin,2025-06-02T05:02:59,Strike Gold (yellow),1,0
175,Puffin,2025-06-02T05:02:59,Teeth of the Cog (yellow),1,0
175,Puffin,2025-06-02T05:02:59,Tough Old Wrench (yellow),1,0
175,Puffin,2025-06-02T05:02:59,Goldwing Turbine (blue),1,0
175,Puffin,2025-06-02T05:02:59,Mutiny on the Battalion Barque (blue),1,0
175,Puffin,2025-06-02T05:02:59,Sky Skimmer (blue),1,0
175,Puffin,2025-06-02T05:02:59,Swiftwater Sloop (blue),1,0
175,Puffin,2025-06-02T05:02:59,Teeth of the Cog (blue),2,0
175,Puffin,2025-06-02T05:02:59,Tough Old Wrench (blue),1,0
175,Puffin,2025-06-02T05:02:59,Bandana of the Blue Beyond,2,1
175,Puffin,2025-06-02T05:02:59,Light Fingers,1,1
175,Puffin,2025-06-02T05:02:59,Peg Leg,1,1
175,Puffin,2025-06-02T05:02:59,Rust Belt,1,1
176,Gravy Bones,2025-06-02T05:04:36,Blood in the Water (red),1,0
176,Gravy Bones,2025-06-02T05:04:36,Golden Tipple (red),1,0
176,Gravy Bones,2025-06-02T05:04:36,Jittery Bones (red),2,0
176,Gravy Bones,2025-06-02T05:04:36,Money or Your Life? (red),1,0
176,Gravy Bones,2025-06-02T05:04:36,Paddle Faster (red),1,0
176,Gravy Bones,2025-06-02T05:04:36,Rally the Coast Guard (red),1,0
176,Gravy Bones,2025-06-02T05:04:36,Restless Bones (red),1,0
176,Gravy Bones,2025-06-02T05:04:36,Swindler's Grift (red),1,0
176,Gravy Bones,2025-06-02T05:04:36,Thiev'n Varmints (red),1,0
176,Gravy Bones,2025-06-02T05:04:36,Trade In (red),1,0
176,Gravy Bones,2025-06-02T05:04:36,Angry Bones (yellow),1,0
176,Gravy Bones,2025-06-02T05:04:36,"Cutty Shark, Quick Clip (yellow)",1,0
176,Gravy Bones,2025-06-02T05:04:36,Gold Hunter Longboat (yellow),1,0
176,Gravy Bones,2025-06-02T05:04:36,Gold Hunter Marauder (yellow),1,0
176,Gravy Bones,2025-06-02T05:04:36,"Chowder, Hearty Cook (yellow)",1,0
176,Gravy Bones,2025-06-02T05:04:36,"Limpit, Hop-a-long (yellow)",1,0
176,Gravy Bones,2025-06-02T05:04:36,"Scooba, Salty Sea Dog (yellow)",1,0
176,Gravy Bones,2025-06-02T05:04:36,Swabbie (yellow),1,0
176,Gravy Bones,2025-06-02T05:04:36,Angry Bones (blue),1,0
176,Gravy Bones,2025-06-02T05:04:36,Avast Ye! (blue),1,0
176,Gravy Bones,2025-06-02T05:04:36,Battalion Barque (blue),1,0
176,Gravy Bones,2025-06-02T05:04:36,Burly Bones (blue),2,0
176,Gravy Bones,2025-06-02T05:04:36,Clap 'Em in Irons (blue),1,0
176,Gravy Bones,2025-06-02T05:04:36,Golden Tipple (blue),1,0
176,Gravy Bones,2025-06-02T05:04:36,Murderous Rabble (blue),1,0
176,Gravy Bones,2025-06-02T05:04:36,Mutiny on the Swiftwater (blue),1,0
176,Gravy Bones,2025-06-02T05:04:36,Pearl Amulet (blue),1,0
176,Gravy Bones,2025-06-02T05:04:36,Swiftwater Sloop (blue),1,0
176,Gravy Bones,2025-06-02T05:04:36,Trade In (blue),1,0
176,Gravy Bones,2025-06-02T05:04:36,Blue Sea Tricorn,1,1
176,Gravy Bones,2025-06-02T05:04:36,Captain's Coat,1,1
176,Gravy Bones,2025-06-02T05:04:36,Head Stone,1,1
176,Gravy Bones,2025-06-02T05:04:36,Quartermaster's Boots,1,1
176,Gravy Bones,2025-06-02T05:04:36,Washed Up Wave,1,1
177,Marlynn,2025-06-02T05:35:54,Battalion Barque (red),1,0
177,Marlynn,2025-06-02T05:35:54,Entangling Shot (red),1,0
177,Marlynn,2025-06-02T05:35:54,Expedition to Horizon's Mantle (red),1,0
177,Marlynn,2025-06-02T05:35:54,Fire in the Hole (red),1,0
177,Marlynn,2025-06-02T05:35:54,King Shark Harpoon (red),1,0
177,Marlynn,2025-06-02T05:35:54,Life for a Life (red),1,0
177,Marlynn,2025-06-02T05:35:54,Monkey Powder (red),1,0
177,Marlynn,2025-06-02T05:35:54,Nettling Shot (red),1,0
177,Marlynn,2025-06-02T05:35:54,On the Horizon (red),1,0
177,Marlynn,2025-06-02T05:35:54,Rally the Coast Guard (red),1,0
177,Marlynn,2025-06-02T05:35:54,Scar for a Scar (red),1,0
177,Marlynn,2025-06-02T05:35:54,Scouting Shot (red),3,0
177,Marlynn,2025-06-02T05:35:54,Swift Shot (red),1,0
177,Marlynn,2025-06-02T05:35:54,Swiftwater Sloop (red),1,0
177,Marlynn,2025-06-02T05:35:54,Swindler's Grift (red),1,0
177,Marlynn,2025-06-02T05:35:54,Thiev'n Varmints (red),1,0
177,Marlynn,2025-06-02T05:35:54,Battalion Barque (yellow),2,0
177,Marlynn,2025-06-02T05:35:54,Call in the Big Guns (yellow),1,0
177,Marlynn,2025-06-02T05:35:54,Gold Hunter Lightsail (yellow),1,0
177,Marlynn,2025-06-02T05:35:54,Lost in Transit (yellow),1,0
177,Marlynn,2025-06-02T05:35:54,On the Horizon (yellow),2,0
177,Marlynn,2025-06-02T05:35:54,Salvage Shot (yellow),1,0
177,Marlynn,2025-06-02T05:35:54,Call in the Big Guns (blue),1,0
177,Marlynn,2025-06-02T05:35:54,Hook (blue),1,0
177,Marlynn,2025-06-02T05:35:54,Chart a Course (blue),1,0
177,Marlynn,2025-06-02T05:35:54,Line (blue),1,0
177,Marlynn,2025-06-02T05:35:54,Money or Your Life? (blue),1,0
177,Marlynn,2025-06-02T05:35:54,Nimby (blue),1,0
177,Marlynn,2025-06-02T05:35:54,On the Horizon (blue),2,0
177,Marlynn,2025-06-02T05:35:54,Rusty Harpoon (blue),2,0
177,Marlynn,2025-06-02T05:35:54,Sic 'Em Shot (blue),1,0
177,Marlynn,2025-06-02T05:35:54,Throw Caution to the Wind (blue),1,0
177,Marlynn,2025-06-02T05:35:54,Glidewell Fins,1,1
177,Marlynn,2025-06-02T05:35:54,Helmsman's Peak,1,1
177,Marlynn,2025-06-02T05:35:54,Peg Leg,1,1
178,Puffin,2025-06-02T08:54:16,Blow for a Blow (red),1,0
178,Puffin,2025-06-02T08:54:16,Cloud City Steamboat (red),1,0
178,Puffin,2025-06-02T08:54:16,Cloud Skiff (red),1,0
178,Puffin,2025-06-02T08:54:16,Fiddler's Green (red),1,0
178,Puffin,2025-06-02T08:54:16,Goldwing Turbine (red),1,0
178,Puffin,2025-06-02T08:54:16,Rally the Coast Guard (red),1,0
178,Puffin,2025-06-02T08:54:16,Scar for a Scar (red),1,0
178,Puffin,2025-06-02T08:54:16,Sirens of Safe Harbor (red),1,0
178,Puffin,2025-06-02T08:54:16,Sky Skimmer (red),1,0
178,Puffin,2025-06-02T08:54:16,Swiftwater Sloop (red),1,0
178,Puffin,2025-06-02T08:54:16,Teeth of the Cog (red),2,0
178,Puffin,2025-06-02T08:54:16,Tough Old Wrench (red),1,0
178,Puffin,2025-06-02T08:54:16,Cloud City Steamboat (yellow),1,0
178,Puffin,2025-06-02T08:54:16,Cloud Skiff (yellow),1,0
178,Puffin,2025-06-02T08:54:16,Goldwing Turbine (yellow),3,0
178,Puffin,2025-06-02T08:54:16,HMS Barracuda (yellow),1,0
178,Puffin,2025-06-02T08:54:16,HMS Marlin (yellow),1,0
178,Puffin,2025-06-02T08:54:16,Midas Touch (yellow),1,0
178,Puffin,2025-06-02T08:54:16,Sky Skimmer (yellow),1,0
178,Puffin,2025-06-02T08:54:16,Teeth of the Cog (yellow),1,0
178,Puffin,2025-06-02T08:54:16,Tough Old Wrench (yellow),1,0
178,Puffin,2025-06-02T08:54:16,Cogwerx Zeppelin (blue),1,0
178,Puffin,2025-06-02T08:54:16,Copper Cog (blue),1,0
178,Puffin,2025-06-02T08:54:16,Divvy Up (blue),1,0
178,Puffin,2025-06-02T08:54:16,Fiddler's Green (blue),1,0
178,Puffin,2025-06-02T08:54:16,Golden Tipple (blue),1,0
178,Puffin,2025-06-02T08:54:16,Goldwing Turbine (blue),2,0
178,Puffin,2025-06-02T08:54:16,Saltwater Swell (blue),1,0
178,Puffin,2025-06-02T08:54:16,Scrub the Deck (blue),1,0
178,Puffin,2025-06-02T08:54:16,Sky Skimmer (blue),1,0
178,Puffin,2025-06-02T08:54:16,Teeth of the Cog (blue),1,0
178,Puffin,2025-06-02T08:54:16,Tough Old Wrench (blue),1,0
178,Puffin,2025-06-02T08:54:16,Helmsman's Peak,1,1
178,Puffin,2025-06-02T08:54:16,Light Fingers,1,1
178,Puffin,2025-06-02T08:54:16,Peg Leg,1,1
178,Puffin,2025-06-02T08:54:16,Rust Belt,1,1
179,Gravy Bones,2025-06-02T11:33:22,Angry Bones (red),2,0
179,Gravy Bones,2025-06-02T11:33:22,Expedition to Azuro Keys (red),1,0
179,Gravy Bones,2025-06-02T11:33:22,Jittery Bones (red),1,0
179,Gravy Bones,2025-06-02T11:33:22,Life for a Life (red),1,0
179,Gravy Bones,2025-06-02T11:33:22,Paddle Faster (red),1,0
179,Gravy Bones,2025-06-02T11:33:22,Ravenous Rabble (red),1,0
179,Gravy Bones,2025-06-02T11:33:22,Restless Bones (red),1,0
179,Gravy Bones,2025-06-02T11:33:22,Swindler's Grift (red),1,0
179,Gravy Bones,2025-06-02T11:33:22,Barnacle (yellow),1,0
179,Gravy Bones,2025-06-02T11:33:22,Battalion Barque (yellow),1,0
179,Gravy Bones,2025-06-02T11:33:22,"Chowder, Hearty Cook (yellow)",1,0
179,Gravy Bones,2025-06-02T11:33:22,"Limpit, Hop-a-long (yellow)",1,0
179,Gravy Bones,2025-06-02T11:33:22,Restless Bones (yellow),1,0
179,Gravy Bones,2025-06-02T11:33:22,Riggermortis (yellow),1,0
179,Gravy Bones,2025-06-02T11:33:22,"Shelly, Hardened Traveler (yellow)",1,0
179,Gravy Bones,2025-06-02T11:33:22,Swabbie (yellow),2,0
179,Gravy Bones,2025-06-02T11:33:22,Angry Bones (blue),1,0
179,Gravy Bones,2025-06-02T11:33:22,Battalion Barque (blue),1,0
179,Gravy Bones,2025-06-02T11:33:22,Golden Tipple (blue),1,0
179,Gravy Bones,2025-06-02T11:33:22,Money or Your Life? (blue),1,0
179,Gravy Bones,2025-06-02T11:33:22,Mutiny on the Battalion Barque (blue),1,0
179,Gravy Bones,2025-06-02T11:33:22,Rally the Coast Guard (blue),1,0
179,Gravy Bones,2025-06-02T11:33:22,Saltwater Swell (blue),1,0
179,Gravy Bones,2025-06-02T11:33:22,Sea Floor Salvage (blue),1,0
179,Gravy Bones,2025-06-02T11:33:22,Tip the Barkeep (blue),2,0
179,Gravy Bones,2025-06-02T11:33:22,Trade In (blue),1,0
179,Gravy Bones,2025-06-02T11:33:22,Yo Ho Ho! (blue),1,0
179,Gravy Bones,2025-06-02T11:33:22,Blue Sea Tricorn,1,1
179,Gravy Bones,2025-06-02T11:33:22,Old Knocker,1,1
179,Gravy Bones,2025-06-02T11:33:22,Quartermaster's Boots,1,1
180,Puffin,2025-06-02T13:01:32,Cloud Skiff (red),2,0
180,Puffin,2025-06-02T13:01:32,Cogwerx Zeppelin (red),1,0
180,Puffin,2025-06-02T13:01:32,Draw Back the Hammer (red),2,0
180,Puffin,2025-06-02T13:01:32,Goldwing Turbine (red),1,0
180,Puffin,2025-06-02T13:01:32,Chart a Course (red),1,0
180,Puffin,2025-06-02T13:01:32,Pilfer the Wreck (red),1,0
180,Puffin,2025-06-02T13:01:32,Scar for a Scar (red),1,0
180,Puffin,2025-06-02T13:01:32,Teeth of the Cog (red),2,0
180,Puffin,2025-06-02T13:01:32,Thiev'n Varmints (red),1,0
180,Puffin,2025-06-02T13:01:32,Tough Old Wrench (red),1,0
180,Puffin,2025-06-02T13:01:32,Cloud City Steamboat (yellow),1,0
180,Puffin,2025-06-02T13:01:32,Cloud Skiff (yellow),1,0
180,Puffin,2025-06-02T13:01:32,Goldwing Turbine (yellow),2,0
180,Puffin,2025-06-02T13:01:32,Sky Skimmer (yellow),3,0
180,Puffin,2025-06-02T13:01:32,Goldwing Turbine (blue),3,0
180,Puffin,2025-06-02T13:01:32,Murderous Rabble (blue),1,0
180,Puffin,2025-06-02T13:01:32,Mutiny on the Battalion Barque (blue),1,0
180,Puffin,2025-06-02T13:01:32,Nimby (blue),1,0
180,Puffin,2025-06-02T13:01:32,Rally the Coast Guard (blue),1,0
180,Puffin,2025-06-02T13:01:32,Teeth of the Cog (blue),1,0
180,Puffin,2025-06-02T13:01:32,Tough Old Wrench (blue),2,0
180,Puffin,2025-06-02T13:01:32,Light Fingers,1,1
180,Puffin,2025-06-02T13:01:32,Rust Belt,1,1
181,Gravy Bones,2025-06-02T13:31:47,Battalion Barque (red),2,0
181,Gravy Bones,2025-06-02T13:31:47,Restless Bones (red),4,0
181,Gravy Bones,2025-06-02T13:31:47,Swindler's Grift (red),1,0
181,Gravy Bones,2025-06-02T13:31:47,Trade In (red),1,0
181,Gravy Bones,2025-06-02T13:31:47,Angry Bones (yellow),1,0
181,Gravy Bones,2025-06-02T13:31:47,"Cutty Shark, Quick Clip (yellow)",4,0
181,Gravy Bones,2025-06-02T13:31:47,Gold Hunter Longboat (yellow),1,0
181,Gravy Bones,2025-06-02T13:31:47,"Chowder, Hearty Cook (yellow)",1,0
181,Gravy Bones,2025-06-02T13:31:47,Jittery Bones (yellow),1,0
181,Gravy Bones,2025-06-02T13:31:47,Moray le Fay (yellow),1,0
181,Gravy Bones,2025-06-02T13:31:47,Swabbie (yellow),3,0
181,Gravy Bones,2025-06-02T13:31:47,Swindler's Grift (yellow),1,0
181,Gravy Bones,2025-06-02T13:31:47,Amethyst Amulet (blue),1,0
181,Gravy Bones,2025-06-02T13:31:47,Angry Bones (blue),2,0
181,Gravy Bones,2025-06-02T13:31:47,Avast Ye! (blue),1,0
181,Gravy Bones,2025-06-02T13:31:47,Burly Bones (blue),1,0
181,Gravy Bones,2025-06-02T13:31:47,Clap 'Em in Irons (blue),1,0
181,Gravy Bones,2025-06-02T13:31:47,Fiddler's Green (blue),1,0
181,Gravy Bones,2025-06-02T13:31:47,Heave Ho! (blue),1,0
181,Gravy Bones,2025-06-02T13:31:47,Jittery Bones (blue),1,0
181,Gravy Bones,2025-06-02T13:31:47,Mutiny on the Nimbus Sovereign (blue),1,0
181,Gravy Bones,2025-06-02T13:31:47,On the Horizon (blue),1,0
181,Gravy Bones,2025-06-02T13:31:47,Restless Bones (blue),1,0
181,Gravy Bones,2025-06-02T13:31:47,Saltwater Swell (blue),1,0
181,Gravy Bones,2025-06-02T13:31:47,Sea Floor Salvage (blue),1,0
181,Gravy Bones,2025-06-02T13:31:47,Throw Caution to the Wind (blue),1,0
181,Gravy Bones,2025-06-02T13:31:47,Tit for Tat (blue),1,0
181,Gravy Bones,2025-06-02T13:31:47,Walk the Plank (blue),1,0
181,Gravy Bones,2025-06-02T13:31:47,Helmsman's Peak,1,1
181,Gravy Bones,2025-06-02T13:31:47,Old Knocker,1,1
181,Gravy Bones,2025-06-02T13:31:47,Quartermaster's Boots,1,1
182,Marlynn,2025-06-02T14:41:13,Blow for a Blow (red),1,0
182,Marlynn,2025-06-02T14:41:13,Call in the Big Guns (red),1,0
182,Marlynn,2025-06-02T14:41:13,Drop the Anchor (red),1,0
182,Marlynn,2025-06-02T14:41:13,Dry Powder Shot (red),2,0
182,Marlynn,2025-06-02T14:41:13,Entangling Shot (red),1,0
182,Marlynn,2025-06-02T14:41:13,Expedition to Azuro Keys (red),1,0
182,Marlynn,2025-06-02T14:41:13,Expedition to Horizon's Mantle (red),1,0
182,Marlynn,2025-06-02T14:41:13,Head Shot (red),1,0
182,Marlynn,2025-06-02T14:41:13,Nettling Shot (red),2,0
182,Marlynn,2025-06-02T14:41:13,Nimblism (red),1,0
182,Marlynn,2025-06-02T14:41:13,Rally the Coast Guard (red),1,0
182,Marlynn,2025-06-02T14:41:13,Ravenous Rabble (red),2,0
182,Marlynn,2025-06-02T14:41:13,Return Fire (red),1,0
182,Marlynn,2025-06-02T14:41:13,Salvage Shot (red),1,0
182,Marlynn,2025-06-02T14:41:13,Scar for a Scar (red),1,0
182,Marlynn,2025-06-02T14:41:13,Scouting Shot (red),1,0
182,Marlynn,2025-06-02T14:41:13,Sic 'Em Shot (red),1,0
182,Marlynn,2025-06-02T14:41:13,Swift Shot (red),2,0
182,Marlynn,2025-06-02T14:41:13,Walk the Plank (red),1,0
182,Marlynn,2025-06-02T14:41:13,Call in the Big Guns (yellow),1,0
182,Marlynn,2025-06-02T14:41:13,Gold Hunter Ketch (yellow),1,0
182,Marlynn,2025-06-02T14:41:13,Gold Hunter Marauder (yellow),1,0
182,Marlynn,2025-06-02T14:41:13,Head Shot (yellow),1,0
182,Marlynn,2025-06-02T14:41:13,HMS Marlin (yellow),1,0
182,Marlynn,2025-06-02T14:41:13,Walk the Plank (yellow),2,0
182,Marlynn,2025-06-02T14:41:13,Call in the Big Guns (blue),1,0
182,Marlynn,2025-06-02T14:41:13,Line (blue),1,0
182,Marlynn,2025-06-02T14:41:13,Rusty Harpoon (blue),2,0
182,Marlynn,2025-06-02T14:41:13,Swindler's Grift (blue),1,0
182,Marlynn,2025-06-02T14:41:13,Tip the Barkeep (blue),1,0
182,Marlynn,2025-06-02T14:41:13,Walk the Plank (blue),1,0
182,Marlynn,2025-06-02T14:41:13,Blue Sea Tricorn,1,1
182,Marlynn,2025-06-02T14:41:13,Fish Fingers,1,1
182,Marlynn,2025-06-02T14:41:13,Glidewell Fins,1,1
182,Marlynn,2025-06-02T14:41:13,Light Fingers,1,1
183,Marlynn,2025-06-02T16:49:44,Call in the Big Guns (red),3,0
183,Marlynn,2025-06-02T16:49:44,Dry Powder Shot (red),2,0
183,Marlynn,2025-06-02T16:49:44,Head Shot (red),3,0
183,Marlynn,2025-06-02T16:49:44,Life for a Life (red),1,0
183,Marlynn,2025-06-02T16:49:44,Monkey Powder (red),1,0
183,Marlynn,2025-06-02T16:49:44,On the Horizon (red),1,0
183,Marlynn,2025-06-02T16:49:44,Sic 'Em Shot (red),1,0
183,Marlynn,2025-06-02T16:49:44,Swindler's Grift (red),1,0
183,Marlynn,2025-06-02T16:49:44,Battalion Barque (yellow),1,0
183,Marlynn,2025-06-02T16:49:44,Call in the Big Guns (yellow),1,0
183,Marlynn,2025-06-02T16:49:44,Gold Hunter Lightsail (yellow),1,0
183,Marlynn,2025-06-02T16:49:44,Head Shot (yellow),3,0
183,Marlynn,2025-06-02T16:49:44,Not So Fast (yellow),1,0
183,Marlynn,2025-06-02T16:49:44,Pilfer the Wreck (yellow),1,0
183,Marlynn,2025-06-02T16:49:44,Sic 'Em Shot (yellow),1,0
183,Marlynn,2025-06-02T16:49:44,Battalion Barque (blue),1,0
183,Marlynn,2025-06-02T16:49:44,Head Shot (blue),2,0
183,Marlynn,2025-06-02T16:49:44,Salvage Shot (blue),2,0
183,Marlynn,2025-06-02T16:49:44,Sic 'Em Shot (blue),2,0
183,Marlynn,2025-06-02T16:49:44,Sinker (blue),1,0
183,Marlynn,2025-06-02T16:49:44,Sirens of Safe Harbor (blue),1,0
183,Marlynn,2025-06-02T16:49:44,Strike Gold (blue),1,0
183,Marlynn,2025-06-02T16:49:44,Walk the Plank (blue),2,0
183,Marlynn,2025-06-02T16:49:44,Yellow Fin Harpoon (blue),2,0
183,Marlynn,2025-06-02T16:49:44,Glidewell Fins,1,1
183,Marlynn,2025-06-02T16:49:44,Patch the Hole,1,1
183,Marlynn,2025-06-02T16:49:44,Quick Clicks,1,1
184,Puffin,2025-06-02T17:45:59,Cloud Skiff (red),1,0
184,Puffin,2025-06-02T17:45:59,Cogwerx Zeppelin (red),2,0
184,Puffin,2025-06-02T17:45:59,Draw Back the Hammer (red),3,0
184,Puffin,2025-06-02T17:45:59,Goldwing Turbine (red),2,0
184,Puffin,2025-06-02T17:45:59,Palantir Aeronought (red),1,0
184,Puffin,2025-06-02T17:45:59,Perk Up (red),1,0
184,Puffin,2025-06-02T17:45:59,Sky Skimmer (red),2,0
184,Puffin,2025-06-02T17:45:59,Teeth of the Cog (red),1,0
184,Puffin,2025-06-02T17:45:59,Tighten the Screws (red),2,0
184,Puffin,2025-06-02T17:45:59,Tough Old Wrench (red),1,0
184,Puffin,2025-06-02T17:45:59,Cloud City Steamboat (yellow),1,0
184,Puffin,2025-06-02T17:45:59,Cogwerx Zeppelin (yellow),1,0
184,Puffin,2025-06-02T17:45:59,Goldwing Turbine (yellow),2,0
184,Puffin,2025-06-02T17:45:59,Money or Your Life? (yellow),1,0
184,Puffin,2025-06-02T17:45:59,Nimby (yellow),1,0
184,Puffin,2025-06-02T17:45:59,On the Horizon (yellow),1,0
184,Puffin,2025-06-02T17:45:59,Rally the Coast Guard (yellow),1,0
184,Puffin,2025-06-02T17:45:59,Sirens of Safe Harbor (yellow),1,0
184,Puffin,2025-06-02T17:45:59,Teeth of the Cog (yellow),1,0
184,Puffin,2025-06-02T17:45:59,Cloud Skiff (blue),2,0
184,Puffin,2025-06-02T17:45:59,Goldwing Turbine (blue),1,0
184,Puffin,2025-06-02T17:45:59,Mutiny on the Swiftwater (blue),1,0
184,Puffin,2025-06-02T17:45:59,Nimby (blue),1,0
184,Puffin,2025-06-02T17:45:59,On the Horizon (blue),1,0
184,Puffin,2025-06-02T17:45:59,Rally the Coast Guard (blue),1,0
184,Puffin,2025-06-02T17:45:59,Sky Skimmer (blue),1,0
184,Puffin,2025-06-02T17:45:59,Teeth of the Cog (blue),1,0
184,Puffin,2025-06-02T17:45:59,Walk the Plank (blue),1,0
184,Puffin,2025-06-02T17:45:59,Fish Fingers,1,1
184,Puffin,2025-06-02T17:45:59,Rust Belt,1,1
184,Puffin,2025-06-02T17:45:59,Unicycle,1,1
185,Gravy Bones,2025-06-02T18:42:33,Board the Ship (red),1,0
185,Gravy Bones,2025-06-02T18:42:33,Burly Bones (red),1,0
185,Gravy Bones,2025-06-02T18:42:33,Expedition to Horizon's Mantle (red),1,0
185,Gravy Bones,2025-06-02T18:42:33,Jittery Bones (red),3,0
185,Gravy Bones,2025-06-02T18:42:33,Rally the Coast Guard (red),1,0
185,Gravy Bones,2025-06-02T18:42:33,Angry Bones (yellow),1,0
185,Gravy Bones,2025-06-02T18:42:33,Battalion Barque (yellow),2,0
185,Gravy Bones,2025-06-02T18:42:33,"Cutty Shark, Quick Clip (yellow)",1,0
185,Gravy Bones,2025-06-02T18:42:33,Gold Hunter Marauder (yellow),1,0
185,Gravy Bones,2025-06-02T18:42:33,"Chowder, Hearty Cook (yellow)",1,0
185,Gravy Bones,2025-06-02T18:42:33,"Chum, Friendly First Mate (yellow)",1,0
185,Gravy Bones,2025-06-02T18:42:33,Moray le Fay (yellow),1,0
185,Gravy Bones,2025-06-02T18:42:33,Restless Bones (yellow),1,0
185,Gravy Bones,2025-06-02T18:42:33,Riggermortis (yellow),2,0
185,Gravy Bones,2025-06-02T18:42:33,Saltwater Swell (yellow),1,0
185,Gravy Bones,2025-06-02T18:42:33,"Shelly, Hardened Traveler (yellow)",1,0
185,Gravy Bones,2025-06-02T18:42:33,Sirens of Safe Harbor (yellow),1,0
185,Gravy Bones,2025-06-02T18:42:33,Swiftwater Sloop (yellow),1,0
185,Gravy Bones,2025-06-02T18:42:33,Angry Bones (blue),2,0
185,Gravy Bones,2025-06-02T18:42:33,Avast Ye! (blue),1,0
185,Gravy Bones,2025-06-02T18:42:33,Golden Tipple (blue),1,0
185,Gravy Bones,2025-06-02T18:42:33,Chart a Course (blue),1,0
185,Gravy Bones,2025-06-02T18:42:33,Jittery Bones (blue),3,0
185,Gravy Bones,2025-06-02T18:42:33,Mutiny on the Nimbus Sovereign (blue),1,0
185,Gravy Bones,2025-06-02T18:42:33,Swiftwater Sloop (blue),1,0
185,Gravy Bones,2025-06-02T18:42:33,Trade In (blue),1,0
185,Gravy Bones,2025-06-02T18:42:33,Walk the Plank (blue),2,0
185,Gravy Bones,2025-06-02T18:42:33,Yo Ho Ho! (blue),1,0
185,Gravy Bones,2025-06-02T18:42:33,Fish Fingers,1,1
185,Gravy Bones,2025-06-02T18:42:33,Head Stone,1,1
185,Gravy Bones,2025-06-02T18:42:33,Washed Up Wave,1,1
186,Gravy Bones,2025-06-02T19:35:37,Angry Bones (red),1,0
186,Gravy Bones,2025-06-02T19:35:37,Battalion Barque (red),1,0
186,Gravy Bones,2025-06-02T19:35:37,Expedition to Dreadfall Reach (red),1,0
186,Gravy Bones,2025-06-02T19:35:37,Golden Tipple (red),1,0
186,Gravy Bones,2025-06-02T19:35:37,Jittery Bones (red),3,0
186,Gravy Bones,2025-06-02T19:35:37,Scar for a Scar (red),1,0
186,Gravy Bones,2025-06-02T19:35:37,Barnacle (yellow),2,0
186,Gravy Bones,2025-06-02T19:35:37,"Cutty Shark, Quick Clip (yellow)",1,0
186,Gravy Bones,2025-06-02T19:35:37,Gold Hunter Marauder (yellow),1,0
186,Gravy Bones,2025-06-02T19:35:37,Golden Tipple (yellow),1,0
186,Gravy Bones,2025-06-02T19:35:37,"Chowder, Hearty Cook (yellow)",1,0
186,Gravy Bones,2025-06-02T19:35:37,"Limpit, Hop-a-long (yellow)",2,0
186,Gravy Bones,2025-06-02T19:35:37,Restless Bones (yellow),2,0
186,Gravy Bones,2025-06-02T19:35:37,Riggermortis (yellow),1,0
186,Gravy Bones,2025-06-02T19:35:37,Saltwater Swell (yellow),1,0
186,Gravy Bones,2025-06-02T19:35:37,Sirens of Safe Harbor (yellow),1,0
186,Gravy Bones,2025-06-02T19:35:37,Trade In (yellow),1,0
186,Gravy Bones,2025-06-02T19:35:37,Walk the Plank (yellow),1,0
186,Gravy Bones,2025-06-02T19:35:37,Angry Bones (blue),2,0
186,Gravy Bones,2025-06-02T19:35:37,Crash Down the Gates (blue),1,0
186,Gravy Bones,2025-06-02T19:35:37,Golden Tipple (blue),2,0
186,Gravy Bones,2025-06-02T19:35:37,Heave Ho! (blue),1,0
186,Gravy Bones,2025-06-02T19:35:37,Mutiny on the Nimbus Sovereign (blue),1,0
186,Gravy Bones,2025-06-02T19:35:37,Mutiny on the Swiftwater (blue),1,0
186,Gravy Bones,2025-06-02T19:35:37,Restless Bones (blue),1,0
186,Gravy Bones,2025-06-02T19:35:37,Swindler's Grift (blue),2,0
186,Gravy Bones,2025-06-02T19:35:37,Tit for Tat (blue),1,0
186,Gravy Bones,2025-06-02T19:35:37,Trade In (blue),1,0
186,Gravy Bones,2025-06-02T19:35:37,Captain's Coat,1,1
186,Gravy Bones,2025-06-02T19:35:37,Head Stone,1,1
186,Gravy Bones,2025-06-02T19:35:37,Light Fingers,1,1
186,Gravy Bones,2025-06-02T19:35:37,Washed Up Wave,1,1
187,Gravy Bones,2025-06-02T19:49:29,Battalion Barque (red),1,0
187,Gravy Bones,2025-06-02T19:49:29,Burly Bones (red),1,0
187,Gravy Bones,2025-06-02T19:49:29,Golden Tipple (red),1,0
187,Gravy Bones,2025-06-02T19:49:29,Restless Bones (red),1,0
187,Gravy Bones,2025-06-02T19:49:29,Saltwater Swell (red),1,0
187,Gravy Bones,2025-06-02T19:49:29,Angry Bones (yellow),1,0
187,Gravy Bones,2025-06-02T19:49:29,Barnacle (yellow),1,0
187,Gravy Bones,2025-06-02T19:49:29,"Cutty Shark, Quick Clip (yellow)",1,0
187,Gravy Bones,2025-06-02T19:49:29,Golden Tipple (yellow),2,0
187,Gravy Bones,2025-06-02T19:49:29,"Chowder, Hearty Cook (yellow)",2,0
187,Gravy Bones,2025-06-02T19:49:29,Jittery Bones (yellow),3,0
187,Gravy Bones,2025-06-02T19:49:29,"Limpit, Hop-a-long (yellow)",1,0
187,Gravy Bones,2025-06-02T19:49:29,Restless Bones (yellow),1,0
187,Gravy Bones,2025-06-02T19:49:29,Riggermortis (yellow),1,0
187,Gravy Bones,2025-06-02T19:49:29,Sirens of Safe Harbor (yellow),1,0
187,Gravy Bones,2025-06-02T19:49:29,Swindler's Grift (yellow),1,0
187,Gravy Bones,2025-06-02T19:49:29,Trade In (yellow),1,0
187,Gravy Bones,2025-06-02T19:49:29,Fiddler's Green (blue),1,0
187,Gravy Bones,2025-06-02T19:49:29,Golden Tipple (blue),3,0
187,Gravy Bones,2025-06-02T19:49:29,Chart a Course (blue),1,0
187,Gravy Bones,2025-06-02T19:49:29,Nimby (blue),1,0
187,Gravy Bones,2025-06-02T19:49:29,On the Horizon (blue),1,0
187,Gravy Bones,2025-06-02T19:49:29,Restless Bones (blue),2,0
187,Gravy Bones,2025-06-02T19:49:29,Strike Gold (blue),1,0
187,Gravy Bones,2025-06-02T19:49:29,Trade In (blue),2,0
187,Gravy Bones,2025-06-02T19:49:29,Helmsman's Peak,1,1
187,Gravy Bones,2025-06-02T19:49:29,Old Knocker,1,1
187,Gravy Bones,2025-06-02T19:49:29,Quick Clicks,1,1
187,Gravy Bones,2025-06-02T19:49:29,Washed Up Wave,1,1
188,Gravy Bones,2025-06-02T20:17:08,Angry Bones (red),1,0
188,Gravy Bones,2025-06-02T20:17:08,Blow for a Blow (red),2,0
188,Gravy Bones,2025-06-02T20:17:08,Burly Bones (red),2,0
188,Gravy Bones,2025-06-02T20:17:08,Expedition to Blackwater Strait (red),1,0
188,Gravy Bones,2025-06-02T20:17:08,Expedition to Horizon's Mantle (red),1,0
188,Gravy Bones,2025-06-02T20:17:08,Golden Tipple (red),1,0
188,Gravy Bones,2025-06-02T20:17:08,Nimby (red),1,0
188,Gravy Bones,2025-06-02T20:17:08,Saltwater Swell (red),1,0
188,Gravy Bones,2025-06-02T20:17:08,Trade In (red),1,0
188,Gravy Bones,2025-06-02T20:17:08,Battalion Barque (yellow),1,0
188,Gravy Bones,2025-06-02T20:17:08,Burly Bones (yellow),1,0
188,Gravy Bones,2025-06-02T20:17:08,"Cutty Shark, Quick Clip (yellow)",1,0
188,Gravy Bones,2025-06-02T20:17:08,HMS Marlin (yellow),1,0
188,Gravy Bones,2025-06-02T20:17:08,Jittery Bones (yellow),1,0
188,Gravy Bones,2025-06-02T20:17:08,Nimby (yellow),1,0
188,Gravy Bones,2025-06-02T20:17:08,Restless Bones (yellow),2,0
188,Gravy Bones,2025-06-02T20:17:08,Riggermortis (yellow),2,0
188,Gravy Bones,2025-06-02T20:17:08,"Scooba, Salty Sea Dog (yellow)",1,0
188,Gravy Bones,2025-06-02T20:17:08,"Shelly, Hardened Traveler (yellow)",2,0
188,Gravy Bones,2025-06-02T20:17:08,Swindler's Grift (yellow),1,0
188,Gravy Bones,2025-06-02T20:17:08,Walk the Plank (yellow),1,0
188,Gravy Bones,2025-06-02T20:17:08,Amethyst Amulet (blue),2,0
188,Gravy Bones,2025-06-02T20:17:08,Angry Bones (blue),2,0
188,Gravy Bones,2025-06-02T20:17:08,Golden Tipple (blue),1,0
188,Gravy Bones,2025-06-02T20:17:08,Mutiny on the Battalion Barque (blue),1,0
188,Gravy Bones,2025-06-02T20:17:08,Pounamu Amulet (blue),1,0
188,Gravy Bones,2025-06-02T20:17:08,Rally the Coast Guard (blue),1,0
188,Gravy Bones,2025-06-02T20:17:08,Saltwater Swell (blue),1,0
188,Gravy Bones,2025-06-02T20:17:08,Shifting Tides (blue),1,0
188,Gravy Bones,2025-06-02T20:17:08,Blue Sea Tricorn,1,1
188,Gravy Bones,2025-06-02T20:17:08,Buccaneer's Bounty,1,1
188,Gravy Bones,2025-06-02T20:17:08,Quartermaster's Boots,1,1
189,Puffin,2025-06-02T21:13:44,Cloud Skiff (red),1,0
189,Puffin,2025-06-02T21:13:44,Cogwerx Zeppelin (red),1,0
189,Puffin,2025-06-02T21:13:44,Draw Back the Hammer (red),2,0
189,Puffin,2025-06-02T21:13:44,Expedition to Azuro Keys (red),1,0
189,Puffin,2025-06-02T21:13:44,Expedition to Blackwater Strait (red),2,0
189,Puffin,2025-06-02T21:13:44,Goldwing Turbine (red),1,0
189,Puffin,2025-06-02T21:13:44,Perk Up (red),1,0
189,Puffin,2025-06-02T21:13:44,Pilfer the Wreck (red),1,0
189,Puffin,2025-06-02T21:13:44,Rally the Coast Guard (red),1,0
189,Puffin,2025-06-02T21:13:44,Ravenous Rabble (red),1,0
189,Puffin,2025-06-02T21:13:44,Sirens of Safe Harbor (red),1,0
189,Puffin,2025-06-02T21:13:44,Swindler's Grift (red),1,0
189,Puffin,2025-06-02T21:13:44,Thiev'n Varmints (red),1,0
189,Puffin,2025-06-02T21:13:44,Tighten the Screws (red),1,0
189,Puffin,2025-06-02T21:13:44,Cloud City Steamboat (yellow),1,0
189,Puffin,2025-06-02T21:13:44,Cloud Skiff (yellow),1,0
189,Puffin,2025-06-02T21:13:44,Cogwerx Zeppelin (yellow),1,0
189,Puffin,2025-06-02T21:13:44,Goldwing Turbine (yellow),2,0
189,Puffin,2025-06-02T21:13:44,HMS Marlin (yellow),1,0
189,Puffin,2025-06-02T21:13:44,Sky Skimmer (yellow),1,0
189,Puffin,2025-06-02T21:13:44,Teeth of the Cog (yellow),1,0
189,Puffin,2025-06-02T21:13:44,Battalion Barque (blue),1,0
189,Puffin,2025-06-02T21:13:44,Cloud City Steamboat (blue),1,0
189,Puffin,2025-06-02T21:13:44,Cloud Skiff (blue),2,0
189,Puffin,2025-06-02T21:13:44,Goldwing Turbine (blue),3,0
189,Puffin,2025-06-02T21:13:44,Money or Your Life? (blue),1,0
189,Puffin,2025-06-02T21:13:44,Sky Skimmer (blue),1,0
189,Puffin,2025-06-02T21:13:44,Teeth of the Cog (blue),1,0
189,Puffin,2025-06-02T21:13:44,Tough Old Wrench (blue),1,0
189,Puffin,2025-06-02T21:13:44,Trade In (blue),1,0
189,Puffin,2025-06-02T21:13:44,Blue Sea Tricorn,1,1
189,Puffin,2025-06-02T21:13:44,Fish Fingers,1,1
189,Puffin,2025-06-02T21:13:44,Rust Belt,1,1
189,Puffin,2025-06-02T21:13:44,Unicycle,1,1
190,Gravy Bones,2025-06-02T21:19:39,Burly Bones (red),1,0
190,Gravy Bones,2025-06-02T21:19:39,Expedition to Dreadfall Reach (red),1,0
190,Gravy Bones,2025-06-02T21:19:39,On the Horizon (red),1,0
190,Gravy Bones,2025-06-02T21:19:39,Battalion Barque (yellow),2,0
190,Gravy Bones,2025-06-02T21:19:39,"Cutty Shark, Quick Clip (yellow)",1,0
190,Gravy Bones,2025-06-02T21:19:39,Fiddler's Green (yellow),1,0
190,Gravy Bones,2025-06-02T21:19:39,Gold Hunter Marauder (yellow),1,0
190,Gravy Bones,2025-06-02T21:19:39,HMS Barracuda (yellow),1,0
190,Gravy Bones,2025-06-02T21:19:39,"Chowder, Hearty Cook (yellow)",1,0
190,Gravy Bones,2025-06-02T21:19:39,"Chum, Friendly First Mate (yellow)",1,0
190,Gravy Bones,2025-06-02T21:19:39,Restless Bones (yellow),3,0
190,Gravy Bones,2025-06-02T21:19:39,"Shelly, Hardened Traveler (yellow)",1,0
190,Gravy Bones,2025-06-02T21:19:39,Strike Gold (yellow),1,0
190,Gravy Bones,2025-06-02T21:19:39,Swabbie (yellow),2,0
190,Gravy Bones,2025-06-02T21:19:39,Swiftwater Sloop (yellow),2,0
190,Gravy Bones,2025-06-02T21:19:39,Battalion Barque (blue),1,0
190,Gravy Bones,2025-06-02T21:19:39,Burly Bones (blue),1,0
190,Gravy Bones,2025-06-02T21:19:39,Chart a Course (blue),1,0
190,Gravy Bones,2025-06-02T21:19:39,Jittery Bones (blue),1,0
190,Gravy Bones,2025-06-02T21:19:39,Mutiny on the Battalion Barque (blue),1,0
190,Gravy Bones,2025-06-02T21:19:39,Mutiny on the Nimbus Sovereign (blue),1,0
190,Gravy Bones,2025-06-02T21:19:39,Mutiny on the Swiftwater (blue),1,0
190,Gravy Bones,2025-06-02T21:19:39,Pilfer the Wreck (blue),1,0
190,Gravy Bones,2025-06-02T21:19:39,Restless Bones (blue),1,0
190,Gravy Bones,2025-06-02T21:19:39,Strike Gold (blue),1,0
190,Gravy Bones,2025-06-02T21:19:39,Swiftwater Sloop (blue),1,0
190,Gravy Bones,2025-06-02T21:19:39,Swindler's Grift (blue),1,0
190,Gravy Bones,2025-06-02T21:19:39,Walk the Plank (blue),1,0
190,Gravy Bones,2025-06-02T21:19:39,Captain's Coat,1,1
190,Gravy Bones,2025-06-02T21:19:39,Fish Fingers,1,1
190,Gravy Bones,2025-06-02T21:19:39,Head Stone,1,1
190,Gravy Bones,2025-06-02T21:19:39,Quartermaster's Boots,1,1
191,Puffin,2025-06-02T21:23:01,Battalion Barque (red),1,0
191,Puffin,2025-06-02T21:23:01,Blow for a Blow (red),1,0
191,Puffin,2025-06-02T21:23:01,Cloud Skiff (red),2,0
191,Puffin,2025-06-02T21:23:01,Draw Back the Hammer (red),2,0
191,Puffin,2025-06-02T21:23:01,Expedition to Horizon's Mantle (red),1,0
191,Puffin,2025-06-02T21:23:01,Jack Be Quick (red),1,0
191,Puffin,2025-06-02T21:23:01,Nimby (red),2,0
191,Puffin,2025-06-02T21:23:01,Perk Up (red),1,0
191,Puffin,2025-06-02T21:23:01,Pilfer the Wreck (red),2,0
191,Puffin,2025-06-02T21:23:01,Rally the Coast Guard (red),1,0
191,Puffin,2025-06-02T21:23:01,Ravenous Rabble (red),1,0
191,Puffin,2025-06-02T21:23:01,Sky Skimmer (red),1,0
191,Puffin,2025-06-02T21:23:01,Strike Gold (red),1,0
191,Puffin,2025-06-02T21:23:01,Thiev'n Varmints (red),1,0
191,Puffin,2025-06-02T21:23:01,Gold Hunter Longboat (yellow),1,0
191,Puffin,2025-06-02T21:23:01,Money or Your Life? (yellow),1,0
191,Puffin,2025-06-02T21:23:01,Nimblism (yellow),2,0
191,Puffin,2025-06-02T21:23:01,Nimby (yellow),2,0
191,Puffin,2025-06-02T21:23:01,Swindler's Grift (yellow),1,0
191,Puffin,2025-06-02T21:23:01,Tough Old Wrench (yellow),1,0
191,Puffin,2025-06-02T21:23:01,Walk the Plank (yellow),1,0
191,Puffin,2025-06-02T21:23:01,Battalion Barque (blue),1,0
191,Puffin,2025-06-02T21:23:01,Cogwerx Zeppelin (blue),1,0
191,Puffin,2025-06-02T21:23:01,Crash Down the Gates (blue),1,0
191,Puffin,2025-06-02T21:23:01,Goldwing Turbine (blue),2,0
191,Puffin,2025-06-02T21:23:01,Sirens of Safe Harbor (blue),1,0
191,Puffin,2025-06-02T21:23:01,Sky Skimmer (blue),1,0
191,Puffin,2025-06-02T21:23:01,Strike Gold (blue),1,0
191,Puffin,2025-06-02T21:23:01,Teeth of the Cog (blue),1,0
191,Puffin,2025-06-02T21:23:01,Tough Old Wrench (blue),1,0
191,Puffin,2025-06-02T21:23:01,Blue Sea Tricorn,1,1
191,Puffin,2025-06-02T21:23:01,Captain's Coat,1,1
191,Puffin,2025-06-02T21:23:01,Rust Belt,1,1
191,Puffin,2025-06-02T21:23:01,Swiftstrike Bracers,1,1
191,Puffin,2025-06-02T21:23:01,Unicycle,1,1
192,Gravy Bones,2025-06-03T01:51:00,Angry Bones (red),1,0
192,Gravy Bones,2025-06-03T01:51:00,Blow for a Blow (red),1,0
192,Gravy Bones,2025-06-03T01:51:00,Burly Bones (red),1,0
192,Gravy Bones,2025-06-03T01:51:00,Golden Tipple (red),1,0
192,Gravy Bones,2025-06-03T01:51:00,Jittery Bones (red),1,0
192,Gravy Bones,2025-06-03T01:51:00,On the Horizon (red),1,0
192,Gravy Bones,2025-06-03T01:51:00,Restless Bones (red),1,0
192,Gravy Bones,2025-06-03T01:51:00,Angry Bones (yellow),2,0
192,Gravy Bones,2025-06-03T01:51:00,Barnacle (yellow),3,0
192,Gravy Bones,2025-06-03T01:51:00,Burly Bones (yellow),2,0
192,Gravy Bones,2025-06-03T01:51:00,Fiddler's Green (yellow),1,0
192,Gravy Bones,2025-06-03T01:51:00,Golden Tipple (yellow),2,0
192,Gravy Bones,2025-06-03T01:51:00,HMS Barracuda (yellow),1,0
192,Gravy Bones,2025-06-03T01:51:00,Lost in Transit (yellow),1,0
192,Gravy Bones,2025-06-03T01:51:00,Restless Bones (yellow),1,0
192,Gravy Bones,2025-06-03T01:51:00,"Scooba, Salty Sea Dog (yellow)",1,0
192,Gravy Bones,2025-06-03T01:51:00,Sirens of Safe Harbor (yellow),1,0
192,Gravy Bones,2025-06-03T01:51:00,Swabbie (yellow),2,0
192,Gravy Bones,2025-06-03T01:51:00,Amethyst Amulet (blue),1,0
192,Gravy Bones,2025-06-03T01:51:00,Angry Bones (blue),1,0
192,Gravy Bones,2025-06-03T01:51:00,Golden Tipple (blue),1,0
192,Gravy Bones,2025-06-03T01:51:00,Heave Ho! (blue),1,0
192,Gravy Bones,2025-06-03T01:51:00,Saltwater Swell (blue),1,0
192,Gravy Bones,2025-06-03T01:51:00,Sea Floor Salvage (blue),1,0
192,Gravy Bones,2025-06-03T01:51:00,Sirens of Safe Harbor (blue),1,0
192,Gravy Bones,2025-06-03T01:51:00,Strike Gold (blue),1,0
192,Gravy Bones,2025-06-03T01:51:00,Swindler's Grift (blue),1,0
192,Gravy Bones,2025-06-03T01:51:00,Yo Ho Ho! (blue),1,0
192,Gravy Bones,2025-06-03T01:51:00,Bandana of the Blue Beyond,1,1
192,Gravy Bones,2025-06-03T01:51:00,Buccaneer's Bounty,1,1
192,Gravy Bones,2025-06-03T01:51:00,Fish Fingers,1,1
192,Gravy Bones,2025-06-03T01:51:00,Quartermaster's Boots,1,1
193,Gravy Bones,2025-06-03T03:37:28,Burly Bones (red),2,0
193,Gravy Bones,2025-06-03T03:37:28,Expedition to Blackwater Strait (red),1,0
193,Gravy Bones,2025-06-03T03:37:28,Hoist 'Em Up (red),1,0
193,Gravy Bones,2025-06-03T03:37:28,Jittery Bones (red),1,0
193,Gravy Bones,2025-06-03T03:37:28,Life for a Life (red),1,0
193,Gravy Bones,2025-06-03T03:37:28,Restless Bones (red),1,0
193,Gravy Bones,2025-06-03T03:37:28,Sirens of Safe Harbor (red),1,0
193,Gravy Bones,2025-06-03T03:37:28,Barnacle (yellow),1,0
193,Gravy Bones,2025-06-03T03:37:28,Burly Bones (yellow),2,0
193,Gravy Bones,2025-06-03T03:37:28,HMS Barracuda (yellow),1,0
193,Gravy Bones,2025-06-03T03:37:28,HMS Kraken (yellow),1,0
193,Gravy Bones,2025-06-03T03:37:28,HMS Marlin (yellow),1,0
193,Gravy Bones,2025-06-03T03:37:28,"Chowder, Hearty Cook (yellow)",1,0
193,Gravy Bones,2025-06-03T03:37:28,Jittery Bones (yellow),2,0
193,Gravy Bones,2025-06-03T03:37:28,Restless Bones (yellow),1,0
193,Gravy Bones,2025-06-03T03:37:28,Riggermortis (yellow),1,0
193,Gravy Bones,2025-06-03T03:37:28,"Scooba, Salty Sea Dog (yellow)",2,0
193,Gravy Bones,2025-06-03T03:37:28,Strike Gold (yellow),1,0
193,Gravy Bones,2025-06-03T03:37:28,Swabbie (yellow),1,0
193,Gravy Bones,2025-06-03T03:37:28,Battalion Barque (blue),1,0
193,Gravy Bones,2025-06-03T03:37:28,Diamond Amulet (blue),1,0
193,Gravy Bones,2025-06-03T03:37:28,Golden Tipple (blue),2,0
193,Gravy Bones,2025-06-03T03:37:28,Jittery Bones (blue),2,0
193,Gravy Bones,2025-06-03T03:37:28,Mutiny on the Nimbus Sovereign (blue),1,0
193,Gravy Bones,2025-06-03T03:37:28,Nimblism (blue),1,0
193,Gravy Bones,2025-06-03T03:37:28,Opal Amulet (blue),1,0
193,Gravy Bones,2025-06-03T03:37:28,Restless Bones (blue),1,0
193,Gravy Bones,2025-06-03T03:37:28,Saltwater Swell (blue),1,0
193,Gravy Bones,2025-06-03T03:37:28,Sapphire Amulet (blue),1,0
193,Gravy Bones,2025-06-03T03:37:28,Swiftwater Sloop (blue),1,0
193,Gravy Bones,2025-06-03T03:37:28,Head Stone,1,1
193,Gravy Bones,2025-06-03T03:37:28,Peg Leg,1,1
193,Gravy Bones,2025-06-03T03:37:28,Washed Up Wave,1,1
194,Gravy Bones,2025-06-03T04:12:19,Angry Bones (red),2,0
194,Gravy Bones,2025-06-03T04:12:19,Battalion Barque (red),1,0
194,Gravy Bones,2025-06-03T04:12:19,Burly Bones (red),1,0
194,Gravy Bones,2025-06-03T04:12:19,Rally the Coast Guard (red),1,0
194,Gravy Bones,2025-06-03T04:12:19,Swiftwater Sloop (red),1,0
194,Gravy Bones,2025-06-03T04:12:19,Swindler's Grift (red),1,0
194,Gravy Bones,2025-06-03T04:12:19,Thiev'n Varmints (red),1,0
194,Gravy Bones,2025-06-03T04:12:19,Angry Bones (yellow),2,0
194,Gravy Bones,2025-06-03T04:12:19,Burly Bones (yellow),2,0
194,Gravy Bones,2025-06-03T04:12:19,"Cutty Shark, Quick Clip (yellow)",1,0
194,Gravy Bones,2025-06-03T04:12:19,HMS Kraken (yellow),1,0
194,Gravy Bones,2025-06-03T04:12:19,"Chowder, Hearty Cook (yellow)",1,0
194,Gravy Bones,2025-06-03T04:12:19,"Chum, Friendly First Mate (yellow)",1,0
194,Gravy Bones,2025-06-03T04:12:19,Lost in Transit (yellow),1,0
194,Gravy Bones,2025-06-03T04:12:19,On the Horizon (yellow),1,0
194,Gravy Bones,2025-06-03T04:12:19,Restless Bones (yellow),1,0
194,Gravy Bones,2025-06-03T04:12:19,Riggermortis (yellow),2,0
194,Gravy Bones,2025-06-03T04:12:19,Swabbie (yellow),1,0
194,Gravy Bones,2025-06-03T04:12:19,Swindler's Grift (yellow),1,0
194,Gravy Bones,2025-06-03T04:12:19,Trade In (yellow),1,0
194,Gravy Bones,2025-06-03T04:12:19,Angry Bones (blue),2,0
194,Gravy Bones,2025-06-03T04:12:19,Burly Bones (blue),1,0
194,Gravy Bones,2025-06-03T04:12:19,Flying High (blue),1,0
194,Gravy Bones,2025-06-03T04:12:19,Golden Tipple (blue),1,0
194,Gravy Bones,2025-06-03T04:12:19,Jittery Bones (blue),1,0
194,Gravy Bones,2025-06-03T04:12:19,Mutiny on the Swiftwater (blue),1,0
194,Gravy Bones,2025-06-03T04:12:19,Nimby (blue),1,0
194,Gravy Bones,2025-06-03T04:12:19,On the Horizon (blue),1,0
194,Gravy Bones,2025-06-03T04:12:19,Onyx Amulet (blue),1,0
194,Gravy Bones,2025-06-03T04:12:19,Pounamu Amulet (blue),1,0
194,Gravy Bones,2025-06-03T04:12:19,Saltwater Swell (blue),1,0
194,Gravy Bones,2025-06-03T04:12:19,Swiftwater Sloop (blue),1,0
194,Gravy Bones,2025-06-03T04:12:19,Trade In (blue),1,0
194,Gravy Bones,2025-06-03T04:12:19,Fish Fingers,1,1
194,Gravy Bones,2025-06-03T04:12:19,Helmsman's Peak,1,1
194,Gravy Bones,2025-06-03T04:12:19,Peg Leg,1,1
195,Marlynn,2025-06-03T05:02:04,Battalion Barque (red),2,0
195,Marlynn,2025-06-03T05:02:04,Call in the Big Guns (red),1,0
195,Marlynn,2025-06-03T05:02:04,Crash Down the Gates (red),1,0
195,Marlynn,2025-06-03T05:02:04,Dry Powder Shot (red),2,0
195,Marlynn,2025-06-03T05:02:04,Entangling Shot (red),2,0
195,Marlynn,2025-06-03T05:02:04,Fire in the Hole (red),1,0
195,Marlynn,2025-06-03T05:02:04,Golden Tipple (red),1,0
195,Marlynn,2025-06-03T05:02:04,Head Shot (red),1,0
195,Marlynn,2025-06-03T05:02:04,Chart a Course (red),1,0
195,Marlynn,2025-06-03T05:02:04,Life for a Life (red),1,0
195,Marlynn,2025-06-03T05:02:04,Salvage Shot (red),1,0
195,Marlynn,2025-06-03T05:02:04,Sic 'Em Shot (red),1,0
195,Marlynn,2025-06-03T05:02:04,Swift Shot (red),1,0
195,Marlynn,2025-06-03T05:02:04,Swindler's Grift (red),1,0
195,Marlynn,2025-06-03T05:02:04,Crash Down the Gates (yellow),1,0
195,Marlynn,2025-06-03T05:02:04,Fiddler's Green (yellow),1,0
195,Marlynn,2025-06-03T05:02:04,Golden Tipple (yellow),1,0
195,Marlynn,2025-06-03T05:02:04,Head Shot (yellow),1,0
195,Marlynn,2025-06-03T05:02:04,HMS Marlin (yellow),1,0
195,Marlynn,2025-06-03T05:02:04,Salvage Shot (yellow),2,0
195,Marlynn,2025-06-03T05:02:04,Sic 'Em Shot (yellow),1,0
195,Marlynn,2025-06-03T05:02:04,Sirens of Safe Harbor (yellow),1,0
195,Marlynn,2025-06-03T05:02:04,Walk the Plank (yellow),1,0
195,Marlynn,2025-06-03T05:02:04,Battalion Barque (blue),1,0
195,Marlynn,2025-06-03T05:02:04,Call in the Big Guns (blue),1,0
195,Marlynn,2025-06-03T05:02:04,Head Shot (blue),1,0
195,Marlynn,2025-06-03T05:02:04,Rusty Harpoon (blue),1,0
195,Marlynn,2025-06-03T05:02:04,Salvage Shot (blue),2,0
195,Marlynn,2025-06-03T05:02:04,Sic 'Em Shot (blue),1,0
195,Marlynn,2025-06-03T05:02:04,Glidewell Fins,2,1
195,Marlynn,2025-06-03T05:02:04,Old Knocker,1,1
195,Marlynn,2025-06-03T05:02:04,Patch the Hole,1,1
196,Gravy Bones,2025-06-03T05:29:29,Angry Bones (red),2,0
196,Gravy Bones,2025-06-03T05:29:29,Expedition to Horizon's Mantle (red),1,0
196,Gravy Bones,2025-06-03T05:29:29,Jittery Bones (red),2,0
196,Gravy Bones,2025-06-03T05:29:29,Paddle Faster (red),1,0
196,Gravy Bones,2025-06-03T05:29:29,Rally the Coast Guard (red),1,0
196,Gravy Bones,2025-06-03T05:29:29,Restless Bones (red),3,0
196,Gravy Bones,2025-06-03T05:29:29,Barnacle (yellow),2,0
196,Gravy Bones,2025-06-03T05:29:29,Crash Down the Gates (yellow),1,0
196,Gravy Bones,2025-06-03T05:29:29,Golden Tipple (yellow),2,0
196,Gravy Bones,2025-06-03T05:29:29,"Chowder, Hearty Cook (yellow)",1,0
196,Gravy Bones,2025-06-03T05:29:29,"Chum, Friendly First Mate (yellow)",1,0
196,Gravy Bones,2025-06-03T05:29:29,"Limpit, Hop-a-long (yellow)",1,0
196,Gravy Bones,2025-06-03T05:29:29,Restless Bones (yellow),2,0
196,Gravy Bones,2025-06-03T05:29:29,Riggermortis (yellow),1,0
196,Gravy Bones,2025-06-03T05:29:29,"Scooba, Salty Sea Dog (yellow)",1,0
196,Gravy Bones,2025-06-03T05:29:29,"Shelly, Hardened Traveler (yellow)",2,0
196,Gravy Bones,2025-06-03T05:29:29,Swabbie (yellow),1,0
196,Gravy Bones,2025-06-03T05:29:29,Swiftwater Sloop (yellow),1,0
196,Gravy Bones,2025-06-03T05:29:29,Trade In (yellow),1,0
196,Gravy Bones,2025-06-03T05:29:29,Give No Quarter (blue),1,0
196,Gravy Bones,2025-06-03T05:29:29,Golden Tipple (blue),1,0
196,Gravy Bones,2025-06-03T05:29:29,Chart a Course (blue),1,0
196,Gravy Bones,2025-06-03T05:29:29,Jittery Bones (blue),3,0
196,Gravy Bones,2025-06-03T05:29:29,Mutiny on the Swiftwater (blue),1,0
196,Gravy Bones,2025-06-03T05:29:29,Pilfer the Wreck (blue),1,0
196,Gravy Bones,2025-06-03T05:29:29,Rally the Coast Guard (blue),1,0
196,Gravy Bones,2025-06-03T05:29:29,Restless Bones (blue),1,0
196,Gravy Bones,2025-06-03T05:29:29,Strike Gold (blue),1,0
196,Gravy Bones,2025-06-03T05:29:29,Swindler's Grift (blue),1,0
196,Gravy Bones,2025-06-03T05:29:29,Captain's Coat,1,1
196,Gravy Bones,2025-06-03T05:29:29,Head Stone,1,1
196,Gravy Bones,2025-06-03T05:29:29,Washed Up Wave,1,1
197,Gravy Bones,2025-06-03T06:04:07,Angry Bones (red),1,0
197,Gravy Bones,2025-06-03T06:04:07,Battalion Barque (red),1,0
197,Gravy Bones,2025-06-03T06:04:07,Blow for a Blow (red),1,0
197,Gravy Bones,2025-06-03T06:04:07,Burly Bones (red),1,0
197,Gravy Bones,2025-06-03T06:04:07,Expedition to Dreadfall Reach (red),1,0
197,Gravy Bones,2025-06-03T06:04:07,Expedition to Horizon's Mantle (red),1,0
197,Gravy Bones,2025-06-03T06:04:07,Golden Tipple (red),1,0
197,Gravy Bones,2025-06-03T06:04:07,On the Horizon (red),1,0
197,Gravy Bones,2025-06-03T06:04:07,Angry Bones (yellow),2,0
197,Gravy Bones,2025-06-03T06:04:07,Barnacle (yellow),1,0
197,Gravy Bones,2025-06-03T06:04:07,Burly Bones (yellow),2,0
197,Gravy Bones,2025-06-03T06:04:07,Fiddler's Green (yellow),1,0
197,Gravy Bones,2025-06-03T06:04:07,Golden Tipple (yellow),2,0
197,Gravy Bones,2025-06-03T06:04:07,Jittery Bones (yellow),2,0
197,Gravy Bones,2025-06-03T06:04:07,"Limpit, Hop-a-long (yellow)",1,0
197,Gravy Bones,2025-06-03T06:04:07,Midas Touch (yellow),1,0
197,Gravy Bones,2025-06-03T06:04:07,Nimby (yellow),1,0
197,Gravy Bones,2025-06-03T06:04:07,On the Horizon (yellow),1,0
197,Gravy Bones,2025-06-03T06:04:07,Rally the Coast Guard (yellow),1,0
197,Gravy Bones,2025-06-03T06:04:07,Riggermortis (yellow),2,0
197,Gravy Bones,2025-06-03T06:04:07,"Scooba, Salty Sea Dog (yellow)",1,0
197,Gravy Bones,2025-06-03T06:04:07,Swabbie (yellow),1,0
197,Gravy Bones,2025-06-03T06:04:07,Trade In (yellow),1,0
197,Gravy Bones,2025-06-03T06:04:07,Golden Tipple (blue),1,0
197,Gravy Bones,2025-06-03T06:04:07,Jittery Bones (blue),2,0
197,Gravy Bones,2025-06-03T06:04:07,Mutiny on the Nimbus Sovereign (blue),1,0
197,Gravy Bones,2025-06-03T06:04:07,Portside Exchange (blue),1,0
197,Gravy Bones,2025-06-03T06:04:07,Restless Bones (blue),1,0
197,Gravy Bones,2025-06-03T06:04:07,Shifting Tides (blue),1,0
197,Gravy Bones,2025-06-03T06:04:07,Tit for Tat (blue),1,0
197,Gravy Bones,2025-06-03T06:04:07,Yo Ho Ho! (blue),1,0
197,Gravy Bones,2025-06-03T06:04:07,Blue Sea Tricorn,1,1
197,Gravy Bones,2025-06-03T06:04:07,Head Stone,1,1
197,Gravy Bones,2025-06-03T06:04:07,Old Knocker,1,1
197,Gravy Bones,2025-06-03T06:04:07,Peg Leg,1,1
197,Gravy Bones,2025-06-03T06:04:07,Washed Up Wave,1,1
198,Gravy Bones,2025-06-03T08:21:01,Battalion Barque (red),1,0
198,Gravy Bones,2025-06-03T08:21:01,Burly Bones (red),2,0
198,Gravy Bones,2025-06-03T08:21:01,Expedition to Blackwater Strait (red),1,0
198,Gravy Bones,2025-06-03T08:21:01,Expedition to Horizon's Mantle (red),1,0
198,Gravy Bones,2025-06-03T08:21:01,Hoist 'Em Up (red),1,0
198,Gravy Bones,2025-06-03T08:21:01,Swiftwater Sloop (red),1,0
198,Gravy Bones,2025-06-03T08:21:01,Swindler's Grift (red),1,0
198,Gravy Bones,2025-06-03T08:21:01,Angry Bones (yellow),1,0
198,Gravy Bones,2025-06-03T08:21:01,Battalion Barque (yellow),1,0
198,Gravy Bones,2025-06-03T08:21:01,Burly Bones (yellow),1,0
198,Gravy Bones,2025-06-03T08:21:01,"Cutty Shark, Quick Clip (yellow)",1,0
198,Gravy Bones,2025-06-03T08:21:01,Gold Hunter Marauder (yellow),1,0
198,Gravy Bones,2025-06-03T08:21:01,Golden Tipple (yellow),1,0
198,Gravy Bones,2025-06-03T08:21:01,"Chowder, Hearty Cook (yellow)",2,0
198,Gravy Bones,2025-06-03T08:21:01,Rally the Coast Guard (yellow),1,0
198,Gravy Bones,2025-06-03T08:21:01,"Scooba, Salty Sea Dog (yellow)",1,0
198,Gravy Bones,2025-06-03T08:21:01,Sea Legs (yellow),1,0
198,Gravy Bones,2025-06-03T08:21:01,"Shelly, Hardened Traveler (yellow)",1,0
198,Gravy Bones,2025-06-03T08:21:01,Swabbie (yellow),1,0
198,Gravy Bones,2025-06-03T08:21:01,Swiftwater Sloop (yellow),1,0
198,Gravy Bones,2025-06-03T08:21:01,Swindler's Grift (yellow),1,0
198,Gravy Bones,2025-06-03T08:21:01,Walk the Plank (yellow),2,0
198,Gravy Bones,2025-06-03T08:21:01,Angry Bones (blue),1,0
198,Gravy Bones,2025-06-03T08:21:01,Battalion Barque (blue),1,0
198,Gravy Bones,2025-06-03T08:21:01,Fiddler's Green (blue),1,0
198,Gravy Bones,2025-06-03T08:21:01,Golden Tipple (blue),2,0
198,Gravy Bones,2025-06-03T08:21:01,Murderous Rabble (blue),1,0
198,Gravy Bones,2025-06-03T08:21:01,Regain Composure (blue),1,0
198,Gravy Bones,2025-06-03T08:21:01,Restless Bones (blue),2,0
198,Gravy Bones,2025-06-03T08:21:01,Saltwater Swell (blue),1,0
198,Gravy Bones,2025-06-03T08:21:01,Sirens of Safe Harbor (blue),1,0
198,Gravy Bones,2025-06-03T08:21:01,Swiftwater Sloop (blue),2,0
198,Gravy Bones,2025-06-03T08:21:01,Bandana of the Blue Beyond,1,1
198,Gravy Bones,2025-06-03T08:21:01,Helmsman's Peak,1,1
198,Gravy Bones,2025-06-03T08:21:01,Light Fingers,1,1
198,Gravy Bones,2025-06-03T08:21:01,Quartermaster's Boots,1,1
199,Puffin,2025-06-03T08:30:36,Blow for a Blow (red),1,0
199,Puffin,2025-06-03T08:30:36,Cogwerx Dovetail (red),1,0
199,Puffin,2025-06-03T08:30:36,Crash Down the Gates (red),1,0
199,Puffin,2025-06-03T08:30:36,Expedition to Horizon's Mantle (red),1,0
199,Puffin,2025-06-03T08:30:36,Golden Tipple (red),1,0
199,Puffin,2025-06-03T08:30:36,Money or Your Life? (red),1,0
199,Puffin,2025-06-03T08:30:36,Nimby (red),1,0
199,Puffin,2025-06-03T08:30:36,On the Horizon (red),2,0
199,Puffin,2025-06-03T08:30:36,Rally the Coast Guard (red),1,0
199,Puffin,2025-06-03T08:30:36,Swiftwater Sloop (red),1,0
199,Puffin,2025-06-03T08:30:36,Swindler's Grift (red),1,0
199,Puffin,2025-06-03T08:30:36,Thiev'n Varmints (red),2,0
199,Puffin,2025-06-03T08:30:36,Trade In (red),1,0
199,Puffin,2025-06-03T08:30:36,Flying High (yellow),1,0
199,Puffin,2025-06-03T08:30:36,Gold Hunter Ketch (yellow),1,0
199,Puffin,2025-06-03T08:30:36,Gold Hunter Lightsail (yellow),1,0
199,Puffin,2025-06-03T08:30:36,On the Horizon (yellow),1,0
199,Puffin,2025-06-03T08:30:36,Sky Skimmer (yellow),1,0
199,Puffin,2025-06-03T08:30:36,Swindler's Grift (yellow),1,0
199,Puffin,2025-06-03T08:30:36,Walk the Plank (yellow),1,0
199,Puffin,2025-06-03T08:30:36,Cogwerx Workshop (blue),1,0
199,Puffin,2025-06-03T08:30:36,Goldwing Turbine (blue),1,0
199,Puffin,2025-06-03T08:30:36,Mutiny on the Battalion Barque (blue),1,0
199,Puffin,2025-06-03T08:30:36,Pounamu Amulet (blue),1,0
199,Puffin,2025-06-03T08:30:36,Sirens of Safe Harbor (blue),2,0
199,Puffin,2025-06-03T08:30:36,Strike Gold (blue),1,0
199,Puffin,2025-06-03T08:30:36,Swindler's Grift (blue),1,0
199,Puffin,2025-06-03T08:30:36,Tit for Tat (blue),1,0
199,Puffin,2025-06-03T08:30:36,Trade In (blue),1,0
199,Puffin,2025-06-03T08:30:36,Walk the Plank (blue),1,0
199,Puffin,2025-06-03T08:30:36,Blue Sea Tricorn,1,1
199,Puffin,2025-06-03T08:30:36,Buccaneer's Bounty,1,1
199,Puffin,2025-06-03T08:30:36,Light Fingers,1,1
199,Puffin,2025-06-03T08:30:36,Unicycle,1,1
200,"Scurv, Stowaway",2025-06-03T11:58:22,Battalion Barque (red),2,0
200,"Scurv, Stowaway",2025-06-03T11:58:22,Expedition to Azuro Keys (red),1,0
200,"Scurv, Stowaway",2025-06-03T11:58:22,Expedition to Dreadfall Reach (red),2,0
200,"Scurv, Stowaway",2025-06-03T11:58:22,Expedition to Horizon's Mantle (red),1,0
200,"Scurv, Stowaway",2025-06-03T11:58:22,Chart a Course (red),1,0
200,"Scurv, Stowaway",2025-06-03T11:58:22,Money or Your Life? (red),1,0
200,"Scurv, Stowaway",2025-06-03T11:58:22,Nimby (red),1,0
200,"Scurv, Stowaway",2025-06-03T11:58:22,On the Horizon (red),1,0
200,"Scurv, Stowaway",2025-06-03T11:58:22,Thiev'n Varmints (red),2,0
200,"Scurv, Stowaway",2025-06-03T11:58:22,Trade In (red),1,0
200,"Scurv, Stowaway",2025-06-03T11:58:22,Battalion Barque (yellow),1,0
200,"Scurv, Stowaway",2025-06-03T11:58:22,Gold Hunter Lightsail (yellow),2,0
200,"Scurv, Stowaway",2025-06-03T11:58:22,Chart a Course (yellow),1,0
200,"Scurv, Stowaway",2025-06-03T11:58:22,Nimblism (yellow),1,0
200,"Scurv, Stowaway",2025-06-03T11:58:22,On the Horizon (yellow),2,0
200,"Scurv, Stowaway",2025-06-03T11:58:22,Pilfer the Wreck (yellow),2,0
200,"Scurv, Stowaway",2025-06-03T11:58:22,Sirens of Safe Harbor (yellow),1,0
200,"Scurv, Stowaway",2025-06-03T11:58:22,Strike Gold (yellow),2,0
200,"Scurv, Stowaway",2025-06-03T11:58:22,Swiftwater Sloop (yellow),1,0
200,"Scurv, Stowaway",2025-06-03T11:58:22,Walk the Plank (yellow),2,0
200,"Scurv, Stowaway",2025-06-03T11:58:22,Divvy Up (blue),1,0
200,"Scurv, Stowaway",2025-06-03T11:58:22,Golden Tipple (blue),1,0
200,"Scurv, Stowaway",2025-06-03T11:58:22,Chart a Course (blue),1,0
200,"Scurv, Stowaway",2025-06-03T11:58:22,Mutiny on the Swiftwater (blue),1,0
200,"Scurv, Stowaway",2025-06-03T11:58:22,Nimblism (blue),1,0
200,"Scurv, Stowaway",2025-06-03T11:58:22,Saltwater Swell (blue),1,0
200,"Scurv, Stowaway",2025-06-03T11:58:22,Shifting Tides (blue),1,0
200,"Scurv, Stowaway",2025-06-03T11:58:22,Swindler's Grift (blue),1,0
200,"Scurv, Stowaway",2025-06-03T11:58:22,Tit for Tat (blue),1,0
200,"Scurv, Stowaway",2025-06-03T11:58:22,Light Fingers,1,1
200,"Scurv, Stowaway",2025-06-03T11:58:22,Quick Clicks,1,1
200,"Scurv, Stowaway",2025-06-03T11:58:22,Swiftstrike Bracers,1,1
201,Gravy Bones,2025-06-03T11:58:27,Restless Bones (red),2,0
201,Gravy Bones,2025-06-03T11:58:27,Angry Bones (yellow),1,0
201,Gravy Bones,2025-06-03T11:58:27,Burly Bones (yellow),1,0
201,Gravy Bones,2025-06-03T11:58:27,Crash Down the Gates (yellow),1,0
201,Gravy Bones,2025-06-03T11:58:27,Flying High (yellow),1,0
201,Gravy Bones,2025-06-03T11:58:27,Fool's Gold (yellow),1,0
201,Gravy Bones,2025-06-03T11:58:27,Golden Tipple (yellow),1,0
201,Gravy Bones,2025-06-03T11:58:27,HMS Marlin (yellow),1,0
201,Gravy Bones,2025-06-03T11:58:27,"Chowder, Hearty Cook (yellow)",1,0
201,Gravy Bones,2025-06-03T11:58:27,Jittery Bones (yellow),1,0
201,Gravy Bones,2025-06-03T11:58:27,"Kelpie, Tangled Mess (yellow)",1,0
201,Gravy Bones,2025-06-03T11:58:27,Lost in Transit (yellow),1,0
201,Gravy Bones,2025-06-03T11:58:27,Nimby (yellow),1,0
201,Gravy Bones,2025-06-03T11:58:27,Rally the Coast Guard (yellow),1,0
201,Gravy Bones,2025-06-03T11:58:27,Restless Bones (yellow),2,0
201,Gravy Bones,2025-06-03T11:58:27,Riggermortis (yellow),2,0
201,Gravy Bones,2025-06-03T11:58:27,"Shelly, Hardened Traveler (yellow)",1,0
201,Gravy Bones,2025-06-03T11:58:27,Sirens of Safe Harbor (yellow),1,0
201,Gravy Bones,2025-06-03T11:58:27,Strike Gold (yellow),1,0
201,Gravy Bones,2025-06-03T11:58:27,Swabbie (yellow),1,0
201,Gravy Bones,2025-06-03T11:58:27,Battalion Barque (blue),1,0
201,Gravy Bones,2025-06-03T11:58:27,Burly Bones (blue),1,0
201,Gravy Bones,2025-06-03T11:58:27,Golden Tipple (blue),1,0
201,Gravy Bones,2025-06-03T11:58:27,Chart the High Seas (blue),1,0
201,Gravy Bones,2025-06-03T11:58:27,Mutiny on the Nimbus Sovereign (blue),1,0
201,Gravy Bones,2025-06-03T11:58:27,Nimby (blue),1,0
201,Gravy Bones,2025-06-03T11:58:27,On the Horizon (blue),1,0
201,Gravy Bones,2025-06-03T11:58:27,Restless Bones (blue),1,0
201,Gravy Bones,2025-06-03T11:58:27,Saltwater Swell (blue),1,0
201,Gravy Bones,2025-06-03T11:58:27,Sirens of Safe Harbor (blue),1,0
201,Gravy Bones,2025-06-03T11:58:27,Strike Gold (blue),1,0
201,Gravy Bones,2025-06-03T11:58:27,Yo Ho Ho! (blue),1,0
201,Gravy Bones,2025-06-03T11:58:27,Blue Sea Tricorn,1,1
201,Gravy Bones,2025-06-03T11:58:27,Captain's Coat,1,1
201,Gravy Bones,2025-06-03T11:58:27,Washed Up Wave,1,1
202,Marlynn,2025-06-03T12:19:19,Call in the Big Guns (red),1,0
202,Marlynn,2025-06-03T12:19:19,Crash Down the Gates (red),1,0
202,Marlynn,2025-06-03T12:19:19,Dry Powder Shot (red),1,0
202,Marlynn,2025-06-03T12:19:19,Entangling Shot (red),3,0
202,Marlynn,2025-06-03T12:19:19,Golden Tipple (red),1,0
202,Marlynn,2025-06-03T12:19:19,Head Shot (red),2,0
202,Marlynn,2025-06-03T12:19:19,Chart a Course (red),1,0
202,Marlynn,2025-06-03T12:19:19,King Kraken Harpoon (red),1,0
202,Marlynn,2025-06-03T12:19:19,On the Horizon (red),2,0
202,Marlynn,2025-06-03T12:19:19,Salvage Shot (red),1,0
202,Marlynn,2025-06-03T12:19:19,Scouting Shot (red),1,0
202,Marlynn,2025-06-03T12:19:19,Sic 'Em Shot (red),2,0
202,Marlynn,2025-06-03T12:19:19,Swift Shot (red),1,0
202,Marlynn,2025-06-03T12:19:19,Big Game Trophy Shot (yellow),1,0
202,Marlynn,2025-06-03T12:19:19,Call in the Big Guns (yellow),1,0
202,Marlynn,2025-06-03T12:19:19,Chart a Course (yellow),1,0
202,Marlynn,2025-06-03T12:19:19,Sic 'Em Shot (yellow),2,0
202,Marlynn,2025-06-03T12:19:19,Call in the Big Guns (blue),1,0
202,Marlynn,2025-06-03T12:19:19,Head Shot (blue),1,0
202,Marlynn,2025-06-03T12:19:19,Line (blue),1,0
202,Marlynn,2025-06-03T12:19:19,Murderous Rabble (blue),1,0
202,Marlynn,2025-06-03T12:19:19,Mutiny on the Battalion Barque (blue),1,0
202,Marlynn,2025-06-03T12:19:19,Rusty Harpoon (blue),1,0
202,Marlynn,2025-06-03T12:19:19,Scrub the Deck (blue),1,0
202,Marlynn,2025-06-03T12:19:19,Sic 'Em Shot (blue),1,0
202,Marlynn,2025-06-03T12:19:19,Buccaneer's Bounty,1,1
202,Marlynn,2025-06-03T12:19:19,Fish Fingers,1,1
202,Marlynn,2025-06-03T12:19:19,Patch the Hole,1,1
202,Marlynn,2025-06-03T12:19:19,Quick Clicks,1,1
203,"Scurv, Stowaway",2025-06-03T12:27:14,Battalion Barque (red),1,0
203,"Scurv, Stowaway",2025-06-03T12:27:14,Blow for a Blow (red),1,0
203,"Scurv, Stowaway",2025-06-03T12:27:14,Expedition to Dreadfall Reach (red),1,0
203,"Scurv, Stowaway",2025-06-03T12:27:14,Fiddler's Green (red),1,0
203,"Scurv, Stowaway",2025-06-03T12:27:14,Golden Tipple (red),1,0
203,"Scurv, Stowaway",2025-06-03T12:27:14,Chart a Course (red),1,0
203,"Scurv, Stowaway",2025-06-03T12:27:14,Rally the Coast Guard (red),1,0
203,"Scurv, Stowaway",2025-06-03T12:27:14,Saltwater Swell (red),1,0
203,"Scurv, Stowaway",2025-06-03T12:27:14,Scar for a Scar (red),1,0
203,"Scurv, Stowaway",2025-06-03T12:27:14,Sirens of Safe Harbor (red),1,0
203,"Scurv, Stowaway",2025-06-03T12:27:14,Swindler's Grift (red),2,0
203,"Scurv, Stowaway",2025-06-03T12:27:14,Battalion Barque (yellow),1,0
203,"Scurv, Stowaway",2025-06-03T12:27:14,Flying High (yellow),1,0
203,"Scurv, Stowaway",2025-06-03T12:27:14,Gold Hunter Ketch (yellow),1,0
203,"Scurv, Stowaway",2025-06-03T12:27:14,Gold Hunter Lightsail (yellow),2,0
203,"Scurv, Stowaway",2025-06-03T12:27:14,Gold Hunter Longboat (yellow),1,0
203,"Scurv, Stowaway",2025-06-03T12:27:14,Golden Tipple (yellow),1,0
203,"Scurv, Stowaway",2025-06-03T12:27:14,Chart a Course (yellow),1,0
203,"Scurv, Stowaway",2025-06-03T12:27:14,Lost in Transit (yellow),1,0
203,"Scurv, Stowaway",2025-06-03T12:27:14,Not So Fast (yellow),1,0
203,"Scurv, Stowaway",2025-06-03T12:27:14,Sirens of Safe Harbor (yellow),1,0
203,"Scurv, Stowaway",2025-06-03T12:27:14,Swiftwater Sloop (yellow),1,0
203,"Scurv, Stowaway",2025-06-03T12:27:14,Walk the Plank (yellow),1,0
203,"Scurv, Stowaway",2025-06-03T12:27:14,Fiddler's Green (blue),1,0
203,"Scurv, Stowaway",2025-06-03T12:27:14,Golden Tipple (blue),1,0
203,"Scurv, Stowaway",2025-06-03T12:27:14,Murderous Rabble (blue),1,0
203,"Scurv, Stowaway",2025-06-03T12:27:14,On the Horizon (blue),2,0
203,"Scurv, Stowaway",2025-06-03T12:27:14,Saltwater Swell (blue),1,0
203,"Scurv, Stowaway",2025-06-03T12:27:14,Scrub the Deck (blue),1,0
203,"Scurv, Stowaway",2025-06-03T12:27:14,Shifting Tides (blue),1,0
203,"Scurv, Stowaway",2025-06-03T12:27:14,Sirens of Safe Harbor (blue),1,0
203,"Scurv, Stowaway",2025-06-03T12:27:14,Strike Gold (blue),1,0
203,"Scurv, Stowaway",2025-06-03T12:27:14,Swindler's Grift (blue),1,0
203,"Scurv, Stowaway",2025-06-03T12:27:14,Blue Sea Tricorn,1,1
203,"Scurv, Stowaway",2025-06-03T12:27:14,Fish Fingers,1,1
204,Marlynn,2025-06-03T14:22:20,Entangling Shot (red),1,0
204,Marlynn,2025-06-03T14:22:20,Golden Tipple (red),1,0
204,Marlynn,2025-06-03T14:22:20,Chart a Course (red),2,0
204,Marlynn,2025-06-03T14:22:20,Jack Be Quick (red),1,0
204,Marlynn,2025-06-03T14:22:20,Nettling Shot (red),2,0
204,Marlynn,2025-06-03T14:22:20,Nimblism (red),1,0
204,Marlynn,2025-06-03T14:22:20,Ravenous Rabble (red),2,0
204,Marlynn,2025-06-03T14:22:20,Scar for a Scar (red),1,0
204,Marlynn,2025-06-03T14:22:20,Sic 'Em Shot (red),1,0
204,Marlynn,2025-06-03T14:22:20,Swift Shot (red),4,0
204,Marlynn,2025-06-03T14:22:20,Thiev'n Varmints (red),3,0
204,Marlynn,2025-06-03T14:22:20,Trade In (red),1,0
204,Marlynn,2025-06-03T14:22:20,Call in the Big Guns (yellow),1,0
204,Marlynn,2025-06-03T14:22:20,Golden Tipple (yellow),1,0
204,Marlynn,2025-06-03T14:22:20,Head Shot (yellow),2,0
204,Marlynn,2025-06-03T14:22:20,Nimblism (yellow),2,0
204,Marlynn,2025-06-03T14:22:20,On the Horizon (yellow),2,0
204,Marlynn,2025-06-03T14:22:20,Mutiny on the Battalion Barque (blue),1,0
204,Marlynn,2025-06-03T14:22:20,Nimblism (blue),1,0
204,Marlynn,2025-06-03T14:22:20,On the Horizon (blue),1,0
204,Marlynn,2025-06-03T14:22:20,Rusty Harpoon (blue),2,0
204,Marlynn,2025-06-03T14:22:20,Sic 'Em Shot (blue),2,0
204,Marlynn,2025-06-03T14:22:20,Patch the Hole,1,1
204,Marlynn,2025-06-03T14:22:20,Quick Clicks,1,1
204,Marlynn,2025-06-03T14:22:20,Swiftstrike Bracers,1,1
205,Gravy Bones,2025-06-03T14:40:49,Angry Bones (red),2,0
205,Gravy Bones,2025-06-03T14:40:49,Blow for a Blow (red),1,0
205,Gravy Bones,2025-06-03T14:40:49,Board the Ship (red),1,0
205,Gravy Bones,2025-06-03T14:40:49,Burly Bones (red),1,0
205,Gravy Bones,2025-06-03T14:40:49,Expedition to Blackwater Strait (red),1,0
205,Gravy Bones,2025-06-03T14:40:49,Expedition to Horizon's Mantle (red),1,0
205,Gravy Bones,2025-06-03T14:40:49,Hoist 'Em Up (red),1,0
205,Gravy Bones,2025-06-03T14:40:49,Jittery Bones (red),1,0
205,Gravy Bones,2025-06-03T14:40:49,Money or Your Life? (red),2,0
205,Gravy Bones,2025-06-03T14:40:49,Rally the Coast Guard (red),1,0
205,Gravy Bones,2025-06-03T14:40:49,Sirens of Safe Harbor (red),1,0
205,Gravy Bones,2025-06-03T14:40:49,Swiftwater Sloop (red),2,0
205,Gravy Bones,2025-06-03T14:40:49,Walk the Plank (red),1,0
205,Gravy Bones,2025-06-03T14:40:49,Barnacle (yellow),1,0
205,Gravy Bones,2025-06-03T14:40:49,Crash Down the Gates (yellow),1,0
205,Gravy Bones,2025-06-03T14:40:49,Fiddler's Green (yellow),1,0
205,Gravy Bones,2025-06-03T14:40:49,Flying High (yellow),1,0
205,Gravy Bones,2025-06-03T14:40:49,"Chowder, Hearty Cook (yellow)",1,0
205,Gravy Bones,2025-06-03T14:40:49,Jittery Bones (yellow),1,0
205,Gravy Bones,2025-06-03T14:40:49,"Kelpie, Tangled Mess (yellow)",1,0
205,Gravy Bones,2025-06-03T14:40:49,Pilfer the Wreck (yellow),1,0
205,Gravy Bones,2025-06-03T14:40:49,Riggermortis (yellow),1,0
205,Gravy Bones,2025-06-03T14:40:49,"Shelly, Hardened Traveler (yellow)",1,0
205,Gravy Bones,2025-06-03T14:40:49,Swabbie (yellow),1,0
205,Gravy Bones,2025-06-03T14:40:49,Burly Bones (blue),1,0
205,Gravy Bones,2025-06-03T14:40:49,Flying High (blue),1,0
205,Gravy Bones,2025-06-03T14:40:49,Golden Tipple (blue),1,0
205,Gravy Bones,2025-06-03T14:40:49,Heave Ho! (blue),1,0
205,Gravy Bones,2025-06-03T14:40:49,Mutiny on the Nimbus Sovereign (blue),2,0
205,Gravy Bones,2025-06-03T14:40:49,On the Horizon (blue),1,0
205,Gravy Bones,2025-06-03T14:40:49,Rally the Coast Guard (blue),1,0
205,Gravy Bones,2025-06-03T14:40:49,Sirens of Safe Harbor (blue),1,0
205,Gravy Bones,2025-06-03T14:40:49,Throw Caution to the Wind (blue),1,0
205,Gravy Bones,2025-06-03T14:40:49,Walk the Plank (blue),1,0
205,Gravy Bones,2025-06-03T14:40:49,Old Knocker,1,1
205,Gravy Bones,2025-06-03T14:40:49,Peg Leg,1,1
205,Gravy Bones,2025-06-03T14:40:49,Washed Up Wave,1,1
206,Puffin,2025-06-03T17:40:19,Cloud City Steamboat (red),1,0
206,Puffin,2025-06-03T17:40:19,Crash Down the Gates (red),1,0
206,Puffin,2025-06-03T17:40:19,Expedition to Blackwater Strait (red),1,0
206,Puffin,2025-06-03T17:40:19,Jack Be Nimble (red),1,0
206,Puffin,2025-06-03T17:40:19,Life for a Life (red),1,0
206,Puffin,2025-06-03T17:40:19,Money or Your Life? (red),1,0
206,Puffin,2025-06-03T17:40:19,Nimby (red),1,0
206,Puffin,2025-06-03T17:40:19,On the Horizon (red),1,0
206,Puffin,2025-06-03T17:40:19,Perk Up (red),2,0
206,Puffin,2025-06-03T17:40:19,Saltwater Swell (red),1,0
206,Puffin,2025-06-03T17:40:19,Sirens of Safe Harbor (red),1,0
206,Puffin,2025-06-03T17:40:19,Strike Gold (red),1,0
206,Puffin,2025-06-03T17:40:19,Teeth of the Cog (red),1,0
206,Puffin,2025-06-03T17:40:19,Thiev'n Varmints (red),1,0
206,Puffin,2025-06-03T17:40:19,Tough Old Wrench (red),1,0
206,Puffin,2025-06-03T17:40:19,Battalion Barque (yellow),1,0
206,Puffin,2025-06-03T17:40:19,Gold Hunter Ketch (yellow),1,0
206,Puffin,2025-06-03T17:40:19,Gold Hunter Longboat (yellow),1,0
206,Puffin,2025-06-03T17:40:19,Golden Tipple (yellow),1,0
206,Puffin,2025-06-03T17:40:19,Chart a Course (yellow),1,0
206,Puffin,2025-06-03T17:40:19,Money or Your Life? (yellow),1,0
206,Puffin,2025-06-03T17:40:19,On the Horizon (yellow),1,0
206,Puffin,2025-06-03T17:40:19,Sirens of Safe Harbor (yellow),2,0
206,Puffin,2025-06-03T17:40:19,Sky Skimmer (yellow),1,0
206,Puffin,2025-06-03T17:40:19,Divvy Up (blue),1,0
206,Puffin,2025-06-03T17:40:19,Chart a Course (blue),1,0
206,Puffin,2025-06-03T17:40:19,Murderous Rabble (blue),1,0
206,Puffin,2025-06-03T17:40:19,Mutiny on the Battalion Barque (blue),1,0
206,Puffin,2025-06-03T17:40:19,Nimblism (blue),1,0
206,Puffin,2025-06-03T17:40:19,Sky Skimmer (blue),1,0
206,Puffin,2025-06-03T17:40:19,Trade In (blue),1,0
206,Puffin,2025-06-03T17:40:19,Walk the Plank (blue),1,0
206,Puffin,2025-06-03T17:40:19,Fish Fingers,1,1
206,Puffin,2025-06-03T17:40:19,Helmsman's Peak,1,1
206,Puffin,2025-06-03T17:40:19,Peg Leg,1,1
206,Puffin,2025-06-03T17:40:19,Rust Belt,1,1
207,Marlynn,2025-06-03T19:04:18,Blow for a Blow (red),2,0
207,Marlynn,2025-06-03T19:04:18,Conqueror of the High Seas (red),1,0
207,Marlynn,2025-06-03T19:04:18,Crash Down the Gates (red),1,0
207,Marlynn,2025-06-03T19:04:18,Dry Powder Shot (red),1,0
207,Marlynn,2025-06-03T19:04:18,Entangling Shot (red),2,0
207,Marlynn,2025-06-03T19:04:18,Expedition to Blackwater Strait (red),1,0
207,Marlynn,2025-06-03T19:04:18,Golden Tipple (red),1,0
207,Marlynn,2025-06-03T19:04:18,Head Shot (red),1,0
207,Marlynn,2025-06-03T19:04:18,Chart a Course (red),1,0
207,Marlynn,2025-06-03T19:04:18,Nettling Shot (red),1,0
207,Marlynn,2025-06-03T19:04:18,On the Horizon (red),1,0
207,Marlynn,2025-06-03T19:04:18,Rally the Coast Guard (red),1,0
207,Marlynn,2025-06-03T19:04:18,Ravenous Rabble (red),1,0
207,Marlynn,2025-06-03T19:04:18,Return Fire (red),1,0
207,Marlynn,2025-06-03T19:04:18,Salvage Shot (red),1,0
207,Marlynn,2025-06-03T19:04:18,Scar for a Scar (red),1,0
207,Marlynn,2025-06-03T19:04:18,Sic 'Em Shot (red),2,0
207,Marlynn,2025-06-03T19:04:18,Sirens of Safe Harbor (red),1,0
207,Marlynn,2025-06-03T19:04:18,Call in the Big Guns (yellow),1,0
207,Marlynn,2025-06-03T19:04:18,Gold Hunter Ketch (yellow),1,0
207,Marlynn,2025-06-03T19:04:18,Lost in Transit (yellow),1,0
207,Marlynn,2025-06-03T19:04:18,Pilfer the Wreck (yellow),1,0
207,Marlynn,2025-06-03T19:04:18,Saltwater Swell (yellow),1,0
207,Marlynn,2025-06-03T19:04:18,Walk the Plank (yellow),1,0
207,Marlynn,2025-06-03T19:04:18,Blue Fin Harpoon (blue),1,0
207,Marlynn,2025-06-03T19:04:18,Call in the Big Guns (blue),1,0
207,Marlynn,2025-06-03T19:04:18,Divvy Up (blue),1,0
207,Marlynn,2025-06-03T19:04:18,Rally the Coast Guard (blue),1,0
207,Marlynn,2025-06-03T19:04:18,Rusty Harpoon (blue),1,0
207,Marlynn,2025-06-03T19:04:18,Salvage Shot (blue),2,0
207,Marlynn,2025-06-03T19:04:18,Sic 'Em Shot (blue),3,0
207,Marlynn,2025-06-03T19:04:18,Sunken Treasure (blue),1,0
207,Marlynn,2025-06-03T19:04:18,Swindler's Grift (blue),1,0
207,Marlynn,2025-06-03T19:04:18,Glidewell Fins,1,1
207,Marlynn,2025-06-03T19:04:18,Peg Leg,1,1
208,Marlynn,2025-06-03T20:28:53,Conqueror of the High Seas (red),1,0
208,Marlynn,2025-06-03T20:28:53,Dry Powder Shot (red),1,0
208,Marlynn,2025-06-03T20:28:53,Entangling Shot (red),2,0
208,Marlynn,2025-06-03T20:28:53,Expedition to Blackwater Strait (red),1,0
208,Marlynn,2025-06-03T20:28:53,Head Shot (red),1,0
208,Marlynn,2025-06-03T20:28:53,Life for a Life (red),1,0
208,Marlynn,2025-06-03T20:28:53,Nettling Shot (red),1,0
208,Marlynn,2025-06-03T20:28:53,Rally the Coast Guard (red),1,0
208,Marlynn,2025-06-03T20:28:53,Swiftwater Sloop (red),1,0
208,Marlynn,2025-06-03T20:28:53,Swindler's Grift (red),2,0
208,Marlynn,2025-06-03T20:28:53,Call in the Big Guns (yellow),2,0
208,Marlynn,2025-06-03T20:28:53,Gold Hunter Ketch (yellow),1,0
208,Marlynn,2025-06-03T20:28:53,Gold Hunter Lightsail (yellow),1,0
208,Marlynn,2025-06-03T20:28:53,Gold Hunter Longboat (yellow),1,0
208,Marlynn,2025-06-03T20:28:53,Rally the Coast Guard (yellow),2,0
208,Marlynn,2025-06-03T20:28:53,Sic 'Em Shot (yellow),1,0
208,Marlynn,2025-06-03T20:28:53,Sirens of Safe Harbor (yellow),1,0
208,Marlynn,2025-06-03T20:28:53,Trade In (yellow),1,0
208,Marlynn,2025-06-03T20:28:53,Blue Fin Harpoon (blue),1,0
208,Marlynn,2025-06-03T20:28:53,Clap 'Em in Irons (blue),1,0
208,Marlynn,2025-06-03T20:28:53,Head Shot (blue),2,0
208,Marlynn,2025-06-03T20:28:53,Chart a Course (blue),1,0
208,Marlynn,2025-06-03T20:28:53,Money or Your Life? (blue),1,0
208,Marlynn,2025-06-03T20:28:53,Rusty Harpoon (blue),2,0
208,Marlynn,2025-06-03T20:28:53,Salvage Shot (blue),1,0
208,Marlynn,2025-06-03T20:28:53,Strike Gold (blue),2,0
208,Marlynn,2025-06-03T20:28:53,Swindler's Grift (blue),1,0
208,Marlynn,2025-06-03T20:28:53,Tit for Tat (blue),1,0
208,Marlynn,2025-06-03T20:28:53,Walk the Plank (blue),1,0
208,Marlynn,2025-06-03T20:28:53,Glidewell Fins,1,1
208,Marlynn,2025-06-03T20:28:53,Old Knocker,1,1
208,Marlynn,2025-06-03T20:28:53,Patch the Hole,1,1
208,Marlynn,2025-06-03T20:28:53,Peg Leg,1,1
209,Marlynn,2025-06-03T20:36:27,Battalion Barque (red),1,0
209,Marlynn,2025-06-03T20:36:27,Call in the Big Guns (red),1,0
209,Marlynn,2025-06-03T20:36:27,Drop the Anchor (red),1,0
209,Marlynn,2025-06-03T20:36:27,Dry Powder Shot (red),2,0
209,Marlynn,2025-06-03T20:36:27,Entangling Shot (red),1,0
209,Marlynn,2025-06-03T20:36:27,Expedition to Dreadfall Reach (red),1,0
209,Marlynn,2025-06-03T20:36:27,Head Shot (red),2,0
209,Marlynn,2025-06-03T20:36:27,Chart a Course (red),1,0
209,Marlynn,2025-06-03T20:36:27,Jack Be Quick (red),1,0
209,Marlynn,2025-06-03T20:36:27,Monkey Powder (red),1,0
209,Marlynn,2025-06-03T20:36:27,Nettling Shot (red),1,0
209,Marlynn,2025-06-03T20:36:27,Salvage Shot (red),2,0
209,Marlynn,2025-06-03T20:36:27,Scouting Shot (red),1,0
209,Marlynn,2025-06-03T20:36:27,Sic 'Em Shot (red),2,0
209,Marlynn,2025-06-03T20:36:27,Call in the Big Guns (yellow),1,0
209,Marlynn,2025-06-03T20:36:27,Gold Hunter Marauder (yellow),1,0
209,Marlynn,2025-06-03T20:36:27,Golden Tipple (yellow),1,0
209,Marlynn,2025-06-03T20:36:27,Head Shot (yellow),1,0
209,Marlynn,2025-06-03T20:36:27,HMS Marlin (yellow),1,0
209,Marlynn,2025-06-03T20:36:27,Nimblism (yellow),1,0
209,Marlynn,2025-06-03T20:36:27,Trade In (yellow),1,0
209,Marlynn,2025-06-03T20:36:27,Battalion Barque (blue),1,0
209,Marlynn,2025-06-03T20:36:27,Blue Fin Harpoon (blue),1,0
209,Marlynn,2025-06-03T20:36:27,Call in the Big Guns (blue),1,0
209,Marlynn,2025-06-03T20:36:27,Crash Down the Gates (blue),1,0
209,Marlynn,2025-06-03T20:36:27,Fiddler's Green (blue),1,0
209,Marlynn,2025-06-03T20:36:27,Head Shot (blue),1,0
209,Marlynn,2025-06-03T20:36:27,Nimblism (blue),1,0
209,Marlynn,2025-06-03T20:36:27,Rally the Coast Guard (blue),1,0
209,Marlynn,2025-06-03T20:36:27,Red Fin Harpoon (blue),1,0
209,Marlynn,2025-06-03T20:36:27,Rusty Harpoon (blue),1,0
209,Marlynn,2025-06-03T20:36:27,Sic 'Em Shot (blue),1,0
209,Marlynn,2025-06-03T20:36:27,Strike Gold (blue),1,0
209,Marlynn,2025-06-03T20:36:27,Trade In (blue),1,0
209,Marlynn,2025-06-03T20:36:27,Yellow Fin Harpoon (blue),1,0
209,Marlynn,2025-06-03T20:36:27,Captain's Coat,1,1
209,Marlynn,2025-06-03T20:36:27,Glidewell Fins,1,1
209,Marlynn,2025-06-03T20:36:27,Quick Clicks,1,1
210,Puffin,2025-06-03T22:19:38,Cloud Skiff (red),1,0
210,Puffin,2025-06-03T22:19:38,Cog in the Machine (red),1,0
210,Puffin,2025-06-03T22:19:38,Chart a Course (red),1,0
210,Puffin,2025-06-03T22:19:38,Jack Be Quick (red),1,0
210,Puffin,2025-06-03T22:19:38,Nimblism (red),2,0
210,Puffin,2025-06-03T22:19:38,Nimby (red),1,0
210,Puffin,2025-06-03T22:19:38,On the Horizon (red),2,0
210,Puffin,2025-06-03T22:19:38,Perk Up (red),2,0
210,Puffin,2025-06-03T22:19:38,Scar for a Scar (red),1,0
210,Puffin,2025-06-03T22:19:38,Teeth of the Cog (red),2,0
210,Puffin,2025-06-03T22:19:38,Tough Old Wrench (red),4,0
210,Puffin,2025-06-03T22:19:38,Cloud Skiff (yellow),1,0
210,Puffin,2025-06-03T22:19:38,Cogwerx Zeppelin (yellow),1,0
210,Puffin,2025-06-03T22:19:38,Swiftwater Sloop (yellow),1,0
210,Puffin,2025-06-03T22:19:38,Teeth of the Cog (yellow),2,0
210,Puffin,2025-06-03T22:19:38,Golden Tipple (blue),1,0
210,Puffin,2025-06-03T22:19:38,Mutiny on the Swiftwater (blue),1,0
210,Puffin,2025-06-03T22:19:38,Nimblism (blue),1,0
210,Puffin,2025-06-03T22:19:38,Nimby (blue),1,0
210,Puffin,2025-06-03T22:19:38,Sky Skimmer (blue),1,0
210,Puffin,2025-06-03T22:19:38,Swiftwater Sloop (blue),1,0
210,Puffin,2025-06-03T22:19:38,Swindler's Grift (blue),1,0
210,Puffin,2025-06-03T22:19:38,Teeth of the Cog (blue),1,0
210,Puffin,2025-06-03T22:19:38,Tough Old Wrench (blue),1,0
210,Puffin,2025-06-03T22:19:38,Helmsman's Peak,1,1
210,Puffin,2025-06-03T22:19:38,Rust Belt,1,1
210,Puffin,2025-06-03T22:19:38,Swiftstrike Bracers,1,1
210,Puffin,2025-06-03T22:19:38,Unicycle,1,1
211,Gravy Bones,2025-06-04T01:30:55,Board the Ship (red),1,0
211,Gravy Bones,2025-06-04T01:30:55,Burly Bones (red),1,0
211,Gravy Bones,2025-06-04T01:30:55,Crash Down the Gates (red),1,0
211,Gravy Bones,2025-06-04T01:30:55,Jittery Bones (red),1,0
211,Gravy Bones,2025-06-04T01:30:55,Life for a Life (red),1,0
211,Gravy Bones,2025-06-04T01:30:55,Rally the Coast Guard (red),2,0
211,Gravy Bones,2025-06-04T01:30:55,Restless Bones (red),1,0
211,Gravy Bones,2025-06-04T01:30:55,Swiftwater Sloop (red),1,0
211,Gravy Bones,2025-06-04T01:30:55,Thiev'n Varmints (red),1,0
211,Gravy Bones,2025-06-04T01:30:55,Walk the Plank (red),1,0
211,Gravy Bones,2025-06-04T01:30:55,Barnacle (yellow),1,0
211,Gravy Bones,2025-06-04T01:30:55,Burly Bones (yellow),1,0
211,Gravy Bones,2025-06-04T01:30:55,"Cutty Shark, Quick Clip (yellow)",2,0
211,Gravy Bones,2025-06-04T01:30:55,Fiddler's Green (yellow),1,0
211,Gravy Bones,2025-06-04T01:30:55,Chart a Course (yellow),1,0
211,Gravy Bones,2025-06-04T01:30:55,"Chowder, Hearty Cook (yellow)",1,0
211,Gravy Bones,2025-06-04T01:30:55,"Chum, Friendly First Mate (yellow)",1,0
211,Gravy Bones,2025-06-04T01:30:55,"Kelpie, Tangled Mess (yellow)",1,0
211,Gravy Bones,2025-06-04T01:30:55,Not So Fast (yellow),1,0
211,Gravy Bones,2025-06-04T01:30:55,Rally the Coast Guard (yellow),1,0
211,Gravy Bones,2025-06-04T01:30:55,Restless Bones (yellow),1,0
211,Gravy Bones,2025-06-04T01:30:55,Swabbie (yellow),1,0
211,Gravy Bones,2025-06-04T01:30:55,Angry Bones (blue),1,0
211,Gravy Bones,2025-06-04T01:30:55,Jittery Bones (blue),1,0
211,Gravy Bones,2025-06-04T01:30:55,Mutiny on the Battalion Barque (blue),1,0
211,Gravy Bones,2025-06-04T01:30:55,Mutiny on the Nimbus Sovereign (blue),1,0
211,Gravy Bones,2025-06-04T01:30:55,Pearl Amulet (blue),1,0
211,Gravy Bones,2025-06-04T01:30:55,Rally the Coast Guard (blue),1,0
211,Gravy Bones,2025-06-04T01:30:55,Restless Bones (blue),1,0
211,Gravy Bones,2025-06-04T01:30:55,Swindler's Grift (blue),2,0
211,Gravy Bones,2025-06-04T01:30:55,Tit for Tat (blue),1,0
211,Gravy Bones,2025-06-04T01:30:55,Yo Ho Ho! (blue),1,0
211,Gravy Bones,2025-06-04T01:30:55,Head Stone,1,1
211,Gravy Bones,2025-06-04T01:30:55,Light Fingers,1,1
211,Gravy Bones,2025-06-04T01:30:55,Quartermaster's Boots,1,1
211,Gravy Bones,2025-06-04T01:30:55,Washed Up Wave,1,1
212,Marlynn,2025-06-04T02:52:06,Dry Powder Shot (red),1,0
212,Marlynn,2025-06-04T02:52:06,Expedition to Azuro Keys (red),2,0
212,Marlynn,2025-06-04T02:52:06,Expedition to Blackwater Strait (red),1,0
212,Marlynn,2025-06-04T02:52:06,Expedition to Horizon's Mantle (red),1,0
212,Marlynn,2025-06-04T02:52:06,Life for a Life (red),1,0
212,Marlynn,2025-06-04T02:52:06,Money or Your Life? (red),1,0
212,Marlynn,2025-06-04T02:52:06,On the Horizon (red),1,0
212,Marlynn,2025-06-04T02:52:06,Ravenous Rabble (red),1,0
212,Marlynn,2025-06-04T02:52:06,Return Fire (red),1,0
212,Marlynn,2025-06-04T02:52:06,Scouting Shot (red),2,0
212,Marlynn,2025-06-04T02:52:06,Swift Shot (red),2,0
212,Marlynn,2025-06-04T02:52:06,Swiftwater Sloop (red),1,0
212,Marlynn,2025-06-04T02:52:06,Walk the Plank (red),1,0
212,Marlynn,2025-06-04T02:52:06,Gold Hunter Ketch (yellow),1,0
212,Marlynn,2025-06-04T02:52:06,Gold Hunter Longboat (yellow),2,0
212,Marlynn,2025-06-04T02:52:06,HMS Barracuda (yellow),1,0
212,Marlynn,2025-06-04T02:52:06,Nimby (yellow),1,0
212,Marlynn,2025-06-04T02:52:06,On the Horizon (yellow),1,0
212,Marlynn,2025-06-04T02:52:06,Rally the Coast Guard (yellow),1,0
212,Marlynn,2025-06-04T02:52:06,Sic 'Em Shot (yellow),1,0
212,Marlynn,2025-06-04T02:52:06,Battalion Barque (blue),1,0
212,Marlynn,2025-06-04T02:52:06,Call in the Big Guns (blue),1,0
212,Marlynn,2025-06-04T02:52:06,Golden Tipple (blue),1,0
212,Marlynn,2025-06-04T02:52:06,Head Shot (blue),3,0
212,Marlynn,2025-06-04T02:52:06,Mutiny on the Nimbus Sovereign (blue),1,0
212,Marlynn,2025-06-04T02:52:06,On the Horizon (blue),1,0
212,Marlynn,2025-06-04T02:52:06,Rusty Harpoon (blue),1,0
212,Marlynn,2025-06-04T02:52:06,Salvage Shot (blue),1,0
212,Marlynn,2025-06-04T02:52:06,Strike Gold (blue),1,0
212,Marlynn,2025-06-04T02:52:06,Bandana of the Blue Beyond,1,1
212,Marlynn,2025-06-04T02:52:06,Glidewell Fins,1,1
212,Marlynn,2025-06-04T02:52:06,Old Knocker,1,1
212,Marlynn,2025-06-04T02:52:06,Patch the Hole,1,1
212,Marlynn,2025-06-04T02:52:06,Peg Leg,1,1
213,Marlynn,2025-06-04T02:56:10,Barbed Barrage (red),1,0
213,Marlynn,2025-06-04T02:56:10,Battalion Barque (red),1,0
213,Marlynn,2025-06-04T02:56:10,Call in the Big Guns (red),4,0
213,Marlynn,2025-06-04T02:56:10,Crash Down the Gates (red),1,0
213,Marlynn,2025-06-04T02:56:10,Nettling Shot (red),1,0
213,Marlynn,2025-06-04T02:56:10,Rally the Coast Guard (red),1,0
213,Marlynn,2025-06-04T02:56:10,Return Fire (red),1,0
213,Marlynn,2025-06-04T02:56:10,Salvage Shot (red),2,0
213,Marlynn,2025-06-04T02:56:10,Sic 'Em Shot (red),3,0
213,Marlynn,2025-06-04T02:56:10,Strike Gold (red),1,0
213,Marlynn,2025-06-04T02:56:10,Swift Shot (red),1,0
213,Marlynn,2025-06-04T02:56:10,Trade In (red),1,0
213,Marlynn,2025-06-04T02:56:10,Call in the Big Guns (yellow),3,0
213,Marlynn,2025-06-04T02:56:10,Call in the Big Guns (blue),1,0
213,Marlynn,2025-06-04T02:56:10,Mutiny on the Battalion Barque (blue),1,0
213,Marlynn,2025-06-04T02:56:10,On the Horizon (blue),2,0
213,Marlynn,2025-06-04T02:56:10,Rally the Coast Guard (blue),1,0
213,Marlynn,2025-06-04T02:56:10,Rusty Harpoon (blue),1,0
213,Marlynn,2025-06-04T02:56:10,Saltwater Swell (blue),1,0
213,Marlynn,2025-06-04T02:56:10,Salvage Shot (blue),1,0
213,Marlynn,2025-06-04T02:56:10,Sic 'Em Shot (blue),1,0
213,Marlynn,2025-06-04T02:56:10,Strike Gold (blue),1,0
213,Marlynn,2025-06-04T02:56:10,Swindler's Grift (blue),1,0
213,Marlynn,2025-06-04T02:56:10,Glidewell Fins,1,1
213,Marlynn,2025-06-04T02:56:10,Quartermaster's Boots,1,1
214,Puffin,2025-06-04T05:01:09,Draw Back the Hammer (red),2,0
214,Puffin,2025-06-04T05:01:09,Expedition to Blackwater Strait (red),2,0
214,Puffin,2025-06-04T05:01:09,Flying High (red),1,0
214,Puffin,2025-06-04T05:01:09,Goldwing Turbine (red),1,0
214,Puffin,2025-06-04T05:01:09,Jack Be Nimble (red),1,0
214,Puffin,2025-06-04T05:01:09,Rally the Coast Guard (red),1,0
214,Puffin,2025-06-04T05:01:09,Sky Skimmer (red),1,0
214,Puffin,2025-06-04T05:01:09,Teeth of the Cog (red),1,0
214,Puffin,2025-06-04T05:01:09,Thiev'n Varmints (red),1,0
214,Puffin,2025-06-04T05:01:09,Tough Old Wrench (red),2,0
214,Puffin,2025-06-04T05:01:09,Cloud City Steamboat (yellow),1,0
214,Puffin,2025-06-04T05:01:09,Cloud Skiff (yellow),1,0
214,Puffin,2025-06-04T05:01:09,Cogwerx Zeppelin (yellow),1,0
214,Puffin,2025-06-04T05:01:09,HMS Barracuda (yellow),1,0
214,Puffin,2025-06-04T05:01:09,Chart a Course (yellow),1,0
214,Puffin,2025-06-04T05:01:09,Nimblism (yellow),2,0
214,Puffin,2025-06-04T05:01:09,Sirens of Safe Harbor (yellow),1,0
214,Puffin,2025-06-04T05:01:09,Sky Skimmer (yellow),1,0
214,Puffin,2025-06-04T05:01:09,Swiftwater Sloop (yellow),1,0
214,Puffin,2025-06-04T05:01:09,Swindler's Grift (yellow),1,0
214,Puffin,2025-06-04T05:01:09,Cloud Skiff (blue),1,0
214,Puffin,2025-06-04T05:01:09,Copper Cog (blue),1,0
214,Puffin,2025-06-04T05:01:09,Golden Tipple (blue),1,0
214,Puffin,2025-06-04T05:01:09,Goldwing Turbine (blue),2,0
214,Puffin,2025-06-04T05:01:09,Lubricate (blue),1,0
214,Puffin,2025-06-04T05:01:09,Mutiny on the Swiftwater (blue),1,0
214,Puffin,2025-06-04T05:01:09,Rally the Coast Guard (blue),2,0
214,Puffin,2025-06-04T05:01:09,Swiftwater Sloop (blue),1,0
214,Puffin,2025-06-04T05:01:09,Swindler's Grift (blue),1,0
214,Puffin,2025-06-04T05:01:09,Teeth of the Cog (blue),1,0
214,Puffin,2025-06-04T05:01:09,Buccaneer's Bounty,1,1
214,Puffin,2025-06-04T05:01:09,Light Fingers,1,1
214,Puffin,2025-06-04T05:01:09,Peg Leg,1,1
214,Puffin,2025-06-04T05:01:09,Swiftstrike Bracers,1,1
215,Marlynn,2025-06-04T05:27:44,Barbed Barrage (red),1,0
215,Marlynn,2025-06-04T05:27:44,Dry Powder Shot (red),1,0
215,Marlynn,2025-06-04T05:27:44,Entangling Shot (red),2,0
215,Marlynn,2025-06-04T05:27:44,Expedition to Azuro Keys (red),2,0
215,Marlynn,2025-06-04T05:27:44,Head Shot (red),1,0
215,Marlynn,2025-06-04T05:27:44,Chart a Course (red),1,0
215,Marlynn,2025-06-04T05:27:44,Jack Be Quick (red),1,0
215,Marlynn,2025-06-04T05:27:44,Life for a Life (red),1,0
215,Marlynn,2025-06-04T05:27:44,Nettling Shot (red),2,0
215,Marlynn,2025-06-04T05:27:44,Nimblism (red),2,0
215,Marlynn,2025-06-04T05:27:44,On the Horizon (red),1,0
215,Marlynn,2025-06-04T05:27:44,Scar for a Scar (red),1,0
215,Marlynn,2025-06-04T05:27:44,Sic 'Em Shot (red),1,0
215,Marlynn,2025-06-04T05:27:44,Swift Shot (red),4,0
215,Marlynn,2025-06-04T05:27:44,Trade In (red),1,0
215,Marlynn,2025-06-04T05:27:44,Head Shot (yellow),1,0
215,Marlynn,2025-06-04T05:27:44,Chart a Course (yellow),2,0
215,Marlynn,2025-06-04T05:27:44,On the Horizon (yellow),3,0
215,Marlynn,2025-06-04T05:27:44,Rally the Coast Guard (yellow),1,0
215,Marlynn,2025-06-04T05:27:44,Sic 'Em Shot (yellow),1,0
215,Marlynn,2025-06-04T05:27:44,Trade In (yellow),1,0
215,Marlynn,2025-06-04T05:27:44,Head Shot (blue),1,0
215,Marlynn,2025-06-04T05:27:44,Salvage Shot (blue),2,0
215,Marlynn,2025-06-04T05:27:44,Trade In (blue),1,0
215,Marlynn,2025-06-04T05:27:44,Captain's Coat,1,1
215,Marlynn,2025-06-04T05:27:44,Patch the Hole,1,1
215,Marlynn,2025-06-04T05:27:44,Swiftstrike Bracers,1,1
216,Puffin,2025-06-04T06:50:57,Cloud Skiff (red),1,0
216,Puffin,2025-06-04T06:50:57,Draw Back the Hammer (red),2,0
216,Puffin,2025-06-04T06:50:57,Expedition to Azuro Keys (red),1,0
216,Puffin,2025-06-04T06:50:57,Goldwing Turbine (red),2,0
216,Puffin,2025-06-04T06:50:57,Life for a Life (red),1,0
216,Puffin,2025-06-04T06:50:57,On the Horizon (red),1,0
216,Puffin,2025-06-04T06:50:57,Perk Up (red),1,0
216,Puffin,2025-06-04T06:50:57,Pilfer the Wreck (red),1,0
216,Puffin,2025-06-04T06:50:57,Scar for a Scar (red),1,0
216,Puffin,2025-06-04T06:50:57,Sky Skimmer (red),2,0
216,Puffin,2025-06-04T06:50:57,Tighten the Screws (red),3,0
216,Puffin,2025-06-04T06:50:57,Walk the Plank (red),1,0
216,Puffin,2025-06-04T06:50:57,Cloud City Steamboat (yellow),1,0
216,Puffin,2025-06-04T06:50:57,Gold Hunter Lightsail (yellow),1,0
216,Puffin,2025-06-04T06:50:57,Goldwing Turbine (yellow),1,0
216,Puffin,2025-06-04T06:50:57,Chart a Course (yellow),1,0
216,Puffin,2025-06-04T06:50:57,Battalion Barque (blue),1,0
216,Puffin,2025-06-04T06:50:57,Clap 'Em in Irons (blue),1,0
216,Puffin,2025-06-04T06:50:57,Cloud City Steamboat (blue),1,0
216,Puffin,2025-06-04T06:50:57,Cloud Skiff (blue),1,0
216,Puffin,2025-06-04T06:50:57,Copper Cog (blue),1,0
216,Puffin,2025-06-04T06:50:57,On the Horizon (blue),1,0
216,Puffin,2025-06-04T06:50:57,Rally the Coast Guard (blue),1,0
216,Puffin,2025-06-04T06:50:57,Strike Gold (blue),1,0
216,Puffin,2025-06-04T06:50:57,Swindler's Grift (blue),1,0
216,Puffin,2025-06-04T06:50:57,Teeth of the Cog (blue),2,0
216,Puffin,2025-06-04T06:50:57,Tough Old Wrench (blue),4,0
216,Puffin,2025-06-04T06:50:57,Blue Sea Tricorn,1,1
216,Puffin,2025-06-04T06:50:57,Captain's Coat,1,1
216,Puffin,2025-06-04T06:50:57,Fish Fingers,1,1
216,Puffin,2025-06-04T06:50:57,Unicycle,1,1
217,Puffin,2025-06-04T11:48:25,Cloud City Steamboat (red),1,0
217,Puffin,2025-06-04T11:48:25,Cloud Skiff (red),3,0
217,Puffin,2025-06-04T11:48:25,Draw Back the Hammer (red),2,0
217,Puffin,2025-06-04T11:48:25,Golden Tipple (red),1,0
217,Puffin,2025-06-04T11:48:25,Goldwing Turbine (red),1,0
217,Puffin,2025-06-04T11:48:25,Chart a Course (red),1,0
217,Puffin,2025-06-04T11:48:25,Jack Be Quick (red),1,0
217,Puffin,2025-06-04T11:48:25,Nimby (red),1,0
217,Puffin,2025-06-04T11:48:25,Perk Up (red),2,0
217,Puffin,2025-06-04T11:48:25,Rally the Coast Guard (red),1,0
217,Puffin,2025-06-04T11:48:25,Ravenous Rabble (red),1,0
217,Puffin,2025-06-04T11:48:25,Scar for a Scar (red),1,0
217,Puffin,2025-06-04T11:48:25,Sky Skimmer (red),2,0
217,Puffin,2025-06-04T11:48:25,Tighten the Screws (red),1,0
217,Puffin,2025-06-04T11:48:25,Cloud City Steamboat (yellow),1,0
217,Puffin,2025-06-04T11:48:25,Gold Hunter Longboat (yellow),1,0
217,Puffin,2025-06-04T11:48:25,Goldwing Turbine (yellow),2,0
217,Puffin,2025-06-04T11:48:25,Chart a Course (yellow),1,0
217,Puffin,2025-06-04T11:48:25,Nimblism (yellow),1,0
217,Puffin,2025-06-04T11:48:25,Sky Skimmer (yellow),2,0
217,Puffin,2025-06-04T11:48:25,Tough Old Wrench (yellow),1,0
217,Puffin,2025-06-04T11:48:25,Copper Cog (blue),1,0
217,Puffin,2025-06-04T11:48:25,Goldwing Turbine (blue),1,0
217,Puffin,2025-06-04T11:48:25,Nimby (blue),1,0
217,Puffin,2025-06-04T11:48:25,On the Horizon (blue),1,0
217,Puffin,2025-06-04T11:48:25,Regain Composure (blue),1,0
217,Puffin,2025-06-04T11:48:25,Sea Floor Salvage (blue),1,0
217,Puffin,2025-06-04T11:48:25,Sunken Treasure (blue),1,0
217,Puffin,2025-06-04T11:48:25,Blue Sea Tricorn,1,1
217,Puffin,2025-06-04T11:48:25,Light Fingers,1,1
217,Puffin,2025-06-04T11:48:25,Rust Belt,1,1
217,Puffin,2025-06-04T11:48:25,Unicycle,2,1
218,Puffin,2025-06-04T12:26:00,Cloud Skiff (red),2,0
218,Puffin,2025-06-04T12:26:00,Cogwerx Zeppelin (red),2,0
218,Puffin,2025-06-04T12:26:00,Draw Back the Hammer (red),1,0
218,Puffin,2025-06-04T12:26:00,Expedition to Blackwater Strait (red),1,0
218,Puffin,2025-06-04T12:26:00,Expedition to Dreadfall Reach (red),1,0
218,Puffin,2025-06-04T12:26:00,Expedition to Horizon's Mantle (red),1,0
218,Puffin,2025-06-04T12:26:00,Ravenous Rabble (red),2,0
218,Puffin,2025-06-04T12:26:00,Strike Gold (red),1,0
218,Puffin,2025-06-04T12:26:00,Thiev'n Varmints (red),1,0
218,Puffin,2025-06-04T12:26:00,Tough Old Wrench (red),2,0
218,Puffin,2025-06-04T12:26:00,Cloud Skiff (yellow),2,0
218,Puffin,2025-06-04T12:26:00,Cogwerx Zeppelin (yellow),1,0
218,Puffin,2025-06-04T12:26:00,Gold Hunter Ketch (yellow),1,0
218,Puffin,2025-06-04T12:26:00,Goldwing Turbine (yellow),2,0
218,Puffin,2025-06-04T12:26:00,Saltwater Swell (yellow),1,0
218,Puffin,2025-06-04T12:26:00,Sirens of Safe Harbor (yellow),2,0
218,Puffin,2025-06-04T12:26:00,Swindler's Grift (yellow),1,0
218,Puffin,2025-06-04T12:26:00,Cloud Skiff (blue),1,0
218,Puffin,2025-06-04T12:26:00,Copper Cog (blue),1,0
218,Puffin,2025-06-04T12:26:00,Goldwing Turbine (blue),2,0
218,Puffin,2025-06-04T12:26:00,Lubricate (blue),1,0
218,Puffin,2025-06-04T12:26:00,Pinion Sentry (blue),1,0
218,Puffin,2025-06-04T12:26:00,Sky Skimmer (blue),2,0
218,Puffin,2025-06-04T12:26:00,Teeth of the Cog (blue),1,0
218,Puffin,2025-06-04T12:26:00,Tough Old Wrench (blue),1,0
218,Puffin,2025-06-04T12:26:00,Walk the Plank (blue),1,0
218,Puffin,2025-06-04T12:26:00,Blue Sea Tricorn,1,1
218,Puffin,2025-06-04T12:26:00,Buccaneer's Bounty,1,1
218,Puffin,2025-06-04T12:26:00,Unicycle,1,1
219,Puffin,2025-06-04T14:00:42,Cloud Skiff (red),2,0
219,Puffin,2025-06-04T14:00:42,Draw Back the Hammer (red),2,0
219,Puffin,2025-06-04T14:00:42,Goldwing Turbine (red),2,0
219,Puffin,2025-06-04T14:00:42,Nimblism (red),1,0
219,Puffin,2025-06-04T14:00:42,Perk Up (red),1,0
219,Puffin,2025-06-04T14:00:42,Rally the Coast Guard (red),1,0
219,Puffin,2025-06-04T14:00:42,Sky Skimmer (red),2,0
219,Puffin,2025-06-04T14:00:42,Cloud Skiff (yellow),2,0
219,Puffin,2025-06-04T14:00:42,Goldwing Turbine (yellow),2,0
219,Puffin,2025-06-04T14:00:42,Chart a Course (yellow),1,0
219,Puffin,2025-06-04T14:00:42,Jolly Bludger (yellow),2,0
219,Puffin,2025-06-04T14:00:42,Nimblism (yellow),1,0
219,Puffin,2025-06-04T14:00:42,Nimby (yellow),1,0
219,Puffin,2025-06-04T14:00:42,Rally the Coast Guard (yellow),1,0
219,Puffin,2025-06-04T14:00:42,Saltwater Swell (yellow),1,0
219,Puffin,2025-06-04T14:00:42,Sea Legs (yellow),1,0
219,Puffin,2025-06-04T14:00:42,Sky Skimmer (yellow),3,0
219,Puffin,2025-06-04T14:00:42,Strike Gold (yellow),1,0
219,Puffin,2025-06-04T14:00:42,Cloud Skiff (blue),1,0
219,Puffin,2025-06-04T14:00:42,Mutiny on the Battalion Barque (blue),1,0
219,Puffin,2025-06-04T14:00:42,Mutiny on the Swiftwater (blue),1,0
219,Puffin,2025-06-04T14:00:42,Nimblism (blue),1,0
219,Puffin,2025-06-04T14:00:42,Rally the Coast Guard (blue),1,0
219,Puffin,2025-06-04T14:00:42,Scrub the Deck (blue),1,0
219,Puffin,2025-06-04T14:00:42,Sirens of Safe Harbor (blue),1,0
219,Puffin,2025-06-04T14:00:42,Sky Skimmer (blue),1,0
219,Puffin,2025-06-04T14:00:42,Walk the Plank (blue),1,0
219,Puffin,2025-06-04T14:00:42,Helmsman's Peak,1,1
219,Puffin,2025-06-04T14:00:42,Rust Belt,1,1
219,Puffin,2025-06-04T14:00:42,Swiftstrike Bracers,1,1
219,Puffin,2025-06-04T14:00:42,Unicycle,1,1
220,Puffin,2025-06-04T16:31:51,Battalion Barque (red),1,0
220,Puffin,2025-06-04T16:31:51,Blow for a Blow (red),1,0
220,Puffin,2025-06-04T16:31:51,Cloud Skiff (red),2,0
220,Puffin,2025-06-04T16:31:51,Draw Back the Hammer (red),1,0
220,Puffin,2025-06-04T16:31:51,Expedition to Blackwater Strait (red),1,0
220,Puffin,2025-06-04T16:31:51,Goldwing Turbine (red),1,0
220,Puffin,2025-06-04T16:31:51,Chart a Course (red),1,0
220,Puffin,2025-06-04T16:31:51,Life for a Life (red),1,0
220,Puffin,2025-06-04T16:31:51,On the Horizon (red),1,0
220,Puffin,2025-06-04T16:31:51,Sky Skimmer (red),1,0
220,Puffin,2025-06-04T16:31:51,Teeth of the Cog (red),1,0
220,Puffin,2025-06-04T16:31:51,Thiev'n Varmints (red),1,0
220,Puffin,2025-06-04T16:31:51,Tighten the Screws (red),1,0
220,Puffin,2025-06-04T16:31:51,Walk the Plank (red),1,0
220,Puffin,2025-06-04T16:31:51,Cloud Skiff (yellow),1,0
220,Puffin,2025-06-04T16:31:51,Cogwerx Zeppelin (yellow),1,0
220,Puffin,2025-06-04T16:31:51,Fiddler's Green (yellow),1,0
220,Puffin,2025-06-04T16:31:51,Gold Hunter Lightsail (yellow),2,0
220,Puffin,2025-06-04T16:31:51,HMS Barracuda (yellow),1,0
220,Puffin,2025-06-04T16:31:51,Not So Fast (yellow),1,0
220,Puffin,2025-06-04T16:31:51,Swiftwater Sloop (yellow),1,0
220,Puffin,2025-06-04T16:31:51,Tough Old Wrench (yellow),1,0
220,Puffin,2025-06-04T16:31:51,Cloud City Steamboat (blue),1,0
220,Puffin,2025-06-04T16:31:51,Cloud Skiff (blue),1,0
220,Puffin,2025-06-04T16:31:51,Copper Cog (blue),1,0
220,Puffin,2025-06-04T16:31:51,Goldwing Turbine (blue),1,0
220,Puffin,2025-06-04T16:31:51,Money or Your Life? (blue),1,0
220,Puffin,2025-06-04T16:31:51,Mutiny on the Battalion Barque (blue),1,0
220,Puffin,2025-06-04T16:31:51,On the Horizon (blue),1,0
220,Puffin,2025-06-04T16:31:51,Sea Floor Salvage (blue),1,0
220,Puffin,2025-06-04T16:31:51,Shifting Tides (blue),1,0
220,Puffin,2025-06-04T16:31:51,Sirens of Safe Harbor (blue),1,0
220,Puffin,2025-06-04T16:31:51,Sky Skimmer (blue),1,0
220,Puffin,2025-06-04T16:31:51,Strike Gold (blue),1,0
220,Puffin,2025-06-04T16:31:51,Tough Old Wrench (blue),1,0
220,Puffin,2025-06-04T16:31:51,Walk the Plank (blue),1,0
220,Puffin,2025-06-04T16:31:51,Light Fingers,1,1
220,Puffin,2025-06-04T16:31:51,Old Knocker,1,1
220,Puffin,2025-06-04T16:31:51,Peg Leg,1,1
220,Puffin,2025-06-04T16:31:51,Swiftstrike Bracers,1,1
221,Gravy Bones,2025-06-04T17:29:15,Burly Bones (red),1,0
221,Gravy Bones,2025-06-04T17:29:15,Golden Tipple (red),1,0
221,Gravy Bones,2025-06-04T17:29:15,Hoist 'Em Up (red),1,0
221,Gravy Bones,2025-06-04T17:29:15,Money or Your Life? (red),1,0
221,Gravy Bones,2025-06-04T17:29:15,Restless Bones (red),1,0
221,Gravy Bones,2025-06-04T17:29:15,Strike Gold (red),2,0
221,Gravy Bones,2025-06-04T17:29:15,Trade In (red),1,0
221,Gravy Bones,2025-06-04T17:29:15,Battalion Barque (yellow),2,0
221,Gravy Bones,2025-06-04T17:29:15,Gold Hunter Marauder (yellow),2,0
221,Gravy Bones,2025-06-04T17:29:15,"Chowder, Hearty Cook (yellow)",2,0
221,Gravy Bones,2025-06-04T17:29:15,Jittery Bones (yellow),1,0
221,Gravy Bones,2025-06-04T17:29:15,"Kelpie, Tangled Mess (yellow)",2,0
221,Gravy Bones,2025-06-04T17:29:15,"Limpit, Hop-a-long (yellow)",2,0
221,Gravy Bones,2025-06-04T17:29:15,Restless Bones (yellow),1,0
221,Gravy Bones,2025-06-04T17:29:15,"Scooba, Salty Sea Dog (yellow)",1,0
221,Gravy Bones,2025-06-04T17:29:15,"Shelly, Hardened Traveler (yellow)",1,0
221,Gravy Bones,2025-06-04T17:29:15,Swabbie (yellow),1,0
221,Gravy Bones,2025-06-04T17:29:15,Angry Bones (blue),1,0
221,Gravy Bones,2025-06-04T17:29:15,Avast Ye! (blue),1,0
221,Gravy Bones,2025-06-04T17:29:15,Burly Bones (blue),2,0
221,Gravy Bones,2025-06-04T17:29:15,Crash Down the Gates (blue),1,0
221,Gravy Bones,2025-06-04T17:29:15,Golden Tipple (blue),2,0
221,Gravy Bones,2025-06-04T17:29:15,Jittery Bones (blue),1,0
221,Gravy Bones,2025-06-04T17:29:15,Restless Bones (blue),2,0
221,Gravy Bones,2025-06-04T17:29:15,Saltwater Swell (blue),1,0
221,Gravy Bones,2025-06-04T17:29:15,Tit for Tat (blue),1,0
221,Gravy Bones,2025-06-04T17:29:15,Trade In (blue),1,0
221,Gravy Bones,2025-06-04T17:29:15,Yo Ho Ho! (blue),1,0
221,Gravy Bones,2025-06-04T17:29:15,Captain's Coat,1,1
221,Gravy Bones,2025-06-04T17:29:15,Fish Fingers,1,1
221,Gravy Bones,2025-06-04T17:29:15,Head Stone,1,1
221,Gravy Bones,2025-06-04T17:29:15,Quartermaster's Boots,1,1
222,Gravy Bones,2025-06-04T18:06:30,Angry Bones (red),1,0
222,Gravy Bones,2025-06-04T18:06:30,Blood in the Water (red),1,0
222,Gravy Bones,2025-06-04T18:06:30,Board the Ship (red),1,0
222,Gravy Bones,2025-06-04T18:06:30,Jack Be Nimble (red),1,0
222,Gravy Bones,2025-06-04T18:06:30,Jack Be Quick (red),1,0
222,Gravy Bones,2025-06-04T18:06:30,Jittery Bones (red),1,0
222,Gravy Bones,2025-06-04T18:06:30,Rally the Coast Guard (red),1,0
222,Gravy Bones,2025-06-04T18:06:30,Trade In (red),1,0
222,Gravy Bones,2025-06-04T18:06:30,Angry Bones (yellow),2,0
222,Gravy Bones,2025-06-04T18:06:30,Barnacle (yellow),1,0
222,Gravy Bones,2025-06-04T18:06:30,Burly Bones (yellow),1,0
222,Gravy Bones,2025-06-04T18:06:30,"Cutty Shark, Quick Clip (yellow)",1,0
222,Gravy Bones,2025-06-04T18:06:30,Golden Tipple (yellow),1,0
222,Gravy Bones,2025-06-04T18:06:30,HMS Marlin (yellow),1,0
222,Gravy Bones,2025-06-04T18:06:30,"Chowder, Hearty Cook (yellow)",1,0
222,Gravy Bones,2025-06-04T18:06:30,Jittery Bones (yellow),1,0
222,Gravy Bones,2025-06-04T18:06:30,Nimblism (yellow),1,0
222,Gravy Bones,2025-06-04T18:06:30,Not So Fast (yellow),1,0
222,Gravy Bones,2025-06-04T18:06:30,On the Horizon (yellow),2,0
222,Gravy Bones,2025-06-04T18:06:30,"Shelly, Hardened Traveler (yellow)",1,0
222,Gravy Bones,2025-06-04T18:06:30,Swabbie (yellow),1,0
222,Gravy Bones,2025-06-04T18:06:30,Divvy Up (blue),1,0
222,Gravy Bones,2025-06-04T18:06:30,Golden Tipple (blue),1,0
222,Gravy Bones,2025-06-04T18:06:30,Heave Ho! (blue),1,0
222,Gravy Bones,2025-06-04T18:06:30,Jittery Bones (blue),1,0
222,Gravy Bones,2025-06-04T18:06:30,Mutiny on the Nimbus Sovereign (blue),1,0
222,Gravy Bones,2025-06-04T18:06:30,Nimblism (blue),3,0
222,Gravy Bones,2025-06-04T18:06:30,Portside Exchange (blue),1,0
222,Gravy Bones,2025-06-04T18:06:30,Restless Bones (blue),1,0
222,Gravy Bones,2025-06-04T18:06:30,Sea Floor Salvage (blue),1,0
222,Gravy Bones,2025-06-04T18:06:30,Sunken Treasure (blue),1,0
222,Gravy Bones,2025-06-04T18:06:30,Trade In (blue),1,0
222,Gravy Bones,2025-06-04T18:06:30,Bandana of the Blue Beyond,1,1
222,Gravy Bones,2025-06-04T18:06:30,Head Stone,1,1
222,Gravy Bones,2025-06-04T18:06:30,Old Knocker,1,1
222,Gravy Bones,2025-06-04T18:06:30,Swiftstrike Bracers,1,1
223,Gravy Bones,2025-06-04T19:22:14,Battalion Barque (red),1,0
223,Gravy Bones,2025-06-04T19:22:14,Jittery Bones (red),3,0
223,Gravy Bones,2025-06-04T19:22:14,Paddle Faster (red),1,0
223,Gravy Bones,2025-06-04T19:22:14,Rally the Coast Guard (red),1,0
223,Gravy Bones,2025-06-04T19:22:14,Restless Bones (red),1,0
223,Gravy Bones,2025-06-04T19:22:14,Sirens of Safe Harbor (red),1,0
223,Gravy Bones,2025-06-04T19:22:14,Trade In (red),1,0
223,Gravy Bones,2025-06-04T19:22:14,Barnacle (yellow),1,0
223,Gravy Bones,2025-06-04T19:22:14,Battalion Barque (yellow),1,0
223,Gravy Bones,2025-06-04T19:22:14,Burly Bones (yellow),1,0
223,Gravy Bones,2025-06-04T19:22:14,"Cutty Shark, Quick Clip (yellow)",1,0
223,Gravy Bones,2025-06-04T19:22:14,Flying High (yellow),1,0
223,Gravy Bones,2025-06-04T19:22:14,Gold Hunter Ketch (yellow),1,0
223,Gravy Bones,2025-06-04T19:22:14,Gold Hunter Longboat (yellow),1,0
223,Gravy Bones,2025-06-04T19:22:14,Gold Hunter Marauder (yellow),1,0
223,Gravy Bones,2025-06-04T19:22:14,Jittery Bones (yellow),1,0
223,Gravy Bones,2025-06-04T19:22:14,Nimby (yellow),1,0
223,Gravy Bones,2025-06-04T19:22:14,Restless Bones (yellow),1,0
223,Gravy Bones,2025-06-04T19:22:14,Sea Legs (yellow),1,0
223,Gravy Bones,2025-06-04T19:22:14,Swabbie (yellow),1,0
223,Gravy Bones,2025-06-04T19:22:14,Swiftwater Sloop (yellow),1,0
223,Gravy Bones,2025-06-04T19:22:14,Angry Bones (blue),2,0
223,Gravy Bones,2025-06-04T19:22:14,Burly Bones (blue),1,0
223,Gravy Bones,2025-06-04T19:22:14,Chart a Course (blue),1,0
223,Gravy Bones,2025-06-04T19:22:14,Jittery Bones (blue),1,0
223,Gravy Bones,2025-06-04T19:22:14,Mutiny on the Battalion Barque (blue),1,0
223,Gravy Bones,2025-06-04T19:22:14,Nimby (blue),2,0
223,Gravy Bones,2025-06-04T19:22:14,Restless Bones (blue),1,0
223,Gravy Bones,2025-06-04T19:22:14,Saltwater Swell (blue),1,0
223,Gravy Bones,2025-06-04T19:22:14,Swiftwater Sloop (blue),1,0
223,Gravy Bones,2025-06-04T19:22:14,Yo Ho Ho! (blue),1,0
223,Gravy Bones,2025-06-04T19:22:14,Head Stone,1,1
223,Gravy Bones,2025-06-04T19:22:14,Old Knocker,1,1
223,Gravy Bones,2025-06-04T19:22:14,Washed Up Wave,1,1
224,Gravy Bones,2025-06-04T19:41:10,Blood in the Water (red),1,0
224,Gravy Bones,2025-06-04T19:41:10,Blow for a Blow (red),2,0
224,Gravy Bones,2025-06-04T19:41:10,Expedition to Horizon's Mantle (red),1,0
224,Gravy Bones,2025-06-04T19:41:10,Chart a Course (red),1,0
224,Gravy Bones,2025-06-04T19:41:10,Rally the Coast Guard (red),2,0
224,Gravy Bones,2025-06-04T19:41:10,Restless Bones (red),1,0
224,Gravy Bones,2025-06-04T19:41:10,Barnacle (yellow),2,0
224,Gravy Bones,2025-06-04T19:41:10,"Cutty Shark, Quick Clip (yellow)",1,0
224,Gravy Bones,2025-06-04T19:41:10,HMS Marlin (yellow),1,0
224,Gravy Bones,2025-06-04T19:41:10,On the Horizon (yellow),1,0
224,Gravy Bones,2025-06-04T19:41:10,Riggermortis (yellow),2,0
224,Gravy Bones,2025-06-04T19:41:10,"Shelly, Hardened Traveler (yellow)",1,0
224,Gravy Bones,2025-06-04T19:41:10,Swabbie (yellow),1,0
224,Gravy Bones,2025-06-04T19:41:10,Wailer Humperdinck (yellow),1,0
224,Gravy Bones,2025-06-04T19:41:10,Angry Bones (blue),1,0
224,Gravy Bones,2025-06-04T19:41:10,Golden Tipple (blue),3,0
224,Gravy Bones,2025-06-04T19:41:10,Chart a Course (blue),1,0
224,Gravy Bones,2025-06-04T19:41:10,Jittery Bones (blue),1,0
224,Gravy Bones,2025-06-04T19:41:10,Mutiny on the Battalion Barque (blue),1,0
224,Gravy Bones,2025-06-04T19:41:10,Mutiny on the Swiftwater (blue),1,0
224,Gravy Bones,2025-06-04T19:41:10,Onyx Amulet (blue),1,0
224,Gravy Bones,2025-06-04T19:41:10,Restless Bones (blue),1,0
224,Gravy Bones,2025-06-04T19:41:10,Saltwater Swell (blue),1,0
224,Gravy Bones,2025-06-04T19:41:10,Shifting Tides (blue),1,0
224,Gravy Bones,2025-06-04T19:41:10,Throw Caution to the Wind (blue),1,0
224,Gravy Bones,2025-06-04T19:41:10,Buccaneer's Bounty,1,1
224,Gravy Bones,2025-06-04T19:41:10,Head Stone,1,1
224,Gravy Bones,2025-06-04T19:41:10,Quartermaster's Boots,1,1
225,Gravy Bones,2025-06-04T19:56:35,Board the Ship (red),1,0
225,Gravy Bones,2025-06-04T19:56:35,Golden Tipple (red),1,0
225,Gravy Bones,2025-06-04T19:56:35,Jittery Bones (red),1,0
225,Gravy Bones,2025-06-04T19:56:35,On the Horizon (red),1,0
225,Gravy Bones,2025-06-04T19:56:35,Pilfer the Wreck (red),1,0
225,Gravy Bones,2025-06-04T19:56:35,Rally the Coast Guard (red),2,0
225,Gravy Bones,2025-06-04T19:56:35,Restless Bones (red),2,0
225,Gravy Bones,2025-06-04T19:56:35,Strike Gold (red),1,0
225,Gravy Bones,2025-06-04T19:56:35,Trade In (red),1,0
225,Gravy Bones,2025-06-04T19:56:35,Barnacle (yellow),2,0
225,Gravy Bones,2025-06-04T19:56:35,Burly Bones (yellow),1,0
225,Gravy Bones,2025-06-04T19:56:35,"Cutty Shark, Quick Clip (yellow)",1,0
225,Gravy Bones,2025-06-04T19:56:35,"Chowder, Hearty Cook (yellow)",1,0
225,Gravy Bones,2025-06-04T19:56:35,"Kelpie, Tangled Mess (yellow)",1,0
225,Gravy Bones,2025-06-04T19:56:35,"Limpit, Hop-a-long (yellow)",1,0
225,Gravy Bones,2025-06-04T19:56:35,Restless Bones (yellow),1,0
225,Gravy Bones,2025-06-04T19:56:35,Swabbie (yellow),1,0
225,Gravy Bones,2025-06-04T19:56:35,Swiftwater Sloop (yellow),1,0
225,Gravy Bones,2025-06-04T19:56:35,Burly Bones (blue),1,0
225,Gravy Bones,2025-06-04T19:56:35,Flying High (blue),1,0
225,Gravy Bones,2025-06-04T19:56:35,Money or Your Life? (blue),1,0
225,Gravy Bones,2025-06-04T19:56:35,Mutiny on the Battalion Barque (blue),2,0
225,Gravy Bones,2025-06-04T19:56:35,Mutiny on the Swiftwater (blue),2,0
225,Gravy Bones,2025-06-04T19:56:35,Nimby (blue),1,0
225,Gravy Bones,2025-06-04T19:56:35,Regain Composure (blue),1,0
225,Gravy Bones,2025-06-04T19:56:35,Restless Bones (blue),2,0
225,Gravy Bones,2025-06-04T19:56:35,Ruby Amulet (blue),1,0
225,Gravy Bones,2025-06-04T19:56:35,Strike Gold (blue),1,0
225,Gravy Bones,2025-06-04T19:56:35,Swiftwater Sloop (blue),1,0
225,Gravy Bones,2025-06-04T19:56:35,Walk the Plank (blue),1,0
225,Gravy Bones,2025-06-04T19:56:35,Captain's Coat,1,1
225,Gravy Bones,2025-06-04T19:56:35,Head Stone,1,1
225,Gravy Bones,2025-06-04T19:56:35,Quartermaster's Boots,1,1
225,Gravy Bones,2025-06-04T19:56:35,Washed Up Wave,1,1
226,Gravy Bones,2025-06-04T20:10:17,Angry Bones (red),1,0
226,Gravy Bones,2025-06-04T20:10:17,Board the Ship (red),1,0
226,Gravy Bones,2025-06-04T20:10:17,Burly Bones (red),1,0
226,Gravy Bones,2025-06-04T20:10:17,Hoist 'Em Up (red),1,0
226,Gravy Bones,2025-06-04T20:10:17,Jittery Bones (red),1,0
226,Gravy Bones,2025-06-04T20:10:17,On the Horizon (red),2,0
226,Gravy Bones,2025-06-04T20:10:17,Restless Bones (red),1,0
226,Gravy Bones,2025-06-04T20:10:17,Scar for a Scar (red),1,0
226,Gravy Bones,2025-06-04T20:10:17,Barnacle (yellow),1,0
226,Gravy Bones,2025-06-04T20:10:17,Battalion Barque (yellow),1,0
226,Gravy Bones,2025-06-04T20:10:17,Burly Bones (yellow),1,0
226,Gravy Bones,2025-06-04T20:10:17,"Cutty Shark, Quick Clip (yellow)",1,0
226,Gravy Bones,2025-06-04T20:10:17,"Chowder, Hearty Cook (yellow)",2,0
226,Gravy Bones,2025-06-04T20:10:17,"Limpit, Hop-a-long (yellow)",1,0
226,Gravy Bones,2025-06-04T20:10:17,Rally the Coast Guard (yellow),1,0
226,Gravy Bones,2025-06-04T20:10:17,Restless Bones (yellow),2,0
226,Gravy Bones,2025-06-04T20:10:17,Riggermortis (yellow),1,0
226,Gravy Bones,2025-06-04T20:10:17,"Shelly, Hardened Traveler (yellow)",1,0
226,Gravy Bones,2025-06-04T20:10:17,Swabbie (yellow),2,0
226,Gravy Bones,2025-06-04T20:10:17,Swiftwater Sloop (yellow),1,0
226,Gravy Bones,2025-06-04T20:10:17,Angry Bones (blue),2,0
226,Gravy Bones,2025-06-04T20:10:17,Avast Ye! (blue),1,0
226,Gravy Bones,2025-06-04T20:10:17,Burly Bones (blue),1,0
226,Gravy Bones,2025-06-04T20:10:17,Heave Ho! (blue),2,0
226,Gravy Bones,2025-06-04T20:10:17,Jittery Bones (blue),3,0
226,Gravy Bones,2025-06-04T20:10:17,Shifting Tides (blue),1,0
226,Gravy Bones,2025-06-04T20:10:17,Strike Gold (blue),1,0
226,Gravy Bones,2025-06-04T20:10:17,Swiftwater Sloop (blue),1,0
226,Gravy Bones,2025-06-04T20:10:17,Yo Ho Ho! (blue),1,0
226,Gravy Bones,2025-06-04T20:10:17,Buccaneer's Bounty,1,1
226,Gravy Bones,2025-06-04T20:10:17,Head Stone,1,1
226,Gravy Bones,2025-06-04T20:10:17,Washed Up Wave,2,1
227,Gravy Bones,2025-06-04T23:15:18,Angry Bones (red),2,0
227,Gravy Bones,2025-06-04T23:15:18,Burly Bones (red),2,0
227,Gravy Bones,2025-06-04T23:15:18,Restless Bones (red),1,0
227,Gravy Bones,2025-06-04T23:15:18,Swindler's Grift (red),1,0
227,Gravy Bones,2025-06-04T23:15:18,Trade In (red),1,0
227,Gravy Bones,2025-06-04T23:15:18,Angry Bones (yellow),1,0
227,Gravy Bones,2025-06-04T23:15:18,Barnacle (yellow),1,0
227,Gravy Bones,2025-06-04T23:15:18,Fiddler's Green (yellow),1,0
227,Gravy Bones,2025-06-04T23:15:18,Flying High (yellow),1,0
227,Gravy Bones,2025-06-04T23:15:18,Gold Hunter Longboat (yellow),1,0
227,Gravy Bones,2025-06-04T23:15:18,HMS Kraken (yellow),1,0
227,Gravy Bones,2025-06-04T23:15:18,Chart a Course (yellow),1,0
227,Gravy Bones,2025-06-04T23:15:18,"Chowder, Hearty Cook (yellow)",2,0
227,Gravy Bones,2025-06-04T23:15:18,Riggermortis (yellow),1,0
227,Gravy Bones,2025-06-04T23:15:18,"Shelly, Hardened Traveler (yellow)",2,0
227,Gravy Bones,2025-06-04T23:15:18,Trade In (yellow),2,0
227,Gravy Bones,2025-06-04T23:15:18,Angry Bones (blue),1,0
227,Gravy Bones,2025-06-04T23:15:18,Burly Bones (blue),1,0
227,Gravy Bones,2025-06-04T23:15:18,Golden Tipple (blue),1,0
227,Gravy Bones,2025-06-04T23:15:18,Mutiny on the Battalion Barque (blue),2,0
227,Gravy Bones,2025-06-04T23:15:18,Restless Bones (blue),2,0
227,Gravy Bones,2025-06-04T23:15:18,Sea Floor Salvage (blue),2,0
227,Gravy Bones,2025-06-04T23:15:18,Shifting Tides (blue),2,0
227,Gravy Bones,2025-06-04T23:15:18,Swiftwater Sloop (blue),2,0
227,Gravy Bones,2025-06-04T23:15:18,Trade In (blue),2,0
227,Gravy Bones,2025-06-04T23:15:18,Bandana of the Blue Beyond,1,1
227,Gravy Bones,2025-06-04T23:15:18,Blue Sea Tricorn,1,1
227,Gravy Bones,2025-06-04T23:15:18,Old Knocker,1,1
227,Gravy Bones,2025-06-04T23:15:18,Quartermaster's Boots,1,1
227,Gravy Bones,2025-06-04T23:15:18,Washed Up Wave,1,1
228,Puffin,2025-06-05T00:07:54,Cloud City Steamboat (red),1,0
228,Puffin,2025-06-05T00:07:54,Cloud Skiff (red),2,0
228,Puffin,2025-06-05T00:07:54,Cogwerx Zeppelin (red),1,0
228,Puffin,2025-06-05T00:07:54,Goldwing Turbine (red),3,0
228,Puffin,2025-06-05T00:07:54,Chart a Course (red),1,0
228,Puffin,2025-06-05T00:07:54,Life for a Life (red),1,0
228,Puffin,2025-06-05T00:07:54,Perk Up (red),2,0
228,Puffin,2025-06-05T00:07:54,Sky Skimmer (red),1,0
228,Puffin,2025-06-05T00:07:54,Teeth of the Cog (red),2,0
228,Puffin,2025-06-05T00:07:54,Thiev'n Varmints (red),1,0
228,Puffin,2025-06-05T00:07:54,Tighten the Screws (red),1,0
228,Puffin,2025-06-05T00:07:54,Walk the Plank (red),1,0
228,Puffin,2025-06-05T00:07:54,Cloud City Steamboat (yellow),1,0
228,Puffin,2025-06-05T00:07:54,Cloud Skiff (yellow),1,0
228,Puffin,2025-06-05T00:07:54,Chart a Course (yellow),1,0
228,Puffin,2025-06-05T00:07:54,Lost in Transit (yellow),2,0
228,Puffin,2025-06-05T00:07:54,Sky Skimmer (yellow),2,0
228,Puffin,2025-06-05T00:07:54,Goldwing Turbine (blue),4,0
228,Puffin,2025-06-05T00:07:54,Chart a Course (blue),1,0
228,Puffin,2025-06-05T00:07:54,Mutiny on the Nimbus Sovereign (blue),1,0
228,Puffin,2025-06-05T00:07:54,Pinion Sentry (blue),1,0
228,Puffin,2025-06-05T00:07:54,Portside Exchange (blue),1,0
228,Puffin,2025-06-05T00:07:54,Sky Skimmer (blue),2,0
228,Puffin,2025-06-05T00:07:54,Teeth of the Cog (blue),2,0
228,Puffin,2025-06-05T00:07:54,Tough Old Wrench (blue),1,0
228,Puffin,2025-06-05T00:07:54,Walk the Plank (blue),1,0
228,Puffin,2025-06-05T00:07:54,Captain's Coat,1,1
228,Puffin,2025-06-05T00:07:54,Fish Fingers,1,1
228,Puffin,2025-06-05T00:07:54,Helmsman's Peak,1,1
228,Puffin,2025-06-05T00:07:54,Unicycle,1,1
229,Puffin,2025-06-05T01:14:50,Cloud City Steamboat (red),1,0
229,Puffin,2025-06-05T01:14:50,Cloud Skiff (red),1,0
229,Puffin,2025-06-05T01:14:50,Goldwing Turbine (red),1,0
229,Puffin,2025-06-05T01:14:50,Money or Your Life? (red),1,0
229,Puffin,2025-06-05T01:14:50,Perk Up (red),2,0
229,Puffin,2025-06-05T01:14:50,Ravenous Rabble (red),1,0
229,Puffin,2025-06-05T01:14:50,Sky Skimmer (red),1,0
229,Puffin,2025-06-05T01:14:50,Strike Gold (red),1,0
229,Puffin,2025-06-05T01:14:50,Swindler's Grift (red),1,0
229,Puffin,2025-06-05T01:14:50,Teeth of the Cog (red),2,0
229,Puffin,2025-06-05T01:14:50,Tighten the Screws (red),1,0
229,Puffin,2025-06-05T01:14:50,Tough Old Wrench (red),1,0
229,Puffin,2025-06-05T01:14:50,Cloud City Steamboat (yellow),1,0
229,Puffin,2025-06-05T01:14:50,Cloud Skiff (yellow),3,0
229,Puffin,2025-06-05T01:14:50,Gold Hunter Ketch (yellow),1,0
229,Puffin,2025-06-05T01:14:50,Gold Hunter Marauder (yellow),1,0
229,Puffin,2025-06-05T01:14:50,Goldwing Turbine (yellow),2,0
229,Puffin,2025-06-05T01:14:50,Chart a Course (yellow),1,0
229,Puffin,2025-06-05T01:14:50,Lost in Transit (yellow),1,0
229,Puffin,2025-06-05T01:14:50,Sky Skimmer (yellow),1,0
229,Puffin,2025-06-05T01:14:50,Swiftwater Sloop (yellow),1,0
229,Puffin,2025-06-05T01:14:50,Swindler's Grift (yellow),1,0
229,Puffin,2025-06-05T01:14:50,Tough Old Wrench (yellow),1,0
229,Puffin,2025-06-05T01:14:50,Walk the Plank (yellow),1,0
229,Puffin,2025-06-05T01:14:50,Cloud Skiff (blue),1,0
229,Puffin,2025-06-05T01:14:50,Cogwerx Zeppelin (blue),1,0
229,Puffin,2025-06-05T01:14:50,Sky Skimmer (blue),1,0
229,Puffin,2025-06-05T01:14:50,Swindler's Grift (blue),1,0
229,Puffin,2025-06-05T01:14:50,Teeth of the Cog (blue),2,0
229,Puffin,2025-06-05T01:14:50,Fish Fingers,1,1
229,Puffin,2025-06-05T01:14:50,Rust Belt,1,1
229,Puffin,2025-06-05T01:14:50,Unicycle,1,1
230,Puffin,2025-06-05T03:49:44,Battalion Barque (red),2,0
230,Puffin,2025-06-05T03:49:44,Cloud Skiff (red),2,0
230,Puffin,2025-06-05T03:49:44,Draw Back the Hammer (red),1,0
230,Puffin,2025-06-05T03:49:44,Goldwing Turbine (red),1,0
230,Puffin,2025-06-05T03:49:44,On the Horizon (red),1,0
230,Puffin,2025-06-05T03:49:44,Perk Up (red),2,0
230,Puffin,2025-06-05T03:49:44,Sky Skimmer (red),1,0
230,Puffin,2025-06-05T03:49:44,Teeth of the Cog (red),1,0
230,Puffin,2025-06-05T03:49:44,Cloud Skiff (yellow),1,0
230,Puffin,2025-06-05T03:49:44,Cogwerx Zeppelin (yellow),1,0
230,Puffin,2025-06-05T03:49:44,Fool's Gold (yellow),1,0
230,Puffin,2025-06-05T03:49:44,Gold Hunter Lightsail (yellow),2,0
230,Puffin,2025-06-05T03:49:44,Goldwing Turbine (yellow),2,0
230,Puffin,2025-06-05T03:49:44,Saltwater Swell (yellow),1,0
230,Puffin,2025-06-05T03:49:44,Sky Skimmer (yellow),1,0
230,Puffin,2025-06-05T03:49:44,Swiftwater Sloop (yellow),1,0
230,Puffin,2025-06-05T03:49:44,Trade In (yellow),1,0
230,Puffin,2025-06-05T03:49:44,Battalion Barque (blue),1,0
230,Puffin,2025-06-05T03:49:44,Cloud City Steamboat (blue),1,0
230,Puffin,2025-06-05T03:49:44,Cloud Skiff (blue),1,0
230,Puffin,2025-06-05T03:49:44,Goldwing Turbine (blue),3,0
230,Puffin,2025-06-05T03:49:44,Lubricate (blue),1,0
230,Puffin,2025-06-05T03:49:44,Murderous Rabble (blue),1,0
230,Puffin,2025-06-05T03:49:44,Mutiny on the Swiftwater (blue),2,0
230,Puffin,2025-06-05T03:49:44,Nimby (blue),1,0
230,Puffin,2025-06-05T03:49:44,Pinion Sentry (blue),1,0
230,Puffin,2025-06-05T03:49:44,Sky Skimmer (blue),1,0
230,Puffin,2025-06-05T03:49:44,Tough Old Wrench (blue),2,0
230,Puffin,2025-06-05T03:49:44,Walk the Plank (blue),1,0
230,Puffin,2025-06-05T03:49:44,Helmsman's Peak,1,1
230,Puffin,2025-06-05T03:49:44,Unicycle,1,1
231,Gravy Bones,2025-06-05T04:18:24,Angry Bones (red),1,0
231,Gravy Bones,2025-06-05T04:18:24,Blood in the Water (red),1,0
231,Gravy Bones,2025-06-05T04:18:24,Burly Bones (red),1,0
231,Gravy Bones,2025-06-05T04:18:24,Golden Tipple (red),1,0
231,Gravy Bones,2025-06-05T04:18:24,Hoist 'Em Up (red),1,0
231,Gravy Bones,2025-06-05T04:18:24,Jittery Bones (red),3,0
231,Gravy Bones,2025-06-05T04:18:24,Restless Bones (red),1,0
231,Gravy Bones,2025-06-05T04:18:24,Swiftwater Sloop (red),1,0
231,Gravy Bones,2025-06-05T04:18:24,Thiev'n Varmints (red),1,0
231,Gravy Bones,2025-06-05T04:18:24,Angry Bones (yellow),1,0
231,Gravy Bones,2025-06-05T04:18:24,Barnacle (yellow),2,0
231,Gravy Bones,2025-06-05T04:18:24,"Cutty Shark, Quick Clip (yellow)",1,0
231,Gravy Bones,2025-06-05T04:18:24,"Chowder, Hearty Cook (yellow)",2,0
231,Gravy Bones,2025-06-05T04:18:24,"Chum, Friendly First Mate (yellow)",1,0
231,Gravy Bones,2025-06-05T04:18:24,Restless Bones (yellow),2,0
231,Gravy Bones,2025-06-05T04:18:24,Riggermortis (yellow),3,0
231,Gravy Bones,2025-06-05T04:18:24,Strike Gold (yellow),1,0
231,Gravy Bones,2025-06-05T04:18:24,Avast Ye! (blue),1,0
231,Gravy Bones,2025-06-05T04:18:24,Burly Bones (blue),1,0
231,Gravy Bones,2025-06-05T04:18:24,Clap 'Em in Irons (blue),1,0
231,Gravy Bones,2025-06-05T04:18:24,Flying High (blue),2,0
231,Gravy Bones,2025-06-05T04:18:24,Golden Tipple (blue),2,0
231,Gravy Bones,2025-06-05T04:18:24,Heave Ho! (blue),1,0
231,Gravy Bones,2025-06-05T04:18:24,Murderous Rabble (blue),1,0
231,Gravy Bones,2025-06-05T04:18:24,Mutiny on the Nimbus Sovereign (blue),1,0
231,Gravy Bones,2025-06-05T04:18:24,Mutiny on the Swiftwater (blue),1,0
231,Gravy Bones,2025-06-05T04:18:24,Rally the Coast Guard (blue),1,0
231,Gravy Bones,2025-06-05T04:18:24,Restless Bones (blue),1,0
231,Gravy Bones,2025-06-05T04:18:24,Swindler's Grift (blue),1,0
231,Gravy Bones,2025-06-05T04:18:24,Throw Caution to the Wind (blue),1,0
231,Gravy Bones,2025-06-05T04:18:24,Head Stone,1,1
231,Gravy Bones,2025-06-05T04:18:24,Quartermaster's Boots,1,1
231,Gravy Bones,2025-06-05T04:18:24,Washed Up Wave,1,1
232,Gravy Bones,2025-06-05T06:10:32,Angry Bones (red),2,0
232,Gravy Bones,2025-06-05T06:10:32,Burly Bones (red),1,0
232,Gravy Bones,2025-06-05T06:10:32,Expedition to Dreadfall Reach (red),1,0
232,Gravy Bones,2025-06-05T06:10:32,Chart a Course (red),1,0
232,Gravy Bones,2025-06-05T06:10:32,Life for a Life (red),1,0
232,Gravy Bones,2025-06-05T06:10:32,Nimby (red),1,0
232,Gravy Bones,2025-06-05T06:10:32,Rally the Coast Guard (red),1,0
232,Gravy Bones,2025-06-05T06:10:32,Restless Bones (red),1,0
232,Gravy Bones,2025-06-05T06:10:32,Swindler's Grift (red),2,0
232,Gravy Bones,2025-06-05T06:10:32,Barnacle (yellow),2,0
232,Gravy Bones,2025-06-05T06:10:32,"Cutty Shark, Quick Clip (yellow)",2,0
232,Gravy Bones,2025-06-05T06:10:32,Gold Hunter Lightsail (yellow),2,0
232,Gravy Bones,2025-06-05T06:10:32,"Chowder, Hearty Cook (yellow)",1,0
232,Gravy Bones,2025-06-05T06:10:32,"Chum, Friendly First Mate (yellow)",1,0
232,Gravy Bones,2025-06-05T06:10:32,Jittery Bones (yellow),2,0
232,Gravy Bones,2025-06-05T06:10:32,Nimby (yellow),1,0
232,Gravy Bones,2025-06-05T06:10:32,Riggermortis (yellow),1,0
232,Gravy Bones,2025-06-05T06:10:32,Strike Gold (yellow),1,0
232,Gravy Bones,2025-06-05T06:10:32,Battalion Barque (blue),1,0
232,Gravy Bones,2025-06-05T06:10:32,Heave Ho! (blue),1,0
232,Gravy Bones,2025-06-05T06:10:32,Chart a Course (blue),1,0
232,Gravy Bones,2025-06-05T06:10:32,Jittery Bones (blue),2,0
232,Gravy Bones,2025-06-05T06:10:32,Mutiny on the Battalion Barque (blue),1,0
232,Gravy Bones,2025-06-05T06:10:32,Mutiny on the Nimbus Sovereign (blue),1,0
232,Gravy Bones,2025-06-05T06:10:32,Restless Bones (blue),2,0
232,Gravy Bones,2025-06-05T06:10:32,Saltwater Swell (blue),1,0
232,Gravy Bones,2025-06-05T06:10:32,Sirens of Safe Harbor (blue),1,0
232,Gravy Bones,2025-06-05T06:10:32,Strike Gold (blue),1,0
232,Gravy Bones,2025-06-05T06:10:32,Trade In (blue),2,0
232,Gravy Bones,2025-06-05T06:10:32,Head Stone,1,1
232,Gravy Bones,2025-06-05T06:10:32,Washed Up Wave,1,1
233,Gravy Bones,2025-06-05T10:49:57,Burly Bones (red),2,0
233,Gravy Bones,2025-06-05T10:49:57,Paddle Faster (red),1,0
233,Gravy Bones,2025-06-05T10:49:57,Restless Bones (red),2,0
233,Gravy Bones,2025-06-05T10:49:57,Thiev'n Varmints (red),2,0
233,Gravy Bones,2025-06-05T10:49:57,Walk the Plank (red),1,0
233,Gravy Bones,2025-06-05T10:49:57,Angry Bones (yellow),1,0
233,Gravy Bones,2025-06-05T10:49:57,Battalion Barque (yellow),1,0
233,Gravy Bones,2025-06-05T10:49:57,"Cutty Shark, Quick Clip (yellow)",3,0
233,Gravy Bones,2025-06-05T10:49:57,Gold Hunter Marauder (yellow),1,0
233,Gravy Bones,2025-06-05T10:49:57,Jittery Bones (yellow),1,0
233,Gravy Bones,2025-06-05T10:49:57,"Limpit, Hop-a-long (yellow)",1,0
233,Gravy Bones,2025-06-05T10:49:57,Restless Bones (yellow),1,0
233,Gravy Bones,2025-06-05T10:49:57,Riggermortis (yellow),1,0
233,Gravy Bones,2025-06-05T10:49:57,Swabbie (yellow),1,0
233,Gravy Bones,2025-06-05T10:49:57,Swindler's Grift (yellow),1,0
233,Gravy Bones,2025-06-05T10:49:57,Angry Bones (blue),2,0
233,Gravy Bones,2025-06-05T10:49:57,Divvy Up (blue),1,0
233,Gravy Bones,2025-06-05T10:49:57,Flying High (blue),1,0
233,Gravy Bones,2025-06-05T10:49:57,Mutiny on the Swiftwater (blue),1,0
233,Gravy Bones,2025-06-05T10:49:57,Nimby (blue),1,0
233,Gravy Bones,2025-06-05T10:49:57,Portside Exchange (blue),1,0
233,Gravy Bones,2025-06-05T10:49:57,Restless Bones (blue),2,0
233,Gravy Bones,2025-06-05T10:49:57,Swiftwater Sloop (blue),1,0
233,Gravy Bones,2025-06-05T10:49:57,Swindler's Grift (blue),2,0
233,Gravy Bones,2025-06-05T10:49:57,Trade In (blue),1,0
233,Gravy Bones,2025-06-05T10:49:57,Buccaneer's Bounty,1,1
233,Gravy Bones,2025-06-05T10:49:57,Fish Fingers,1,1
233,Gravy Bones,2025-06-05T10:49:57,Head Stone,1,1
233,Gravy Bones,2025-06-05T10:49:57,Quartermaster's Boots,1,1
233,Gravy Bones,2025-06-05T10:49:57,Swiftstrike Bracers,2,1
233,Gravy Bones,2025-06-05T10:49:57,Washed Up Wave,1,1
234,Marlynn,2025-06-05T11:53:01,Drop the Anchor (red),1,0
234,Marlynn,2025-06-05T11:53:01,Dry Powder Shot (red),1,0
234,Marlynn,2025-06-05T11:53:01,Entangling Shot (red),1,0
234,Marlynn,2025-06-05T11:53:01,Expedition to Azuro Keys (red),1,0
234,Marlynn,2025-06-05T11:53:01,Expedition to Blackwater Strait (red),1,0
234,Marlynn,2025-06-05T11:53:01,Expedition to Dreadfall Reach (red),1,0
234,Marlynn,2025-06-05T11:53:01,Expedition to Horizon's Mantle (red),1,0
234,Marlynn,2025-06-05T11:53:01,Chart a Course (red),2,0
234,Marlynn,2025-06-05T11:53:01,Money or Your Life? (red),1,0
234,Marlynn,2025-06-05T11:53:01,Nimblism (red),1,0
234,Marlynn,2025-06-05T11:53:01,Nimby (red),1,0
234,Marlynn,2025-06-05T11:53:01,Ravenous Rabble (red),2,0
234,Marlynn,2025-06-05T11:53:01,Salvage Shot (red),1,0
234,Marlynn,2025-06-05T11:53:01,Sic 'Em Shot (red),3,0
234,Marlynn,2025-06-05T11:53:01,Swift Shot (red),2,0
234,Marlynn,2025-06-05T11:53:01,Trade In (red),2,0
234,Marlynn,2025-06-05T11:53:01,Salvage Shot (yellow),1,0
234,Marlynn,2025-06-05T11:53:01,Swindler's Grift (yellow),1,0
234,Marlynn,2025-06-05T11:53:01,Walk the Plank (yellow),1,0
234,Marlynn,2025-06-05T11:53:01,Call in the Big Guns (blue),2,0
234,Marlynn,2025-06-05T11:53:01,Head Shot (blue),1,0
234,Marlynn,2025-06-05T11:53:01,Mutiny on the Battalion Barque (blue),1,0
234,Marlynn,2025-06-05T11:53:01,Mutiny on the Nimbus Sovereign (blue),1,0
234,Marlynn,2025-06-05T11:53:01,Nimblism (blue),1,0
234,Marlynn,2025-06-05T11:53:01,Rusty Harpoon (blue),1,0
234,Marlynn,2025-06-05T11:53:01,Sic 'Em Shot (blue),1,0
234,Marlynn,2025-06-05T11:53:01,Sirens of Safe Harbor (blue),1,0
234,Marlynn,2025-06-05T11:53:01,Captain's Coat,1,1
234,Marlynn,2025-06-05T11:53:01,Helmsman's Peak,1,1
234,Marlynn,2025-06-05T11:53:01,Old Knocker,1,1
234,Marlynn,2025-06-05T11:53:01,Quartermaster's Boots,1,1
234,Marlynn,2025-06-05T11:53:01,Quick Clicks,1,1
234,Marlynn,2025-06-05T11:53:01,Swiftstrike Bracers,1,1
235,Gravy Bones,2025-06-05T13:25:31,Angry Bones (red),1,0
235,Gravy Bones,2025-06-05T13:25:31,Blood in the Water (red),1,0
235,Gravy Bones,2025-06-05T13:25:31,Burly Bones (red),2,0
235,Gravy Bones,2025-06-05T13:25:31,Jittery Bones (red),1,0
235,Gravy Bones,2025-06-05T13:25:31,Rally the Coast Guard (red),1,0
235,Gravy Bones,2025-06-05T13:25:31,Scar for a Scar (red),1,0
235,Gravy Bones,2025-06-05T13:25:31,Strike Gold (red),2,0
235,Gravy Bones,2025-06-05T13:25:31,Trade In (red),1,0
235,Gravy Bones,2025-06-05T13:25:31,Barnacle (yellow),1,0
235,Gravy Bones,2025-06-05T13:25:31,"Cutty Shark, Quick Clip (yellow)",1,0
235,Gravy Bones,2025-06-05T13:25:31,Gold Hunter Lightsail (yellow),1,0
235,Gravy Bones,2025-06-05T13:25:31,Golden Tipple (yellow),1,0
235,Gravy Bones,2025-06-05T13:25:31,HMS Marlin (yellow),1,0
235,Gravy Bones,2025-06-05T13:25:31,"Chowder, Hearty Cook (yellow)",2,0
235,Gravy Bones,2025-06-05T13:25:31,"Limpit, Hop-a-long (yellow)",1,0
235,Gravy Bones,2025-06-05T13:25:31,Restless Bones (yellow),1,0
235,Gravy Bones,2025-06-05T13:25:31,"Shelly, Hardened Traveler (yellow)",1,0
235,Gravy Bones,2025-06-05T13:25:31,Sirens of Safe Harbor (yellow),1,0
235,Gravy Bones,2025-06-05T13:25:31,Swiftwater Sloop (yellow),2,0
235,Gravy Bones,2025-06-05T13:25:31,Walk the Plank (yellow),2,0
235,Gravy Bones,2025-06-05T13:25:31,Angry Bones (blue),2,0
235,Gravy Bones,2025-06-05T13:25:31,Avast Ye! (blue),1,0
235,Gravy Bones,2025-06-05T13:25:31,Burly Bones (blue),1,0
235,Gravy Bones,2025-06-05T13:25:31,Give No Quarter (blue),1,0
235,Gravy Bones,2025-06-05T13:25:31,Jittery Bones (blue),1,0
235,Gravy Bones,2025-06-05T13:25:31,Mutiny on the Nimbus Sovereign (blue),1,0
235,Gravy Bones,2025-06-05T13:25:31,Mutiny on the Swiftwater (blue),1,0
235,Gravy Bones,2025-06-05T13:25:31,Regain Composure (blue),1,0
235,Gravy Bones,2025-06-05T13:25:31,Restless Bones (blue),1,0
235,Gravy Bones,2025-06-05T13:25:31,Saltwater Swell (blue),1,0
235,Gravy Bones,2025-06-05T13:25:31,Tit for Tat (blue),1,0
235,Gravy Bones,2025-06-05T13:25:31,Captain's Coat,1,1
235,Gravy Bones,2025-06-05T13:25:31,Helmsman's Peak,1,1
235,Gravy Bones,2025-06-05T13:25:31,Old Knocker,1,1
235,Gravy Bones,2025-06-05T13:25:31,Washed Up Wave,1,1
236,Puffin,2025-06-05T13:54:26,Cloud City Steamboat (red),1,0
236,Puffin,2025-06-05T13:54:26,Cloud Skiff (red),1,0
236,Puffin,2025-06-05T13:54:26,Cog in the Machine (red),1,0
236,Puffin,2025-06-05T13:54:26,Cogwerx Zeppelin (red),1,0
236,Puffin,2025-06-05T13:54:26,Goldwing Turbine (red),1,0
236,Puffin,2025-06-05T13:54:26,Sky Skimmer (red),2,0
236,Puffin,2025-06-05T13:54:26,Teeth of the Cog (red),2,0
236,Puffin,2025-06-05T13:54:26,Tough Old Wrench (red),2,0
236,Puffin,2025-06-05T13:54:26,Cogwerx Zeppelin (yellow),1,0
236,Puffin,2025-06-05T13:54:26,Gold Hunter Ketch (yellow),1,0
236,Puffin,2025-06-05T13:54:26,Goldwing Turbine (yellow),2,0
236,Puffin,2025-06-05T13:54:26,Teeth of the Cog (yellow),2,0
236,Puffin,2025-06-05T13:54:26,Tough Old Wrench (yellow),2,0
236,Puffin,2025-06-05T13:54:26,Cloud Skiff (blue),2,0
236,Puffin,2025-06-05T13:54:26,Copper Cog (blue),1,0
236,Puffin,2025-06-05T13:54:26,Goldwing Turbine (blue),2,0
236,Puffin,2025-06-05T13:54:26,Lubricate (blue),1,0
236,Puffin,2025-06-05T13:54:26,Sky Skimmer (blue),3,0
236,Puffin,2025-06-05T13:54:26,Tough Old Wrench (blue),2,0
236,Puffin,2025-06-05T13:54:26,Blue Sea Tricorn,1,1
236,Puffin,2025-06-05T13:54:26,Rust Belt,1,1
236,Puffin,2025-06-05T13:54:26,Unicycle,1,1
237,Gravy Bones,2025-06-05T14:48:10,Angry Bones (red),2,0
237,Gravy Bones,2025-06-05T14:48:10,Battalion Barque (red),1,0
237,Gravy Bones,2025-06-05T14:48:10,Burly Bones (red),2,0
237,Gravy Bones,2025-06-05T14:48:10,Jittery Bones (red),2,0
237,Gravy Bones,2025-06-05T14:48:10,On the Horizon (red),1,0
237,Gravy Bones,2025-06-05T14:48:10,Rally the Coast Guard (red),1,0
237,Gravy Bones,2025-06-05T14:48:10,Restless Bones (red),2,0
237,Gravy Bones,2025-06-05T14:48:10,Swiftwater Sloop (red),1,0
237,Gravy Bones,2025-06-05T14:48:10,Swindler's Grift (red),1,0
237,Gravy Bones,2025-06-05T14:48:10,Barnacle (yellow),1,0
237,Gravy Bones,2025-06-05T14:48:10,Burly Bones (yellow),1,0
237,Gravy Bones,2025-06-05T14:48:10,"Cutty Shark, Quick Clip (yellow)",1,0
237,Gravy Bones,2025-06-05T14:48:10,Gold Hunter Ketch (yellow),1,0
237,Gravy Bones,2025-06-05T14:48:10,"Chowder, Hearty Cook (yellow)",1,0
237,Gravy Bones,2025-06-05T14:48:10,"Kelpie, Tangled Mess (yellow)",1,0
237,Gravy Bones,2025-06-05T14:48:10,Restless Bones (yellow),1,0
237,Gravy Bones,2025-06-05T14:48:10,Riggermortis (yellow),2,0
237,Gravy Bones,2025-06-05T14:48:10,"Shelly, Hardened Traveler (yellow)",1,0
237,Gravy Bones,2025-06-05T14:48:10,Strike Gold (yellow),1,0
237,Gravy Bones,2025-06-05T14:48:10,Swabbie (yellow),1,0
237,Gravy Bones,2025-06-05T14:48:10,Angry Bones (blue),1,0
237,Gravy Bones,2025-06-05T14:48:10,Avast Ye! (blue),1,0
237,Gravy Bones,2025-06-05T14:48:10,Golden Tipple (blue),1,0
237,Gravy Bones,2025-06-05T14:48:10,Jittery Bones (blue),1,0
237,Gravy Bones,2025-06-05T14:48:10,Nimby (blue),1,0
237,Gravy Bones,2025-06-05T14:48:10,Restless Bones (blue),3,0
237,Gravy Bones,2025-06-05T14:48:10,Swiftwater Sloop (blue),2,0
237,Gravy Bones,2025-06-05T14:48:10,Yo Ho Ho! (blue),1,0
237,Gravy Bones,2025-06-05T14:48:10,Head Stone,1,1
237,Gravy Bones,2025-06-05T14:48:10,Light Fingers,1,1
237,Gravy Bones,2025-06-05T14:48:10,Old Knocker,1,1
238,"Scurv, Stowaway",2025-06-05T15:40:33,Expedition to Azuro Keys (red),1,0
238,"Scurv, Stowaway",2025-06-05T15:40:33,Expedition to Blackwater Strait (red),2,0
238,"Scurv, Stowaway",2025-06-05T15:40:33,Expedition to Dreadfall Reach (red),1,0
238,"Scurv, Stowaway",2025-06-05T15:40:33,Chart a Course (red),2,0
238,"Scurv, Stowaway",2025-06-05T15:40:33,Jack Be Quick (red),1,0
238,"Scurv, Stowaway",2025-06-05T15:40:33,Nimblism (red),2,0
238,"Scurv, Stowaway",2025-06-05T15:40:33,Nimby (red),2,0
238,"Scurv, Stowaway",2025-06-05T15:40:33,Pilfer the Wreck (red),1,0
238,"Scurv, Stowaway",2025-06-05T15:40:33,Ravenous Rabble (red),2,0
238,"Scurv, Stowaway",2025-06-05T15:40:33,Strike Gold (red),2,0
238,"Scurv, Stowaway",2025-06-05T15:40:33,Swiftwater Sloop (red),1,0
238,"Scurv, Stowaway",2025-06-05T15:40:33,Swindler's Grift (red),1,0
238,"Scurv, Stowaway",2025-06-05T15:40:33,Thiev'n Varmints (red),1,0
238,"Scurv, Stowaway",2025-06-05T15:40:33,Crash Down the Gates (yellow),1,0
238,"Scurv, Stowaway",2025-06-05T15:40:33,Flying High (yellow),1,0
238,"Scurv, Stowaway",2025-06-05T15:40:33,Chart a Course (yellow),1,0
238,"Scurv, Stowaway",2025-06-05T15:40:33,Lost in Transit (yellow),1,0
238,"Scurv, Stowaway",2025-06-05T15:40:33,Nimby (yellow),1,0
238,"Scurv, Stowaway",2025-06-05T15:40:33,Sirens of Safe Harbor (yellow),1,0
238,"Scurv, Stowaway",2025-06-05T15:40:33,Swiftwater Sloop (yellow),1,0
238,"Scurv, Stowaway",2025-06-05T15:40:33,Chart a Course (blue),1,0
238,"Scurv, Stowaway",2025-06-05T15:40:33,Mutiny on the Battalion Barque (blue),1,0
238,"Scurv, Stowaway",2025-06-05T15:40:33,Nimblism (blue),1,0
238,"Scurv, Stowaway",2025-06-05T15:40:33,On the Horizon (blue),1,0
238,"Scurv, Stowaway",2025-06-05T15:40:33,Rally the Coast Guard (blue),1,0
238,"Scurv, Stowaway",2025-06-05T15:40:33,Sea Floor Salvage (blue),1,0
238,"Scurv, Stowaway",2025-06-05T15:40:33,Sirens of Safe Harbor (blue),1,0
238,"Scurv, Stowaway",2025-06-05T15:40:33,Swiftwater Sloop (blue),1,0
238,"Scurv, Stowaway",2025-06-05T15:40:33,Buccaneer's Bounty,1,1
238,"Scurv, Stowaway",2025-06-05T15:40:33,Helmsman's Peak,1,1
238,"Scurv, Stowaway",2025-06-05T15:40:33,Light Fingers,1,1
238,"Scurv, Stowaway",2025-06-05T15:40:33,Quick Clicks,1,1
239,Gravy Bones,2025-06-05T17:30:49,Blow for a Blow (red),1,0
239,Gravy Bones,2025-06-05T17:30:49,Burly Bones (red),1,0
239,Gravy Bones,2025-06-05T17:30:49,Crash Down the Gates (red),1,0
239,Gravy Bones,2025-06-05T17:30:49,Expedition to Blackwater Strait (red),1,0
239,Gravy Bones,2025-06-05T17:30:49,Expedition to Dreadfall Reach (red),2,0
239,Gravy Bones,2025-06-05T17:30:49,Expedition to Horizon's Mantle (red),1,0
239,Gravy Bones,2025-06-05T17:30:49,On the Horizon (red),1,0
239,Gravy Bones,2025-06-05T17:30:49,Scar for a Scar (red),1,0
239,Gravy Bones,2025-06-05T17:30:49,Thiev'n Varmints (red),1,0
239,Gravy Bones,2025-06-05T17:30:49,Barnacle (yellow),1,0
239,Gravy Bones,2025-06-05T17:30:49,Burly Bones (yellow),1,0
239,Gravy Bones,2025-06-05T17:30:49,"Cutty Shark, Quick Clip (yellow)",2,0
239,Gravy Bones,2025-06-05T17:30:49,Fiddler's Green (yellow),1,0
239,Gravy Bones,2025-06-05T17:30:49,HMS Barracuda (yellow),1,0
239,Gravy Bones,2025-06-05T17:30:49,HMS Kraken (yellow),1,0
239,Gravy Bones,2025-06-05T17:30:49,Jittery Bones (yellow),1,0
239,Gravy Bones,2025-06-05T17:30:49,Restless Bones (yellow),1,0
239,Gravy Bones,2025-06-05T17:30:49,"Shelly, Hardened Traveler (yellow)",1,0
239,Gravy Bones,2025-06-05T17:30:49,Swabbie (yellow),1,0
239,Gravy Bones,2025-06-05T17:30:49,Swiftwater Sloop (yellow),2,0
239,Gravy Bones,2025-06-05T17:30:49,Swindler's Grift (yellow),1,0
239,Gravy Bones,2025-06-05T17:30:49,Trade In (yellow),2,0
239,Gravy Bones,2025-06-05T17:30:49,Wailer Humperdinck (yellow),1,0
239,Gravy Bones,2025-06-05T17:30:49,Angry Bones (blue),1,0
239,Gravy Bones,2025-06-05T17:30:49,Give No Quarter (blue),1,0
239,Gravy Bones,2025-06-05T17:30:49,Jittery Bones (blue),1,0
239,Gravy Bones,2025-06-05T17:30:49,Mutiny on the Battalion Barque (blue),1,0
239,Gravy Bones,2025-06-05T17:30:49,Mutiny on the Nimbus Sovereign (blue),1,0
239,Gravy Bones,2025-06-05T17:30:49,Sirens of Safe Harbor (blue),1,0
239,Gravy Bones,2025-06-05T17:30:49,Swiftwater Sloop (blue),2,0
239,Gravy Bones,2025-06-05T17:30:49,Trade In (blue),1,0
239,Gravy Bones,2025-06-05T17:30:49,Yo Ho Ho! (blue),1,0
239,Gravy Bones,2025-06-05T17:30:49,Buccaneer's Bounty,1,1
239,Gravy Bones,2025-06-05T17:30:49,Head Stone,1,1
239,Gravy Bones,2025-06-05T17:30:49,Swiftstrike Bracers,1,1
239,Gravy Bones,2025-06-05T17:30:49,Washed Up Wave,1,1
240,Puffin,2025-06-05T18:34:58,Blow for a Blow (red),1,0
240,Puffin,2025-06-05T18:34:58,Cloud Skiff (red),2,0
240,Puffin,2025-06-05T18:34:58,Expedition to Blackwater Strait (red),1,0
240,Puffin,2025-06-05T18:34:58,Life for a Life (red),1,0
240,Puffin,2025-06-05T18:34:58,On the Horizon (red),1,0
240,Puffin,2025-06-05T18:34:58,Perk Up (red),1,0
240,Puffin,2025-06-05T18:34:58,Strike Gold (red),1,0
240,Puffin,2025-06-05T18:34:58,Swiftwater Sloop (red),1,0
240,Puffin,2025-06-05T18:34:58,Tough Old Wrench (red),2,0
240,Puffin,2025-06-05T18:34:58,Battalion Barque (yellow),2,0
240,Puffin,2025-06-05T18:34:58,Goldwing Turbine (yellow),1,0
240,Puffin,2025-06-05T18:34:58,HMS Barracuda (yellow),1,0
240,Puffin,2025-06-05T18:34:58,On the Horizon (yellow),1,0
240,Puffin,2025-06-05T18:34:58,Rally the Coast Guard (yellow),1,0
240,Puffin,2025-06-05T18:34:58,Sirens of Safe Harbor (yellow),1,0
240,Puffin,2025-06-05T18:34:58,Sky Skimmer (yellow),1,0
240,Puffin,2025-06-05T18:34:58,Strike Gold (yellow),2,0
240,Puffin,2025-06-05T18:34:58,Teeth of the Cog (yellow),2,0
240,Puffin,2025-06-05T18:34:58,Trade In (yellow),1,0
240,Puffin,2025-06-05T18:34:58,Clap 'Em in Irons (blue),1,0
240,Puffin,2025-06-05T18:34:58,Cloud Skiff (blue),2,0
240,Puffin,2025-06-05T18:34:58,Cogwerx Zeppelin (blue),1,0
240,Puffin,2025-06-05T18:34:58,Copper Cog (blue),1,0
240,Puffin,2025-06-05T18:34:58,Goldwing Turbine (blue),3,0
240,Puffin,2025-06-05T18:34:58,Pinion Sentry (blue),1,0
240,Puffin,2025-06-05T18:34:58,Sea Floor Salvage (blue),1,0
240,Puffin,2025-06-05T18:34:58,Sky Skimmer (blue),1,0
240,Puffin,2025-06-05T18:34:58,Teeth of the Cog (blue),1,0
240,Puffin,2025-06-05T18:34:58,Tough Old Wrench (blue),1,0
240,Puffin,2025-06-05T18:34:58,Captain's Coat,1,1
240,Puffin,2025-06-05T18:34:58,Helmsman's Peak,1,1
240,Puffin,2025-06-05T18:34:58,Light Fingers,1,1
240,Puffin,2025-06-05T18:34:58,Rust Belt,1,1
241,"Scurv, Stowaway",2025-06-05T19:03:10,Expedition to Dreadfall Reach (red),1,0
241,"Scurv, Stowaway",2025-06-05T19:03:10,Jack Be Nimble (red),1,0
241,"Scurv, Stowaway",2025-06-05T19:03:10,Money or Your Life? (red),1,0
241,"Scurv, Stowaway",2025-06-05T19:03:10,Nimby (red),1,0
241,"Scurv, Stowaway",2025-06-05T19:03:10,Pilfer the Wreck (red),1,0
241,"Scurv, Stowaway",2025-06-05T19:03:10,Rally the Coast Guard (red),1,0
241,"Scurv, Stowaway",2025-06-05T19:03:10,Ravenous Rabble (red),1,0
241,"Scurv, Stowaway",2025-06-05T19:03:10,Scar for a Scar (red),1,0
241,"Scurv, Stowaway",2025-06-05T19:03:10,Thiev'n Varmints (red),4,0
241,"Scurv, Stowaway",2025-06-05T19:03:10,Trade In (red),1,0
241,"Scurv, Stowaway",2025-06-05T19:03:10,Flying High (yellow),1,0
241,"Scurv, Stowaway",2025-06-05T19:03:10,Gold Hunter Longboat (yellow),1,0
241,"Scurv, Stowaway",2025-06-05T19:03:10,HMS Barracuda (yellow),1,0
241,"Scurv, Stowaway",2025-06-05T19:03:10,Chart a Course (yellow),2,0
241,"Scurv, Stowaway",2025-06-05T19:03:10,Lost in Transit (yellow),1,0
241,"Scurv, Stowaway",2025-06-05T19:03:10,Nimblism (yellow),2,0
241,"Scurv, Stowaway",2025-06-05T19:03:10,Nimby (yellow),1,0
241,"Scurv, Stowaway",2025-06-05T19:03:10,Pilfer the Wreck (yellow),1,0
241,"Scurv, Stowaway",2025-06-05T19:03:10,Sirens of Safe Harbor (yellow),2,0
241,"Scurv, Stowaway",2025-06-05T19:03:10,Flying High (blue),1,0
241,"Scurv, Stowaway",2025-06-05T19:03:10,Rally the Coast Guard (blue),1,0
241,"Scurv, Stowaway",2025-06-05T19:03:10,Sunken Treasure (blue),1,0
241,"Scurv, Stowaway",2025-06-05T19:03:10,Swiftwater Sloop (blue),1,0
241,"Scurv, Stowaway",2025-06-05T19:03:10,Walk the Plank (blue),1,0
241,"Scurv, Stowaway",2025-06-05T19:03:10,Helmsman's Peak,1,1
241,"Scurv, Stowaway",2025-06-05T19:03:10,Quick Clicks,1,1
241,"Scurv, Stowaway",2025-06-05T19:03:10,Swiftstrike Bracers,1,1
242,Puffin,2025-06-05T22:41:46,Cloud Skiff (red),1,0
242,Puffin,2025-06-05T22:41:46,Cogwerx Dovetail (red),1,0
242,Puffin,2025-06-05T22:41:46,Cogwerx Zeppelin (red),1,0
242,Puffin,2025-06-05T22:41:46,Draw Back the Hammer (red),1,0
242,Puffin,2025-06-05T22:41:46,Goldwing Turbine (red),2,0
242,Puffin,2025-06-05T22:41:46,Chart a Course (red),2,0
242,Puffin,2025-06-05T22:41:46,On the Horizon (red),1,0
242,Puffin,2025-06-05T22:41:46,Perk Up (red),2,0
242,Puffin,2025-06-05T22:41:46,Rally the Coast Guard (red),1,0
242,Puffin,2025-06-05T22:41:46,Scar for a Scar (red),1,0
242,Puffin,2025-06-05T22:41:46,Sky Skimmer (red),1,0
242,Puffin,2025-06-05T22:41:46,Teeth of the Cog (red),2,0
242,Puffin,2025-06-05T22:41:46,Trade In (red),1,0
242,Puffin,2025-06-05T22:41:46,Goldwing Turbine (yellow),3,0
242,Puffin,2025-06-05T22:41:46,On the Horizon (yellow),1,0
242,Puffin,2025-06-05T22:41:46,Pilfer the Wreck (yellow),1,0
242,Puffin,2025-06-05T22:41:46,Sirens of Safe Harbor (yellow),1,0
242,Puffin,2025-06-05T22:41:46,Strike Gold (yellow),1,0
242,Puffin,2025-06-05T22:41:46,Cloud Skiff (blue),2,0
242,Puffin,2025-06-05T22:41:46,Goldwing Turbine (blue),3,0
242,Puffin,2025-06-05T22:41:46,Lubricate (blue),1,0
242,Puffin,2025-06-05T22:41:46,On the Horizon (blue),1,0
242,Puffin,2025-06-05T22:41:46,Rally the Coast Guard (blue),1,0
242,Puffin,2025-06-05T22:41:46,Sky Skimmer (blue),2,0
242,Puffin,2025-06-05T22:41:46,Trade In (blue),1,0
242,Puffin,2025-06-05T22:41:46,Blue Sea Tricorn,1,1
242,Puffin,2025-06-05T22:41:46,Light Fingers,1,1
242,Puffin,2025-06-05T22:41:46,Quartermaster's Boots,1,1
242,Puffin,2025-06-05T22:41:46,Rust Belt,2,1
243,Gravy Bones,2025-06-05T23:37:34,Angry Bones (red),1,0
243,Gravy Bones,2025-06-05T23:37:34,Blood in the Water (red),1,0
243,Gravy Bones,2025-06-05T23:37:34,Burly Bones (red),2,0
243,Gravy Bones,2025-06-05T23:37:34,Expedition to Dreadfall Reach (red),1,0
243,Gravy Bones,2025-06-05T23:37:34,Life for a Life (red),1,0
243,Gravy Bones,2025-06-05T23:37:34,Nimblism (red),1,0
243,Gravy Bones,2025-06-05T23:37:34,Paddle Faster (red),1,0
243,Gravy Bones,2025-06-05T23:37:34,Rally the Coast Guard (red),1,0
243,Gravy Bones,2025-06-05T23:37:34,Restless Bones (red),2,0
243,Gravy Bones,2025-06-05T23:37:34,Sirens of Safe Harbor (red),1,0
243,Gravy Bones,2025-06-05T23:37:34,Angry Bones (yellow),1,0
243,Gravy Bones,2025-06-05T23:37:34,"Cutty Shark, Quick Clip (yellow)",3,0
243,Gravy Bones,2025-06-05T23:37:34,Gold Hunter Ketch (yellow),1,0
243,Gravy Bones,2025-06-05T23:37:34,Riggermortis (yellow),2,0
243,Gravy Bones,2025-06-05T23:37:34,Swabbie (yellow),1,0
243,Gravy Bones,2025-06-05T23:37:34,Angry Bones (blue),2,0
243,Gravy Bones,2025-06-05T23:37:34,Burly Bones (blue),2,0
243,Gravy Bones,2025-06-05T23:37:34,Jittery Bones (blue),1,0
243,Gravy Bones,2025-06-05T23:37:34,Mutiny on the Battalion Barque (blue),1,0
243,Gravy Bones,2025-06-05T23:37:34,Nimblism (blue),1,0
243,Gravy Bones,2025-06-05T23:37:34,Restless Bones (blue),4,0
243,Gravy Bones,2025-06-05T23:37:34,Scrub the Deck (blue),1,0
243,Gravy Bones,2025-06-05T23:37:34,Strike Gold (blue),2,0
243,Gravy Bones,2025-06-05T23:37:34,Tip the Barkeep (blue),1,0
243,Gravy Bones,2025-06-05T23:37:34,Captain's Coat,1,1
243,Gravy Bones,2025-06-05T23:37:34,Head Stone,2,1
243,Gravy Bones,2025-06-05T23:37:34,Peg Leg,1,1
243,Gravy Bones,2025-06-05T23:37:34,Washed Up Wave,1,1
244,Marlynn,2025-06-06T04:05:11,Expedition to Azuro Keys (red),1,0
244,Marlynn,2025-06-06T04:05:11,Head Shot (red),1,0
244,Marlynn,2025-06-06T04:05:11,King Kraken Harpoon (red),1,0
244,Marlynn,2025-06-06T04:05:11,King Shark Harpoon (red),1,0
244,Marlynn,2025-06-06T04:05:11,Nettling Shot (red),2,0
244,Marlynn,2025-06-06T04:05:11,On the Horizon (red),1,0
244,Marlynn,2025-06-06T04:05:11,Salvage Shot (red),1,0
244,Marlynn,2025-06-06T04:05:11,Scouting Shot (red),2,0
244,Marlynn,2025-06-06T04:05:11,Sic 'Em Shot (red),1,0
244,Marlynn,2025-06-06T04:05:11,Thiev'n Varmints (red),2,0
244,Marlynn,2025-06-06T04:05:11,Call in the Big Guns (yellow),1,0
244,Marlynn,2025-06-06T04:05:11,Money or Your Life? (yellow),1,0
244,Marlynn,2025-06-06T04:05:11,On the Horizon (yellow),1,0
244,Marlynn,2025-06-06T04:05:11,Salvage Shot (yellow),1,0
244,Marlynn,2025-06-06T04:05:11,Sic 'Em Shot (yellow),2,0
244,Marlynn,2025-06-06T04:05:11,Blue Fin Harpoon (blue),1,0
244,Marlynn,2025-06-06T04:05:11,Crash Down the Gates (blue),1,0
244,Marlynn,2025-06-06T04:05:11,Divvy Up (blue),1,0
244,Marlynn,2025-06-06T04:05:11,Head Shot (blue),3,0
244,Marlynn,2025-06-06T04:05:11,Mutiny on the Swiftwater (blue),1,0
244,Marlynn,2025-06-06T04:05:11,Portside Exchange (blue),1,0
244,Marlynn,2025-06-06T04:05:11,Red Fin Harpoon (blue),1,0
244,Marlynn,2025-06-06T04:05:11,Rusty Harpoon (blue),2,0
244,Marlynn,2025-06-06T04:05:11,Salvage Shot (blue),2,0
244,Marlynn,2025-06-06T04:05:11,Sea Floor Salvage (blue),1,0
244,Marlynn,2025-06-06T04:05:11,Throw Caution to the Wind (blue),1,0
244,Marlynn,2025-06-06T04:05:11,Yellow Fin Harpoon (blue),1,0
244,Marlynn,2025-06-06T04:05:11,Fish Fingers,1,1
244,Marlynn,2025-06-06T04:05:11,Helmsman's Peak,1,1
244,Marlynn,2025-06-06T04:05:11,Old Knocker,1,1
245,Marlynn,2025-06-06T12:31:30,Call in the Big Guns (red),2,0
245,Marlynn,2025-06-06T12:31:30,Dry Powder Shot (red),1,0
245,Marlynn,2025-06-06T12:31:30,Entangling Shot (red),1,0
245,Marlynn,2025-06-06T12:31:30,Head Shot (red),2,0
245,Marlynn,2025-06-06T12:31:30,Nettling Shot (red),1,0
245,Marlynn,2025-06-06T12:31:30,Salvage Shot (red),1,0
245,Marlynn,2025-06-06T12:31:30,Sic 'Em Shot (red),1,0
245,Marlynn,2025-06-06T12:31:30,Swift Shot (red),1,0
245,Marlynn,2025-06-06T12:31:30,Call in the Big Guns (yellow),2,0
245,Marlynn,2025-06-06T12:31:30,Golden Tipple (yellow),1,0
245,Marlynn,2025-06-06T12:31:30,Head Shot (yellow),2,0
245,Marlynn,2025-06-06T12:31:30,HMS Barracuda (yellow),1,0
245,Marlynn,2025-06-06T12:31:30,Sic 'Em Shot (yellow),2,0
245,Marlynn,2025-06-06T12:31:30,Swindler's Grift (yellow),1,0
245,Marlynn,2025-06-06T12:31:30,Head Shot (blue),3,0
245,Marlynn,2025-06-06T12:31:30,Line (blue),1,0
245,Marlynn,2025-06-06T12:31:30,Mutiny on the Battalion Barque (blue),1,0
245,Marlynn,2025-06-06T12:31:30,Rally the Coast Guard (blue),1,0
245,Marlynn,2025-06-06T12:31:30,Red Fin Harpoon (blue),2,0
245,Marlynn,2025-06-06T12:31:30,Rusty Harpoon (blue),2,0
245,Marlynn,2025-06-06T12:31:30,Salvage Shot (blue),1,0
245,Marlynn,2025-06-06T12:31:30,Sic 'Em Shot (blue),2,0
245,Marlynn,2025-06-06T12:31:30,Sirens of Safe Harbor (blue),1,0
245,Marlynn,2025-06-06T12:31:30,Trade In (blue),1,0
245,Marlynn,2025-06-06T12:31:30,Walk the Plank (blue),1,0
245,Marlynn,2025-06-06T12:31:30,Yellow Fin Harpoon (blue),1,0
245,Marlynn,2025-06-06T12:31:30,Blue Sea Tricorn,1,1
245,Marlynn,2025-06-06T12:31:30,Buccaneer's Bounty,1,1
245,Marlynn,2025-06-06T12:31:30,Glidewell Fins,1,1
245,Marlynn,2025-06-06T12:31:30,Peg Leg,1,1
246,Puffin,2025-06-06T14:01:57,Cloud Skiff (red),1,0
246,Puffin,2025-06-06T14:01:57,Expedition to Horizon's Mantle (red),1,0
246,Puffin,2025-06-06T14:01:57,Fiddler's Green (red),1,0
246,Puffin,2025-06-06T14:01:57,Perk Up (red),1,0
246,Puffin,2025-06-06T14:01:57,Rally the Coast Guard (red),1,0
246,Puffin,2025-06-06T14:01:57,Sky Skimmer (red),2,0
246,Puffin,2025-06-06T14:01:57,Swiftwater Sloop (red),1,0
246,Puffin,2025-06-06T14:01:57,Swindler's Grift (red),1,0
246,Puffin,2025-06-06T14:01:57,Walk the Plank (red),1,0
246,Puffin,2025-06-06T14:01:57,Cloud Skiff (yellow),1,0
246,Puffin,2025-06-06T14:01:57,Crash Down the Gates (yellow),1,0
246,Puffin,2025-06-06T14:01:57,Gold Hunter Marauder (yellow),1,0
246,Puffin,2025-06-06T14:01:57,Golden Tipple (yellow),1,0
246,Puffin,2025-06-06T14:01:57,HMS Marlin (yellow),1,0
246,Puffin,2025-06-06T14:01:57,Lost in Transit (yellow),1,0
246,Puffin,2025-06-06T14:01:57,Sirens of Safe Harbor (yellow),2,0
246,Puffin,2025-06-06T14:01:57,Sky Skimmer (yellow),1,0
246,Puffin,2025-06-06T14:01:57,Strike Gold (yellow),1,0
246,Puffin,2025-06-06T14:01:57,Swindler's Grift (yellow),1,0
246,Puffin,2025-06-06T14:01:57,Tough Old Wrench (yellow),1,0
246,Puffin,2025-06-06T14:01:57,Cogwerx Zeppelin (blue),1,0
246,Puffin,2025-06-06T14:01:57,Copper Cog (blue),1,0
246,Puffin,2025-06-06T14:01:57,Goldwing Turbine (blue),2,0
246,Puffin,2025-06-06T14:01:57,Nimblism (blue),1,0
246,Puffin,2025-06-06T14:01:57,Pinion Sentry (blue),1,0
246,Puffin,2025-06-06T14:01:57,Rally the Coast Guard (blue),1,0
246,Puffin,2025-06-06T14:01:57,Sea Floor Salvage (blue),1,0
246,Puffin,2025-06-06T14:01:57,Sky Skimmer (blue),1,0
246,Puffin,2025-06-06T14:01:57,Teeth of the Cog (blue),3,0
246,Puffin,2025-06-06T14:01:57,Trade In (blue),1,0
246,Puffin,2025-06-06T14:01:57,Blue Sea Tricorn,1,1
246,Puffin,2025-06-06T14:01:57,Captain's Coat,1,1
246,Puffin,2025-06-06T14:01:57,Fish Fingers,1,1
246,Puffin,2025-06-06T14:01:57,Rust Belt,1,1
246,Puffin,2025-06-06T14:01:57,Unicycle,1,1
247,Marlynn,2025-06-06T14:51:07,Battalion Barque (red),1,0
247,Marlynn,2025-06-06T14:51:07,Blow for a Blow (red),1,0
247,Marlynn,2025-06-06T14:51:07,Call in the Big Guns (red),2,0
247,Marlynn,2025-06-06T14:51:07,Crash Down the Gates (red),1,0
247,Marlynn,2025-06-06T14:51:07,Dry Powder Shot (red),3,0
247,Marlynn,2025-06-06T14:51:07,Head Shot (red),1,0
247,Marlynn,2025-06-06T14:51:07,Nettling Shot (red),2,0
247,Marlynn,2025-06-06T14:51:07,Ravenous Rabble (red),3,0
247,Marlynn,2025-06-06T14:51:07,Salvage Shot (red),2,0
247,Marlynn,2025-06-06T14:51:07,Scar for a Scar (red),1,0
247,Marlynn,2025-06-06T14:51:07,Sic 'Em Shot (red),1,0
247,Marlynn,2025-06-06T14:51:07,Swift Shot (red),3,0
247,Marlynn,2025-06-06T14:51:07,Call in the Big Guns (yellow),3,0
247,Marlynn,2025-06-06T14:51:07,Gold Hunter Longboat (yellow),1,0
247,Marlynn,2025-06-06T14:51:07,Gold the Tip (yellow),1,0
247,Marlynn,2025-06-06T14:51:07,Golden Tipple (yellow),1,0
247,Marlynn,2025-06-06T14:51:07,HMS Kraken (yellow),1,0
247,Marlynn,2025-06-06T14:51:07,HMS Marlin (yellow),1,0
247,Marlynn,2025-06-06T14:51:07,On the Horizon (yellow),1,0
247,Marlynn,2025-06-06T14:51:07,Salvage Shot (yellow),1,0
247,Marlynn,2025-06-06T14:51:07,Call in the Big Guns (blue),1,0
247,Marlynn,2025-06-06T14:51:07,Head Shot (blue),1,0
247,Marlynn,2025-06-06T14:51:07,Salvage Shot (blue),2,0
247,Marlynn,2025-06-06T14:51:07,Glidewell Fins,1,1
247,Marlynn,2025-06-06T14:51:07,Old Knocker,1,1
247,Marlynn,2025-06-06T14:51:07,Patch the Hole,1,1
247,Marlynn,2025-06-06T14:51:07,Quartermaster's Boots,2,1
248,Gravy Bones,2025-06-06T15:29:39,Angry Bones (red),1,0
248,Gravy Bones,2025-06-06T15:29:39,Battalion Barque (red),1,0
248,Gravy Bones,2025-06-06T15:29:39,Blow for a Blow (red),1,0
248,Gravy Bones,2025-06-06T15:29:39,Board the Ship (red),1,0
248,Gravy Bones,2025-06-06T15:29:39,Expedition to Azuro Keys (red),1,0
248,Gravy Bones,2025-06-06T15:29:39,Expedition to Dreadfall Reach (red),1,0
248,Gravy Bones,2025-06-06T15:29:39,Jittery Bones (red),3,0
248,Gravy Bones,2025-06-06T15:29:39,Restless Bones (red),1,0
248,Gravy Bones,2025-06-06T15:29:39,Swindler's Grift (red),1,0
248,Gravy Bones,2025-06-06T15:29:39,Burly Bones (yellow),1,0
248,Gravy Bones,2025-06-06T15:29:39,"Cutty Shark, Quick Clip (yellow)",1,0
248,Gravy Bones,2025-06-06T15:29:39,HMS Kraken (yellow),1,0
248,Gravy Bones,2025-06-06T15:29:39,"Limpit, Hop-a-long (yellow)",1,0
248,Gravy Bones,2025-06-06T15:29:39,Riggermortis (yellow),2,0
248,Gravy Bones,2025-06-06T15:29:39,"Shelly, Hardened Traveler (yellow)",1,0
248,Gravy Bones,2025-06-06T15:29:39,Strike Gold (yellow),1,0
248,Gravy Bones,2025-06-06T15:29:39,Swabbie (yellow),2,0
248,Gravy Bones,2025-06-06T15:29:39,Angry Bones (blue),2,0
248,Gravy Bones,2025-06-06T15:29:39,Avast Ye! (blue),1,0
248,Gravy Bones,2025-06-06T15:29:39,Battalion Barque (blue),1,0
248,Gravy Bones,2025-06-06T15:29:39,Burly Bones (blue),1,0
248,Gravy Bones,2025-06-06T15:29:39,Golden Tipple (blue),2,0
248,Gravy Bones,2025-06-06T15:29:39,Jittery Bones (blue),1,0
248,Gravy Bones,2025-06-06T15:29:39,Mutiny on the Swiftwater (blue),1,0
248,Gravy Bones,2025-06-06T15:29:39,Restless Bones (blue),2,0
248,Gravy Bones,2025-06-06T15:29:39,Sirens of Safe Harbor (blue),1,0
248,Gravy Bones,2025-06-06T15:29:39,Swiftwater Sloop (blue),2,0
248,Gravy Bones,2025-06-06T15:29:39,Trade In (blue),1,0
248,Gravy Bones,2025-06-06T15:29:39,Blue Sea Tricorn,1,1
248,Gravy Bones,2025-06-06T15:29:39,Captain's Coat,1,1
248,Gravy Bones,2025-06-06T15:29:39,Quartermaster's Boots,1,1
249,Puffin,2025-06-06T17:26:49,Battalion Barque (red),1,0
249,Puffin,2025-06-06T17:26:49,Blow for a Blow (red),1,0
249,Puffin,2025-06-06T17:26:49,Cloud City Steamboat (red),1,0
249,Puffin,2025-06-06T17:26:49,Cloud Skiff (red),2,0
249,Puffin,2025-06-06T17:26:49,Draw Back the Hammer (red),2,0
249,Puffin,2025-06-06T17:26:49,Expedition to Blackwater Strait (red),2,0
249,Puffin,2025-06-06T17:26:49,Expedition to Dreadfall Reach (red),1,0
249,Puffin,2025-06-06T17:26:49,Tough Old Wrench (red),1,0
249,Puffin,2025-06-06T17:26:49,Fool's Gold (yellow),1,0
249,Puffin,2025-06-06T17:26:49,Gold Hunter Ketch (yellow),1,0
249,Puffin,2025-06-06T17:26:49,Gold Hunter Marauder (yellow),1,0
249,Puffin,2025-06-06T17:26:49,Golden Tipple (yellow),2,0
249,Puffin,2025-06-06T17:26:49,Goldwing Turbine (yellow),3,0
249,Puffin,2025-06-06T17:26:49,Jolly Bludger (yellow),1,0
249,Puffin,2025-06-06T17:26:49,Rally the Coast Guard (yellow),2,0
249,Puffin,2025-06-06T17:26:49,Strike Gold (yellow),1,0
249,Puffin,2025-06-06T17:26:49,Tough Old Wrench (yellow),2,0
249,Puffin,2025-06-06T17:26:49,Trade In (yellow),1,0
249,Puffin,2025-06-06T17:26:49,Cloud City Steamboat (blue),1,0
249,Puffin,2025-06-06T17:26:49,Cloud Skiff (blue),1,0
249,Puffin,2025-06-06T17:26:49,Copper Cog (blue),1,0
249,Puffin,2025-06-06T17:26:49,Saltwater Swell (blue),1,0
249,Puffin,2025-06-06T17:26:49,Sky Skimmer (blue),1,0
249,Puffin,2025-06-06T17:26:49,Swindler's Grift (blue),1,0
249,Puffin,2025-06-06T17:26:49,Teeth of the Cog (blue),2,0
249,Puffin,2025-06-06T17:26:49,Throw Caution to the Wind (blue),1,0
249,Puffin,2025-06-06T17:26:49,Tough Old Wrench (blue),1,0
249,Puffin,2025-06-06T17:26:49,Rust Belt,1,1
249,Puffin,2025-06-06T17:26:49,Unicycle,1,1
250,Gravy Bones,2025-06-06T17:37:57,Angry Bones (red),2,0
250,Gravy Bones,2025-06-06T17:37:57,Burly Bones (red),2,0
250,Gravy Bones,2025-06-06T17:37:57,Expedition to Dreadfall Reach (red),1,0
250,Gravy Bones,2025-06-06T17:37:57,Jittery Bones (red),1,0
250,Gravy Bones,2025-06-06T17:37:57,Restless Bones (red),2,0
250,Gravy Bones,2025-06-06T17:37:57,Swiftwater Sloop (red),1,0
250,Gravy Bones,2025-06-06T17:37:57,Thiev'n Varmints (red),1,0
250,Gravy Bones,2025-06-06T17:37:57,Angry Bones (yellow),1,0
250,Gravy Bones,2025-06-06T17:37:57,Barnacle (yellow),1,0
250,Gravy Bones,2025-06-06T17:37:57,Burly Bones (yellow),1,0
250,Gravy Bones,2025-06-06T17:37:57,"Cutty Shark, Quick Clip (yellow)",2,0
250,Gravy Bones,2025-06-06T17:37:57,Restless Bones (yellow),2,0
250,Gravy Bones,2025-06-06T17:37:57,Riggermortis (yellow),1,0
250,Gravy Bones,2025-06-06T17:37:57,"Shelly, Hardened Traveler (yellow)",2,0
250,Gravy Bones,2025-06-06T17:37:57,Swabbie (yellow),1,0
250,Gravy Bones,2025-06-06T17:37:57,Walk the Plank (yellow),1,0
250,Gravy Bones,2025-06-06T17:37:57,Angry Bones (blue),1,0
250,Gravy Bones,2025-06-06T17:37:57,Golden Tipple (blue),1,0
250,Gravy Bones,2025-06-06T17:37:57,Heave Ho! (blue),1,0
250,Gravy Bones,2025-06-06T17:37:57,Jittery Bones (blue),3,0
250,Gravy Bones,2025-06-06T17:37:57,Mutiny on the Battalion Barque (blue),1,0
250,Gravy Bones,2025-06-06T17:37:57,Mutiny on the Nimbus Sovereign (blue),1,0
250,Gravy Bones,2025-06-06T17:37:57,Mutiny on the Swiftwater (blue),1,0
250,Gravy Bones,2025-06-06T17:37:57,On the Horizon (blue),1,0
250,Gravy Bones,2025-06-06T17:37:57,Onyx Amulet (blue),1,0
250,Gravy Bones,2025-06-06T17:37:57,Rally the Coast Guard (blue),1,0
250,Gravy Bones,2025-06-06T17:37:57,Scrub the Deck (blue),1,0
250,Gravy Bones,2025-06-06T17:37:57,Sea Floor Salvage (blue),1,0
250,Gravy Bones,2025-06-06T17:37:57,Strike Gold (blue),1,0
250,Gravy Bones,2025-06-06T17:37:57,Yo Ho Ho! (blue),1,0
250,Gravy Bones,2025-06-06T17:37:57,Head Stone,1,1
250,Gravy Bones,2025-06-06T17:37:57,Quartermaster's Boots,1,1
250,Gravy Bones,2025-06-06T17:37:57,Washed Up Wave,1,1
251,Gravy Bones,2025-06-07T04:55:57,Blow for a Blow (red),1,0
251,Gravy Bones,2025-06-07T04:55:57,Burly Bones (red),1,0
251,Gravy Bones,2025-06-07T04:55:57,Expedition to Dreadfall Reach (red),1,0
251,Gravy Bones,2025-06-07T04:55:57,Golden Tipple (red),1,0
251,Gravy Bones,2025-06-07T04:55:57,Chart a Course (red),1,0
251,Gravy Bones,2025-06-07T04:55:57,Jittery Bones (red),1,0
251,Gravy Bones,2025-06-07T04:55:57,Restless Bones (red),1,0
251,Gravy Bones,2025-06-07T04:55:57,Angry Bones (yellow),1,0
251,Gravy Bones,2025-06-07T04:55:57,Barnacle (yellow),1,0
251,Gravy Bones,2025-06-07T04:55:57,Battalion Barque (yellow),1,0
251,Gravy Bones,2025-06-07T04:55:57,Gold Hunter Longboat (yellow),2,0
251,Gravy Bones,2025-06-07T04:55:57,Gold Hunter Marauder (yellow),1,0
251,Gravy Bones,2025-06-07T04:55:57,HMS Barracuda (yellow),1,0
251,Gravy Bones,2025-06-07T04:55:57,HMS Kraken (yellow),1,0
251,Gravy Bones,2025-06-07T04:55:57,Chart a Course (yellow),1,0
251,Gravy Bones,2025-06-07T04:55:57,Rally the Coast Guard (yellow),1,0
251,Gravy Bones,2025-06-07T04:55:57,Riggermortis (yellow),1,0
251,Gravy Bones,2025-06-07T04:55:57,"Shelly, Hardened Traveler (yellow)",2,0
251,Gravy Bones,2025-06-07T04:55:57,Sirens of Safe Harbor (yellow),1,0
251,Gravy Bones,2025-06-07T04:55:57,Swabbie (yellow),1,0
251,Gravy Bones,2025-06-07T04:55:57,Swiftwater Sloop (yellow),1,0
251,Gravy Bones,2025-06-07T04:55:57,Avast Ye! (blue),1,0
251,Gravy Bones,2025-06-07T04:55:57,Burly Bones (blue),2,0
251,Gravy Bones,2025-06-07T04:55:57,Golden Tipple (blue),1,0
251,Gravy Bones,2025-06-07T04:55:57,Jittery Bones (blue),2,0
251,Gravy Bones,2025-06-07T04:55:57,Mutiny on the Swiftwater (blue),1,0
251,Gravy Bones,2025-06-07T04:55:57,Nimby (blue),2,0
251,Gravy Bones,2025-06-07T04:55:57,Pilfer the Wreck (blue),1,0
251,Gravy Bones,2025-06-07T04:55:57,Restless Bones (blue),1,0
251,Gravy Bones,2025-06-07T04:55:57,Yo Ho Ho! (blue),1,0
251,Gravy Bones,2025-06-07T04:55:57,Blue Sea Tricorn,1,1
251,Gravy Bones,2025-06-07T04:55:57,Head Stone,1,1
251,Gravy Bones,2025-06-07T04:55:57,Old Knocker,1,1
251,Gravy Bones,2025-06-07T04:55:57,Quick Clicks,1,1
251,Gravy Bones,2025-06-07T04:55:57,Washed Up Wave,1,1
252,Gravy Bones,2025-06-07T12:35:34,Angry Bones (red),1,0
252,Gravy Bones,2025-06-07T12:35:34,Battalion Barque (red),1,0
252,Gravy Bones,2025-06-07T12:35:34,Burly Bones (red),1,0
252,Gravy Bones,2025-06-07T12:35:34,Fiddler's Green (red),2,0
252,Gravy Bones,2025-06-07T12:35:34,Restless Bones (red),2,0
252,Gravy Bones,2025-06-07T12:35:34,Saltwater Swell (red),1,0
252,Gravy Bones,2025-06-07T12:35:34,Angry Bones (yellow),1,0
252,Gravy Bones,2025-06-07T12:35:34,Barnacle (yellow),1,0
252,Gravy Bones,2025-06-07T12:35:34,Burly Bones (yellow),1,0
252,Gravy Bones,2025-06-07T12:35:34,"Cutty Shark, Quick Clip (yellow)",3,0
252,Gravy Bones,2025-06-07T12:35:34,Fiddler's Green (yellow),1,0
252,Gravy Bones,2025-06-07T12:35:34,Gold Hunter Marauder (yellow),1,0
252,Gravy Bones,2025-06-07T12:35:34,Rally the Coast Guard (yellow),3,0
252,Gravy Bones,2025-06-07T12:35:34,Riggermortis (yellow),1,0
252,Gravy Bones,2025-06-07T12:35:34,Saltwater Swell (yellow),1,0
252,Gravy Bones,2025-06-07T12:35:34,"Scooba, Salty Sea Dog (yellow)",1,0
252,Gravy Bones,2025-06-07T12:35:34,"Shelly, Hardened Traveler (yellow)",1,0
252,Gravy Bones,2025-06-07T12:35:34,Swabbie (yellow),1,0
252,Gravy Bones,2025-06-07T12:35:34,Angry Bones (blue),1,0
252,Gravy Bones,2025-06-07T12:35:34,Avast Ye! (blue),1,0
252,Gravy Bones,2025-06-07T12:35:34,Burly Bones (blue),1,0
252,Gravy Bones,2025-06-07T12:35:34,Flying High (blue),1,0
252,Gravy Bones,2025-06-07T12:35:34,Give No Quarter (blue),1,0
252,Gravy Bones,2025-06-07T12:35:34,Golden Tipple (blue),1,0
252,Gravy Bones,2025-06-07T12:35:34,Jittery Bones (blue),3,0
252,Gravy Bones,2025-06-07T12:35:34,Portside Exchange (blue),1,0
252,Gravy Bones,2025-06-07T12:35:34,Rally the Coast Guard (blue),1,0
252,Gravy Bones,2025-06-07T12:35:34,Restless Bones (blue),1,0
252,Gravy Bones,2025-06-07T12:35:34,Sirens of Safe Harbor (blue),1,0
252,Gravy Bones,2025-06-07T12:35:34,Swiftwater Sloop (blue),1,0
252,Gravy Bones,2025-06-07T12:35:34,Throw Caution to the Wind (blue),1,0
252,Gravy Bones,2025-06-07T12:35:34,Captain's Coat,1,1
252,Gravy Bones,2025-06-07T12:35:34,Washed Up Wave,1,1
253,Gravy Bones,2025-06-07T17:34:17,Angry Bones (red),2,0
253,Gravy Bones,2025-06-07T17:34:17,Burly Bones (red),2,0
253,Gravy Bones,2025-06-07T17:34:17,Jack Be Nimble (red),1,0
253,Gravy Bones,2025-06-07T17:34:17,Nimblism (red),1,0
253,Gravy Bones,2025-06-07T17:34:17,Restless Bones (red),1,0
253,Gravy Bones,2025-06-07T17:34:17,Swiftwater Sloop (red),1,0
253,Gravy Bones,2025-06-07T17:34:17,Angry Bones (yellow),1,0
253,Gravy Bones,2025-06-07T17:34:17,Battalion Barque (yellow),1,0
253,Gravy Bones,2025-06-07T17:34:17,Burly Bones (yellow),1,0
253,Gravy Bones,2025-06-07T17:34:17,"Cutty Shark, Quick Clip (yellow)",3,0
253,Gravy Bones,2025-06-07T17:34:17,Fool's Gold (yellow),1,0
253,Gravy Bones,2025-06-07T17:34:17,Jittery Bones (yellow),1,0
253,Gravy Bones,2025-06-07T17:34:17,Lost in Transit (yellow),1,0
253,Gravy Bones,2025-06-07T17:34:17,Restless Bones (yellow),2,0
253,Gravy Bones,2025-06-07T17:34:17,Riggermortis (yellow),1,0
253,Gravy Bones,2025-06-07T17:34:17,Swabbie (yellow),2,0
253,Gravy Bones,2025-06-07T17:34:17,Angry Bones (blue),4,0
253,Gravy Bones,2025-06-07T17:34:17,Burly Bones (blue),1,0
253,Gravy Bones,2025-06-07T17:34:17,Golden Tipple (blue),2,0
253,Gravy Bones,2025-06-07T17:34:17,Chart a Course (blue),1,0
253,Gravy Bones,2025-06-07T17:34:17,Mutiny on the Swiftwater (blue),2,0
253,Gravy Bones,2025-06-07T17:34:17,Nimblism (blue),1,0
253,Gravy Bones,2025-06-07T17:34:17,Portside Exchange (blue),1,0
253,Gravy Bones,2025-06-07T17:34:17,Restless Bones (blue),1,0
253,Gravy Bones,2025-06-07T17:34:17,Swindler's Grift (blue),1,0
253,Gravy Bones,2025-06-07T17:34:17,Buccaneer's Bounty,1,1
253,Gravy Bones,2025-06-07T17:34:17,Helmsman's Peak,1,1
253,Gravy Bones,2025-06-07T17:34:17,Quartermaster's Boots,1,1
253,Gravy Bones,2025-06-07T17:34:17,Washed Up Wave,1,1
254,Puffin,2025-06-07T20:17:38,Cloud Skiff (red),2,0
254,Puffin,2025-06-07T20:17:38,Cogwerx Zeppelin (red),2,0
254,Puffin,2025-06-07T20:17:38,Goldwing Turbine (red),2,0
254,Puffin,2025-06-07T20:17:38,Nimblism (red),1,0
254,Puffin,2025-06-07T20:17:38,On the Horizon (red),1,0
254,Puffin,2025-06-07T20:17:38,Teeth of the Cog (red),1,0
254,Puffin,2025-06-07T20:17:38,Tighten the Screws (red),2,0
254,Puffin,2025-06-07T20:17:38,Tough Old Wrench (red),2,0
254,Puffin,2025-06-07T20:17:38,Cloud Skiff (yellow),1,0
254,Puffin,2025-06-07T20:17:38,Cogwerx Zeppelin (yellow),1,0
254,Puffin,2025-06-07T20:17:38,Gold Hunter Marauder (yellow),2,0
254,Puffin,2025-06-07T20:17:38,Goldwing Turbine (yellow),2,0
254,Puffin,2025-06-07T20:17:38,Chart a Course (yellow),1,0
254,Puffin,2025-06-07T20:17:38,Sky Skimmer (yellow),2,0
254,Puffin,2025-06-07T20:17:38,Teeth of the Cog (yellow),1,0
254,Puffin,2025-06-07T20:17:38,Tough Old Wrench (yellow),2,0
254,Puffin,2025-06-07T20:17:38,Trade In (yellow),1,0
254,Puffin,2025-06-07T20:17:38,Cloud City Steamboat (blue),1,0
254,Puffin,2025-06-07T20:17:38,Cloud Skiff (blue),2,0
254,Puffin,2025-06-07T20:17:38,Cogwerx Zeppelin (blue),1,0
254,Puffin,2025-06-07T20:17:38,Goldwing Turbine (blue),2,0
254,Puffin,2025-06-07T20:17:38,Chart a Course (blue),1,0
254,Puffin,2025-06-07T20:17:38,Swiftwater Sloop (blue),1,0
254,Puffin,2025-06-07T20:17:38,Trade In (blue),1,0
254,Puffin,2025-06-07T20:17:38,Blue Sea Tricorn,1,1
254,Puffin,2025-06-07T20:17:38,Buccaneer's Bounty,1,1
254,Puffin,2025-06-07T20:17:38,Rust Belt,1,1
254,Puffin,2025-06-07T20:17:38,Swiftstrike Bracers,1,1
254,Puffin,2025-06-07T20:17:38,Unicycle,1,1
255,Puffin,2025-06-07T21:12:00,Cloud City Steamboat (red),1,0
255,Puffin,2025-06-07T21:12:00,Cloud Skiff (red),2,0
255,Puffin,2025-06-07T21:12:00,Cogwerx Zeppelin (red),1,0
255,Puffin,2025-06-07T21:12:00,Draw Back the Hammer (red),1,0
255,Puffin,2025-06-07T21:12:00,Perk Up (red),2,0
255,Puffin,2025-06-07T21:12:00,Rally the Coast Guard (red),1,0
255,Puffin,2025-06-07T21:12:00,Sky Skimmer (red),1,0
255,Puffin,2025-06-07T21:12:00,Swiftwater Sloop (red),1,0
255,Puffin,2025-06-07T21:12:00,Teeth of the Cog (red),1,0
255,Puffin,2025-06-07T21:12:00,Tighten the Screws (red),1,0
255,Puffin,2025-06-07T21:12:00,Gold Hunter Ketch (yellow),1,0
255,Puffin,2025-06-07T21:12:00,Gold Hunter Marauder (yellow),1,0
255,Puffin,2025-06-07T21:12:00,Goldwing Turbine (yellow),2,0
255,Puffin,2025-06-07T21:12:00,Chart a Course (yellow),1,0
255,Puffin,2025-06-07T21:12:00,Teeth of the Cog (yellow),2,0
255,Puffin,2025-06-07T21:12:00,Cloud City Steamboat (blue),1,0
255,Puffin,2025-06-07T21:12:00,Cloud Skiff (blue),1,0
255,Puffin,2025-06-07T21:12:00,Cogwerx Workshop (blue),1,0
255,Puffin,2025-06-07T21:12:00,Goldwing Turbine (blue),1,0
255,Puffin,2025-06-07T21:12:00,Mutiny on the Battalion Barque (blue),1,0
255,Puffin,2025-06-07T21:12:00,Sky Skimmer (blue),2,0
255,Puffin,2025-06-07T21:12:00,Sunken Treasure (blue),1,0
255,Puffin,2025-06-07T21:12:00,Teeth of the Cog (blue),1,0
255,Puffin,2025-06-07T21:12:00,Tough Old Wrench (blue),2,0
255,Puffin,2025-06-07T21:12:00,Fish Fingers,1,1
255,Puffin,2025-06-07T21:12:00,Helmsman's Peak,1,1
255,Puffin,2025-06-07T21:12:00,Rust Belt,1,1
255,Puffin,2025-06-07T21:12:00,Unicycle,1,1
256,Puffin,2025-06-07T21:57:02,Cloud City Steamboat (red),1,0
256,Puffin,2025-06-07T21:57:02,Cloud Skiff (red),1,0
256,Puffin,2025-06-07T21:57:02,Cogwerx Zeppelin (red),1,0
256,Puffin,2025-06-07T21:57:02,Expedition to Horizon's Mantle (red),1,0
256,Puffin,2025-06-07T21:57:02,Goldwing Turbine (red),1,0
256,Puffin,2025-06-07T21:57:02,Chart a Course (red),2,0
256,Puffin,2025-06-07T21:57:02,Nimblism (red),2,0
256,Puffin,2025-06-07T21:57:02,Nimby (red),1,0
256,Puffin,2025-06-07T21:57:02,Perk Up (red),3,0
256,Puffin,2025-06-07T21:57:02,Rally the Coast Guard (red),1,0
256,Puffin,2025-06-07T21:57:02,Saltwater Swell (red),1,0
256,Puffin,2025-06-07T21:57:02,Sirens of Safe Harbor (red),1,0
256,Puffin,2025-06-07T21:57:02,Teeth of the Cog (red),1,0
256,Puffin,2025-06-07T21:57:02,Cloud Skiff (yellow),1,0
256,Puffin,2025-06-07T21:57:02,Fool's Gold (yellow),1,0
256,Puffin,2025-06-07T21:57:02,Gold Hunter Ketch (yellow),1,0
256,Puffin,2025-06-07T21:57:02,Golden Skywarden (yellow),1,0
256,Puffin,2025-06-07T21:57:02,Goldwing Turbine (yellow),1,0
256,Puffin,2025-06-07T21:57:02,Nimby (yellow),1,0
256,Puffin,2025-06-07T21:57:02,On the Horizon (yellow),1,0
256,Puffin,2025-06-07T21:57:02,Pilfer the Wreck (yellow),1,0
256,Puffin,2025-06-07T21:57:02,Sirens of Safe Harbor (yellow),2,0
256,Puffin,2025-06-07T21:57:02,Strike Gold (yellow),1,0
256,Puffin,2025-06-07T21:57:02,Trade In (yellow),1,0
256,Puffin,2025-06-07T21:57:02,Cloud Skiff (blue),2,0
256,Puffin,2025-06-07T21:57:02,Chart a Course (blue),1,0
256,Puffin,2025-06-07T21:57:02,Pearl Amulet (blue),1,0
256,Puffin,2025-06-07T21:57:02,Scrub the Deck (blue),1,0
256,Puffin,2025-06-07T21:57:02,Teeth of the Cog (blue),1,0
256,Puffin,2025-06-07T21:57:02,Tough Old Wrench (blue),2,0
256,Puffin,2025-06-07T21:57:02,Old Knocker,1,1
256,Puffin,2025-06-07T21:57:02,Quick Clicks,1,1
256,Puffin,2025-06-07T21:57:02,Swiftstrike Bracers,1,1
256,Puffin,2025-06-07T21:57:02,Unicycle,1,1
257,Marlynn,2025-06-07T23:03:40,Blow for a Blow (red),1,0
257,Marlynn,2025-06-07T23:03:40,Call in the Big Guns (red),3,0
257,Marlynn,2025-06-07T23:03:40,Dry Powder Shot (red),2,0
257,Marlynn,2025-06-07T23:03:40,Entangling Shot (red),1,0
257,Marlynn,2025-06-07T23:03:40,Golden Tipple (red),1,0
257,Marlynn,2025-06-07T23:03:40,Head Shot (red),2,0
257,Marlynn,2025-06-07T23:03:40,Chart a Course (red),1,0
257,Marlynn,2025-06-07T23:03:40,Monkey Powder (red),1,0
257,Marlynn,2025-06-07T23:03:40,Nettling Shot (red),1,0
257,Marlynn,2025-06-07T23:03:40,Ravenous Rabble (red),1,0
257,Marlynn,2025-06-07T23:03:40,Salvage Shot (red),1,0
257,Marlynn,2025-06-07T23:03:40,Scouting Shot (red),2,0
257,Marlynn,2025-06-07T23:03:40,Sic 'Em Shot (red),1,0
257,Marlynn,2025-06-07T23:03:40,Swift Shot (red),2,0
257,Marlynn,2025-06-07T23:03:40,Call in the Big Guns (yellow),2,0
257,Marlynn,2025-06-07T23:03:40,Gold the Tip (yellow),1,0
257,Marlynn,2025-06-07T23:03:40,Golden Tipple (yellow),1,0
257,Marlynn,2025-06-07T23:03:40,Head Shot (yellow),1,0
257,Marlynn,2025-06-07T23:03:40,Salvage Shot (yellow),1,0
257,Marlynn,2025-06-07T23:03:40,Sic 'Em Shot (yellow),1,0
257,Marlynn,2025-06-07T23:03:40,Blue Fin Harpoon (blue),1,0
257,Marlynn,2025-06-07T23:03:40,Call in the Big Guns (blue),2,0
257,Marlynn,2025-06-07T23:03:40,Head Shot (blue),2,0
257,Marlynn,2025-06-07T23:03:40,Hook (blue),1,0
257,Marlynn,2025-06-07T23:03:40,On the Horizon (blue),1,0
257,Marlynn,2025-06-07T23:03:40,Rally the Coast Guard (blue),1,0
257,Marlynn,2025-06-07T23:03:40,Rusty Harpoon (blue),1,0
257,Marlynn,2025-06-07T23:03:40,Salvage Shot (blue),2,0
257,Marlynn,2025-06-07T23:03:40,Sic 'Em Shot (blue),2,0
257,Marlynn,2025-06-07T23:03:40,Glidewell Fins,1,1
257,Marlynn,2025-06-07T23:03:40,Peg Leg,1,1
258,Gravy Bones,2025-06-08T00:44:36,Angry Bones (red),1,0
258,Gravy Bones,2025-06-08T00:44:36,Burly Bones (red),1,0
258,Gravy Bones,2025-06-08T00:44:36,On the Horizon (red),1,0
258,Gravy Bones,2025-06-08T00:44:36,Pilfer the Wreck (red),1,0
258,Gravy Bones,2025-06-08T00:44:36,Restless Bones (red),3,0
258,Gravy Bones,2025-06-08T00:44:36,Scar for a Scar (red),1,0
258,Gravy Bones,2025-06-08T00:44:36,Thiev'n Varmints (red),1,0
258,Gravy Bones,2025-06-08T00:44:36,Walk the Plank (red),1,0
258,Gravy Bones,2025-06-08T00:44:36,Angry Bones (yellow),1,0
258,Gravy Bones,2025-06-08T00:44:36,Barnacle (yellow),2,0
258,Gravy Bones,2025-06-08T00:44:36,"Cutty Shark, Quick Clip (yellow)",1,0
258,Gravy Bones,2025-06-08T00:44:36,HMS Marlin (yellow),1,0
258,Gravy Bones,2025-06-08T00:44:36,"Chowder, Hearty Cook (yellow)",1,0
258,Gravy Bones,2025-06-08T00:44:36,Lost in Transit (yellow),1,0
258,Gravy Bones,2025-06-08T00:44:36,Restless Bones (yellow),1,0
258,Gravy Bones,2025-06-08T00:44:36,Riggermortis (yellow),1,0
258,Gravy Bones,2025-06-08T00:44:36,"Shelly, Hardened Traveler (yellow)",1,0
258,Gravy Bones,2025-06-08T00:44:36,Swabbie (yellow),1,0
258,Gravy Bones,2025-06-08T00:44:36,Angry Bones (blue),1,0
258,Gravy Bones,2025-06-08T00:44:36,Avast Ye! (blue),1,0
258,Gravy Bones,2025-06-08T00:44:36,Battalion Barque (blue),1,0
258,Gravy Bones,2025-06-08T00:44:36,Burly Bones (blue),1,0
258,Gravy Bones,2025-06-08T00:44:36,Crash Down the Gates (blue),1,0
258,Gravy Bones,2025-06-08T00:44:36,Golden Tipple (blue),1,0
258,Gravy Bones,2025-06-08T00:44:36,Jittery Bones (blue),1,0
258,Gravy Bones,2025-06-08T00:44:36,Money or Your Life? (blue),1,0
258,Gravy Bones,2025-06-08T00:44:36,Nimblism (blue),1,0
258,Gravy Bones,2025-06-08T00:44:36,Rally the Coast Guard (blue),2,0
258,Gravy Bones,2025-06-08T00:44:36,Restless Bones (blue),2,0
258,Gravy Bones,2025-06-08T00:44:36,Swiftwater Sloop (blue),1,0
258,Gravy Bones,2025-06-08T00:44:36,Tit for Tat (blue),1,0
258,Gravy Bones,2025-06-08T00:44:36,Yo Ho Ho! (blue),1,0
258,Gravy Bones,2025-06-08T00:44:36,Captain's Coat,1,1
258,Gravy Bones,2025-06-08T00:44:36,Head Stone,1,1
258,Gravy Bones,2025-06-08T00:44:36,Light Fingers,1,1
258,Gravy Bones,2025-06-08T00:44:36,Quartermaster's Boots,1,1
259,"Scurv, Stowaway",2025-06-08T06:16:08,Battalion Barque (red),1,0
259,"Scurv, Stowaway",2025-06-08T06:16:08,Expedition to Dreadfall Reach (red),2,0
259,"Scurv, Stowaway",2025-06-08T06:16:08,Chart a Course (red),1,0
259,"Scurv, Stowaway",2025-06-08T06:16:08,Money or Your Life? (red),1,0
259,"Scurv, Stowaway",2025-06-08T06:16:08,Pilfer the Wreck (red),1,0
259,"Scurv, Stowaway",2025-06-08T06:16:08,Sirens of Safe Harbor (red),1,0
259,"Scurv, Stowaway",2025-06-08T06:16:08,Strike Gold (red),1,0
259,"Scurv, Stowaway",2025-06-08T06:16:08,Swiftwater Sloop (red),2,0
259,"Scurv, Stowaway",2025-06-08T06:16:08,Thiev'n Varmints (red),1,0
259,"Scurv, Stowaway",2025-06-08T06:16:08,Gold Hunter Ketch (yellow),1,0
259,"Scurv, Stowaway",2025-06-08T06:16:08,Chart a Course (yellow),1,0
259,"Scurv, Stowaway",2025-06-08T06:16:08,Lost in Transit (yellow),1,0
259,"Scurv, Stowaway",2025-06-08T06:16:08,Rally the Coast Guard (yellow),1,0
259,"Scurv, Stowaway",2025-06-08T06:16:08,Sirens of Safe Harbor (yellow),3,0
259,"Scurv, Stowaway",2025-06-08T06:16:08,Swindler's Grift (yellow),2,0
259,"Scurv, Stowaway",2025-06-08T06:16:08,Trade In (yellow),1,0
259,"Scurv, Stowaway",2025-06-08T06:16:08,Walk the Plank (yellow),1,0
259,"Scurv, Stowaway",2025-06-08T06:16:08,Divvy Up (blue),1,0
259,"Scurv, Stowaway",2025-06-08T06:16:08,Chart a Course (blue),1,0
259,"Scurv, Stowaway",2025-06-08T06:16:08,Money or Your Life? (blue),1,0
259,"Scurv, Stowaway",2025-06-08T06:16:08,Mutiny on the Nimbus Sovereign (blue),1,0
259,"Scurv, Stowaway",2025-06-08T06:16:08,Mutiny on the Swiftwater (blue),2,0
259,"Scurv, Stowaway",2025-06-08T06:16:08,Nimby (blue),1,0
259,"Scurv, Stowaway",2025-06-08T06:16:08,Rally the Coast Guard (blue),1,0
259,"Scurv, Stowaway",2025-06-08T06:16:08,Saltwater Swell (blue),1,0
259,"Scurv, Stowaway",2025-06-08T06:16:08,Sirens of Safe Harbor (blue),1,0
259,"Scurv, Stowaway",2025-06-08T06:16:08,Swiftwater Sloop (blue),1,0
259,"Scurv, Stowaway",2025-06-08T06:16:08,Swindler's Grift (blue),1,0
259,"Scurv, Stowaway",2025-06-08T06:16:08,Captain's Coat,1,1
260,Marlynn,2025-06-08T18:07:30,Battalion Barque (red),2,0
260,Marlynn,2025-06-08T18:07:30,Blow for a Blow (red),1,0
260,Marlynn,2025-06-08T18:07:30,Call in the Big Guns (red),1,0
260,Marlynn,2025-06-08T18:07:30,Crash Down the Gates (red),1,0
260,Marlynn,2025-06-08T18:07:30,Dry Powder Shot (red),1,0
260,Marlynn,2025-06-08T18:07:30,Entangling Shot (red),2,0
260,Marlynn,2025-06-08T18:07:30,Expedition to Dreadfall Reach (red),1,0
260,Marlynn,2025-06-08T18:07:30,Golden Tipple (red),1,0
260,Marlynn,2025-06-08T18:07:30,Scar for a Scar (red),1,0
260,Marlynn,2025-06-08T18:07:30,Scouting Shot (red),1,0
260,Marlynn,2025-06-08T18:07:30,Swiftwater Sloop (red),1,0
260,Marlynn,2025-06-08T18:07:30,Gold Hunter Longboat (yellow),1,0
260,Marlynn,2025-06-08T18:07:30,Golden Tipple (yellow),1,0
260,Marlynn,2025-06-08T18:07:30,Head Shot (yellow),2,0
260,Marlynn,2025-06-08T18:07:30,HMS Kraken (yellow),1,0
260,Marlynn,2025-06-08T18:07:30,HMS Marlin (yellow),1,0
260,Marlynn,2025-06-08T18:07:30,Lost in Transit (yellow),1,0
260,Marlynn,2025-06-08T18:07:30,Money or Your Life? (yellow),1,0
260,Marlynn,2025-06-08T18:07:30,On the Horizon (yellow),1,0
260,Marlynn,2025-06-08T18:07:30,Walk the Plank (yellow),1,0
260,Marlynn,2025-06-08T18:07:30,Battalion Barque (blue),1,0
260,Marlynn,2025-06-08T18:07:30,Call in the Big Guns (blue),1,0
260,Marlynn,2025-06-08T18:07:30,Mutiny on the Battalion Barque (blue),1,0
260,Marlynn,2025-06-08T18:07:30,Mutiny on the Swiftwater (blue),1,0
260,Marlynn,2025-06-08T18:07:30,Rusty Harpoon (blue),2,0
260,Marlynn,2025-06-08T18:07:30,Sirens of Safe Harbor (blue),1,0
260,Marlynn,2025-06-08T18:07:30,Swindler's Grift (blue),1,0
260,Marlynn,2025-06-08T18:07:30,Walk the Plank (blue),2,0
260,Marlynn,2025-06-08T18:07:30,Yellow Fin Harpoon (blue),1,0
260,Marlynn,2025-06-08T18:07:30,Blue Sea Tricorn,1,1
260,Marlynn,2025-06-08T18:07:30,Fish Fingers,1,1
260,Marlynn,2025-06-08T18:07:30,Glidewell Fins,1,1
260,Marlynn,2025-06-08T18:07:30,Light Fingers,1,1
260,Marlynn,2025-06-08T18:07:30,Old Knocker,1,1
261,Marlynn,2025-06-08T18:54:57,Call in the Big Guns (red),1,0
261,Marlynn,2025-06-08T18:54:57,Entangling Shot (red),1,0
261,Marlynn,2025-06-08T18:54:57,Expedition to Dreadfall Reach (red),1,0
261,Marlynn,2025-06-08T18:54:57,Fire in the Hole (red),1,0
261,Marlynn,2025-06-08T18:54:57,Head Shot (red),1,0
261,Marlynn,2025-06-08T18:54:57,Jack Be Nimble (red),1,0
261,Marlynn,2025-06-08T18:54:57,Jack Be Quick (red),1,0
261,Marlynn,2025-06-08T18:54:57,Monkey Powder (red),1,0
261,Marlynn,2025-06-08T18:54:57,Nettling Shot (red),1,0
261,Marlynn,2025-06-08T18:54:57,Nimblism (red),3,0
261,Marlynn,2025-06-08T18:54:57,Nimby (red),3,0
261,Marlynn,2025-06-08T18:54:57,Ravenous Rabble (red),2,0
261,Marlynn,2025-06-08T18:54:57,Salvage Shot (red),1,0
261,Marlynn,2025-06-08T18:54:57,Scouting Shot (red),2,0
261,Marlynn,2025-06-08T18:54:57,Strike Gold (red),1,0
261,Marlynn,2025-06-08T18:54:57,Swift Shot (red),2,0
261,Marlynn,2025-06-08T18:54:57,Thiev'n Varmints (red),1,0
261,Marlynn,2025-06-08T18:54:57,Trade In (red),1,0
261,Marlynn,2025-06-08T18:54:57,Call in the Big Guns (yellow),2,0
261,Marlynn,2025-06-08T18:54:57,Gold Hunter Lightsail (yellow),1,0
261,Marlynn,2025-06-08T18:54:57,Head Shot (yellow),1,0
261,Marlynn,2025-06-08T18:54:57,Chart a Course (yellow),1,0
261,Marlynn,2025-06-08T18:54:57,Sic 'Em Shot (yellow),1,0
261,Marlynn,2025-06-08T18:54:57,Swindler's Grift (yellow),1,0
261,Marlynn,2025-06-08T18:54:57,Call in the Big Guns (blue),1,0
261,Marlynn,2025-06-08T18:54:57,Flying High (blue),1,0
261,Marlynn,2025-06-08T18:54:57,Mutiny on the Swiftwater (blue),1,0
261,Marlynn,2025-06-08T18:54:57,Nimblism (blue),1,0
261,Marlynn,2025-06-08T18:54:57,Sic 'Em Shot (blue),1,0
261,Marlynn,2025-06-08T18:54:57,Walk the Plank (blue),1,0
261,Marlynn,2025-06-08T18:54:57,Blue Sea Tricorn,1,1
261,Marlynn,2025-06-08T18:54:57,Patch the Hole,1,1
261,Marlynn,2025-06-08T18:54:57,Quick Clicks,1,1
261,Marlynn,2025-06-08T18:54:57,Swiftstrike Bracers,1,1
262,Puffin,2025-06-09T00:43:25,Cloud City Steamboat (red),1,0
262,Puffin,2025-06-09T00:43:25,Cloud Skiff (red),3,0
262,Puffin,2025-06-09T00:43:25,Cogwerx Zeppelin (red),1,0
262,Puffin,2025-06-09T00:43:25,Draw Back the Hammer (red),1,0
262,Puffin,2025-06-09T00:43:25,Flying High (red),1,0
262,Puffin,2025-06-09T00:43:25,Goldwing Turbine (red),2,0
262,Puffin,2025-06-09T00:43:25,Life for a Life (red),1,0
262,Puffin,2025-06-09T00:43:25,Ravenous Rabble (red),1,0
262,Puffin,2025-06-09T00:43:25,Sirens of Safe Harbor (red),1,0
262,Puffin,2025-06-09T00:43:25,Strike Gold (red),1,0
262,Puffin,2025-06-09T00:43:25,Teeth of the Cog (red),1,0
262,Puffin,2025-06-09T00:43:25,Tighten the Screws (red),1,0
262,Puffin,2025-06-09T00:43:25,Cloud Skiff (yellow),1,0
262,Puffin,2025-06-09T00:43:25,Cogwerx Zeppelin (yellow),1,0
262,Puffin,2025-06-09T00:43:25,Goldwing Turbine (yellow),1,0
262,Puffin,2025-06-09T00:43:25,On the Horizon (yellow),1,0
262,Puffin,2025-06-09T00:43:25,Rally the Coast Guard (yellow),1,0
262,Puffin,2025-06-09T00:43:25,Sirens of Safe Harbor (yellow),1,0
262,Puffin,2025-06-09T00:43:25,Teeth of the Cog (yellow),1,0
262,Puffin,2025-06-09T00:43:25,Cloud Skiff (blue),1,0
262,Puffin,2025-06-09T00:43:25,Goldwing Turbine (blue),1,0
262,Puffin,2025-06-09T00:43:25,Chart a Course (blue),1,0
262,Puffin,2025-06-09T00:43:25,Lubricate (blue),1,0
262,Puffin,2025-06-09T00:43:25,On the Horizon (blue),1,0
262,Puffin,2025-06-09T00:43:25,Sky Skimmer (blue),1,0
262,Puffin,2025-06-09T00:43:25,Teeth of the Cog (blue),2,0
263,Gravy Bones,2025-06-09T05:49:45,Blow for a Blow (red),1,0
263,Gravy Bones,2025-06-09T05:49:45,Burly Bones (red),1,0
263,Gravy Bones,2025-06-09T05:49:45,Expedition to Horizon's Mantle (red),1,0
263,Gravy Bones,2025-06-09T05:49:45,Jittery Bones (red),2,0
263,Gravy Bones,2025-06-09T05:49:45,Pilfer the Wreck (red),1,0
263,Gravy Bones,2025-06-09T05:49:45,Restless Bones (red),2,0
263,Gravy Bones,2025-06-09T05:49:45,Battalion Barque (yellow),2,0
263,Gravy Bones,2025-06-09T05:49:45,Gold Hunter Marauder (yellow),1,0
263,Gravy Bones,2025-06-09T05:49:45,HMS Marlin (yellow),1,0
263,Gravy Bones,2025-06-09T05:49:45,Jittery Bones (yellow),1,0
263,Gravy Bones,2025-06-09T05:49:45,Pilfer the Wreck (yellow),1,0
263,Gravy Bones,2025-06-09T05:49:45,Restless Bones (yellow),1,0
263,Gravy Bones,2025-06-09T05:49:45,Riggermortis (yellow),2,0
263,Gravy Bones,2025-06-09T05:49:45,"Shelly, Hardened Traveler (yellow)",2,0
263,Gravy Bones,2025-06-09T05:49:45,Strike Gold (yellow),1,0
263,Gravy Bones,2025-06-09T05:49:45,Swabbie (yellow),2,0
263,Gravy Bones,2025-06-09T05:49:45,Angry Bones (blue),2,0
263,Gravy Bones,2025-06-09T05:49:45,Avast Ye! (blue),1,0
263,Gravy Bones,2025-06-09T05:49:45,Battalion Barque (blue),1,0
263,Gravy Bones,2025-06-09T05:49:45,Burly Bones (blue),1,0
263,Gravy Bones,2025-06-09T05:49:45,Fiddler's Green (blue),1,0
263,Gravy Bones,2025-06-09T05:49:45,Flying High (blue),1,0
263,Gravy Bones,2025-06-09T05:49:45,Jittery Bones (blue),3,0
263,Gravy Bones,2025-06-09T05:49:45,Portside Exchange (blue),1,0
263,Gravy Bones,2025-06-09T05:49:45,Pounamu Amulet (blue),1,0
263,Gravy Bones,2025-06-09T05:49:45,Restless Bones (blue),1,0
263,Gravy Bones,2025-06-09T05:49:45,Swiftwater Sloop (blue),1,0
263,Gravy Bones,2025-06-09T05:49:45,Yo Ho Ho! (blue),1,0
263,Gravy Bones,2025-06-09T05:49:45,Bandana of the Blue Beyond,1,1
263,Gravy Bones,2025-06-09T05:49:45,Captain's Coat,1,1
263,Gravy Bones,2025-06-09T05:49:45,Head Stone,1,1
263,Gravy Bones,2025-06-09T05:49:45,Washed Up Wave,1,1
264,Marlynn,2025-06-09T06:32:45,Drop the Anchor (red),1,0
264,Marlynn,2025-06-09T06:32:45,Dry Powder Shot (red),1,0
264,Marlynn,2025-06-09T06:32:45,Golden Tipple (red),1,0
264,Marlynn,2025-06-09T06:32:45,Head Shot (red),1,0
264,Marlynn,2025-06-09T06:32:45,Chart a Course (red),2,0
264,Marlynn,2025-06-09T06:32:45,Nettling Shot (red),1,0
264,Marlynn,2025-06-09T06:32:45,On the Horizon (red),1,0
264,Marlynn,2025-06-09T06:32:45,Rally the Coast Guard (red),1,0
264,Marlynn,2025-06-09T06:32:45,Salvage Shot (red),1,0
264,Marlynn,2025-06-09T06:32:45,Sic 'Em Shot (red),1,0
264,Marlynn,2025-06-09T06:32:45,Strike Gold (red),1,0
264,Marlynn,2025-06-09T06:32:45,Swift Shot (red),1,0
264,Marlynn,2025-06-09T06:32:45,Swindler's Grift (red),1,0
264,Marlynn,2025-06-09T06:32:45,Call in the Big Guns (yellow),1,0
264,Marlynn,2025-06-09T06:32:45,Head Shot (yellow),1,0
264,Marlynn,2025-06-09T06:32:45,Chart a Course (yellow),1,0
264,Marlynn,2025-06-09T06:32:45,Rally the Coast Guard (yellow),1,0
264,Marlynn,2025-06-09T06:32:45,Salvage Shot (yellow),3,0
264,Marlynn,2025-06-09T06:32:45,Sic 'Em Shot (yellow),2,0
264,Marlynn,2025-06-09T06:32:45,Swiftwater Sloop (yellow),1,0
264,Marlynn,2025-06-09T06:32:45,Blue Fin Harpoon (blue),1,0
264,Marlynn,2025-06-09T06:32:45,Call in the Big Guns (blue),1,0
264,Marlynn,2025-06-09T06:32:45,Head Shot (blue),2,0
264,Marlynn,2025-06-09T06:32:45,Hook (blue),1,0
264,Marlynn,2025-06-09T06:32:45,Rusty Harpoon (blue),1,0
264,Marlynn,2025-06-09T06:32:45,Salvage Shot (blue),2,0
264,Marlynn,2025-06-09T06:32:45,Sic 'Em Shot (blue),1,0
264,Marlynn,2025-06-09T06:32:45,Swiftwater Sloop (blue),3,0
264,Marlynn,2025-06-09T06:32:45,Walk the Plank (blue),1,0
264,Marlynn,2025-06-09T06:32:45,Bandana of the Blue Beyond,1,1
264,Marlynn,2025-06-09T06:32:45,Buccaneer's Bounty,1,1
264,Marlynn,2025-06-09T06:32:45,Glidewell Fins,1,1
264,Marlynn,2025-06-09T06:32:45,Patch the Hole,1,1
265,Puffin,2025-06-09T17:32:45,Cloud Skiff (red),2,0
265,Puffin,2025-06-09T17:32:45,Cogwerx Dovetail (red),1,0
265,Puffin,2025-06-09T17:32:45,Draw Back the Hammer (red),2,0
265,Puffin,2025-06-09T17:32:45,Expedition to Blackwater Strait (red),1,0
265,Puffin,2025-06-09T17:32:45,Goldwing Turbine (red),1,0
265,Puffin,2025-06-09T17:32:45,Nimblism (red),1,0
265,Puffin,2025-06-09T17:32:45,On the Horizon (red),2,0
265,Puffin,2025-06-09T17:32:45,Perk Up (red),1,0
265,Puffin,2025-06-09T17:32:45,Sky Skimmer (red),1,0
265,Puffin,2025-06-09T17:32:45,Teeth of the Cog (red),3,0
265,Puffin,2025-06-09T17:32:45,Thiev'n Varmints (red),1,0
265,Puffin,2025-06-09T17:32:45,Cloud City Steamboat (yellow),1,0
265,Puffin,2025-06-09T17:32:45,Cloud Skiff (yellow),1,0
265,Puffin,2025-06-09T17:32:45,Goldwing Turbine (yellow),4,0
265,Puffin,2025-06-09T17:32:45,Nimby (yellow),1,0
265,Puffin,2025-06-09T17:32:45,Cloud City Steamboat (blue),1,0
265,Puffin,2025-06-09T17:32:45,Cloud Skiff (blue),1,0
265,Puffin,2025-06-09T17:32:45,Goldwing Turbine (blue),1,0
265,Puffin,2025-06-09T17:32:45,Chart a Course (blue),1,0
265,Puffin,2025-06-09T17:32:45,Nimblism (blue),1,0
265,Puffin,2025-06-09T17:32:45,Nimby (blue),1,0
265,Puffin,2025-06-09T17:32:45,Pilfer the Wreck (blue),1,0
265,Puffin,2025-06-09T17:32:45,Teeth of the Cog (blue),1,0
265,Puffin,2025-06-09T17:32:45,Tough Old Wrench (blue),1,0
265,Puffin,2025-06-09T17:32:45,Rust Belt,1,1
265,Puffin,2025-06-09T17:32:45,Swiftstrike Bracers,1,1
265,Puffin,2025-06-09T17:32:45,Unicycle,1,1
266,Marlynn,2025-06-09T17:55:40,Battalion Barque (red),2,0
266,Marlynn,2025-06-09T17:55:40,Call in the Big Guns (red),2,0
266,Marlynn,2025-06-09T17:55:40,Crash Down the Gates (red),1,0
266,Marlynn,2025-06-09T17:55:40,Entangling Shot (red),1,0
266,Marlynn,2025-06-09T17:55:40,Expedition to Horizon's Mantle (red),1,0
266,Marlynn,2025-06-09T17:55:40,Nettling Shot (red),1,0
266,Marlynn,2025-06-09T17:55:40,On the Horizon (red),1,0
266,Marlynn,2025-06-09T17:55:40,Ravenous Rabble (red),1,0
266,Marlynn,2025-06-09T17:55:40,Salvage Shot (red),1,0
266,Marlynn,2025-06-09T17:55:40,Sic 'Em Shot (red),2,0
266,Marlynn,2025-06-09T17:55:40,Swiftwater Sloop (red),2,0
266,Marlynn,2025-06-09T17:55:40,Swindler's Grift (red),1,0
266,Marlynn,2025-06-09T17:55:40,Gold Hunter Marauder (yellow),1,0
266,Marlynn,2025-06-09T17:55:40,Money or Your Life? (yellow),1,0
266,Marlynn,2025-06-09T17:55:40,Sic 'Em Shot (yellow),2,0
266,Marlynn,2025-06-09T17:55:40,Swindler's Grift (yellow),1,0
266,Marlynn,2025-06-09T17:55:40,Trade In (yellow),1,0
266,Marlynn,2025-06-09T17:55:40,Call in the Big Guns (blue),1,0
266,Marlynn,2025-06-09T17:55:40,Nimblism (blue),1,0
266,Marlynn,2025-06-09T17:55:40,On the Horizon (blue),1,0
266,Marlynn,2025-06-09T17:55:40,Rusty Harpoon (blue),1,0
266,Marlynn,2025-06-09T17:55:40,Salvage Shot (blue),1,0
266,Marlynn,2025-06-09T17:55:40,Sic 'Em Shot (blue),3,0
266,Marlynn,2025-06-09T17:55:40,Sinker (blue),1,0
266,Marlynn,2025-06-09T17:55:40,Yellow Fin Harpoon (blue),3,0
266,Marlynn,2025-06-09T17:55:40,Bandana of the Blue Beyond,1,1
266,Marlynn,2025-06-09T17:55:40,Fish Fingers,1,1
266,Marlynn,2025-06-09T17:55:40,Helmsman's Peak,1,1
266,Marlynn,2025-06-09T17:55:40,Old Knocker,1,1
266,Marlynn,2025-06-09T17:55:40,Quartermaster's Boots,1,1
267,Gravy Bones,2025-06-09T18:47:20,Angry Bones (red),2,0
267,Gravy Bones,2025-06-09T18:47:20,Fiddler's Green (red),1,0
267,Gravy Bones,2025-06-09T18:47:20,Flying High (red),1,0
267,Gravy Bones,2025-06-09T18:47:20,Sirens of Safe Harbor (red),2,0
267,Gravy Bones,2025-06-09T18:47:20,Swiftwater Sloop (red),4,0
267,Gravy Bones,2025-06-09T18:47:20,Swindler's Grift (red),2,0
267,Gravy Bones,2025-06-09T18:47:20,Angry Bones (yellow),1,0
267,Gravy Bones,2025-06-09T18:47:20,Barnacle (yellow),1,0
267,Gravy Bones,2025-06-09T18:47:20,Fiddler's Green (yellow),1,0
267,Gravy Bones,2025-06-09T18:47:20,HMS Barracuda (yellow),1,0
267,Gravy Bones,2025-06-09T18:47:20,"Chowder, Hearty Cook (yellow)",1,0
267,Gravy Bones,2025-06-09T18:47:20,Jittery Bones (yellow),1,0
267,Gravy Bones,2025-06-09T18:47:20,Saltwater Swell (yellow),1,0
267,Gravy Bones,2025-06-09T18:47:20,Strike Gold (yellow),1,0
267,Gravy Bones,2025-06-09T18:47:20,Swabbie (yellow),1,0
267,Gravy Bones,2025-06-09T18:47:20,Swiftwater Sloop (yellow),1,0
267,Gravy Bones,2025-06-09T18:47:20,Swindler's Grift (yellow),1,0
267,Gravy Bones,2025-06-09T18:47:20,Wailer Humperdinck (yellow),1,0
267,Gravy Bones,2025-06-09T18:47:20,Angry Bones (blue),2,0
267,Gravy Bones,2025-06-09T18:47:20,Burly Bones (blue),1,0
267,Gravy Bones,2025-06-09T18:47:20,Clap 'Em in Irons (blue),1,0
267,Gravy Bones,2025-06-09T18:47:20,Flying High (blue),1,0
267,Gravy Bones,2025-06-09T18:47:20,Mutiny on the Battalion Barque (blue),1,0
267,Gravy Bones,2025-06-09T18:47:20,Rally the Coast Guard (blue),1,0
267,Gravy Bones,2025-06-09T18:47:20,Sirens of Safe Harbor (blue),2,0
267,Gravy Bones,2025-06-09T18:47:20,Strike Gold (blue),1,0
267,Gravy Bones,2025-06-09T18:47:20,Swiftwater Sloop (blue),1,0
267,Gravy Bones,2025-06-09T18:47:20,Swindler's Grift (blue),1,0
267,Gravy Bones,2025-06-09T18:47:20,Buccaneer's Bounty,1,1
267,Gravy Bones,2025-06-09T18:47:20,Helmsman's Peak,1,1
267,Gravy Bones,2025-06-09T18:47:20,Light Fingers,1,1
267,Gravy Bones,2025-06-09T18:47:20,Peg Leg,1,1
268,Puffin,2025-06-09T18:58:49,Cloud Skiff (red),3,0
268,Puffin,2025-06-09T18:58:49,Cogwerx Zeppelin (red),1,0
268,Puffin,2025-06-09T18:58:49,Draw Back the Hammer (red),1,0
268,Puffin,2025-06-09T18:58:49,Expedition to Blackwater Strait (red),1,0
268,Puffin,2025-06-09T18:58:49,Goldwing Turbine (red),1,0
268,Puffin,2025-06-09T18:58:49,Life for a Life (red),1,0
268,Puffin,2025-06-09T18:58:49,Ravenous Rabble (red),1,0
268,Puffin,2025-06-09T18:58:49,Sky Skimmer (red),2,0
268,Puffin,2025-06-09T18:58:49,Teeth of the Cog (red),1,0
268,Puffin,2025-06-09T18:58:49,Tighten the Screws (red),1,0
268,Puffin,2025-06-09T18:58:49,Tough Old Wrench (red),2,0
268,Puffin,2025-06-09T18:58:49,Cogwerx Zeppelin (yellow),1,0
268,Puffin,2025-06-09T18:58:49,Goldwing Turbine (yellow),3,0
268,Puffin,2025-06-09T18:58:49,Chart a Course (yellow),2,0
268,Puffin,2025-06-09T18:58:49,On the Horizon (yellow),1,0
268,Puffin,2025-06-09T18:58:49,Rally the Coast Guard (yellow),1,0
268,Puffin,2025-06-09T18:58:49,Sky Skimmer (yellow),1,0
268,Puffin,2025-06-09T18:58:49,Strike Gold (yellow),2,0
268,Puffin,2025-06-09T18:58:49,Teeth of the Cog (yellow),1,0
268,Puffin,2025-06-09T18:58:49,Tough Old Wrench (yellow),1,0
268,Puffin,2025-06-09T18:58:49,Walk the Plank (yellow),1,0
268,Puffin,2025-06-09T18:58:49,Cloud Skiff (blue),1,0
268,Puffin,2025-06-09T18:58:49,Cogwerx Zeppelin (blue),1,0
268,Puffin,2025-06-09T18:58:49,Copper Cog (blue),1,0
268,Puffin,2025-06-09T18:58:49,Chart a Course (blue),1,0
268,Puffin,2025-06-09T18:58:49,Nimblism (blue),1,0
268,Puffin,2025-06-09T18:58:49,Pinion Sentry (blue),2,0
268,Puffin,2025-06-09T18:58:49,Sky Skimmer (blue),1,0
268,Puffin,2025-06-09T18:58:49,Teeth of the Cog (blue),1,0
268,Puffin,2025-06-09T18:58:49,Fish Fingers,1,1
268,Puffin,2025-06-09T18:58:49,Helmsman's Peak,1,1
268,Puffin,2025-06-09T18:58:49,Rust Belt,1,1
268,Puffin,2025-06-09T18:58:49,Unicycle,1,1
269,Puffin,2025-06-09T19:41:11,Cloud Skiff (red),3,0
269,Puffin,2025-06-09T19:41:11,Cog in the Machine (red),1,0
269,Puffin,2025-06-09T19:41:11,Draw Back the Hammer (red),3,0
269,Puffin,2025-06-09T19:41:11,Goldwing Turbine (red),1,0
269,Puffin,2025-06-09T19:41:11,Chart a Course (red),1,0
269,Puffin,2025-06-09T19:41:11,Life for a Life (red),1,0
269,Puffin,2025-06-09T19:41:11,Perk Up (red),2,0
269,Puffin,2025-06-09T19:41:11,Sky Skimmer (red),3,0
269,Puffin,2025-06-09T19:41:11,Teeth of the Cog (red),2,0
269,Puffin,2025-06-09T19:41:11,Tighten the Screws (red),1,0
269,Puffin,2025-06-09T19:41:11,Goldwing Turbine (yellow),1,0
269,Puffin,2025-06-09T19:41:11,Cloud City Steamboat (blue),1,0
269,Puffin,2025-06-09T19:41:11,Cloud Skiff (blue),1,0
269,Puffin,2025-06-09T19:41:11,Cogwerx Zeppelin (blue),2,0
269,Puffin,2025-06-09T19:41:11,Copper Cog (blue),1,0
269,Puffin,2025-06-09T19:41:11,Goldwing Turbine (blue),2,0
269,Puffin,2025-06-09T19:41:11,Sirens of Safe Harbor (blue),1,0
269,Puffin,2025-06-09T19:41:11,Swiftwater Sloop (blue),1,0
269,Puffin,2025-06-09T19:41:11,Teeth of the Cog (blue),1,0
269,Puffin,2025-06-09T19:41:11,Tough Old Wrench (blue),1,0
269,Puffin,2025-06-09T19:41:11,Helmsman's Peak,1,1
269,Puffin,2025-06-09T19:41:11,Rust Belt,1,1
269,Puffin,2025-06-09T19:41:11,Unicycle,1,1
270,Marlynn,2025-06-09T22:04:32,Call in the Big Guns (red),2,0
270,Marlynn,2025-06-09T22:04:32,Expedition to Azuro Keys (red),1,0
270,Marlynn,2025-06-09T22:04:32,Expedition to Dreadfall Reach (red),1,0
270,Marlynn,2025-06-09T22:04:32,Expedition to Horizon's Mantle (red),1,0
270,Marlynn,2025-06-09T22:04:32,Fire in the Hole (red),1,0
270,Marlynn,2025-06-09T22:04:32,Head Shot (red),2,0
270,Marlynn,2025-06-09T22:04:32,Chart a Course (red),1,0
270,Marlynn,2025-06-09T22:04:32,Life for a Life (red),1,0
270,Marlynn,2025-06-09T22:04:32,Pilfer the Wreck (red),1,0
270,Marlynn,2025-06-09T22:04:32,Rally the Coast Guard (red),1,0
270,Marlynn,2025-06-09T22:04:32,Salvage Shot (red),1,0
270,Marlynn,2025-06-09T22:04:32,Call in the Big Guns (yellow),1,0
270,Marlynn,2025-06-09T22:04:32,Fool's Gold (yellow),1,0
270,Marlynn,2025-06-09T22:04:32,Golden Tipple (yellow),2,0
270,Marlynn,2025-06-09T22:04:32,HMS Kraken (yellow),1,0
270,Marlynn,2025-06-09T22:04:32,Money or Your Life? (yellow),1,0
270,Marlynn,2025-06-09T22:04:32,Nimby (yellow),1,0
270,Marlynn,2025-06-09T22:04:32,On the Horizon (yellow),1,0
270,Marlynn,2025-06-09T22:04:32,Salvage Shot (yellow),1,0
270,Marlynn,2025-06-09T22:04:32,Swindler's Grift (yellow),1,0
270,Marlynn,2025-06-09T22:04:32,Call in the Big Guns (blue),1,0
270,Marlynn,2025-06-09T22:04:32,Head Shot (blue),2,0
270,Marlynn,2025-06-09T22:04:32,Hook (blue),1,0
270,Marlynn,2025-06-09T22:04:32,Chart a Course (blue),1,0
270,Marlynn,2025-06-09T22:04:32,Mutiny on the Battalion Barque (blue),2,0
270,Marlynn,2025-06-09T22:04:32,Salvage Shot (blue),3,0
270,Marlynn,2025-06-09T22:04:32,Swiftwater Sloop (blue),2,0
270,Marlynn,2025-06-09T22:04:32,Swindler's Grift (blue),1,0
270,Marlynn,2025-06-09T22:04:32,Walk the Plank (blue),1,0
270,Marlynn,2025-06-09T22:04:32,Yellow Fin Harpoon (blue),1,0
270,Marlynn,2025-06-09T22:04:32,Fish Fingers,1,1
270,Marlynn,2025-06-09T22:04:32,Quartermaster's Boots,1,1
271,Gravy Bones,2025-06-10T07:21:46,Blood in the Water (red),2,0
271,Gravy Bones,2025-06-10T07:21:46,Board the Ship (red),1,0
271,Gravy Bones,2025-06-10T07:21:46,Burly Bones (red),2,0
271,Gravy Bones,2025-06-10T07:21:46,Expedition to Azuro Keys (red),1,0
271,Gravy Bones,2025-06-10T07:21:46,Chart a Course (red),1,0
271,Gravy Bones,2025-06-10T07:21:46,Restless Bones (red),2,0
271,Gravy Bones,2025-06-10T07:21:46,Sirens of Safe Harbor (red),1,0
271,Gravy Bones,2025-06-10T07:21:46,Swiftwater Sloop (red),1,0
271,Gravy Bones,2025-06-10T07:21:46,Walk the Plank (red),1,0
271,Gravy Bones,2025-06-10T07:21:46,Barnacle (yellow),1,0
271,Gravy Bones,2025-06-10T07:21:46,HMS Marlin (yellow),1,0
271,Gravy Bones,2025-06-10T07:21:46,"Limpit, Hop-a-long (yellow)",1,0
271,Gravy Bones,2025-06-10T07:21:46,Lost in Transit (yellow),1,0
271,Gravy Bones,2025-06-10T07:21:46,Restless Bones (yellow),1,0
271,Gravy Bones,2025-06-10T07:21:46,"Scooba, Salty Sea Dog (yellow)",1,0
271,Gravy Bones,2025-06-10T07:21:46,"Shelly, Hardened Traveler (yellow)",1,0
271,Gravy Bones,2025-06-10T07:21:46,Sirens of Safe Harbor (yellow),1,0
271,Gravy Bones,2025-06-10T07:21:46,Swabbie (yellow),1,0
271,Gravy Bones,2025-06-10T07:21:46,Walk the Plank (yellow),1,0
271,Gravy Bones,2025-06-10T07:21:46,Angry Bones (blue),2,0
271,Gravy Bones,2025-06-10T07:21:46,Burly Bones (blue),2,0
271,Gravy Bones,2025-06-10T07:21:46,Golden Tipple (blue),1,0
271,Gravy Bones,2025-06-10T07:21:46,Heave Ho! (blue),2,0
271,Gravy Bones,2025-06-10T07:21:46,Jittery Bones (blue),2,0
271,Gravy Bones,2025-06-10T07:21:46,Mutiny on the Swiftwater (blue),1,0
271,Gravy Bones,2025-06-10T07:21:46,Nimblism (blue),1,0
271,Gravy Bones,2025-06-10T07:21:46,Swiftwater Sloop (blue),1,0
271,Gravy Bones,2025-06-10T07:21:46,Yo Ho Ho! (blue),1,0
271,Gravy Bones,2025-06-10T07:21:46,Buccaneer's Bounty,1,1
271,Gravy Bones,2025-06-10T07:21:46,Head Stone,1,1
271,Gravy Bones,2025-06-10T07:21:46,Quartermaster's Boots,1,1
271,Gravy Bones,2025-06-10T07:21:46,Washed Up Wave,1,1
272,Puffin,2025-06-10T07:35:28,Blow for a Blow (red),1,0
272,Puffin,2025-06-10T07:35:28,Cloud City Steamboat (red),1,0
272,Puffin,2025-06-10T07:35:28,Cloud Skiff (red),1,0
272,Puffin,2025-06-10T07:35:28,Cogwerx Zeppelin (red),1,0
272,Puffin,2025-06-10T07:35:28,Draw Back the Hammer (red),1,0
272,Puffin,2025-06-10T07:35:28,Goldwing Turbine (red),2,0
272,Puffin,2025-06-10T07:35:28,Jack Be Nimble (red),1,0
272,Puffin,2025-06-10T07:35:28,Nimblism (red),3,0
272,Puffin,2025-06-10T07:35:28,Nimby (red),1,0
272,Puffin,2025-06-10T07:35:28,Perk Up (red),2,0
272,Puffin,2025-06-10T07:35:28,Sky Skimmer (red),2,0
272,Puffin,2025-06-10T07:35:28,Teeth of the Cog (red),2,0
272,Puffin,2025-06-10T07:35:28,Tighten the Screws (red),2,0
272,Puffin,2025-06-10T07:35:28,Tough Old Wrench (red),2,0
272,Puffin,2025-06-10T07:35:28,Cloud Skiff (yellow),1,0
272,Puffin,2025-06-10T07:35:28,Cloud Skiff (blue),1,0
272,Puffin,2025-06-10T07:35:28,Goldwing Turbine (blue),1,0
272,Puffin,2025-06-10T07:35:28,Mutiny on the Battalion Barque (blue),1,0
272,Puffin,2025-06-10T07:35:28,Pinion Sentry (blue),1,0
272,Puffin,2025-06-10T07:35:28,Sky Skimmer (blue),2,0
272,Puffin,2025-06-10T07:35:28,Teeth of the Cog (blue),1,0
272,Puffin,2025-06-10T07:35:28,Rust Belt,1,1
272,Puffin,2025-06-10T07:35:28,Unicycle,1,1
273,Puffin,2025-06-10T13:36:45,Cloud Skiff (red),1,0
273,Puffin,2025-06-10T13:36:45,Jack Be Nimble (red),1,0
273,Puffin,2025-06-10T13:36:45,Jack Be Quick (red),1,0
273,Puffin,2025-06-10T13:36:45,Nimblism (red),2,0
273,Puffin,2025-06-10T13:36:45,Nimby (red),1,0
273,Puffin,2025-06-10T13:36:45,Pilfer the Wreck (red),1,0
273,Puffin,2025-06-10T13:36:45,Ravenous Rabble (red),1,0
273,Puffin,2025-06-10T13:36:45,Scar for a Scar (red),1,0
273,Puffin,2025-06-10T13:36:45,Sky Skimmer (red),3,0
273,Puffin,2025-06-10T13:36:45,Thiev'n Varmints (red),1,0
273,Puffin,2025-06-10T13:36:45,Tighten the Screws (red),2,0
273,Puffin,2025-06-10T13:36:45,Trade In (red),2,0
273,Puffin,2025-06-10T13:36:45,Gold Hunter Lightsail (yellow),1,0
273,Puffin,2025-06-10T13:36:45,Goldwing Turbine (yellow),1,0
273,Puffin,2025-06-10T13:36:45,Money or Your Life? (yellow),1,0
273,Puffin,2025-06-10T13:36:45,Nimby (yellow),1,0
273,Puffin,2025-06-10T13:36:45,Pilfer the Wreck (yellow),1,0
273,Puffin,2025-06-10T13:36:45,Rally the Coast Guard (yellow),3,0
273,Puffin,2025-06-10T13:36:45,Sirens of Safe Harbor (yellow),2,0
273,Puffin,2025-06-10T13:36:45,Walk the Plank (yellow),1,0
273,Puffin,2025-06-10T13:36:45,Cloud Skiff (blue),1,0
273,Puffin,2025-06-10T13:36:45,Goldwing Turbine (blue),2,0
273,Puffin,2025-06-10T13:36:45,Rally the Coast Guard (blue),1,0
273,Puffin,2025-06-10T13:36:45,Sky Skimmer (blue),1,0
273,Puffin,2025-06-10T13:36:45,Strike Gold (blue),1,0
273,Puffin,2025-06-10T13:36:45,Swindler's Grift (blue),1,0
273,Puffin,2025-06-10T13:36:45,Quick Clicks,1,1
273,Puffin,2025-06-10T13:36:45,Rust Belt,1,1
273,Puffin,2025-06-10T13:36:45,Swiftstrike Bracers,1,1
273,Puffin,2025-06-10T13:36:45,Unicycle,1,1
274,Gravy Bones,2025-06-10T15:38:40,Angry Bones (red),2,0
274,Gravy Bones,2025-06-10T15:38:40,Battalion Barque (red),1,0
274,Gravy Bones,2025-06-10T15:38:40,Expedition to Horizon's Mantle (red),1,0
274,Gravy Bones,2025-06-10T15:38:40,Fiddler's Green (red),1,0
274,Gravy Bones,2025-06-10T15:38:40,Jittery Bones (red),1,0
274,Gravy Bones,2025-06-10T15:38:40,Life for a Life (red),1,0
274,Gravy Bones,2025-06-10T15:38:40,Money or Your Life? (red),1,0
274,Gravy Bones,2025-06-10T15:38:40,Swiftwater Sloop (red),2,0
274,Gravy Bones,2025-06-10T15:38:40,Trade In (red),1,0
274,Gravy Bones,2025-06-10T15:38:40,Angry Bones (yellow),1,0
274,Gravy Bones,2025-06-10T15:38:40,Battalion Barque (yellow),1,0
274,Gravy Bones,2025-06-10T15:38:40,Burly Bones (yellow),1,0
274,Gravy Bones,2025-06-10T15:38:40,Golden Tipple (yellow),1,0
274,Gravy Bones,2025-06-10T15:38:40,"Chowder, Hearty Cook (yellow)",1,0
274,Gravy Bones,2025-06-10T15:38:40,Jittery Bones (yellow),1,0
274,Gravy Bones,2025-06-10T15:38:40,"Kelpie, Tangled Mess (yellow)",1,0
274,Gravy Bones,2025-06-10T15:38:40,"Limpit, Hop-a-long (yellow)",1,0
274,Gravy Bones,2025-06-10T15:38:40,Riggermortis (yellow),2,0
274,Gravy Bones,2025-06-10T15:38:40,"Scooba, Salty Sea Dog (yellow)",1,0
274,Gravy Bones,2025-06-10T15:38:40,Swabbie (yellow),2,0
274,Gravy Bones,2025-06-10T15:38:40,Trade In (yellow),1,0
274,Gravy Bones,2025-06-10T15:38:40,Angry Bones (blue),1,0
274,Gravy Bones,2025-06-10T15:38:40,Jittery Bones (blue),3,0
274,Gravy Bones,2025-06-10T15:38:40,Mutiny on the Nimbus Sovereign (blue),1,0
274,Gravy Bones,2025-06-10T15:38:40,Restless Bones (blue),2,0
274,Gravy Bones,2025-06-10T15:38:40,Saltwater Swell (blue),1,0
274,Gravy Bones,2025-06-10T15:38:40,Scrub the Deck (blue),1,0
274,Gravy Bones,2025-06-10T15:38:40,Sea Floor Salvage (blue),1,0
274,Gravy Bones,2025-06-10T15:38:40,Sirens of Safe Harbor (blue),1,0
274,Gravy Bones,2025-06-10T15:38:40,Swindler's Grift (blue),1,0
274,Gravy Bones,2025-06-10T15:38:40,Throw Caution to the Wind (blue),1,0
274,Gravy Bones,2025-06-10T15:38:40,Head Stone,1,1
274,Gravy Bones,2025-06-10T15:38:40,Washed Up Wave,1,1
275,Gravy Bones,2025-06-10T20:27:38,Angry Bones (red),2,0
275,Gravy Bones,2025-06-10T20:27:38,Burly Bones (red),1,0
275,Gravy Bones,2025-06-10T20:27:38,Rally the Coast Guard (red),1,0
275,Gravy Bones,2025-06-10T20:27:38,Swiftwater Sloop (red),2,0
275,Gravy Bones,2025-06-10T20:27:38,Walk the Plank (red),1,0
275,Gravy Bones,2025-06-10T20:27:38,Barnacle (yellow),1,0
275,Gravy Bones,2025-06-10T20:27:38,Burly Bones (yellow),1,0
275,Gravy Bones,2025-06-10T20:27:38,"Cutty Shark, Quick Clip (yellow)",2,0
275,Gravy Bones,2025-06-10T20:27:38,"Chowder, Hearty Cook (yellow)",1,0
275,Gravy Bones,2025-06-10T20:27:38,Nimby (yellow),1,0
275,Gravy Bones,2025-06-10T20:27:38,On the Horizon (yellow),1,0
275,Gravy Bones,2025-06-10T20:27:38,Restless Bones (yellow),1,0
275,Gravy Bones,2025-06-10T20:27:38,"Scooba, Salty Sea Dog (yellow)",1,0
275,Gravy Bones,2025-06-10T20:27:38,"Shelly, Hardened Traveler (yellow)",2,0
275,Gravy Bones,2025-06-10T20:27:38,Swabbie (yellow),2,0
275,Gravy Bones,2025-06-10T20:27:38,Swiftwater Sloop (yellow),2,0
275,Gravy Bones,2025-06-10T20:27:38,Swindler's Grift (yellow),1,0
275,Gravy Bones,2025-06-10T20:27:38,Angry Bones (blue),1,0
275,Gravy Bones,2025-06-10T20:27:38,Avast Ye! (blue),1,0
275,Gravy Bones,2025-06-10T20:27:38,Burly Bones (blue),1,0
275,Gravy Bones,2025-06-10T20:27:38,Jittery Bones (blue),1,0
275,Gravy Bones,2025-06-10T20:27:38,Mutiny on the Battalion Barque (blue),2,0
275,Gravy Bones,2025-06-10T20:27:38,On the Horizon (blue),1,0
275,Gravy Bones,2025-06-10T20:27:38,Restless Bones (blue),1,0
275,Gravy Bones,2025-06-10T20:27:38,Saltwater Swell (blue),1,0
275,Gravy Bones,2025-06-10T20:27:38,Swiftwater Sloop (blue),1,0
275,Gravy Bones,2025-06-10T20:27:38,Tip the Barkeep (blue),1,0
275,Gravy Bones,2025-06-10T20:27:38,Trade In (blue),1,0
275,Gravy Bones,2025-06-10T20:27:38,Yo Ho Ho! (blue),1,0
275,Gravy Bones,2025-06-10T20:27:38,Bandana of the Blue Beyond,1,1
275,Gravy Bones,2025-06-10T20:27:38,Captain's Coat,2,1
275,Gravy Bones,2025-06-10T20:27:38,Head Stone,1,1
275,Gravy Bones,2025-06-10T20:27:38,Old Knocker,1,1
275,Gravy Bones,2025-06-10T20:27:38,Washed Up Wave,1,1
276,Marlynn,2025-06-10T21:47:34,Dry Powder Shot (red),3,0
276,Marlynn,2025-06-10T21:47:34,Golden Tipple (red),1,0
276,Marlynn,2025-06-10T21:47:34,Head Shot (red),2,0
276,Marlynn,2025-06-10T21:47:34,Chart a Course (red),1,0
276,Marlynn,2025-06-10T21:47:34,Life for a Life (red),2,0
276,Marlynn,2025-06-10T21:47:34,Nettling Shot (red),1,0
276,Marlynn,2025-06-10T21:47:34,On the Horizon (red),1,0
276,Marlynn,2025-06-10T21:47:34,Salvage Shot (red),1,0
276,Marlynn,2025-06-10T21:47:34,Scouting Shot (red),1,0
276,Marlynn,2025-06-10T21:47:34,Sic 'Em Shot (red),1,0
276,Marlynn,2025-06-10T21:47:34,Sirens of Safe Harbor (red),1,0
276,Marlynn,2025-06-10T21:47:34,Strike Gold (red),1,0
276,Marlynn,2025-06-10T21:47:34,Swift Shot (red),1,0
276,Marlynn,2025-06-10T21:47:34,Swiftwater Sloop (red),1,0
276,Marlynn,2025-06-10T21:47:34,Thiev'n Varmints (red),1,0
276,Marlynn,2025-06-10T21:47:34,Gold the Tip (yellow),1,0
276,Marlynn,2025-06-10T21:47:34,Pilfer the Wreck (yellow),1,0
276,Marlynn,2025-06-10T21:47:34,Salvage Shot (yellow),2,0
276,Marlynn,2025-06-10T21:47:34,Sic 'Em Shot (yellow),1,0
276,Marlynn,2025-06-10T21:47:34,Strike Gold (yellow),1,0
276,Marlynn,2025-06-10T21:47:34,Battalion Barque (blue),1,0
276,Marlynn,2025-06-10T21:47:34,Head Shot (blue),2,0
276,Marlynn,2025-06-10T21:47:34,Mutiny on the Nimbus Sovereign (blue),1,0
276,Marlynn,2025-06-10T21:47:34,On the Horizon (blue),1,0
276,Marlynn,2025-06-10T21:47:34,Rusty Harpoon (blue),1,0
276,Marlynn,2025-06-10T21:47:34,Sic 'Em Shot (blue),1,0
276,Marlynn,2025-06-10T21:47:34,Sirens of Safe Harbor (blue),1,0
276,Marlynn,2025-06-10T21:47:34,Swiftwater Sloop (blue),1,0
276,Marlynn,2025-06-10T21:47:34,Walk the Plank (blue),1,0
276,Marlynn,2025-06-10T21:47:34,Buccaneer's Bounty,1,1
276,Marlynn,2025-06-10T21:47:34,Glidewell Fins,1,1
276,Marlynn,2025-06-10T21:47:34,Helmsman's Peak,1,1
277,Gravy Bones,2025-06-11T05:52:03,Angry Bones (red),1,0
277,Gravy Bones,2025-06-11T05:52:03,Board the Ship (red),1,0
277,Gravy Bones,2025-06-11T05:52:03,Burly Bones (red),1,0
277,Gravy Bones,2025-06-11T05:52:03,Golden Tipple (red),1,0
277,Gravy Bones,2025-06-11T05:52:03,On the Horizon (red),1,0
277,Gravy Bones,2025-06-11T05:52:03,Pilfer the Wreck (red),1,0
277,Gravy Bones,2025-06-11T05:52:03,Rally the Coast Guard (red),1,0
277,Gravy Bones,2025-06-11T05:52:03,Restless Bones (red),2,0
277,Gravy Bones,2025-06-11T05:52:03,Swiftwater Sloop (red),1,0
277,Gravy Bones,2025-06-11T05:52:03,Thiev'n Varmints (red),2,0
277,Gravy Bones,2025-06-11T05:52:03,Barnacle (yellow),2,0
277,Gravy Bones,2025-06-11T05:52:03,"Cutty Shark, Quick Clip (yellow)",2,0
277,Gravy Bones,2025-06-11T05:52:03,Gold Hunter Lightsail (yellow),1,0
277,Gravy Bones,2025-06-11T05:52:03,"Chowder, Hearty Cook (yellow)",1,0
277,Gravy Bones,2025-06-11T05:52:03,Riggermortis (yellow),1,0
277,Gravy Bones,2025-06-11T05:52:03,"Shelly, Hardened Traveler (yellow)",1,0
277,Gravy Bones,2025-06-11T05:52:03,Walk the Plank (yellow),1,0
277,Gravy Bones,2025-06-11T05:52:03,Battalion Barque (blue),1,0
277,Gravy Bones,2025-06-11T05:52:03,Burly Bones (blue),1,0
277,Gravy Bones,2025-06-11T05:52:03,Flying High (blue),1,0
277,Gravy Bones,2025-06-11T05:52:03,Heave Ho! (blue),1,0
277,Gravy Bones,2025-06-11T05:52:03,Jittery Bones (blue),2,0
277,Gravy Bones,2025-06-11T05:52:03,Mutiny on the Battalion Barque (blue),1,0
277,Gravy Bones,2025-06-11T05:52:03,Nimblism (blue),1,0
277,Gravy Bones,2025-06-11T05:52:03,Pilfer the Wreck (blue),1,0
277,Gravy Bones,2025-06-11T05:52:03,Restless Bones (blue),2,0
277,Gravy Bones,2025-06-11T05:52:03,Shifting Tides (blue),1,0
277,Gravy Bones,2025-06-11T05:52:03,Strike Gold (blue),1,0
277,Gravy Bones,2025-06-11T05:52:03,Swiftwater Sloop (blue),1,0
277,Gravy Bones,2025-06-11T05:52:03,Head Stone,1,1
277,Gravy Bones,2025-06-11T05:52:03,Peg Leg,1,1
277,Gravy Bones,2025-06-11T05:52:03,Washed Up Wave,1,1
278,Puffin,2025-06-11T07:04:12,Battalion Barque (red),1,0
278,Puffin,2025-06-11T07:04:12,Cloud Skiff (red),4,0
278,Puffin,2025-06-11T07:04:12,Draw Back the Hammer (red),1,0
278,Puffin,2025-06-11T07:04:12,Nimblism (red),1,0
278,Puffin,2025-06-11T07:04:12,Perk Up (red),1,0
278,Puffin,2025-06-11T07:04:12,Swiftwater Sloop (red),1,0
278,Puffin,2025-06-11T07:04:12,Teeth of the Cog (red),1,0
278,Puffin,2025-06-11T07:04:12,Cloud City Steamboat (yellow),1,0
278,Puffin,2025-06-11T07:04:12,Gold Hunter Longboat (yellow),1,0
278,Puffin,2025-06-11T07:04:12,Gold Hunter Marauder (yellow),1,0
278,Puffin,2025-06-11T07:04:12,Chart a Course (yellow),1,0
278,Puffin,2025-06-11T07:04:12,Midas Touch (yellow),1,0
278,Puffin,2025-06-11T07:04:12,On the Horizon (yellow),2,0
278,Puffin,2025-06-11T07:04:12,Sirens of Safe Harbor (yellow),1,0
278,Puffin,2025-06-11T07:04:12,Sky Skimmer (yellow),3,0
278,Puffin,2025-06-11T07:04:12,Walk the Plank (yellow),2,0
278,Puffin,2025-06-11T07:04:12,Battalion Barque (blue),1,0
278,Puffin,2025-06-11T07:04:12,Cogwerx Zeppelin (blue),1,0
278,Puffin,2025-06-11T07:04:12,Goldwing Turbine (blue),1,0
278,Puffin,2025-06-11T07:04:12,Mutiny on the Nimbus Sovereign (blue),1,0
278,Puffin,2025-06-11T07:04:12,Mutiny on the Swiftwater (blue),2,0
278,Puffin,2025-06-11T07:04:12,Rally the Coast Guard (blue),1,0
278,Puffin,2025-06-11T07:04:12,Sirens of Safe Harbor (blue),1,0
278,Puffin,2025-06-11T07:04:12,Sky Skimmer (blue),1,0
278,Puffin,2025-06-11T07:04:12,Swiftwater Sloop (blue),1,0
278,Puffin,2025-06-11T07:04:12,Swindler's Grift (blue),1,0
278,Puffin,2025-06-11T07:04:12,Teeth of the Cog (blue),1,0
278,Puffin,2025-06-11T07:04:12,Tough Old Wrench (blue),1,0
278,Puffin,2025-06-11T07:04:12,Bandana of the Blue Beyond,1,1
278,Puffin,2025-06-11T07:04:12,Helmsman's Peak,1,1
278,Puffin,2025-06-11T07:04:12,Swiftstrike Bracers,1,1
278,Puffin,2025-06-11T07:04:12,Unicycle,1,1
279,Marlynn,2025-06-11T12:19:41,Barbed Barrage (red),1,0
279,Marlynn,2025-06-11T12:19:41,Dry Powder Shot (red),2,0
279,Marlynn,2025-06-11T12:19:41,Expedition to Azuro Keys (red),1,0
279,Marlynn,2025-06-11T12:19:41,King Kraken Harpoon (red),1,0
279,Marlynn,2025-06-11T12:19:41,Monkey Powder (red),1,0
279,Marlynn,2025-06-11T12:19:41,Scouting Shot (red),2,0
279,Marlynn,2025-06-11T12:19:41,Sic 'Em Shot (red),2,0
279,Marlynn,2025-06-11T12:19:41,Swift Shot (red),1,0
279,Marlynn,2025-06-11T12:19:41,Swiftwater Sloop (red),1,0
279,Marlynn,2025-06-11T12:19:41,Swindler's Grift (red),1,0
279,Marlynn,2025-06-11T12:19:41,Trade In (red),1,0
279,Marlynn,2025-06-11T12:19:41,Call in the Big Guns (yellow),3,0
279,Marlynn,2025-06-11T12:19:41,HMS Marlin (yellow),1,0
279,Marlynn,2025-06-11T12:19:41,Lost in Transit (yellow),1,0
279,Marlynn,2025-06-11T12:19:41,Money or Your Life? (yellow),1,0
279,Marlynn,2025-06-11T12:19:41,On the Horizon (yellow),1,0
279,Marlynn,2025-06-11T12:19:41,Rally the Coast Guard (yellow),1,0
279,Marlynn,2025-06-11T12:19:41,Battalion Barque (blue),1,0
279,Marlynn,2025-06-11T12:19:41,Call in the Big Guns (blue),1,0
279,Marlynn,2025-06-11T12:19:41,Divvy Up (blue),1,0
279,Marlynn,2025-06-11T12:19:41,Head Shot (blue),2,0
279,Marlynn,2025-06-11T12:19:41,Hook (blue),1,0
279,Marlynn,2025-06-11T12:19:41,Onyx Amulet (blue),1,0
279,Marlynn,2025-06-11T12:19:41,Red Fin Harpoon (blue),1,0
279,Marlynn,2025-06-11T12:19:41,Rusty Harpoon (blue),2,0
279,Marlynn,2025-06-11T12:19:41,Salvage Shot (blue),3,0
279,Marlynn,2025-06-11T12:19:41,Sic 'Em Shot (blue),2,0
279,Marlynn,2025-06-11T12:19:41,Walk the Plank (blue),1,0
279,Marlynn,2025-06-11T12:19:41,Yellow Fin Harpoon (blue),1,0
279,Marlynn,2025-06-11T12:19:41,Glidewell Fins,1,1
279,Marlynn,2025-06-11T12:19:41,Peg Leg,1,1
279,Marlynn,2025-06-11T12:19:41,Quick Clicks,1,1
280,Gravy Bones,2025-06-11T12:22:18,Burly Bones (red),1,0
280,Gravy Bones,2025-06-11T12:22:18,Expedition to Horizon's Mantle (red),1,0
280,Gravy Bones,2025-06-11T12:22:18,Jack Be Nimble (red),1,0
280,Gravy Bones,2025-06-11T12:22:18,Jittery Bones (red),2,0
280,Gravy Bones,2025-06-11T12:22:18,Swiftwater Sloop (red),2,0
280,Gravy Bones,2025-06-11T12:22:18,Thiev'n Varmints (red),1,0
280,Gravy Bones,2025-06-11T12:22:18,Angry Bones (yellow),1,0
280,Gravy Bones,2025-06-11T12:22:18,Jittery Bones (yellow),2,0
280,Gravy Bones,2025-06-11T12:22:18,"Limpit, Hop-a-long (yellow)",1,0
280,Gravy Bones,2025-06-11T12:22:18,Nimblism (yellow),1,0
280,Gravy Bones,2025-06-11T12:22:18,Restless Bones (yellow),1,0
280,Gravy Bones,2025-06-11T12:22:18,Riggermortis (yellow),1,0
280,Gravy Bones,2025-06-11T12:22:18,"Shelly, Hardened Traveler (yellow)",1,0
280,Gravy Bones,2025-06-11T12:22:18,Strike Gold (yellow),1,0
280,Gravy Bones,2025-06-11T12:22:18,Swabbie (yellow),2,0
280,Gravy Bones,2025-06-11T12:22:18,Wailer Humperdinck (yellow),1,0
280,Gravy Bones,2025-06-11T12:22:18,Angry Bones (blue),3,0
280,Gravy Bones,2025-06-11T12:22:18,Heave Ho! (blue),1,0
280,Gravy Bones,2025-06-11T12:22:18,Chart a Course (blue),1,0
280,Gravy Bones,2025-06-11T12:22:18,Jittery Bones (blue),2,0
280,Gravy Bones,2025-06-11T12:22:18,Mutiny on the Swiftwater (blue),1,0
280,Gravy Bones,2025-06-11T12:22:18,Platinum Amulet (blue),1,0
280,Gravy Bones,2025-06-11T12:22:18,Restless Bones (blue),1,0
280,Gravy Bones,2025-06-11T12:22:18,Ruby Amulet (blue),1,0
280,Gravy Bones,2025-06-11T12:22:18,Saltwater Swell (blue),2,0
280,Gravy Bones,2025-06-11T12:22:18,Sirens of Safe Harbor (blue),1,0
280,Gravy Bones,2025-06-11T12:22:18,Strike Gold (blue),1,0
280,Gravy Bones,2025-06-11T12:22:18,Swiftwater Sloop (blue),2,0
280,Gravy Bones,2025-06-11T12:22:18,Yo Ho Ho! (blue),1,0
280,Gravy Bones,2025-06-11T12:22:18,Head Stone,1,1
280,Gravy Bones,2025-06-11T12:22:18,Old Knocker,1,1
281,Puffin,2025-06-11T17:35:13,Draw Back the Hammer (red),2,0
281,Puffin,2025-06-11T17:35:13,Expedition to Blackwater Strait (red),2,0
281,Puffin,2025-06-11T17:35:13,Goldwing Turbine (red),2,0
281,Puffin,2025-06-11T17:35:13,Life for a Life (red),1,0
281,Puffin,2025-06-11T17:35:13,Nimblism (red),1,0
281,Puffin,2025-06-11T17:35:13,Palantir Aeronought (red),1,0
281,Puffin,2025-06-11T17:35:13,Perk Up (red),1,0
281,Puffin,2025-06-11T17:35:13,Rally the Coast Guard (red),1,0
281,Puffin,2025-06-11T17:35:13,Scar for a Scar (red),1,0
281,Puffin,2025-06-11T17:35:13,Sirens of Safe Harbor (red),1,0
281,Puffin,2025-06-11T17:35:13,Sky Skimmer (red),2,0
281,Puffin,2025-06-11T17:35:13,Teeth of the Cog (red),1,0
281,Puffin,2025-06-11T17:35:13,Tough Old Wrench (red),2,0
281,Puffin,2025-06-11T17:35:13,Walk the Plank (red),1,0
281,Puffin,2025-06-11T17:35:13,Cloud Skiff (yellow),1,0
281,Puffin,2025-06-11T17:35:13,Goldwing Turbine (yellow),1,0
281,Puffin,2025-06-11T17:35:13,Battalion Barque (blue),1,0
281,Puffin,2025-06-11T17:35:13,Cogwerx Zeppelin (blue),1,0
281,Puffin,2025-06-11T17:35:13,Goldwing Turbine (blue),1,0
281,Puffin,2025-06-11T17:35:13,Sirens of Safe Harbor (blue),1,0
281,Puffin,2025-06-11T17:35:13,Sky Skimmer (blue),2,0
281,Puffin,2025-06-11T17:35:13,Teeth of the Cog (blue),2,0
281,Puffin,2025-06-11T17:35:13,Tough Old Wrench (blue),1,0
281,Puffin,2025-06-11T17:35:13,Helmsman's Peak,1,1
281,Puffin,2025-06-11T17:35:13,Old Knocker,1,1
281,Puffin,2025-06-11T17:35:13,Swiftstrike Bracers,1,1
282,Puffin,2025-06-12T08:13:42,Cloud Skiff (red),1,0
282,Puffin,2025-06-12T08:13:42,Chart a Course (red),1,0
282,Puffin,2025-06-12T08:13:42,Jack Be Nimble (red),1,0
282,Puffin,2025-06-12T08:13:42,Life for a Life (red),1,0
282,Puffin,2025-06-12T08:13:42,Money or Your Life? (red),1,0
282,Puffin,2025-06-12T08:13:42,On the Horizon (red),1,0
282,Puffin,2025-06-12T08:13:42,Ravenous Rabble (red),2,0
282,Puffin,2025-06-12T08:13:42,Sirens of Safe Harbor (red),2,0
282,Puffin,2025-06-12T08:13:42,Strike Gold (red),2,0
282,Puffin,2025-06-12T08:13:42,Teeth of the Cog (red),2,0
282,Puffin,2025-06-12T08:13:42,Tighten the Screws (red),1,0
282,Puffin,2025-06-12T08:13:42,Cloud Skiff (yellow),1,0
282,Puffin,2025-06-12T08:13:42,Gold Hunter Lightsail (yellow),1,0
282,Puffin,2025-06-12T08:13:42,Gold Hunter Marauder (yellow),2,0
282,Puffin,2025-06-12T08:13:42,Goldwing Turbine (yellow),1,0
282,Puffin,2025-06-12T08:13:42,Nimblism (yellow),1,0
282,Puffin,2025-06-12T08:13:42,Nimby (yellow),2,0
282,Puffin,2025-06-12T08:13:42,Sky Skimmer (yellow),2,0
282,Puffin,2025-06-12T08:13:42,Strike Gold (yellow),1,0
282,Puffin,2025-06-12T08:13:42,Cloud Skiff (blue),2,0
282,Puffin,2025-06-12T08:13:42,Copper Cog (blue),1,0
282,Puffin,2025-06-12T08:13:42,Nimblism (blue),2,0
282,Puffin,2025-06-12T08:13:42,Nimby (blue),2,0
282,Puffin,2025-06-12T08:13:42,Sky Skimmer (blue),1,0
282,Puffin,2025-06-12T08:13:42,Teeth of the Cog (blue),1,0
282,Puffin,2025-06-12T08:13:42,Helmsman's Peak,1,1
282,Puffin,2025-06-12T08:13:42,Rust Belt,1,1
282,Puffin,2025-06-12T08:13:42,Swiftstrike Bracers,1,1
282,Puffin,2025-06-12T08:13:42,Unicycle,1,1
283,Gravy Bones,2025-06-12T10:58:22,Angry Bones (red),2,0
283,Gravy Bones,2025-06-12T10:58:22,Burly Bones (red),2,0
283,Gravy Bones,2025-06-12T10:58:22,Expedition to Dreadfall Reach (red),1,0
283,Gravy Bones,2025-06-12T10:58:22,Hoist 'Em Up (red),1,0
283,Gravy Bones,2025-06-12T10:58:22,Jittery Bones (red),1,0
283,Gravy Bones,2025-06-12T10:58:22,Paddle Faster (red),1,0
283,Gravy Bones,2025-06-12T10:58:22,Angry Bones (yellow),2,0
283,Gravy Bones,2025-06-12T10:58:22,Barnacle (yellow),1,0
283,Gravy Bones,2025-06-12T10:58:22,"Cutty Shark, Quick Clip (yellow)",1,0
283,Gravy Bones,2025-06-12T10:58:22,"Chowder, Hearty Cook (yellow)",1,0
283,Gravy Bones,2025-06-12T10:58:22,On the Horizon (yellow),1,0
283,Gravy Bones,2025-06-12T10:58:22,Riggermortis (yellow),1,0
283,Gravy Bones,2025-06-12T10:58:22,"Scooba, Salty Sea Dog (yellow)",1,0
283,Gravy Bones,2025-06-12T10:58:22,Swabbie (yellow),2,0
283,Gravy Bones,2025-06-12T10:58:22,Swiftwater Sloop (yellow),1,0
283,Gravy Bones,2025-06-12T10:58:22,Avast Ye! (blue),1,0
283,Gravy Bones,2025-06-12T10:58:22,Battalion Barque (blue),1,0
283,Gravy Bones,2025-06-12T10:58:22,Burly Bones (blue),1,0
283,Gravy Bones,2025-06-12T10:58:22,Flying High (blue),1,0
283,Gravy Bones,2025-06-12T10:58:22,Golden Tipple (blue),2,0
283,Gravy Bones,2025-06-12T10:58:22,Heave Ho! (blue),1,0
283,Gravy Bones,2025-06-12T10:58:22,Jittery Bones (blue),1,0
283,Gravy Bones,2025-06-12T10:58:22,Mutiny on the Battalion Barque (blue),2,0
283,Gravy Bones,2025-06-12T10:58:22,Mutiny on the Nimbus Sovereign (blue),1,0
283,Gravy Bones,2025-06-12T10:58:22,Mutiny on the Swiftwater (blue),3,0
283,Gravy Bones,2025-06-12T10:58:22,Nimblism (blue),2,0
283,Gravy Bones,2025-06-12T10:58:22,Restless Bones (blue),1,0
283,Gravy Bones,2025-06-12T10:58:22,Tit for Tat (blue),1,0
283,Gravy Bones,2025-06-12T10:58:22,Walk the Plank (blue),1,0
283,Gravy Bones,2025-06-12T10:58:22,Buccaneer's Bounty,1,1
283,Gravy Bones,2025-06-12T10:58:22,Head Stone,1,1
283,Gravy Bones,2025-06-12T10:58:22,Swiftstrike Bracers,1,1
284,Gravy Bones,2025-06-12T13:45:10,Burly Bones (red),2,0
284,Gravy Bones,2025-06-12T13:45:10,Fiddler's Green (red),1,0
284,Gravy Bones,2025-06-12T13:45:10,Jittery Bones (red),1,0
284,Gravy Bones,2025-06-12T13:45:10,Pilfer the Wreck (red),1,0
284,Gravy Bones,2025-06-12T13:45:10,Rally the Coast Guard (red),1,0
284,Gravy Bones,2025-06-12T13:45:10,Strike Gold (red),2,0
284,Gravy Bones,2025-06-12T13:45:10,Trade In (red),1,0
284,Gravy Bones,2025-06-12T13:45:10,Flying High (yellow),1,0
284,Gravy Bones,2025-06-12T13:45:10,HMS Marlin (yellow),1,0
284,Gravy Bones,2025-06-12T13:45:10,"Chowder, Hearty Cook (yellow)",3,0
284,Gravy Bones,2025-06-12T13:45:10,"Limpit, Hop-a-long (yellow)",1,0
284,Gravy Bones,2025-06-12T13:45:10,Nimby (yellow),1,0
284,Gravy Bones,2025-06-12T13:45:10,On the Horizon (yellow),1,0
284,Gravy Bones,2025-06-12T13:45:10,Rally the Coast Guard (yellow),1,0
284,Gravy Bones,2025-06-12T13:45:10,Swabbie (yellow),3,0
284,Gravy Bones,2025-06-12T13:45:10,Amethyst Amulet (blue),1,0
284,Gravy Bones,2025-06-12T13:45:10,Burly Bones (blue),2,0
284,Gravy Bones,2025-06-12T13:45:10,Clap 'Em in Irons (blue),1,0
284,Gravy Bones,2025-06-12T13:45:10,Give No Quarter (blue),1,0
284,Gravy Bones,2025-06-12T13:45:10,Jittery Bones (blue),1,0
284,Gravy Bones,2025-06-12T13:45:10,Mutiny on the Battalion Barque (blue),2,0
284,Gravy Bones,2025-06-12T13:45:10,Restless Bones (blue),1,0
284,Gravy Bones,2025-06-12T13:45:10,Saltwater Swell (blue),1,0
284,Gravy Bones,2025-06-12T13:45:10,Sirens of Safe Harbor (blue),1,0
284,Gravy Bones,2025-06-12T13:45:10,Swindler's Grift (blue),1,0
284,Gravy Bones,2025-06-12T13:45:10,Walk the Plank (blue),1,0
284,Gravy Bones,2025-06-12T13:45:10,Bandana of the Blue Beyond,1,1
284,Gravy Bones,2025-06-12T13:45:10,Fish Fingers,1,1
284,Gravy Bones,2025-06-12T13:45:10,Helmsman's Peak,1,1
284,Gravy Bones,2025-06-12T13:45:10,Quartermaster's Boots,1,1
285,Gravy Bones,2025-06-12T14:33:47,Burly Bones (red),1,0
285,Gravy Bones,2025-06-12T14:33:47,Expedition to Azuro Keys (red),1,0
285,Gravy Bones,2025-06-12T14:33:47,Expedition to Horizon's Mantle (red),2,0
285,Gravy Bones,2025-06-12T14:33:47,Jittery Bones (red),2,0
285,Gravy Bones,2025-06-12T14:33:47,Paddle Faster (red),1,0
285,Gravy Bones,2025-06-12T14:33:47,"Cutty Shark, Quick Clip (yellow)",1,0
285,Gravy Bones,2025-06-12T14:33:47,Flying High (yellow),1,0
285,Gravy Bones,2025-06-12T14:33:47,Gold Hunter Ketch (yellow),1,0
285,Gravy Bones,2025-06-12T14:33:47,Golden Tipple (yellow),1,0
285,Gravy Bones,2025-06-12T14:33:47,"Chowder, Hearty Cook (yellow)",1,0
285,Gravy Bones,2025-06-12T14:33:47,"Kelpie, Tangled Mess (yellow)",1,0
285,Gravy Bones,2025-06-12T14:33:47,Riggermortis (yellow),3,0
285,Gravy Bones,2025-06-12T14:33:47,Swabbie (yellow),1,0
285,Gravy Bones,2025-06-12T14:33:47,Angry Bones (blue),1,0
285,Gravy Bones,2025-06-12T14:33:47,Battalion Barque (blue),2,0
285,Gravy Bones,2025-06-12T14:33:47,Golden Tipple (blue),1,0
285,Gravy Bones,2025-06-12T14:33:47,Chart a Course (blue),2,0
285,Gravy Bones,2025-06-12T14:33:47,Jittery Bones (blue),1,0
285,Gravy Bones,2025-06-12T14:33:47,Mutiny on the Battalion Barque (blue),2,0
285,Gravy Bones,2025-06-12T14:33:47,Rally the Coast Guard (blue),1,0
285,Gravy Bones,2025-06-12T14:33:47,Restless Bones (blue),1,0
285,Gravy Bones,2025-06-12T14:33:47,Scrub the Deck (blue),1,0
285,Gravy Bones,2025-06-12T14:33:47,Sirens of Safe Harbor (blue),1,0
285,Gravy Bones,2025-06-12T14:33:47,Swiftwater Sloop (blue),3,0
285,Gravy Bones,2025-06-12T14:33:47,Captain's Coat,1,1
285,Gravy Bones,2025-06-12T14:33:47,Quartermaster's Boots,1,1
285,Gravy Bones,2025-06-12T14:33:47,Washed Up Wave,1,1
286,Marlynn,2025-06-12T17:22:00,Call in the Big Guns (red),1,0
286,Marlynn,2025-06-12T17:22:00,Entangling Shot (red),1,0
286,Marlynn,2025-06-12T17:22:00,Expedition to Dreadfall Reach (red),1,0
286,Marlynn,2025-06-12T17:22:00,Expedition to Horizon's Mantle (red),1,0
286,Marlynn,2025-06-12T17:22:00,Fire in the Hole (red),1,0
286,Marlynn,2025-06-12T17:22:00,King Shark Harpoon (red),1,0
286,Marlynn,2025-06-12T17:22:00,Monkey Powder (red),1,0
286,Marlynn,2025-06-12T17:22:00,Nimby (red),2,0
286,Marlynn,2025-06-12T17:22:00,Scouting Shot (red),2,0
286,Marlynn,2025-06-12T17:22:00,Swift Shot (red),1,0
286,Marlynn,2025-06-12T17:22:00,Battalion Barque (yellow),1,0
286,Marlynn,2025-06-12T17:22:00,Call in the Big Guns (yellow),1,0
286,Marlynn,2025-06-12T17:22:00,Gold Hunter Longboat (yellow),1,0
286,Marlynn,2025-06-12T17:22:00,Gold Hunter Marauder (yellow),1,0
286,Marlynn,2025-06-12T17:22:00,Head Shot (yellow),1,0
286,Marlynn,2025-06-12T17:22:00,HMS Barracuda (yellow),1,0
286,Marlynn,2025-06-12T17:22:00,HMS Marlin (yellow),1,0
286,Marlynn,2025-06-12T17:22:00,Saltwater Swell (yellow),1,0
286,Marlynn,2025-06-12T17:22:00,Strike Gold (yellow),2,0
286,Marlynn,2025-06-12T17:22:00,Swindler's Grift (yellow),1,0
286,Marlynn,2025-06-12T17:22:00,Call in the Big Guns (blue),2,0
286,Marlynn,2025-06-12T17:22:00,Clap 'Em in Irons (blue),1,0
286,Marlynn,2025-06-12T17:22:00,Flying High (blue),1,0
286,Marlynn,2025-06-12T17:22:00,On the Horizon (blue),1,0
286,Marlynn,2025-06-12T17:22:00,Rusty Harpoon (blue),2,0
286,Marlynn,2025-06-12T17:22:00,Sic 'Em Shot (blue),3,0
286,Marlynn,2025-06-12T17:22:00,Sinker (blue),1,0
286,Marlynn,2025-06-12T17:22:00,Swiftwater Sloop (blue),1,0
286,Marlynn,2025-06-12T17:22:00,Throw Caution to the Wind (blue),1,0
286,Marlynn,2025-06-12T17:22:00,Buccaneer's Bounty,1,1
286,Marlynn,2025-06-12T17:22:00,Fish Fingers,1,1
286,Marlynn,2025-06-12T17:22:00,Patch the Hole,1,1
287,Gravy Bones,2025-06-12T18:10:05,Burly Bones (red),2,0
287,Gravy Bones,2025-06-12T18:10:05,Expedition to Dreadfall Reach (red),1,0
287,Gravy Bones,2025-06-12T18:10:05,Hoist 'Em Up (red),1,0
287,Gravy Bones,2025-06-12T18:10:05,Jittery Bones (red),1,0
287,Gravy Bones,2025-06-12T18:10:05,Rally the Coast Guard (red),1,0
287,Gravy Bones,2025-06-12T18:10:05,Thiev'n Varmints (red),1,0
287,Gravy Bones,2025-06-12T18:10:05,Walk the Plank (red),1,0
287,Gravy Bones,2025-06-12T18:10:05,Battalion Barque (yellow),2,0
287,Gravy Bones,2025-06-12T18:10:05,Burly Bones (yellow),2,0
287,Gravy Bones,2025-06-12T18:10:05,Crash Down the Gates (yellow),1,0
287,Gravy Bones,2025-06-12T18:10:05,Jittery Bones (yellow),1,0
287,Gravy Bones,2025-06-12T18:10:05,"Kelpie, Tangled Mess (yellow)",1,0
287,Gravy Bones,2025-06-12T18:10:05,On the Horizon (yellow),1,0
287,Gravy Bones,2025-06-12T18:10:05,Riggermortis (yellow),2,0
287,Gravy Bones,2025-06-12T18:10:05,"Shelly, Hardened Traveler (yellow)",1,0
287,Gravy Bones,2025-06-12T18:10:05,Swiftwater Sloop (yellow),1,0
287,Gravy Bones,2025-06-12T18:10:05,Walk the Plank (yellow),1,0
287,Gravy Bones,2025-06-12T18:10:05,Avast Ye! (blue),1,0
287,Gravy Bones,2025-06-12T18:10:05,Burly Bones (blue),1,0
287,Gravy Bones,2025-06-12T18:10:05,Chart a Course (blue),1,0
287,Gravy Bones,2025-06-12T18:10:05,Mutiny on the Battalion Barque (blue),1,0
287,Gravy Bones,2025-06-12T18:10:05,Mutiny on the Nimbus Sovereign (blue),1,0
287,Gravy Bones,2025-06-12T18:10:05,Mutiny on the Swiftwater (blue),1,0
287,Gravy Bones,2025-06-12T18:10:05,Pilfer the Wreck (blue),1,0
287,Gravy Bones,2025-06-12T18:10:05,Restless Bones (blue),2,0
287,Gravy Bones,2025-06-12T18:10:05,Saltwater Swell (blue),1,0
287,Gravy Bones,2025-06-12T18:10:05,Strike Gold (blue),1,0
287,Gravy Bones,2025-06-12T18:10:05,Throw Caution to the Wind (blue),1,0
287,Gravy Bones,2025-06-12T18:10:05,Head Stone,1,1
287,Gravy Bones,2025-06-12T18:10:05,Washed Up Wave,1,1
288,Gravy Bones,2025-06-12T19:41:32,Expedition to Horizon's Mantle (red),1,0
288,Gravy Bones,2025-06-12T19:41:32,Money or Your Life? (red),1,0
288,Gravy Bones,2025-06-12T19:41:32,Nimblism (red),1,0
288,Gravy Bones,2025-06-12T19:41:32,On the Horizon (red),1,0
288,Gravy Bones,2025-06-12T19:41:32,Rally the Coast Guard (red),1,0
288,Gravy Bones,2025-06-12T19:41:32,Restless Bones (red),1,0
288,Gravy Bones,2025-06-12T19:41:32,Strike Gold (red),1,0
288,Gravy Bones,2025-06-12T19:41:32,Swiftwater Sloop (red),1,0
288,Gravy Bones,2025-06-12T19:41:32,Thiev'n Varmints (red),1,0
288,Gravy Bones,2025-06-12T19:41:32,Walk the Plank (red),1,0
288,Gravy Bones,2025-06-12T19:41:32,Fiddler's Green (yellow),1,0
288,Gravy Bones,2025-06-12T19:41:32,Gold Hunter Ketch (yellow),1,0
288,Gravy Bones,2025-06-12T19:41:32,Gold Hunter Marauder (yellow),1,0
288,Gravy Bones,2025-06-12T19:41:32,Jittery Bones (yellow),1,0
288,Gravy Bones,2025-06-12T19:41:32,"Limpit, Hop-a-long (yellow)",1,0
288,Gravy Bones,2025-06-12T19:41:32,"Shelly, Hardened Traveler (yellow)",2,0
288,Gravy Bones,2025-06-12T19:41:32,Sirens of Safe Harbor (yellow),1,0
288,Gravy Bones,2025-06-12T19:41:32,Strike Gold (yellow),1,0
288,Gravy Bones,2025-06-12T19:41:32,Swiftwater Sloop (yellow),2,0
288,Gravy Bones,2025-06-12T19:41:32,Trade In (yellow),1,0
288,Gravy Bones,2025-06-12T19:41:32,Fiddler's Green (blue),1,0
288,Gravy Bones,2025-06-12T19:41:32,Golden Tipple (blue),1,0
288,Gravy Bones,2025-06-12T19:41:32,Jittery Bones (blue),1,0
288,Gravy Bones,2025-06-12T19:41:32,Mutiny on the Nimbus Sovereign (blue),2,0
288,Gravy Bones,2025-06-12T19:41:32,Mutiny on the Swiftwater (blue),1,0
288,Gravy Bones,2025-06-12T19:41:32,Nimblism (blue),1,0
288,Gravy Bones,2025-06-12T19:41:32,On the Horizon (blue),1,0
288,Gravy Bones,2025-06-12T19:41:32,Restless Bones (blue),1,0
288,Gravy Bones,2025-06-12T19:41:32,Swiftwater Sloop (blue),1,0
288,Gravy Bones,2025-06-12T19:41:32,Swindler's Grift (blue),1,0
288,Gravy Bones,2025-06-12T19:41:32,Throw Caution to the Wind (blue),1,0
288,Gravy Bones,2025-06-12T19:41:32,Tit for Tat (blue),2,0
288,Gravy Bones,2025-06-12T19:41:32,Bandana of the Blue Beyond,2,1
288,Gravy Bones,2025-06-12T19:41:32,Buccaneer's Bounty,1,1
288,Gravy Bones,2025-06-12T19:41:32,Head Stone,1,1
289,Puffin,2025-06-12T19:53:02,Battalion Barque (red),1,0
289,Puffin,2025-06-12T19:53:02,Blow for a Blow (red),1,0
289,Puffin,2025-06-12T19:53:02,Cloud City Steamboat (red),1,0
289,Puffin,2025-06-12T19:53:02,Cloud Skiff (red),1,0
289,Puffin,2025-06-12T19:53:02,Draw Back the Hammer (red),1,0
289,Puffin,2025-06-12T19:53:02,Expedition to Horizon's Mantle (red),1,0
289,Puffin,2025-06-12T19:53:02,Perk Up (red),2,0
289,Puffin,2025-06-12T19:53:02,Scar for a Scar (red),1,0
289,Puffin,2025-06-12T19:53:02,Sirens of Safe Harbor (red),1,0
289,Puffin,2025-06-12T19:53:02,Sky Skimmer (red),2,0
289,Puffin,2025-06-12T19:53:02,Thiev'n Varmints (red),1,0
289,Puffin,2025-06-12T19:53:02,Tighten the Screws (red),1,0
289,Puffin,2025-06-12T19:53:02,Tough Old Wrench (red),2,0
289,Puffin,2025-06-12T19:53:02,Walk the Plank (red),1,0
289,Puffin,2025-06-12T19:53:02,Cloud City Steamboat (yellow),2,0
289,Puffin,2025-06-12T19:53:02,Gold Hunter Ketch (yellow),1,0
289,Puffin,2025-06-12T19:53:02,Gold Hunter Lightsail (yellow),1,0
289,Puffin,2025-06-12T19:53:02,On the Horizon (yellow),1,0
289,Puffin,2025-06-12T19:53:02,Sea Legs (yellow),1,0
289,Puffin,2025-06-12T19:53:02,Swiftwater Sloop (yellow),1,0
289,Puffin,2025-06-12T19:53:02,Cloud City Steamboat (blue),1,0
289,Puffin,2025-06-12T19:53:02,Cogwerx Zeppelin (blue),1,0
289,Puffin,2025-06-12T19:53:02,Copper Cog (blue),1,0
289,Puffin,2025-06-12T19:53:02,Mutiny on the Nimbus Sovereign (blue),1,0
289,Puffin,2025-06-12T19:53:02,Sirens of Safe Harbor (blue),1,0
289,Puffin,2025-06-12T19:53:02,Sky Skimmer (blue),2,0
289,Puffin,2025-06-12T19:53:02,Teeth of the Cog (blue),1,0
289,Puffin,2025-06-12T19:53:02,Tough Old Wrench (blue),1,0
289,Puffin,2025-06-12T19:53:02,Buccaneer's Bounty,1,1
289,Puffin,2025-06-12T19:53:02,Unicycle,1,1
290,Marlynn,2025-06-12T19:57:13,Call in the Big Guns (red),2,0
290,Marlynn,2025-06-12T19:57:13,Drop the Anchor (red),1,0
290,Marlynn,2025-06-12T19:57:13,Dry Powder Shot (red),1,0
290,Marlynn,2025-06-12T19:57:13,Entangling Shot (red),1,0
290,Marlynn,2025-06-12T19:57:13,Head Shot (red),1,0
290,Marlynn,2025-06-12T19:57:13,King Kraken Harpoon (red),1,0
290,Marlynn,2025-06-12T19:57:13,On the Horizon (red),1,0
290,Marlynn,2025-06-12T19:57:13,Salvage Shot (red),2,0
290,Marlynn,2025-06-12T19:57:13,Scouting Shot (red),1,0
290,Marlynn,2025-06-12T19:57:13,Sic 'Em Shot (red),2,0
290,Marlynn,2025-06-12T19:57:13,Swift Shot (red),2,0
290,Marlynn,2025-06-12T19:57:13,Swiftwater Sloop (red),1,0
290,Marlynn,2025-06-12T19:57:13,Trade In (red),2,0
290,Marlynn,2025-06-12T19:57:13,Big Game Trophy Shot (yellow),1,0
290,Marlynn,2025-06-12T19:57:13,Call in the Big Guns (yellow),1,0
290,Marlynn,2025-06-12T19:57:13,Head Shot (yellow),1,0
290,Marlynn,2025-06-12T19:57:13,HMS Marlin (yellow),1,0
290,Marlynn,2025-06-12T19:57:13,Chart a Course (yellow),1,0
290,Marlynn,2025-06-12T19:57:13,Lost in Transit (yellow),1,0
290,Marlynn,2025-06-12T19:57:13,On the Horizon (yellow),2,0
290,Marlynn,2025-06-12T19:57:13,Salvage Shot (yellow),1,0
290,Marlynn,2025-06-12T19:57:13,Battalion Barque (blue),2,0
290,Marlynn,2025-06-12T19:57:13,Call in the Big Guns (blue),1,0
290,Marlynn,2025-06-12T19:57:13,Mutiny on the Swiftwater (blue),1,0
290,Marlynn,2025-06-12T19:57:13,Salvage Shot (blue),1,0
290,Marlynn,2025-06-12T19:57:13,Sic 'Em Shot (blue),2,0
290,Marlynn,2025-06-12T19:57:13,Swiftwater Sloop (blue),1,0
290,Marlynn,2025-06-12T19:57:13,Yellow Fin Harpoon (blue),1,0
290,Marlynn,2025-06-12T19:57:13,Bandana of the Blue Beyond,1,1
290,Marlynn,2025-06-12T19:57:13,Fish Fingers,1,1
290,Marlynn,2025-06-12T19:57:13,Old Knocker,1,1
290,Marlynn,2025-06-12T19:57:13,Peg Leg,1,1
291,Puffin,2025-06-13T00:18:23,Cloud Skiff (red),1,0
291,Puffin,2025-06-13T00:18:23,Chart a Course (red),1,0
291,Puffin,2025-06-13T00:18:23,Jack Be Nimble (red),1,0
291,Puffin,2025-06-13T00:18:23,Life for a Life (red),1,0
291,Puffin,2025-06-13T00:18:23,Nimblism (red),1,0
291,Puffin,2025-06-13T00:18:23,Perk Up (red),2,0
291,Puffin,2025-06-13T00:18:23,Scar for a Scar (red),2,0
291,Puffin,2025-06-13T00:18:23,Strike Gold (red),2,0
291,Puffin,2025-06-13T00:18:23,Teeth of the Cog (red),2,0
291,Puffin,2025-06-13T00:18:23,Tough Old Wrench (red),2,0
291,Puffin,2025-06-13T00:18:23,Gold Hunter Ketch (yellow),1,0
291,Puffin,2025-06-13T00:18:23,Gold Hunter Longboat (yellow),1,0
291,Puffin,2025-06-13T00:18:23,Gold Hunter Marauder (yellow),1,0
291,Puffin,2025-06-13T00:18:23,Goldwing Turbine (yellow),2,0
291,Puffin,2025-06-13T00:18:23,HMS Marlin (yellow),1,0
291,Puffin,2025-06-13T00:18:23,Nimblism (yellow),2,0
291,Puffin,2025-06-13T00:18:23,Nimby (yellow),1,0
291,Puffin,2025-06-13T00:18:23,Sky Skimmer (yellow),1,0
291,Puffin,2025-06-13T00:18:23,Strike Gold (yellow),1,0
291,Puffin,2025-06-13T00:18:23,Goldwing Turbine (blue),1,0
291,Puffin,2025-06-13T00:18:23,Nimblism (blue),1,0
291,Puffin,2025-06-13T00:18:23,Pinion Sentry (blue),1,0
291,Puffin,2025-06-13T00:18:23,Rally the Coast Guard (blue),1,0
291,Puffin,2025-06-13T00:18:23,Shifting Tides (blue),1,0
291,Puffin,2025-06-13T00:18:23,Sky Skimmer (blue),3,0
291,Puffin,2025-06-13T00:18:23,Strike Gold (blue),1,0
291,Puffin,2025-06-13T00:18:23,Swindler's Grift (blue),1,0
291,Puffin,2025-06-13T00:18:23,Teeth of the Cog (blue),1,0
291,Puffin,2025-06-13T00:18:23,Blue Sea Tricorn,1,1
291,Puffin,2025-06-13T00:18:23,Fish Fingers,1,1
291,Puffin,2025-06-13T00:18:23,Rust Belt,1,1
291,Puffin,2025-06-13T00:18:23,Unicycle,1,1
292,Marlynn,2025-06-13T01:09:09,Barbed Barrage (red),1,0
292,Marlynn,2025-06-13T01:09:09,Battalion Barque (red),1,0
292,Marlynn,2025-06-13T01:09:09,Call in the Big Guns (red),2,0
292,Marlynn,2025-06-13T01:09:09,Dry Powder Shot (red),1,0
292,Marlynn,2025-06-13T01:09:09,Entangling Shot (red),1,0
292,Marlynn,2025-06-13T01:09:09,Expedition to Azuro Keys (red),1,0
292,Marlynn,2025-06-13T01:09:09,Expedition to Blackwater Strait (red),1,0
292,Marlynn,2025-06-13T01:09:09,Flying High (red),1,0
292,Marlynn,2025-06-13T01:09:09,Head Shot (red),1,0
292,Marlynn,2025-06-13T01:09:09,Scar for a Scar (red),1,0
292,Marlynn,2025-06-13T01:09:09,Call in the Big Guns (yellow),1,0
292,Marlynn,2025-06-13T01:09:09,Crash Down the Gates (yellow),1,0
292,Marlynn,2025-06-13T01:09:09,Gold Hunter Marauder (yellow),1,0
292,Marlynn,2025-06-13T01:09:09,Money or Your Life? (yellow),1,0
292,Marlynn,2025-06-13T01:09:09,On the Horizon (yellow),1,0
292,Marlynn,2025-06-13T01:09:09,Salvage Shot (yellow),2,0
292,Marlynn,2025-06-13T01:09:09,Strike Gold (yellow),1,0
292,Marlynn,2025-06-13T01:09:09,Swiftwater Sloop (yellow),1,0
292,Marlynn,2025-06-13T01:09:09,Walk the Plank (yellow),1,0
292,Marlynn,2025-06-13T01:09:09,Battalion Barque (blue),1,0
292,Marlynn,2025-06-13T01:09:09,Blue Fin Harpoon (blue),1,0
292,Marlynn,2025-06-13T01:09:09,Call in the Big Guns (blue),1,0
292,Marlynn,2025-06-13T01:09:09,Line (blue),2,0
292,Marlynn,2025-06-13T01:09:09,Mutiny on the Nimbus Sovereign (blue),1,0
292,Marlynn,2025-06-13T01:09:09,Nimby (blue),1,0
292,Marlynn,2025-06-13T01:09:09,Rusty Harpoon (blue),1,0
292,Marlynn,2025-06-13T01:09:09,Saltwater Swell (blue),1,0
292,Marlynn,2025-06-13T01:09:09,Salvage Shot (blue),2,0
292,Marlynn,2025-06-13T01:09:09,Sic 'Em Shot (blue),1,0
292,Marlynn,2025-06-13T01:09:09,Sinker (blue),2,0
292,Marlynn,2025-06-13T01:09:09,Tip the Barkeep (blue),1,0
292,Marlynn,2025-06-13T01:09:09,Walk the Plank (blue),1,0
292,Marlynn,2025-06-13T01:09:09,Bandana of the Blue Beyond,1,1
292,Marlynn,2025-06-13T01:09:09,Blue Sea Tricorn,1,1
292,Marlynn,2025-06-13T01:09:09,Glidewell Fins,1,1
292,Marlynn,2025-06-13T01:09:09,Old Knocker,1,1
293,Gravy Bones,2025-06-13T01:17:26,Flying High (red),1,0
293,Gravy Bones,2025-06-13T01:17:26,Jack Be Quick (red),1,0
293,Gravy Bones,2025-06-13T01:17:26,Jittery Bones (red),2,0
293,Gravy Bones,2025-06-13T01:17:26,Money or Your Life? (red),1,0
293,Gravy Bones,2025-06-13T01:17:26,Nimblism (red),1,0
293,Gravy Bones,2025-06-13T01:17:26,Paddle Faster (red),2,0
293,Gravy Bones,2025-06-13T01:17:26,Rally the Coast Guard (red),2,0
293,Gravy Bones,2025-06-13T01:17:26,Ravenous Rabble (red),1,0
293,Gravy Bones,2025-06-13T01:17:26,Restless Bones (red),1,0
293,Gravy Bones,2025-06-13T01:17:26,Swiftwater Sloop (red),1,0
293,Gravy Bones,2025-06-13T01:17:26,Swindler's Grift (red),1,0
293,Gravy Bones,2025-06-13T01:17:26,Thiev'n Varmints (red),1,0
293,Gravy Bones,2025-06-13T01:17:26,Angry Bones (yellow),1,0
293,Gravy Bones,2025-06-13T01:17:26,Flying High (yellow),2,0
293,Gravy Bones,2025-06-13T01:17:26,Rally the Coast Guard (yellow),1,0
293,Gravy Bones,2025-06-13T01:17:26,Riggermortis (yellow),2,0
293,Gravy Bones,2025-06-13T01:17:26,"Scooba, Salty Sea Dog (yellow)",1,0
293,Gravy Bones,2025-06-13T01:17:26,Sea Legs (yellow),1,0
293,Gravy Bones,2025-06-13T01:17:26,"Shelly, Hardened Traveler (yellow)",1,0
293,Gravy Bones,2025-06-13T01:17:26,Strike Gold (yellow),1,0
293,Gravy Bones,2025-06-13T01:17:26,Swabbie (yellow),2,0
293,Gravy Bones,2025-06-13T01:17:26,Clap 'Em in Irons (blue),1,0
293,Gravy Bones,2025-06-13T01:17:26,Golden Tipple (blue),3,0
293,Gravy Bones,2025-06-13T01:17:26,Jittery Bones (blue),2,0
293,Gravy Bones,2025-06-13T01:17:26,Mutiny on the Battalion Barque (blue),1,0
293,Gravy Bones,2025-06-13T01:17:26,Mutiny on the Swiftwater (blue),1,0
293,Gravy Bones,2025-06-13T01:17:26,Rally the Coast Guard (blue),1,0
293,Gravy Bones,2025-06-13T01:17:26,Scrub the Deck (blue),1,0
293,Gravy Bones,2025-06-13T01:17:26,Swindler's Grift (blue),1,0
293,Gravy Bones,2025-06-13T01:17:26,Tit for Tat (blue),1,0
293,Gravy Bones,2025-06-13T01:17:26,Head Stone,1,1
293,Gravy Bones,2025-06-13T01:17:26,Quick Clicks,1,1
293,Gravy Bones,2025-06-13T01:17:26,Swiftstrike Bracers,1,1
294,Marlynn,2025-06-13T02:14:11,Blow for a Blow (red),1,0
294,Marlynn,2025-06-13T02:14:11,Call in the Big Guns (red),2,0
294,Marlynn,2025-06-13T02:14:11,Dry Powder Shot (red),1,0
294,Marlynn,2025-06-13T02:14:11,Entangling Shot (red),2,0
294,Marlynn,2025-06-13T02:14:11,Expedition to Azuro Keys (red),2,0
294,Marlynn,2025-06-13T02:14:11,King Kraken Harpoon (red),1,0
294,Marlynn,2025-06-13T02:14:11,Scar for a Scar (red),1,0
294,Marlynn,2025-06-13T02:14:11,Swiftwater Sloop (red),1,0
294,Marlynn,2025-06-13T02:14:11,Thiev'n Varmints (red),1,0
294,Marlynn,2025-06-13T02:14:11,Call in the Big Guns (yellow),1,0
294,Marlynn,2025-06-13T02:14:11,Gold Hunter Longboat (yellow),1,0
294,Marlynn,2025-06-13T02:14:11,HMS Kraken (yellow),1,0
294,Marlynn,2025-06-13T02:14:11,Loan Shark (yellow),1,0
294,Marlynn,2025-06-13T02:14:11,Rally the Coast Guard (yellow),2,0
294,Marlynn,2025-06-13T02:14:11,Salvage Shot (yellow),1,0
294,Marlynn,2025-06-13T02:14:11,Sic 'Em Shot (yellow),2,0
294,Marlynn,2025-06-13T02:14:11,Trade In (yellow),1,0
294,Marlynn,2025-06-13T02:14:11,Walk the Plank (yellow),1,0
294,Marlynn,2025-06-13T02:14:11,Blue Fin Harpoon (blue),1,0
294,Marlynn,2025-06-13T02:14:11,Call in the Big Guns (blue),2,0
294,Marlynn,2025-06-13T02:14:11,Crash Down the Gates (blue),1,0
294,Marlynn,2025-06-13T02:14:11,Hook (blue),2,0
294,Marlynn,2025-06-13T02:14:11,Rally the Coast Guard (blue),2,0
294,Marlynn,2025-06-13T02:14:11,Red Fin Harpoon (blue),1,0
294,Marlynn,2025-06-13T02:14:11,Saltwater Swell (blue),1,0
294,Marlynn,2025-06-13T02:14:11,Sic 'Em Shot (blue),1,0
294,Marlynn,2025-06-13T02:14:11,Sirens of Safe Harbor (blue),1,0
294,Marlynn,2025-06-13T02:14:11,Swiftwater Sloop (blue),1,0
294,Marlynn,2025-06-13T02:14:11,Walk the Plank (blue),1,0
294,Marlynn,2025-06-13T02:14:11,Yellow Fin Harpoon (blue),1,0
294,Marlynn,2025-06-13T02:14:11,Glidewell Fins,1,1
294,Marlynn,2025-06-13T02:14:11,Helmsman's Peak,1,1
294,Marlynn,2025-06-13T02:14:11,Peg Leg,1,1
295,Puffin,2025-06-13T05:07:00,Cloud City Steamboat (red),1,0
295,Puffin,2025-06-13T05:07:00,Cloud Skiff (red),2,0
295,Puffin,2025-06-13T05:07:00,Cogwerx Zeppelin (red),1,0
295,Puffin,2025-06-13T05:07:00,Draw Back the Hammer (red),1,0
295,Puffin,2025-06-13T05:07:00,Goldwing Turbine (red),2,0
295,Puffin,2025-06-13T05:07:00,Sky Skimmer (red),1,0
295,Puffin,2025-06-13T05:07:00,Tighten the Screws (red),2,0
295,Puffin,2025-06-13T05:07:00,Tough Old Wrench (red),3,0
295,Puffin,2025-06-13T05:07:00,Cloud City Steamboat (yellow),1,0
295,Puffin,2025-06-13T05:07:00,Cloud Skiff (yellow),1,0
295,Puffin,2025-06-13T05:07:00,Cogwerx Zeppelin (yellow),1,0
295,Puffin,2025-06-13T05:07:00,Gold Hunter Marauder (yellow),1,0
295,Puffin,2025-06-13T05:07:00,Goldwing Turbine (yellow),1,0
295,Puffin,2025-06-13T05:07:00,HMS Barracuda (yellow),1,0
295,Puffin,2025-06-13T05:07:00,Sky Skimmer (yellow),2,0
295,Puffin,2025-06-13T05:07:00,Swindler's Grift (yellow),1,0
295,Puffin,2025-06-13T05:07:00,Teeth of the Cog (yellow),1,0
295,Puffin,2025-06-13T05:07:00,Walk the Plank (yellow),1,0
295,Puffin,2025-06-13T05:07:00,Cloud City Steamboat (blue),1,0
295,Puffin,2025-06-13T05:07:00,Cloud Skiff (blue),1,0
295,Puffin,2025-06-13T05:07:00,Cogwerx Zeppelin (blue),1,0
295,Puffin,2025-06-13T05:07:00,Copper Cog (blue),1,0
295,Puffin,2025-06-13T05:07:00,Goldwing Turbine (blue),3,0
295,Puffin,2025-06-13T05:07:00,Mutiny on the Nimbus Sovereign (blue),1,0
295,Puffin,2025-06-13T05:07:00,Pinion Sentry (blue),1,0
295,Puffin,2025-06-13T05:07:00,Sirens of Safe Harbor (blue),1,0
295,Puffin,2025-06-13T05:07:00,Teeth of the Cog (blue),1,0
295,Puffin,2025-06-13T05:07:00,Tough Old Wrench (blue),2,0
295,Puffin,2025-06-13T05:07:00,Blue Sea Tricorn,1,1
295,Puffin,2025-06-13T05:07:00,Light Fingers,1,1
295,Puffin,2025-06-13T05:07:00,Rust Belt,1,1
295,Puffin,2025-06-13T05:07:00,Unicycle,1,1
296,Puffin,2025-06-13T09:18:16,Cloud Skiff (red),2,0
296,Puffin,2025-06-13T09:18:16,Chart a Course (red),2,0
296,Puffin,2025-06-13T09:18:16,Perk Up (red),2,0
296,Puffin,2025-06-13T09:18:16,Pilfer the Wreck (red),1,0
296,Puffin,2025-06-13T09:18:16,Ravenous Rabble (red),2,0
296,Puffin,2025-06-13T09:18:16,Scar for a Scar (red),1,0
296,Puffin,2025-06-13T09:18:16,Sky Skimmer (red),1,0
296,Puffin,2025-06-13T09:18:16,Teeth of the Cog (red),2,0
296,Puffin,2025-06-13T09:18:16,Tighten the Screws (red),1,0
296,Puffin,2025-06-13T09:18:16,Cloud Skiff (yellow),2,0
296,Puffin,2025-06-13T09:18:16,Gold Hunter Lightsail (yellow),2,0
296,Puffin,2025-06-13T09:18:16,Goldwing Turbine (yellow),3,0
296,Puffin,2025-06-13T09:18:16,HMS Kraken (yellow),1,0
296,Puffin,2025-06-13T09:18:16,Nimblism (yellow),1,0
296,Puffin,2025-06-13T09:18:16,Rally the Coast Guard (yellow),1,0
296,Puffin,2025-06-13T09:18:16,Sky Skimmer (yellow),1,0
296,Puffin,2025-06-13T09:18:16,Teeth of the Cog (yellow),1,0
296,Puffin,2025-06-13T09:18:16,Tough Old Wrench (yellow),1,0
296,Puffin,2025-06-13T09:18:16,Cloud Skiff (blue),1,0
296,Puffin,2025-06-13T09:18:16,Goldwing Turbine (blue),2,0
296,Puffin,2025-06-13T09:18:16,Lubricate (blue),1,0
296,Puffin,2025-06-13T09:18:16,Nimblism (blue),1,0
296,Puffin,2025-06-13T09:18:16,Nimby (blue),1,0
296,Puffin,2025-06-13T09:18:16,Tough Old Wrench (blue),2,0
296,Puffin,2025-06-13T09:18:16,Bandana of the Blue Beyond,1,1
296,Puffin,2025-06-13T09:18:16,Light Fingers,1,1
296,Puffin,2025-06-13T09:18:16,Old Knocker,1,1
296,Puffin,2025-06-13T09:18:16,Quartermaster's Boots,1,1
296,Puffin,2025-06-13T09:18:16,Unicycle,1,1
297,Gravy Bones,2025-06-13T10:26:14,Blood in the Water (red),1,0
297,Gravy Bones,2025-06-13T10:26:14,Expedition to Azuro Keys (red),1,0
297,Gravy Bones,2025-06-13T10:26:14,Expedition to Horizon's Mantle (red),1,0
297,Gravy Bones,2025-06-13T10:26:14,Jittery Bones (red),3,0
297,Gravy Bones,2025-06-13T10:26:14,Restless Bones (red),1,0
297,Gravy Bones,2025-06-13T10:26:14,Sirens of Safe Harbor (red),2,0
297,Gravy Bones,2025-06-13T10:26:14,Angry Bones (yellow),1,0
297,Gravy Bones,2025-06-13T10:26:14,Barnacle (yellow),1,0
297,Gravy Bones,2025-06-13T10:26:14,"Cutty Shark, Quick Clip (yellow)",2,0
297,Gravy Bones,2025-06-13T10:26:14,Gold Hunter Ketch (yellow),1,0
297,Gravy Bones,2025-06-13T10:26:14,Gold Hunter Marauder (yellow),1,0
297,Gravy Bones,2025-06-13T10:26:14,"Chowder, Hearty Cook (yellow)",1,0
297,Gravy Bones,2025-06-13T10:26:14,On the Horizon (yellow),1,0
297,Gravy Bones,2025-06-13T10:26:14,Restless Bones (yellow),1,0
297,Gravy Bones,2025-06-13T10:26:14,Riggermortis (yellow),1,0
297,Gravy Bones,2025-06-13T10:26:14,Saltwater Swell (yellow),1,0
297,Gravy Bones,2025-06-13T10:26:14,"Scooba, Salty Sea Dog (yellow)",1,0
297,Gravy Bones,2025-06-13T10:26:14,Swindler's Grift (yellow),1,0
297,Gravy Bones,2025-06-13T10:26:14,Angry Bones (blue),1,0
297,Gravy Bones,2025-06-13T10:26:14,Burly Bones (blue),1,0
297,Gravy Bones,2025-06-13T10:26:14,Jittery Bones (blue),2,0
297,Gravy Bones,2025-06-13T10:26:14,Portside Exchange (blue),1,0
297,Gravy Bones,2025-06-13T10:26:14,Restless Bones (blue),1,0
297,Gravy Bones,2025-06-13T10:26:14,Saltwater Swell (blue),1,0
297,Gravy Bones,2025-06-13T10:26:14,Sirens of Safe Harbor (blue),2,0
297,Gravy Bones,2025-06-13T10:26:14,Swiftwater Sloop (blue),1,0
297,Gravy Bones,2025-06-13T10:26:14,Tit for Tat (blue),1,0
297,Gravy Bones,2025-06-13T10:26:14,Trade In (blue),1,0
297,Gravy Bones,2025-06-13T10:26:14,Captain's Coat,1,1
297,Gravy Bones,2025-06-13T10:26:14,Head Stone,1,1
297,Gravy Bones,2025-06-13T10:26:14,Quartermaster's Boots,1,1
297,Gravy Bones,2025-06-13T10:26:14,Washed Up Wave,1,1
298,Puffin,2025-06-13T11:06:05,Battalion Barque (red),2,0
298,Puffin,2025-06-13T11:06:05,Crash Down the Gates (red),1,0
298,Puffin,2025-06-13T11:06:05,Draw Back the Hammer (red),2,0
298,Puffin,2025-06-13T11:06:05,Expedition to Horizon's Mantle (red),1,0
298,Puffin,2025-06-13T11:06:05,Goldwing Turbine (red),1,0
298,Puffin,2025-06-13T11:06:05,On the Horizon (red),1,0
298,Puffin,2025-06-13T11:06:05,Sky Skimmer (red),1,0
298,Puffin,2025-06-13T11:06:05,Teeth of the Cog (red),2,0
298,Puffin,2025-06-13T11:06:05,Thiev'n Varmints (red),1,0
298,Puffin,2025-06-13T11:06:05,Cloud Skiff (yellow),1,0
298,Puffin,2025-06-13T11:06:05,Cogwerx Zeppelin (yellow),1,0
298,Puffin,2025-06-13T11:06:05,Goldwing Turbine (yellow),1,0
298,Puffin,2025-06-13T11:06:05,HMS Kraken (yellow),1,0
298,Puffin,2025-06-13T11:06:05,Nimby (yellow),1,0
298,Puffin,2025-06-13T11:06:05,Swiftwater Sloop (yellow),1,0
298,Puffin,2025-06-13T11:06:05,Swindler's Grift (yellow),1,0
298,Puffin,2025-06-13T11:06:05,Teeth of the Cog (yellow),2,0
298,Puffin,2025-06-13T11:06:05,Tough Old Wrench (yellow),1,0
298,Puffin,2025-06-13T11:06:05,Battalion Barque (blue),1,0
298,Puffin,2025-06-13T11:06:05,Cloud City Steamboat (blue),1,0
298,Puffin,2025-06-13T11:06:05,Cloud Skiff (blue),1,0
298,Puffin,2025-06-13T11:06:05,Cogwerx Zeppelin (blue),1,0
298,Puffin,2025-06-13T11:06:05,Copper Cog (blue),1,0
298,Puffin,2025-06-13T11:06:05,Goldwing Turbine (blue),3,0
298,Puffin,2025-06-13T11:06:05,Money or Your Life? (blue),1,0
298,Puffin,2025-06-13T11:06:05,Mutiny on the Swiftwater (blue),1,0
298,Puffin,2025-06-13T11:06:05,Pinion Sentry (blue),1,0
298,Puffin,2025-06-13T11:06:05,Regain Composure (blue),1,0
298,Puffin,2025-06-13T11:06:05,Sky Skimmer (blue),2,0
298,Puffin,2025-06-13T11:06:05,Swiftwater Sloop (blue),1,0
298,Puffin,2025-06-13T11:06:05,Tit for Tat (blue),1,0
298,Puffin,2025-06-13T11:06:05,Blue Sea Tricorn,1,1
298,Puffin,2025-06-13T11:06:05,Rust Belt,1,1
298,Puffin,2025-06-13T11:06:05,Unicycle,1,1
299,Gravy Bones,2025-06-13T12:16:42,Angry Bones (red),2,0
299,Gravy Bones,2025-06-13T12:16:42,Blow for a Blow (red),1,0
299,Gravy Bones,2025-06-13T12:16:42,Burly Bones (red),2,0
299,Gravy Bones,2025-06-13T12:16:42,Expedition to Blackwater Strait (red),1,0
299,Gravy Bones,2025-06-13T12:16:42,Expedition to Dreadfall Reach (red),2,0
299,Gravy Bones,2025-06-13T12:16:42,Hoist 'Em Up (red),1,0
299,Gravy Bones,2025-06-13T12:16:42,On the Horizon (red),1,0
299,Gravy Bones,2025-06-13T12:16:42,Restless Bones (red),2,0
299,Gravy Bones,2025-06-13T12:16:42,Saltwater Swell (red),1,0
299,Gravy Bones,2025-06-13T12:16:42,Swindler's Grift (red),1,0
299,Gravy Bones,2025-06-13T12:16:42,Angry Bones (yellow),1,0
299,Gravy Bones,2025-06-13T12:16:42,"Cutty Shark, Quick Clip (yellow)",2,0
299,Gravy Bones,2025-06-13T12:16:42,Flying High (yellow),1,0
299,Gravy Bones,2025-06-13T12:16:42,Golden Tipple (yellow),1,0
299,Gravy Bones,2025-06-13T12:16:42,"Chowder, Hearty Cook (yellow)",1,0
299,Gravy Bones,2025-06-13T12:16:42,Swabbie (yellow),2,0
299,Gravy Bones,2025-06-13T12:16:42,Burly Bones (blue),1,0
299,Gravy Bones,2025-06-13T12:16:42,Golden Tipple (blue),1,0
299,Gravy Bones,2025-06-13T12:16:42,Heave Ho! (blue),1,0
299,Gravy Bones,2025-06-13T12:16:42,Jittery Bones (blue),3,0
299,Gravy Bones,2025-06-13T12:16:42,Mutiny on the Battalion Barque (blue),1,0
299,Gravy Bones,2025-06-13T12:16:42,Mutiny on the Nimbus Sovereign (blue),3,0
299,Gravy Bones,2025-06-13T12:16:42,Mutiny on the Swiftwater (blue),1,0
299,Gravy Bones,2025-06-13T12:16:42,Nimblism (blue),1,0
299,Gravy Bones,2025-06-13T12:16:42,Restless Bones (blue),1,0
299,Gravy Bones,2025-06-13T12:16:42,Saltwater Swell (blue),1,0
299,Gravy Bones,2025-06-13T12:16:42,Swiftwater Sloop (blue),1,0
299,Gravy Bones,2025-06-13T12:16:42,Buccaneer's Bounty,1,1
299,Gravy Bones,2025-06-13T12:16:42,Head Stone,1,1
299,Gravy Bones,2025-06-13T12:16:42,Quartermaster's Boots,1,1
299,Gravy Bones,2025-06-13T12:16:42,Washed Up Wave,1,1
300,Marlynn,2025-06-13T12:35:13,Expedition to Blackwater Strait (red),1,0
300,Marlynn,2025-06-13T12:35:13,Expedition to Dreadfall Reach (red),2,0
300,Marlynn,2025-06-13T12:35:13,Fiddler's Green (red),2,0
300,Marlynn,2025-06-13T12:35:13,Chart a Course (red),1,0
300,Marlynn,2025-06-13T12:35:13,King Kraken Harpoon (red),1,0
300,Marlynn,2025-06-13T12:35:13,Nimblism (red),1,0
300,Marlynn,2025-06-13T12:35:13,Nimby (red),1,0
300,Marlynn,2025-06-13T12:35:13,Ravenous Rabble (red),1,0
300,Marlynn,2025-06-13T12:35:13,Salvage Shot (red),1,0
300,Marlynn,2025-06-13T12:35:13,Scar for a Scar (red),1,0
300,Marlynn,2025-06-13T12:35:13,Scouting Shot (red),1,0
300,Marlynn,2025-06-13T12:35:13,Sic 'Em Shot (red),1,0
300,Marlynn,2025-06-13T12:35:13,Sirens of Safe Harbor (red),2,0
300,Marlynn,2025-06-13T12:35:13,Swift Shot (red),2,0
300,Marlynn,2025-06-13T12:35:13,Call in the Big Guns (yellow),2,0
300,Marlynn,2025-06-13T12:35:13,Gold Hunter Lightsail (yellow),1,0
300,Marlynn,2025-06-13T12:35:13,Golden Tipple (yellow),1,0
300,Marlynn,2025-06-13T12:35:13,Chart a Course (yellow),1,0
300,Marlynn,2025-06-13T12:35:13,On the Horizon (yellow),1,0
300,Marlynn,2025-06-13T12:35:13,Salvage Shot (yellow),2,0
300,Marlynn,2025-06-13T12:35:13,Sirens of Safe Harbor (yellow),2,0
300,Marlynn,2025-06-13T12:35:13,Golden Tipple (blue),2,0
300,Marlynn,2025-06-13T12:35:13,Mutiny on the Nimbus Sovereign (blue),1,0
300,Marlynn,2025-06-13T12:35:13,Mutiny on the Swiftwater (blue),1,0
300,Marlynn,2025-06-13T12:35:13,Sic 'Em Shot (blue),1,0
300,Marlynn,2025-06-13T12:35:13,Yellow Fin Harpoon (blue),2,0
300,Marlynn,2025-06-13T12:35:13,Bandana of the Blue Beyond,1,1
300,Marlynn,2025-06-13T12:35:13,Captain's Coat,1,1
300,Marlynn,2025-06-13T12:35:13,Glidewell Fins,1,1
301,Gravy Bones,2025-06-13T13:24:05,Burly Bones (red),1,0
301,Gravy Bones,2025-06-13T13:24:05,Golden Tipple (red),1,0
301,Gravy Bones,2025-06-13T13:24:05,Jittery Bones (red),1,0
301,Gravy Bones,2025-06-13T13:24:05,Rally the Coast Guard (red),1,0
301,Gravy Bones,2025-06-13T13:24:05,Swindler's Grift (red),1,0
301,Gravy Bones,2025-06-13T13:24:05,Angry Bones (yellow),2,0
301,Gravy Bones,2025-06-13T13:24:05,"Cutty Shark, Quick Clip (yellow)",2,0
301,Gravy Bones,2025-06-13T13:24:05,Golden Tipple (yellow),1,0
301,Gravy Bones,2025-06-13T13:24:05,HMS Barracuda (yellow),1,0
301,Gravy Bones,2025-06-13T13:24:05,HMS Marlin (yellow),1,0
301,Gravy Bones,2025-06-13T13:24:05,"Chowder, Hearty Cook (yellow)",1,0
301,Gravy Bones,2025-06-13T13:24:05,"Kelpie, Tangled Mess (yellow)",1,0
301,Gravy Bones,2025-06-13T13:24:05,Restless Bones (yellow),1,0
301,Gravy Bones,2025-06-13T13:24:05,Sirens of Safe Harbor (yellow),1,0
301,Gravy Bones,2025-06-13T13:24:05,Strike Gold (yellow),1,0
301,Gravy Bones,2025-06-13T13:24:05,Swabbie (yellow),2,0
301,Gravy Bones,2025-06-13T13:24:05,Walk the Plank (yellow),1,0
301,Gravy Bones,2025-06-13T13:24:05,Avast Ye! (blue),1,0
301,Gravy Bones,2025-06-13T13:24:05,Burly Bones (blue),1,0
301,Gravy Bones,2025-06-13T13:24:05,Diamond Amulet (blue),1,0
301,Gravy Bones,2025-06-13T13:24:05,Flying High (blue),1,0
301,Gravy Bones,2025-06-13T13:24:05,Chart a Course (blue),1,0
301,Gravy Bones,2025-06-13T13:24:05,Mutiny on the Swiftwater (blue),2,0
301,Gravy Bones,2025-06-13T13:24:05,Portside Exchange (blue),1,0
301,Gravy Bones,2025-06-13T13:24:05,Restless Bones (blue),3,0
301,Gravy Bones,2025-06-13T13:24:05,Saltwater Swell (blue),2,0
301,Gravy Bones,2025-06-13T13:24:05,Sirens of Safe Harbor (blue),1,0
301,Gravy Bones,2025-06-13T13:24:05,Strike Gold (blue),1,0
301,Gravy Bones,2025-06-13T13:24:05,Tit for Tat (blue),1,0
301,Gravy Bones,2025-06-13T13:24:05,Yo Ho Ho! (blue),1,0
301,Gravy Bones,2025-06-13T13:24:05,Fish Fingers,2,1
301,Gravy Bones,2025-06-13T13:24:05,Peg Leg,1,1
301,Gravy Bones,2025-06-13T13:24:05,Quartermaster's Boots,1,1
302,Gravy Bones,2025-06-13T14:14:02,Angry Bones (red),1,0
302,Gravy Bones,2025-06-13T14:14:02,Burly Bones (red),1,0
302,Gravy Bones,2025-06-13T14:14:02,Expedition to Azuro Keys (red),1,0
302,Gravy Bones,2025-06-13T14:14:02,Expedition to Dreadfall Reach (red),2,0
302,Gravy Bones,2025-06-13T14:14:02,Jittery Bones (red),2,0
302,Gravy Bones,2025-06-13T14:14:02,Sirens of Safe Harbor (red),1,0
302,Gravy Bones,2025-06-13T14:14:02,Thiev'n Varmints (red),1,0
302,Gravy Bones,2025-06-13T14:14:02,Trade In (red),1,0
302,Gravy Bones,2025-06-13T14:14:02,Barnacle (yellow),2,0
302,Gravy Bones,2025-06-13T14:14:02,"Cutty Shark, Quick Clip (yellow)",1,0
302,Gravy Bones,2025-06-13T14:14:02,Gold Hunter Longboat (yellow),1,0
302,Gravy Bones,2025-06-13T14:14:02,Golden Tipple (yellow),1,0
302,Gravy Bones,2025-06-13T14:14:02,"Chowder, Hearty Cook (yellow)",1,0
302,Gravy Bones,2025-06-13T14:14:02,Jittery Bones (yellow),1,0
302,Gravy Bones,2025-06-13T14:14:02,"Limpit, Hop-a-long (yellow)",1,0
302,Gravy Bones,2025-06-13T14:14:02,Riggermortis (yellow),1,0
302,Gravy Bones,2025-06-13T14:14:02,Sirens of Safe Harbor (yellow),1,0
302,Gravy Bones,2025-06-13T14:14:02,Swabbie (yellow),1,0
302,Gravy Bones,2025-06-13T14:14:02,Golden Tipple (blue),1,0
302,Gravy Bones,2025-06-13T14:14:02,Chart a Course (blue),1,0
302,Gravy Bones,2025-06-13T14:14:02,Jittery Bones (blue),2,0
302,Gravy Bones,2025-06-13T14:14:02,Mutiny on the Battalion Barque (blue),1,0
302,Gravy Bones,2025-06-13T14:14:02,On the Horizon (blue),1,0
302,Gravy Bones,2025-06-13T14:14:02,Portside Exchange (blue),1,0
302,Gravy Bones,2025-06-13T14:14:02,Rally the Coast Guard (blue),1,0
302,Gravy Bones,2025-06-13T14:14:02,Restless Bones (blue),1,0
302,Gravy Bones,2025-06-13T14:14:02,Scrub the Deck (blue),1,0
302,Gravy Bones,2025-06-13T14:14:02,Sirens of Safe Harbor (blue),1,0
302,Gravy Bones,2025-06-13T14:14:02,Swiftwater Sloop (blue),1,0
302,Gravy Bones,2025-06-13T14:14:02,Trade In (blue),1,0
302,Gravy Bones,2025-06-13T14:14:02,Captain's Coat,1,1
302,Gravy Bones,2025-06-13T14:14:02,Head Stone,1,1
302,Gravy Bones,2025-06-13T14:14:02,Quartermaster's Boots,1,1
303,Gravy Bones,2025-06-13T14:31:17,Crash Down the Gates (red),2,0
303,Gravy Bones,2025-06-13T14:31:17,Fiddler's Green (red),1,0
303,Gravy Bones,2025-06-13T14:31:17,Golden Tipple (red),1,0
303,Gravy Bones,2025-06-13T14:31:17,Hoist 'Em Up (red),1,0
303,Gravy Bones,2025-06-13T14:31:17,Jittery Bones (red),2,0
303,Gravy Bones,2025-06-13T14:31:17,Rally the Coast Guard (red),1,0
303,Gravy Bones,2025-06-13T14:31:17,Restless Bones (red),1,0
303,Gravy Bones,2025-06-13T14:31:17,Swiftwater Sloop (red),1,0
303,Gravy Bones,2025-06-13T14:31:17,Swindler's Grift (red),1,0
303,Gravy Bones,2025-06-13T14:31:17,Burly Bones (yellow),1,0
303,Gravy Bones,2025-06-13T14:31:17,"Cutty Shark, Quick Clip (yellow)",2,0
303,Gravy Bones,2025-06-13T14:31:17,HMS Barracuda (yellow),1,0
303,Gravy Bones,2025-06-13T14:31:17,"Chowder, Hearty Cook (yellow)",1,0
303,Gravy Bones,2025-06-13T14:31:17,Jittery Bones (yellow),1,0
303,Gravy Bones,2025-06-13T14:31:17,Restless Bones (yellow),2,0
303,Gravy Bones,2025-06-13T14:31:17,Riggermortis (yellow),1,0
303,Gravy Bones,2025-06-13T14:31:17,Sirens of Safe Harbor (yellow),1,0
303,Gravy Bones,2025-06-13T14:31:17,Angry Bones (blue),2,0
303,Gravy Bones,2025-06-13T14:31:17,Clap 'Em in Irons (blue),1,0
303,Gravy Bones,2025-06-13T14:31:17,Golden Tipple (blue),2,0
303,Gravy Bones,2025-06-13T14:31:17,Jittery Bones (blue),3,0
303,Gravy Bones,2025-06-13T14:31:17,Mutiny on the Swiftwater (blue),1,0
303,Gravy Bones,2025-06-13T14:31:17,Portside Exchange (blue),1,0
303,Gravy Bones,2025-06-13T14:31:17,Pounamu Amulet (blue),1,0
303,Gravy Bones,2025-06-13T14:31:17,Rally the Coast Guard (blue),1,0
303,Gravy Bones,2025-06-13T14:31:17,Restless Bones (blue),2,0
303,Gravy Bones,2025-06-13T14:31:17,Swindler's Grift (blue),1,0
303,Gravy Bones,2025-06-13T14:31:17,Yo Ho Ho! (blue),1,0
303,Gravy Bones,2025-06-13T14:31:17,Bandana of the Blue Beyond,1,1
303,Gravy Bones,2025-06-13T14:31:17,Washed Up Wave,1,1
304,Marlynn,2025-06-13T16:06:29,Battalion Barque (red),1,0
304,Marlynn,2025-06-13T16:06:29,Dry Powder Shot (red),2,0
304,Marlynn,2025-06-13T16:06:29,Entangling Shot (red),1,0
304,Marlynn,2025-06-13T16:06:29,Expedition to Horizon's Mantle (red),1,0
304,Marlynn,2025-06-13T16:06:29,Jack Be Nimble (red),1,0
304,Marlynn,2025-06-13T16:06:29,Nimblism (red),2,0
304,Marlynn,2025-06-13T16:06:29,Nimby (red),1,0
304,Marlynn,2025-06-13T16:06:29,Salvage Shot (red),1,0
304,Marlynn,2025-06-13T16:06:29,Scouting Shot (red),1,0
304,Marlynn,2025-06-13T16:06:29,Big Game Trophy Shot (yellow),1,0
304,Marlynn,2025-06-13T16:06:29,Head Shot (yellow),1,0
304,Marlynn,2025-06-13T16:06:29,HMS Kraken (yellow),1,0
304,Marlynn,2025-06-13T16:06:29,HMS Marlin (yellow),1,0
304,Marlynn,2025-06-13T16:06:29,Chart a Course (yellow),1,0
304,Marlynn,2025-06-13T16:06:29,Nimblism (yellow),1,0
304,Marlynn,2025-06-13T16:06:29,Salvage Shot (yellow),1,0
304,Marlynn,2025-06-13T16:06:29,Sirens of Safe Harbor (yellow),1,0
304,Marlynn,2025-06-13T16:06:29,Walk the Plank (yellow),1,0
304,Marlynn,2025-06-13T16:06:29,Blue Fin Harpoon (blue),1,0
304,Marlynn,2025-06-13T16:06:29,Head Shot (blue),1,0
304,Marlynn,2025-06-13T16:06:29,Mutiny on the Swiftwater (blue),1,0
304,Marlynn,2025-06-13T16:06:29,Nimblism (blue),1,0
304,Marlynn,2025-06-13T16:06:29,Red Fin Harpoon (blue),1,0
304,Marlynn,2025-06-13T16:06:29,Rusty Harpoon (blue),2,0
304,Marlynn,2025-06-13T16:06:29,Salvage Shot (blue),1,0
304,Marlynn,2025-06-13T16:06:29,Sic 'Em Shot (blue),4,0
304,Marlynn,2025-06-13T16:06:29,Swiftwater Sloop (blue),1,0
304,Marlynn,2025-06-13T16:06:29,Captain's Coat,1,1
304,Marlynn,2025-06-13T16:06:29,Glidewell Fins,1,1
304,Marlynn,2025-06-13T16:06:29,Quick Clicks,1,1
305,Marlynn,2025-06-13T19:52:24,Call in the Big Guns (red),1,0
305,Marlynn,2025-06-13T19:52:24,Drop the Anchor (red),2,0
305,Marlynn,2025-06-13T19:52:24,Expedition to Blackwater Strait (red),1,0
305,Marlynn,2025-06-13T19:52:24,Golden Tipple (red),2,0
305,Marlynn,2025-06-13T19:52:24,Head Shot (red),1,0
305,Marlynn,2025-06-13T19:52:24,Chart a Course (red),2,0
305,Marlynn,2025-06-13T19:52:24,Life for a Life (red),1,0
305,Marlynn,2025-06-13T19:52:24,Nettling Shot (red),1,0
305,Marlynn,2025-06-13T19:52:24,Saltwater Swell (red),1,0
305,Marlynn,2025-06-13T19:52:24,Scar for a Scar (red),1,0
305,Marlynn,2025-06-13T19:52:24,Scouting Shot (red),3,0
305,Marlynn,2025-06-13T19:52:24,Sic 'Em Shot (red),1,0
305,Marlynn,2025-06-13T19:52:24,Swindler's Grift (red),1,0
305,Marlynn,2025-06-13T19:52:24,Fool's Gold (yellow),1,0
305,Marlynn,2025-06-13T19:52:24,Golden Tipple (yellow),1,0
305,Marlynn,2025-06-13T19:52:24,Head Shot (yellow),1,0
305,Marlynn,2025-06-13T19:52:24,Chart a Course (yellow),1,0
305,Marlynn,2025-06-13T19:52:24,Salvage Shot (yellow),2,0
305,Marlynn,2025-06-13T19:52:24,Swindler's Grift (yellow),1,0
305,Marlynn,2025-06-13T19:52:24,Walk the Plank (yellow),1,0
305,Marlynn,2025-06-13T19:52:24,Blue Fin Harpoon (blue),1,0
305,Marlynn,2025-06-13T19:52:24,Clap 'Em in Irons (blue),1,0
305,Marlynn,2025-06-13T19:52:24,Hook (blue),1,0
305,Marlynn,2025-06-13T19:52:24,Mutiny on the Battalion Barque (blue),1,0
305,Marlynn,2025-06-13T19:52:24,On the Horizon (blue),1,0
305,Marlynn,2025-06-13T19:52:24,Red Fin Harpoon (blue),1,0
305,Marlynn,2025-06-13T19:52:24,Sic 'Em Shot (blue),2,0
305,Marlynn,2025-06-13T19:52:24,Strike Gold (blue),1,0
305,Marlynn,2025-06-13T19:52:24,Tit for Tat (blue),1,0
305,Marlynn,2025-06-13T19:52:24,Fish Fingers,1,1
305,Marlynn,2025-06-13T19:52:24,Helmsman's Peak,1,1
305,Marlynn,2025-06-13T19:52:24,Quartermaster's Boots,1,1
306,Marlynn,2025-06-14T02:01:45,Call in the Big Guns (red),1,0
306,Marlynn,2025-06-14T02:01:45,Expedition to Dreadfall Reach (red),1,0
306,Marlynn,2025-06-14T02:01:45,Fiddler's Green (red),1,0
306,Marlynn,2025-06-14T02:01:45,King Shark Harpoon (red),1,0
306,Marlynn,2025-06-14T02:01:45,Life for a Life (red),1,0
306,Marlynn,2025-06-14T02:01:45,On the Horizon (red),1,0
306,Marlynn,2025-06-14T02:01:45,Rally the Coast Guard (red),2,0
306,Marlynn,2025-06-14T02:01:45,Swift Shot (red),1,0
306,Marlynn,2025-06-14T02:01:45,Swindler's Grift (red),1,0
306,Marlynn,2025-06-14T02:01:45,Thiev'n Varmints (red),2,0
306,Marlynn,2025-06-14T02:01:45,Trade In (red),1,0
306,Marlynn,2025-06-14T02:01:45,Walk the Plank (red),2,0
306,Marlynn,2025-06-14T02:01:45,Battalion Barque (yellow),1,0
306,Marlynn,2025-06-14T02:01:45,HMS Kraken (yellow),1,0
306,Marlynn,2025-06-14T02:01:45,Nimby (yellow),1,0
306,Marlynn,2025-06-14T02:01:45,Salvage Shot (yellow),1,0
306,Marlynn,2025-06-14T02:01:45,Trade In (yellow),1,0
306,Marlynn,2025-06-14T02:01:45,Blue Fin Harpoon (blue),1,0
306,Marlynn,2025-06-14T02:01:45,Golden Tipple (blue),1,0
306,Marlynn,2025-06-14T02:01:45,Head Shot (blue),3,0
306,Marlynn,2025-06-14T02:01:45,Line (blue),1,0
306,Marlynn,2025-06-14T02:01:45,Nimblism (blue),1,0
306,Marlynn,2025-06-14T02:01:45,Pilfer the Wreck (blue),1,0
306,Marlynn,2025-06-14T02:01:45,Rally the Coast Guard (blue),1,0
306,Marlynn,2025-06-14T02:01:45,Rusty Harpoon (blue),2,0
306,Marlynn,2025-06-14T02:01:45,Saltwater Swell (blue),1,0
306,Marlynn,2025-06-14T02:01:45,Sic 'Em Shot (blue),1,0
306,Marlynn,2025-06-14T02:01:45,Walk the Plank (blue),1,0
306,Marlynn,2025-06-14T02:01:45,Yellow Fin Harpoon (blue),1,0
306,Marlynn,2025-06-14T02:01:45,Bandana of the Blue Beyond,1,1
306,Marlynn,2025-06-14T02:01:45,Glidewell Fins,1,1
306,Marlynn,2025-06-14T02:01:45,Patch the Hole,1,1
307,Marlynn,2025-06-14T15:58:37,Crash Down the Gates (red),1,0
307,Marlynn,2025-06-14T15:58:37,Drop the Anchor (red),1,0
307,Marlynn,2025-06-14T15:58:37,Dry Powder Shot (red),1,0
307,Marlynn,2025-06-14T15:58:37,Entangling Shot (red),1,0
307,Marlynn,2025-06-14T15:58:37,Head Shot (red),1,0
307,Marlynn,2025-06-14T15:58:37,King Shark Harpoon (red),1,0
307,Marlynn,2025-06-14T15:58:37,Nettling Shot (red),1,0
307,Marlynn,2025-06-14T15:58:37,On the Horizon (red),1,0
307,Marlynn,2025-06-14T15:58:37,Rally the Coast Guard (red),2,0
307,Marlynn,2025-06-14T15:58:37,Scar for a Scar (red),1,0
307,Marlynn,2025-06-14T15:58:37,Swift Shot (red),1,0
307,Marlynn,2025-06-14T15:58:37,Trade In (red),2,0
307,Marlynn,2025-06-14T15:58:37,Walk the Plank (red),1,0
307,Marlynn,2025-06-14T15:58:37,Call in the Big Guns (yellow),1,0
307,Marlynn,2025-06-14T15:58:37,Crash Down the Gates (yellow),1,0
307,Marlynn,2025-06-14T15:58:37,Gold the Tip (yellow),1,0
307,Marlynn,2025-06-14T15:58:37,Head Shot (yellow),2,0
307,Marlynn,2025-06-14T15:58:37,HMS Marlin (yellow),1,0
307,Marlynn,2025-06-14T15:58:37,Salvage Shot (yellow),1,0
307,Marlynn,2025-06-14T15:58:37,Swiftwater Sloop (yellow),1,0
307,Marlynn,2025-06-14T15:58:37,Trade In (yellow),1,0
307,Marlynn,2025-06-14T15:58:37,Walk the Plank (yellow),1,0
307,Marlynn,2025-06-14T15:58:37,Battalion Barque (blue),1,0
307,Marlynn,2025-06-14T15:58:37,Call in the Big Guns (blue),1,0
307,Marlynn,2025-06-14T15:58:37,Golden Tipple (blue),1,0
307,Marlynn,2025-06-14T15:58:37,Head Shot (blue),3,0
307,Marlynn,2025-06-14T15:58:37,Red Fin Harpoon (blue),1,0
307,Marlynn,2025-06-14T15:58:37,Rusty Harpoon (blue),2,0
307,Marlynn,2025-06-14T15:58:37,Salvage Shot (blue),2,0
307,Marlynn,2025-06-14T15:58:37,Sic 'Em Shot (blue),1,0
307,Marlynn,2025-06-14T15:58:37,Bandana of the Blue Beyond,1,1
307,Marlynn,2025-06-14T15:58:37,Helmsman's Peak,1,1
307,Marlynn,2025-06-14T15:58:37,Old Knocker,1,1
307,Marlynn,2025-06-14T15:58:37,Quartermaster's Boots,1,1
308,Marlynn,2025-06-14T20:45:14,Battalion Barque (red),1,0
308,Marlynn,2025-06-14T20:45:14,Call in the Big Guns (red),2,0
308,Marlynn,2025-06-14T20:45:14,Dry Powder Shot (red),2,0
308,Marlynn,2025-06-14T20:45:14,Entangling Shot (red),1,0
308,Marlynn,2025-06-14T20:45:14,Expedition to Azuro Keys (red),2,0
308,Marlynn,2025-06-14T20:45:14,Golden Tipple (red),2,0
308,Marlynn,2025-06-14T20:45:14,Jack Be Nimble (red),1,0
308,Marlynn,2025-06-14T20:45:14,Nettling Shot (red),1,0
308,Marlynn,2025-06-14T20:45:14,Nimblism (red),2,0
308,Marlynn,2025-06-14T20:45:14,Nimby (red),2,0
308,Marlynn,2025-06-14T20:45:14,Ravenous Rabble (red),2,0
308,Marlynn,2025-06-14T20:45:14,Salvage Shot (red),2,0
308,Marlynn,2025-06-14T20:45:14,Scar for a Scar (red),1,0
308,Marlynn,2025-06-14T20:45:14,Scouting Shot (red),2,0
308,Marlynn,2025-06-14T20:45:14,Trade In (red),1,0
308,Marlynn,2025-06-14T20:45:14,Call in the Big Guns (yellow),1,0
308,Marlynn,2025-06-14T20:45:14,Gold Hunter Lightsail (yellow),1,0
308,Marlynn,2025-06-14T20:45:14,Head Shot (yellow),2,0
308,Marlynn,2025-06-14T20:45:14,Nimblism (yellow),1,0
308,Marlynn,2025-06-14T20:45:14,Not So Fast (yellow),1,0
308,Marlynn,2025-06-14T20:45:14,Sic 'Em Shot (yellow),1,0
308,Marlynn,2025-06-14T20:45:14,Head Shot (blue),1,0
308,Marlynn,2025-06-14T20:45:14,Mutiny on the Swiftwater (blue),1,0
308,Marlynn,2025-06-14T20:45:14,Nimby (blue),1,0
308,Marlynn,2025-06-14T20:45:14,Red Fin Harpoon (blue),1,0
308,Marlynn,2025-06-14T20:45:14,Salvage Shot (blue),1,0
308,Marlynn,2025-06-14T20:45:14,Sic 'Em Shot (blue),1,0
308,Marlynn,2025-06-14T20:45:14,Glidewell Fins,1,1
308,Marlynn,2025-06-14T20:45:14,Patch the Hole,1,1
308,Marlynn,2025-06-14T20:45:14,Peg Leg,1,1
308,Marlynn,2025-06-14T20:45:14,Quick Clicks,1,1
308,Marlynn,2025-06-14T20:45:14,Swiftstrike Bracers,1,1
309,Gravy Bones,2025-06-14T20:46:03,Angry Bones (red),2,0
309,Gravy Bones,2025-06-14T20:46:03,Jittery Bones (red),1,0
309,Gravy Bones,2025-06-14T20:46:03,Restless Bones (red),1,0
309,Gravy Bones,2025-06-14T20:46:03,Saltwater Swell (red),1,0
309,Gravy Bones,2025-06-14T20:46:03,Scar for a Scar (red),1,0
309,Gravy Bones,2025-06-14T20:46:03,Swiftwater Sloop (red),1,0
309,Gravy Bones,2025-06-14T20:46:03,Barnacle (yellow),2,0
309,Gravy Bones,2025-06-14T20:46:03,Battalion Barque (yellow),1,0
309,Gravy Bones,2025-06-14T20:46:03,Gold Hunter Ketch (yellow),1,0
309,Gravy Bones,2025-06-14T20:46:03,Restless Bones (yellow),1,0
309,Gravy Bones,2025-06-14T20:46:03,"Scooba, Salty Sea Dog (yellow)",2,0
309,Gravy Bones,2025-06-14T20:46:03,Sea Legs (yellow),1,0
309,Gravy Bones,2025-06-14T20:46:03,"Shelly, Hardened Traveler (yellow)",1,0
309,Gravy Bones,2025-06-14T20:46:03,Swabbie (yellow),2,0
309,Gravy Bones,2025-06-14T20:46:03,Swiftwater Sloop (yellow),1,0
309,Gravy Bones,2025-06-14T20:46:03,Swindler's Grift (yellow),1,0
309,Gravy Bones,2025-06-14T20:46:03,Walk the Plank (yellow),1,0
309,Gravy Bones,2025-06-14T20:46:03,Angry Bones (blue),2,0
309,Gravy Bones,2025-06-14T20:46:03,Burly Bones (blue),1,0
309,Gravy Bones,2025-06-14T20:46:03,Flying High (blue),1,0
309,Gravy Bones,2025-06-14T20:46:03,Jittery Bones (blue),1,0
309,Gravy Bones,2025-06-14T20:46:03,Nimblism (blue),3,0
309,Gravy Bones,2025-06-14T20:46:03,Pilfer the Wreck (blue),1,0
309,Gravy Bones,2025-06-14T20:46:03,Swiftwater Sloop (blue),2,0
309,Gravy Bones,2025-06-14T20:46:03,Trade In (blue),1,0
309,Gravy Bones,2025-06-14T20:46:03,Buccaneer's Bounty,1,1
309,Gravy Bones,2025-06-14T20:46:03,Head Stone,1,1
309,Gravy Bones,2025-06-14T20:46:03,Quick Clicks,1,1
309,Gravy Bones,2025-06-14T20:46:03,Washed Up Wave,1,1
310,Puffin,2025-06-15T16:09:44,Battalion Barque (red),1,0
310,Puffin,2025-06-15T16:09:44,Cloud City Steamboat (red),1,0
310,Puffin,2025-06-15T16:09:44,Cloud Skiff (red),1,0
310,Puffin,2025-06-15T16:09:44,Goldwing Turbine (red),3,0
310,Puffin,2025-06-15T16:09:44,Perk Up (red),1,0
310,Puffin,2025-06-15T16:09:44,Sky Skimmer (red),2,0
310,Puffin,2025-06-15T16:09:44,Strike Gold (red),1,0
310,Puffin,2025-06-15T16:09:44,Teeth of the Cog (red),1,0
310,Puffin,2025-06-15T16:09:44,Tighten the Screws (red),1,0
310,Puffin,2025-06-15T16:09:44,Tough Old Wrench (red),1,0
310,Puffin,2025-06-15T16:09:44,Cloud Skiff (yellow),1,0
310,Puffin,2025-06-15T16:09:44,Gold Hunter Ketch (yellow),2,0
310,Puffin,2025-06-15T16:09:44,Gold Hunter Lightsail (yellow),1,0
310,Puffin,2025-06-15T16:09:44,Gold Hunter Longboat (yellow),3,0
310,Puffin,2025-06-15T16:09:44,Gold Hunter Marauder (yellow),2,0
310,Puffin,2025-06-15T16:09:44,Golden Skywarden (yellow),1,0
310,Puffin,2025-06-15T16:09:44,Goldwing Turbine (yellow),1,0
310,Puffin,2025-06-15T16:09:44,HMS Marlin (yellow),1,0
310,Puffin,2025-06-15T16:09:44,Nimblism (yellow),1,0
310,Puffin,2025-06-15T16:09:44,Swindler's Grift (yellow),1,0
310,Puffin,2025-06-15T16:09:44,Clap 'Em in Irons (blue),1,0
310,Puffin,2025-06-15T16:09:44,Cogwerx Zeppelin (blue),1,0
310,Puffin,2025-06-15T16:09:44,Goldwing Turbine (blue),2,0
310,Puffin,2025-06-15T16:09:44,Mutiny on the Nimbus Sovereign (blue),1,0
310,Puffin,2025-06-15T16:09:44,Nimblism (blue),1,0
310,Puffin,2025-06-15T16:09:44,Sirens of Safe Harbor (blue),2,0
310,Puffin,2025-06-15T16:09:44,Buccaneer's Bounty,1,1
310,Puffin,2025-06-15T16:09:44,Quick Clicks,1,1
310,Puffin,2025-06-15T16:09:44,Swiftstrike Bracers,2,1
311,Puffin,2025-06-15T19:17:24,Cogwerx Dovetail (red),1,0
311,Puffin,2025-06-15T19:17:24,Cogwerx Zeppelin (red),1,0
311,Puffin,2025-06-15T19:17:24,Draw Back the Hammer (red),1,0
311,Puffin,2025-06-15T19:17:24,Expedition to Azuro Keys (red),1,0
311,Puffin,2025-06-15T19:17:24,Goldwing Turbine (red),4,0
311,Puffin,2025-06-15T19:17:24,Jack Be Quick (red),2,0
311,Puffin,2025-06-15T19:17:24,Nimblism (red),1,0
311,Puffin,2025-06-15T19:17:24,Nimby (red),1,0
311,Puffin,2025-06-15T19:17:24,On the Horizon (red),1,0
311,Puffin,2025-06-15T19:17:24,Rally the Coast Guard (red),1,0
311,Puffin,2025-06-15T19:17:24,Ravenous Rabble (red),1,0
311,Puffin,2025-06-15T19:17:24,Sky Skimmer (red),2,0
311,Puffin,2025-06-15T19:17:24,Teeth of the Cog (red),1,0
311,Puffin,2025-06-15T19:17:24,Walk the Plank (red),1,0
311,Puffin,2025-06-15T19:17:24,Cloud City Steamboat (yellow),1,0
311,Puffin,2025-06-15T19:17:24,Cloud Skiff (yellow),2,0
311,Puffin,2025-06-15T19:17:24,Cogwerx Zeppelin (yellow),1,0
311,Puffin,2025-06-15T19:17:24,Gold Hunter Ketch (yellow),1,0
311,Puffin,2025-06-15T19:17:24,Golden Tipple (yellow),2,0
311,Puffin,2025-06-15T19:17:24,Chart a Course (yellow),1,0
311,Puffin,2025-06-15T19:17:24,Cloud Skiff (blue),2,0
311,Puffin,2025-06-15T19:17:24,Crash Down the Gates (blue),1,0
311,Puffin,2025-06-15T19:17:24,Goldwing Turbine (blue),1,0
311,Puffin,2025-06-15T19:17:24,Lubricate (blue),1,0
311,Puffin,2025-06-15T19:17:24,Mutiny on the Battalion Barque (blue),1,0
311,Puffin,2025-06-15T19:17:24,Nimblism (blue),1,0
311,Puffin,2025-06-15T19:17:24,Sirens of Safe Harbor (blue),1,0
311,Puffin,2025-06-15T19:17:24,Sky Skimmer (blue),1,0
311,Puffin,2025-06-15T19:17:24,Sunken Treasure (blue),1,0
311,Puffin,2025-06-15T19:17:24,Teeth of the Cog (blue),1,0
311,Puffin,2025-06-15T19:17:24,Blue Sea Tricorn,1,1
311,Puffin,2025-06-15T19:17:24,Swiftstrike Bracers,1,1
311,Puffin,2025-06-15T19:17:24,Unicycle,1,1
312,Puffin,2025-06-15T23:19:55,Cloud City Steamboat (red),1,0
312,Puffin,2025-06-15T23:19:55,Cloud Skiff (red),2,0
312,Puffin,2025-06-15T23:19:55,Cogwerx Dovetail (red),1,0
312,Puffin,2025-06-15T23:19:55,Draw Back the Hammer (red),3,0
312,Puffin,2025-06-15T23:19:55,Fiddler's Green (red),1,0
312,Puffin,2025-06-15T23:19:55,Golden Tipple (red),1,0
312,Puffin,2025-06-15T23:19:55,Goldwing Turbine (red),2,0
312,Puffin,2025-06-15T23:19:55,Chart a Course (red),1,0
312,Puffin,2025-06-15T23:19:55,On the Horizon (red),1,0
312,Puffin,2025-06-15T23:19:55,Perk Up (red),1,0
312,Puffin,2025-06-15T23:19:55,Sirens of Safe Harbor (red),1,0
312,Puffin,2025-06-15T23:19:55,Sky Skimmer (red),3,0
312,Puffin,2025-06-15T23:19:55,Tighten the Screws (red),3,0
312,Puffin,2025-06-15T23:19:55,Tough Old Wrench (red),1,0
312,Puffin,2025-06-15T23:19:55,Goldwing Turbine (yellow),2,0
312,Puffin,2025-06-15T23:19:55,Sky Skimmer (yellow),1,0
312,Puffin,2025-06-15T23:19:55,Trade In (yellow),1,0
312,Puffin,2025-06-15T23:19:55,Cogwerx Zeppelin (blue),1,0
312,Puffin,2025-06-15T23:19:55,Goldwing Turbine (blue),2,0
312,Puffin,2025-06-15T23:19:55,Mutiny on the Battalion Barque (blue),1,0
312,Puffin,2025-06-15T23:19:55,On the Horizon (blue),1,0
312,Puffin,2025-06-15T23:19:55,Sky Skimmer (blue),2,0
312,Puffin,2025-06-15T23:19:55,Strike Gold (blue),1,0
312,Puffin,2025-06-15T23:19:55,Swindler's Grift (blue),1,0
312,Puffin,2025-06-15T23:19:55,Teeth of the Cog (blue),2,0
312,Puffin,2025-06-15T23:19:55,Tough Old Wrench (blue),2,0
312,Puffin,2025-06-15T23:19:55,Fish Fingers,1,1
312,Puffin,2025-06-15T23:19:55,Unicycle,1,1
313,Gravy Bones,2025-06-16T04:47:54,Angry Bones (red),1,0
313,Gravy Bones,2025-06-16T04:47:54,Burly Bones (red),1,0
313,Gravy Bones,2025-06-16T04:47:54,Expedition to Dreadfall Reach (red),1,0
313,Gravy Bones,2025-06-16T04:47:54,Golden Tipple (red),1,0
313,Gravy Bones,2025-06-16T04:47:54,Hoist 'Em Up (red),1,0
313,Gravy Bones,2025-06-16T04:47:54,Life for a Life (red),1,0
313,Gravy Bones,2025-06-16T04:47:54,Rally the Coast Guard (red),1,0
313,Gravy Bones,2025-06-16T04:47:54,Restless Bones (red),1,0
313,Gravy Bones,2025-06-16T04:47:54,Scar for a Scar (red),1,0
313,Gravy Bones,2025-06-16T04:47:54,Barnacle (yellow),1,0
313,Gravy Bones,2025-06-16T04:47:54,Burly Bones (yellow),1,0
313,Gravy Bones,2025-06-16T04:47:54,Gold Hunter Lightsail (yellow),1,0
313,Gravy Bones,2025-06-16T04:47:54,Gold Hunter Marauder (yellow),1,0
313,Gravy Bones,2025-06-16T04:47:54,HMS Marlin (yellow),1,0
313,Gravy Bones,2025-06-16T04:47:54,"Chowder, Hearty Cook (yellow)",1,0
313,Gravy Bones,2025-06-16T04:47:54,Jittery Bones (yellow),2,0
313,Gravy Bones,2025-06-16T04:47:54,On the Horizon (yellow),1,0
313,Gravy Bones,2025-06-16T04:47:54,"Scooba, Salty Sea Dog (yellow)",1,0
313,Gravy Bones,2025-06-16T04:47:54,"Shelly, Hardened Traveler (yellow)",2,0
313,Gravy Bones,2025-06-16T04:47:54,Swiftwater Sloop (yellow),1,0
313,Gravy Bones,2025-06-16T04:47:54,Angry Bones (blue),2,0
313,Gravy Bones,2025-06-16T04:47:54,Battalion Barque (blue),1,0
313,Gravy Bones,2025-06-16T04:47:54,Burly Bones (blue),2,0
313,Gravy Bones,2025-06-16T04:47:54,Divvy Up (blue),1,0
313,Gravy Bones,2025-06-16T04:47:54,Golden Tipple (blue),1,0
313,Gravy Bones,2025-06-16T04:47:54,Chart a Course (blue),3,0
313,Gravy Bones,2025-06-16T04:47:54,Jittery Bones (blue),1,0
313,Gravy Bones,2025-06-16T04:47:54,Mutiny on the Nimbus Sovereign (blue),1,0
313,Gravy Bones,2025-06-16T04:47:54,Restless Bones (blue),1,0
313,Gravy Bones,2025-06-16T04:47:54,Shifting Tides (blue),1,0
313,Gravy Bones,2025-06-16T04:47:54,Swiftwater Sloop (blue),1,0
313,Gravy Bones,2025-06-16T04:47:54,Blue Sea Tricorn,1,1
313,Gravy Bones,2025-06-16T04:47:54,Washed Up Wave,1,1
314,Gravy Bones,2025-06-16T05:28:41,Expedition to Dreadfall Reach (red),1,0
314,Gravy Bones,2025-06-16T05:28:41,Expedition to Horizon's Mantle (red),1,0
314,Gravy Bones,2025-06-16T05:28:41,Jittery Bones (red),2,0
314,Gravy Bones,2025-06-16T05:28:41,Paddle Faster (red),2,0
314,Gravy Bones,2025-06-16T05:28:41,Rally the Coast Guard (red),1,0
314,Gravy Bones,2025-06-16T05:28:41,Restless Bones (red),2,0
314,Gravy Bones,2025-06-16T05:28:41,Swindler's Grift (red),1,0
314,Gravy Bones,2025-06-16T05:28:41,Angry Bones (yellow),1,0
314,Gravy Bones,2025-06-16T05:28:41,"Cutty Shark, Quick Clip (yellow)",1,0
314,Gravy Bones,2025-06-16T05:28:41,Flying High (yellow),1,0
314,Gravy Bones,2025-06-16T05:28:41,"Chum, Friendly First Mate (yellow)",1,0
314,Gravy Bones,2025-06-16T05:28:41,Restless Bones (yellow),2,0
314,Gravy Bones,2025-06-16T05:28:41,Riggermortis (yellow),2,0
314,Gravy Bones,2025-06-16T05:28:41,Swabbie (yellow),1,0
314,Gravy Bones,2025-06-16T05:28:41,Amethyst Amulet (blue),1,0
314,Gravy Bones,2025-06-16T05:28:41,Angry Bones (blue),3,0
314,Gravy Bones,2025-06-16T05:28:41,Avast Ye! (blue),1,0
314,Gravy Bones,2025-06-16T05:28:41,Burly Bones (blue),1,0
314,Gravy Bones,2025-06-16T05:28:41,Diamond Amulet (blue),1,0
314,Gravy Bones,2025-06-16T05:28:41,Fiddler's Green (blue),1,0
314,Gravy Bones,2025-06-16T05:28:41,Golden Tipple (blue),1,0
314,Gravy Bones,2025-06-16T05:28:41,Jittery Bones (blue),1,0
314,Gravy Bones,2025-06-16T05:28:41,Mutiny on the Nimbus Sovereign (blue),1,0
314,Gravy Bones,2025-06-16T05:28:41,Restless Bones (blue),2,0
314,Gravy Bones,2025-06-16T05:28:41,Scrub the Deck (blue),1,0
314,Gravy Bones,2025-06-16T05:28:41,Walk the Plank (blue),1,0
314,Gravy Bones,2025-06-16T05:28:41,Bandana of the Blue Beyond,1,1
314,Gravy Bones,2025-06-16T05:28:41,Quartermaster's Boots,1,1
314,Gravy Bones,2025-06-16T05:28:41,Washed Up Wave,1,1
315,Gravy Bones,2025-06-16T07:51:03,Burly Bones (red),1,0
315,Gravy Bones,2025-06-16T07:51:03,Expedition to Dreadfall Reach (red),1,0
315,Gravy Bones,2025-06-16T07:51:03,Expedition to Horizon's Mantle (red),1,0
315,Gravy Bones,2025-06-16T07:51:03,Fiddler's Green (red),1,0
315,Gravy Bones,2025-06-16T07:51:03,Jittery Bones (red),2,0
315,Gravy Bones,2025-06-16T07:51:03,Rally the Coast Guard (red),1,0
315,Gravy Bones,2025-06-16T07:51:03,Restless Bones (red),3,0
315,Gravy Bones,2025-06-16T07:51:03,Barnacle (yellow),1,0
315,Gravy Bones,2025-06-16T07:51:03,Burly Bones (yellow),1,0
315,Gravy Bones,2025-06-16T07:51:03,Gold Hunter Lightsail (yellow),1,0
315,Gravy Bones,2025-06-16T07:51:03,Gold Hunter Marauder (yellow),1,0
315,Gravy Bones,2025-06-16T07:51:03,HMS Barracuda (yellow),1,0
315,Gravy Bones,2025-06-16T07:51:03,"Chowder, Hearty Cook (yellow)",2,0
315,Gravy Bones,2025-06-16T07:51:03,Jittery Bones (yellow),1,0
315,Gravy Bones,2025-06-16T07:51:03,"Limpit, Hop-a-long (yellow)",1,0
315,Gravy Bones,2025-06-16T07:51:03,Restless Bones (yellow),2,0
315,Gravy Bones,2025-06-16T07:51:03,Swabbie (yellow),1,0
315,Gravy Bones,2025-06-16T07:51:03,Swiftwater Sloop (yellow),2,0
315,Gravy Bones,2025-06-16T07:51:03,Angry Bones (blue),1,0
315,Gravy Bones,2025-06-16T07:51:03,Avast Ye! (blue),1,0
315,Gravy Bones,2025-06-16T07:51:03,Battalion Barque (blue),1,0
315,Gravy Bones,2025-06-16T07:51:03,Burly Bones (blue),1,0
315,Gravy Bones,2025-06-16T07:51:03,Golden Tipple (blue),1,0
315,Gravy Bones,2025-06-16T07:51:03,Heave Ho! (blue),1,0
315,Gravy Bones,2025-06-16T07:51:03,Jittery Bones (blue),1,0
315,Gravy Bones,2025-06-16T07:51:03,Mutiny on the Battalion Barque (blue),1,0
315,Gravy Bones,2025-06-16T07:51:03,Mutiny on the Nimbus Sovereign (blue),1,0
315,Gravy Bones,2025-06-16T07:51:03,Mutiny on the Swiftwater (blue),1,0
315,Gravy Bones,2025-06-16T07:51:03,Saltwater Swell (blue),1,0
315,Gravy Bones,2025-06-16T07:51:03,Swiftwater Sloop (blue),2,0
315,Gravy Bones,2025-06-16T07:51:03,Head Stone,1,1
315,Gravy Bones,2025-06-16T07:51:03,Peg Leg,1,1
315,Gravy Bones,2025-06-16T07:51:03,Washed Up Wave,1,1
316,Gravy Bones,2025-06-16T11:38:23,Expedition to Blackwater Strait (red),1,0
316,Gravy Bones,2025-06-16T11:38:23,Golden Tipple (red),1,0
316,Gravy Bones,2025-06-16T11:38:23,Jittery Bones (red),2,0
316,Gravy Bones,2025-06-16T11:38:23,Nimby (red),1,0
316,Gravy Bones,2025-06-16T11:38:23,On the Horizon (red),1,0
316,Gravy Bones,2025-06-16T11:38:23,Strike Gold (red),1,0
316,Gravy Bones,2025-06-16T11:38:23,Swiftwater Sloop (red),1,0
316,Gravy Bones,2025-06-16T11:38:23,Walk the Plank (red),1,0
316,Gravy Bones,2025-06-16T11:38:23,Angry Bones (yellow),3,0
316,Gravy Bones,2025-06-16T11:38:23,Battalion Barque (yellow),1,0
316,Gravy Bones,2025-06-16T11:38:23,Gold Hunter Marauder (yellow),1,0
316,Gravy Bones,2025-06-16T11:38:23,"Chowder, Hearty Cook (yellow)",3,0
316,Gravy Bones,2025-06-16T11:38:23,Rally the Coast Guard (yellow),1,0
316,Gravy Bones,2025-06-16T11:38:23,Riggermortis (yellow),1,0
316,Gravy Bones,2025-06-16T11:38:23,"Scooba, Salty Sea Dog (yellow)",1,0
316,Gravy Bones,2025-06-16T11:38:23,"Shelly, Hardened Traveler (yellow)",2,0
316,Gravy Bones,2025-06-16T11:38:23,Sirens of Safe Harbor (yellow),1,0
316,Gravy Bones,2025-06-16T11:38:23,Swabbie (yellow),2,0
316,Gravy Bones,2025-06-16T11:38:23,Swiftwater Sloop (yellow),1,0
316,Gravy Bones,2025-06-16T11:38:23,Trade In (yellow),1,0
316,Gravy Bones,2025-06-16T11:38:23,Amethyst Amulet (blue),1,0
316,Gravy Bones,2025-06-16T11:38:23,Angry Bones (blue),1,0
316,Gravy Bones,2025-06-16T11:38:23,Burly Bones (blue),2,0
316,Gravy Bones,2025-06-16T11:38:23,Golden Tipple (blue),1,0
316,Gravy Bones,2025-06-16T11:38:23,Jittery Bones (blue),2,0
316,Gravy Bones,2025-06-16T11:38:23,Rally the Coast Guard (blue),1,0
316,Gravy Bones,2025-06-16T11:38:23,Saltwater Swell (blue),1,0
316,Gravy Bones,2025-06-16T11:38:23,Swiftwater Sloop (blue),2,0
316,Gravy Bones,2025-06-16T11:38:23,Swindler's Grift (blue),1,0
316,Gravy Bones,2025-06-16T11:38:23,Trade In (blue),1,0
316,Gravy Bones,2025-06-16T11:38:23,Head Stone,1,1
317,Gravy Bones,2025-06-16T13:31:02,Angry Bones (red),1,0
317,Gravy Bones,2025-06-16T13:31:02,Blow for a Blow (red),1,0
317,Gravy Bones,2025-06-16T13:31:02,Burly Bones (red),1,0
317,Gravy Bones,2025-06-16T13:31:02,Hoist 'Em Up (red),1,0
317,Gravy Bones,2025-06-16T13:31:02,Jittery Bones (red),1,0
317,Gravy Bones,2025-06-16T13:31:02,Angry Bones (yellow),1,0
317,Gravy Bones,2025-06-16T13:31:02,Burly Bones (yellow),1,0
317,Gravy Bones,2025-06-16T13:31:02,"Cutty Shark, Quick Clip (yellow)",3,0
317,Gravy Bones,2025-06-16T13:31:02,Fiddler's Green (yellow),1,0
317,Gravy Bones,2025-06-16T13:31:02,Gold Hunter Lightsail (yellow),1,0
317,Gravy Bones,2025-06-16T13:31:02,Golden Tipple (yellow),2,0
317,Gravy Bones,2025-06-16T13:31:02,Pilfer the Wreck (yellow),1,0
317,Gravy Bones,2025-06-16T13:31:02,Rally the Coast Guard (yellow),1,0
317,Gravy Bones,2025-06-16T13:31:02,Riggermortis (yellow),2,0
317,Gravy Bones,2025-06-16T13:31:02,Strike Gold (yellow),1,0
317,Gravy Bones,2025-06-16T13:31:02,Swabbie (yellow),1,0
317,Gravy Bones,2025-06-16T13:31:02,Swiftwater Sloop (yellow),1,0
317,Gravy Bones,2025-06-16T13:31:02,Swindler's Grift (yellow),1,0
317,Gravy Bones,2025-06-16T13:31:02,Angry Bones (blue),3,0
317,Gravy Bones,2025-06-16T13:31:02,Battalion Barque (blue),1,0
317,Gravy Bones,2025-06-16T13:31:02,Jittery Bones (blue),2,0
317,Gravy Bones,2025-06-16T13:31:02,Mutiny on the Battalion Barque (blue),1,0
317,Gravy Bones,2025-06-16T13:31:02,Mutiny on the Nimbus Sovereign (blue),1,0
317,Gravy Bones,2025-06-16T13:31:02,On the Horizon (blue),1,0
317,Gravy Bones,2025-06-16T13:31:02,Restless Bones (blue),3,0
317,Gravy Bones,2025-06-16T13:31:02,Swiftwater Sloop (blue),2,0
317,Gravy Bones,2025-06-16T13:31:02,Trade In (blue),1,0
317,Gravy Bones,2025-06-16T13:31:02,Yo Ho Ho! (blue),1,0
317,Gravy Bones,2025-06-16T13:31:02,Captain's Coat,1,1
317,Gravy Bones,2025-06-16T13:31:02,Fish Fingers,1,1
317,Gravy Bones,2025-06-16T13:31:02,Head Stone,1,1
317,Gravy Bones,2025-06-16T13:31:02,Quartermaster's Boots,1,1
318,Gravy Bones,2025-06-16T14:18:45,Angry Bones (red),1,0
318,Gravy Bones,2025-06-16T14:18:45,Board the Ship (red),1,0
318,Gravy Bones,2025-06-16T14:18:45,Chart a Course (red),1,0
318,Gravy Bones,2025-06-16T14:18:45,Pilfer the Wreck (red),1,0
318,Gravy Bones,2025-06-16T14:18:45,Restless Bones (red),2,0
318,Gravy Bones,2025-06-16T14:18:45,Swindler's Grift (red),1,0
318,Gravy Bones,2025-06-16T14:18:45,Walk the Plank (red),1,0
318,Gravy Bones,2025-06-16T14:18:45,Angry Bones (yellow),1,0
318,Gravy Bones,2025-06-16T14:18:45,Barnacle (yellow),2,0
318,Gravy Bones,2025-06-16T14:18:45,Battalion Barque (yellow),2,0
318,Gravy Bones,2025-06-16T14:18:45,Fiddler's Green (yellow),1,0
318,Gravy Bones,2025-06-16T14:18:45,Gold Hunter Marauder (yellow),1,0
318,Gravy Bones,2025-06-16T14:18:45,HMS Marlin (yellow),1,0
318,Gravy Bones,2025-06-16T14:18:45,Nimblism (yellow),1,0
318,Gravy Bones,2025-06-16T14:18:45,Restless Bones (yellow),2,0
318,Gravy Bones,2025-06-16T14:18:45,"Shelly, Hardened Traveler (yellow)",2,0
318,Gravy Bones,2025-06-16T14:18:45,Swabbie (yellow),1,0
318,Gravy Bones,2025-06-16T14:18:45,Battalion Barque (blue),2,0
318,Gravy Bones,2025-06-16T14:18:45,Burly Bones (blue),1,0
318,Gravy Bones,2025-06-16T14:18:45,Golden Tipple (blue),1,0
318,Gravy Bones,2025-06-16T14:18:45,Chart a Course (blue),1,0
318,Gravy Bones,2025-06-16T14:18:45,Nimby (blue),1,0
318,Gravy Bones,2025-06-16T14:18:45,Pilfer the Wreck (blue),1,0
318,Gravy Bones,2025-06-16T14:18:45,Saltwater Swell (blue),1,0
318,Gravy Bones,2025-06-16T14:18:45,Scrub the Deck (blue),1,0
318,Gravy Bones,2025-06-16T14:18:45,Walk the Plank (blue),1,0
318,Gravy Bones,2025-06-16T14:18:45,Yo Ho Ho! (blue),1,0
318,Gravy Bones,2025-06-16T14:18:45,Bandana of the Blue Beyond,1,1
318,Gravy Bones,2025-06-16T14:18:45,Fish Fingers,1,1
318,Gravy Bones,2025-06-16T14:18:45,Head Stone,1,1
318,Gravy Bones,2025-06-16T14:18:45,Old Knocker,1,1
318,Gravy Bones,2025-06-16T14:18:45,Peg Leg,1,1
319,Gravy Bones,2025-06-16T19:37:44,Angry Bones (red),1,0
319,Gravy Bones,2025-06-16T19:37:44,Burly Bones (red),1,0
319,Gravy Bones,2025-06-16T19:37:44,Expedition to Azuro Keys (red),1,0
319,Gravy Bones,2025-06-16T19:37:44,Jittery Bones (red),1,0
319,Gravy Bones,2025-06-16T19:37:44,Restless Bones (red),1,0
319,Gravy Bones,2025-06-16T19:37:44,Thiev'n Varmints (red),1,0
319,Gravy Bones,2025-06-16T19:37:44,Walk the Plank (red),2,0
319,Gravy Bones,2025-06-16T19:37:44,Barnacle (yellow),2,0
319,Gravy Bones,2025-06-16T19:37:44,Battalion Barque (yellow),2,0
319,Gravy Bones,2025-06-16T19:37:44,"Cutty Shark, Quick Clip (yellow)",2,0
319,Gravy Bones,2025-06-16T19:37:44,Gold Hunter Marauder (yellow),1,0
319,Gravy Bones,2025-06-16T19:37:44,"Chowder, Hearty Cook (yellow)",2,0
319,Gravy Bones,2025-06-16T19:37:44,Jittery Bones (yellow),1,0
319,Gravy Bones,2025-06-16T19:37:44,Nimby (yellow),1,0
319,Gravy Bones,2025-06-16T19:37:44,On the Horizon (yellow),1,0
319,Gravy Bones,2025-06-16T19:37:44,Restless Bones (yellow),1,0
319,Gravy Bones,2025-06-16T19:37:44,Riggermortis (yellow),1,0
319,Gravy Bones,2025-06-16T19:37:44,Angry Bones (blue),2,0
319,Gravy Bones,2025-06-16T19:37:44,Burly Bones (blue),1,0
319,Gravy Bones,2025-06-16T19:37:44,Fiddler's Green (blue),1,0
319,Gravy Bones,2025-06-16T19:37:44,Mutiny on the Battalion Barque (blue),1,0
319,Gravy Bones,2025-06-16T19:37:44,Mutiny on the Swiftwater (blue),2,0
319,Gravy Bones,2025-06-16T19:37:44,Nimby (blue),1,0
319,Gravy Bones,2025-06-16T19:37:44,Portside Exchange (blue),1,0
319,Gravy Bones,2025-06-16T19:37:44,Restless Bones (blue),2,0
319,Gravy Bones,2025-06-16T19:37:44,Sirens of Safe Harbor (blue),1,0
319,Gravy Bones,2025-06-16T19:37:44,Trade In (blue),1,0
319,Gravy Bones,2025-06-16T19:37:44,Yo Ho Ho! (blue),1,0
319,Gravy Bones,2025-06-16T19:37:44,Head Stone,1,1
319,Gravy Bones,2025-06-16T19:37:44,Washed Up Wave,3,1
320,Marlynn,2025-06-16T19:49:42,Call in the Big Guns (red),3,0
320,Marlynn,2025-06-16T19:49:42,Dry Powder Shot (red),2,0
320,Marlynn,2025-06-16T19:49:42,Expedition to Horizon's Mantle (red),2,0
320,Marlynn,2025-06-16T19:49:42,Fire in the Hole (red),1,0
320,Marlynn,2025-06-16T19:49:42,Chart a Course (red),1,0
320,Marlynn,2025-06-16T19:49:42,Nettling Shot (red),1,0
320,Marlynn,2025-06-16T19:49:42,On the Horizon (red),3,0
320,Marlynn,2025-06-16T19:49:42,Rally the Coast Guard (red),1,0
320,Marlynn,2025-06-16T19:49:42,Salvage Shot (red),2,0
320,Marlynn,2025-06-16T19:49:42,Sic 'Em Shot (red),1,0
320,Marlynn,2025-06-16T19:49:42,Strike Gold (red),1,0
320,Marlynn,2025-06-16T19:49:42,Swift Shot (red),3,0
320,Marlynn,2025-06-16T19:49:42,Swiftwater Sloop (red),1,0
320,Marlynn,2025-06-16T19:49:42,Head Shot (yellow),2,0
320,Marlynn,2025-06-16T19:49:42,HMS Marlin (yellow),1,0
320,Marlynn,2025-06-16T19:49:42,Saltwater Swell (yellow),1,0
320,Marlynn,2025-06-16T19:49:42,Salvage Shot (yellow),1,0
320,Marlynn,2025-06-16T19:49:42,Sic 'Em Shot (yellow),2,0
320,Marlynn,2025-06-16T19:49:42,Trade In (yellow),1,0
320,Marlynn,2025-06-16T19:49:42,Salvage Shot (blue),2,0
320,Marlynn,2025-06-16T19:49:42,Sic 'Em Shot (blue),2,0
320,Marlynn,2025-06-16T19:49:42,Sirens of Safe Harbor (blue),1,0
320,Marlynn,2025-06-16T19:49:42,Trade In (blue),1,0
320,Marlynn,2025-06-16T19:49:42,Glidewell Fins,1,1
320,Marlynn,2025-06-16T19:49:42,Patch the Hole,1,1
320,Marlynn,2025-06-16T19:49:42,Peg Leg,1,1
321,Marlynn,2025-06-16T23:12:53,Golden Tipple (red),1,0
321,Marlynn,2025-06-16T23:12:53,Head Shot (red),1,0
321,Marlynn,2025-06-16T23:12:53,Chart a Course (red),1,0
321,Marlynn,2025-06-16T23:12:53,Life for a Life (red),1,0
321,Marlynn,2025-06-16T23:12:53,Saltwater Swell (red),2,0
321,Marlynn,2025-06-16T23:12:53,Salvage Shot (red),3,0
321,Marlynn,2025-06-16T23:12:53,Swift Shot (red),2,0
321,Marlynn,2025-06-16T23:12:53,Trade In (red),2,0
321,Marlynn,2025-06-16T23:12:53,Fiddler's Green (yellow),1,0
321,Marlynn,2025-06-16T23:12:53,Gold Hunter Ketch (yellow),1,0
321,Marlynn,2025-06-16T23:12:53,Gold Hunter Lightsail (yellow),1,0
321,Marlynn,2025-06-16T23:12:53,Nimblism (yellow),1,0
321,Marlynn,2025-06-16T23:12:53,On the Horizon (yellow),1,0
321,Marlynn,2025-06-16T23:12:53,Salvage Shot (yellow),2,0
321,Marlynn,2025-06-16T23:12:53,Sirens of Safe Harbor (yellow),1,0
321,Marlynn,2025-06-16T23:12:53,Strike Gold (yellow),1,0
321,Marlynn,2025-06-16T23:12:53,Blue Fin Harpoon (blue),2,0
321,Marlynn,2025-06-16T23:12:53,Clap 'Em in Irons (blue),1,0
321,Marlynn,2025-06-16T23:12:53,Portside Exchange (blue),1,0
321,Marlynn,2025-06-16T23:12:53,Rally the Coast Guard (blue),1,0
321,Marlynn,2025-06-16T23:12:53,Rusty Harpoon (blue),2,0
321,Marlynn,2025-06-16T23:12:53,Salvage Shot (blue),1,0
321,Marlynn,2025-06-16T23:12:53,Sic 'Em Shot (blue),1,0
321,Marlynn,2025-06-16T23:12:53,Sinker (blue),1,0
321,Marlynn,2025-06-16T23:12:53,Swindler's Grift (blue),1,0
321,Marlynn,2025-06-16T23:12:53,Glidewell Fins,1,1
321,Marlynn,2025-06-16T23:12:53,Patch the Hole,1,1
321,Marlynn,2025-06-16T23:12:53,Swiftstrike Bracers,3,1
322,Puffin,2025-06-17T00:48:26,Battalion Barque (red),1,0
322,Puffin,2025-06-17T00:48:26,Cloud Skiff (red),1,0
322,Puffin,2025-06-17T00:48:26,Expedition to Azuro Keys (red),1,0
322,Puffin,2025-06-17T00:48:26,Chart a Course (red),1,0
322,Puffin,2025-06-17T00:48:26,Jack Be Nimble (red),1,0
322,Puffin,2025-06-17T00:48:26,Nimblism (red),2,0
322,Puffin,2025-06-17T00:48:26,Nimby (red),1,0
322,Puffin,2025-06-17T00:48:26,Perk Up (red),2,0
322,Puffin,2025-06-17T00:48:26,Ravenous Rabble (red),2,0
322,Puffin,2025-06-17T00:48:26,Scar for a Scar (red),1,0
322,Puffin,2025-06-17T00:48:26,Sky Skimmer (red),1,0
322,Puffin,2025-06-17T00:48:26,Strike Gold (red),1,0
322,Puffin,2025-06-17T00:48:26,Teeth of the Cog (red),2,0
322,Puffin,2025-06-17T00:48:26,Tough Old Wrench (red),2,0
322,Puffin,2025-06-17T00:48:26,Trade In (red),1,0
322,Puffin,2025-06-17T00:48:26,Cloud Skiff (yellow),2,0
322,Puffin,2025-06-17T00:48:26,Gold Hunter Ketch (yellow),1,0
322,Puffin,2025-06-17T00:48:26,Gold Hunter Lightsail (yellow),1,0
322,Puffin,2025-06-17T00:48:26,Chart a Course (yellow),1,0
322,Puffin,2025-06-17T00:48:26,Nimblism (yellow),1,0
322,Puffin,2025-06-17T00:48:26,Sky Skimmer (yellow),3,0
322,Puffin,2025-06-17T00:48:26,Strike Gold (yellow),1,0
322,Puffin,2025-06-17T00:48:26,Trade In (yellow),2,0
322,Puffin,2025-06-17T00:48:26,Cloud Skiff (blue),1,0
322,Puffin,2025-06-17T00:48:26,Fiddler's Green (blue),1,0
322,Puffin,2025-06-17T00:48:26,Chart a Course (blue),1,0
322,Puffin,2025-06-17T00:48:26,Nimby (blue),1,0
322,Puffin,2025-06-17T00:48:26,Sky Skimmer (blue),1,0
322,Puffin,2025-06-17T00:48:26,Strike Gold (blue),1,0
322,Puffin,2025-06-17T00:48:26,Swindler's Grift (blue),1,0
322,Puffin,2025-06-17T00:48:26,Teeth of the Cog (blue),1,0
322,Puffin,2025-06-17T00:48:26,Swiftstrike Bracers,1,1
322,Puffin,2025-06-17T00:48:26,Unicycle,1,1
323,Puffin,2025-06-17T01:28:02,Cloud City Steamboat (red),1,0
323,Puffin,2025-06-17T01:28:02,Crash Down the Gates (red),1,0
323,Puffin,2025-06-17T01:28:02,Draw Back the Hammer (red),2,0
323,Puffin,2025-06-17T01:28:02,Expedition to Dreadfall Reach (red),1,0
323,Puffin,2025-06-17T01:28:02,Fiddler's Green (red),1,0
323,Puffin,2025-06-17T01:28:02,Goldwing Turbine (red),1,0
323,Puffin,2025-06-17T01:28:02,Nimblism (red),1,0
323,Puffin,2025-06-17T01:28:02,Perk Up (red),1,0
323,Puffin,2025-06-17T01:28:02,Rally the Coast Guard (red),1,0
323,Puffin,2025-06-17T01:28:02,Scar for a Scar (red),1,0
323,Puffin,2025-06-17T01:28:02,Sky Skimmer (red),2,0
323,Puffin,2025-06-17T01:28:02,Strike Gold (red),1,0
323,Puffin,2025-06-17T01:28:02,Teeth of the Cog (red),1,0
323,Puffin,2025-06-17T01:28:02,Tighten the Screws (red),2,0
323,Puffin,2025-06-17T01:28:02,Battalion Barque (yellow),1,0
323,Puffin,2025-06-17T01:28:02,Cloud City Steamboat (yellow),1,0
323,Puffin,2025-06-17T01:28:02,Fool's Gold (yellow),1,0
323,Puffin,2025-06-17T01:28:02,Gold Hunter Ketch (yellow),1,0
323,Puffin,2025-06-17T01:28:02,Gold Hunter Lightsail (yellow),1,0
323,Puffin,2025-06-17T01:28:02,Goldwing Turbine (yellow),1,0
323,Puffin,2025-06-17T01:28:02,HMS Kraken (yellow),1,0
323,Puffin,2025-06-17T01:28:02,Chart a Course (yellow),1,0
323,Puffin,2025-06-17T01:28:02,On the Horizon (yellow),1,0
323,Puffin,2025-06-17T01:28:02,Rally the Coast Guard (yellow),2,0
323,Puffin,2025-06-17T01:28:02,Sky Skimmer (yellow),1,0
323,Puffin,2025-06-17T01:28:02,Swindler's Grift (yellow),2,0
323,Puffin,2025-06-17T01:28:02,Teeth of the Cog (yellow),1,0
323,Puffin,2025-06-17T01:28:02,Tough Old Wrench (yellow),1,0
323,Puffin,2025-06-17T01:28:02,Cloud Skiff (blue),1,0
323,Puffin,2025-06-17T01:28:02,Goldwing Turbine (blue),1,0
323,Puffin,2025-06-17T01:28:02,Lubricate (blue),1,0
323,Puffin,2025-06-17T01:28:02,Mutiny on the Battalion Barque (blue),1,0
323,Puffin,2025-06-17T01:28:02,Nimby (blue),1,0
323,Puffin,2025-06-17T01:28:02,On the Horizon (blue),1,0
323,Puffin,2025-06-17T01:28:02,Sky Skimmer (blue),1,0
323,Puffin,2025-06-17T01:28:02,Teeth of the Cog (blue),1,0
323,Puffin,2025-06-17T01:28:02,Fish Fingers,1,1
324,Marlynn,2025-06-17T03:10:40,Call in the Big Guns (red),1,0
324,Marlynn,2025-06-17T03:10:40,Drop the Anchor (red),1,0
324,Marlynn,2025-06-17T03:10:40,Dry Powder Shot (red),1,0
324,Marlynn,2025-06-17T03:10:40,Expedition to Azuro Keys (red),1,0
324,Marlynn,2025-06-17T03:10:40,Golden Tipple (red),1,0
324,Marlynn,2025-06-17T03:10:40,Head Shot (red),1,0
324,Marlynn,2025-06-17T03:10:40,Nettling Shot (red),1,0
324,Marlynn,2025-06-17T03:10:40,Salvage Shot (red),2,0
324,Marlynn,2025-06-17T03:10:40,Sic 'Em Shot (red),1,0
324,Marlynn,2025-06-17T03:10:40,Walk the Plank (red),1,0
324,Marlynn,2025-06-17T03:10:40,Call in the Big Guns (yellow),2,0
324,Marlynn,2025-06-17T03:10:40,Fiddler's Green (yellow),1,0
324,Marlynn,2025-06-17T03:10:40,Flying High (yellow),1,0
324,Marlynn,2025-06-17T03:10:40,Gold Hunter Ketch (yellow),1,0
324,Marlynn,2025-06-17T03:10:40,Gold Hunter Lightsail (yellow),1,0
324,Marlynn,2025-06-17T03:10:40,On the Horizon (yellow),1,0
324,Marlynn,2025-06-17T03:10:40,Rally the Coast Guard (yellow),1,0
324,Marlynn,2025-06-17T03:10:40,Sic 'Em Shot (yellow),1,0
324,Marlynn,2025-06-17T03:10:40,Swiftwater Sloop (yellow),1,0
324,Marlynn,2025-06-17T03:10:40,Blue Fin Harpoon (blue),1,0
324,Marlynn,2025-06-17T03:10:40,Head Shot (blue),2,0
324,Marlynn,2025-06-17T03:10:40,Hook (blue),1,0
324,Marlynn,2025-06-17T03:10:40,Murderous Rabble (blue),1,0
324,Marlynn,2025-06-17T03:10:40,Mutiny on the Nimbus Sovereign (blue),1,0
324,Marlynn,2025-06-17T03:10:40,Mutiny on the Swiftwater (blue),2,0
324,Marlynn,2025-06-17T03:10:40,Red Fin Harpoon (blue),1,0
324,Marlynn,2025-06-17T03:10:40,Rusty Harpoon (blue),1,0
324,Marlynn,2025-06-17T03:10:40,Salvage Shot (blue),1,0
324,Marlynn,2025-06-17T03:10:40,Sea Floor Salvage (blue),1,0
324,Marlynn,2025-06-17T03:10:40,Sic 'Em Shot (blue),1,0
324,Marlynn,2025-06-17T03:10:40,Swiftwater Sloop (blue),1,0
324,Marlynn,2025-06-17T03:10:40,Swindler's Grift (blue),1,0
324,Marlynn,2025-06-17T03:10:40,Walk the Plank (blue),1,0
324,Marlynn,2025-06-17T03:10:40,Bandana of the Blue Beyond,2,1
324,Marlynn,2025-06-17T03:10:40,Glidewell Fins,1,1
324,Marlynn,2025-06-17T03:10:40,Old Knocker,1,1
325,Marlynn,2025-06-17T04:59:03,Battalion Barque (red),1,0
325,Marlynn,2025-06-17T04:59:03,Call in the Big Guns (red),4,0
325,Marlynn,2025-06-17T04:59:03,Dry Powder Shot (red),1,0
325,Marlynn,2025-06-17T04:59:03,Entangling Shot (red),1,0
325,Marlynn,2025-06-17T04:59:03,Head Shot (red),2,0
325,Marlynn,2025-06-17T04:59:03,Chart a Course (red),2,0
325,Marlynn,2025-06-17T04:59:03,Monkey Powder (red),1,0
325,Marlynn,2025-06-17T04:59:03,Rally the Coast Guard (red),1,0
325,Marlynn,2025-06-17T04:59:03,Scouting Shot (red),1,0
325,Marlynn,2025-06-17T04:59:03,Sic 'Em Shot (red),1,0
325,Marlynn,2025-06-17T04:59:03,Swindler's Grift (red),1,0
325,Marlynn,2025-06-17T04:59:03,Call in the Big Guns (yellow),2,0
325,Marlynn,2025-06-17T04:59:03,Head Shot (yellow),1,0
325,Marlynn,2025-06-17T04:59:03,Salvage Shot (yellow),1,0
325,Marlynn,2025-06-17T04:59:03,Sirens of Safe Harbor (yellow),1,0
325,Marlynn,2025-06-17T04:59:03,Blue Fin Harpoon (blue),3,0
325,Marlynn,2025-06-17T04:59:03,Call in the Big Guns (blue),1,0
325,Marlynn,2025-06-17T04:59:03,Pilfer the Wreck (blue),1,0
325,Marlynn,2025-06-17T04:59:03,Red Fin Harpoon (blue),1,0
325,Marlynn,2025-06-17T04:59:03,Rusty Harpoon (blue),2,0
325,Marlynn,2025-06-17T04:59:03,Salvage Shot (blue),1,0
325,Marlynn,2025-06-17T04:59:03,Shifting Tides (blue),1,0
325,Marlynn,2025-06-17T04:59:03,Sic 'Em Shot (blue),3,0
325,Marlynn,2025-06-17T04:59:03,Yellow Fin Harpoon (blue),1,0
325,Marlynn,2025-06-17T04:59:03,Glidewell Fins,1,1
325,Marlynn,2025-06-17T04:59:03,Helmsman's Peak,1,1
325,Marlynn,2025-06-17T04:59:03,Old Knocker,1,1
325,Marlynn,2025-06-17T04:59:03,Quick Clicks,1,1
326,Gravy Bones,2025-06-17T05:15:52,Expedition to Blackwater Strait (red),1,0
326,Gravy Bones,2025-06-17T05:15:52,Expedition to Horizon's Mantle (red),1,0
326,Gravy Bones,2025-06-17T05:15:52,Restless Bones (red),1,0
326,Gravy Bones,2025-06-17T05:15:52,Swindler's Grift (red),1,0
326,Gravy Bones,2025-06-17T05:15:52,Barnacle (yellow),2,0
326,Gravy Bones,2025-06-17T05:15:52,Battalion Barque (yellow),1,0
326,Gravy Bones,2025-06-17T05:15:52,"Cutty Shark, Quick Clip (yellow)",1,0
326,Gravy Bones,2025-06-17T05:15:52,Gold Hunter Lightsail (yellow),1,0
326,Gravy Bones,2025-06-17T05:15:52,"Chowder, Hearty Cook (yellow)",1,0
326,Gravy Bones,2025-06-17T05:15:52,"Limpit, Hop-a-long (yellow)",1,0
326,Gravy Bones,2025-06-17T05:15:52,Rally the Coast Guard (yellow),1,0
326,Gravy Bones,2025-06-17T05:15:52,Sea Legs (yellow),1,0
326,Gravy Bones,2025-06-17T05:15:52,"Shelly, Hardened Traveler (yellow)",1,0
326,Gravy Bones,2025-06-17T05:15:52,Swabbie (yellow),1,0
326,Gravy Bones,2025-06-17T05:15:52,Angry Bones (blue),1,0
326,Gravy Bones,2025-06-17T05:15:52,Avast Ye! (blue),3,0
326,Gravy Bones,2025-06-17T05:15:52,Burly Bones (blue),1,0
326,Gravy Bones,2025-06-17T05:15:52,Divvy Up (blue),1,0
326,Gravy Bones,2025-06-17T05:15:52,Jittery Bones (blue),1,0
326,Gravy Bones,2025-06-17T05:15:52,Mutiny on the Battalion Barque (blue),1,0
326,Gravy Bones,2025-06-17T05:15:52,On the Horizon (blue),1,0
326,Gravy Bones,2025-06-17T05:15:52,Pilfer the Wreck (blue),1,0
326,Gravy Bones,2025-06-17T05:15:52,Portside Exchange (blue),1,0
326,Gravy Bones,2025-06-17T05:15:52,Restless Bones (blue),1,0
326,Gravy Bones,2025-06-17T05:15:52,Shifting Tides (blue),1,0
326,Gravy Bones,2025-06-17T05:15:52,Strike Gold (blue),1,0
326,Gravy Bones,2025-06-17T05:15:52,Walk the Plank (blue),1,0
326,Gravy Bones,2025-06-17T05:15:52,Buccaneer's Bounty,1,1
326,Gravy Bones,2025-06-17T05:15:52,Head Stone,1,1
326,Gravy Bones,2025-06-17T05:15:52,Washed Up Wave,1,1
327,Marlynn,2025-06-17T12:17:46,Battalion Barque (red),1,0
327,Marlynn,2025-06-17T12:17:46,Blow for a Blow (red),1,0
327,Marlynn,2025-06-17T12:17:46,Call in the Big Guns (red),1,0
327,Marlynn,2025-06-17T12:17:46,Entangling Shot (red),1,0
327,Marlynn,2025-06-17T12:17:46,Expedition to Dreadfall Reach (red),1,0
327,Marlynn,2025-06-17T12:17:46,Expedition to Horizon's Mantle (red),1,0
327,Marlynn,2025-06-17T12:17:46,Chart a Course (red),1,0
327,Marlynn,2025-06-17T12:17:46,King Shark Harpoon (red),1,0
327,Marlynn,2025-06-17T12:17:46,Salvage Shot (red),2,0
327,Marlynn,2025-06-17T12:17:46,Sirens of Safe Harbor (red),1,0
327,Marlynn,2025-06-17T12:17:46,Swift Shot (red),1,0
327,Marlynn,2025-06-17T12:17:46,Thiev'n Varmints (red),1,0
327,Marlynn,2025-06-17T12:17:46,Battalion Barque (yellow),1,0
327,Marlynn,2025-06-17T12:17:46,Call in the Big Guns (yellow),2,0
327,Marlynn,2025-06-17T12:17:46,Gold Hunter Ketch (yellow),1,0
327,Marlynn,2025-06-17T12:17:46,Gold Hunter Longboat (yellow),1,0
327,Marlynn,2025-06-17T12:17:46,Gold Hunter Marauder (yellow),1,0
327,Marlynn,2025-06-17T12:17:46,Nimby (yellow),1,0
327,Marlynn,2025-06-17T12:17:46,Pilfer the Wreck (yellow),1,0
327,Marlynn,2025-06-17T12:17:46,Salvage Shot (yellow),1,0
327,Marlynn,2025-06-17T12:17:46,Sic 'Em Shot (yellow),1,0
327,Marlynn,2025-06-17T12:17:46,Blue Fin Harpoon (blue),1,0
327,Marlynn,2025-06-17T12:17:46,Golden Tipple (blue),1,0
327,Marlynn,2025-06-17T12:17:46,Chart a Course (blue),1,0
327,Marlynn,2025-06-17T12:17:46,Mutiny on the Nimbus Sovereign (blue),2,0
327,Marlynn,2025-06-17T12:17:46,Mutiny on the Swiftwater (blue),1,0
327,Marlynn,2025-06-17T12:17:46,Nimby (blue),2,0
327,Marlynn,2025-06-17T12:17:46,Pilfer the Wreck (blue),1,0
327,Marlynn,2025-06-17T12:17:46,Portside Exchange (blue),1,0
327,Marlynn,2025-06-17T12:17:46,Rally the Coast Guard (blue),1,0
327,Marlynn,2025-06-17T12:17:46,Sirens of Safe Harbor (blue),2,0
327,Marlynn,2025-06-17T12:17:46,Swindler's Grift (blue),1,0
327,Marlynn,2025-06-17T12:17:46,Walk the Plank (blue),1,0
327,Marlynn,2025-06-17T12:17:46,Glidewell Fins,1,1
328,Gravy Bones,2025-06-17T13:43:43,Angry Bones (red),1,0
328,Gravy Bones,2025-06-17T13:43:43,Burly Bones (red),1,0
328,Gravy Bones,2025-06-17T13:43:43,Crash Down the Gates (red),1,0
328,Gravy Bones,2025-06-17T13:43:43,Expedition to Horizon's Mantle (red),1,0
328,Gravy Bones,2025-06-17T13:43:43,Fiddler's Green (red),1,0
328,Gravy Bones,2025-06-17T13:43:43,Life for a Life (red),1,0
328,Gravy Bones,2025-06-17T13:43:43,On the Horizon (red),2,0
328,Gravy Bones,2025-06-17T13:43:43,Restless Bones (red),2,0
328,Gravy Bones,2025-06-17T13:43:43,Barnacle (yellow),1,0
328,Gravy Bones,2025-06-17T13:43:43,"Cutty Shark, Quick Clip (yellow)",2,0
328,Gravy Bones,2025-06-17T13:43:43,"Chowder, Hearty Cook (yellow)",2,0
328,Gravy Bones,2025-06-17T13:43:43,Riggermortis (yellow),1,0
328,Gravy Bones,2025-06-17T13:43:43,"Scooba, Salty Sea Dog (yellow)",1,0
328,Gravy Bones,2025-06-17T13:43:43,"Shelly, Hardened Traveler (yellow)",1,0
328,Gravy Bones,2025-06-17T13:43:43,Sirens of Safe Harbor (yellow),1,0
328,Gravy Bones,2025-06-17T13:43:43,Strike Gold (yellow),2,0
328,Gravy Bones,2025-06-17T13:43:43,Swabbie (yellow),2,0
328,Gravy Bones,2025-06-17T13:43:43,Swiftwater Sloop (yellow),1,0
328,Gravy Bones,2025-06-17T13:43:43,Angry Bones (blue),1,0
328,Gravy Bones,2025-06-17T13:43:43,Avast Ye! (blue),1,0
328,Gravy Bones,2025-06-17T13:43:43,Burly Bones (blue),1,0
328,Gravy Bones,2025-06-17T13:43:43,Golden Tipple (blue),1,0
328,Gravy Bones,2025-06-17T13:43:43,Heave Ho! (blue),1,0
328,Gravy Bones,2025-06-17T13:43:43,Jittery Bones (blue),3,0
328,Gravy Bones,2025-06-17T13:43:43,Mutiny on the Battalion Barque (blue),1,0
328,Gravy Bones,2025-06-17T13:43:43,Mutiny on the Nimbus Sovereign (blue),1,0
328,Gravy Bones,2025-06-17T13:43:43,Mutiny on the Swiftwater (blue),1,0
328,Gravy Bones,2025-06-17T13:43:43,Nimby (blue),1,0
328,Gravy Bones,2025-06-17T13:43:43,Restless Bones (blue),2,0
328,Gravy Bones,2025-06-17T13:43:43,Sirens of Safe Harbor (blue),1,0
328,Gravy Bones,2025-06-17T13:43:43,Trade In (blue),1,0
328,Gravy Bones,2025-06-17T13:43:43,Head Stone,1,1
328,Gravy Bones,2025-06-17T13:43:43,Washed Up Wave,1,1
329,Puffin,2025-06-17T14:50:25,Cloud Skiff (red),2,0
329,Puffin,2025-06-17T14:50:25,Cogwerx Zeppelin (red),1,0
329,Puffin,2025-06-17T14:50:25,Draw Back the Hammer (red),1,0
329,Puffin,2025-06-17T14:50:25,Expedition to Blackwater Strait (red),1,0
329,Puffin,2025-06-17T14:50:25,Goldwing Turbine (red),1,0
329,Puffin,2025-06-17T14:50:25,Nimby (red),1,0
329,Puffin,2025-06-17T14:50:25,Perk Up (red),2,0
329,Puffin,2025-06-17T14:50:25,Ravenous Rabble (red),2,0
329,Puffin,2025-06-17T14:50:25,Thiev'n Varmints (red),1,0
329,Puffin,2025-06-17T14:50:25,Tighten the Screws (red),2,0
329,Puffin,2025-06-17T14:50:25,Cloud City Steamboat (yellow),1,0
329,Puffin,2025-06-17T14:50:25,Cloud Skiff (yellow),1,0
329,Puffin,2025-06-17T14:50:25,Cogwerx Zeppelin (yellow),1,0
329,Puffin,2025-06-17T14:50:25,Gold Hunter Lightsail (yellow),1,0
329,Puffin,2025-06-17T14:50:25,Goldwing Turbine (yellow),1,0
329,Puffin,2025-06-17T14:50:25,Chart a Course (yellow),1,0
329,Puffin,2025-06-17T14:50:25,Money or Your Life? (yellow),1,0
329,Puffin,2025-06-17T14:50:25,Sirens of Safe Harbor (yellow),1,0
329,Puffin,2025-06-17T14:50:25,Sky Skimmer (yellow),2,0
329,Puffin,2025-06-17T14:50:25,Strike Gold (yellow),1,0
329,Puffin,2025-06-17T14:50:25,Teeth of the Cog (yellow),1,0
329,Puffin,2025-06-17T14:50:25,Clap 'Em in Irons (blue),1,0
329,Puffin,2025-06-17T14:50:25,Cloud Skiff (blue),2,0
329,Puffin,2025-06-17T14:50:25,Cogwerx Zeppelin (blue),1,0
329,Puffin,2025-06-17T14:50:25,Copper Cog (blue),1,0
329,Puffin,2025-06-17T14:50:25,Goldwing Turbine (blue),1,0
329,Puffin,2025-06-17T14:50:25,Pinion Sentry (blue),1,0
329,Puffin,2025-06-17T14:50:25,Scrub the Deck (blue),1,0
329,Puffin,2025-06-17T14:50:25,Teeth of the Cog (blue),2,0
329,Puffin,2025-06-17T14:50:25,Tough Old Wrench (blue),1,0
329,Puffin,2025-06-17T14:50:25,Helmsman's Peak,1,1
329,Puffin,2025-06-17T14:50:25,Quick Clicks,1,1
329,Puffin,2025-06-17T14:50:25,Rust Belt,1,1
329,Puffin,2025-06-17T14:50:25,Swiftstrike Bracers,1,1
330,Marlynn,2025-06-17T16:01:17,Blow for a Blow (red),1,0
330,Marlynn,2025-06-17T16:01:17,Dry Powder Shot (red),2,0
330,Marlynn,2025-06-17T16:01:17,Entangling Shot (red),1,0
330,Marlynn,2025-06-17T16:01:17,Flying High (red),1,0
330,Marlynn,2025-06-17T16:01:17,Golden Tipple (red),1,0
330,Marlynn,2025-06-17T16:01:17,Jack Be Quick (red),1,0
330,Marlynn,2025-06-17T16:01:17,Nettling Shot (red),1,0
330,Marlynn,2025-06-17T16:01:17,Nimby (red),1,0
330,Marlynn,2025-06-17T16:01:17,Ravenous Rabble (red),1,0
330,Marlynn,2025-06-17T16:01:17,Return Fire (red),1,0
330,Marlynn,2025-06-17T16:01:17,Salvage Shot (red),1,0
330,Marlynn,2025-06-17T16:01:17,Scouting Shot (red),2,0
330,Marlynn,2025-06-17T16:01:17,Swift Shot (red),1,0
330,Marlynn,2025-06-17T16:01:17,Thiev'n Varmints (red),1,0
330,Marlynn,2025-06-17T16:01:17,Call in the Big Guns (yellow),3,0
330,Marlynn,2025-06-17T16:01:17,Gold Hunter Longboat (yellow),1,0
330,Marlynn,2025-06-17T16:01:17,Head Shot (yellow),2,0
330,Marlynn,2025-06-17T16:01:17,Chart a Course (yellow),1,0
330,Marlynn,2025-06-17T16:01:17,Nimblism (yellow),2,0
330,Marlynn,2025-06-17T16:01:17,Nimby (yellow),1,0
330,Marlynn,2025-06-17T16:01:17,On the Horizon (yellow),2,0
330,Marlynn,2025-06-17T16:01:17,Swindler's Grift (yellow),2,0
330,Marlynn,2025-06-17T16:01:17,Call in the Big Guns (blue),1,0
330,Marlynn,2025-06-17T16:01:17,Nimblism (blue),1,0
330,Marlynn,2025-06-17T16:01:17,Sic 'Em Shot (blue),1,0
330,Marlynn,2025-06-17T16:01:17,Buccaneer's Bounty,1,1
330,Marlynn,2025-06-17T16:01:17,Light Fingers,1,1
330,Marlynn,2025-06-17T16:01:17,Patch the Hole,1,1
330,Marlynn,2025-06-17T16:01:17,Quick Clicks,1,1
330,Marlynn,2025-06-17T16:01:17,Swiftstrike Bracers,1,1
331,Gravy Bones,2025-06-17T16:43:50,Angry Bones (red),1,0
331,Gravy Bones,2025-06-17T16:43:50,Golden Tipple (red),2,0
331,Gravy Bones,2025-06-17T16:43:50,Jittery Bones (red),1,0
331,Gravy Bones,2025-06-17T16:43:50,Sirens of Safe Harbor (red),1,0
331,Gravy Bones,2025-06-17T16:43:50,Barnacle (yellow),1,0
331,Gravy Bones,2025-06-17T16:43:50,"Cutty Shark, Quick Clip (yellow)",2,0
331,Gravy Bones,2025-06-17T16:43:50,"Kelpie, Tangled Mess (yellow)",1,0
331,Gravy Bones,2025-06-17T16:43:50,Riggermortis (yellow),2,0
331,Gravy Bones,2025-06-17T16:43:50,"Shelly, Hardened Traveler (yellow)",1,0
331,Gravy Bones,2025-06-17T16:43:50,Swiftwater Sloop (yellow),1,0
331,Gravy Bones,2025-06-17T16:43:50,Wailer Humperdinck (yellow),1,0
331,Gravy Bones,2025-06-17T16:43:50,Angry Bones (blue),1,0
331,Gravy Bones,2025-06-17T16:43:50,Battalion Barque (blue),2,0
331,Gravy Bones,2025-06-17T16:43:50,Divvy Up (blue),1,0
331,Gravy Bones,2025-06-17T16:43:50,Golden Tipple (blue),1,0
331,Gravy Bones,2025-06-17T16:43:50,Heave Ho! (blue),1,0
331,Gravy Bones,2025-06-17T16:43:50,Chart a Course (blue),2,0
331,Gravy Bones,2025-06-17T16:43:50,Money or Your Life? (blue),1,0
331,Gravy Bones,2025-06-17T16:43:50,Mutiny on the Battalion Barque (blue),1,0
331,Gravy Bones,2025-06-17T16:43:50,Mutiny on the Swiftwater (blue),1,0
331,Gravy Bones,2025-06-17T16:43:50,Nimblism (blue),1,0
331,Gravy Bones,2025-06-17T16:43:50,Rally the Coast Guard (blue),1,0
331,Gravy Bones,2025-06-17T16:43:50,Restless Bones (blue),1,0
331,Gravy Bones,2025-06-17T16:43:50,Sapphire Amulet (blue),1,0
331,Gravy Bones,2025-06-17T16:43:50,Swiftwater Sloop (blue),1,0
331,Gravy Bones,2025-06-17T16:43:50,Yo Ho Ho! (blue),1,0
331,Gravy Bones,2025-06-17T16:43:50,Head Stone,1,1
331,Gravy Bones,2025-06-17T16:43:50,Old Knocker,1,1
331,Gravy Bones,2025-06-17T16:43:50,Peg Leg,1,1
331,Gravy Bones,2025-06-17T16:43:50,Quartermaster's Boots,1,1
332,Marlynn,2025-06-17T20:04:18,Call in the Big Guns (red),1,0
332,Marlynn,2025-06-17T20:04:18,Drop the Anchor (red),1,0
332,Marlynn,2025-06-17T20:04:18,Dry Powder Shot (red),1,0
332,Marlynn,2025-06-17T20:04:18,Entangling Shot (red),1,0
332,Marlynn,2025-06-17T20:04:18,Expedition to Dreadfall Reach (red),1,0
332,Marlynn,2025-06-17T20:04:18,Fire in the Hole (red),1,0
332,Marlynn,2025-06-17T20:04:18,Golden Tipple (red),1,0
332,Marlynn,2025-06-17T20:04:18,Head Shot (red),1,0
332,Marlynn,2025-06-17T20:04:18,Chart a Course (red),1,0
332,Marlynn,2025-06-17T20:04:18,Jack Be Nimble (red),1,0
332,Marlynn,2025-06-17T20:04:18,Nettling Shot (red),1,0
332,Marlynn,2025-06-17T20:04:18,Nimblism (red),1,0
332,Marlynn,2025-06-17T20:04:18,Nimby (red),2,0
332,Marlynn,2025-06-17T20:04:18,Ravenous Rabble (red),2,0
332,Marlynn,2025-06-17T20:04:18,Salvage Shot (red),1,0
332,Marlynn,2025-06-17T20:04:18,Sic 'Em Shot (red),2,0
332,Marlynn,2025-06-17T20:04:18,Swift Shot (red),3,0
332,Marlynn,2025-06-17T20:04:18,Thiev'n Varmints (red),1,0
332,Marlynn,2025-06-17T20:04:18,Call in the Big Guns (yellow),1,0
332,Marlynn,2025-06-17T20:04:18,Gold Hunter Lightsail (yellow),1,0
332,Marlynn,2025-06-17T20:04:18,Head Shot (yellow),1,0
332,Marlynn,2025-06-17T20:04:18,Nimblism (yellow),2,0
332,Marlynn,2025-06-17T20:04:18,Nimby (yellow),1,0
332,Marlynn,2025-06-17T20:04:18,Sic 'Em Shot (yellow),2,0
332,Marlynn,2025-06-17T20:04:18,Clap 'Em in Irons (blue),1,0
332,Marlynn,2025-06-17T20:04:18,Rusty Harpoon (blue),1,0
332,Marlynn,2025-06-17T20:04:18,Salvage Shot (blue),2,0
332,Marlynn,2025-06-17T20:04:18,Sic 'Em Shot (blue),2,0
332,Marlynn,2025-06-17T20:04:18,Buccaneer's Bounty,1,1
332,Marlynn,2025-06-17T20:04:18,Glidewell Fins,1,1
332,Marlynn,2025-06-17T20:04:18,Helmsman's Peak,1,1
333,Puffin,2025-06-17T23:13:28,Cloud City Steamboat (red),1,0
333,Puffin,2025-06-17T23:13:28,Cloud Skiff (red),3,0
333,Puffin,2025-06-17T23:13:28,Draw Back the Hammer (red),1,0
333,Puffin,2025-06-17T23:13:28,Expedition to Dreadfall Reach (red),1,0
333,Puffin,2025-06-17T23:13:28,Goldwing Turbine (red),6,0
333,Puffin,2025-06-17T23:13:28,Nimblism (red),1,0
333,Puffin,2025-06-17T23:13:28,Perk Up (red),1,0
333,Puffin,2025-06-17T23:13:28,Scar for a Scar (red),1,0
333,Puffin,2025-06-17T23:13:28,Sky Skimmer (red),1,0
333,Puffin,2025-06-17T23:13:28,Thiev'n Varmints (red),1,0
333,Puffin,2025-06-17T23:13:28,Tighten the Screws (red),1,0
333,Puffin,2025-06-17T23:13:28,Tough Old Wrench (red),1,0
333,Puffin,2025-06-17T23:13:28,Cloud Skiff (yellow),1,0
333,Puffin,2025-06-17T23:13:28,Gold Hunter Ketch (yellow),1,0
333,Puffin,2025-06-17T23:13:28,On the Horizon (yellow),1,0
333,Puffin,2025-06-17T23:13:28,Sky Skimmer (yellow),2,0
333,Puffin,2025-06-17T23:13:28,Teeth of the Cog (yellow),1,0
333,Puffin,2025-06-17T23:13:28,Cloud City Steamboat (blue),1,0
333,Puffin,2025-06-17T23:13:28,Cloud Skiff (blue),1,0
333,Puffin,2025-06-17T23:13:28,Goldwing Turbine (blue),2,0
333,Puffin,2025-06-17T23:13:28,Murderous Rabble (blue),1,0
333,Puffin,2025-06-17T23:13:28,Nimby (blue),1,0
333,Puffin,2025-06-17T23:13:28,On the Horizon (blue),1,0
333,Puffin,2025-06-17T23:13:28,Sky Skimmer (blue),2,0
333,Puffin,2025-06-17T23:13:28,Throw Caution to the Wind (blue),1,0
333,Puffin,2025-06-17T23:13:28,Walk the Plank (blue),1,0
333,Puffin,2025-06-17T23:13:28,Helmsman's Peak,1,1
333,Puffin,2025-06-17T23:13:28,Rust Belt,1,1
333,Puffin,2025-06-17T23:13:28,Swiftstrike Bracers,1,1
333,Puffin,2025-06-17T23:13:28,Unicycle,1,1
334,Marlynn,2025-06-18T01:18:50,Call in the Big Guns (red),2,0
334,Marlynn,2025-06-18T01:18:50,Drop the Anchor (red),1,0
334,Marlynn,2025-06-18T01:18:50,Dry Powder Shot (red),1,0
334,Marlynn,2025-06-18T01:18:50,Head Shot (red),2,0
334,Marlynn,2025-06-18T01:18:50,Monkey Powder (red),1,0
334,Marlynn,2025-06-18T01:18:50,Nettling Shot (red),1,0
334,Marlynn,2025-06-18T01:18:50,Nimby (red),1,0
334,Marlynn,2025-06-18T01:18:50,Salvage Shot (red),2,0
334,Marlynn,2025-06-18T01:18:50,Scouting Shot (red),1,0
334,Marlynn,2025-06-18T01:18:50,Sic 'Em Shot (red),1,0
334,Marlynn,2025-06-18T01:18:50,Swift Shot (red),1,0
334,Marlynn,2025-06-18T01:18:50,Call in the Big Guns (yellow),1,0
334,Marlynn,2025-06-18T01:18:50,Crash Down the Gates (yellow),1,0
334,Marlynn,2025-06-18T01:18:50,Head Shot (yellow),1,0
334,Marlynn,2025-06-18T01:18:50,Nimblism (yellow),1,0
334,Marlynn,2025-06-18T01:18:50,On the Horizon (yellow),2,0
334,Marlynn,2025-06-18T01:18:50,Salvage Shot (yellow),1,0
334,Marlynn,2025-06-18T01:18:50,Sic 'Em Shot (yellow),1,0
334,Marlynn,2025-06-18T01:18:50,Strike Gold (yellow),1,0
334,Marlynn,2025-06-18T01:18:50,Swiftwater Sloop (yellow),1,0
334,Marlynn,2025-06-18T01:18:50,Walk the Plank (yellow),2,0
334,Marlynn,2025-06-18T01:18:50,Call in the Big Guns (blue),1,0
334,Marlynn,2025-06-18T01:18:50,Head Shot (blue),1,0
334,Marlynn,2025-06-18T01:18:50,Hook (blue),1,0
334,Marlynn,2025-06-18T01:18:50,Nimby (blue),1,0
334,Marlynn,2025-06-18T01:18:50,Red Fin Harpoon (blue),1,0
334,Marlynn,2025-06-18T01:18:50,Saltwater Swell (blue),1,0
334,Marlynn,2025-06-18T01:18:50,Salvage Shot (blue),3,0
334,Marlynn,2025-06-18T01:18:50,Sic 'Em Shot (blue),1,0
334,Marlynn,2025-06-18T01:18:50,Swindler's Grift (blue),1,0
334,Marlynn,2025-06-18T01:18:50,Glidewell Fins,1,1
334,Marlynn,2025-06-18T01:18:50,Old Knocker,1,1
334,Marlynn,2025-06-18T01:18:50,Patch the Hole,1,1
334,Marlynn,2025-06-18T01:18:50,Quartermaster's Boots,1,1
335,Gravy Bones,2025-06-18T05:44:21,Chart a Course (red),1,0
335,Gravy Bones,2025-06-18T05:44:21,Sirens of Safe Harbor (red),1,0
335,Gravy Bones,2025-06-18T05:44:21,Strike Gold (red),1,0
335,Gravy Bones,2025-06-18T05:44:21,Swindler's Grift (red),1,0
335,Gravy Bones,2025-06-18T05:44:21,Barnacle (yellow),1,0
335,Gravy Bones,2025-06-18T05:44:21,Battalion Barque (yellow),3,0
335,Gravy Bones,2025-06-18T05:44:21,Burly Bones (yellow),2,0
335,Gravy Bones,2025-06-18T05:44:21,"Cutty Shark, Quick Clip (yellow)",1,0
335,Gravy Bones,2025-06-18T05:44:21,"Chum, Friendly First Mate (yellow)",2,0
335,Gravy Bones,2025-06-18T05:44:21,Jittery Bones (yellow),1,0
335,Gravy Bones,2025-06-18T05:44:21,"Limpit, Hop-a-long (yellow)",1,0
335,Gravy Bones,2025-06-18T05:44:21,Rally the Coast Guard (yellow),1,0
335,Gravy Bones,2025-06-18T05:44:21,Restless Bones (yellow),2,0
335,Gravy Bones,2025-06-18T05:44:21,Riggermortis (yellow),1,0
335,Gravy Bones,2025-06-18T05:44:21,"Scooba, Salty Sea Dog (yellow)",1,0
335,Gravy Bones,2025-06-18T05:44:21,Strike Gold (yellow),1,0
335,Gravy Bones,2025-06-18T05:44:21,Swiftwater Sloop (yellow),1,0
335,Gravy Bones,2025-06-18T05:44:21,Amethyst Amulet (blue),1,0
335,Gravy Bones,2025-06-18T05:44:21,Battalion Barque (blue),1,0
335,Gravy Bones,2025-06-18T05:44:21,Golden Tipple (blue),1,0
335,Gravy Bones,2025-06-18T05:44:21,Chart a Course (blue),1,0
335,Gravy Bones,2025-06-18T05:44:21,Jittery Bones (blue),2,0
335,Gravy Bones,2025-06-18T05:44:21,Money or Your Life? (blue),1,0
335,Gravy Bones,2025-06-18T05:44:21,Mutiny on the Battalion Barque (blue),1,0
335,Gravy Bones,2025-06-18T05:44:21,Mutiny on the Nimbus Sovereign (blue),1,0
335,Gravy Bones,2025-06-18T05:44:21,Nimby (blue),1,0
335,Gravy Bones,2025-06-18T05:44:21,Pilfer the Wreck (blue),1,0
335,Gravy Bones,2025-06-18T05:44:21,Restless Bones (blue),1,0
335,Gravy Bones,2025-06-18T05:44:21,Saltwater Swell (blue),1,0
335,Gravy Bones,2025-06-18T05:44:21,Strike Gold (blue),1,0
335,Gravy Bones,2025-06-18T05:44:21,Head Stone,1,1
335,Gravy Bones,2025-06-18T05:44:21,Old Knocker,1,1
335,Gravy Bones,2025-06-18T05:44:21,Quartermaster's Boots,1,1
335,Gravy Bones,2025-06-18T05:44:21,Washed Up Wave,1,1
336,Puffin,2025-06-18T10:22:38,Cloud City Steamboat (red),1,0
336,Puffin,2025-06-18T10:22:38,Cloud Skiff (red),3,0
336,Puffin,2025-06-18T10:22:38,Cogwerx Zeppelin (red),1,0
336,Puffin,2025-06-18T10:22:38,Draw Back the Hammer (red),3,0
336,Puffin,2025-06-18T10:22:38,Goldwing Turbine (red),3,0
336,Puffin,2025-06-18T10:22:38,On the Horizon (red),1,0
336,Puffin,2025-06-18T10:22:38,Palantir Aeronought (red),1,0
336,Puffin,2025-06-18T10:22:38,Sky Skimmer (red),3,0
336,Puffin,2025-06-18T10:22:38,Swindler's Grift (red),1,0
336,Puffin,2025-06-18T10:22:38,Teeth of the Cog (red),1,0
336,Puffin,2025-06-18T10:22:38,Tighten the Screws (red),2,0
336,Puffin,2025-06-18T10:22:38,Cogwerx Zeppelin (yellow),1,0
336,Puffin,2025-06-18T10:22:38,Flying High (yellow),2,0
336,Puffin,2025-06-18T10:22:38,Gold Hunter Marauder (yellow),1,0
336,Puffin,2025-06-18T10:22:38,Golden Skywarden (yellow),1,0
336,Puffin,2025-06-18T10:22:38,Nimblism (yellow),1,0
336,Puffin,2025-06-18T10:22:38,Rally the Coast Guard (yellow),1,0
336,Puffin,2025-06-18T10:22:38,Sky Skimmer (yellow),1,0
336,Puffin,2025-06-18T10:22:38,Cloud Skiff (blue),2,0
336,Puffin,2025-06-18T10:22:38,Copper Cog (blue),1,0
336,Puffin,2025-06-18T10:22:38,Goldwing Turbine (blue),2,0
336,Puffin,2025-06-18T10:22:38,Mutiny on the Swiftwater (blue),1,0
336,Puffin,2025-06-18T10:22:38,Nimblism (blue),1,0
336,Puffin,2025-06-18T10:22:38,Swindler's Grift (blue),1,0
336,Puffin,2025-06-18T10:22:38,Teeth of the Cog (blue),2,0
336,Puffin,2025-06-18T10:22:38,Tit for Tat (blue),1,0
336,Puffin,2025-06-18T10:22:38,Light Fingers,1,1
336,Puffin,2025-06-18T10:22:38,Rust Belt,1,1
336,Puffin,2025-06-18T10:22:38,Unicycle,1,1
337,Puffin,2025-06-18T12:48:40,Cloud Skiff (red),4,0
337,Puffin,2025-06-18T12:48:40,Cog in the Machine (red),1,0
337,Puffin,2025-06-18T12:48:40,Draw Back the Hammer (red),1,0
337,Puffin,2025-06-18T12:48:40,Goldwing Turbine (red),3,0
337,Puffin,2025-06-18T12:48:40,Jack Be Nimble (red),1,0
337,Puffin,2025-06-18T12:48:40,Perk Up (red),2,0
337,Puffin,2025-06-18T12:48:40,Scar for a Scar (red),1,0
337,Puffin,2025-06-18T12:48:40,Sky Skimmer (red),2,0
337,Puffin,2025-06-18T12:48:40,Swiftwater Sloop (red),1,0
337,Puffin,2025-06-18T12:48:40,Thiev'n Varmints (red),2,0
337,Puffin,2025-06-18T12:48:40,Tighten the Screws (red),1,0
337,Puffin,2025-06-18T12:48:40,Tough Old Wrench (red),1,0
337,Puffin,2025-06-18T12:48:40,Battalion Barque (yellow),1,0
337,Puffin,2025-06-18T12:48:40,Cloud Skiff (yellow),1,0
337,Puffin,2025-06-18T12:48:40,Cogwerx Zeppelin (yellow),1,0
337,Puffin,2025-06-18T12:48:40,Goldwing Turbine (yellow),1,0
337,Puffin,2025-06-18T12:48:40,On the Horizon (yellow),1,0
337,Puffin,2025-06-18T12:48:40,Teeth of the Cog (yellow),1,0
337,Puffin,2025-06-18T12:48:40,Trade In (yellow),1,0
337,Puffin,2025-06-18T12:48:40,Cloud Skiff (blue),2,0
337,Puffin,2025-06-18T12:48:40,Cogwerx Zeppelin (blue),1,0
337,Puffin,2025-06-18T12:48:40,Copper Cog (blue),1,0
337,Puffin,2025-06-18T12:48:40,Crash Down the Gates (blue),1,0
337,Puffin,2025-06-18T12:48:40,Goldwing Turbine (blue),2,0
337,Puffin,2025-06-18T12:48:40,Mutiny on the Nimbus Sovereign (blue),1,0
337,Puffin,2025-06-18T12:48:40,Pinion Sentry (blue),1,0
337,Puffin,2025-06-18T12:48:40,Sky Skimmer (blue),2,0
337,Puffin,2025-06-18T12:48:40,Teeth of the Cog (blue),1,0
337,Puffin,2025-06-18T12:48:40,Walk the Plank (blue),1,0
337,Puffin,2025-06-18T12:48:40,Rust Belt,1,1
337,Puffin,2025-06-18T12:48:40,Unicycle,1,1
338,Gravy Bones,2025-06-18T18:54:24,Angry Bones (red),2,0
338,Gravy Bones,2025-06-18T18:54:24,Board the Ship (red),1,0
338,Gravy Bones,2025-06-18T18:54:24,Expedition to Dreadfall Reach (red),1,0
338,Gravy Bones,2025-06-18T18:54:24,Golden Tipple (red),1,0
338,Gravy Bones,2025-06-18T18:54:24,Paddle Faster (red),1,0
338,Gravy Bones,2025-06-18T18:54:24,Restless Bones (red),2,0
338,Gravy Bones,2025-06-18T18:54:24,Burly Bones (yellow),1,0
338,Gravy Bones,2025-06-18T18:54:24,"Cutty Shark, Quick Clip (yellow)",1,0
338,Gravy Bones,2025-06-18T18:54:24,Gold Hunter Marauder (yellow),1,0
338,Gravy Bones,2025-06-18T18:54:24,Golden Tipple (yellow),1,0
338,Gravy Bones,2025-06-18T18:54:24,HMS Barracuda (yellow),2,0
338,Gravy Bones,2025-06-18T18:54:24,HMS Kraken (yellow),1,0
338,Gravy Bones,2025-06-18T18:54:24,"Kelpie, Tangled Mess (yellow)",2,0
338,Gravy Bones,2025-06-18T18:54:24,Nimby (yellow),1,0
338,Gravy Bones,2025-06-18T18:54:24,Rally the Coast Guard (yellow),1,0
338,Gravy Bones,2025-06-18T18:54:24,"Scooba, Salty Sea Dog (yellow)",1,0
338,Gravy Bones,2025-06-18T18:54:24,"Shelly, Hardened Traveler (yellow)",1,0
338,Gravy Bones,2025-06-18T18:54:24,Swindler's Grift (yellow),1,0
338,Gravy Bones,2025-06-18T18:54:24,Walk the Plank (yellow),1,0
338,Gravy Bones,2025-06-18T18:54:24,Angry Bones (blue),3,0
338,Gravy Bones,2025-06-18T18:54:24,Avast Ye! (blue),1,0
338,Gravy Bones,2025-06-18T18:54:24,Jittery Bones (blue),1,0
338,Gravy Bones,2025-06-18T18:54:24,Nimby (blue),1,0
338,Gravy Bones,2025-06-18T18:54:24,Rally the Coast Guard (blue),1,0
338,Gravy Bones,2025-06-18T18:54:24,Restless Bones (blue),2,0
338,Gravy Bones,2025-06-18T18:54:24,Sea Floor Salvage (blue),1,0
338,Gravy Bones,2025-06-18T18:54:24,Bandana of the Blue Beyond,1,1
338,Gravy Bones,2025-06-18T18:54:24,Old Knocker,1,1
338,Gravy Bones,2025-06-18T18:54:24,Peg Leg,1,1
338,Gravy Bones,2025-06-18T18:54:24,Washed Up Wave,1,1
339,Marlynn,2025-06-18T20:03:33,Expedition to Dreadfall Reach (red),1,0
339,Marlynn,2025-06-18T20:03:33,King Kraken Harpoon (red),1,0
339,Marlynn,2025-06-18T20:03:33,Nettling Shot (red),1,0
339,Marlynn,2025-06-18T20:03:33,Salvage Shot (red),1,0
339,Marlynn,2025-06-18T20:03:33,Scouting Shot (red),1,0
339,Marlynn,2025-06-18T20:03:33,Sirens of Safe Harbor (red),1,0
339,Marlynn,2025-06-18T20:03:33,Swift Shot (red),1,0
339,Marlynn,2025-06-18T20:03:33,Swindler's Grift (red),1,0
339,Marlynn,2025-06-18T20:03:33,Thiev'n Varmints (red),1,0
339,Marlynn,2025-06-18T20:03:33,Gold Hunter Ketch (yellow),1,0
339,Marlynn,2025-06-18T20:03:33,Gold Hunter Longboat (yellow),1,0
339,Marlynn,2025-06-18T20:03:33,Gold Hunter Marauder (yellow),1,0
339,Marlynn,2025-06-18T20:03:33,Rally the Coast Guard (yellow),2,0
339,Marlynn,2025-06-18T20:03:33,Saltwater Swell (yellow),1,0
339,Marlynn,2025-06-18T20:03:33,Sirens of Safe Harbor (yellow),1,0
339,Marlynn,2025-06-18T20:03:33,Strike Gold (yellow),1,0
339,Marlynn,2025-06-18T20:03:33,Blue Fin Harpoon (blue),1,0
339,Marlynn,2025-06-18T20:03:33,Call in the Big Guns (blue),2,0
339,Marlynn,2025-06-18T20:03:33,Head Shot (blue),1,0
339,Marlynn,2025-06-18T20:03:33,Line (blue),1,0
339,Marlynn,2025-06-18T20:03:33,Portside Exchange (blue),1,0
339,Marlynn,2025-06-18T20:03:33,Rally the Coast Guard (blue),1,0
339,Marlynn,2025-06-18T20:03:33,Rusty Harpoon (blue),3,0
339,Marlynn,2025-06-18T20:03:33,Salvage Shot (blue),1,0
339,Marlynn,2025-06-18T20:03:33,Sic 'Em Shot (blue),2,0
339,Marlynn,2025-06-18T20:03:33,Sinker (blue),2,0
339,Marlynn,2025-06-18T20:03:33,Sirens of Safe Harbor (blue),1,0
339,Marlynn,2025-06-18T20:03:33,Light Fingers,1,1
339,Marlynn,2025-06-18T20:03:33,Old Knocker,1,1
339,Marlynn,2025-06-18T20:03:33,Patch the Hole,1,1
339,Marlynn,2025-06-18T20:03:33,Quartermaster's Boots,1,1
340,Gravy Bones,2025-06-18T21:52:51,Battalion Barque (red),1,0
340,Gravy Bones,2025-06-18T21:52:51,Board the Ship (red),1,0
340,Gravy Bones,2025-06-18T21:52:51,Burly Bones (red),1,0
340,Gravy Bones,2025-06-18T21:52:51,Expedition to Horizon's Mantle (red),1,0
340,Gravy Bones,2025-06-18T21:52:51,Jittery Bones (red),1,0
340,Gravy Bones,2025-06-18T21:52:51,Life for a Life (red),1,0
340,Gravy Bones,2025-06-18T21:52:51,Paddle Faster (red),1,0
340,Gravy Bones,2025-06-18T21:52:51,Rally the Coast Guard (red),1,0
340,Gravy Bones,2025-06-18T21:52:51,Restless Bones (red),1,0
340,Gravy Bones,2025-06-18T21:52:51,Thiev'n Varmints (red),1,0
340,Gravy Bones,2025-06-18T21:52:51,Angry Bones (yellow),1,0
340,Gravy Bones,2025-06-18T21:52:51,Burly Bones (yellow),2,0
340,Gravy Bones,2025-06-18T21:52:51,Crash Down the Gates (yellow),1,0
340,Gravy Bones,2025-06-18T21:52:51,"Chowder, Hearty Cook (yellow)",1,0
340,Gravy Bones,2025-06-18T21:52:51,Money or Your Life? (yellow),1,0
340,Gravy Bones,2025-06-18T21:52:51,On the Horizon (yellow),2,0
340,Gravy Bones,2025-06-18T21:52:51,Riggermortis (yellow),1,0
340,Gravy Bones,2025-06-18T21:52:51,"Scooba, Salty Sea Dog (yellow)",1,0
340,Gravy Bones,2025-06-18T21:52:51,Strike Gold (yellow),1,0
340,Gravy Bones,2025-06-18T21:52:51,Swabbie (yellow),1,0
340,Gravy Bones,2025-06-18T21:52:51,Walk the Plank (yellow),1,0
340,Gravy Bones,2025-06-18T21:52:51,Angry Bones (blue),1,0
340,Gravy Bones,2025-06-18T21:52:51,Burly Bones (blue),1,0
340,Gravy Bones,2025-06-18T21:52:51,Crash Down the Gates (blue),1,0
340,Gravy Bones,2025-06-18T21:52:51,Golden Tipple (blue),4,0
340,Gravy Bones,2025-06-18T21:52:51,On the Horizon (blue),1,0
340,Gravy Bones,2025-06-18T21:52:51,Opal Amulet (blue),1,0
340,Gravy Bones,2025-06-18T21:52:51,Pilfer the Wreck (blue),1,0
340,Gravy Bones,2025-06-18T21:52:51,Portside Exchange (blue),1,0
340,Gravy Bones,2025-06-18T21:52:51,Restless Bones (blue),1,0
340,Gravy Bones,2025-06-18T21:52:51,Walk the Plank (blue),1,0
340,Gravy Bones,2025-06-18T21:52:51,Buccaneer's Bounty,1,1
340,Gravy Bones,2025-06-18T21:52:51,Fish Fingers,1,1
340,Gravy Bones,2025-06-18T21:52:51,Head Stone,1,1
340,Gravy Bones,2025-06-18T21:52:51,Peg Leg,1,1
341,Marlynn,2025-06-19T00:37:09,Barbed Barrage (red),1,0
341,Marlynn,2025-06-19T00:37:09,Drop the Anchor (red),1,0
341,Marlynn,2025-06-19T00:37:09,Entangling Shot (red),1,0
341,Marlynn,2025-06-19T00:37:09,Head Shot (red),1,0
341,Marlynn,2025-06-19T00:37:09,Nettling Shot (red),1,0
341,Marlynn,2025-06-19T00:37:09,On the Horizon (red),2,0
341,Marlynn,2025-06-19T00:37:09,Pilfer the Wreck (red),1,0
341,Marlynn,2025-06-19T00:37:09,Rally the Coast Guard (red),2,0
341,Marlynn,2025-06-19T00:37:09,Salvage Shot (red),2,0
341,Marlynn,2025-06-19T00:37:09,Scar for a Scar (red),1,0
341,Marlynn,2025-06-19T00:37:09,Scouting Shot (red),3,0
341,Marlynn,2025-06-19T00:37:09,Sirens of Safe Harbor (red),1,0
341,Marlynn,2025-06-19T00:37:09,Thiev'n Varmints (red),1,0
341,Marlynn,2025-06-19T00:37:09,Golden Tipple (yellow),1,0
341,Marlynn,2025-06-19T00:37:09,Swiftwater Sloop (yellow),3,0
341,Marlynn,2025-06-19T00:37:09,Call in the Big Guns (blue),1,0
341,Marlynn,2025-06-19T00:37:09,Head Shot (blue),5,0
341,Marlynn,2025-06-19T00:37:09,Mutiny on the Battalion Barque (blue),1,0
341,Marlynn,2025-06-19T00:37:09,Mutiny on the Swiftwater (blue),1,0
341,Marlynn,2025-06-19T00:37:09,Nimby (blue),1,0
341,Marlynn,2025-06-19T00:37:09,On the Horizon (blue),1,0
341,Marlynn,2025-06-19T00:37:09,Rusty Harpoon (blue),1,0
341,Marlynn,2025-06-19T00:37:09,Salvage Shot (blue),1,0
341,Marlynn,2025-06-19T00:37:09,Sea Floor Salvage (blue),1,0
341,Marlynn,2025-06-19T00:37:09,Swiftwater Sloop (blue),1,0
341,Marlynn,2025-06-19T00:37:09,Bandana of the Blue Beyond,1,1
341,Marlynn,2025-06-19T00:37:09,Glidewell Fins,1,1
341,Marlynn,2025-06-19T00:37:09,Helmsman's Peak,1,1
341,Marlynn,2025-06-19T00:37:09,Quartermaster's Boots,1,1
342,Gravy Bones,2025-06-19T10:31:07,Angry Bones (red),1,0
342,Gravy Bones,2025-06-19T10:31:07,Blow for a Blow (red),1,0
342,Gravy Bones,2025-06-19T10:31:07,Conqueror of the High Seas (red),1,0
342,Gravy Bones,2025-06-19T10:31:07,Expedition to Blackwater Strait (red),2,0
342,Gravy Bones,2025-06-19T10:31:07,Expedition to Dreadfall Reach (red),1,0
342,Gravy Bones,2025-06-19T10:31:07,Chart a Course (red),1,0
342,Gravy Bones,2025-06-19T10:31:07,Jittery Bones (red),1,0
342,Gravy Bones,2025-06-19T10:31:07,Life for a Life (red),1,0
342,Gravy Bones,2025-06-19T10:31:07,Money or Your Life? (red),1,0
342,Gravy Bones,2025-06-19T10:31:07,On the Horizon (red),1,0
342,Gravy Bones,2025-06-19T10:31:07,Rally the Coast Guard (red),1,0
342,Gravy Bones,2025-06-19T10:31:07,Restless Bones (red),3,0
342,Gravy Bones,2025-06-19T10:31:07,Swindler's Grift (red),1,0
342,Gravy Bones,2025-06-19T10:31:07,"Cutty Shark, Quick Clip (yellow)",2,0
342,Gravy Bones,2025-06-19T10:31:07,Golden Tipple (yellow),1,0
342,Gravy Bones,2025-06-19T10:31:07,"Chum, Friendly First Mate (yellow)",1,0
342,Gravy Bones,2025-06-19T10:31:07,Jittery Bones (yellow),1,0
342,Gravy Bones,2025-06-19T10:31:07,On the Horizon (yellow),1,0
342,Gravy Bones,2025-06-19T10:31:07,Restless Bones (yellow),1,0
342,Gravy Bones,2025-06-19T10:31:07,Swabbie (yellow),1,0
342,Gravy Bones,2025-06-19T10:31:07,Swindler's Grift (yellow),1,0
342,Gravy Bones,2025-06-19T10:31:07,Amethyst Amulet (blue),1,0
342,Gravy Bones,2025-06-19T10:31:07,Angry Bones (blue),1,0
342,Gravy Bones,2025-06-19T10:31:07,Battalion Barque (blue),1,0
342,Gravy Bones,2025-06-19T10:31:07,Golden Tipple (blue),1,0
342,Gravy Bones,2025-06-19T10:31:07,Heave Ho! (blue),1,0
342,Gravy Bones,2025-06-19T10:31:07,Jittery Bones (blue),1,0
342,Gravy Bones,2025-06-19T10:31:07,Mutiny on the Battalion Barque (blue),1,0
342,Gravy Bones,2025-06-19T10:31:07,Mutiny on the Nimbus Sovereign (blue),1,0
342,Gravy Bones,2025-06-19T10:31:07,Opal Amulet (blue),1,0
342,Gravy Bones,2025-06-19T10:31:07,Rally the Coast Guard (blue),1,0
342,Gravy Bones,2025-06-19T10:31:07,Restless Bones (blue),2,0
342,Gravy Bones,2025-06-19T10:31:07,Swiftwater Sloop (blue),2,0
342,Gravy Bones,2025-06-19T10:31:07,Captain's Coat,1,1
342,Gravy Bones,2025-06-19T10:31:07,Washed Up Wave,1,1
343,Puffin,2025-06-19T14:39:40,Cloud City Steamboat (red),1,0
343,Puffin,2025-06-19T14:39:40,Cloud Skiff (red),2,0
343,Puffin,2025-06-19T14:39:40,Draw Back the Hammer (red),1,0
343,Puffin,2025-06-19T14:39:40,Expedition to Azuro Keys (red),1,0
343,Puffin,2025-06-19T14:39:40,Golden Tipple (red),1,0
343,Puffin,2025-06-19T14:39:40,Goldwing Turbine (red),2,0
343,Puffin,2025-06-19T14:39:40,Life for a Life (red),1,0
343,Puffin,2025-06-19T14:39:40,On the Horizon (red),1,0
343,Puffin,2025-06-19T14:39:40,Perk Up (red),2,0
343,Puffin,2025-06-19T14:39:40,Sky Skimmer (red),4,0
343,Puffin,2025-06-19T14:39:40,Tighten the Screws (red),1,0
343,Puffin,2025-06-19T14:39:40,Tough Old Wrench (red),1,0
343,Puffin,2025-06-19T14:39:40,Cloud Skiff (yellow),3,0
343,Puffin,2025-06-19T14:39:40,Crash Down the Gates (yellow),1,0
343,Puffin,2025-06-19T14:39:40,Gold Hunter Longboat (yellow),1,0
343,Puffin,2025-06-19T14:39:40,Goldwing Turbine (yellow),1,0
343,Puffin,2025-06-19T14:39:40,Jolly Bludger (yellow),1,0
343,Puffin,2025-06-19T14:39:40,Sky Skimmer (yellow),1,0
343,Puffin,2025-06-19T14:39:40,Tough Old Wrench (yellow),1,0
343,Puffin,2025-06-19T14:39:40,Cloud Skiff (blue),2,0
343,Puffin,2025-06-19T14:39:40,Cogwerx Zeppelin (blue),1,0
343,Puffin,2025-06-19T14:39:40,Copper Cog (blue),1,0
343,Puffin,2025-06-19T14:39:40,Goldwing Turbine (blue),3,0
343,Puffin,2025-06-19T14:39:40,Mutiny on the Swiftwater (blue),1,0
343,Puffin,2025-06-19T14:39:40,Sky Skimmer (blue),1,0
343,Puffin,2025-06-19T14:39:40,Swindler's Grift (blue),1,0
343,Puffin,2025-06-19T14:39:40,Teeth of the Cog (blue),2,0
343,Puffin,2025-06-19T14:39:40,Tough Old Wrench (blue),1,0
343,Puffin,2025-06-19T14:39:40,Rust Belt,1,1
343,Puffin,2025-06-19T14:39:40,Unicycle,1,1
344,Marlynn,2025-06-19T15:39:04,Battalion Barque (red),1,0
344,Marlynn,2025-06-19T15:39:04,Blow for a Blow (red),2,0
344,Marlynn,2025-06-19T15:39:04,Expedition to Azuro Keys (red),1,0
344,Marlynn,2025-06-19T15:39:04,Head Shot (red),1,0
344,Marlynn,2025-06-19T15:39:04,Money or Your Life? (red),1,0
344,Marlynn,2025-06-19T15:39:04,On the Horizon (red),1,0
344,Marlynn,2025-06-19T15:39:04,Salvage Shot (red),2,0
344,Marlynn,2025-06-19T15:39:04,Sic 'Em Shot (red),2,0
344,Marlynn,2025-06-19T15:39:04,Strike Gold (red),1,0
344,Marlynn,2025-06-19T15:39:04,Call in the Big Guns (yellow),1,0
344,Marlynn,2025-06-19T15:39:04,HMS Marlin (yellow),1,0
344,Marlynn,2025-06-19T15:39:04,Rally the Coast Guard (yellow),1,0
344,Marlynn,2025-06-19T15:39:04,Sirens of Safe Harbor (yellow),1,0
344,Marlynn,2025-06-19T15:39:04,Swiftwater Sloop (yellow),1,0
344,Marlynn,2025-06-19T15:39:04,Walk the Plank (yellow),1,0
344,Marlynn,2025-06-19T15:39:04,Battalion Barque (blue),1,0
344,Marlynn,2025-06-19T15:39:04,Blue Fin Harpoon (blue),1,0
344,Marlynn,2025-06-19T15:39:04,Mutiny on the Nimbus Sovereign (blue),1,0
344,Marlynn,2025-06-19T15:39:04,Nimblism (blue),1,0
344,Marlynn,2025-06-19T15:39:04,Nimby (blue),1,0
344,Marlynn,2025-06-19T15:39:04,Red Fin Harpoon (blue),1,0
344,Marlynn,2025-06-19T15:39:04,Rusty Harpoon (blue),1,0
344,Marlynn,2025-06-19T15:39:04,Saltwater Swell (blue),1,0
344,Marlynn,2025-06-19T15:39:04,Salvage Shot (blue),3,0
344,Marlynn,2025-06-19T15:39:04,Sea Floor Salvage (blue),1,0
344,Marlynn,2025-06-19T15:39:04,Sic 'Em Shot (blue),2,0
344,Marlynn,2025-06-19T15:39:04,Sirens of Safe Harbor (blue),1,0
344,Marlynn,2025-06-19T15:39:04,Swiftwater Sloop (blue),1,0
344,Marlynn,2025-06-19T15:39:04,Blue Sea Tricorn,1,1
344,Marlynn,2025-06-19T15:39:04,Captain's Coat,1,1
344,Marlynn,2025-06-19T15:39:04,Glidewell Fins,1,1
344,Marlynn,2025-06-19T15:39:04,Quartermaster's Boots,1,1
345,"Scurv, Stowaway",2025-06-19T15:58:58,Battalion Barque (red),1,0
345,"Scurv, Stowaway",2025-06-19T15:58:58,Blow for a Blow (red),1,0
345,"Scurv, Stowaway",2025-06-19T15:58:58,Expedition to Azuro Keys (red),2,0
345,"Scurv, Stowaway",2025-06-19T15:58:58,Expedition to Blackwater Strait (red),1,0
345,"Scurv, Stowaway",2025-06-19T15:58:58,Jack Be Quick (red),1,0
345,"Scurv, Stowaway",2025-06-19T15:58:58,Nimblism (red),1,0
345,"Scurv, Stowaway",2025-06-19T15:58:58,Nimby (red),1,0
345,"Scurv, Stowaway",2025-06-19T15:58:58,Rally the Coast Guard (red),1,0
345,"Scurv, Stowaway",2025-06-19T15:58:58,Scar for a Scar (red),1,0
345,"Scurv, Stowaway",2025-06-19T15:58:58,Thiev'n Varmints (red),1,0
345,"Scurv, Stowaway",2025-06-19T15:58:58,Trade In (red),1,0
345,"Scurv, Stowaway",2025-06-19T15:58:58,Battalion Barque (yellow),1,0
345,"Scurv, Stowaway",2025-06-19T15:58:58,Fiddler's Green (yellow),1,0
345,"Scurv, Stowaway",2025-06-19T15:58:58,Gold Hunter Lightsail (yellow),2,0
345,"Scurv, Stowaway",2025-06-19T15:58:58,Chart a Course (yellow),1,0
345,"Scurv, Stowaway",2025-06-19T15:58:58,Lost in Transit (yellow),1,0
345,"Scurv, Stowaway",2025-06-19T15:58:58,Money or Your Life? (yellow),1,0
345,"Scurv, Stowaway",2025-06-19T15:58:58,Strike Gold (yellow),1,0
345,"Scurv, Stowaway",2025-06-19T15:58:58,Swiftwater Sloop (yellow),1,0
345,"Scurv, Stowaway",2025-06-19T15:58:58,Trade In (yellow),1,0
345,"Scurv, Stowaway",2025-06-19T15:58:58,Flying High (blue),1,0
345,"Scurv, Stowaway",2025-06-19T15:58:58,Money or Your Life? (blue),1,0
345,"Scurv, Stowaway",2025-06-19T15:58:58,Mutiny on the Swiftwater (blue),1,0
345,"Scurv, Stowaway",2025-06-19T15:58:58,Nimby (blue),1,0
345,"Scurv, Stowaway",2025-06-19T15:58:58,Shifting Tides (blue),1,0
345,"Scurv, Stowaway",2025-06-19T15:58:58,Strike Gold (blue),1,0
345,"Scurv, Stowaway",2025-06-19T15:58:58,Swiftwater Sloop (blue),1,0
345,"Scurv, Stowaway",2025-06-19T15:58:58,Walk the Plank (blue),1,0
345,"Scurv, Stowaway",2025-06-19T15:58:58,Captain's Coat,1,1
345,"Scurv, Stowaway",2025-06-19T15:58:58,Helmsman's Peak,1,1
345,"Scurv, Stowaway",2025-06-19T15:58:58,Peg Leg,1,1
346,Marlynn,2025-06-19T18:09:39,Call in the Big Guns (red),1,0
346,Marlynn,2025-06-19T18:09:39,Entangling Shot (red),3,0
346,Marlynn,2025-06-19T18:09:39,Golden Tipple (red),1,0
346,Marlynn,2025-06-19T18:09:39,Chart a Course (red),1,0
346,Marlynn,2025-06-19T18:09:39,Nettling Shot (red),2,0
346,Marlynn,2025-06-19T18:09:39,Saltwater Swell (red),1,0
346,Marlynn,2025-06-19T18:09:39,Salvage Shot (red),1,0
346,Marlynn,2025-06-19T18:09:39,Scar for a Scar (red),1,0
346,Marlynn,2025-06-19T18:09:39,Scouting Shot (red),1,0
346,Marlynn,2025-06-19T18:09:39,Call in the Big Guns (yellow),2,0
346,Marlynn,2025-06-19T18:09:39,Saltwater Swell (yellow),1,0
346,Marlynn,2025-06-19T18:09:39,Salvage Shot (yellow),1,0
346,Marlynn,2025-06-19T18:09:39,Sirens of Safe Harbor (yellow),1,0
346,Marlynn,2025-06-19T18:09:39,Swindler's Grift (yellow),1,0
346,Marlynn,2025-06-19T18:09:39,Blue Fin Harpoon (blue),1,0
346,Marlynn,2025-06-19T18:09:39,Call in the Big Guns (blue),1,0
346,Marlynn,2025-06-19T18:09:39,Flying High (blue),1,0
346,Marlynn,2025-06-19T18:09:39,Head Shot (blue),1,0
346,Marlynn,2025-06-19T18:09:39,Hook (blue),1,0
346,Marlynn,2025-06-19T18:09:39,Line (blue),1,0
346,Marlynn,2025-06-19T18:09:39,Mutiny on the Nimbus Sovereign (blue),1,0
346,Marlynn,2025-06-19T18:09:39,On the Horizon (blue),1,0
346,Marlynn,2025-06-19T18:09:39,Rusty Harpoon (blue),1,0
346,Marlynn,2025-06-19T18:09:39,Shifting Tides (blue),1,0
346,Marlynn,2025-06-19T18:09:39,Sirens of Safe Harbor (blue),1,0
346,Marlynn,2025-06-19T18:09:39,Strike Gold (blue),2,0
346,Marlynn,2025-06-19T18:09:39,Swiftwater Sloop (blue),1,0
346,Marlynn,2025-06-19T18:09:39,Tit for Tat (blue),1,0
346,Marlynn,2025-06-19T18:09:39,Bandana of the Blue Beyond,1,1
346,Marlynn,2025-06-19T18:09:39,Buccaneer's Bounty,1,1
346,Marlynn,2025-06-19T18:09:39,Helmsman's Peak,1,1
346,Marlynn,2025-06-19T18:09:39,Light Fingers,1,1
346,Marlynn,2025-06-19T18:09:39,Quartermaster's Boots,1,1
347,Gravy Bones,2025-06-19T20:53:37,Angry Bones (red),1,0
347,Gravy Bones,2025-06-19T20:53:37,Blow for a Blow (red),1,0
347,Gravy Bones,2025-06-19T20:53:37,Burly Bones (red),1,0
347,Gravy Bones,2025-06-19T20:53:37,Expedition to Azuro Keys (red),1,0
347,Gravy Bones,2025-06-19T20:53:37,Jittery Bones (red),2,0
347,Gravy Bones,2025-06-19T20:53:37,Life for a Life (red),1,0
347,Gravy Bones,2025-06-19T20:53:37,On the Horizon (red),1,0
347,Gravy Bones,2025-06-19T20:53:37,Paddle Faster (red),1,0
347,Gravy Bones,2025-06-19T20:53:37,Rally the Coast Guard (red),1,0
347,Gravy Bones,2025-06-19T20:53:37,Restless Bones (red),2,0
347,Gravy Bones,2025-06-19T20:53:37,Swiftwater Sloop (red),1,0
347,Gravy Bones,2025-06-19T20:53:37,Swindler's Grift (red),1,0
347,Gravy Bones,2025-06-19T20:53:37,Angry Bones (yellow),1,0
347,Gravy Bones,2025-06-19T20:53:37,Burly Bones (yellow),1,0
347,Gravy Bones,2025-06-19T20:53:37,"Cutty Shark, Quick Clip (yellow)",1,0
347,Gravy Bones,2025-06-19T20:53:37,Flying High (yellow),1,0
347,Gravy Bones,2025-06-19T20:53:37,HMS Marlin (yellow),1,0
347,Gravy Bones,2025-06-19T20:53:37,"Chowder, Hearty Cook (yellow)",1,0
347,Gravy Bones,2025-06-19T20:53:37,"Limpit, Hop-a-long (yellow)",1,0
347,Gravy Bones,2025-06-19T20:53:37,Restless Bones (yellow),1,0
347,Gravy Bones,2025-06-19T20:53:37,Riggermortis (yellow),1,0
347,Gravy Bones,2025-06-19T20:53:37,Saltwater Swell (yellow),1,0
347,Gravy Bones,2025-06-19T20:53:37,"Scooba, Salty Sea Dog (yellow)",1,0
347,Gravy Bones,2025-06-19T20:53:37,Trade In (yellow),1,0
347,Gravy Bones,2025-06-19T20:53:37,Angry Bones (blue),4,0
347,Gravy Bones,2025-06-19T20:53:37,Jittery Bones (blue),1,0
347,Gravy Bones,2025-06-19T20:53:37,Mutiny on the Battalion Barque (blue),2,0
347,Gravy Bones,2025-06-19T20:53:37,Nimblism (blue),1,0
347,Gravy Bones,2025-06-19T20:53:37,Nimby (blue),1,0
347,Gravy Bones,2025-06-19T20:53:37,Rally the Coast Guard (blue),1,0
347,Gravy Bones,2025-06-19T20:53:37,Restless Bones (blue),1,0
347,Gravy Bones,2025-06-19T20:53:37,Walk the Plank (blue),1,0
347,Gravy Bones,2025-06-19T20:53:37,Captain's Coat,1,1
347,Gravy Bones,2025-06-19T20:53:37,Head Stone,1,1
347,Gravy Bones,2025-06-19T20:53:37,Light Fingers,1,1
347,Gravy Bones,2025-06-19T20:53:37,Quartermaster's Boots,1,1
348,Gravy Bones,2025-06-19T21:08:51,Board the Ship (red),1,0
348,Gravy Bones,2025-06-19T21:08:51,Hoist 'Em Up (red),1,0
348,Gravy Bones,2025-06-19T21:08:51,Money or Your Life? (red),1,0
348,Gravy Bones,2025-06-19T21:08:51,Restless Bones (red),2,0
348,Gravy Bones,2025-06-19T21:08:51,Scar for a Scar (red),1,0
348,Gravy Bones,2025-06-19T21:08:51,Burly Bones (yellow),1,0
348,Gravy Bones,2025-06-19T21:08:51,"Cutty Shark, Quick Clip (yellow)",3,0
348,Gravy Bones,2025-06-19T21:08:51,Golden Tipple (yellow),1,0
348,Gravy Bones,2025-06-19T21:08:51,Jittery Bones (yellow),1,0
348,Gravy Bones,2025-06-19T21:08:51,Money or Your Life? (yellow),1,0
348,Gravy Bones,2025-06-19T21:08:51,Nimby (yellow),1,0
348,Gravy Bones,2025-06-19T21:08:51,On the Horizon (yellow),1,0
348,Gravy Bones,2025-06-19T21:08:51,Restless Bones (yellow),1,0
348,Gravy Bones,2025-06-19T21:08:51,Riggermortis (yellow),1,0
348,Gravy Bones,2025-06-19T21:08:51,"Shelly, Hardened Traveler (yellow)",1,0
348,Gravy Bones,2025-06-19T21:08:51,Swabbie (yellow),2,0
348,Gravy Bones,2025-06-19T21:08:51,Angry Bones (blue),2,0
348,Gravy Bones,2025-06-19T21:08:51,Avast Ye! (blue),2,0
348,Gravy Bones,2025-06-19T21:08:51,Burly Bones (blue),1,0
348,Gravy Bones,2025-06-19T21:08:51,Golden Tipple (blue),2,0
348,Gravy Bones,2025-06-19T21:08:51,Jittery Bones (blue),1,0
348,Gravy Bones,2025-06-19T21:08:51,On the Horizon (blue),1,0
348,Gravy Bones,2025-06-19T21:08:51,Rally the Coast Guard (blue),1,0
348,Gravy Bones,2025-06-19T21:08:51,Restless Bones (blue),3,0
348,Gravy Bones,2025-06-19T21:08:51,Ruby Amulet (blue),1,0
348,Gravy Bones,2025-06-19T21:08:51,Swiftwater Sloop (blue),1,0
348,Gravy Bones,2025-06-19T21:08:51,Swindler's Grift (blue),1,0
348,Gravy Bones,2025-06-19T21:08:51,Captain's Coat,1,1
348,Gravy Bones,2025-06-19T21:08:51,Head Stone,1,1
348,Gravy Bones,2025-06-19T21:08:51,Washed Up Wave,1,1
349,Puffin,2025-06-20T03:43:56,Cloud Skiff (red),1,0
349,Puffin,2025-06-20T03:43:56,Cogwerx Dovetail (red),1,0
349,Puffin,2025-06-20T03:43:56,Draw Back the Hammer (red),1,0
349,Puffin,2025-06-20T03:43:56,Expedition to Azuro Keys (red),1,0
349,Puffin,2025-06-20T03:43:56,Golden Tipple (red),1,0
349,Puffin,2025-06-20T03:43:56,Goldwing Turbine (red),1,0
349,Puffin,2025-06-20T03:43:56,Jack Be Nimble (red),1,0
349,Puffin,2025-06-20T03:43:56,Nimblism (red),1,0
349,Puffin,2025-06-20T03:43:56,Nimby (red),1,0
349,Puffin,2025-06-20T03:43:56,Perk Up (red),1,0
349,Puffin,2025-06-20T03:43:56,Scar for a Scar (red),1,0
349,Puffin,2025-06-20T03:43:56,Sky Skimmer (red),2,0
349,Puffin,2025-06-20T03:43:56,Teeth of the Cog (red),2,0
349,Puffin,2025-06-20T03:43:56,Tough Old Wrench (red),1,0
349,Puffin,2025-06-20T03:43:56,Golden Skywarden (yellow),1,0
349,Puffin,2025-06-20T03:43:56,Goldwing Turbine (yellow),1,0
349,Puffin,2025-06-20T03:43:56,Chart a Course (yellow),1,0
349,Puffin,2025-06-20T03:43:56,Midas Touch (yellow),1,0
349,Puffin,2025-06-20T03:43:56,Sky Skimmer (yellow),3,0
349,Puffin,2025-06-20T03:43:56,Swindler's Grift (yellow),1,0
349,Puffin,2025-06-20T03:43:56,Tough Old Wrench (yellow),2,0
349,Puffin,2025-06-20T03:43:56,Cloud City Steamboat (blue),1,0
349,Puffin,2025-06-20T03:43:56,Cloud Skiff (blue),3,0
349,Puffin,2025-06-20T03:43:56,Cogwerx Zeppelin (blue),1,0
349,Puffin,2025-06-20T03:43:56,Goldwing Turbine (blue),1,0
349,Puffin,2025-06-20T03:43:56,Mutiny on the Swiftwater (blue),1,0
349,Puffin,2025-06-20T03:43:56,Tough Old Wrench (blue),2,0
349,Puffin,2025-06-20T03:43:56,Helmsman's Peak,1,1
349,Puffin,2025-06-20T03:43:56,Rust Belt,1,1
349,Puffin,2025-06-20T03:43:56,Swiftstrike Bracers,1,1
349,Puffin,2025-06-20T03:43:56,Unicycle,1,1
350,Puffin,2025-06-20T04:21:59,Cloud Skiff (red),1,0
350,Puffin,2025-06-20T04:21:59,Cogwerx Dovetail (red),1,0
350,Puffin,2025-06-20T04:21:59,Golden Tipple (red),1,0
350,Puffin,2025-06-20T04:21:59,Goldwing Turbine (red),2,0
350,Puffin,2025-06-20T04:21:59,Chart a Course (red),1,0
350,Puffin,2025-06-20T04:21:59,Life for a Life (red),1,0
350,Puffin,2025-06-20T04:21:59,Perk Up (red),1,0
350,Puffin,2025-06-20T04:21:59,Sirens of Safe Harbor (red),2,0
350,Puffin,2025-06-20T04:21:59,Strike Gold (red),1,0
350,Puffin,2025-06-20T04:21:59,Trade In (red),1,0
350,Puffin,2025-06-20T04:21:59,Crash Down the Gates (yellow),1,0
350,Puffin,2025-06-20T04:21:59,Flying High (yellow),2,0
350,Puffin,2025-06-20T04:21:59,Golden Tipple (yellow),1,0
350,Puffin,2025-06-20T04:21:59,Goldwing Turbine (yellow),4,0
350,Puffin,2025-06-20T04:21:59,Chart a Course (yellow),1,0
350,Puffin,2025-06-20T04:21:59,Jolly Bludger (yellow),1,0
350,Puffin,2025-06-20T04:21:59,Lost in Transit (yellow),1,0
350,Puffin,2025-06-20T04:21:59,On the Horizon (yellow),1,0
350,Puffin,2025-06-20T04:21:59,Strike Gold (yellow),2,0
350,Puffin,2025-06-20T04:21:59,Trade In (yellow),1,0
350,Puffin,2025-06-20T04:21:59,Walk the Plank (yellow),1,0
350,Puffin,2025-06-20T04:21:59,Battalion Barque (blue),1,0
350,Puffin,2025-06-20T04:21:59,Cloud Skiff (blue),1,0
350,Puffin,2025-06-20T04:21:59,Cogwerx Zeppelin (blue),1,0
350,Puffin,2025-06-20T04:21:59,Golden Tipple (blue),1,0
350,Puffin,2025-06-20T04:21:59,Lubricate (blue),2,0
350,Puffin,2025-06-20T04:21:59,Mutiny on the Battalion Barque (blue),1,0
350,Puffin,2025-06-20T04:21:59,Nimby (blue),1,0
350,Puffin,2025-06-20T04:21:59,Sky Skimmer (blue),2,0
350,Puffin,2025-06-20T04:21:59,Blue Sea Tricorn,1,1
350,Puffin,2025-06-20T04:21:59,Fish Fingers,1,1
350,Puffin,2025-06-20T04:21:59,Rust Belt,1,1
350,Puffin,2025-06-20T04:21:59,Unicycle,1,1
351,Marlynn,2025-06-20T04:43:44,Call in the Big Guns (red),3,0
351,Marlynn,2025-06-20T04:43:44,Drop the Anchor (red),1,0
351,Marlynn,2025-06-20T04:43:44,Dry Powder Shot (red),1,0
351,Marlynn,2025-06-20T04:43:44,Entangling Shot (red),1,0
351,Marlynn,2025-06-20T04:43:44,Expedition to Blackwater Strait (red),1,0
351,Marlynn,2025-06-20T04:43:44,Head Shot (red),1,0
351,Marlynn,2025-06-20T04:43:44,Nettling Shot (red),1,0
351,Marlynn,2025-06-20T04:43:44,Nimblism (red),1,0
351,Marlynn,2025-06-20T04:43:44,Nimby (red),1,0
351,Marlynn,2025-06-20T04:43:44,On the Horizon (red),1,0
351,Marlynn,2025-06-20T04:43:44,Salvage Shot (red),2,0
351,Marlynn,2025-06-20T04:43:44,Scouting Shot (red),2,0
351,Marlynn,2025-06-20T04:43:44,Swift Shot (red),1,0
351,Marlynn,2025-06-20T04:43:44,Swiftwater Sloop (red),1,0
351,Marlynn,2025-06-20T04:43:44,Thiev'n Varmints (red),1,0
351,Marlynn,2025-06-20T04:43:44,Battalion Barque (yellow),1,0
351,Marlynn,2025-06-20T04:43:44,Call in the Big Guns (yellow),2,0
351,Marlynn,2025-06-20T04:43:44,Gold Hunter Ketch (yellow),1,0
351,Marlynn,2025-06-20T04:43:44,Chart a Course (yellow),1,0
351,Marlynn,2025-06-20T04:43:44,On the Horizon (yellow),1,0
351,Marlynn,2025-06-20T04:43:44,Sic 'Em Shot (yellow),1,0
351,Marlynn,2025-06-20T04:43:44,Call in the Big Guns (blue),1,0
351,Marlynn,2025-06-20T04:43:44,Line (blue),1,0
351,Marlynn,2025-06-20T04:43:44,Pilfer the Wreck (blue),1,0
351,Marlynn,2025-06-20T04:43:44,Red Fin Harpoon (blue),1,0
351,Marlynn,2025-06-20T04:43:44,Rusty Harpoon (blue),3,0
351,Marlynn,2025-06-20T04:43:44,Saltwater Swell (blue),1,0
351,Marlynn,2025-06-20T04:43:44,Salvage Shot (blue),2,0
351,Marlynn,2025-06-20T04:43:44,Sic 'Em Shot (blue),2,0
351,Marlynn,2025-06-20T04:43:44,Walk the Plank (blue),1,0
351,Marlynn,2025-06-20T04:43:44,Bandana of the Blue Beyond,1,1
351,Marlynn,2025-06-20T04:43:44,Glidewell Fins,1,1
351,Marlynn,2025-06-20T04:43:44,Old Knocker,1,1
352,Marlynn,2025-06-20T09:21:35,Call in the Big Guns (red),1,0
352,Marlynn,2025-06-20T09:21:35,Fire in the Hole (red),1,0
352,Marlynn,2025-06-20T09:21:35,Golden Tipple (red),1,0
352,Marlynn,2025-06-20T09:21:35,Head Shot (red),1,0
352,Marlynn,2025-06-20T09:21:35,King Shark Harpoon (red),1,0
352,Marlynn,2025-06-20T09:21:35,Life for a Life (red),1,0
352,Marlynn,2025-06-20T09:21:35,Monkey Powder (red),1,0
352,Marlynn,2025-06-20T09:21:35,Nettling Shot (red),2,0
352,Marlynn,2025-06-20T09:21:35,On the Horizon (red),1,0
352,Marlynn,2025-06-20T09:21:35,Battalion Barque (yellow),1,0
352,Marlynn,2025-06-20T09:21:35,Call in the Big Guns (yellow),1,0
352,Marlynn,2025-06-20T09:21:35,Head Shot (yellow),1,0
352,Marlynn,2025-06-20T09:21:35,Nimblism (yellow),1,0
352,Marlynn,2025-06-20T09:21:35,Nimby (yellow),2,0
352,Marlynn,2025-06-20T09:21:35,Salvage Shot (yellow),1,0
352,Marlynn,2025-06-20T09:21:35,Sirens of Safe Harbor (yellow),1,0
352,Marlynn,2025-06-20T09:21:35,Strike Gold (yellow),1,0
352,Marlynn,2025-06-20T09:21:35,Swiftwater Sloop (yellow),1,0
352,Marlynn,2025-06-20T09:21:35,Trade In (yellow),1,0
352,Marlynn,2025-06-20T09:21:35,Battalion Barque (blue),2,0
352,Marlynn,2025-06-20T09:21:35,Blue Fin Harpoon (blue),2,0
352,Marlynn,2025-06-20T09:21:35,Call in the Big Guns (blue),1,0
352,Marlynn,2025-06-20T09:21:35,Golden Tipple (blue),2,0
352,Marlynn,2025-06-20T09:21:35,Head Shot (blue),1,0
352,Marlynn,2025-06-20T09:21:35,Hook (blue),1,0
352,Marlynn,2025-06-20T09:21:35,Line (blue),1,0
352,Marlynn,2025-06-20T09:21:35,Red Fin Harpoon (blue),1,0
352,Marlynn,2025-06-20T09:21:35,Rusty Harpoon (blue),1,0
352,Marlynn,2025-06-20T09:21:35,Saltwater Swell (blue),1,0
352,Marlynn,2025-06-20T09:21:35,Sic 'Em Shot (blue),1,0
352,Marlynn,2025-06-20T09:21:35,Strike Gold (blue),1,0
352,Marlynn,2025-06-20T09:21:35,Trade In (blue),1,0
352,Marlynn,2025-06-20T09:21:35,Walk the Plank (blue),1,0
352,Marlynn,2025-06-20T09:21:35,Glidewell Fins,1,1
352,Marlynn,2025-06-20T09:21:35,Helmsman's Peak,1,1
352,Marlynn,2025-06-20T09:21:35,Peg Leg,1,1
353,Gravy Bones,2025-06-20T16:55:32,Angry Bones (red),2,0
353,Gravy Bones,2025-06-20T16:55:32,Battalion Barque (red),1,0
353,Gravy Bones,2025-06-20T16:55:32,Burly Bones (red),1,0
353,Gravy Bones,2025-06-20T16:55:32,Expedition to Horizon's Mantle (red),1,0
353,Gravy Bones,2025-06-20T16:55:32,Golden Tipple (red),1,0
353,Gravy Bones,2025-06-20T16:55:32,Hoist 'Em Up (red),1,0
353,Gravy Bones,2025-06-20T16:55:32,Jittery Bones (red),1,0
353,Gravy Bones,2025-06-20T16:55:32,Money or Your Life? (red),1,0
353,Gravy Bones,2025-06-20T16:55:32,Paddle Faster (red),1,0
353,Gravy Bones,2025-06-20T16:55:32,Rally the Coast Guard (red),1,0
353,Gravy Bones,2025-06-20T16:55:32,Angry Bones (yellow),1,0
353,Gravy Bones,2025-06-20T16:55:32,Barnacle (yellow),2,0
353,Gravy Bones,2025-06-20T16:55:32,Battalion Barque (yellow),1,0
353,Gravy Bones,2025-06-20T16:55:32,Burly Bones (yellow),1,0
353,Gravy Bones,2025-06-20T16:55:32,"Cutty Shark, Quick Clip (yellow)",1,0
353,Gravy Bones,2025-06-20T16:55:32,Gold Hunter Longboat (yellow),1,0
353,Gravy Bones,2025-06-20T16:55:32,Golden Tipple (yellow),2,0
353,Gravy Bones,2025-06-20T16:55:32,HMS Marlin (yellow),1,0
353,Gravy Bones,2025-06-20T16:55:32,Chart a Course (yellow),1,0
353,Gravy Bones,2025-06-20T16:55:32,Jittery Bones (yellow),1,0
353,Gravy Bones,2025-06-20T16:55:32,"Limpit, Hop-a-long (yellow)",1,0
353,Gravy Bones,2025-06-20T16:55:32,Restless Bones (yellow),1,0
353,Gravy Bones,2025-06-20T16:55:32,Riggermortis (yellow),2,0
353,Gravy Bones,2025-06-20T16:55:32,"Shelly, Hardened Traveler (yellow)",2,0
353,Gravy Bones,2025-06-20T16:55:32,Angry Bones (blue),2,0
353,Gravy Bones,2025-06-20T16:55:32,Divvy Up (blue),1,0
353,Gravy Bones,2025-06-20T16:55:32,Mutiny on the Swiftwater (blue),1,0
353,Gravy Bones,2025-06-20T16:55:32,Nimblism (blue),1,0
353,Gravy Bones,2025-06-20T16:55:32,Restless Bones (blue),1,0
353,Gravy Bones,2025-06-20T16:55:32,Sirens of Safe Harbor (blue),1,0
353,Gravy Bones,2025-06-20T16:55:32,Swiftwater Sloop (blue),1,0
353,Gravy Bones,2025-06-20T16:55:32,Yo Ho Ho! (blue),1,0
353,Gravy Bones,2025-06-20T16:55:32,Head Stone,1,1
353,Gravy Bones,2025-06-20T16:55:32,Peg Leg,1,1
353,Gravy Bones,2025-06-20T16:55:32,Washed Up Wave,1,1
354,Puffin,2025-06-20T17:51:30,Cloud Skiff (red),2,0
354,Puffin,2025-06-20T17:51:30,Cogwerx Zeppelin (red),1,0
354,Puffin,2025-06-20T17:51:30,Perk Up (red),2,0
354,Puffin,2025-06-20T17:51:30,Scar for a Scar (red),1,0
354,Puffin,2025-06-20T17:51:30,Sirens of Safe Harbor (red),1,0
354,Puffin,2025-06-20T17:51:30,Sky Skimmer (red),2,0
354,Puffin,2025-06-20T17:51:30,Swiftwater Sloop (red),1,0
354,Puffin,2025-06-20T17:51:30,Teeth of the Cog (red),2,0
354,Puffin,2025-06-20T17:51:30,Tighten the Screws (red),2,0
354,Puffin,2025-06-20T17:51:30,Tough Old Wrench (red),1,0
354,Puffin,2025-06-20T17:51:30,Trade In (red),1,0
354,Puffin,2025-06-20T17:51:30,Battalion Barque (yellow),1,0
354,Puffin,2025-06-20T17:51:30,Cloud Skiff (yellow),1,0
354,Puffin,2025-06-20T17:51:30,Cogwerx Zeppelin (yellow),1,0
354,Puffin,2025-06-20T17:51:30,Gold Hunter Lightsail (yellow),1,0
354,Puffin,2025-06-20T17:51:30,Goldwing Turbine (yellow),1,0
354,Puffin,2025-06-20T17:51:30,Jolly Bludger (yellow),1,0
354,Puffin,2025-06-20T17:51:30,Sky Skimmer (yellow),2,0
354,Puffin,2025-06-20T17:51:30,Tough Old Wrench (yellow),1,0
354,Puffin,2025-06-20T17:51:30,Walk the Plank (yellow),1,0
354,Puffin,2025-06-20T17:51:30,Cloud City Steamboat (blue),1,0
354,Puffin,2025-06-20T17:51:30,Cloud Skiff (blue),2,0
354,Puffin,2025-06-20T17:51:30,Divvy Up (blue),1,0
354,Puffin,2025-06-20T17:51:30,Lubricate (blue),1,0
354,Puffin,2025-06-20T17:51:30,Mutiny on the Nimbus Sovereign (blue),1,0
354,Puffin,2025-06-20T17:51:30,Sky Skimmer (blue),1,0
354,Puffin,2025-06-20T17:51:30,Strike Gold (blue),1,0
354,Puffin,2025-06-20T17:51:30,Swiftwater Sloop (blue),1,0
354,Puffin,2025-06-20T17:51:30,Tough Old Wrench (blue),1,0
354,Puffin,2025-06-20T17:51:30,Blue Sea Tricorn,1,1
354,Puffin,2025-06-20T17:51:30,Rust Belt,1,1
355,Marlynn,2025-06-20T21:22:42,Entangling Shot (red),1,0
355,Marlynn,2025-06-20T21:22:42,Expedition to Azuro Keys (red),1,0
355,Marlynn,2025-06-20T21:22:42,Expedition to Blackwater Strait (red),1,0
355,Marlynn,2025-06-20T21:22:42,Golden Tipple (red),1,0
355,Marlynn,2025-06-20T21:22:42,Life for a Life (red),1,0
355,Marlynn,2025-06-20T21:22:42,Nettling Shot (red),1,0
355,Marlynn,2025-06-20T21:22:42,Scar for a Scar (red),1,0
355,Marlynn,2025-06-20T21:22:42,Sic 'Em Shot (red),2,0
355,Marlynn,2025-06-20T21:22:42,Battalion Barque (yellow),2,0
355,Marlynn,2025-06-20T21:22:42,Crash Down the Gates (yellow),1,0
355,Marlynn,2025-06-20T21:22:42,Flying High (yellow),1,0
355,Marlynn,2025-06-20T21:22:42,Gold Hunter Longboat (yellow),1,0
355,Marlynn,2025-06-20T21:22:42,Gold Hunter Marauder (yellow),1,0
355,Marlynn,2025-06-20T21:22:42,Golden Tipple (yellow),1,0
355,Marlynn,2025-06-20T21:22:42,Head Shot (yellow),1,0
355,Marlynn,2025-06-20T21:22:42,Chart a Course (yellow),1,0
355,Marlynn,2025-06-20T21:22:42,Rally the Coast Guard (yellow),1,0
355,Marlynn,2025-06-20T21:22:42,Sic 'Em Shot (yellow),2,0
355,Marlynn,2025-06-20T21:22:42,Walk the Plank (yellow),1,0
355,Marlynn,2025-06-20T21:22:42,Head Shot (blue),1,0
355,Marlynn,2025-06-20T21:22:42,Money or Your Life? (blue),1,0
355,Marlynn,2025-06-20T21:22:42,Murderous Rabble (blue),1,0
355,Marlynn,2025-06-20T21:22:42,Mutiny on the Battalion Barque (blue),1,0
355,Marlynn,2025-06-20T21:22:42,Mutiny on the Nimbus Sovereign (blue),1,0
355,Marlynn,2025-06-20T21:22:42,Mutiny on the Swiftwater (blue),1,0
355,Marlynn,2025-06-20T21:22:42,Nimblism (blue),1,0
355,Marlynn,2025-06-20T21:22:42,Regain Composure (blue),1,0
355,Marlynn,2025-06-20T21:22:42,Salvage Shot (blue),3,0
355,Marlynn,2025-06-20T21:22:42,Sirens of Safe Harbor (blue),2,0
355,Marlynn,2025-06-20T21:22:42,Glidewell Fins,1,1
355,Marlynn,2025-06-20T21:22:42,Old Knocker,1,1
355,Marlynn,2025-06-20T21:22:42,Peg Leg,1,1
355,Marlynn,2025-06-20T21:22:42,Quartermaster's Boots,1,1
356,Marlynn,2025-06-21T01:02:47,Call in the Big Guns (red),2,0
356,Marlynn,2025-06-21T01:02:47,Dry Powder Shot (red),1,0
356,Marlynn,2025-06-21T01:02:47,Expedition to Blackwater Strait (red),1,0
356,Marlynn,2025-06-21T01:02:47,Golden Tipple (red),1,0
356,Marlynn,2025-06-21T01:02:47,Jack Be Quick (red),1,0
356,Marlynn,2025-06-21T01:02:47,Monkey Powder (red),1,0
356,Marlynn,2025-06-21T01:02:47,Nettling Shot (red),1,0
356,Marlynn,2025-06-21T01:02:47,Nimblism (red),1,0
356,Marlynn,2025-06-21T01:02:47,Nimby (red),2,0
356,Marlynn,2025-06-21T01:02:47,Pilfer the Wreck (red),1,0
356,Marlynn,2025-06-21T01:02:47,Ravenous Rabble (red),2,0
356,Marlynn,2025-06-21T01:02:47,Scouting Shot (red),2,0
356,Marlynn,2025-06-21T01:02:47,Sic 'Em Shot (red),3,0
356,Marlynn,2025-06-21T01:02:47,Head Shot (yellow),1,0
356,Marlynn,2025-06-21T01:02:47,Sic 'Em Shot (yellow),1,0
356,Marlynn,2025-06-21T01:02:47,Head Shot (blue),3,0
356,Marlynn,2025-06-21T01:02:47,Mutiny on the Swiftwater (blue),1,0
356,Marlynn,2025-06-21T01:02:47,Nimblism (blue),2,0
356,Marlynn,2025-06-21T01:02:47,Nimby (blue),1,0
356,Marlynn,2025-06-21T01:02:47,Red Fin Harpoon (blue),1,0
356,Marlynn,2025-06-21T01:02:47,Rusty Harpoon (blue),1,0
356,Marlynn,2025-06-21T01:02:47,Sapphire Amulet (blue),1,0
356,Marlynn,2025-06-21T01:02:47,Old Knocker,1,1
356,Marlynn,2025-06-21T01:02:47,Patch the Hole,1,1
356,Marlynn,2025-06-21T01:02:47,Quick Clicks,1,1
356,Marlynn,2025-06-21T01:02:47,Swiftstrike Bracers,1,1
357,"Scurv, Stowaway",2025-06-21T02:43:18,Battalion Barque (red),1,0
357,"Scurv, Stowaway",2025-06-21T02:43:18,Blow for a Blow (red),2,0
357,"Scurv, Stowaway",2025-06-21T02:43:18,Expedition to Azuro Keys (red),2,0
357,"Scurv, Stowaway",2025-06-21T02:43:18,Jack Be Nimble (red),1,0
357,"Scurv, Stowaway",2025-06-21T02:43:18,Nimblism (red),3,0
357,"Scurv, Stowaway",2025-06-21T02:43:18,Nimby (red),1,0
357,"Scurv, Stowaway",2025-06-21T02:43:18,Rally the Coast Guard (red),1,0
357,"Scurv, Stowaway",2025-06-21T02:43:18,Ravenous Rabble (red),2,0
357,"Scurv, Stowaway",2025-06-21T02:43:18,Sirens of Safe Harbor (red),1,0
357,"Scurv, Stowaway",2025-06-21T02:43:18,Strike Gold (red),1,0
357,"Scurv, Stowaway",2025-06-21T02:43:18,Trade In (red),1,0
357,"Scurv, Stowaway",2025-06-21T02:43:18,Cracked Bauble (yellow),1,0
357,"Scurv, Stowaway",2025-06-21T02:43:18,HMS Kraken (yellow),1,0
357,"Scurv, Stowaway",2025-06-21T02:43:18,Rally the Coast Guard (yellow),1,0
357,"Scurv, Stowaway",2025-06-21T02:43:18,Sirens of Safe Harbor (yellow),1,0
357,"Scurv, Stowaway",2025-06-21T02:43:18,Strike Gold (yellow),1,0
357,"Scurv, Stowaway",2025-06-21T02:43:18,Trade In (yellow),1,0
357,"Scurv, Stowaway",2025-06-21T02:43:18,Walk the Plank (yellow),1,0
357,"Scurv, Stowaway",2025-06-21T02:43:18,Battalion Barque (blue),1,0
357,"Scurv, Stowaway",2025-06-21T02:43:18,Crash Down the Gates (blue),1,0
357,"Scurv, Stowaway",2025-06-21T02:43:18,Money or Your Life? (blue),1,0
357,"Scurv, Stowaway",2025-06-21T02:43:18,Strike Gold (blue),1,0
357,"Scurv, Stowaway",2025-06-21T02:43:18,Swindler's Grift (blue),1,0
357,"Scurv, Stowaway",2025-06-21T02:43:18,Walk the Plank (blue),2,0
357,"Scurv, Stowaway",2025-06-21T02:43:18,Fish Fingers,1,1
357,"Scurv, Stowaway",2025-06-21T02:43:18,Helmsman's Peak,1,1
357,"Scurv, Stowaway",2025-06-21T02:43:18,Light Fingers,1,1
357,"Scurv, Stowaway",2025-06-21T02:43:18,Old Knocker,1,1
357,"Scurv, Stowaway",2025-06-21T02:43:18,Quick Clicks,1,1
358,Puffin,2025-06-21T10:37:49,Battalion Barque (red),1,0
358,Puffin,2025-06-21T10:37:49,Cloud Skiff (red),1,0
358,Puffin,2025-06-21T10:37:49,Draw Back the Hammer (red),3,0
358,Puffin,2025-06-21T10:37:49,Goldwing Turbine (red),1,0
358,Puffin,2025-06-21T10:37:49,Chart a Course (red),1,0
358,Puffin,2025-06-21T10:37:49,Jack Be Quick (red),1,0
358,Puffin,2025-06-21T10:37:49,Nimby (red),1,0
358,Puffin,2025-06-21T10:37:49,Perk Up (red),2,0
358,Puffin,2025-06-21T10:37:49,Sky Skimmer (red),3,0
358,Puffin,2025-06-21T10:37:49,Teeth of the Cog (red),2,0
358,Puffin,2025-06-21T10:37:49,Tough Old Wrench (red),2,0
358,Puffin,2025-06-21T10:37:49,Goldwing Turbine (yellow),3,0
358,Puffin,2025-06-21T10:37:49,On the Horizon (yellow),1,0
358,Puffin,2025-06-21T10:37:49,Sky Skimmer (yellow),2,0
358,Puffin,2025-06-21T10:37:49,Tough Old Wrench (yellow),1,0
358,Puffin,2025-06-21T10:37:49,Cloud Skiff (blue),2,0
358,Puffin,2025-06-21T10:37:49,Cogwerx Zeppelin (blue),2,0
358,Puffin,2025-06-21T10:37:49,Goldwing Turbine (blue),1,0
358,Puffin,2025-06-21T10:37:49,Mutiny on the Swiftwater (blue),2,0
358,Puffin,2025-06-21T10:37:49,Sky Skimmer (blue),2,0
358,Puffin,2025-06-21T10:37:49,Teeth of the Cog (blue),2,0
358,Puffin,2025-06-21T10:37:49,Fish Fingers,1,1
358,Puffin,2025-06-21T10:37:49,Helmsman's Peak,1,1
358,Puffin,2025-06-21T10:37:49,Quartermaster's Boots,1,1
358,Puffin,2025-06-21T10:37:49,Rust Belt,1,1
358,Puffin,2025-06-21T10:37:49,Unicycle,1,1
359,Gravy Bones,2025-06-21T16:17:27,Blow for a Blow (red),1,0
359,Gravy Bones,2025-06-21T16:17:27,Board the Ship (red),1,0
359,Gravy Bones,2025-06-21T16:17:27,Burly Bones (red),1,0
359,Gravy Bones,2025-06-21T16:17:27,Expedition to Dreadfall Reach (red),1,0
359,Gravy Bones,2025-06-21T16:17:27,Golden Tipple (red),1,0
359,Gravy Bones,2025-06-21T16:17:27,Hoist 'Em Up (red),1,0
359,Gravy Bones,2025-06-21T16:17:27,Jittery Bones (red),1,0
359,Gravy Bones,2025-06-21T16:17:27,Paddle Faster (red),1,0
359,Gravy Bones,2025-06-21T16:17:27,Strike Gold (red),1,0
359,Gravy Bones,2025-06-21T16:17:27,Walk the Plank (red),1,0
359,Gravy Bones,2025-06-21T16:17:27,"Cutty Shark, Quick Clip (yellow)",1,0
359,Gravy Bones,2025-06-21T16:17:27,Gold Hunter Lightsail (yellow),1,0
359,Gravy Bones,2025-06-21T16:17:27,Chart a Course (yellow),2,0
359,Gravy Bones,2025-06-21T16:17:27,"Chowder, Hearty Cook (yellow)",1,0
359,Gravy Bones,2025-06-21T16:17:27,Jittery Bones (yellow),1,0
359,Gravy Bones,2025-06-21T16:17:27,"Limpit, Hop-a-long (yellow)",1,0
359,Gravy Bones,2025-06-21T16:17:27,Restless Bones (yellow),2,0
359,Gravy Bones,2025-06-21T16:17:27,Riggermortis (yellow),1,0
359,Gravy Bones,2025-06-21T16:17:27,"Shelly, Hardened Traveler (yellow)",2,0
359,Gravy Bones,2025-06-21T16:17:27,Sirens of Safe Harbor (yellow),1,0
359,Gravy Bones,2025-06-21T16:17:27,Strike Gold (yellow),1,0
359,Gravy Bones,2025-06-21T16:17:27,Trade In (yellow),1,0
359,Gravy Bones,2025-06-21T16:17:27,Walk the Plank (yellow),1,0
359,Gravy Bones,2025-06-21T16:17:27,Avast Ye! (blue),1,0
359,Gravy Bones,2025-06-21T16:17:27,Burly Bones (blue),1,0
359,Gravy Bones,2025-06-21T16:17:27,Jittery Bones (blue),1,0
359,Gravy Bones,2025-06-21T16:17:27,Mutiny on the Swiftwater (blue),2,0
359,Gravy Bones,2025-06-21T16:17:27,Nimblism (blue),1,0
359,Gravy Bones,2025-06-21T16:17:27,On the Horizon (blue),1,0
359,Gravy Bones,2025-06-21T16:17:27,Restless Bones (blue),1,0
359,Gravy Bones,2025-06-21T16:17:27,Shifting Tides (blue),1,0
359,Gravy Bones,2025-06-21T16:17:27,Swiftwater Sloop (blue),1,0
359,Gravy Bones,2025-06-21T16:17:27,Tit for Tat (blue),1,0
359,Gravy Bones,2025-06-21T16:17:27,Trade In (blue),1,0
359,Gravy Bones,2025-06-21T16:17:27,Captain's Coat,1,1
359,Gravy Bones,2025-06-21T16:17:27,Head Stone,1,1
359,Gravy Bones,2025-06-21T16:17:27,Washed Up Wave,1,1
360,Puffin,2025-06-21T17:47:05,Cloud Skiff (red),3,0
360,Puffin,2025-06-21T17:47:05,Cogwerx Zeppelin (red),1,0
360,Puffin,2025-06-21T17:47:05,Crash Down the Gates (red),1,0
360,Puffin,2025-06-21T17:47:05,Draw Back the Hammer (red),1,0
360,Puffin,2025-06-21T17:47:05,Goldwing Turbine (red),3,0
360,Puffin,2025-06-21T17:47:05,Perk Up (red),1,0
360,Puffin,2025-06-21T17:47:05,Rally the Coast Guard (red),1,0
360,Puffin,2025-06-21T17:47:05,Sky Skimmer (red),3,0
360,Puffin,2025-06-21T17:47:05,Teeth of the Cog (red),2,0
360,Puffin,2025-06-21T17:47:05,Tighten the Screws (red),3,0
360,Puffin,2025-06-21T17:47:05,Tough Old Wrench (red),1,0
360,Puffin,2025-06-21T17:47:05,Cloud City Steamboat (yellow),1,0
360,Puffin,2025-06-21T17:47:05,Cloud Skiff (yellow),2,0
360,Puffin,2025-06-21T17:47:05,Gold Hunter Lightsail (yellow),1,0
360,Puffin,2025-06-21T17:47:05,Chart a Course (yellow),1,0
360,Puffin,2025-06-21T17:47:05,Nimby (yellow),1,0
360,Puffin,2025-06-21T17:47:05,Teeth of the Cog (yellow),1,0
360,Puffin,2025-06-21T17:47:05,Cloud City Steamboat (blue),1,0
360,Puffin,2025-06-21T17:47:05,Cloud Skiff (blue),2,0
360,Puffin,2025-06-21T17:47:05,Goldwing Turbine (blue),2,0
360,Puffin,2025-06-21T17:47:05,Mutiny on the Swiftwater (blue),1,0
360,Puffin,2025-06-21T17:47:05,On the Horizon (blue),2,0
360,Puffin,2025-06-21T17:47:05,Sirens of Safe Harbor (blue),1,0
360,Puffin,2025-06-21T17:47:05,Sky Skimmer (blue),1,0
360,Puffin,2025-06-21T17:47:05,Teeth of the Cog (blue),2,0
360,Puffin,2025-06-21T17:47:05,Tough Old Wrench (blue),1,0
360,Puffin,2025-06-21T17:47:05,Rust Belt,1,1
360,Puffin,2025-06-21T17:47:05,Unicycle,1,1
361,Puffin,2025-06-22T21:10:39,Cloud City Steamboat (red),1,0
361,Puffin,2025-06-22T21:10:39,Cloud Skiff (red),2,0
361,Puffin,2025-06-22T21:10:39,Cogwerx Zeppelin (red),1,0
361,Puffin,2025-06-22T21:10:39,Chart a Course (red),1,0
361,Puffin,2025-06-22T21:10:39,Nimblism (red),1,0
361,Puffin,2025-06-22T21:10:39,Nimby (red),1,0
361,Puffin,2025-06-22T21:10:39,On the Horizon (red),1,0
361,Puffin,2025-06-22T21:10:39,Perk Up (red),2,0
361,Puffin,2025-06-22T21:10:39,Sky Skimmer (red),1,0
361,Puffin,2025-06-22T21:10:39,Teeth of the Cog (red),1,0
361,Puffin,2025-06-22T21:10:39,Trade In (red),1,0
361,Puffin,2025-06-22T21:10:39,Cogwerx Zeppelin (yellow),2,0
361,Puffin,2025-06-22T21:10:39,Fiddler's Green (yellow),1,0
361,Puffin,2025-06-22T21:10:39,Gold Hunter Lightsail (yellow),1,0
361,Puffin,2025-06-22T21:10:39,Lost in Transit (yellow),1,0
361,Puffin,2025-06-22T21:10:39,Sirens of Safe Harbor (yellow),2,0
361,Puffin,2025-06-22T21:10:39,Cloud City Steamboat (blue),2,0
361,Puffin,2025-06-22T21:10:39,Cloud Skiff (blue),1,0
361,Puffin,2025-06-22T21:10:39,Money or Your Life? (blue),1,0
361,Puffin,2025-06-22T21:10:39,Mutiny on the Battalion Barque (blue),1,0
361,Puffin,2025-06-22T21:10:39,Nimblism (blue),1,0
361,Puffin,2025-06-22T21:10:39,Nimby (blue),1,0
361,Puffin,2025-06-22T21:10:39,Teeth of the Cog (blue),2,0
361,Puffin,2025-06-22T21:10:39,Trade In (blue),1,0
361,Puffin,2025-06-22T21:10:39,Walk the Plank (blue),1,0
361,Puffin,2025-06-22T21:10:39,Blue Sea Tricorn,1,1
361,Puffin,2025-06-22T21:10:39,Peg Leg,1,1
361,Puffin,2025-06-22T21:10:39,Quick Clicks,1,1
361,Puffin,2025-06-22T21:10:39,Swiftstrike Bracers,1,1
361,Puffin,2025-06-22T21:10:39,Unicycle,1,1
362,Puffin,2025-06-22T21:50:28,Draw Back the Hammer (red),2,0
362,Puffin,2025-06-22T21:50:28,Goldwing Turbine (red),2,0
362,Puffin,2025-06-22T21:50:28,Life for a Life (red),1,0
362,Puffin,2025-06-22T21:50:28,Nimblism (red),1,0
362,Puffin,2025-06-22T21:50:28,Perk Up (red),1,0
362,Puffin,2025-06-22T21:50:28,Ravenous Rabble (red),1,0
362,Puffin,2025-06-22T21:50:28,Sky Skimmer (red),1,0
362,Puffin,2025-06-22T21:50:28,Teeth of the Cog (red),1,0
362,Puffin,2025-06-22T21:50:28,Tough Old Wrench (red),2,0
362,Puffin,2025-06-22T21:50:28,Cloud City Steamboat (yellow),1,0
362,Puffin,2025-06-22T21:50:28,Cloud Skiff (yellow),2,0
362,Puffin,2025-06-22T21:50:28,Cogwerx Zeppelin (yellow),1,0
362,Puffin,2025-06-22T21:50:28,Golden Tipple (yellow),1,0
362,Puffin,2025-06-22T21:50:28,Goldwing Turbine (yellow),1,0
362,Puffin,2025-06-22T21:50:28,Chart a Course (yellow),1,0
362,Puffin,2025-06-22T21:50:28,Lost in Transit (yellow),1,0
362,Puffin,2025-06-22T21:50:28,Nimby (yellow),1,0
362,Puffin,2025-06-22T21:50:28,On the Horizon (yellow),1,0
362,Puffin,2025-06-22T21:50:28,Sky Skimmer (yellow),2,0
362,Puffin,2025-06-22T21:50:28,Swindler's Grift (yellow),1,0
362,Puffin,2025-06-22T21:50:28,Walk the Plank (yellow),1,0
362,Puffin,2025-06-22T21:50:28,Cogwerx Zeppelin (blue),1,0
362,Puffin,2025-06-22T21:50:28,Copper Cog (blue),1,0
362,Puffin,2025-06-22T21:50:28,Mutiny on the Swiftwater (blue),1,0
362,Puffin,2025-06-22T21:50:28,Nimblism (blue),1,0
362,Puffin,2025-06-22T21:50:28,On the Horizon (blue),1,0
362,Puffin,2025-06-22T21:50:28,Rally the Coast Guard (blue),1,0
362,Puffin,2025-06-22T21:50:28,Regain Composure (blue),1,0
362,Puffin,2025-06-22T21:50:28,Teeth of the Cog (blue),1,0
362,Puffin,2025-06-22T21:50:28,Rust Belt,1,1
362,Puffin,2025-06-22T21:50:28,Swiftstrike Bracers,1,1
362,Puffin,2025-06-22T21:50:28,Unicycle,1,1
363,Gravy Bones,2025-06-22T23:49:20,Angry Bones (red),2,0
363,Gravy Bones,2025-06-22T23:49:20,Blood in the Water (red),2,0
363,Gravy Bones,2025-06-22T23:49:20,Burly Bones (red),1,0
363,Gravy Bones,2025-06-22T23:49:20,Expedition to Dreadfall Reach (red),1,0
363,Gravy Bones,2025-06-22T23:49:20,Jittery Bones (red),1,0
363,Gravy Bones,2025-06-22T23:49:20,On the Horizon (red),1,0
363,Gravy Bones,2025-06-22T23:49:20,Rally the Coast Guard (red),1,0
363,Gravy Bones,2025-06-22T23:49:20,Swiftwater Sloop (red),1,0
363,Gravy Bones,2025-06-22T23:49:20,Trade In (red),1,0
363,Gravy Bones,2025-06-22T23:49:20,Angry Bones (yellow),1,0
363,Gravy Bones,2025-06-22T23:49:20,Barnacle (yellow),1,0
363,Gravy Bones,2025-06-22T23:49:20,"Cutty Shark, Quick Clip (yellow)",3,0
363,Gravy Bones,2025-06-22T23:49:20,HMS Marlin (yellow),1,0
363,Gravy Bones,2025-06-22T23:49:20,"Chowder, Hearty Cook (yellow)",1,0
363,Gravy Bones,2025-06-22T23:49:20,"Chum, Friendly First Mate (yellow)",1,0
363,Gravy Bones,2025-06-22T23:49:20,Jittery Bones (yellow),1,0
363,Gravy Bones,2025-06-22T23:49:20,Money or Your Life? (yellow),1,0
363,Gravy Bones,2025-06-22T23:49:20,"Shelly, Hardened Traveler (yellow)",1,0
363,Gravy Bones,2025-06-22T23:49:20,Strike Gold (yellow),1,0
363,Gravy Bones,2025-06-22T23:49:20,Swabbie (yellow),1,0
363,Gravy Bones,2025-06-22T23:49:20,Angry Bones (blue),2,0
363,Gravy Bones,2025-06-22T23:49:20,Burly Bones (blue),1,0
363,Gravy Bones,2025-06-22T23:49:20,Flying High (blue),1,0
363,Gravy Bones,2025-06-22T23:49:20,Golden Tipple (blue),2,0
363,Gravy Bones,2025-06-22T23:49:20,Mutiny on the Nimbus Sovereign (blue),1,0
363,Gravy Bones,2025-06-22T23:49:20,Mutiny on the Swiftwater (blue),1,0
363,Gravy Bones,2025-06-22T23:49:20,Pilfer the Wreck (blue),1,0
363,Gravy Bones,2025-06-22T23:49:20,Scrub the Deck (blue),1,0
363,Gravy Bones,2025-06-22T23:49:20,Sirens of Safe Harbor (blue),1,0
363,Gravy Bones,2025-06-22T23:49:20,Tit for Tat (blue),1,0
363,Gravy Bones,2025-06-22T23:49:20,Walk the Plank (blue),1,0
363,Gravy Bones,2025-06-22T23:49:20,Head Stone,1,1
363,Gravy Bones,2025-06-22T23:49:20,Peg Leg,1,1
363,Gravy Bones,2025-06-22T23:49:20,Washed Up Wave,1,1
364,Marlynn,2025-06-23T03:46:39,Call in the Big Guns (red),1,0
364,Marlynn,2025-06-23T03:46:39,Dry Powder Shot (red),1,0
364,Marlynn,2025-06-23T03:46:39,Entangling Shot (red),2,0
364,Marlynn,2025-06-23T03:46:39,Fire in the Hole (red),1,0
364,Marlynn,2025-06-23T03:46:39,Head Shot (red),1,0
364,Marlynn,2025-06-23T03:46:39,Nettling Shot (red),2,0
364,Marlynn,2025-06-23T03:46:39,Nimblism (red),2,0
364,Marlynn,2025-06-23T03:46:39,Salvage Shot (red),1,0
364,Marlynn,2025-06-23T03:46:39,Golden Tipple (yellow),1,0
364,Marlynn,2025-06-23T03:46:39,Head Shot (yellow),2,0
364,Marlynn,2025-06-23T03:46:39,HMS Kraken (yellow),1,0
364,Marlynn,2025-06-23T03:46:39,Swindler's Grift (yellow),1,0
364,Marlynn,2025-06-23T03:46:39,Blue Fin Harpoon (blue),1,0
364,Marlynn,2025-06-23T03:46:39,Call in the Big Guns (blue),1,0
364,Marlynn,2025-06-23T03:46:39,Flying High (blue),1,0
364,Marlynn,2025-06-23T03:46:39,Hook (blue),1,0
364,Marlynn,2025-06-23T03:46:39,Chart a Course (blue),1,0
364,Marlynn,2025-06-23T03:46:39,Line (blue),1,0
364,Marlynn,2025-06-23T03:46:39,Mutiny on the Swiftwater (blue),1,0
364,Marlynn,2025-06-23T03:46:39,Nimby (blue),1,0
364,Marlynn,2025-06-23T03:46:39,Rusty Harpoon (blue),1,0
364,Marlynn,2025-06-23T03:46:39,Salvage Shot (blue),2,0
364,Marlynn,2025-06-23T03:46:39,Shifting Tides (blue),2,0
364,Marlynn,2025-06-23T03:46:39,Sic 'Em Shot (blue),1,0
364,Marlynn,2025-06-23T03:46:39,Swindler's Grift (blue),1,0
364,Marlynn,2025-06-23T03:46:39,Old Knocker,1,1
364,Marlynn,2025-06-23T03:46:39,Patch the Hole,1,1
364,Marlynn,2025-06-23T03:46:39,Quick Clicks,1,1
364,Marlynn,2025-06-23T03:46:39,Swiftstrike Bracers,1,1
365,Gravy Bones,2025-06-23T16:55:45,Battalion Barque (red),2,0
365,Gravy Bones,2025-06-23T16:55:45,Burly Bones (red),2,0
365,Gravy Bones,2025-06-23T16:55:45,Expedition to Azuro Keys (red),1,0
365,Gravy Bones,2025-06-23T16:55:45,Restless Bones (red),1,0
365,Gravy Bones,2025-06-23T16:55:45,Swindler's Grift (red),1,0
365,Gravy Bones,2025-06-23T16:55:45,Angry Bones (yellow),1,0
365,Gravy Bones,2025-06-23T16:55:45,Barnacle (yellow),1,0
365,Gravy Bones,2025-06-23T16:55:45,Burly Bones (yellow),1,0
365,Gravy Bones,2025-06-23T16:55:45,"Cutty Shark, Quick Clip (yellow)",3,0
365,Gravy Bones,2025-06-23T16:55:45,Flying High (yellow),1,0
365,Gravy Bones,2025-06-23T16:55:45,Golden Tipple (yellow),1,0
365,Gravy Bones,2025-06-23T16:55:45,Jittery Bones (yellow),2,0
365,Gravy Bones,2025-06-23T16:55:45,On the Horizon (yellow),1,0
365,Gravy Bones,2025-06-23T16:55:45,Rally the Coast Guard (yellow),1,0
365,Gravy Bones,2025-06-23T16:55:45,Riggermortis (yellow),2,0
365,Gravy Bones,2025-06-23T16:55:45,"Shelly, Hardened Traveler (yellow)",1,0
365,Gravy Bones,2025-06-23T16:55:45,Burly Bones (blue),2,0
365,Gravy Bones,2025-06-23T16:55:45,Crash Down the Gates (blue),1,0
365,Gravy Bones,2025-06-23T16:55:45,Golden Tipple (blue),2,0
365,Gravy Bones,2025-06-23T16:55:45,Jittery Bones (blue),2,0
365,Gravy Bones,2025-06-23T16:55:45,Mutiny on the Battalion Barque (blue),1,0
365,Gravy Bones,2025-06-23T16:55:45,Mutiny on the Nimbus Sovereign (blue),1,0
365,Gravy Bones,2025-06-23T16:55:45,On the Horizon (blue),1,0
365,Gravy Bones,2025-06-23T16:55:45,Saltwater Swell (blue),1,0
365,Gravy Bones,2025-06-23T16:55:45,Scrub the Deck (blue),1,0
365,Gravy Bones,2025-06-23T16:55:45,Sirens of Safe Harbor (blue),1,0
365,Gravy Bones,2025-06-23T16:55:45,Trade In (blue),1,0
365,Gravy Bones,2025-06-23T16:55:45,Yo Ho Ho! (blue),1,0
365,Gravy Bones,2025-06-23T16:55:45,Buccaneer's Bounty,1,1
365,Gravy Bones,2025-06-23T16:55:45,Captain's Coat,1,1
365,Gravy Bones,2025-06-23T16:55:45,Head Stone,1,1
366,Gravy Bones,2025-06-23T17:07:03,Angry Bones (red),1,0
366,Gravy Bones,2025-06-23T17:07:03,Burly Bones (red),1,0
366,Gravy Bones,2025-06-23T17:07:03,Hoist 'Em Up (red),1,0
366,Gravy Bones,2025-06-23T17:07:03,Jittery Bones (red),2,0
366,Gravy Bones,2025-06-23T17:07:03,Rally the Coast Guard (red),1,0
366,Gravy Bones,2025-06-23T17:07:03,Restless Bones (red),4,0
366,Gravy Bones,2025-06-23T17:07:03,Barnacle (yellow),1,0
366,Gravy Bones,2025-06-23T17:07:03,Battalion Barque (yellow),1,0
366,Gravy Bones,2025-06-23T17:07:03,"Cutty Shark, Quick Clip (yellow)",1,0
366,Gravy Bones,2025-06-23T17:07:03,"Chowder, Hearty Cook (yellow)",1,0
366,Gravy Bones,2025-06-23T17:07:03,"Limpit, Hop-a-long (yellow)",1,0
366,Gravy Bones,2025-06-23T17:07:03,"Scooba, Salty Sea Dog (yellow)",1,0
366,Gravy Bones,2025-06-23T17:07:03,Swabbie (yellow),1,0
366,Gravy Bones,2025-06-23T17:07:03,Angry Bones (blue),1,0
366,Gravy Bones,2025-06-23T17:07:03,Burly Bones (blue),2,0
366,Gravy Bones,2025-06-23T17:07:03,Give No Quarter (blue),1,0
366,Gravy Bones,2025-06-23T17:07:03,Heave Ho! (blue),1,0
366,Gravy Bones,2025-06-23T17:07:03,Chart a Course (blue),2,0
366,Gravy Bones,2025-06-23T17:07:03,Jittery Bones (blue),1,0
366,Gravy Bones,2025-06-23T17:07:03,Restless Bones (blue),2,0
366,Gravy Bones,2025-06-23T17:07:03,Sea Floor Salvage (blue),1,0
366,Gravy Bones,2025-06-23T17:07:03,Sirens of Safe Harbor (blue),1,0
366,Gravy Bones,2025-06-23T17:07:03,Yo Ho Ho! (blue),1,0
366,Gravy Bones,2025-06-23T17:07:03,Captain's Coat,1,1
366,Gravy Bones,2025-06-23T17:07:03,Fish Fingers,1,1
366,Gravy Bones,2025-06-23T17:07:03,Head Stone,1,1
367,Gravy Bones,2025-06-23T18:07:29,Battalion Barque (red),1,0
367,Gravy Bones,2025-06-23T18:07:29,Blow for a Blow (red),1,0
367,Gravy Bones,2025-06-23T18:07:29,Board the Ship (red),1,0
367,Gravy Bones,2025-06-23T18:07:29,Golden Tipple (red),1,0
367,Gravy Bones,2025-06-23T18:07:29,Hoist 'Em Up (red),1,0
367,Gravy Bones,2025-06-23T18:07:29,Chart a Course (red),2,0
367,Gravy Bones,2025-06-23T18:07:29,Jittery Bones (red),3,0
367,Gravy Bones,2025-06-23T18:07:29,On the Horizon (red),1,0
367,Gravy Bones,2025-06-23T18:07:29,Restless Bones (red),1,0
367,Gravy Bones,2025-06-23T18:07:29,Burly Bones (yellow),1,0
367,Gravy Bones,2025-06-23T18:07:29,"Cutty Shark, Quick Clip (yellow)",1,0
367,Gravy Bones,2025-06-23T18:07:29,Flying High (yellow),1,0
367,Gravy Bones,2025-06-23T18:07:29,"Chowder, Hearty Cook (yellow)",1,0
367,Gravy Bones,2025-06-23T18:07:29,Jittery Bones (yellow),2,0
367,Gravy Bones,2025-06-23T18:07:29,"Limpit, Hop-a-long (yellow)",1,0
367,Gravy Bones,2025-06-23T18:07:29,Riggermortis (yellow),3,0
367,Gravy Bones,2025-06-23T18:07:29,"Shelly, Hardened Traveler (yellow)",1,0
367,Gravy Bones,2025-06-23T18:07:29,Trade In (yellow),1,0
367,Gravy Bones,2025-06-23T18:07:29,Angry Bones (blue),1,0
367,Gravy Bones,2025-06-23T18:07:29,Burly Bones (blue),1,0
367,Gravy Bones,2025-06-23T18:07:29,Jittery Bones (blue),2,0
367,Gravy Bones,2025-06-23T18:07:29,Mutiny on the Battalion Barque (blue),1,0
367,Gravy Bones,2025-06-23T18:07:29,Pearl Amulet (blue),1,0
367,Gravy Bones,2025-06-23T18:07:29,Restless Bones (blue),1,0
367,Gravy Bones,2025-06-23T18:07:29,Swiftwater Sloop (blue),1,0
367,Gravy Bones,2025-06-23T18:07:29,Throw Caution to the Wind (blue),1,0
367,Gravy Bones,2025-06-23T18:07:29,Trade In (blue),1,0
367,Gravy Bones,2025-06-23T18:07:29,Yo Ho Ho! (blue),1,0
367,Gravy Bones,2025-06-23T18:07:29,Buccaneer's Bounty,1,1
367,Gravy Bones,2025-06-23T18:07:29,Head Stone,1,1
367,Gravy Bones,2025-06-23T18:07:29,Washed Up Wave,1,1
368,Puffin,2025-06-23T18:38:21,Cloud Skiff (red),1,0
368,Puffin,2025-06-23T18:38:21,Crash Down the Gates (red),1,0
368,Puffin,2025-06-23T18:38:21,Flying High (red),1,0
368,Puffin,2025-06-23T18:38:21,Goldwing Turbine (red),2,0
368,Puffin,2025-06-23T18:38:21,Life for a Life (red),1,0
368,Puffin,2025-06-23T18:38:21,Nimblism (red),2,0
368,Puffin,2025-06-23T18:38:21,On the Horizon (red),2,0
368,Puffin,2025-06-23T18:38:21,Scar for a Scar (red),1,0
368,Puffin,2025-06-23T18:38:21,Sirens of Safe Harbor (red),2,0
368,Puffin,2025-06-23T18:38:21,Sky Skimmer (red),1,0
368,Puffin,2025-06-23T18:38:21,Teeth of the Cog (red),4,0
368,Puffin,2025-06-23T18:38:21,Cloud Skiff (yellow),2,0
368,Puffin,2025-06-23T18:38:21,Goldwing Turbine (yellow),2,0
368,Puffin,2025-06-23T18:38:21,Rally the Coast Guard (yellow),1,0
368,Puffin,2025-06-23T18:38:21,Sky Skimmer (yellow),1,0
368,Puffin,2025-06-23T18:38:21,Swindler's Grift (yellow),1,0
368,Puffin,2025-06-23T18:38:21,Teeth of the Cog (yellow),1,0
368,Puffin,2025-06-23T18:38:21,Cloud City Steamboat (blue),1,0
368,Puffin,2025-06-23T18:38:21,Cloud Skiff (blue),2,0
368,Puffin,2025-06-23T18:38:21,Copper Cog (blue),2,0
368,Puffin,2025-06-23T18:38:21,Goldwing Turbine (blue),1,0
368,Puffin,2025-06-23T18:38:21,Sky Skimmer (blue),2,0
368,Puffin,2025-06-23T18:38:21,Strike Gold (blue),1,0
368,Puffin,2025-06-23T18:38:21,Tough Old Wrench (blue),3,0
368,Puffin,2025-06-23T18:38:21,Helmsman's Peak,1,1
368,Puffin,2025-06-23T18:38:21,Rust Belt,1,1
368,Puffin,2025-06-23T18:38:21,Swiftstrike Bracers,1,1
368,Puffin,2025-06-23T18:38:21,Unicycle,1,1
369,Gravy Bones,2025-06-23T19:36:13,Expedition to Horizon's Mantle (red),1,0
369,Gravy Bones,2025-06-23T19:36:13,Fiddler's Green (red),1,0
369,Gravy Bones,2025-06-23T19:36:13,Hoist 'Em Up (red),1,0
369,Gravy Bones,2025-06-23T19:36:13,Life for a Life (red),1,0
369,Gravy Bones,2025-06-23T19:36:13,Sirens of Safe Harbor (red),1,0
369,Gravy Bones,2025-06-23T19:36:13,Walk the Plank (red),1,0
369,Gravy Bones,2025-06-23T19:36:13,"Cutty Shark, Quick Clip (yellow)",1,0
369,Gravy Bones,2025-06-23T19:36:13,Fiddler's Green (yellow),1,0
369,Gravy Bones,2025-06-23T19:36:13,"Chowder, Hearty Cook (yellow)",1,0
369,Gravy Bones,2025-06-23T19:36:13,Jittery Bones (yellow),1,0
369,Gravy Bones,2025-06-23T19:36:13,"Kelpie, Tangled Mess (yellow)",1,0
369,Gravy Bones,2025-06-23T19:36:13,"Limpit, Hop-a-long (yellow)",1,0
369,Gravy Bones,2025-06-23T19:36:13,Restless Bones (yellow),2,0
369,Gravy Bones,2025-06-23T19:36:13,Riggermortis (yellow),2,0
369,Gravy Bones,2025-06-23T19:36:13,Swabbie (yellow),2,0
369,Gravy Bones,2025-06-23T19:36:13,Battalion Barque (blue),1,0
369,Gravy Bones,2025-06-23T19:36:13,Clap 'Em in Irons (blue),1,0
369,Gravy Bones,2025-06-23T19:36:13,Heave Ho! (blue),1,0
369,Gravy Bones,2025-06-23T19:36:13,Chart the High Seas (blue),1,0
369,Gravy Bones,2025-06-23T19:36:13,Jittery Bones (blue),2,0
369,Gravy Bones,2025-06-23T19:36:13,Mutiny on the Battalion Barque (blue),1,0
369,Gravy Bones,2025-06-23T19:36:13,Mutiny on the Nimbus Sovereign (blue),1,0
369,Gravy Bones,2025-06-23T19:36:13,Mutiny on the Swiftwater (blue),2,0
369,Gravy Bones,2025-06-23T19:36:13,Rally the Coast Guard (blue),1,0
369,Gravy Bones,2025-06-23T19:36:13,Restless Bones (blue),1,0
369,Gravy Bones,2025-06-23T19:36:13,Bandana of the Blue Beyond,1,1
369,Gravy Bones,2025-06-23T19:36:13,Buccaneer's Bounty,1,1
369,Gravy Bones,2025-06-23T19:36:13,Fish Fingers,1,1
370,Gravy Bones,2025-06-23T21:02:47,Angry Bones (red),2,0
370,Gravy Bones,2025-06-23T21:02:47,Expedition to Blackwater Strait (red),1,0
370,Gravy Bones,2025-06-23T21:02:47,Golden Tipple (red),2,0
370,Gravy Bones,2025-06-23T21:02:47,Hoist 'Em Up (red),1,0
370,Gravy Bones,2025-06-23T21:02:47,Paddle Faster (red),1,0
370,Gravy Bones,2025-06-23T21:02:47,Strike Gold (red),1,0
370,Gravy Bones,2025-06-23T21:02:47,Angry Bones (yellow),2,0
370,Gravy Bones,2025-06-23T21:02:47,Barnacle (yellow),1,0
370,Gravy Bones,2025-06-23T21:02:47,"Cutty Shark, Quick Clip (yellow)",2,0
370,Gravy Bones,2025-06-23T21:02:47,Flying High (yellow),1,0
370,Gravy Bones,2025-06-23T21:02:47,Golden Tipple (yellow),1,0
370,Gravy Bones,2025-06-23T21:02:47,Rally the Coast Guard (yellow),1,0
370,Gravy Bones,2025-06-23T21:02:47,Restless Bones (yellow),1,0
370,Gravy Bones,2025-06-23T21:02:47,Riggermortis (yellow),1,0
370,Gravy Bones,2025-06-23T21:02:47,"Scooba, Salty Sea Dog (yellow)",1,0
370,Gravy Bones,2025-06-23T21:02:47,"Shelly, Hardened Traveler (yellow)",1,0
370,Gravy Bones,2025-06-23T21:02:47,Sirens of Safe Harbor (yellow),1,0
370,Gravy Bones,2025-06-23T21:02:47,Swabbie (yellow),1,0
370,Gravy Bones,2025-06-23T21:02:47,Trade In (yellow),1,0
370,Gravy Bones,2025-06-23T21:02:47,Angry Bones (blue),1,0
370,Gravy Bones,2025-06-23T21:02:47,Avast Ye! (blue),1,0
370,Gravy Bones,2025-06-23T21:02:47,Battalion Barque (blue),1,0
370,Gravy Bones,2025-06-23T21:02:47,Crash Down the Gates (blue),1,0
370,Gravy Bones,2025-06-23T21:02:47,Golden Tipple (blue),1,0
370,Gravy Bones,2025-06-23T21:02:47,Chart a Course (blue),1,0
370,Gravy Bones,2025-06-23T21:02:47,Money or Your Life? (blue),1,0
370,Gravy Bones,2025-06-23T21:02:47,Mutiny on the Swiftwater (blue),2,0
370,Gravy Bones,2025-06-23T21:02:47,Sea Floor Salvage (blue),1,0
370,Gravy Bones,2025-06-23T21:02:47,Sirens of Safe Harbor (blue),1,0
370,Gravy Bones,2025-06-23T21:02:47,Strike Gold (blue),1,0
370,Gravy Bones,2025-06-23T21:02:47,Swiftwater Sloop (blue),1,0
370,Gravy Bones,2025-06-23T21:02:47,Swindler's Grift (blue),1,0
370,Gravy Bones,2025-06-23T21:02:47,Bandana of the Blue Beyond,1,1
370,Gravy Bones,2025-06-23T21:02:47,Head Stone,1,1
370,Gravy Bones,2025-06-23T21:02:47,Quartermaster's Boots,1,1
370,Gravy Bones,2025-06-23T21:02:47,Quick Clicks,1,1
370,Gravy Bones,2025-06-23T21:02:47,Washed Up Wave,1,1
371,Puffin,2025-06-23T22:19:38,Battalion Barque (red),1,0
371,Puffin,2025-06-23T22:19:38,Cloud City Steamboat (red),1,0
371,Puffin,2025-06-23T22:19:38,Cloud Skiff (red),2,0
371,Puffin,2025-06-23T22:19:38,Expedition to Azuro Keys (red),2,0
371,Puffin,2025-06-23T22:19:38,Expedition to Horizon's Mantle (red),1,0
371,Puffin,2025-06-23T22:19:38,Chart a Course (red),1,0
371,Puffin,2025-06-23T22:19:38,On the Horizon (red),1,0
371,Puffin,2025-06-23T22:19:38,Perk Up (red),2,0
371,Puffin,2025-06-23T22:19:38,Sky Skimmer (red),1,0
371,Puffin,2025-06-23T22:19:38,Strike Gold (red),2,0
371,Puffin,2025-06-23T22:19:38,Teeth of the Cog (red),1,0
371,Puffin,2025-06-23T22:19:38,Tighten the Screws (red),1,0
371,Puffin,2025-06-23T22:19:38,Tough Old Wrench (red),1,0
371,Puffin,2025-06-23T22:19:38,Battalion Barque (yellow),1,0
371,Puffin,2025-06-23T22:19:38,Nimblism (yellow),1,0
371,Puffin,2025-06-23T22:19:38,Sky Skimmer (yellow),1,0
371,Puffin,2025-06-23T22:19:38,Teeth of the Cog (yellow),1,0
371,Puffin,2025-06-23T22:19:38,Walk the Plank (yellow),1,0
371,Puffin,2025-06-23T22:19:38,Battalion Barque (blue),1,0
371,Puffin,2025-06-23T22:19:38,Cloud Skiff (blue),1,0
371,Puffin,2025-06-23T22:19:38,Goldwing Turbine (blue),2,0
371,Puffin,2025-06-23T22:19:38,Chart a Course (blue),1,0
371,Puffin,2025-06-23T22:19:38,Pinion Sentry (blue),1,0
371,Puffin,2025-06-23T22:19:38,Sirens of Safe Harbor (blue),1,0
371,Puffin,2025-06-23T22:19:38,Strike Gold (blue),2,0
371,Puffin,2025-06-23T22:19:38,Swindler's Grift (blue),2,0
371,Puffin,2025-06-23T22:19:38,Walk the Plank (blue),1,0
371,Puffin,2025-06-23T22:19:38,Helmsman's Peak,1,1
371,Puffin,2025-06-23T22:19:38,Quartermaster's Boots,1,1
371,Puffin,2025-06-23T22:19:38,Rust Belt,1,1
372,Puffin,2025-06-23T22:34:59,Cloud Skiff (red),2,0
372,Puffin,2025-06-23T22:34:59,Draw Back the Hammer (red),2,0
372,Puffin,2025-06-23T22:34:59,Flying High (red),1,0
372,Puffin,2025-06-23T22:34:59,Goldwing Turbine (red),1,0
372,Puffin,2025-06-23T22:34:59,Nimblism (red),1,0
372,Puffin,2025-06-23T22:34:59,Nimby (red),1,0
372,Puffin,2025-06-23T22:34:59,Perk Up (red),1,0
372,Puffin,2025-06-23T22:34:59,Ravenous Rabble (red),1,0
372,Puffin,2025-06-23T22:34:59,Scar for a Scar (red),1,0
372,Puffin,2025-06-23T22:34:59,Sky Skimmer (red),3,0
372,Puffin,2025-06-23T22:34:59,Tighten the Screws (red),1,0
372,Puffin,2025-06-23T22:34:59,Tough Old Wrench (red),2,0
372,Puffin,2025-06-23T22:34:59,Trade In (red),1,0
372,Puffin,2025-06-23T22:34:59,Cloud City Steamboat (yellow),1,0
372,Puffin,2025-06-23T22:34:59,Cloud Skiff (yellow),1,0
372,Puffin,2025-06-23T22:34:59,Gold Hunter Lightsail (yellow),1,0
372,Puffin,2025-06-23T22:34:59,Nimby (yellow),2,0
372,Puffin,2025-06-23T22:34:59,Sirens of Safe Harbor (yellow),1,0
372,Puffin,2025-06-23T22:34:59,Clap 'Em in Irons (blue),1,0
372,Puffin,2025-06-23T22:34:59,Copper Cog (blue),1,0
372,Puffin,2025-06-23T22:34:59,Crash Down the Gates (blue),1,0
372,Puffin,2025-06-23T22:34:59,Goldwing Turbine (blue),3,0
372,Puffin,2025-06-23T22:34:59,Mutiny on the Nimbus Sovereign (blue),1,0
372,Puffin,2025-06-23T22:34:59,Pinion Sentry (blue),1,0
372,Puffin,2025-06-23T22:34:59,Sky Skimmer (blue),1,0
372,Puffin,2025-06-23T22:34:59,Swindler's Grift (blue),1,0
372,Puffin,2025-06-23T22:34:59,Teeth of the Cog (blue),1,0
372,Puffin,2025-06-23T22:34:59,Captain's Coat,1,1
372,Puffin,2025-06-23T22:34:59,Rust Belt,1,1
372,Puffin,2025-06-23T22:34:59,Unicycle,1,1
373,Marlynn,2025-06-24T00:50:58,Blow for a Blow (red),1,0
373,Marlynn,2025-06-24T00:50:58,Call in the Big Guns (red),2,0
373,Marlynn,2025-06-24T00:50:58,Entangling Shot (red),1,0
373,Marlynn,2025-06-24T00:50:58,Life for a Life (red),2,0
373,Marlynn,2025-06-24T00:50:58,Nettling Shot (red),1,0
373,Marlynn,2025-06-24T00:50:58,Nimblism (red),2,0
373,Marlynn,2025-06-24T00:50:58,Nimby (red),1,0
373,Marlynn,2025-06-24T00:50:58,Ravenous Rabble (red),1,0
373,Marlynn,2025-06-24T00:50:58,Scar for a Scar (red),2,0
373,Marlynn,2025-06-24T00:50:58,Scouting Shot (red),1,0
373,Marlynn,2025-06-24T00:50:58,Sic 'Em Shot (red),1,0
373,Marlynn,2025-06-24T00:50:58,Swift Shot (red),1,0
373,Marlynn,2025-06-24T00:50:58,Swindler's Grift (red),1,0
373,Marlynn,2025-06-24T00:50:58,Thiev'n Varmints (red),3,0
373,Marlynn,2025-06-24T00:50:58,Gold Hunter Lightsail (yellow),1,0
373,Marlynn,2025-06-24T00:50:58,Head Shot (yellow),1,0
373,Marlynn,2025-06-24T00:50:58,Chart a Course (yellow),2,0
373,Marlynn,2025-06-24T00:50:58,Nimby (yellow),1,0
373,Marlynn,2025-06-24T00:50:58,Sea Legs (yellow),1,0
373,Marlynn,2025-06-24T00:50:58,Sic 'Em Shot (yellow),2,0
373,Marlynn,2025-06-24T00:50:58,Sic 'Em Shot (blue),1,0
373,Marlynn,2025-06-24T00:50:58,Trade In (blue),2,0
373,Marlynn,2025-06-24T00:50:58,Old Knocker,1,1
373,Marlynn,2025-06-24T00:50:58,Patch the Hole,1,1
373,Marlynn,2025-06-24T00:50:58,Quick Clicks,1,1
373,Marlynn,2025-06-24T00:50:58,Swiftstrike Bracers,1,1
374,Puffin,2025-06-24T02:49:34,Cloud Skiff (red),2,0
374,Puffin,2025-06-24T02:49:34,Draw Back the Hammer (red),1,0
374,Puffin,2025-06-24T02:49:34,Flying High (red),1,0
374,Puffin,2025-06-24T02:49:34,Golden Tipple (red),1,0
374,Puffin,2025-06-24T02:49:34,Jack Be Quick (red),2,0
374,Puffin,2025-06-24T02:49:34,Nimby (red),1,0
374,Puffin,2025-06-24T02:49:34,On the Horizon (red),1,0
374,Puffin,2025-06-24T02:49:34,Perk Up (red),1,0
374,Puffin,2025-06-24T02:49:34,Ravenous Rabble (red),1,0
374,Puffin,2025-06-24T02:49:34,Strike Gold (red),2,0
374,Puffin,2025-06-24T02:49:34,Swindler's Grift (red),2,0
374,Puffin,2025-06-24T02:49:34,Trade In (red),1,0
374,Puffin,2025-06-24T02:49:34,Cloud Skiff (yellow),2,0
374,Puffin,2025-06-24T02:49:34,Flying High (yellow),1,0
374,Puffin,2025-06-24T02:49:34,Fool's Gold (yellow),1,0
374,Puffin,2025-06-24T02:49:34,Goldwing Turbine (yellow),2,0
374,Puffin,2025-06-24T02:49:34,Chart a Course (yellow),1,0
374,Puffin,2025-06-24T02:49:34,Nimblism (yellow),1,0
374,Puffin,2025-06-24T02:49:34,Nimby (yellow),1,0
374,Puffin,2025-06-24T02:49:34,On the Horizon (yellow),1,0
374,Puffin,2025-06-24T02:49:34,Sky Skimmer (yellow),2,0
374,Puffin,2025-06-24T02:49:34,Strike Gold (yellow),1,0
374,Puffin,2025-06-24T02:49:34,Cloud Skiff (blue),1,0
374,Puffin,2025-06-24T02:49:34,Copper Cog (blue),1,0
374,Puffin,2025-06-24T02:49:34,Crash Down the Gates (blue),1,0
374,Puffin,2025-06-24T02:49:34,Nimblism (blue),1,0
374,Puffin,2025-06-24T02:49:34,Nimby (blue),1,0
374,Puffin,2025-06-24T02:49:34,Sky Skimmer (blue),1,0
374,Puffin,2025-06-24T02:49:34,Strike Gold (blue),1,0
374,Puffin,2025-06-24T02:49:34,Trade In (blue),1,0
374,Puffin,2025-06-24T02:49:34,Bandana of the Blue Beyond,2,1
374,Puffin,2025-06-24T02:49:34,Quick Clicks,1,1
374,Puffin,2025-06-24T02:49:34,Rust Belt,1,1
374,Puffin,2025-06-24T02:49:34,Swiftstrike Bracers,1,1
375,Marlynn,2025-06-24T07:25:16,Battalion Barque (red),1,0
375,Marlynn,2025-06-24T07:25:16,Dry Powder Shot (red),1,0
375,Marlynn,2025-06-24T07:25:16,Expedition to Horizon's Mantle (red),2,0
375,Marlynn,2025-06-24T07:25:16,Fiddler's Green (red),1,0
375,Marlynn,2025-06-24T07:25:16,Life for a Life (red),1,0
375,Marlynn,2025-06-24T07:25:16,On the Horizon (red),2,0
375,Marlynn,2025-06-24T07:25:16,Salvage Shot (red),1,0
375,Marlynn,2025-06-24T07:25:16,Scouting Shot (red),1,0
375,Marlynn,2025-06-24T07:25:16,Swift Shot (red),1,0
375,Marlynn,2025-06-24T07:25:16,Battalion Barque (yellow),2,0
375,Marlynn,2025-06-24T07:25:16,Fiddler's Green (yellow),1,0
375,Marlynn,2025-06-24T07:25:16,HMS Kraken (yellow),1,0
375,Marlynn,2025-06-24T07:25:16,Nimblism (yellow),1,0
375,Marlynn,2025-06-24T07:25:16,Rally the Coast Guard (yellow),1,0
375,Marlynn,2025-06-24T07:25:16,Saltwater Swell (yellow),2,0
375,Marlynn,2025-06-24T07:25:16,Salvage Shot (yellow),2,0
375,Marlynn,2025-06-24T07:25:16,Swindler's Grift (yellow),1,0
375,Marlynn,2025-06-24T07:25:16,Trade In (yellow),1,0
375,Marlynn,2025-06-24T07:25:16,Walk the Plank (yellow),1,0
375,Marlynn,2025-06-24T07:25:16,Call in the Big Guns (blue),1,0
375,Marlynn,2025-06-24T07:25:16,Murderous Rabble (blue),1,0
375,Marlynn,2025-06-24T07:25:16,On the Horizon (blue),1,0
375,Marlynn,2025-06-24T07:25:16,Rusty Harpoon (blue),1,0
375,Marlynn,2025-06-24T07:25:16,Saltwater Swell (blue),1,0
375,Marlynn,2025-06-24T07:25:16,Scrub the Deck (blue),1,0
375,Marlynn,2025-06-24T07:25:16,Sic 'Em Shot (blue),1,0
375,Marlynn,2025-06-24T07:25:16,Sirens of Safe Harbor (blue),2,0
375,Marlynn,2025-06-24T07:25:16,Strike Gold (blue),1,0
375,Marlynn,2025-06-24T07:25:16,Swindler's Grift (blue),2,0
375,Marlynn,2025-06-24T07:25:16,Trade In (blue),1,0
375,Marlynn,2025-06-24T07:25:16,Bandana of the Blue Beyond,1,1
375,Marlynn,2025-06-24T07:25:16,Fish Fingers,1,1
375,Marlynn,2025-06-24T07:25:16,Quartermaster's Boots,1,1
376,Gravy Bones,2025-06-24T10:27:57,Angry Bones (red),1,0
376,Gravy Bones,2025-06-24T10:27:57,Battalion Barque (red),2,0
376,Gravy Bones,2025-06-24T10:27:57,Hoist 'Em Up (red),1,0
376,Gravy Bones,2025-06-24T10:27:57,Nimby (red),1,0
376,Gravy Bones,2025-06-24T10:27:57,Paddle Faster (red),1,0
376,Gravy Bones,2025-06-24T10:27:57,Restless Bones (red),2,0
376,Gravy Bones,2025-06-24T10:27:57,Saltwater Swell (red),1,0
376,Gravy Bones,2025-06-24T10:27:57,Swiftwater Sloop (red),1,0
376,Gravy Bones,2025-06-24T10:27:57,Walk the Plank (red),1,0
376,Gravy Bones,2025-06-24T10:27:57,Angry Bones (yellow),1,0
376,Gravy Bones,2025-06-24T10:27:57,Barnacle (yellow),1,0
376,Gravy Bones,2025-06-24T10:27:57,Battalion Barque (yellow),1,0
376,Gravy Bones,2025-06-24T10:27:57,Crash Down the Gates (yellow),1,0
376,Gravy Bones,2025-06-24T10:27:57,Gold Hunter Ketch (yellow),1,0
376,Gravy Bones,2025-06-24T10:27:57,"Chowder, Hearty Cook (yellow)",1,0
376,Gravy Bones,2025-06-24T10:27:57,Jittery Bones (yellow),1,0
376,Gravy Bones,2025-06-24T10:27:57,Sirens of Safe Harbor (yellow),1,0
376,Gravy Bones,2025-06-24T10:27:57,Swiftwater Sloop (yellow),1,0
376,Gravy Bones,2025-06-24T10:27:57,Angry Bones (blue),2,0
376,Gravy Bones,2025-06-24T10:27:57,Burly Bones (blue),1,0
376,Gravy Bones,2025-06-24T10:27:57,Crash Down the Gates (blue),1,0
376,Gravy Bones,2025-06-24T10:27:57,Jittery Bones (blue),2,0
376,Gravy Bones,2025-06-24T10:27:57,Nimblism (blue),1,0
376,Gravy Bones,2025-06-24T10:27:57,Restless Bones (blue),3,0
376,Gravy Bones,2025-06-24T10:27:57,Scrub the Deck (blue),1,0
376,Gravy Bones,2025-06-24T10:27:57,Swiftwater Sloop (blue),1,0
376,Gravy Bones,2025-06-24T10:27:57,Trade In (blue),1,0
376,Gravy Bones,2025-06-24T10:27:57,Yo Ho Ho! (blue),1,0
376,Gravy Bones,2025-06-24T10:27:57,Captain's Coat,1,1
376,Gravy Bones,2025-06-24T10:27:57,Fish Fingers,1,1
376,Gravy Bones,2025-06-24T10:27:57,Quartermaster's Boots,1,1
377,Gravy Bones,2025-06-24T14:57:40,Angry Bones (red),2,0
377,Gravy Bones,2025-06-24T14:57:40,Expedition to Dreadfall Reach (red),1,0
377,Gravy Bones,2025-06-24T14:57:40,Hoist 'Em Up (red),1,0
377,Gravy Bones,2025-06-24T14:57:40,Nimby (red),1,0
377,Gravy Bones,2025-06-24T14:57:40,Pilfer the Wreck (red),1,0
377,Gravy Bones,2025-06-24T14:57:40,Rally the Coast Guard (red),1,0
377,Gravy Bones,2025-06-24T14:57:40,Restless Bones (red),1,0
377,Gravy Bones,2025-06-24T14:57:40,Swindler's Grift (red),1,0
377,Gravy Bones,2025-06-24T14:57:40,Trade In (red),1,0
377,Gravy Bones,2025-06-24T14:57:40,Barnacle (yellow),1,0
377,Gravy Bones,2025-06-24T14:57:40,Battalion Barque (yellow),1,0
377,Gravy Bones,2025-06-24T14:57:40,"Cutty Shark, Quick Clip (yellow)",1,0
377,Gravy Bones,2025-06-24T14:57:40,Fiddler's Green (yellow),1,0
377,Gravy Bones,2025-06-24T14:57:40,Gold Hunter Marauder (yellow),1,0
377,Gravy Bones,2025-06-24T14:57:40,Chart a Course (yellow),1,0
377,Gravy Bones,2025-06-24T14:57:40,Jittery Bones (yellow),1,0
377,Gravy Bones,2025-06-24T14:57:40,"Kelpie, Tangled Mess (yellow)",1,0
377,Gravy Bones,2025-06-24T14:57:40,"Limpit, Hop-a-long (yellow)",1,0
377,Gravy Bones,2025-06-24T14:57:40,Rally the Coast Guard (yellow),1,0
377,Gravy Bones,2025-06-24T14:57:40,Riggermortis (yellow),2,0
377,Gravy Bones,2025-06-24T14:57:40,Sirens of Safe Harbor (yellow),1,0
377,Gravy Bones,2025-06-24T14:57:40,Swabbie (yellow),1,0
377,Gravy Bones,2025-06-24T14:57:40,Avast Ye! (blue),1,0
377,Gravy Bones,2025-06-24T14:57:40,Battalion Barque (blue),1,0
377,Gravy Bones,2025-06-24T14:57:40,Golden Tipple (blue),2,0
377,Gravy Bones,2025-06-24T14:57:40,Heave Ho! (blue),1,0
377,Gravy Bones,2025-06-24T14:57:40,Jittery Bones (blue),1,0
377,Gravy Bones,2025-06-24T14:57:40,Mutiny on the Battalion Barque (blue),1,0
377,Gravy Bones,2025-06-24T14:57:40,Mutiny on the Nimbus Sovereign (blue),1,0
377,Gravy Bones,2025-06-24T14:57:40,Mutiny on the Swiftwater (blue),1,0
377,Gravy Bones,2025-06-24T14:57:40,Pilfer the Wreck (blue),1,0
377,Gravy Bones,2025-06-24T14:57:40,Restless Bones (blue),1,0
377,Gravy Bones,2025-06-24T14:57:40,Scrub the Deck (blue),1,0
377,Gravy Bones,2025-06-24T14:57:40,Swiftwater Sloop (blue),1,0
377,Gravy Bones,2025-06-24T14:57:40,Buccaneer's Bounty,1,1
378,Puffin,2025-06-24T15:27:16,Cloud Skiff (red),1,0
378,Puffin,2025-06-24T15:27:16,Cog in the Machine (red),1,0
378,Puffin,2025-06-24T15:27:16,Cogwerx Dovetail (red),1,0
378,Puffin,2025-06-24T15:27:16,Cogwerx Zeppelin (red),1,0
378,Puffin,2025-06-24T15:27:16,Crash Down the Gates (red),1,0
378,Puffin,2025-06-24T15:27:16,Draw Back the Hammer (red),1,0
378,Puffin,2025-06-24T15:27:16,Expedition to Horizon's Mantle (red),1,0
378,Puffin,2025-06-24T15:27:16,Goldwing Turbine (red),2,0
378,Puffin,2025-06-24T15:27:16,On the Horizon (red),3,0
378,Puffin,2025-06-24T15:27:16,Perk Up (red),1,0
378,Puffin,2025-06-24T15:27:16,Scar for a Scar (red),1,0
378,Puffin,2025-06-24T15:27:16,Sky Skimmer (red),2,0
378,Puffin,2025-06-24T15:27:16,Teeth of the Cog (red),1,0
378,Puffin,2025-06-24T15:27:16,Tighten the Screws (red),3,0
378,Puffin,2025-06-24T15:27:16,Tough Old Wrench (red),3,0
378,Puffin,2025-06-24T15:27:16,Walk the Plank (red),1,0
378,Puffin,2025-06-24T15:27:16,Gold Hunter Marauder (yellow),1,0
378,Puffin,2025-06-24T15:27:16,Goldwing Turbine (yellow),1,0
378,Puffin,2025-06-24T15:27:16,Jolly Bludger (yellow),1,0
378,Puffin,2025-06-24T15:27:16,Sky Skimmer (yellow),1,0
378,Puffin,2025-06-24T15:27:16,Strike Gold (yellow),1,0
378,Puffin,2025-06-24T15:27:16,Cloud Skiff (blue),1,0
378,Puffin,2025-06-24T15:27:16,Crash Down the Gates (blue),1,0
378,Puffin,2025-06-24T15:27:16,Divvy Up (blue),1,0
378,Puffin,2025-06-24T15:27:16,Goldwing Turbine (blue),1,0
378,Puffin,2025-06-24T15:27:16,Saltwater Swell (blue),1,0
378,Puffin,2025-06-24T15:27:16,Sky Skimmer (blue),2,0
378,Puffin,2025-06-24T15:27:16,Teeth of the Cog (blue),2,0
378,Puffin,2025-06-24T15:27:16,Tough Old Wrench (blue),1,0
378,Puffin,2025-06-24T15:27:16,Blue Sea Tricorn,1,1
378,Puffin,2025-06-24T15:27:16,Fish Fingers,1,1
378,Puffin,2025-06-24T15:27:16,Rust Belt,1,1
379,Marlynn,2025-06-24T16:39:01,Blow for a Blow (red),1,0
379,Marlynn,2025-06-24T16:39:01,Call in the Big Guns (red),1,0
379,Marlynn,2025-06-24T16:39:01,Drop the Anchor (red),1,0
379,Marlynn,2025-06-24T16:39:01,Dry Powder Shot (red),1,0
379,Marlynn,2025-06-24T16:39:01,Golden Tipple (red),1,0
379,Marlynn,2025-06-24T16:39:01,Head Shot (red),1,0
379,Marlynn,2025-06-24T16:39:01,King Shark Harpoon (red),1,0
379,Marlynn,2025-06-24T16:39:01,On the Horizon (red),1,0
379,Marlynn,2025-06-24T16:39:01,Sic 'Em Shot (red),2,0
379,Marlynn,2025-06-24T16:39:01,Swift Shot (red),1,0
379,Marlynn,2025-06-24T16:39:01,Thiev'n Varmints (red),1,0
379,Marlynn,2025-06-24T16:39:01,Fiddler's Green (yellow),1,0
379,Marlynn,2025-06-24T16:39:01,Gold Hunter Marauder (yellow),2,0
379,Marlynn,2025-06-24T16:39:01,Chart a Course (yellow),1,0
379,Marlynn,2025-06-24T16:39:01,Salvage Shot (yellow),2,0
379,Marlynn,2025-06-24T16:39:01,Sic 'Em Shot (yellow),2,0
379,Marlynn,2025-06-24T16:39:01,Strike Gold (yellow),1,0
379,Marlynn,2025-06-24T16:39:01,Walk the Plank (yellow),1,0
379,Marlynn,2025-06-24T16:39:01,Blue Fin Harpoon (blue),1,0
379,Marlynn,2025-06-24T16:39:01,Call in the Big Guns (blue),2,0
379,Marlynn,2025-06-24T16:39:01,Head Shot (blue),1,0
379,Marlynn,2025-06-24T16:39:01,Money or Your Life? (blue),1,0
379,Marlynn,2025-06-24T16:39:01,Mutiny on the Battalion Barque (blue),1,0
379,Marlynn,2025-06-24T16:39:01,Nimby (blue),2,0
379,Marlynn,2025-06-24T16:39:01,Rusty Harpoon (blue),1,0
379,Marlynn,2025-06-24T16:39:01,Salvage Shot (blue),1,0
379,Marlynn,2025-06-24T16:39:01,Sic 'Em Shot (blue),1,0
379,Marlynn,2025-06-24T16:39:01,Sirens of Safe Harbor (blue),1,0
379,Marlynn,2025-06-24T16:39:01,Swindler's Grift (blue),1,0
379,Marlynn,2025-06-24T16:39:01,Walk the Plank (blue),1,0
379,Marlynn,2025-06-24T16:39:01,Yellow Fin Harpoon (blue),1,0
379,Marlynn,2025-06-24T16:39:01,Glidewell Fins,2,1
379,Marlynn,2025-06-24T16:39:01,Old Knocker,1,1
379,Marlynn,2025-06-24T16:39:01,Patch the Hole,1,1
380,Marlynn,2025-06-24T21:41:58,Battalion Barque (red),1,0
380,Marlynn,2025-06-24T21:41:58,Call in the Big Guns (red),1,0
380,Marlynn,2025-06-24T21:41:58,Crash Down the Gates (red),1,0
380,Marlynn,2025-06-24T21:41:58,Drop the Anchor (red),1,0
380,Marlynn,2025-06-24T21:41:58,Expedition to Dreadfall Reach (red),1,0
380,Marlynn,2025-06-24T21:41:58,Fiddler's Green (red),1,0
380,Marlynn,2025-06-24T21:41:58,Monkey Powder (red),2,0
380,Marlynn,2025-06-24T21:41:58,On the Horizon (red),1,0
380,Marlynn,2025-06-24T21:41:58,Salvage Shot (red),2,0
380,Marlynn,2025-06-24T21:41:58,Scouting Shot (red),1,0
380,Marlynn,2025-06-24T21:41:58,Sirens of Safe Harbor (red),1,0
380,Marlynn,2025-06-24T21:41:58,Swindler's Grift (red),1,0
380,Marlynn,2025-06-24T21:41:58,Battalion Barque (yellow),1,0
380,Marlynn,2025-06-24T21:41:58,Big Game Trophy Shot (yellow),1,0
380,Marlynn,2025-06-24T21:41:58,Crash Down the Gates (yellow),2,0
380,Marlynn,2025-06-24T21:41:58,Flying High (yellow),1,0
380,Marlynn,2025-06-24T21:41:58,HMS Barracuda (yellow),1,0
380,Marlynn,2025-06-24T21:41:58,HMS Marlin (yellow),1,0
380,Marlynn,2025-06-24T21:41:58,Swiftwater Sloop (yellow),1,0
380,Marlynn,2025-06-24T21:41:58,Call in the Big Guns (blue),1,0
380,Marlynn,2025-06-24T21:41:58,Divvy Up (blue),1,0
380,Marlynn,2025-06-24T21:41:58,Head Shot (blue),2,0
380,Marlynn,2025-06-24T21:41:58,Chart a Course (blue),1,0
380,Marlynn,2025-06-24T21:41:58,Mutiny on the Battalion Barque (blue),2,0
380,Marlynn,2025-06-24T21:41:58,Rusty Harpoon (blue),1,0
380,Marlynn,2025-06-24T21:41:58,Salvage Shot (blue),2,0
380,Marlynn,2025-06-24T21:41:58,Sea Floor Salvage (blue),1,0
380,Marlynn,2025-06-24T21:41:58,Sic 'Em Shot (blue),2,0
380,Marlynn,2025-06-24T21:41:58,Sirens of Safe Harbor (blue),1,0
380,Marlynn,2025-06-24T21:41:58,Strike Gold (blue),1,0
380,Marlynn,2025-06-24T21:41:58,Buccaneer's Bounty,1,1
380,Marlynn,2025-06-24T21:41:58,Light Fingers,1,1
380,Marlynn,2025-06-24T21:41:58,Patch the Hole,1,1
381,Marlynn,2025-06-25T04:58:07,Battalion Barque (red),1,0
381,Marlynn,2025-06-25T04:58:07,Crash Down the Gates (red),1,0
381,Marlynn,2025-06-25T04:58:07,Dry Powder Shot (red),3,0
381,Marlynn,2025-06-25T04:58:07,Expedition to Horizon's Mantle (red),2,0
381,Marlynn,2025-06-25T04:58:07,Fire in the Hole (red),1,0
381,Marlynn,2025-06-25T04:58:07,Head Shot (red),1,0
381,Marlynn,2025-06-25T04:58:07,Monkey Powder (red),1,0
381,Marlynn,2025-06-25T04:58:07,Rally the Coast Guard (red),1,0
381,Marlynn,2025-06-25T04:58:07,Saltwater Swell (red),1,0
381,Marlynn,2025-06-25T04:58:07,Salvage Shot (red),1,0
381,Marlynn,2025-06-25T04:58:07,Sic 'Em Shot (red),1,0
381,Marlynn,2025-06-25T04:58:07,Swift Shot (red),1,0
381,Marlynn,2025-06-25T04:58:07,Call in the Big Guns (yellow),1,0
381,Marlynn,2025-06-25T04:58:07,Gold Hunter Longboat (yellow),2,0
381,Marlynn,2025-06-25T04:58:07,Nimby (yellow),1,0
381,Marlynn,2025-06-25T04:58:07,On the Horizon (yellow),1,0
381,Marlynn,2025-06-25T04:58:07,Rally the Coast Guard (yellow),1,0
381,Marlynn,2025-06-25T04:58:07,Head Shot (blue),2,0
381,Marlynn,2025-06-25T04:58:07,Chart a Course (blue),1,0
381,Marlynn,2025-06-25T04:58:07,Line (blue),1,0
381,Marlynn,2025-06-25T04:58:07,Mutiny on the Battalion Barque (blue),1,0
381,Marlynn,2025-06-25T04:58:07,Mutiny on the Swiftwater (blue),1,0
381,Marlynn,2025-06-25T04:58:07,Nimblism (blue),1,0
381,Marlynn,2025-06-25T04:58:07,Red Fin Harpoon (blue),1,0
381,Marlynn,2025-06-25T04:58:07,Rusty Harpoon (blue),1,0
381,Marlynn,2025-06-25T04:58:07,Sic 'Em Shot (blue),2,0
381,Marlynn,2025-06-25T04:58:07,Swiftwater Sloop (blue),1,0
381,Marlynn,2025-06-25T04:58:07,Tit for Tat (blue),1,0
381,Marlynn,2025-06-25T04:58:07,Walk the Plank (blue),1,0
381,Marlynn,2025-06-25T04:58:07,Blue Sea Tricorn,1,1
381,Marlynn,2025-06-25T04:58:07,Buccaneer's Bounty,1,1
381,Marlynn,2025-06-25T04:58:07,Captain's Coat,1,1
381,Marlynn,2025-06-25T04:58:07,Glidewell Fins,1,1
382,Gravy Bones,2025-06-25T05:46:22,Burly Bones (red),1,0
382,Gravy Bones,2025-06-25T05:46:22,Golden Tipple (red),1,0
382,Gravy Bones,2025-06-25T05:46:22,Hoist 'Em Up (red),1,0
382,Gravy Bones,2025-06-25T05:46:22,Jittery Bones (red),1,0
382,Gravy Bones,2025-06-25T05:46:22,Paddle Faster (red),1,0
382,Gravy Bones,2025-06-25T05:46:22,Rally the Coast Guard (red),2,0
382,Gravy Bones,2025-06-25T05:46:22,Restless Bones (red),1,0
382,Gravy Bones,2025-06-25T05:46:22,Swindler's Grift (red),1,0
382,Gravy Bones,2025-06-25T05:46:22,Barnacle (yellow),2,0
382,Gravy Bones,2025-06-25T05:46:22,Battalion Barque (yellow),1,0
382,Gravy Bones,2025-06-25T05:46:22,"Cutty Shark, Quick Clip (yellow)",1,0
382,Gravy Bones,2025-06-25T05:46:22,Gold Hunter Lightsail (yellow),1,0
382,Gravy Bones,2025-06-25T05:46:22,Golden Tipple (yellow),1,0
382,Gravy Bones,2025-06-25T05:46:22,"Kelpie, Tangled Mess (yellow)",1,0
382,Gravy Bones,2025-06-25T05:46:22,Nimby (yellow),1,0
382,Gravy Bones,2025-06-25T05:46:22,Riggermortis (yellow),1,0
382,Gravy Bones,2025-06-25T05:46:22,"Scooba, Salty Sea Dog (yellow)",1,0
382,Gravy Bones,2025-06-25T05:46:22,Swabbie (yellow),1,0
382,Gravy Bones,2025-06-25T05:46:22,Angry Bones (blue),2,0
382,Gravy Bones,2025-06-25T05:46:22,Avast Ye! (blue),1,0
382,Gravy Bones,2025-06-25T05:46:22,Burly Bones (blue),1,0
382,Gravy Bones,2025-06-25T05:46:22,Golden Tipple (blue),3,0
382,Gravy Bones,2025-06-25T05:46:22,Jittery Bones (blue),2,0
382,Gravy Bones,2025-06-25T05:46:22,Mutiny on the Battalion Barque (blue),1,0
382,Gravy Bones,2025-06-25T05:46:22,Mutiny on the Swiftwater (blue),2,0
382,Gravy Bones,2025-06-25T05:46:22,Pearl Amulet (blue),1,0
382,Gravy Bones,2025-06-25T05:46:22,Rally the Coast Guard (blue),1,0
382,Gravy Bones,2025-06-25T05:46:22,Restless Bones (blue),1,0
382,Gravy Bones,2025-06-25T05:46:22,Swindler's Grift (blue),1,0
382,Gravy Bones,2025-06-25T05:46:22,Bandana of the Blue Beyond,1,1
382,Gravy Bones,2025-06-25T05:46:22,Buccaneer's Bounty,1,1
382,Gravy Bones,2025-06-25T05:46:22,Head Stone,1,1
382,Gravy Bones,2025-06-25T05:46:22,Light Fingers,1,1
382,Gravy Bones,2025-06-25T05:46:22,Swiftstrike Bracers,1,1
383,Gravy Bones,2025-06-25T09:17:01,Board the Ship (red),1,0
383,Gravy Bones,2025-06-25T09:17:01,Life for a Life (red),1,0
383,Gravy Bones,2025-06-25T09:17:01,Paddle Faster (red),1,0
383,Gravy Bones,2025-06-25T09:17:01,Pilfer the Wreck (red),1,0
383,Gravy Bones,2025-06-25T09:17:01,Restless Bones (red),1,0
383,Gravy Bones,2025-06-25T09:17:01,Sirens of Safe Harbor (red),2,0
383,Gravy Bones,2025-06-25T09:17:01,Angry Bones (yellow),1,0
383,Gravy Bones,2025-06-25T09:17:01,Burly Bones (yellow),1,0
383,Gravy Bones,2025-06-25T09:17:01,Fiddler's Green (yellow),1,0
383,Gravy Bones,2025-06-25T09:17:01,Gold Hunter Longboat (yellow),1,0
383,Gravy Bones,2025-06-25T09:17:01,"Chowder, Hearty Cook (yellow)",1,0
383,Gravy Bones,2025-06-25T09:17:01,"Chum, Friendly First Mate (yellow)",1,0
383,Gravy Bones,2025-06-25T09:17:01,"Limpit, Hop-a-long (yellow)",1,0
383,Gravy Bones,2025-06-25T09:17:01,Lost in Transit (yellow),1,0
383,Gravy Bones,2025-06-25T09:17:01,Rally the Coast Guard (yellow),1,0
383,Gravy Bones,2025-06-25T09:17:01,"Shelly, Hardened Traveler (yellow)",1,0
383,Gravy Bones,2025-06-25T09:17:01,Swabbie (yellow),2,0
383,Gravy Bones,2025-06-25T09:17:01,Walk the Plank (yellow),1,0
383,Gravy Bones,2025-06-25T09:17:01,Angry Bones (blue),3,0
383,Gravy Bones,2025-06-25T09:17:01,Avast Ye! (blue),1,0
383,Gravy Bones,2025-06-25T09:17:01,Burly Bones (blue),1,0
383,Gravy Bones,2025-06-25T09:17:01,Flying High (blue),1,0
383,Gravy Bones,2025-06-25T09:17:01,Heave Ho! (blue),1,0
383,Gravy Bones,2025-06-25T09:17:01,Jittery Bones (blue),1,0
383,Gravy Bones,2025-06-25T09:17:01,Mutiny on the Nimbus Sovereign (blue),1,0
383,Gravy Bones,2025-06-25T09:17:01,On the Horizon (blue),1,0
383,Gravy Bones,2025-06-25T09:17:01,Restless Bones (blue),2,0
383,Gravy Bones,2025-06-25T09:17:01,Ruby Amulet (blue),1,0
383,Gravy Bones,2025-06-25T09:17:01,Saltwater Swell (blue),1,0
383,Gravy Bones,2025-06-25T09:17:01,Strike Gold (blue),1,0
383,Gravy Bones,2025-06-25T09:17:01,Walk the Plank (blue),2,0
383,Gravy Bones,2025-06-25T09:17:01,Bandana of the Blue Beyond,1,1
383,Gravy Bones,2025-06-25T09:17:01,Head Stone,1,1
383,Gravy Bones,2025-06-25T09:17:01,Peg Leg,1,1
384,Gravy Bones,2025-06-25T09:55:37,Angry Bones (red),1,0
384,Gravy Bones,2025-06-25T09:55:37,Battalion Barque (red),1,0
384,Gravy Bones,2025-06-25T09:55:37,Blow for a Blow (red),1,0
384,Gravy Bones,2025-06-25T09:55:37,Burly Bones (red),3,0
384,Gravy Bones,2025-06-25T09:55:37,Paddle Faster (red),1,0
384,Gravy Bones,2025-06-25T09:55:37,Trade In (red),1,0
384,Gravy Bones,2025-06-25T09:55:37,Barnacle (yellow),1,0
384,Gravy Bones,2025-06-25T09:55:37,Battalion Barque (yellow),1,0
384,Gravy Bones,2025-06-25T09:55:37,Gold Hunter Longboat (yellow),1,0
384,Gravy Bones,2025-06-25T09:55:37,"Chowder, Hearty Cook (yellow)",1,0
384,Gravy Bones,2025-06-25T09:55:37,"Limpit, Hop-a-long (yellow)",1,0
384,Gravy Bones,2025-06-25T09:55:37,Saltwater Swell (yellow),1,0
384,Gravy Bones,2025-06-25T09:55:37,Strike Gold (yellow),1,0
384,Gravy Bones,2025-06-25T09:55:37,Swabbie (yellow),3,0
384,Gravy Bones,2025-06-25T09:55:37,Swindler's Grift (yellow),1,0
384,Gravy Bones,2025-06-25T09:55:37,Walk the Plank (yellow),1,0
384,Gravy Bones,2025-06-25T09:55:37,Angry Bones (blue),1,0
384,Gravy Bones,2025-06-25T09:55:37,Avast Ye! (blue),1,0
384,Gravy Bones,2025-06-25T09:55:37,Battalion Barque (blue),1,0
384,Gravy Bones,2025-06-25T09:55:37,Burly Bones (blue),1,0
384,Gravy Bones,2025-06-25T09:55:37,Flying High (blue),1,0
384,Gravy Bones,2025-06-25T09:55:37,Heave Ho! (blue),1,0
384,Gravy Bones,2025-06-25T09:55:37,Jittery Bones (blue),1,0
384,Gravy Bones,2025-06-25T09:55:37,Mutiny on the Swiftwater (blue),1,0
384,Gravy Bones,2025-06-25T09:55:37,Nimby (blue),1,0
384,Gravy Bones,2025-06-25T09:55:37,Pilfer the Wreck (blue),1,0
384,Gravy Bones,2025-06-25T09:55:37,Rally the Coast Guard (blue),1,0
384,Gravy Bones,2025-06-25T09:55:37,Regain Composure (blue),1,0
384,Gravy Bones,2025-06-25T09:55:37,Restless Bones (blue),2,0
384,Gravy Bones,2025-06-25T09:55:37,Sea Floor Salvage (blue),1,0
384,Gravy Bones,2025-06-25T09:55:37,Swiftwater Sloop (blue),1,0
384,Gravy Bones,2025-06-25T09:55:37,Throw Caution to the Wind (blue),1,0
384,Gravy Bones,2025-06-25T09:55:37,Blue Sea Tricorn,1,1
384,Gravy Bones,2025-06-25T09:55:37,Light Fingers,1,1
384,Gravy Bones,2025-06-25T09:55:37,Quartermaster's Boots,1,1
384,Gravy Bones,2025-06-25T09:55:37,Quick Clicks,1,1
384,Gravy Bones,2025-06-25T09:55:37,Washed Up Wave,1,1
385,Gravy Bones,2025-06-25T10:14:37,Angry Bones (red),1,0
385,Gravy Bones,2025-06-25T10:14:37,Jittery Bones (red),2,0
385,Gravy Bones,2025-06-25T10:14:37,Restless Bones (red),1,0
385,Gravy Bones,2025-06-25T10:14:37,Saltwater Swell (red),1,0
385,Gravy Bones,2025-06-25T10:14:37,Angry Bones (yellow),1,0
385,Gravy Bones,2025-06-25T10:14:37,Battalion Barque (yellow),1,0
385,Gravy Bones,2025-06-25T10:14:37,Burly Bones (yellow),2,0
385,Gravy Bones,2025-06-25T10:14:37,"Cutty Shark, Quick Clip (yellow)",3,0
385,Gravy Bones,2025-06-25T10:14:37,Golden Tipple (yellow),1,0
385,Gravy Bones,2025-06-25T10:14:37,"Chowder, Hearty Cook (yellow)",1,0
385,Gravy Bones,2025-06-25T10:14:37,Restless Bones (yellow),1,0
385,Gravy Bones,2025-06-25T10:14:37,Riggermortis (yellow),2,0
385,Gravy Bones,2025-06-25T10:14:37,Saltwater Swell (yellow),1,0
385,Gravy Bones,2025-06-25T10:14:37,"Scooba, Salty Sea Dog (yellow)",1,0
385,Gravy Bones,2025-06-25T10:14:37,"Shelly, Hardened Traveler (yellow)",1,0
385,Gravy Bones,2025-06-25T10:14:37,Swabbie (yellow),2,0
385,Gravy Bones,2025-06-25T10:14:37,Swiftwater Sloop (yellow),1,0
385,Gravy Bones,2025-06-25T10:14:37,Walk the Plank (yellow),1,0
385,Gravy Bones,2025-06-25T10:14:37,Avast Ye! (blue),1,0
385,Gravy Bones,2025-06-25T10:14:37,Burly Bones (blue),2,0
385,Gravy Bones,2025-06-25T10:14:37,Divvy Up (blue),1,0
385,Gravy Bones,2025-06-25T10:14:37,Jittery Bones (blue),2,0
385,Gravy Bones,2025-06-25T10:14:37,Mutiny on the Battalion Barque (blue),2,0
385,Gravy Bones,2025-06-25T10:14:37,Mutiny on the Nimbus Sovereign (blue),1,0
385,Gravy Bones,2025-06-25T10:14:37,On the Horizon (blue),1,0
385,Gravy Bones,2025-06-25T10:14:37,Regain Composure (blue),1,0
385,Gravy Bones,2025-06-25T10:14:37,Trade In (blue),1,0
385,Gravy Bones,2025-06-25T10:14:37,Head Stone,1,1
385,Gravy Bones,2025-06-25T10:14:37,Old Knocker,1,1
385,Gravy Bones,2025-06-25T10:14:37,Quartermaster's Boots,1,1
385,Gravy Bones,2025-06-25T10:14:37,Washed Up Wave,1,1
386,Marlynn,2025-06-25T13:13:02,Call in the Big Guns (red),1,0
386,Marlynn,2025-06-25T13:13:02,Dry Powder Shot (red),1,0
386,Marlynn,2025-06-25T13:13:02,Entangling Shot (red),1,0
386,Marlynn,2025-06-25T13:13:02,Head Shot (red),1,0
386,Marlynn,2025-06-25T13:13:02,King Kraken Harpoon (red),1,0
386,Marlynn,2025-06-25T13:13:02,Nettling Shot (red),1,0
386,Marlynn,2025-06-25T13:13:02,Salvage Shot (red),1,0
386,Marlynn,2025-06-25T13:13:02,Scouting Shot (red),1,0
386,Marlynn,2025-06-25T13:13:02,Sic 'Em Shot (red),1,0
386,Marlynn,2025-06-25T13:13:02,Sirens of Safe Harbor (red),1,0
386,Marlynn,2025-06-25T13:13:02,Swift Shot (red),1,0
386,Marlynn,2025-06-25T13:13:02,Battalion Barque (yellow),1,0
386,Marlynn,2025-06-25T13:13:02,Sic 'Em Shot (yellow),1,0
386,Marlynn,2025-06-25T13:13:02,Battalion Barque (blue),1,0
386,Marlynn,2025-06-25T13:13:02,Blue Fin Harpoon (blue),1,0
386,Marlynn,2025-06-25T13:13:02,Call in the Big Guns (blue),2,0
386,Marlynn,2025-06-25T13:13:02,Head Shot (blue),2,0
386,Marlynn,2025-06-25T13:13:02,Hook (blue),1,0
386,Marlynn,2025-06-25T13:13:02,Line (blue),1,0
386,Marlynn,2025-06-25T13:13:02,On the Horizon (blue),1,0
386,Marlynn,2025-06-25T13:13:02,Rusty Harpoon (blue),3,0
386,Marlynn,2025-06-25T13:13:02,Salvage Shot (blue),1,0
386,Marlynn,2025-06-25T13:13:02,Sic 'Em Shot (blue),1,0
386,Marlynn,2025-06-25T13:13:02,Sinker (blue),1,0
386,Marlynn,2025-06-25T13:13:02,Yellow Fin Harpoon (blue),2,0
386,Marlynn,2025-06-25T13:13:02,Glidewell Fins,1,1
386,Marlynn,2025-06-25T13:13:02,Old Knocker,1,1
386,Marlynn,2025-06-25T13:13:02,Patch the Hole,1,1
387,Marlynn,2025-06-25T18:08:24,Dry Powder Shot (red),1,0
387,Marlynn,2025-06-25T18:08:24,Money or Your Life? (red),1,0
387,Marlynn,2025-06-25T18:08:24,Rally the Coast Guard (red),1,0
387,Marlynn,2025-06-25T18:08:24,Scouting Shot (red),1,0
387,Marlynn,2025-06-25T18:08:24,Swift Shot (red),1,0
387,Marlynn,2025-06-25T18:08:24,Swiftwater Sloop (red),1,0
387,Marlynn,2025-06-25T18:08:24,Trade In (red),1,0
387,Marlynn,2025-06-25T18:08:24,Walk the Plank (red),1,0
387,Marlynn,2025-06-25T18:08:24,Gold Hunter Marauder (yellow),1,0
387,Marlynn,2025-06-25T18:08:24,HMS Marlin (yellow),1,0
387,Marlynn,2025-06-25T18:08:24,Salvage Shot (yellow),1,0
387,Marlynn,2025-06-25T18:08:24,Sic 'Em Shot (yellow),1,0
387,Marlynn,2025-06-25T18:08:24,Blue Fin Harpoon (blue),1,0
387,Marlynn,2025-06-25T18:08:24,Call in the Big Guns (blue),1,0
387,Marlynn,2025-06-25T18:08:24,Crash Down the Gates (blue),1,0
387,Marlynn,2025-06-25T18:08:24,Head Shot (blue),2,0
387,Marlynn,2025-06-25T18:08:24,Line (blue),1,0
387,Marlynn,2025-06-25T18:08:24,On the Horizon (blue),1,0
387,Marlynn,2025-06-25T18:08:24,Portside Exchange (blue),1,0
387,Marlynn,2025-06-25T18:08:24,Red Fin Harpoon (blue),1,0
387,Marlynn,2025-06-25T18:08:24,Rusty Harpoon (blue),1,0
387,Marlynn,2025-06-25T18:08:24,Salvage Shot (blue),2,0
387,Marlynn,2025-06-25T18:08:24,Sea Floor Salvage (blue),1,0
387,Marlynn,2025-06-25T18:08:24,Sic 'Em Shot (blue),2,0
387,Marlynn,2025-06-25T18:08:24,Sinker (blue),1,0
387,Marlynn,2025-06-25T18:08:24,Sirens of Safe Harbor (blue),1,0
387,Marlynn,2025-06-25T18:08:24,Tit for Tat (blue),1,0
387,Marlynn,2025-06-25T18:08:24,Blue Sea Tricorn,1,1
387,Marlynn,2025-06-25T18:08:24,Quartermaster's Boots,1,1
388,Gravy Bones,2025-06-25T19:03:24,Battalion Barque (red),2,0
388,Gravy Bones,2025-06-25T19:03:24,Fiddler's Green (red),1,0
388,Gravy Bones,2025-06-25T19:03:24,Hoist 'Em Up (red),1,0
388,Gravy Bones,2025-06-25T19:03:24,Restless Bones (red),2,0
388,Gravy Bones,2025-06-25T19:03:24,Swiftwater Sloop (red),1,0
388,Gravy Bones,2025-06-25T19:03:24,Angry Bones (yellow),1,0
388,Gravy Bones,2025-06-25T19:03:24,Barnacle (yellow),2,0
388,Gravy Bones,2025-06-25T19:03:24,"Cutty Shark, Quick Clip (yellow)",2,0
388,Gravy Bones,2025-06-25T19:03:24,"Kelpie, Tangled Mess (yellow)",1,0
388,Gravy Bones,2025-06-25T19:03:24,Money or Your Life? (yellow),1,0
388,Gravy Bones,2025-06-25T19:03:24,Rally the Coast Guard (yellow),1,0
388,Gravy Bones,2025-06-25T19:03:24,Restless Bones (yellow),1,0
388,Gravy Bones,2025-06-25T19:03:24,Riggermortis (yellow),1,0
388,Gravy Bones,2025-06-25T19:03:24,Swiftwater Sloop (yellow),2,0
388,Gravy Bones,2025-06-25T19:03:24,Angry Bones (blue),1,0
388,Gravy Bones,2025-06-25T19:03:24,Avast Ye! (blue),1,0
388,Gravy Bones,2025-06-25T19:03:24,Battalion Barque (blue),1,0
388,Gravy Bones,2025-06-25T19:03:24,Fiddler's Green (blue),1,0
388,Gravy Bones,2025-06-25T19:03:24,Flying High (blue),2,0
388,Gravy Bones,2025-06-25T19:03:24,Give No Quarter (blue),1,0
388,Gravy Bones,2025-06-25T19:03:24,Golden Tipple (blue),1,0
388,Gravy Bones,2025-06-25T19:03:24,Jittery Bones (blue),1,0
388,Gravy Bones,2025-06-25T19:03:24,Money or Your Life? (blue),1,0
388,Gravy Bones,2025-06-25T19:03:24,Nimby (blue),1,0
388,Gravy Bones,2025-06-25T19:03:24,Restless Bones (blue),3,0
388,Gravy Bones,2025-06-25T19:03:24,Saltwater Swell (blue),1,0
388,Gravy Bones,2025-06-25T19:03:24,Sirens of Safe Harbor (blue),1,0
388,Gravy Bones,2025-06-25T19:03:24,Throw Caution to the Wind (blue),1,0
388,Gravy Bones,2025-06-25T19:03:24,Bandana of the Blue Beyond,1,1
388,Gravy Bones,2025-06-25T19:03:24,Captain's Coat,1,1
388,Gravy Bones,2025-06-25T19:03:24,Quick Clicks,1,1
388,Gravy Bones,2025-06-25T19:03:24,Washed Up Wave,1,1
389,Gravy Bones,2025-06-25T23:21:17,Angry Bones (red),1,0
389,Gravy Bones,2025-06-25T23:21:17,Burly Bones (red),2,0
389,Gravy Bones,2025-06-25T23:21:17,Expedition to Blackwater Strait (red),1,0
389,Gravy Bones,2025-06-25T23:21:17,Jittery Bones (red),1,0
389,Gravy Bones,2025-06-25T23:21:17,Pilfer the Wreck (red),1,0
389,Gravy Bones,2025-06-25T23:21:17,Restless Bones (red),1,0
389,Gravy Bones,2025-06-25T23:21:17,Swiftwater Sloop (red),1,0
389,Gravy Bones,2025-06-25T23:21:17,Walk the Plank (red),1,0
389,Gravy Bones,2025-06-25T23:21:17,Angry Bones (yellow),1,0
389,Gravy Bones,2025-06-25T23:21:17,Barnacle (yellow),1,0
389,Gravy Bones,2025-06-25T23:21:17,Burly Bones (yellow),2,0
389,Gravy Bones,2025-06-25T23:21:17,"Cutty Shark, Quick Clip (yellow)",1,0
389,Gravy Bones,2025-06-25T23:21:17,Gold Hunter Ketch (yellow),1,0
389,Gravy Bones,2025-06-25T23:21:17,Golden Tipple (yellow),1,0
389,Gravy Bones,2025-06-25T23:21:17,"Chowder, Hearty Cook (yellow)",1,0
389,Gravy Bones,2025-06-25T23:21:17,Jittery Bones (yellow),2,0
389,Gravy Bones,2025-06-25T23:21:17,Restless Bones (yellow),1,0
389,Gravy Bones,2025-06-25T23:21:17,Riggermortis (yellow),1,0
389,Gravy Bones,2025-06-25T23:21:17,"Scooba, Salty Sea Dog (yellow)",1,0
389,Gravy Bones,2025-06-25T23:21:17,"Shelly, Hardened Traveler (yellow)",1,0
389,Gravy Bones,2025-06-25T23:21:17,Swabbie (yellow),1,0
389,Gravy Bones,2025-06-25T23:21:17,Angry Bones (blue),1,0
389,Gravy Bones,2025-06-25T23:21:17,Burly Bones (blue),1,0
389,Gravy Bones,2025-06-25T23:21:17,Golden Tipple (blue),1,0
389,Gravy Bones,2025-06-25T23:21:17,Heave Ho! (blue),1,0
389,Gravy Bones,2025-06-25T23:21:17,Mutiny on the Battalion Barque (blue),1,0
389,Gravy Bones,2025-06-25T23:21:17,Mutiny on the Swiftwater (blue),2,0
389,Gravy Bones,2025-06-25T23:21:17,On the Horizon (blue),1,0
389,Gravy Bones,2025-06-25T23:21:17,Portside Exchange (blue),1,0
389,Gravy Bones,2025-06-25T23:21:17,Swiftwater Sloop (blue),2,0
389,Gravy Bones,2025-06-25T23:21:17,Swindler's Grift (blue),1,0
389,Gravy Bones,2025-06-25T23:21:17,Walk the Plank (blue),1,0
389,Gravy Bones,2025-06-25T23:21:17,Captain's Coat,1,1
389,Gravy Bones,2025-06-25T23:21:17,Head Stone,1,1
389,Gravy Bones,2025-06-25T23:21:17,Peg Leg,1,1
389,Gravy Bones,2025-06-25T23:21:17,Washed Up Wave,1,1
390,Puffin,2025-06-26T05:20:51,Battalion Barque (red),1,0
390,Puffin,2025-06-26T05:20:51,Blow for a Blow (red),1,0
390,Puffin,2025-06-26T05:20:51,Cloud Skiff (red),1,0
390,Puffin,2025-06-26T05:20:51,Draw Back the Hammer (red),1,0
390,Puffin,2025-06-26T05:20:51,Goldwing Turbine (red),3,0
390,Puffin,2025-06-26T05:20:51,Ravenous Rabble (red),1,0
390,Puffin,2025-06-26T05:20:51,Sky Skimmer (red),2,0
390,Puffin,2025-06-26T05:20:51,Swindler's Grift (red),1,0
390,Puffin,2025-06-26T05:20:51,Tough Old Wrench (red),1,0
390,Puffin,2025-06-26T05:20:51,Cloud City Steamboat (yellow),1,0
390,Puffin,2025-06-26T05:20:51,Gold Hunter Ketch (yellow),1,0
390,Puffin,2025-06-26T05:20:51,Goldwing Turbine (yellow),4,0
390,Puffin,2025-06-26T05:20:51,Nimby (yellow),1,0
390,Puffin,2025-06-26T05:20:51,On the Horizon (yellow),1,0
390,Puffin,2025-06-26T05:20:51,Sky Skimmer (yellow),2,0
390,Puffin,2025-06-26T05:20:51,Teeth of the Cog (yellow),2,0
390,Puffin,2025-06-26T05:20:51,Tough Old Wrench (yellow),2,0
390,Puffin,2025-06-26T05:20:51,Cloud City Steamboat (blue),1,0
390,Puffin,2025-06-26T05:20:51,Cloud Skiff (blue),1,0
390,Puffin,2025-06-26T05:20:51,Cogwerx Zeppelin (blue),2,0
390,Puffin,2025-06-26T05:20:51,Money or Your Life? (blue),1,0
390,Puffin,2025-06-26T05:20:51,Mutiny on the Swiftwater (blue),1,0
390,Puffin,2025-06-26T05:20:51,Pilfer the Wreck (blue),1,0
390,Puffin,2025-06-26T05:20:51,Shifting Tides (blue),1,0
390,Puffin,2025-06-26T05:20:51,Swindler's Grift (blue),1,0
390,Puffin,2025-06-26T05:20:51,Teeth of the Cog (blue),1,0
390,Puffin,2025-06-26T05:20:51,Tough Old Wrench (blue),1,0
390,Puffin,2025-06-26T05:20:51,Blue Sea Tricorn,1,1
390,Puffin,2025-06-26T05:20:51,Captain's Coat,1,1
391,Gravy Bones,2025-06-26T06:23:17,Angry Bones (red),2,0
391,Gravy Bones,2025-06-26T06:23:17,Blood in the Water (red),1,0
391,Gravy Bones,2025-06-26T06:23:17,Expedition to Blackwater Strait (red),1,0
391,Gravy Bones,2025-06-26T06:23:17,Restless Bones (red),1,0
391,Gravy Bones,2025-06-26T06:23:17,Walk the Plank (red),1,0
391,Gravy Bones,2025-06-26T06:23:17,Angry Bones (yellow),1,0
391,Gravy Bones,2025-06-26T06:23:17,Barnacle (yellow),1,0
391,Gravy Bones,2025-06-26T06:23:17,Battalion Barque (yellow),1,0
391,Gravy Bones,2025-06-26T06:23:17,Burly Bones (yellow),1,0
391,Gravy Bones,2025-06-26T06:23:17,"Cutty Shark, Quick Clip (yellow)",1,0
391,Gravy Bones,2025-06-26T06:23:17,Gold Hunter Longboat (yellow),1,0
391,Gravy Bones,2025-06-26T06:23:17,Jittery Bones (yellow),1,0
391,Gravy Bones,2025-06-26T06:23:17,Restless Bones (yellow),2,0
391,Gravy Bones,2025-06-26T06:23:17,Riggermortis (yellow),2,0
391,Gravy Bones,2025-06-26T06:23:17,Swabbie (yellow),2,0
391,Gravy Bones,2025-06-26T06:23:17,Swiftwater Sloop (yellow),1,0
391,Gravy Bones,2025-06-26T06:23:17,Angry Bones (blue),2,0
391,Gravy Bones,2025-06-26T06:23:17,Avast Ye! (blue),2,0
391,Gravy Bones,2025-06-26T06:23:17,Burly Bones (blue),1,0
391,Gravy Bones,2025-06-26T06:23:17,Diamond Amulet (blue),1,0
391,Gravy Bones,2025-06-26T06:23:17,Golden Tipple (blue),1,0
391,Gravy Bones,2025-06-26T06:23:17,Jittery Bones (blue),2,0
391,Gravy Bones,2025-06-26T06:23:17,Mutiny on the Swiftwater (blue),2,0
391,Gravy Bones,2025-06-26T06:23:17,Nimblism (blue),1,0
391,Gravy Bones,2025-06-26T06:23:17,Nimby (blue),1,0
391,Gravy Bones,2025-06-26T06:23:17,Restless Bones (blue),2,0
391,Gravy Bones,2025-06-26T06:23:17,Strike Gold (blue),1,0
391,Gravy Bones,2025-06-26T06:23:17,Swiftwater Sloop (blue),1,0
391,Gravy Bones,2025-06-26T06:23:17,Buccaneer's Bounty,1,1
391,Gravy Bones,2025-06-26T06:23:17,Head Stone,1,1
391,Gravy Bones,2025-06-26T06:23:17,Peg Leg,1,1
392,Gravy Bones,2025-06-26T16:09:29,Golden Tipple (red),2,0
392,Gravy Bones,2025-06-26T16:09:29,Hoist 'Em Up (red),1,0
392,Gravy Bones,2025-06-26T16:09:29,Pilfer the Wreck (red),1,0
392,Gravy Bones,2025-06-26T16:09:29,Restless Bones (red),2,0
392,Gravy Bones,2025-06-26T16:09:29,Swiftwater Sloop (red),1,0
392,Gravy Bones,2025-06-26T16:09:29,Trade In (red),1,0
392,Gravy Bones,2025-06-26T16:09:29,Battalion Barque (yellow),1,0
392,Gravy Bones,2025-06-26T16:09:29,"Cutty Shark, Quick Clip (yellow)",2,0
392,Gravy Bones,2025-06-26T16:09:29,Jittery Bones (yellow),1,0
392,Gravy Bones,2025-06-26T16:09:29,Restless Bones (yellow),3,0
392,Gravy Bones,2025-06-26T16:09:29,Riggermortis (yellow),1,0
392,Gravy Bones,2025-06-26T16:09:29,"Scooba, Salty Sea Dog (yellow)",2,0
392,Gravy Bones,2025-06-26T16:09:29,Strike Gold (yellow),1,0
392,Gravy Bones,2025-06-26T16:09:29,Angry Bones (blue),2,0
392,Gravy Bones,2025-06-26T16:09:29,Avast Ye! (blue),1,0
392,Gravy Bones,2025-06-26T16:09:29,Burly Bones (blue),1,0
392,Gravy Bones,2025-06-26T16:09:29,Jittery Bones (blue),2,0
392,Gravy Bones,2025-06-26T16:09:29,Mutiny on the Battalion Barque (blue),2,0
392,Gravy Bones,2025-06-26T16:09:29,Mutiny on the Swiftwater (blue),1,0
392,Gravy Bones,2025-06-26T16:09:29,Onyx Amulet (blue),1,0
392,Gravy Bones,2025-06-26T16:09:29,Restless Bones (blue),5,0
392,Gravy Bones,2025-06-26T16:09:29,Trade In (blue),1,0
392,Gravy Bones,2025-06-26T16:09:29,Head Stone,1,1
392,Gravy Bones,2025-06-26T16:09:29,Old Knocker,1,1
392,Gravy Bones,2025-06-26T16:09:29,Quartermaster's Boots,1,1
392,Gravy Bones,2025-06-26T16:09:29,Washed Up Wave,1,1
393,Marlynn,2025-06-26T16:59:03,Call in the Big Guns (red),2,0
393,Marlynn,2025-06-26T16:59:03,Entangling Shot (red),2,0
393,Marlynn,2025-06-26T16:59:03,Expedition to Horizon's Mantle (red),1,0
393,Marlynn,2025-06-26T16:59:03,Flying High (red),1,0
393,Marlynn,2025-06-26T16:59:03,Chart a Course (red),2,0
393,Marlynn,2025-06-26T16:59:03,Jack Be Quick (red),1,0
393,Marlynn,2025-06-26T16:59:03,King Shark Harpoon (red),1,0
393,Marlynn,2025-06-26T16:59:03,Nimblism (red),1,0
393,Marlynn,2025-06-26T16:59:03,Salvage Shot (red),1,0
393,Marlynn,2025-06-26T16:59:03,Sic 'Em Shot (red),2,0
393,Marlynn,2025-06-26T16:59:03,Midas Touch (yellow),1,0
393,Marlynn,2025-06-26T16:59:03,Nimby (yellow),1,0
393,Marlynn,2025-06-26T16:59:03,Rally the Coast Guard (yellow),1,0
393,Marlynn,2025-06-26T16:59:03,Salvage Shot (yellow),1,0
393,Marlynn,2025-06-26T16:59:03,Sirens of Safe Harbor (yellow),1,0
393,Marlynn,2025-06-26T16:59:03,Call in the Big Guns (blue),1,0
393,Marlynn,2025-06-26T16:59:03,Golden Tipple (blue),2,0
393,Marlynn,2025-06-26T16:59:03,Head Shot (blue),1,0
393,Marlynn,2025-06-26T16:59:03,Hook (blue),1,0
393,Marlynn,2025-06-26T16:59:03,Mutiny on the Nimbus Sovereign (blue),2,0
393,Marlynn,2025-06-26T16:59:03,Nimby (blue),1,0
393,Marlynn,2025-06-26T16:59:03,Pilfer the Wreck (blue),1,0
393,Marlynn,2025-06-26T16:59:03,Rusty Harpoon (blue),1,0
393,Marlynn,2025-06-26T16:59:03,Saltwater Swell (blue),1,0
393,Marlynn,2025-06-26T16:59:03,Salvage Shot (blue),1,0
393,Marlynn,2025-06-26T16:59:03,Sic 'Em Shot (blue),2,0
393,Marlynn,2025-06-26T16:59:03,Swindler's Grift (blue),1,0
393,Marlynn,2025-06-26T16:59:03,Bandana of the Blue Beyond,1,1
393,Marlynn,2025-06-26T16:59:03,Buccaneer's Bounty,1,1
393,Marlynn,2025-06-26T16:59:03,Glidewell Fins,1,1
393,Marlynn,2025-06-26T16:59:03,Peg Leg,1,1
394,Puffin,2025-06-26T19:24:46,Goldwing Turbine (red),2,0
394,Puffin,2025-06-26T19:24:46,Chart a Course (red),1,0
394,Puffin,2025-06-26T19:24:46,Jack Be Quick (red),1,0
394,Puffin,2025-06-26T19:24:46,Nimblism (red),2,0
394,Puffin,2025-06-26T19:24:46,Nimby (red),2,0
394,Puffin,2025-06-26T19:24:46,On the Horizon (red),2,0
394,Puffin,2025-06-26T19:24:46,Perk Up (red),3,0
394,Puffin,2025-06-26T19:24:46,Scar for a Scar (red),1,0
394,Puffin,2025-06-26T19:24:46,Sky Skimmer (red),3,0
394,Puffin,2025-06-26T19:24:46,Strike Gold (red),1,0
394,Puffin,2025-06-26T19:24:46,Teeth of the Cog (red),3,0
394,Puffin,2025-06-26T19:24:46,Tough Old Wrench (red),2,0
394,Puffin,2025-06-26T19:24:46,Trade In (red),1,0
394,Puffin,2025-06-26T19:24:46,Cloud Skiff (yellow),1,0
394,Puffin,2025-06-26T19:24:46,Cogwerx Zeppelin (yellow),2,0
394,Puffin,2025-06-26T19:24:46,Goldwing Turbine (yellow),2,0
394,Puffin,2025-06-26T19:24:46,Nimblism (yellow),2,0
394,Puffin,2025-06-26T19:24:46,Sky Skimmer (yellow),2,0
394,Puffin,2025-06-26T19:24:46,Teeth of the Cog (yellow),1,0
394,Puffin,2025-06-26T19:24:46,Tough Old Wrench (yellow),1,0
394,Puffin,2025-06-26T19:24:46,Cloud City Steamboat (blue),1,0
394,Puffin,2025-06-26T19:24:46,Copper Cog (blue),1,0
394,Puffin,2025-06-26T19:24:46,Nimblism (blue),1,0
394,Puffin,2025-06-26T19:24:46,Quick Clicks,1,1
394,Puffin,2025-06-26T19:24:46,Rust Belt,1,1
394,Puffin,2025-06-26T19:24:46,Unicycle,1,1
395,Gravy Bones,2025-06-26T22:16:35,Blood in the Water (red),1,0
395,Gravy Bones,2025-06-26T22:16:35,Blow for a Blow (red),1,0
395,Gravy Bones,2025-06-26T22:16:35,Crash Down the Gates (red),1,0
395,Gravy Bones,2025-06-26T22:16:35,Expedition to Azuro Keys (red),1,0
395,Gravy Bones,2025-06-26T22:16:35,Golden Tipple (red),1,0
395,Gravy Bones,2025-06-26T22:16:35,Jittery Bones (red),1,0
395,Gravy Bones,2025-06-26T22:16:35,Paddle Faster (red),1,0
395,Gravy Bones,2025-06-26T22:16:35,Restless Bones (red),1,0
395,Gravy Bones,2025-06-26T22:16:35,Swiftwater Sloop (red),1,0
395,Gravy Bones,2025-06-26T22:16:35,Angry Bones (yellow),1,0
395,Gravy Bones,2025-06-26T22:16:35,Barnacle (yellow),1,0
395,Gravy Bones,2025-06-26T22:16:35,Crash Down the Gates (yellow),1,0
395,Gravy Bones,2025-06-26T22:16:35,"Cutty Shark, Quick Clip (yellow)",1,0
395,Gravy Bones,2025-06-26T22:16:35,"Chowder, Hearty Cook (yellow)",1,0
395,Gravy Bones,2025-06-26T22:16:35,Jittery Bones (yellow),1,0
395,Gravy Bones,2025-06-26T22:16:35,Restless Bones (yellow),1,0
395,Gravy Bones,2025-06-26T22:16:35,Riggermortis (yellow),2,0
395,Gravy Bones,2025-06-26T22:16:35,Swabbie (yellow),2,0
395,Gravy Bones,2025-06-26T22:16:35,Swiftwater Sloop (yellow),1,0
395,Gravy Bones,2025-06-26T22:16:35,Angry Bones (blue),1,0
395,Gravy Bones,2025-06-26T22:16:35,Heave Ho! (blue),2,0
395,Gravy Bones,2025-06-26T22:16:35,Mutiny on the Nimbus Sovereign (blue),1,0
395,Gravy Bones,2025-06-26T22:16:35,Nimby (blue),1,0
395,Gravy Bones,2025-06-26T22:16:35,Pilfer the Wreck (blue),1,0
395,Gravy Bones,2025-06-26T22:16:35,Portside Exchange (blue),2,0
395,Gravy Bones,2025-06-26T22:16:35,Restless Bones (blue),2,0
395,Gravy Bones,2025-06-26T22:16:35,Sea Floor Salvage (blue),1,0
395,Gravy Bones,2025-06-26T22:16:35,Shifting Tides (blue),1,0
395,Gravy Bones,2025-06-26T22:16:35,Sirens of Safe Harbor (blue),1,0
395,Gravy Bones,2025-06-26T22:16:35,Swindler's Grift (blue),1,0
395,Gravy Bones,2025-06-26T22:16:35,Walk the Plank (blue),1,0
395,Gravy Bones,2025-06-26T22:16:35,Yo Ho Ho! (blue),1,0
395,Gravy Bones,2025-06-26T22:16:35,Old Knocker,1,1
395,Gravy Bones,2025-06-26T22:16:35,Quartermaster's Boots,1,1
395,Gravy Bones,2025-06-26T22:16:35,Washed Up Wave,1,1
396,"Scurv, Stowaway",2025-06-26T22:46:46,Blow for a Blow (red),1,0
396,"Scurv, Stowaway",2025-06-26T22:46:46,Expedition to Blackwater Strait (red),1,0
396,"Scurv, Stowaway",2025-06-26T22:46:46,Expedition to Horizon's Mantle (red),1,0
396,"Scurv, Stowaway",2025-06-26T22:46:46,Jack Be Quick (red),1,0
396,"Scurv, Stowaway",2025-06-26T22:46:46,Pilfer the Wreck (red),2,0
396,"Scurv, Stowaway",2025-06-26T22:46:46,Sirens of Safe Harbor (red),2,0
396,"Scurv, Stowaway",2025-06-26T22:46:46,Swiftwater Sloop (red),1,0
396,"Scurv, Stowaway",2025-06-26T22:46:46,Thiev'n Varmints (red),2,0
396,"Scurv, Stowaway",2025-06-26T22:46:46,Cracked Bauble (yellow),1,0
396,"Scurv, Stowaway",2025-06-26T22:46:46,Crash Down the Gates (yellow),1,0
396,"Scurv, Stowaway",2025-06-26T22:46:46,Gold Hunter Lightsail (yellow),1,0
396,"Scurv, Stowaway",2025-06-26T22:46:46,Gold Hunter Longboat (yellow),2,0
396,"Scurv, Stowaway",2025-06-26T22:46:46,Chart a Course (yellow),1,0
396,"Scurv, Stowaway",2025-06-26T22:46:46,Money or Your Life? (yellow),1,0
396,"Scurv, Stowaway",2025-06-26T22:46:46,Nimblism (yellow),1,0
396,"Scurv, Stowaway",2025-06-26T22:46:46,Nimby (yellow),1,0
396,"Scurv, Stowaway",2025-06-26T22:46:46,Not So Fast (yellow),1,0
396,"Scurv, Stowaway",2025-06-26T22:46:46,Pilfer the Wreck (yellow),2,0
396,"Scurv, Stowaway",2025-06-26T22:46:46,Sirens of Safe Harbor (yellow),1,0
396,"Scurv, Stowaway",2025-06-26T22:46:46,Swindler's Grift (yellow),1,0
396,"Scurv, Stowaway",2025-06-26T22:46:46,Golden Tipple (blue),1,0
396,"Scurv, Stowaway",2025-06-26T22:46:46,Mutiny on the Battalion Barque (blue),1,0
396,"Scurv, Stowaway",2025-06-26T22:46:46,On the Horizon (blue),1,0
396,"Scurv, Stowaway",2025-06-26T22:46:46,Pilfer the Wreck (blue),1,0
396,"Scurv, Stowaway",2025-06-26T22:46:46,Rally the Coast Guard (blue),1,0
396,"Scurv, Stowaway",2025-06-26T22:46:46,Buccaneer's Bounty,1,1
396,"Scurv, Stowaway",2025-06-26T22:46:46,Helmsman's Peak,1,1
396,"Scurv, Stowaway",2025-06-26T22:46:46,Peg Leg,1,1
396,"Scurv, Stowaway",2025-06-26T22:46:46,Swiftstrike Bracers,1,1
397,Gravy Bones,2025-06-27T00:02:41,Angry Bones (red),2,0
397,Gravy Bones,2025-06-27T00:02:41,Battalion Barque (red),1,0
397,Gravy Bones,2025-06-27T00:02:41,Hoist 'Em Up (red),1,0
397,Gravy Bones,2025-06-27T00:02:41,Rally the Coast Guard (red),1,0
397,Gravy Bones,2025-06-27T00:02:41,Restless Bones (red),2,0
397,Gravy Bones,2025-06-27T00:02:41,Swiftwater Sloop (red),1,0
397,Gravy Bones,2025-06-27T00:02:41,Walk the Plank (red),1,0
397,Gravy Bones,2025-06-27T00:02:41,"Cutty Shark, Quick Clip (yellow)",1,0
397,Gravy Bones,2025-06-27T00:02:41,HMS Marlin (yellow),1,0
397,Gravy Bones,2025-06-27T00:02:41,"Chowder, Hearty Cook (yellow)",2,0
397,Gravy Bones,2025-06-27T00:02:41,Lost in Transit (yellow),1,0
397,Gravy Bones,2025-06-27T00:02:41,Money or Your Life? (yellow),1,0
397,Gravy Bones,2025-06-27T00:02:41,On the Horizon (yellow),1,0
397,Gravy Bones,2025-06-27T00:02:41,Riggermortis (yellow),1,0
397,Gravy Bones,2025-06-27T00:02:41,Swabbie (yellow),1,0
397,Gravy Bones,2025-06-27T00:02:41,Walk the Plank (yellow),1,0
397,Gravy Bones,2025-06-27T00:02:41,Burly Bones (blue),1,0
397,Gravy Bones,2025-06-27T00:02:41,Give No Quarter (blue),1,0
397,Gravy Bones,2025-06-27T00:02:41,Golden Tipple (blue),5,0
397,Gravy Bones,2025-06-27T00:02:41,Money or Your Life? (blue),1,0
397,Gravy Bones,2025-06-27T00:02:41,Mutiny on the Battalion Barque (blue),2,0
397,Gravy Bones,2025-06-27T00:02:41,Mutiny on the Swiftwater (blue),1,0
397,Gravy Bones,2025-06-27T00:02:41,On the Horizon (blue),1,0
397,Gravy Bones,2025-06-27T00:02:41,Platinum Amulet (blue),1,0
397,Gravy Bones,2025-06-27T00:02:41,Portside Exchange (blue),1,0
397,Gravy Bones,2025-06-27T00:02:41,Restless Bones (blue),1,0
397,Gravy Bones,2025-06-27T00:02:41,Walk the Plank (blue),1,0
397,Gravy Bones,2025-06-27T00:02:41,Bandana of the Blue Beyond,1,1
397,Gravy Bones,2025-06-27T00:02:41,Buccaneer's Bounty,1,1
397,Gravy Bones,2025-06-27T00:02:41,Quick Clicks,1,1
398,Marlynn,2025-06-27T00:32:55,Call in the Big Guns (red),1,0
398,Marlynn,2025-06-27T00:32:55,Crash Down the Gates (red),1,0
398,Marlynn,2025-06-27T00:32:55,Expedition to Azuro Keys (red),1,0
398,Marlynn,2025-06-27T00:32:55,Expedition to Blackwater Strait (red),1,0
398,Marlynn,2025-06-27T00:32:55,Golden Tipple (red),1,0
398,Marlynn,2025-06-27T00:32:55,King Shark Harpoon (red),1,0
398,Marlynn,2025-06-27T00:32:55,Rally the Coast Guard (red),1,0
398,Marlynn,2025-06-27T00:32:55,Sic 'Em Shot (red),2,0
398,Marlynn,2025-06-27T00:32:55,Swiftwater Sloop (red),2,0
398,Marlynn,2025-06-27T00:32:55,Walk the Plank (red),1,0
398,Marlynn,2025-06-27T00:32:55,Big Game Trophy Shot (yellow),1,0
398,Marlynn,2025-06-27T00:32:55,Crash Down the Gates (yellow),1,0
398,Marlynn,2025-06-27T00:32:55,Golden Tipple (yellow),1,0
398,Marlynn,2025-06-27T00:32:55,On the Horizon (yellow),1,0
398,Marlynn,2025-06-27T00:32:55,Salvage Shot (yellow),3,0
398,Marlynn,2025-06-27T00:32:55,Trade In (yellow),1,0
398,Marlynn,2025-06-27T00:32:55,Battalion Barque (blue),1,0
398,Marlynn,2025-06-27T00:32:55,Blue Fin Harpoon (blue),1,0
398,Marlynn,2025-06-27T00:32:55,Call in the Big Guns (blue),1,0
398,Marlynn,2025-06-27T00:32:55,Head Shot (blue),1,0
398,Marlynn,2025-06-27T00:32:55,Money or Your Life? (blue),1,0
398,Marlynn,2025-06-27T00:32:55,Mutiny on the Nimbus Sovereign (blue),1,0
398,Marlynn,2025-06-27T00:32:55,Pilfer the Wreck (blue),1,0
398,Marlynn,2025-06-27T00:32:55,Rusty Harpoon (blue),1,0
398,Marlynn,2025-06-27T00:32:55,Salvage Shot (blue),1,0
398,Marlynn,2025-06-27T00:32:55,Sic 'Em Shot (blue),2,0
398,Marlynn,2025-06-27T00:32:55,Sinker (blue),1,0
398,Marlynn,2025-06-27T00:32:55,Swindler's Grift (blue),1,0
398,Marlynn,2025-06-27T00:32:55,Throw Caution to the Wind (blue),1,0
398,Marlynn,2025-06-27T00:32:55,Walk the Plank (blue),1,0
398,Marlynn,2025-06-27T00:32:55,Yellow Fin Harpoon (blue),1,0
398,Marlynn,2025-06-27T00:32:55,Captain's Coat,1,1
398,Marlynn,2025-06-27T00:32:55,Glidewell Fins,1,1
398,Marlynn,2025-06-27T00:32:55,Patch the Hole,1,1
399,Puffin,2025-06-27T03:33:24,Cloud City Steamboat (red),1,0
399,Puffin,2025-06-27T03:33:24,Cloud Skiff (red),1,0
399,Puffin,2025-06-27T03:33:24,Cog in the Machine (red),1,0
399,Puffin,2025-06-27T03:33:24,Cogwerx Zeppelin (red),1,0
399,Puffin,2025-06-27T03:33:24,Draw Back the Hammer (red),1,0
399,Puffin,2025-06-27T03:33:24,Perk Up (red),1,0
399,Puffin,2025-06-27T03:33:24,Scar for a Scar (red),1,0
399,Puffin,2025-06-27T03:33:24,Sky Skimmer (red),2,0
399,Puffin,2025-06-27T03:33:24,Teeth of the Cog (red),2,0
399,Puffin,2025-06-27T03:33:24,Tighten the Screws (red),2,0
399,Puffin,2025-06-27T03:33:24,Tough Old Wrench (red),1,0
399,Puffin,2025-06-27T03:33:24,Cogwerx Zeppelin (yellow),1,0
399,Puffin,2025-06-27T03:33:24,Fool's Gold (yellow),1,0
399,Puffin,2025-06-27T03:33:24,Goldwing Turbine (yellow),2,0
399,Puffin,2025-06-27T03:33:24,Chart a Course (yellow),1,0
399,Puffin,2025-06-27T03:33:24,Pilfer the Wreck (yellow),1,0
399,Puffin,2025-06-27T03:33:24,Sky Skimmer (yellow),1,0
399,Puffin,2025-06-27T03:33:24,Strike Gold (yellow),1,0
399,Puffin,2025-06-27T03:33:24,Teeth of the Cog (yellow),1,0
399,Puffin,2025-06-27T03:33:24,Tough Old Wrench (yellow),1,0
399,Puffin,2025-06-27T03:33:24,Battalion Barque (blue),1,0
399,Puffin,2025-06-27T03:33:24,Cloud Skiff (blue),1,0
399,Puffin,2025-06-27T03:33:24,Mutiny on the Battalion Barque (blue),2,0
399,Puffin,2025-06-27T03:33:24,Mutiny on the Swiftwater (blue),1,0
399,Puffin,2025-06-27T03:33:24,Shifting Tides (blue),1,0
399,Puffin,2025-06-27T03:33:24,Sky Skimmer (blue),1,0
399,Puffin,2025-06-27T03:33:24,Swindler's Grift (blue),1,0
399,Puffin,2025-06-27T03:33:24,Teeth of the Cog (blue),3,0
399,Puffin,2025-06-27T03:33:24,Tough Old Wrench (blue),1,0
399,Puffin,2025-06-27T03:33:24,Blue Sea Tricorn,1,1
399,Puffin,2025-06-27T03:33:24,Light Fingers,1,1
399,Puffin,2025-06-27T03:33:24,Rust Belt,1,1
399,Puffin,2025-06-27T03:33:24,Unicycle,1,1
400,Puffin,2025-06-27T18:44:46,Blow for a Blow (red),2,0
400,Puffin,2025-06-27T18:44:46,Cloud Skiff (red),2,0
400,Puffin,2025-06-27T18:44:46,Expedition to Azuro Keys (red),2,0
400,Puffin,2025-06-27T18:44:46,Expedition to Blackwater Strait (red),1,0
400,Puffin,2025-06-27T18:44:46,Expedition to Dreadfall Reach (red),1,0
400,Puffin,2025-06-27T18:44:46,Expedition to Horizon's Mantle (red),1,0
400,Puffin,2025-06-27T18:44:46,Flying High (red),1,0
400,Puffin,2025-06-27T18:44:46,Jack Be Quick (red),2,0
400,Puffin,2025-06-27T18:44:46,Life for a Life (red),1,0
400,Puffin,2025-06-27T18:44:46,Money or Your Life? (red),1,0
400,Puffin,2025-06-27T18:44:46,Nimblism (red),2,0
400,Puffin,2025-06-27T18:44:46,Nimby (red),4,0
400,Puffin,2025-06-27T18:44:46,Perk Up (red),2,0
400,Puffin,2025-06-27T18:44:46,Ravenous Rabble (red),1,0
400,Puffin,2025-06-27T18:44:46,Scar for a Scar (red),1,0
400,Puffin,2025-06-27T18:44:46,Strike Gold (red),1,0
400,Puffin,2025-06-27T18:44:46,Trade In (red),1,0
400,Puffin,2025-06-27T18:44:46,Chart a Course (yellow),1,0
400,Puffin,2025-06-27T18:44:46,Nimblism (yellow),2,0
400,Puffin,2025-06-27T18:44:46,Trade In (yellow),1,0
400,Puffin,2025-06-27T18:44:46,Flying High (blue),1,0
400,Puffin,2025-06-27T18:44:46,Chart a Course (blue),1,0
400,Puffin,2025-06-27T18:44:46,Mutiny on the Swiftwater (blue),1,0
400,Puffin,2025-06-27T18:44:46,Nimblism (blue),1,0
400,Puffin,2025-06-27T18:44:46,On the Horizon (blue),1,0
400,Puffin,2025-06-27T18:44:46,Sky Skimmer (blue),1,0
400,Puffin,2025-06-27T18:44:46,Strike Gold (blue),1,0
400,Puffin,2025-06-27T18:44:46,Teeth of the Cog (blue),1,0
400,Puffin,2025-06-27T18:44:46,Blue Sea Tricorn,1,1
400,Puffin,2025-06-27T18:44:46,Buccaneer's Bounty,1,1
400,Puffin,2025-06-27T18:44:46,Quick Clicks,1,1
400,Puffin,2025-06-27T18:44:46,Swiftstrike Bracers,1,1
401,Gravy Bones,2025-06-27T18:52:43,Battalion Barque (red),1,0
401,Gravy Bones,2025-06-27T18:52:43,Burly Bones (red),1,0
401,Gravy Bones,2025-06-27T18:52:43,Crash Down the Gates (red),1,0
401,Gravy Bones,2025-06-27T18:52:43,Fiddler's Green (red),1,0
401,Gravy Bones,2025-06-27T18:52:43,Golden Tipple (red),1,0
401,Gravy Bones,2025-06-27T18:52:43,Hoist 'Em Up (red),1,0
401,Gravy Bones,2025-06-27T18:52:43,Jittery Bones (red),2,0
401,Gravy Bones,2025-06-27T18:52:43,Nimby (red),1,0
401,Gravy Bones,2025-06-27T18:52:43,Restless Bones (red),1,0
401,Gravy Bones,2025-06-27T18:52:43,Sirens of Safe Harbor (red),1,0
401,Gravy Bones,2025-06-27T18:52:43,Angry Bones (yellow),1,0
401,Gravy Bones,2025-06-27T18:52:43,Battalion Barque (yellow),1,0
401,Gravy Bones,2025-06-27T18:52:43,Burly Bones (yellow),1,0
401,Gravy Bones,2025-06-27T18:52:43,"Cutty Shark, Quick Clip (yellow)",1,0
401,Gravy Bones,2025-06-27T18:52:43,Golden Tipple (yellow),2,0
401,Gravy Bones,2025-06-27T18:52:43,Jittery Bones (yellow),1,0
401,Gravy Bones,2025-06-27T18:52:43,Lost in Transit (yellow),1,0
401,Gravy Bones,2025-06-27T18:52:43,Not So Fast (yellow),1,0
401,Gravy Bones,2025-06-27T18:52:43,Riggermortis (yellow),1,0
401,Gravy Bones,2025-06-27T18:52:43,"Scooba, Salty Sea Dog (yellow)",1,0
401,Gravy Bones,2025-06-27T18:52:43,Sirens of Safe Harbor (yellow),1,0
401,Gravy Bones,2025-06-27T18:52:43,Strike Gold (yellow),1,0
401,Gravy Bones,2025-06-27T18:52:43,Swabbie (yellow),1,0
401,Gravy Bones,2025-06-27T18:52:43,Money or Your Life? (blue),1,0
401,Gravy Bones,2025-06-27T18:52:43,Mutiny on the Battalion Barque (blue),1,0
401,Gravy Bones,2025-06-27T18:52:43,Mutiny on the Swiftwater (blue),1,0
401,Gravy Bones,2025-06-27T18:52:43,Nimblism (blue),2,0
401,Gravy Bones,2025-06-27T18:52:43,Restless Bones (blue),1,0
401,Gravy Bones,2025-06-27T18:52:43,Sirens of Safe Harbor (blue),2,0
401,Gravy Bones,2025-06-27T18:52:43,Strike Gold (blue),1,0
401,Gravy Bones,2025-06-27T18:52:43,Swiftwater Sloop (blue),1,0
401,Gravy Bones,2025-06-27T18:52:43,Swindler's Grift (blue),1,0
401,Gravy Bones,2025-06-27T18:52:43,Yo Ho Ho! (blue),2,0
401,Gravy Bones,2025-06-27T18:52:43,Buccaneer's Bounty,1,1
401,Gravy Bones,2025-06-27T18:52:43,Washed Up Wave,1,1
402,Gravy Bones,2025-06-27T20:26:53,Angry Bones (red),2,0
402,Gravy Bones,2025-06-27T20:26:53,Burly Bones (red),1,0
402,Gravy Bones,2025-06-27T20:26:53,Conqueror of the High Seas (red),1,0
402,Gravy Bones,2025-06-27T20:26:53,Crash Down the Gates (red),1,0
402,Gravy Bones,2025-06-27T20:26:53,Expedition to Dreadfall Reach (red),1,0
402,Gravy Bones,2025-06-27T20:26:53,Expedition to Horizon's Mantle (red),1,0
402,Gravy Bones,2025-06-27T20:26:53,Golden Tipple (red),1,0
402,Gravy Bones,2025-06-27T20:26:53,Nimblism (red),1,0
402,Gravy Bones,2025-06-27T20:26:53,Swiftwater Sloop (red),1,0
402,Gravy Bones,2025-06-27T20:26:53,Barnacle (yellow),2,0
402,Gravy Bones,2025-06-27T20:26:53,Burly Bones (yellow),2,0
402,Gravy Bones,2025-06-27T20:26:53,Golden Tipple (yellow),1,0
402,Gravy Bones,2025-06-27T20:26:53,Pilfer the Wreck (yellow),1,0
402,Gravy Bones,2025-06-27T20:26:53,Riggermortis (yellow),1,0
402,Gravy Bones,2025-06-27T20:26:53,"Scooba, Salty Sea Dog (yellow)",1,0
402,Gravy Bones,2025-06-27T20:26:53,Swindler's Grift (yellow),1,0
402,Gravy Bones,2025-06-27T20:26:53,Angry Bones (blue),2,0
402,Gravy Bones,2025-06-27T20:26:53,Battalion Barque (blue),1,0
402,Gravy Bones,2025-06-27T20:26:53,Golden Tipple (blue),1,0
402,Gravy Bones,2025-06-27T20:26:53,Chart a Course (blue),1,0
402,Gravy Bones,2025-06-27T20:26:53,Jittery Bones (blue),2,0
402,Gravy Bones,2025-06-27T20:26:53,Mutiny on the Battalion Barque (blue),1,0
402,Gravy Bones,2025-06-27T20:26:53,Mutiny on the Swiftwater (blue),1,0
402,Gravy Bones,2025-06-27T20:26:53,Nimby (blue),1,0
402,Gravy Bones,2025-06-27T20:26:53,On the Horizon (blue),1,0
402,Gravy Bones,2025-06-27T20:26:53,Restless Bones (blue),2,0
402,Gravy Bones,2025-06-27T20:26:53,Sirens of Safe Harbor (blue),1,0
402,Gravy Bones,2025-06-27T20:26:53,Strike Gold (blue),1,0
402,Gravy Bones,2025-06-27T20:26:53,Swiftwater Sloop (blue),1,0
402,Gravy Bones,2025-06-27T20:26:53,Throw Caution to the Wind (blue),1,0
402,Gravy Bones,2025-06-27T20:26:53,Walk the Plank (blue),1,0
402,Gravy Bones,2025-06-27T20:26:53,Captain's Coat,1,1
402,Gravy Bones,2025-06-27T20:26:53,Helmsman's Peak,1,1
402,Gravy Bones,2025-06-27T20:26:53,Peg Leg,1,1
403,Puffin,2025-06-28T13:21:54,Cloud Skiff (red),1,0
403,Puffin,2025-06-28T13:21:54,Draw Back the Hammer (red),2,0
403,Puffin,2025-06-28T13:21:54,Goldwing Turbine (red),3,0
403,Puffin,2025-06-28T13:21:54,Nimblism (red),1,0
403,Puffin,2025-06-28T13:21:54,Nimby (red),1,0
403,Puffin,2025-06-28T13:21:54,On the Horizon (red),1,0
403,Puffin,2025-06-28T13:21:54,Perk Up (red),2,0
403,Puffin,2025-06-28T13:21:54,Scar for a Scar (red),2,0
403,Puffin,2025-06-28T13:21:54,Sky Skimmer (red),2,0
403,Puffin,2025-06-28T13:21:54,Swiftwater Sloop (red),1,0
403,Puffin,2025-06-28T13:21:54,Cloud Skiff (yellow),1,0
403,Puffin,2025-06-28T13:21:54,Goldwing Turbine (yellow),3,0
403,Puffin,2025-06-28T13:21:54,Midas Touch (yellow),1,0
403,Puffin,2025-06-28T13:21:54,Nimblism (yellow),1,0
403,Puffin,2025-06-28T13:21:54,Sky Skimmer (yellow),1,0
403,Puffin,2025-06-28T13:21:54,Strike Gold (yellow),1,0
403,Puffin,2025-06-28T13:21:54,Teeth of the Cog (yellow),1,0
403,Puffin,2025-06-28T13:21:54,Tough Old Wrench (yellow),1,0
403,Puffin,2025-06-28T13:21:54,Cloud Skiff (blue),1,0
403,Puffin,2025-06-28T13:21:54,Goldwing Turbine (blue),2,0
403,Puffin,2025-06-28T13:21:54,Mutiny on the Nimbus Sovereign (blue),1,0
403,Puffin,2025-06-28T13:21:54,Nimblism (blue),1,0
403,Puffin,2025-06-28T13:21:54,Nimby (blue),1,0
403,Puffin,2025-06-28T13:21:54,Sky Skimmer (blue),2,0
403,Puffin,2025-06-28T13:21:54,Swiftwater Sloop (blue),1,0
403,Puffin,2025-06-28T13:21:54,Teeth of the Cog (blue),1,0
403,Puffin,2025-06-28T13:21:54,Tough Old Wrench (blue),1,0
403,Puffin,2025-06-28T13:21:54,Rust Belt,1,1
403,Puffin,2025-06-28T13:21:54,Swiftstrike Bracers,1,1
403,Puffin,2025-06-28T13:21:54,Unicycle,1,1
404,Puffin,2025-06-29T04:21:07,Blow for a Blow (red),1,0
404,Puffin,2025-06-29T04:21:07,Cloud City Steamboat (red),1,0
404,Puffin,2025-06-29T04:21:07,Draw Back the Hammer (red),1,0
404,Puffin,2025-06-29T04:21:07,Expedition to Blackwater Strait (red),2,0
404,Puffin,2025-06-29T04:21:07,Goldwing Turbine (red),2,0
404,Puffin,2025-06-29T04:21:07,Chart a Course (red),1,0
404,Puffin,2025-06-29T04:21:07,On the Horizon (red),1,0
404,Puffin,2025-06-29T04:21:07,Palantir Aeronought (red),1,0
404,Puffin,2025-06-29T04:21:07,Sky Skimmer (red),2,0
404,Puffin,2025-06-29T04:21:07,Swiftwater Sloop (red),1,0
404,Puffin,2025-06-29T04:21:07,Tighten the Screws (red),1,0
404,Puffin,2025-06-29T04:21:07,Tough Old Wrench (red),2,0
404,Puffin,2025-06-29T04:21:07,Walk the Plank (red),1,0
404,Puffin,2025-06-29T04:21:07,Gold Hunter Ketch (yellow),1,0
404,Puffin,2025-06-29T04:21:07,Gold Hunter Lightsail (yellow),1,0
404,Puffin,2025-06-29T04:21:07,Gold Hunter Longboat (yellow),1,0
404,Puffin,2025-06-29T04:21:07,Loan Shark (yellow),1,0
404,Puffin,2025-06-29T04:21:07,Nimblism (yellow),2,0
404,Puffin,2025-06-29T04:21:07,Sky Skimmer (yellow),2,0
404,Puffin,2025-06-29T04:21:07,Teeth of the Cog (yellow),2,0
404,Puffin,2025-06-29T04:21:07,Tough Old Wrench (yellow),1,0
404,Puffin,2025-06-29T04:21:07,Cloud Skiff (blue),2,0
404,Puffin,2025-06-29T04:21:07,Chart a Course (blue),1,0
404,Puffin,2025-06-29T04:21:07,Lubricate (blue),1,0
404,Puffin,2025-06-29T04:21:07,Mutiny on the Nimbus Sovereign (blue),1,0
404,Puffin,2025-06-29T04:21:07,On the Horizon (blue),1,0
404,Puffin,2025-06-29T04:21:07,Opal Amulet (blue),1,0
404,Puffin,2025-06-29T04:21:07,Pinion Sentry (blue),1,0
404,Puffin,2025-06-29T04:21:07,Rally the Coast Guard (blue),1,0
404,Puffin,2025-06-29T04:21:07,Sky Skimmer (blue),1,0
404,Puffin,2025-06-29T04:21:07,Tough Old Wrench (blue),2,0
404,Puffin,2025-06-29T04:21:07,Blue Sea Tricorn,1,1
404,Puffin,2025-06-29T04:21:07,Unicycle,1,1
405,Puffin,2025-06-29T14:43:06,Battalion Barque (red),1,0
405,Puffin,2025-06-29T14:43:06,Cloud Skiff (red),1,0
405,Puffin,2025-06-29T14:43:06,Cog in the Machine (red),1,0
405,Puffin,2025-06-29T14:43:06,Cogwerx Dovetail (red),1,0
405,Puffin,2025-06-29T14:43:06,Cogwerx Zeppelin (red),1,0
405,Puffin,2025-06-29T14:43:06,Goldwing Turbine (red),2,0
405,Puffin,2025-06-29T14:43:06,Chart a Course (red),1,0
405,Puffin,2025-06-29T14:43:06,Life for a Life (red),1,0
405,Puffin,2025-06-29T14:43:06,Nimblism (red),1,0
405,Puffin,2025-06-29T14:43:06,Perk Up (red),1,0
405,Puffin,2025-06-29T14:43:06,Ravenous Rabble (red),2,0
405,Puffin,2025-06-29T14:43:06,Sky Skimmer (red),1,0
405,Puffin,2025-06-29T14:43:06,Teeth of the Cog (red),1,0
405,Puffin,2025-06-29T14:43:06,Tighten the Screws (red),1,0
405,Puffin,2025-06-29T14:43:06,Tough Old Wrench (red),1,0
405,Puffin,2025-06-29T14:43:06,Cloud Skiff (yellow),2,0
405,Puffin,2025-06-29T14:43:06,Fiddler's Green (yellow),1,0
405,Puffin,2025-06-29T14:43:06,Gold Hunter Longboat (yellow),1,0
405,Puffin,2025-06-29T14:43:06,Goldwing Turbine (yellow),1,0
405,Puffin,2025-06-29T14:43:06,Jolly Bludger (yellow),1,0
405,Puffin,2025-06-29T14:43:06,Nimblism (yellow),1,0
405,Puffin,2025-06-29T14:43:06,Nimby (yellow),1,0
405,Puffin,2025-06-29T14:43:06,Rally the Coast Guard (yellow),1,0
405,Puffin,2025-06-29T14:43:06,Sky Skimmer (yellow),1,0
405,Puffin,2025-06-29T14:43:06,Cogwerx Zeppelin (blue),1,0
405,Puffin,2025-06-29T14:43:06,Goldwing Turbine (blue),2,0
405,Puffin,2025-06-29T14:43:06,Mutiny on the Swiftwater (blue),1,0
405,Puffin,2025-06-29T14:43:06,Portside Exchange (blue),1,0
405,Puffin,2025-06-29T14:43:06,Sky Skimmer (blue),1,0
405,Puffin,2025-06-29T14:43:06,Swiftwater Sloop (blue),1,0
405,Puffin,2025-06-29T14:43:06,Tough Old Wrench (blue),1,0
405,Puffin,2025-06-29T14:43:06,Bandana of the Blue Beyond,1,1
405,Puffin,2025-06-29T14:43:06,Blue Sea Tricorn,1,1
405,Puffin,2025-06-29T14:43:06,Unicycle,1,1
406,Gravy Bones,2025-06-30T10:22:00,Expedition to Horizon's Mantle (red),1,0
406,Gravy Bones,2025-06-30T10:22:00,Chart a Course (red),2,0
406,Gravy Bones,2025-06-30T10:22:00,Jittery Bones (red),1,0
406,Gravy Bones,2025-06-30T10:22:00,Money or Your Life? (red),1,0
406,Gravy Bones,2025-06-30T10:22:00,On the Horizon (red),1,0
406,Gravy Bones,2025-06-30T10:22:00,Ravenous Rabble (red),1,0
406,Gravy Bones,2025-06-30T10:22:00,Thiev'n Varmints (red),1,0
406,Gravy Bones,2025-06-30T10:22:00,Angry Bones (yellow),1,0
406,Gravy Bones,2025-06-30T10:22:00,Battalion Barque (yellow),1,0
406,Gravy Bones,2025-06-30T10:22:00,Burly Bones (yellow),2,0
406,Gravy Bones,2025-06-30T10:22:00,Crash Down the Gates (yellow),1,0
406,Gravy Bones,2025-06-30T10:22:00,Rally the Coast Guard (yellow),3,0
406,Gravy Bones,2025-06-30T10:22:00,Riggermortis (yellow),3,0
406,Gravy Bones,2025-06-30T10:22:00,Walk the Plank (yellow),1,0
406,Gravy Bones,2025-06-30T10:22:00,Battalion Barque (blue),1,0
406,Gravy Bones,2025-06-30T10:22:00,Clap 'Em in Irons (blue),1,0
406,Gravy Bones,2025-06-30T10:22:00,Diamond Amulet (blue),1,0
406,Gravy Bones,2025-06-30T10:22:00,Golden Tipple (blue),1,0
406,Gravy Bones,2025-06-30T10:22:00,Chart a Course (blue),1,0
406,Gravy Bones,2025-06-30T10:22:00,Mutiny on the Battalion Barque (blue),1,0
406,Gravy Bones,2025-06-30T10:22:00,Mutiny on the Nimbus Sovereign (blue),1,0
406,Gravy Bones,2025-06-30T10:22:00,Mutiny on the Swiftwater (blue),1,0
406,Gravy Bones,2025-06-30T10:22:00,Restless Bones (blue),2,0
406,Gravy Bones,2025-06-30T10:22:00,Sirens of Safe Harbor (blue),1,0
406,Gravy Bones,2025-06-30T10:22:00,Swindler's Grift (blue),1,0
406,Gravy Bones,2025-06-30T10:22:00,Buccaneer's Bounty,1,1
406,Gravy Bones,2025-06-30T10:22:00,Head Stone,1,1
406,Gravy Bones,2025-06-30T10:22:00,Quartermaster's Boots,1,1
407,Marlynn,2025-06-30T11:26:49,Call in the Big Guns (red),2,0
407,Marlynn,2025-06-30T11:26:49,Entangling Shot (red),1,0
407,Marlynn,2025-06-30T11:26:49,Rally the Coast Guard (red),1,0
407,Marlynn,2025-06-30T11:26:49,Scar for a Scar (red),1,0
407,Marlynn,2025-06-30T11:26:49,Sic 'Em Shot (red),1,0
407,Marlynn,2025-06-30T11:26:49,Swiftwater Sloop (red),1,0
407,Marlynn,2025-06-30T11:26:49,Thiev'n Varmints (red),1,0
407,Marlynn,2025-06-30T11:26:49,Walk the Plank (red),2,0
407,Marlynn,2025-06-30T11:26:49,Crash Down the Gates (yellow),1,0
407,Marlynn,2025-06-30T11:26:49,HMS Marlin (yellow),1,0
407,Marlynn,2025-06-30T11:26:49,Chart a Course (yellow),1,0
407,Marlynn,2025-06-30T11:26:49,Lost in Transit (yellow),1,0
407,Marlynn,2025-06-30T11:26:49,Money or Your Life? (yellow),1,0
407,Marlynn,2025-06-30T11:26:49,On the Horizon (yellow),1,0
407,Marlynn,2025-06-30T11:26:49,Salvage Shot (yellow),1,0
407,Marlynn,2025-06-30T11:26:49,Sic 'Em Shot (yellow),1,0
407,Marlynn,2025-06-30T11:26:49,Divvy Up (blue),1,0
407,Marlynn,2025-06-30T11:26:49,Head Shot (blue),1,0
407,Marlynn,2025-06-30T11:26:49,Chart a Course (blue),1,0
407,Marlynn,2025-06-30T11:26:49,Mutiny on the Nimbus Sovereign (blue),1,0
407,Marlynn,2025-06-30T11:26:49,On the Horizon (blue),2,0
407,Marlynn,2025-06-30T11:26:49,Pilfer the Wreck (blue),1,0
407,Marlynn,2025-06-30T11:26:49,Rally the Coast Guard (blue),2,0
407,Marlynn,2025-06-30T11:26:49,Scrub the Deck (blue),1,0
407,Marlynn,2025-06-30T11:26:49,Sic 'Em Shot (blue),1,0
407,Marlynn,2025-06-30T11:26:49,Sirens of Safe Harbor (blue),1,0
407,Marlynn,2025-06-30T11:26:49,Strike Gold (blue),2,0
407,Marlynn,2025-06-30T11:26:49,Tit for Tat (blue),1,0
407,Marlynn,2025-06-30T11:26:49,Yellow Fin Harpoon (blue),1,0
407,Marlynn,2025-06-30T11:26:49,Fish Fingers,1,1
407,Marlynn,2025-06-30T11:26:49,Old Knocker,1,1
407,Marlynn,2025-06-30T11:26:49,Patch the Hole,1,1
407,Marlynn,2025-06-30T11:26:49,Quartermaster's Boots,1,1
408,Puffin,2025-06-30T23:16:04,Cog in the Machine (red),1,0
408,Puffin,2025-06-30T23:16:04,Expedition to Dreadfall Reach (red),1,0
408,Puffin,2025-06-30T23:16:04,Goldwing Turbine (red),1,0
408,Puffin,2025-06-30T23:16:04,Sky Skimmer (red),1,0
408,Puffin,2025-06-30T23:16:04,Thiev'n Varmints (red),1,0
408,Puffin,2025-06-30T23:16:04,Tighten the Screws (red),1,0
408,Puffin,2025-06-30T23:16:04,Tough Old Wrench (red),1,0
408,Puffin,2025-06-30T23:16:04,Battalion Barque (yellow),1,0
408,Puffin,2025-06-30T23:16:04,Crash Down the Gates (yellow),1,0
408,Puffin,2025-06-30T23:16:04,Gold Hunter Ketch (yellow),1,0
408,Puffin,2025-06-30T23:16:04,Gold Hunter Lightsail (yellow),1,0
408,Puffin,2025-06-30T23:16:04,Golden Skywarden (yellow),1,0
408,Puffin,2025-06-30T23:16:04,HMS Kraken (yellow),2,0
408,Puffin,2025-06-30T23:16:04,Nimblism (yellow),1,0
408,Puffin,2025-06-30T23:16:04,On the Horizon (yellow),1,0
408,Puffin,2025-06-30T23:16:04,Pilfer the Wreck (yellow),1,0
408,Puffin,2025-06-30T23:16:04,Sky Skimmer (yellow),1,0
408,Puffin,2025-06-30T23:16:04,Battalion Barque (blue),1,0
408,Puffin,2025-06-30T23:16:04,Cloud City Steamboat (blue),1,0
408,Puffin,2025-06-30T23:16:04,Crash Down the Gates (blue),1,0
408,Puffin,2025-06-30T23:16:04,Golden Tipple (blue),1,0
408,Puffin,2025-06-30T23:16:04,Goldwing Turbine (blue),1,0
408,Puffin,2025-06-30T23:16:04,Lubricate (blue),2,0
408,Puffin,2025-06-30T23:16:04,Mutiny on the Nimbus Sovereign (blue),1,0
408,Puffin,2025-06-30T23:16:04,Portside Exchange (blue),2,0
408,Puffin,2025-06-30T23:16:04,Rally the Coast Guard (blue),1,0
408,Puffin,2025-06-30T23:16:04,Tough Old Wrench (blue),1,0
408,Puffin,2025-06-30T23:16:04,Walk the Plank (blue),3,0
408,Puffin,2025-06-30T23:16:04,Helmsman's Peak,1,1
408,Puffin,2025-06-30T23:16:04,Old Knocker,1,1
408,Puffin,2025-06-30T23:16:04,Peg Leg,1,1
408,Puffin,2025-06-30T23:16:04,Quick Clicks,1,1
408,Puffin,2025-06-30T23:16:04,Unicycle,1,1
409,Gravy Bones,2025-07-01T03:11:40,Board the Ship (red),1,0
409,Gravy Bones,2025-07-01T03:11:40,Burly Bones (red),1,0
409,Gravy Bones,2025-07-01T03:11:40,Expedition to Blackwater Strait (red),1,0
409,Gravy Bones,2025-07-01T03:11:40,Expedition to Horizon's Mantle (red),1,0
409,Gravy Bones,2025-07-01T03:11:40,Jittery Bones (red),1,0
409,Gravy Bones,2025-07-01T03:11:40,Swiftwater Sloop (red),1,0
409,Gravy Bones,2025-07-01T03:11:40,Barnacle (yellow),1,0
409,Gravy Bones,2025-07-01T03:11:40,Burly Bones (yellow),1,0
409,Gravy Bones,2025-07-01T03:11:40,"Cutty Shark, Quick Clip (yellow)",2,0
409,Gravy Bones,2025-07-01T03:11:40,Chart a Course (yellow),1,0
409,Gravy Bones,2025-07-01T03:11:40,Jittery Bones (yellow),1,0
409,Gravy Bones,2025-07-01T03:11:40,"Limpit, Hop-a-long (yellow)",1,0
409,Gravy Bones,2025-07-01T03:11:40,Restless Bones (yellow),1,0
409,Gravy Bones,2025-07-01T03:11:40,Strike Gold (yellow),1,0
409,Gravy Bones,2025-07-01T03:11:40,Swabbie (yellow),3,0
409,Gravy Bones,2025-07-01T03:11:40,Swiftwater Sloop (yellow),1,0
409,Gravy Bones,2025-07-01T03:11:40,Angry Bones (blue),2,0
409,Gravy Bones,2025-07-01T03:11:40,Avast Ye! (blue),1,0
409,Gravy Bones,2025-07-01T03:11:40,Burly Bones (blue),2,0
409,Gravy Bones,2025-07-01T03:11:40,Clap 'Em in Irons (blue),1,0
409,Gravy Bones,2025-07-01T03:11:40,Diamond Amulet (blue),1,0
409,Gravy Bones,2025-07-01T03:11:40,Golden Tipple (blue),1,0
409,Gravy Bones,2025-07-01T03:11:40,Mutiny on the Battalion Barque (blue),1,0
409,Gravy Bones,2025-07-01T03:11:40,Mutiny on the Swiftwater (blue),2,0
409,Gravy Bones,2025-07-01T03:11:40,Restless Bones (blue),2,0
409,Gravy Bones,2025-07-01T03:11:40,Sea Floor Salvage (blue),1,0
409,Gravy Bones,2025-07-01T03:11:40,Swiftwater Sloop (blue),1,0
409,Gravy Bones,2025-07-01T03:11:40,Tit for Tat (blue),1,0
409,Gravy Bones,2025-07-01T03:11:40,Yo Ho Ho! (blue),1,0
409,Gravy Bones,2025-07-01T03:11:40,Head Stone,1,1
409,Gravy Bones,2025-07-01T03:11:40,Old Knocker,2,1
409,Gravy Bones,2025-07-01T03:11:40,Quartermaster's Boots,1,1
409,Gravy Bones,2025-07-01T03:11:40,Washed Up Wave,1,1
410,Gravy Bones,2025-07-01T15:31:57,Angry Bones (red),2,0
410,Gravy Bones,2025-07-01T15:31:57,Board the Ship (red),1,0
410,Gravy Bones,2025-07-01T15:31:57,Burly Bones (red),1,0
410,Gravy Bones,2025-07-01T15:31:57,Expedition to Horizon's Mantle (red),1,0
410,Gravy Bones,2025-07-01T15:31:57,Jittery Bones (red),1,0
410,Gravy Bones,2025-07-01T15:31:57,Rally the Coast Guard (red),1,0
410,Gravy Bones,2025-07-01T15:31:57,Restless Bones (red),2,0
410,Gravy Bones,2025-07-01T15:31:57,Burly Bones (yellow),2,0
410,Gravy Bones,2025-07-01T15:31:57,"Cutty Shark, Quick Clip (yellow)",1,0
410,Gravy Bones,2025-07-01T15:31:57,Flying High (yellow),1,0
410,Gravy Bones,2025-07-01T15:31:57,"Chowder, Hearty Cook (yellow)",1,0
410,Gravy Bones,2025-07-01T15:31:57,Lost in Transit (yellow),1,0
410,Gravy Bones,2025-07-01T15:31:57,Riggermortis (yellow),1,0
410,Gravy Bones,2025-07-01T15:31:57,"Shelly, Hardened Traveler (yellow)",2,0
410,Gravy Bones,2025-07-01T15:31:57,Swabbie (yellow),2,0
410,Gravy Bones,2025-07-01T15:31:57,Wailer Humperdinck (yellow),1,0
410,Gravy Bones,2025-07-01T15:31:57,Angry Bones (blue),1,0
410,Gravy Bones,2025-07-01T15:31:57,Battalion Barque (blue),1,0
410,Gravy Bones,2025-07-01T15:31:57,Golden Tipple (blue),3,0
410,Gravy Bones,2025-07-01T15:31:57,Jittery Bones (blue),1,0
410,Gravy Bones,2025-07-01T15:31:57,Mutiny on the Battalion Barque (blue),2,0
410,Gravy Bones,2025-07-01T15:31:57,Mutiny on the Nimbus Sovereign (blue),1,0
410,Gravy Bones,2025-07-01T15:31:57,Mutiny on the Swiftwater (blue),1,0
410,Gravy Bones,2025-07-01T15:31:57,On the Horizon (blue),1,0
410,Gravy Bones,2025-07-01T15:31:57,Opal Amulet (blue),1,0
410,Gravy Bones,2025-07-01T15:31:57,Restless Bones (blue),1,0
410,Gravy Bones,2025-07-01T15:31:57,Sirens of Safe Harbor (blue),1,0
410,Gravy Bones,2025-07-01T15:31:57,Throw Caution to the Wind (blue),1,0
410,Gravy Bones,2025-07-01T15:31:57,Trade In (blue),1,0
410,Gravy Bones,2025-07-01T15:31:57,Walk the Plank (blue),1,0
410,Gravy Bones,2025-07-01T15:31:57,Captain's Coat,1,1
410,Gravy Bones,2025-07-01T15:31:57,Head Stone,1,1
410,Gravy Bones,2025-07-01T15:31:57,Washed Up Wave,1,1
411,Gravy Bones,2025-07-01T20:02:35,Expedition to Azuro Keys (red),1,0
411,Gravy Bones,2025-07-01T20:02:35,Fiddler's Green (red),3,0
411,Gravy Bones,2025-07-01T20:02:35,Jittery Bones (red),1,0
411,Gravy Bones,2025-07-01T20:02:35,Pilfer the Wreck (red),1,0
411,Gravy Bones,2025-07-01T20:02:35,Rally the Coast Guard (red),1,0
411,Gravy Bones,2025-07-01T20:02:35,Restless Bones (red),1,0
411,Gravy Bones,2025-07-01T20:02:35,Saltwater Swell (red),1,0
411,Gravy Bones,2025-07-01T20:02:35,Swiftwater Sloop (red),2,0
411,Gravy Bones,2025-07-01T20:02:35,Angry Bones (yellow),2,0
411,Gravy Bones,2025-07-01T20:02:35,"Cutty Shark, Quick Clip (yellow)",1,0
411,Gravy Bones,2025-07-01T20:02:35,"Chowder, Hearty Cook (yellow)",2,0
411,Gravy Bones,2025-07-01T20:02:35,"Kelpie, Tangled Mess (yellow)",1,0
411,Gravy Bones,2025-07-01T20:02:35,Nimby (yellow),2,0
411,Gravy Bones,2025-07-01T20:02:35,Rally the Coast Guard (yellow),2,0
411,Gravy Bones,2025-07-01T20:02:35,Restless Bones (yellow),1,0
411,Gravy Bones,2025-07-01T20:02:35,Sirens of Safe Harbor (yellow),1,0
411,Gravy Bones,2025-07-01T20:02:35,Swabbie (yellow),1,0
411,Gravy Bones,2025-07-01T20:02:35,Trade In (yellow),1,0
411,Gravy Bones,2025-07-01T20:02:35,Angry Bones (blue),2,0
411,Gravy Bones,2025-07-01T20:02:35,Burly Bones (blue),1,0
411,Gravy Bones,2025-07-01T20:02:35,Flying High (blue),1,0
411,Gravy Bones,2025-07-01T20:02:35,Jittery Bones (blue),1,0
411,Gravy Bones,2025-07-01T20:02:35,Nimblism (blue),1,0
411,Gravy Bones,2025-07-01T20:02:35,Pilfer the Wreck (blue),1,0
411,Gravy Bones,2025-07-01T20:02:35,Restless Bones (blue),1,0
411,Gravy Bones,2025-07-01T20:02:35,Saltwater Swell (blue),1,0
411,Gravy Bones,2025-07-01T20:02:35,Yo Ho Ho! (blue),1,0
411,Gravy Bones,2025-07-01T20:02:35,Bandana of the Blue Beyond,2,1
411,Gravy Bones,2025-07-01T20:02:35,Buccaneer's Bounty,1,1
411,Gravy Bones,2025-07-01T20:02:35,Washed Up Wave,1,1
412,Puffin,2025-07-01T23:42:30,Cloud Skiff (red),1,0
412,Puffin,2025-07-01T23:42:30,Crash Down the Gates (red),1,0
412,Puffin,2025-07-01T23:42:30,Draw Back the Hammer (red),1,0
412,Puffin,2025-07-01T23:42:30,Goldwing Turbine (red),1,0
412,Puffin,2025-07-01T23:42:30,Chart a Course (red),1,0
412,Puffin,2025-07-01T23:42:30,Nimblism (red),1,0
412,Puffin,2025-07-01T23:42:30,Nimby (red),1,0
412,Puffin,2025-07-01T23:42:30,Perk Up (red),1,0
412,Puffin,2025-07-01T23:42:30,Ravenous Rabble (red),2,0
412,Puffin,2025-07-01T23:42:30,Sky Skimmer (red),2,0
412,Puffin,2025-07-01T23:42:30,Strike Gold (red),2,0
412,Puffin,2025-07-01T23:42:30,Swindler's Grift (red),1,0
412,Puffin,2025-07-01T23:42:30,Teeth of the Cog (red),1,0
412,Puffin,2025-07-01T23:42:30,Cloud Skiff (yellow),2,0
412,Puffin,2025-07-01T23:42:30,Gold Hunter Longboat (yellow),1,0
412,Puffin,2025-07-01T23:42:30,Goldwing Turbine (yellow),2,0
412,Puffin,2025-07-01T23:42:30,On the Horizon (yellow),1,0
412,Puffin,2025-07-01T23:42:30,Saltwater Swell (yellow),1,0
412,Puffin,2025-07-01T23:42:30,Sky Skimmer (yellow),1,0
412,Puffin,2025-07-01T23:42:30,Strike Gold (yellow),1,0
412,Puffin,2025-07-01T23:42:30,Teeth of the Cog (yellow),1,0
412,Puffin,2025-07-01T23:42:30,Cloud City Steamboat (blue),1,0
412,Puffin,2025-07-01T23:42:30,Divvy Up (blue),1,0
412,Puffin,2025-07-01T23:42:30,Fiddler's Green (blue),1,0
412,Puffin,2025-07-01T23:42:30,Mutiny on the Battalion Barque (blue),1,0
412,Puffin,2025-07-01T23:42:30,Sky Skimmer (blue),1,0
412,Puffin,2025-07-01T23:42:30,Strike Gold (blue),1,0
412,Puffin,2025-07-01T23:42:30,Blue Sea Tricorn,1,1
412,Puffin,2025-07-01T23:42:30,Buccaneer's Bounty,1,1
412,Puffin,2025-07-01T23:42:30,Quick Clicks,1,1
412,Puffin,2025-07-01T23:42:30,Swiftstrike Bracers,1,1
412,Puffin,2025-07-01T23:42:30,Unicycle,1,1
413,Gravy Bones,2025-07-02T16:08:20,Blood in the Water (red),1,0
413,Gravy Bones,2025-07-02T16:08:20,Blow for a Blow (red),1,0
413,Gravy Bones,2025-07-02T16:08:20,Board the Ship (red),2,0
413,Gravy Bones,2025-07-02T16:08:20,Burly Bones (red),1,0
413,Gravy Bones,2025-07-02T16:08:20,Expedition to Dreadfall Reach (red),1,0
413,Gravy Bones,2025-07-02T16:08:20,Flying High (red),1,0
413,Gravy Bones,2025-07-02T16:08:20,Jittery Bones (red),1,0
413,Gravy Bones,2025-07-02T16:08:20,Restless Bones (red),2,0
413,Gravy Bones,2025-07-02T16:08:20,Walk the Plank (red),1,0
413,Gravy Bones,2025-07-02T16:08:20,Angry Bones (yellow),1,0
413,Gravy Bones,2025-07-02T16:08:20,Battalion Barque (yellow),2,0
413,Gravy Bones,2025-07-02T16:08:20,"Cutty Shark, Quick Clip (yellow)",1,0
413,Gravy Bones,2025-07-02T16:08:20,HMS Kraken (yellow),1,0
413,Gravy Bones,2025-07-02T16:08:20,"Chowder, Hearty Cook (yellow)",1,0
413,Gravy Bones,2025-07-02T16:08:20,"Limpit, Hop-a-long (yellow)",1,0
413,Gravy Bones,2025-07-02T16:08:20,Riggermortis (yellow),2,0
413,Gravy Bones,2025-07-02T16:08:20,"Shelly, Hardened Traveler (yellow)",2,0
413,Gravy Bones,2025-07-02T16:08:20,Swabbie (yellow),2,0
413,Gravy Bones,2025-07-02T16:08:20,Walk the Plank (yellow),1,0
413,Gravy Bones,2025-07-02T16:08:20,Angry Bones (blue),2,0
413,Gravy Bones,2025-07-02T16:08:20,Avast Ye! (blue),1,0
413,Gravy Bones,2025-07-02T16:08:20,Battalion Barque (blue),1,0
413,Gravy Bones,2025-07-02T16:08:20,Divvy Up (blue),1,0
413,Gravy Bones,2025-07-02T16:08:20,Golden Tipple (blue),2,0
413,Gravy Bones,2025-07-02T16:08:20,Jittery Bones (blue),1,0
413,Gravy Bones,2025-07-02T16:08:20,Mutiny on the Battalion Barque (blue),1,0
413,Gravy Bones,2025-07-02T16:08:20,Mutiny on the Nimbus Sovereign (blue),1,0
413,Gravy Bones,2025-07-02T16:08:20,Scrub the Deck (blue),1,0
413,Gravy Bones,2025-07-02T16:08:20,Sea Floor Salvage (blue),1,0
413,Gravy Bones,2025-07-02T16:08:20,Swiftwater Sloop (blue),1,0
413,Gravy Bones,2025-07-02T16:08:20,Yo Ho Ho! (blue),1,0
413,Gravy Bones,2025-07-02T16:08:20,Captain's Coat,1,1
413,Gravy Bones,2025-07-02T16:08:20,Head Stone,1,1
413,Gravy Bones,2025-07-02T16:08:20,Washed Up Wave,1,1
414,Gravy Bones,2025-07-02T18:13:28,Angry Bones (red),1,0
414,Gravy Bones,2025-07-02T18:13:28,Burly Bones (red),2,0
414,Gravy Bones,2025-07-02T18:13:28,Jittery Bones (red),1,0
414,Gravy Bones,2025-07-02T18:13:28,On the Horizon (red),1,0
414,Gravy Bones,2025-07-02T18:13:28,Restless Bones (red),3,0
414,Gravy Bones,2025-07-02T18:13:28,Thiev'n Varmints (red),1,0
414,Gravy Bones,2025-07-02T18:13:28,Angry Bones (yellow),2,0
414,Gravy Bones,2025-07-02T18:13:28,Barnacle (yellow),1,0
414,Gravy Bones,2025-07-02T18:13:28,"Chowder, Hearty Cook (yellow)",1,0
414,Gravy Bones,2025-07-02T18:13:28,Rally the Coast Guard (yellow),1,0
414,Gravy Bones,2025-07-02T18:13:28,Riggermortis (yellow),1,0
414,Gravy Bones,2025-07-02T18:13:28,"Scooba, Salty Sea Dog (yellow)",1,0
414,Gravy Bones,2025-07-02T18:13:28,"Shelly, Hardened Traveler (yellow)",1,0
414,Gravy Bones,2025-07-02T18:13:28,Swabbie (yellow),3,0
414,Gravy Bones,2025-07-02T18:13:28,Avast Ye! (blue),1,0
414,Gravy Bones,2025-07-02T18:13:28,Burly Bones (blue),2,0
414,Gravy Bones,2025-07-02T18:13:28,Golden Tipple (blue),2,0
414,Gravy Bones,2025-07-02T18:13:28,Heave Ho! (blue),1,0
414,Gravy Bones,2025-07-02T18:13:28,Jittery Bones (blue),2,0
414,Gravy Bones,2025-07-02T18:13:28,Mutiny on the Battalion Barque (blue),1,0
414,Gravy Bones,2025-07-02T18:13:28,Pounamu Amulet (blue),1,0
414,Gravy Bones,2025-07-02T18:13:28,Restless Bones (blue),3,0
414,Gravy Bones,2025-07-02T18:13:28,Saltwater Swell (blue),1,0
414,Gravy Bones,2025-07-02T18:13:28,Captain's Coat,1,1
414,Gravy Bones,2025-07-02T18:13:28,Head Stone,1,1
414,Gravy Bones,2025-07-02T18:13:28,Quick Clicks,1,1
414,Gravy Bones,2025-07-02T18:13:28,Washed Up Wave,1,1
415,Marlynn,2025-07-03T00:21:35,Battalion Barque (red),1,0
415,Marlynn,2025-07-03T00:21:35,Call in the Big Guns (red),1,0
415,Marlynn,2025-07-03T00:21:35,Crash Down the Gates (red),1,0
415,Marlynn,2025-07-03T00:21:35,Dry Powder Shot (red),2,0
415,Marlynn,2025-07-03T00:21:35,Entangling Shot (red),1,0
415,Marlynn,2025-07-03T00:21:35,Jack Be Quick (red),1,0
415,Marlynn,2025-07-03T00:21:35,King Kraken Harpoon (red),2,0
415,Marlynn,2025-07-03T00:21:35,Life for a Life (red),1,0
415,Marlynn,2025-07-03T00:21:35,On the Horizon (red),1,0
415,Marlynn,2025-07-03T00:21:35,Swift Shot (red),1,0
415,Marlynn,2025-07-03T00:21:35,Big Game Trophy Shot (yellow),1,0
415,Marlynn,2025-07-03T00:21:35,Call in the Big Guns (yellow),1,0
415,Marlynn,2025-07-03T00:21:35,Head Shot (yellow),1,0
415,Marlynn,2025-07-03T00:21:35,Lost in Transit (yellow),1,0
415,Marlynn,2025-07-03T00:21:35,Salvage Shot (yellow),1,0
415,Marlynn,2025-07-03T00:21:35,Sic 'Em Shot (yellow),2,0
415,Marlynn,2025-07-03T00:21:35,Head Shot (blue),1,0
415,Marlynn,2025-07-03T00:21:35,Hook (blue),1,0
415,Marlynn,2025-07-03T00:21:35,Money or Your Life? (blue),1,0
415,Marlynn,2025-07-03T00:21:35,Mutiny on the Nimbus Sovereign (blue),1,0
415,Marlynn,2025-07-03T00:21:35,Mutiny on the Swiftwater (blue),1,0
415,Marlynn,2025-07-03T00:21:35,Nimby (blue),1,0
415,Marlynn,2025-07-03T00:21:35,Regain Composure (blue),1,0
415,Marlynn,2025-07-03T00:21:35,Rusty Harpoon (blue),2,0
415,Marlynn,2025-07-03T00:21:35,Salvage Shot (blue),2,0
415,Marlynn,2025-07-03T00:21:35,Shifting Tides (blue),1,0
415,Marlynn,2025-07-03T00:21:35,Sic 'Em Shot (blue),1,0
415,Marlynn,2025-07-03T00:21:35,Sirens of Safe Harbor (blue),1,0
415,Marlynn,2025-07-03T00:21:35,Blue Sea Tricorn,1,1
415,Marlynn,2025-07-03T00:21:35,Glidewell Fins,1,1
415,Marlynn,2025-07-03T00:21:35,Old Knocker,1,1
415,Marlynn,2025-07-03T00:21:35,Peg Leg,1,1
416,Gravy Bones,2025-07-03T12:03:56,Angry Bones (red),1,0
416,Gravy Bones,2025-07-03T12:03:56,Battalion Barque (red),1,0
416,Gravy Bones,2025-07-03T12:03:56,Burly Bones (red),1,0
416,Gravy Bones,2025-07-03T12:03:56,Golden Tipple (red),1,0
416,Gravy Bones,2025-07-03T12:03:56,Restless Bones (red),1,0
416,Gravy Bones,2025-07-03T12:03:56,Swiftwater Sloop (red),1,0
416,Gravy Bones,2025-07-03T12:03:56,Angry Bones (yellow),1,0
416,Gravy Bones,2025-07-03T12:03:56,Barnacle (yellow),1,0
416,Gravy Bones,2025-07-03T12:03:56,Battalion Barque (yellow),1,0
416,Gravy Bones,2025-07-03T12:03:56,Crash Down the Gates (yellow),1,0
416,Gravy Bones,2025-07-03T12:03:56,"Cutty Shark, Quick Clip (yellow)",3,0
416,Gravy Bones,2025-07-03T12:03:56,Jittery Bones (yellow),1,0
416,Gravy Bones,2025-07-03T12:03:56,"Kelpie, Tangled Mess (yellow)",1,0
416,Gravy Bones,2025-07-03T12:03:56,Lost in Transit (yellow),1,0
416,Gravy Bones,2025-07-03T12:03:56,Nimblism (yellow),1,0
416,Gravy Bones,2025-07-03T12:03:56,Nimby (yellow),2,0
416,Gravy Bones,2025-07-03T12:03:56,On the Horizon (yellow),1,0
416,Gravy Bones,2025-07-03T12:03:56,Riggermortis (yellow),1,0
416,Gravy Bones,2025-07-03T12:03:56,Saltwater Swell (yellow),1,0
416,Gravy Bones,2025-07-03T12:03:56,"Shelly, Hardened Traveler (yellow)",1,0
416,Gravy Bones,2025-07-03T12:03:56,Swabbie (yellow),1,0
416,Gravy Bones,2025-07-03T12:03:56,Angry Bones (blue),1,0
416,Gravy Bones,2025-07-03T12:03:56,Burly Bones (blue),1,0
416,Gravy Bones,2025-07-03T12:03:56,Clap 'Em in Irons (blue),1,0
416,Gravy Bones,2025-07-03T12:03:56,Golden Tipple (blue),1,0
416,Gravy Bones,2025-07-03T12:03:56,Jittery Bones (blue),2,0
416,Gravy Bones,2025-07-03T12:03:56,Mutiny on the Swiftwater (blue),1,0
416,Gravy Bones,2025-07-03T12:03:56,On the Horizon (blue),1,0
416,Gravy Bones,2025-07-03T12:03:56,Restless Bones (blue),2,0
416,Gravy Bones,2025-07-03T12:03:56,Swindler's Grift (blue),1,0
416,Gravy Bones,2025-07-03T12:03:56,Trade In (blue),2,0
416,Gravy Bones,2025-07-03T12:03:56,Walk the Plank (blue),1,0
416,Gravy Bones,2025-07-03T12:03:56,Captain's Coat,1,1
416,Gravy Bones,2025-07-03T12:03:56,Head Stone,1,1
416,Gravy Bones,2025-07-03T12:03:56,Washed Up Wave,1,1
417,Gravy Bones,2025-07-03T13:49:32,Blow for a Blow (red),1,0
417,Gravy Bones,2025-07-03T13:49:32,Board the Ship (red),1,0
417,Gravy Bones,2025-07-03T13:49:32,Burly Bones (red),1,0
417,Gravy Bones,2025-07-03T13:49:32,Golden Tipple (red),1,0
417,Gravy Bones,2025-07-03T13:49:32,Jittery Bones (red),2,0
417,Gravy Bones,2025-07-03T13:49:32,Battalion Barque (yellow),1,0
417,Gravy Bones,2025-07-03T13:49:32,Burly Bones (yellow),1,0
417,Gravy Bones,2025-07-03T13:49:32,Jittery Bones (yellow),1,0
417,Gravy Bones,2025-07-03T13:49:32,"Kelpie, Tangled Mess (yellow)",1,0
417,Gravy Bones,2025-07-03T13:49:32,"Limpit, Hop-a-long (yellow)",1,0
417,Gravy Bones,2025-07-03T13:49:32,Restless Bones (yellow),1,0
417,Gravy Bones,2025-07-03T13:49:32,Riggermortis (yellow),1,0
417,Gravy Bones,2025-07-03T13:49:32,Saltwater Swell (yellow),1,0
417,Gravy Bones,2025-07-03T13:49:32,"Scooba, Salty Sea Dog (yellow)",1,0
417,Gravy Bones,2025-07-03T13:49:32,Sea Legs (yellow),1,0
417,Gravy Bones,2025-07-03T13:49:32,"Shelly, Hardened Traveler (yellow)",3,0
417,Gravy Bones,2025-07-03T13:49:32,Swabbie (yellow),1,0
417,Gravy Bones,2025-07-03T13:49:32,Swiftwater Sloop (yellow),1,0
417,Gravy Bones,2025-07-03T13:49:32,Angry Bones (blue),2,0
417,Gravy Bones,2025-07-03T13:49:32,Avast Ye! (blue),1,0
417,Gravy Bones,2025-07-03T13:49:32,Burly Bones (blue),3,0
417,Gravy Bones,2025-07-03T13:49:32,Give No Quarter (blue),1,0
417,Gravy Bones,2025-07-03T13:49:32,Heave Ho! (blue),1,0
417,Gravy Bones,2025-07-03T13:49:32,Mutiny on the Swiftwater (blue),2,0
417,Gravy Bones,2025-07-03T13:49:32,Sea Floor Salvage (blue),1,0
417,Gravy Bones,2025-07-03T13:49:32,Strike Gold (blue),1,0
417,Gravy Bones,2025-07-03T13:49:32,Swiftwater Sloop (blue),2,0
417,Gravy Bones,2025-07-03T13:49:32,Trade In (blue),1,0
417,Gravy Bones,2025-07-03T13:49:32,Yo Ho Ho! (blue),1,0
417,Gravy Bones,2025-07-03T13:49:32,Head Stone,1,1
417,Gravy Bones,2025-07-03T13:49:32,Helmsman's Peak,1,1
417,Gravy Bones,2025-07-03T13:49:32,Old Knocker,1,1
417,Gravy Bones,2025-07-03T13:49:32,Quartermaster's Boots,1,1
417,Gravy Bones,2025-07-03T13:49:32,Washed Up Wave,1,1
418,"Scurv, Stowaway",2025-07-03T18:49:39,Expedition to Azuro Keys (red),1,0
418,"Scurv, Stowaway",2025-07-03T18:49:39,Expedition to Blackwater Strait (red),3,0
418,"Scurv, Stowaway",2025-07-03T18:49:39,Expedition to Horizon's Mantle (red),2,0
418,"Scurv, Stowaway",2025-07-03T18:49:39,Money or Your Life? (red),1,0
418,"Scurv, Stowaway",2025-07-03T18:49:39,On the Horizon (red),2,0
418,"Scurv, Stowaway",2025-07-03T18:49:39,Sirens of Safe Harbor (red),1,0
418,"Scurv, Stowaway",2025-07-03T18:49:39,Swindler's Grift (red),2,0
418,"Scurv, Stowaway",2025-07-03T18:49:39,Thiev'n Varmints (red),2,0
418,"Scurv, Stowaway",2025-07-03T18:49:39,Gold Hunter Ketch (yellow),2,0
418,"Scurv, Stowaway",2025-07-03T18:49:39,Gold Hunter Lightsail (yellow),2,0
418,"Scurv, Stowaway",2025-07-03T18:49:39,Gold Hunter Marauder (yellow),2,0
418,"Scurv, Stowaway",2025-07-03T18:49:39,Chart a Course (yellow),2,0
418,"Scurv, Stowaway",2025-07-03T18:49:39,Money or Your Life? (yellow),1,0
418,"Scurv, Stowaway",2025-07-03T18:49:39,Sirens of Safe Harbor (yellow),2,0
418,"Scurv, Stowaway",2025-07-03T18:49:39,Mutiny on the Battalion Barque (blue),1,0
418,"Scurv, Stowaway",2025-07-03T18:49:39,Mutiny on the Nimbus Sovereign (blue),1,0
418,"Scurv, Stowaway",2025-07-03T18:49:39,Mutiny on the Swiftwater (blue),1,0
418,"Scurv, Stowaway",2025-07-03T18:49:39,Sirens of Safe Harbor (blue),1,0
418,"Scurv, Stowaway",2025-07-03T18:49:39,Strike Gold (blue),2,0
418,"Scurv, Stowaway",2025-07-03T18:49:39,Sunken Treasure (blue),1,0
418,"Scurv, Stowaway",2025-07-03T18:49:39,Swiftwater Sloop (blue),2,0
418,"Scurv, Stowaway",2025-07-03T18:49:39,Swindler's Grift (blue),1,0
418,"Scurv, Stowaway",2025-07-03T18:49:39,Walk the Plank (blue),1,0
418,"Scurv, Stowaway",2025-07-03T18:49:39,Old Knocker,1,1
418,"Scurv, Stowaway",2025-07-03T18:49:39,Quartermaster's Boots,1,1
419,Puffin,2025-07-03T20:13:29,Cloud Skiff (red),1,0
419,Puffin,2025-07-03T20:13:29,Cogwerx Dovetail (red),1,0
419,Puffin,2025-07-03T20:13:29,Draw Back the Hammer (red),1,0
419,Puffin,2025-07-03T20:13:29,Goldwing Turbine (red),2,0
419,Puffin,2025-07-03T20:13:29,Chart a Course (red),2,0
419,Puffin,2025-07-03T20:13:29,On the Horizon (red),1,0
419,Puffin,2025-07-03T20:13:29,Perk Up (red),1,0
419,Puffin,2025-07-03T20:13:29,Sky Skimmer (red),1,0
419,Puffin,2025-07-03T20:13:29,Swindler's Grift (red),1,0
419,Puffin,2025-07-03T20:13:29,Teeth of the Cog (red),1,0
419,Puffin,2025-07-03T20:13:29,Tighten the Screws (red),2,0
419,Puffin,2025-07-03T20:13:29,Tough Old Wrench (red),1,0
419,Puffin,2025-07-03T20:13:29,Cloud Skiff (yellow),1,0
419,Puffin,2025-07-03T20:13:29,Crash Down the Gates (yellow),1,0
419,Puffin,2025-07-03T20:13:29,Gold Hunter Ketch (yellow),1,0
419,Puffin,2025-07-03T20:13:29,Chart a Course (yellow),1,0
419,Puffin,2025-07-03T20:13:29,Lost in Transit (yellow),1,0
419,Puffin,2025-07-03T20:13:29,On the Horizon (yellow),2,0
419,Puffin,2025-07-03T20:13:29,Swindler's Grift (yellow),2,0
419,Puffin,2025-07-03T20:13:29,Tough Old Wrench (yellow),1,0
419,Puffin,2025-07-03T20:13:29,Battalion Barque (blue),2,0
419,Puffin,2025-07-03T20:13:29,Clap 'Em in Irons (blue),1,0
419,Puffin,2025-07-03T20:13:29,Cloud Skiff (blue),2,0
419,Puffin,2025-07-03T20:13:29,Goldwing Turbine (blue),3,0
419,Puffin,2025-07-03T20:13:29,Chart a Course (blue),1,0
419,Puffin,2025-07-03T20:13:29,Scrub the Deck (blue),1,0
419,Puffin,2025-07-03T20:13:29,Sky Skimmer (blue),1,0
419,Puffin,2025-07-03T20:13:29,Swiftwater Sloop (blue),1,0
419,Puffin,2025-07-03T20:13:29,Helmsman's Peak,1,1
419,Puffin,2025-07-03T20:13:29,Light Fingers,1,1
419,Puffin,2025-07-03T20:13:29,Unicycle,1,1
420,Marlynn,2025-07-04T07:56:55,Call in the Big Guns (red),2,0
420,Marlynn,2025-07-04T07:56:55,Dry Powder Shot (red),2,0
420,Marlynn,2025-07-04T07:56:55,Fire in the Hole (red),1,0
420,Marlynn,2025-07-04T07:56:55,Head Shot (red),1,0
420,Marlynn,2025-07-04T07:56:55,On the Horizon (red),2,0
420,Marlynn,2025-07-04T07:56:55,Ravenous Rabble (red),1,0
420,Marlynn,2025-07-04T07:56:55,Salvage Shot (red),1,0
420,Marlynn,2025-07-04T07:56:55,Scar for a Scar (red),1,0
420,Marlynn,2025-07-04T07:56:55,Scouting Shot (red),2,0
420,Marlynn,2025-07-04T07:56:55,Sirens of Safe Harbor (red),1,0
420,Marlynn,2025-07-04T07:56:55,Swift Shot (red),1,0
420,Marlynn,2025-07-04T07:56:55,Swiftwater Sloop (red),1,0
420,Marlynn,2025-07-04T07:56:55,Walk the Plank (red),1,0
420,Marlynn,2025-07-04T07:56:55,Strike Gold (yellow),2,0
420,Marlynn,2025-07-04T07:56:55,Divvy Up (blue),1,0
420,Marlynn,2025-07-04T07:56:55,Head Shot (blue),1,0
420,Marlynn,2025-07-04T07:56:55,Mutiny on the Battalion Barque (blue),2,0
420,Marlynn,2025-07-04T07:56:55,Mutiny on the Swiftwater (blue),1,0
420,Marlynn,2025-07-04T07:56:55,Nimby (blue),1,0
420,Marlynn,2025-07-04T07:56:55,On the Horizon (blue),1,0
420,Marlynn,2025-07-04T07:56:55,Salvage Shot (blue),1,0
420,Marlynn,2025-07-04T07:56:55,Sic 'Em Shot (blue),2,0
420,Marlynn,2025-07-04T07:56:55,Strike Gold (blue),1,0
420,Marlynn,2025-07-04T07:56:55,Swindler's Grift (blue),1,0
420,Marlynn,2025-07-04T07:56:55,Trade In (blue),1,0
420,Marlynn,2025-07-04T07:56:55,Blue Sea Tricorn,1,1
420,Marlynn,2025-07-04T07:56:55,Glidewell Fins,1,1
420,Marlynn,2025-07-04T07:56:55,Quick Clicks,1,1
421,Gravy Bones,2025-07-04T10:35:11,Jittery Bones (red),1,0
421,Gravy Bones,2025-07-04T10:35:11,Paddle Faster (red),1,0
421,Gravy Bones,2025-07-04T10:35:11,Saltwater Swell (red),1,0
421,Gravy Bones,2025-07-04T10:35:11,Swiftwater Sloop (red),1,0
421,Gravy Bones,2025-07-04T10:35:11,Barnacle (yellow),3,0
421,Gravy Bones,2025-07-04T10:35:11,Burly Bones (yellow),1,0
421,Gravy Bones,2025-07-04T10:35:11,"Cutty Shark, Quick Clip (yellow)",1,0
421,Gravy Bones,2025-07-04T10:35:11,HMS Barracuda (yellow),1,0
421,Gravy Bones,2025-07-04T10:35:11,"Chowder, Hearty Cook (yellow)",1,0
421,Gravy Bones,2025-07-04T10:35:11,Jittery Bones (yellow),1,0
421,Gravy Bones,2025-07-04T10:35:11,Lost in Transit (yellow),1,0
421,Gravy Bones,2025-07-04T10:35:11,Restless Bones (yellow),2,0
421,Gravy Bones,2025-07-04T10:35:11,Riggermortis (yellow),1,0
421,Gravy Bones,2025-07-04T10:35:11,Saltwater Swell (yellow),1,0
421,Gravy Bones,2025-07-04T10:35:11,"Shelly, Hardened Traveler (yellow)",1,0
421,Gravy Bones,2025-07-04T10:35:11,Strike Gold (yellow),1,0
421,Gravy Bones,2025-07-04T10:35:11,Swabbie (yellow),1,0
421,Gravy Bones,2025-07-04T10:35:11,Trade In (yellow),1,0
421,Gravy Bones,2025-07-04T10:35:11,Angry Bones (blue),3,0
421,Gravy Bones,2025-07-04T10:35:11,Burly Bones (blue),1,0
421,Gravy Bones,2025-07-04T10:35:11,Chart a Course (blue),1,0
421,Gravy Bones,2025-07-04T10:35:11,Jittery Bones (blue),1,0
421,Gravy Bones,2025-07-04T10:35:11,Mutiny on the Battalion Barque (blue),1,0
421,Gravy Bones,2025-07-04T10:35:11,Mutiny on the Nimbus Sovereign (blue),1,0
421,Gravy Bones,2025-07-04T10:35:11,Mutiny on the Swiftwater (blue),2,0
421,Gravy Bones,2025-07-04T10:35:11,On the Horizon (blue),1,0
421,Gravy Bones,2025-07-04T10:35:11,Platinum Amulet (blue),1,0
421,Gravy Bones,2025-07-04T10:35:11,Restless Bones (blue),3,0
421,Gravy Bones,2025-07-04T10:35:11,Strike Gold (blue),1,0
421,Gravy Bones,2025-07-04T10:35:11,Trade In (blue),1,0
421,Gravy Bones,2025-07-04T10:35:11,Head Stone,1,1
421,Gravy Bones,2025-07-04T10:35:11,Peg Leg,1,1
421,Gravy Bones,2025-07-04T10:35:11,Washed Up Wave,1,1
422,Gravy Bones,2025-07-04T15:35:05,Battalion Barque (red),1,0
422,Gravy Bones,2025-07-04T15:35:05,Expedition to Blackwater Strait (red),1,0
422,Gravy Bones,2025-07-04T15:35:05,Expedition to Dreadfall Reach (red),1,0
422,Gravy Bones,2025-07-04T15:35:05,Life for a Life (red),1,0
422,Gravy Bones,2025-07-04T15:35:05,Money or Your Life? (red),1,0
422,Gravy Bones,2025-07-04T15:35:05,Nimby (red),1,0
422,Gravy Bones,2025-07-04T15:35:05,Rally the Coast Guard (red),1,0
422,Gravy Bones,2025-07-04T15:35:05,Sirens of Safe Harbor (red),1,0
422,Gravy Bones,2025-07-04T15:35:05,Strike Gold (red),1,0
422,Gravy Bones,2025-07-04T15:35:05,Swindler's Grift (red),2,0
422,Gravy Bones,2025-07-04T15:35:05,Barnacle (yellow),2,0
422,Gravy Bones,2025-07-04T15:35:05,Gold Hunter Marauder (yellow),2,0
422,Gravy Bones,2025-07-04T15:35:05,"Chowder, Hearty Cook (yellow)",1,0
422,Gravy Bones,2025-07-04T15:35:05,Restless Bones (yellow),1,0
422,Gravy Bones,2025-07-04T15:35:05,Riggermortis (yellow),1,0
422,Gravy Bones,2025-07-04T15:35:05,Swabbie (yellow),1,0
422,Gravy Bones,2025-07-04T15:35:05,Swiftwater Sloop (yellow),1,0
422,Gravy Bones,2025-07-04T15:35:05,Golden Tipple (blue),2,0
422,Gravy Bones,2025-07-04T15:35:05,Chart the High Seas (blue),1,0
422,Gravy Bones,2025-07-04T15:35:05,Jittery Bones (blue),2,0
422,Gravy Bones,2025-07-04T15:35:05,Mutiny on the Nimbus Sovereign (blue),2,0
422,Gravy Bones,2025-07-04T15:35:05,Rally the Coast Guard (blue),1,0
422,Gravy Bones,2025-07-04T15:35:05,Restless Bones (blue),2,0
422,Gravy Bones,2025-07-04T15:35:05,Swindler's Grift (blue),1,0
422,Gravy Bones,2025-07-04T15:35:05,Walk the Plank (blue),2,0
422,Gravy Bones,2025-07-04T15:35:05,Buccaneer's Bounty,1,1
422,Gravy Bones,2025-07-04T15:35:05,Head Stone,1,1
422,Gravy Bones,2025-07-04T15:35:05,Quartermaster's Boots,1,1
422,Gravy Bones,2025-07-04T15:35:05,Washed Up Wave,1,1
423,Gravy Bones,2025-07-04T20:39:34,Angry Bones (red),2,0
423,Gravy Bones,2025-07-04T20:39:34,Battalion Barque (red),1,0
423,Gravy Bones,2025-07-04T20:39:34,Board the Ship (red),1,0
423,Gravy Bones,2025-07-04T20:39:34,Burly Bones (red),1,0
423,Gravy Bones,2025-07-04T20:39:34,Swiftwater Sloop (red),1,0
423,Gravy Bones,2025-07-04T20:39:34,Angry Bones (yellow),1,0
423,Gravy Bones,2025-07-04T20:39:34,Battalion Barque (yellow),1,0
423,Gravy Bones,2025-07-04T20:39:34,"Cutty Shark, Quick Clip (yellow)",1,0
423,Gravy Bones,2025-07-04T20:39:34,Golden Tipple (yellow),1,0
423,Gravy Bones,2025-07-04T20:39:34,Jittery Bones (yellow),1,0
423,Gravy Bones,2025-07-04T20:39:34,"Kelpie, Tangled Mess (yellow)",1,0
423,Gravy Bones,2025-07-04T20:39:34,"Limpit, Hop-a-long (yellow)",1,0
423,Gravy Bones,2025-07-04T20:39:34,Restless Bones (yellow),1,0
423,Gravy Bones,2025-07-04T20:39:34,"Shelly, Hardened Traveler (yellow)",1,0
423,Gravy Bones,2025-07-04T20:39:34,Strike Gold (yellow),1,0
423,Gravy Bones,2025-07-04T20:39:34,Swindler's Grift (yellow),1,0
423,Gravy Bones,2025-07-04T20:39:34,Angry Bones (blue),1,0
423,Gravy Bones,2025-07-04T20:39:34,Battalion Barque (blue),3,0
423,Gravy Bones,2025-07-04T20:39:34,Clap 'Em in Irons (blue),1,0
423,Gravy Bones,2025-07-04T20:39:34,Nimblism (blue),1,0
423,Gravy Bones,2025-07-04T20:39:34,Restless Bones (blue),3,0
423,Gravy Bones,2025-07-04T20:39:34,Saltwater Swell (blue),1,0
423,Gravy Bones,2025-07-04T20:39:34,Sapphire Amulet (blue),1,0
423,Gravy Bones,2025-07-04T20:39:34,Sirens of Safe Harbor (blue),2,0
423,Gravy Bones,2025-07-04T20:39:34,Swiftwater Sloop (blue),1,0
423,Gravy Bones,2025-07-04T20:39:34,Throw Caution to the Wind (blue),1,0
423,Gravy Bones,2025-07-04T20:39:34,Trade In (blue),1,0
423,Gravy Bones,2025-07-04T20:39:34,Buccaneer's Bounty,1,1
423,Gravy Bones,2025-07-04T20:39:34,Head Stone,1,1
423,Gravy Bones,2025-07-04T20:39:34,Light Fingers,1,1
423,Gravy Bones,2025-07-04T20:39:34,Quartermaster's Boots,1,1
423,Gravy Bones,2025-07-04T20:39:34,Quick Clicks,1,1
423,Gravy Bones,2025-07-04T20:39:34,Washed Up Wave,1,1
424,Marlynn,2025-07-05T20:19:10,Barbed Barrage (red),1,0
424,Marlynn,2025-07-05T20:19:10,Entangling Shot (red),1,0
424,Marlynn,2025-07-05T20:19:10,King Kraken Harpoon (red),1,0
424,Marlynn,2025-07-05T20:19:10,King Shark Harpoon (red),1,0
424,Marlynn,2025-07-05T20:19:10,Salvage Shot (red),1,0
424,Marlynn,2025-07-05T20:19:10,Scouting Shot (red),2,0
424,Marlynn,2025-07-05T20:19:10,Sic 'Em Shot (red),1,0
424,Marlynn,2025-07-05T20:19:10,Call in the Big Guns (yellow),1,0
424,Marlynn,2025-07-05T20:19:10,Fiddler's Green (yellow),1,0
424,Marlynn,2025-07-05T20:19:10,Gold Hunter Ketch (yellow),1,0
424,Marlynn,2025-07-05T20:19:10,Golden Tipple (yellow),2,0
424,Marlynn,2025-07-05T20:19:10,Nimby (yellow),1,0
424,Marlynn,2025-07-05T20:19:10,On the Horizon (yellow),2,0
424,Marlynn,2025-07-05T20:19:10,Rally the Coast Guard (yellow),1,0
424,Marlynn,2025-07-05T20:19:10,Salvage Shot (yellow),1,0
424,Marlynn,2025-07-05T20:19:10,Sic 'Em Shot (yellow),1,0
424,Marlynn,2025-07-05T20:19:10,Strike Gold (yellow),1,0
424,Marlynn,2025-07-05T20:19:10,Walk the Plank (yellow),1,0
424,Marlynn,2025-07-05T20:19:10,Blue Fin Harpoon (blue),1,0
424,Marlynn,2025-07-05T20:19:10,Call in the Big Guns (blue),1,0
424,Marlynn,2025-07-05T20:19:10,Fiddler's Green (blue),1,0
424,Marlynn,2025-07-05T20:19:10,Flying High (blue),1,0
424,Marlynn,2025-07-05T20:19:10,Golden Tipple (blue),1,0
424,Marlynn,2025-07-05T20:19:10,Head Shot (blue),1,0
424,Marlynn,2025-07-05T20:19:10,Portside Exchange (blue),1,0
424,Marlynn,2025-07-05T20:19:10,Red Fin Harpoon (blue),1,0
424,Marlynn,2025-07-05T20:19:10,Rusty Harpoon (blue),2,0
424,Marlynn,2025-07-05T20:19:10,Saltwater Swell (blue),1,0
424,Marlynn,2025-07-05T20:19:10,Salvage Shot (blue),2,0
424,Marlynn,2025-07-05T20:19:10,Sic 'Em Shot (blue),2,0
424,Marlynn,2025-07-05T20:19:10,Tit for Tat (blue),1,0
424,Marlynn,2025-07-05T20:19:10,Blue Sea Tricorn,1,1
424,Marlynn,2025-07-05T20:19:10,Buccaneer's Bounty,1,1
424,Marlynn,2025-07-05T20:19:10,Glidewell Fins,1,1
424,Marlynn,2025-07-05T20:19:10,Quartermaster's Boots,1,1
425,"Scurv, Stowaway",2025-07-06T10:21:39,Battalion Barque (red),1,0
425,"Scurv, Stowaway",2025-07-06T10:21:39,Expedition to Azuro Keys (red),1,0
425,"Scurv, Stowaway",2025-07-06T10:21:39,Expedition to Blackwater Strait (red),1,0
425,"Scurv, Stowaway",2025-07-06T10:21:39,Expedition to Dreadfall Reach (red),1,0
425,"Scurv, Stowaway",2025-07-06T10:21:39,Fiddler's Green (red),1,0
425,"Scurv, Stowaway",2025-07-06T10:21:39,Golden Tipple (red),1,0
425,"Scurv, Stowaway",2025-07-06T10:21:39,Jack Be Nimble (red),1,0
425,"Scurv, Stowaway",2025-07-06T10:21:39,Nimby (red),1,0
425,"Scurv, Stowaway",2025-07-06T10:21:39,Rally the Coast Guard (red),1,0
425,"Scurv, Stowaway",2025-07-06T10:21:39,Swiftwater Sloop (red),3,0
425,"Scurv, Stowaway",2025-07-06T10:21:39,Thiev'n Varmints (red),1,0
425,"Scurv, Stowaway",2025-07-06T10:21:39,Trade In (red),1,0
425,"Scurv, Stowaway",2025-07-06T10:21:39,Gold Hunter Longboat (yellow),2,0
425,"Scurv, Stowaway",2025-07-06T10:21:39,HMS Marlin (yellow),1,0
425,"Scurv, Stowaway",2025-07-06T10:21:39,Nimblism (yellow),1,0
425,"Scurv, Stowaway",2025-07-06T10:21:39,Nimby (yellow),1,0
425,"Scurv, Stowaway",2025-07-06T10:21:39,Rally the Coast Guard (yellow),1,0
425,"Scurv, Stowaway",2025-07-06T10:21:39,Swindler's Grift (yellow),1,0
425,"Scurv, Stowaway",2025-07-06T10:21:39,Battalion Barque (blue),1,0
425,"Scurv, Stowaway",2025-07-06T10:21:39,Divvy Up (blue),1,0
425,"Scurv, Stowaway",2025-07-06T10:21:39,Golden Tipple (blue),1,0
425,"Scurv, Stowaway",2025-07-06T10:21:39,Mutiny on the Nimbus Sovereign (blue),1,0
425,"Scurv, Stowaway",2025-07-06T10:21:39,Mutiny on the Swiftwater (blue),2,0
425,"Scurv, Stowaway",2025-07-06T10:21:39,On the Horizon (blue),1,0
425,"Scurv, Stowaway",2025-07-06T10:21:39,Rally the Coast Guard (blue),1,0
425,"Scurv, Stowaway",2025-07-06T10:21:39,Scrub the Deck (blue),1,0
425,"Scurv, Stowaway",2025-07-06T10:21:39,Fish Fingers,1,1
426,Gravy Bones,2025-07-06T11:14:33,Angry Bones (red),2,0
426,Gravy Bones,2025-07-06T11:14:33,Golden Tipple (red),1,0
426,Gravy Bones,2025-07-06T11:14:33,Hoist 'Em Up (red),1,0
426,Gravy Bones,2025-07-06T11:14:33,On the Horizon (red),1,0
426,Gravy Bones,2025-07-06T11:14:33,Restless Bones (red),1,0
426,Gravy Bones,2025-07-06T11:14:33,Angry Bones (yellow),1,0
426,Gravy Bones,2025-07-06T11:14:33,Barnacle (yellow),1,0
426,Gravy Bones,2025-07-06T11:14:33,Battalion Barque (yellow),1,0
426,Gravy Bones,2025-07-06T11:14:33,Burly Bones (yellow),1,0
426,Gravy Bones,2025-07-06T11:14:33,"Cutty Shark, Quick Clip (yellow)",1,0
426,Gravy Bones,2025-07-06T11:14:33,Gold Hunter Marauder (yellow),1,0
426,Gravy Bones,2025-07-06T11:14:33,Golden Tipple (yellow),1,0
426,Gravy Bones,2025-07-06T11:14:33,"Chowder, Hearty Cook (yellow)",2,0
426,Gravy Bones,2025-07-06T11:14:33,Rally the Coast Guard (yellow),1,0
426,Gravy Bones,2025-07-06T11:14:33,Restless Bones (yellow),2,0
426,Gravy Bones,2025-07-06T11:14:33,Riggermortis (yellow),1,0
426,Gravy Bones,2025-07-06T11:14:33,"Shelly, Hardened Traveler (yellow)",2,0
426,Gravy Bones,2025-07-06T11:14:33,Sirens of Safe Harbor (yellow),1,0
426,Gravy Bones,2025-07-06T11:14:33,Swabbie (yellow),1,0
426,Gravy Bones,2025-07-06T11:14:33,Swiftwater Sloop (yellow),1,0
426,Gravy Bones,2025-07-06T11:14:33,Angry Bones (blue),1,0
426,Gravy Bones,2025-07-06T11:14:33,Burly Bones (blue),1,0
426,Gravy Bones,2025-07-06T11:14:33,Heave Ho! (blue),1,0
426,Gravy Bones,2025-07-06T11:14:33,Jittery Bones (blue),3,0
426,Gravy Bones,2025-07-06T11:14:33,Mutiny on the Nimbus Sovereign (blue),1,0
426,Gravy Bones,2025-07-06T11:14:33,Rally the Coast Guard (blue),1,0
426,Gravy Bones,2025-07-06T11:14:33,Restless Bones (blue),1,0
426,Gravy Bones,2025-07-06T11:14:33,Swiftwater Sloop (blue),1,0
426,Gravy Bones,2025-07-06T11:14:33,Yo Ho Ho! (blue),1,0
426,Gravy Bones,2025-07-06T11:14:33,Captain's Coat,1,1
426,Gravy Bones,2025-07-06T11:14:33,Head Stone,1,1
426,Gravy Bones,2025-07-06T11:14:33,Quartermaster's Boots,1,1
426,Gravy Bones,2025-07-06T11:14:33,Swiftstrike Bracers,1,1
426,Gravy Bones,2025-07-06T11:14:33,Washed Up Wave,1,1
427,Puffin,2025-07-06T12:05:08,Cogwerx Zeppelin (red),2,0
427,Puffin,2025-07-06T12:05:08,Draw Back the Hammer (red),1,0
427,Puffin,2025-07-06T12:05:08,Expedition to Dreadfall Reach (red),2,0
427,Puffin,2025-07-06T12:05:08,Golden Tipple (red),1,0
427,Puffin,2025-07-06T12:05:08,Goldwing Turbine (red),1,0
427,Puffin,2025-07-06T12:05:08,Chart a Course (red),1,0
427,Puffin,2025-07-06T12:05:08,Life for a Life (red),1,0
427,Puffin,2025-07-06T12:05:08,Nimblism (red),1,0
427,Puffin,2025-07-06T12:05:08,Perk Up (red),1,0
427,Puffin,2025-07-06T12:05:08,Sky Skimmer (red),2,0
427,Puffin,2025-07-06T12:05:08,Teeth of the Cog (red),1,0
427,Puffin,2025-07-06T12:05:08,Tighten the Screws (red),1,0
427,Puffin,2025-07-06T12:05:08,Goldwing Turbine (yellow),2,0
427,Puffin,2025-07-06T12:05:08,Chart a Course (yellow),1,0
427,Puffin,2025-07-06T12:05:08,Nimblism (yellow),1,0
427,Puffin,2025-07-06T12:05:08,Sea Legs (yellow),1,0
427,Puffin,2025-07-06T12:05:08,Sky Skimmer (yellow),1,0
427,Puffin,2025-07-06T12:05:08,Strike Gold (yellow),1,0
427,Puffin,2025-07-06T12:05:08,Swiftwater Sloop (yellow),1,0
427,Puffin,2025-07-06T12:05:08,Tough Old Wrench (yellow),2,0
427,Puffin,2025-07-06T12:05:08,Trade In (yellow),1,0
427,Puffin,2025-07-06T12:05:08,Walk the Plank (yellow),1,0
427,Puffin,2025-07-06T12:05:08,Cloud Skiff (blue),1,0
427,Puffin,2025-07-06T12:05:08,Goldwing Turbine (blue),1,0
427,Puffin,2025-07-06T12:05:08,Pilfer the Wreck (blue),1,0
427,Puffin,2025-07-06T12:05:08,Sky Skimmer (blue),1,0
427,Puffin,2025-07-06T12:05:08,Swindler's Grift (blue),1,0
427,Puffin,2025-07-06T12:05:08,Teeth of the Cog (blue),1,0
427,Puffin,2025-07-06T12:05:08,Tough Old Wrench (blue),2,0
427,Puffin,2025-07-06T12:05:08,Walk the Plank (blue),1,0
427,Puffin,2025-07-06T12:05:08,Fish Fingers,1,1
427,Puffin,2025-07-06T12:05:08,Quick Clicks,1,1
427,Puffin,2025-07-06T12:05:08,Rust Belt,1,1
427,Puffin,2025-07-06T12:05:08,Swiftstrike Bracers,1,1
428,Gravy Bones,2025-07-06T18:09:21,Battalion Barque (red),2,0
428,Gravy Bones,2025-07-06T18:09:21,Expedition to Azuro Keys (red),1,0
428,Gravy Bones,2025-07-06T18:09:21,Expedition to Dreadfall Reach (red),1,0
428,Gravy Bones,2025-07-06T18:09:21,On the Horizon (red),1,0
428,Gravy Bones,2025-07-06T18:09:21,Saltwater Swell (red),1,0
428,Gravy Bones,2025-07-06T18:09:21,Sirens of Safe Harbor (red),2,0
428,Gravy Bones,2025-07-06T18:09:21,Swiftwater Sloop (red),1,0
428,Gravy Bones,2025-07-06T18:09:21,Swindler's Grift (red),1,0
428,Gravy Bones,2025-07-06T18:09:21,Barnacle (yellow),1,0
428,Gravy Bones,2025-07-06T18:09:21,Battalion Barque (yellow),1,0
428,Gravy Bones,2025-07-06T18:09:21,"Chowder, Hearty Cook (yellow)",1,0
428,Gravy Bones,2025-07-06T18:09:21,"Limpit, Hop-a-long (yellow)",1,0
428,Gravy Bones,2025-07-06T18:09:21,Lost in Transit (yellow),1,0
428,Gravy Bones,2025-07-06T18:09:21,Walk the Plank (yellow),1,0
428,Gravy Bones,2025-07-06T18:09:21,Angry Bones (blue),3,0
428,Gravy Bones,2025-07-06T18:09:21,Battalion Barque (blue),1,0
428,Gravy Bones,2025-07-06T18:09:21,Burly Bones (blue),1,0
428,Gravy Bones,2025-07-06T18:09:21,Jittery Bones (blue),3,0
428,Gravy Bones,2025-07-06T18:09:21,Mutiny on the Battalion Barque (blue),1,0
428,Gravy Bones,2025-07-06T18:09:21,Mutiny on the Nimbus Sovereign (blue),2,0
428,Gravy Bones,2025-07-06T18:09:21,On the Horizon (blue),1,0
428,Gravy Bones,2025-07-06T18:09:21,Pilfer the Wreck (blue),1,0
428,Gravy Bones,2025-07-06T18:09:21,Restless Bones (blue),2,0
428,Gravy Bones,2025-07-06T18:09:21,Shifting Tides (blue),1,0
428,Gravy Bones,2025-07-06T18:09:21,Head Stone,1,1
428,Gravy Bones,2025-07-06T18:09:21,Washed Up Wave,1,1
429,Gravy Bones,2025-07-07T04:10:43,Angry Bones (red),4,0
429,Gravy Bones,2025-07-07T04:10:43,Battalion Barque (red),2,0
429,Gravy Bones,2025-07-07T04:10:43,Hoist 'Em Up (red),1,0
429,Gravy Bones,2025-07-07T04:10:43,On the Horizon (red),1,0
429,Gravy Bones,2025-07-07T04:10:43,Paddle Faster (red),1,0
429,Gravy Bones,2025-07-07T04:10:43,Swiftwater Sloop (red),1,0
429,Gravy Bones,2025-07-07T04:10:43,Angry Bones (yellow),1,0
429,Gravy Bones,2025-07-07T04:10:43,Barnacle (yellow),1,0
429,Gravy Bones,2025-07-07T04:10:43,Burly Bones (yellow),1,0
429,Gravy Bones,2025-07-07T04:10:43,"Cutty Shark, Quick Clip (yellow)",2,0
429,Gravy Bones,2025-07-07T04:10:43,Gold Hunter Lightsail (yellow),1,0
429,Gravy Bones,2025-07-07T04:10:43,Gold Hunter Longboat (yellow),1,0
429,Gravy Bones,2025-07-07T04:10:43,"Chowder, Hearty Cook (yellow)",2,0
429,Gravy Bones,2025-07-07T04:10:43,Jittery Bones (yellow),1,0
429,Gravy Bones,2025-07-07T04:10:43,Restless Bones (yellow),2,0
429,Gravy Bones,2025-07-07T04:10:43,"Scooba, Salty Sea Dog (yellow)",1,0
429,Gravy Bones,2025-07-07T04:10:43,Swabbie (yellow),1,0
429,Gravy Bones,2025-07-07T04:10:43,Angry Bones (blue),1,0
429,Gravy Bones,2025-07-07T04:10:43,Burly Bones (blue),2,0
429,Gravy Bones,2025-07-07T04:10:43,Clap 'Em in Irons (blue),1,0
429,Gravy Bones,2025-07-07T04:10:43,Flying High (blue),1,0
429,Gravy Bones,2025-07-07T04:10:43,Golden Tipple (blue),1,0
429,Gravy Bones,2025-07-07T04:10:43,Jittery Bones (blue),2,0
429,Gravy Bones,2025-07-07T04:10:43,Mutiny on the Swiftwater (blue),3,0
429,Gravy Bones,2025-07-07T04:10:43,Restless Bones (blue),1,0
429,Gravy Bones,2025-07-07T04:10:43,Sapphire Amulet (blue),1,0
429,Gravy Bones,2025-07-07T04:10:43,Strike Gold (blue),1,0
429,Gravy Bones,2025-07-07T04:10:43,Captain's Coat,1,1
429,Gravy Bones,2025-07-07T04:10:43,Head Stone,1,1
429,Gravy Bones,2025-07-07T04:10:43,Washed Up Wave,1,1
430,Gravy Bones,2025-07-07T10:53:05,Angry Bones (red),1,0
430,Gravy Bones,2025-07-07T10:53:05,Battalion Barque (red),1,0
430,Gravy Bones,2025-07-07T10:53:05,Burly Bones (red),1,0
430,Gravy Bones,2025-07-07T10:53:05,Swindler's Grift (red),1,0
430,Gravy Bones,2025-07-07T10:53:05,Trade In (red),1,0
430,Gravy Bones,2025-07-07T10:53:05,Angry Bones (yellow),1,0
430,Gravy Bones,2025-07-07T10:53:05,Battalion Barque (yellow),1,0
430,Gravy Bones,2025-07-07T10:53:05,Burly Bones (yellow),1,0
430,Gravy Bones,2025-07-07T10:53:05,"Cutty Shark, Quick Clip (yellow)",2,0
430,Gravy Bones,2025-07-07T10:53:05,Fiddler's Green (yellow),1,0
430,Gravy Bones,2025-07-07T10:53:05,Golden Tipple (yellow),1,0
430,Gravy Bones,2025-07-07T10:53:05,HMS Kraken (yellow),1,0
430,Gravy Bones,2025-07-07T10:53:05,"Chowder, Hearty Cook (yellow)",1,0
430,Gravy Bones,2025-07-07T10:53:05,"Chum, Friendly First Mate (yellow)",1,0
430,Gravy Bones,2025-07-07T10:53:05,"Kelpie, Tangled Mess (yellow)",1,0
430,Gravy Bones,2025-07-07T10:53:05,Riggermortis (yellow),1,0
430,Gravy Bones,2025-07-07T10:53:05,"Scooba, Salty Sea Dog (yellow)",1,0
430,Gravy Bones,2025-07-07T10:53:05,Swabbie (yellow),1,0
430,Gravy Bones,2025-07-07T10:53:05,Swiftwater Sloop (yellow),2,0
430,Gravy Bones,2025-07-07T10:53:05,Angry Bones (blue),2,0
430,Gravy Bones,2025-07-07T10:53:05,Burly Bones (blue),3,0
430,Gravy Bones,2025-07-07T10:53:05,Flying High (blue),1,0
430,Gravy Bones,2025-07-07T10:53:05,Jittery Bones (blue),1,0
430,Gravy Bones,2025-07-07T10:53:05,Money or Your Life? (blue),1,0
430,Gravy Bones,2025-07-07T10:53:05,Mutiny on the Battalion Barque (blue),1,0
430,Gravy Bones,2025-07-07T10:53:05,Nimby (blue),1,0
430,Gravy Bones,2025-07-07T10:53:05,On the Horizon (blue),1,0
430,Gravy Bones,2025-07-07T10:53:05,Portside Exchange (blue),1,0
430,Gravy Bones,2025-07-07T10:53:05,Restless Bones (blue),2,0
430,Gravy Bones,2025-07-07T10:53:05,Walk the Plank (blue),1,0
430,Gravy Bones,2025-07-07T10:53:05,Helmsman's Peak,1,1
430,Gravy Bones,2025-07-07T10:53:05,Peg Leg,1,1
430,Gravy Bones,2025-07-07T10:53:05,Washed Up Wave,1,1
431,Marlynn,2025-07-07T21:48:11,Battalion Barque (red),1,0
431,Marlynn,2025-07-07T21:48:11,Entangling Shot (red),1,0
431,Marlynn,2025-07-07T21:48:11,Expedition to Blackwater Strait (red),1,0
431,Marlynn,2025-07-07T21:48:11,Expedition to Dreadfall Reach (red),1,0
431,Marlynn,2025-07-07T21:48:11,Golden Tipple (red),1,0
431,Marlynn,2025-07-07T21:48:11,King Kraken Harpoon (red),1,0
431,Marlynn,2025-07-07T21:48:11,On the Horizon (red),1,0
431,Marlynn,2025-07-07T21:48:11,Saltwater Swell (red),1,0
431,Marlynn,2025-07-07T21:48:11,Sic 'Em Shot (red),2,0
431,Marlynn,2025-07-07T21:48:11,Swift Shot (red),1,0
431,Marlynn,2025-07-07T21:48:11,Thiev'n Varmints (red),1,0
431,Marlynn,2025-07-07T21:48:11,Call in the Big Guns (yellow),1,0
431,Marlynn,2025-07-07T21:48:11,Fiddler's Green (yellow),1,0
431,Marlynn,2025-07-07T21:48:11,Flying High (yellow),1,0
431,Marlynn,2025-07-07T21:48:11,Gold Hunter Longboat (yellow),1,0
431,Marlynn,2025-07-07T21:48:11,On the Horizon (yellow),1,0
431,Marlynn,2025-07-07T21:48:11,Salvage Shot (yellow),1,0
431,Marlynn,2025-07-07T21:48:11,Blue Fin Harpoon (blue),1,0
431,Marlynn,2025-07-07T21:48:11,Golden Tipple (blue),2,0
431,Marlynn,2025-07-07T21:48:11,Head Shot (blue),1,0
431,Marlynn,2025-07-07T21:48:11,Mutiny on the Battalion Barque (blue),1,0
431,Marlynn,2025-07-07T21:48:11,On the Horizon (blue),1,0
431,Marlynn,2025-07-07T21:48:11,Pilfer the Wreck (blue),1,0
431,Marlynn,2025-07-07T21:48:11,Rusty Harpoon (blue),2,0
431,Marlynn,2025-07-07T21:48:11,Sic 'Em Shot (blue),2,0
431,Marlynn,2025-07-07T21:48:11,Sirens of Safe Harbor (blue),1,0
431,Marlynn,2025-07-07T21:48:11,Trade In (blue),2,0
431,Marlynn,2025-07-07T21:48:11,Walk the Plank (blue),1,0
431,Marlynn,2025-07-07T21:48:11,Yellow Fin Harpoon (blue),1,0
431,Marlynn,2025-07-07T21:48:11,Blue Sea Tricorn,1,1
431,Marlynn,2025-07-07T21:48:11,Captain's Coat,1,1
431,Marlynn,2025-07-07T21:48:11,Glidewell Fins,1,1
431,Marlynn,2025-07-07T21:48:11,Quartermaster's Boots,1,1
432,Gravy Bones,2025-07-09T09:48:50,Angry Bones (red),1,0
432,Gravy Bones,2025-07-09T09:48:50,Burly Bones (red),1,0
432,Gravy Bones,2025-07-09T09:48:50,Jittery Bones (red),2,0
432,Gravy Bones,2025-07-09T09:48:50,Money or Your Life? (red),1,0
432,Gravy Bones,2025-07-09T09:48:50,On the Horizon (red),1,0
432,Gravy Bones,2025-07-09T09:48:50,Pilfer the Wreck (red),1,0
432,Gravy Bones,2025-07-09T09:48:50,Swiftwater Sloop (red),1,0
432,Gravy Bones,2025-07-09T09:48:50,Swindler's Grift (red),1,0
432,Gravy Bones,2025-07-09T09:48:50,Thiev'n Varmints (red),1,0
432,Gravy Bones,2025-07-09T09:48:50,"Cutty Shark, Quick Clip (yellow)",2,0
432,Gravy Bones,2025-07-09T09:48:50,HMS Kraken (yellow),2,0
432,Gravy Bones,2025-07-09T09:48:50,"Chowder, Hearty Cook (yellow)",1,0
432,Gravy Bones,2025-07-09T09:48:50,Jittery Bones (yellow),1,0
432,Gravy Bones,2025-07-09T09:48:50,"Kelpie, Tangled Mess (yellow)",1,0
432,Gravy Bones,2025-07-09T09:48:50,Lost in Transit (yellow),1,0
432,Gravy Bones,2025-07-09T09:48:50,Restless Bones (yellow),2,0
432,Gravy Bones,2025-07-09T09:48:50,"Scooba, Salty Sea Dog (yellow)",1,0
432,Gravy Bones,2025-07-09T09:48:50,"Shelly, Hardened Traveler (yellow)",1,0
432,Gravy Bones,2025-07-09T09:48:50,Strike Gold (yellow),1,0
432,Gravy Bones,2025-07-09T09:48:50,Swindler's Grift (yellow),1,0
432,Gravy Bones,2025-07-09T09:48:50,Avast Ye! (blue),1,0
432,Gravy Bones,2025-07-09T09:48:50,Burly Bones (blue),1,0
432,Gravy Bones,2025-07-09T09:48:50,Heave Ho! (blue),1,0
432,Gravy Bones,2025-07-09T09:48:50,Jittery Bones (blue),3,0
432,Gravy Bones,2025-07-09T09:48:50,Mutiny on the Swiftwater (blue),3,0
432,Gravy Bones,2025-07-09T09:48:50,Portside Exchange (blue),1,0
432,Gravy Bones,2025-07-09T09:48:50,Restless Bones (blue),1,0
432,Gravy Bones,2025-07-09T09:48:50,Strike Gold (blue),1,0
432,Gravy Bones,2025-07-09T09:48:50,Swindler's Grift (blue),1,0
432,Gravy Bones,2025-07-09T09:48:50,Trade In (blue),1,0
432,Gravy Bones,2025-07-09T09:48:50,Walk the Plank (blue),1,0
432,Gravy Bones,2025-07-09T09:48:50,Buccaneer's Bounty,1,1
432,Gravy Bones,2025-07-09T09:48:50,Peg Leg,1,1
432,Gravy Bones,2025-07-09T09:48:50,Washed Up Wave,1,1
433,Gravy Bones,2025-07-09T19:10:39,Burly Bones (red),1,0
433,Gravy Bones,2025-07-09T19:10:39,Expedition to Blackwater Strait (red),1,0
433,Gravy Bones,2025-07-09T19:10:39,Fiddler's Green (red),1,0
433,Gravy Bones,2025-07-09T19:10:39,Golden Tipple (red),1,0
433,Gravy Bones,2025-07-09T19:10:39,Nimby (red),1,0
433,Gravy Bones,2025-07-09T19:10:39,On the Horizon (red),1,0
433,Gravy Bones,2025-07-09T19:10:39,Sirens of Safe Harbor (red),1,0
433,Gravy Bones,2025-07-09T19:10:39,Strike Gold (red),1,0
433,Gravy Bones,2025-07-09T19:10:39,Walk the Plank (red),1,0
433,Gravy Bones,2025-07-09T19:10:39,Barnacle (yellow),1,0
433,Gravy Bones,2025-07-09T19:10:39,Battalion Barque (yellow),1,0
433,Gravy Bones,2025-07-09T19:10:39,Burly Bones (yellow),1,0
433,Gravy Bones,2025-07-09T19:10:39,Fiddler's Green (yellow),1,0
433,Gravy Bones,2025-07-09T19:10:39,Gold Hunter Longboat (yellow),1,0
433,Gravy Bones,2025-07-09T19:10:39,"Chowder, Hearty Cook (yellow)",1,0
433,Gravy Bones,2025-07-09T19:10:39,"Chum, Friendly First Mate (yellow)",1,0
433,Gravy Bones,2025-07-09T19:10:39,Jittery Bones (yellow),1,0
433,Gravy Bones,2025-07-09T19:10:39,Nimby (yellow),1,0
433,Gravy Bones,2025-07-09T19:10:39,Riggermortis (yellow),1,0
433,Gravy Bones,2025-07-09T19:10:39,Swabbie (yellow),1,0
433,Gravy Bones,2025-07-09T19:10:39,Swindler's Grift (yellow),1,0
433,Gravy Bones,2025-07-09T19:10:39,Trade In (yellow),1,0
433,Gravy Bones,2025-07-09T19:10:39,Angry Bones (blue),1,0
433,Gravy Bones,2025-07-09T19:10:39,Burly Bones (blue),3,0
433,Gravy Bones,2025-07-09T19:10:39,Chart a Course (blue),2,0
433,Gravy Bones,2025-07-09T19:10:39,Jittery Bones (blue),1,0
433,Gravy Bones,2025-07-09T19:10:39,Money or Your Life? (blue),1,0
433,Gravy Bones,2025-07-09T19:10:39,Nimblism (blue),1,0
433,Gravy Bones,2025-07-09T19:10:39,Saltwater Swell (blue),1,0
433,Gravy Bones,2025-07-09T19:10:39,Sea Floor Salvage (blue),1,0
433,Gravy Bones,2025-07-09T19:10:39,Sirens of Safe Harbor (blue),2,0
433,Gravy Bones,2025-07-09T19:10:39,Swiftwater Sloop (blue),1,0
433,Gravy Bones,2025-07-09T19:10:39,Trade In (blue),1,0
433,Gravy Bones,2025-07-09T19:10:39,Head Stone,1,1
433,Gravy Bones,2025-07-09T19:10:39,Quartermaster's Boots,1,1
433,Gravy Bones,2025-07-09T19:10:39,Washed Up Wave,1,1
434,Gravy Bones,2025-07-10T18:15:02,Angry Bones (red),1,0
434,Gravy Bones,2025-07-10T18:15:02,Blow for a Blow (red),1,0
434,Gravy Bones,2025-07-10T18:15:02,Burly Bones (red),1,0
434,Gravy Bones,2025-07-10T18:15:02,Jittery Bones (red),1,0
434,Gravy Bones,2025-07-10T18:15:02,On the Horizon (red),1,0
434,Gravy Bones,2025-07-10T18:15:02,Restless Bones (red),1,0
434,Gravy Bones,2025-07-10T18:15:02,Barnacle (yellow),1,0
434,Gravy Bones,2025-07-10T18:15:02,Battalion Barque (yellow),1,0
434,Gravy Bones,2025-07-10T18:15:02,Burly Bones (yellow),1,0
434,Gravy Bones,2025-07-10T18:15:02,"Cutty Shark, Quick Clip (yellow)",2,0
434,Gravy Bones,2025-07-10T18:15:02,Gold Hunter Ketch (yellow),1,0
434,Gravy Bones,2025-07-10T18:15:02,Golden Tipple (yellow),2,0
434,Gravy Bones,2025-07-10T18:15:02,"Chowder, Hearty Cook (yellow)",1,0
434,Gravy Bones,2025-07-10T18:15:02,Jittery Bones (yellow),2,0
434,Gravy Bones,2025-07-10T18:15:02,"Kelpie, Tangled Mess (yellow)",1,0
434,Gravy Bones,2025-07-10T18:15:02,Riggermortis (yellow),1,0
434,Gravy Bones,2025-07-10T18:15:02,"Shelly, Hardened Traveler (yellow)",2,0
434,Gravy Bones,2025-07-10T18:15:02,Swiftwater Sloop (yellow),1,0
434,Gravy Bones,2025-07-10T18:15:02,Flying High (blue),1,0
434,Gravy Bones,2025-07-10T18:15:02,Golden Tipple (blue),1,0
434,Gravy Bones,2025-07-10T18:15:02,Heave Ho! (blue),1,0
434,Gravy Bones,2025-07-10T18:15:02,Jittery Bones (blue),1,0
434,Gravy Bones,2025-07-10T18:15:02,Murderous Rabble (blue),1,0
434,Gravy Bones,2025-07-10T18:15:02,Mutiny on the Battalion Barque (blue),1,0
434,Gravy Bones,2025-07-10T18:15:02,Rally the Coast Guard (blue),1,0
434,Gravy Bones,2025-07-10T18:15:02,Restless Bones (blue),3,0
434,Gravy Bones,2025-07-10T18:15:02,Swiftwater Sloop (blue),2,0
434,Gravy Bones,2025-07-10T18:15:02,Walk the Plank (blue),1,0
434,Gravy Bones,2025-07-10T18:15:02,Buccaneer's Bounty,1,1
434,Gravy Bones,2025-07-10T18:15:02,Head Stone,1,1
434,Gravy Bones,2025-07-10T18:15:02,Washed Up Wave,1,1
435,Gravy Bones,2025-07-10T23:45:17,Battalion Barque (red),1,0
435,Gravy Bones,2025-07-10T23:45:17,Blow for a Blow (red),1,0
435,Gravy Bones,2025-07-10T23:45:17,Board the Ship (red),1,0
435,Gravy Bones,2025-07-10T23:45:17,Fiddler's Green (red),1,0
435,Gravy Bones,2025-07-10T23:45:17,Hoist 'Em Up (red),1,0
435,Gravy Bones,2025-07-10T23:45:17,Money or Your Life? (red),1,0
435,Gravy Bones,2025-07-10T23:45:17,Paddle Faster (red),1,0
435,Gravy Bones,2025-07-10T23:45:17,Swiftwater Sloop (red),1,0
435,Gravy Bones,2025-07-10T23:45:17,Swindler's Grift (red),1,0
435,Gravy Bones,2025-07-10T23:45:17,Angry Bones (yellow),1,0
435,Gravy Bones,2025-07-10T23:45:17,"Cutty Shark, Quick Clip (yellow)",1,0
435,Gravy Bones,2025-07-10T23:45:17,Gold Hunter Ketch (yellow),1,0
435,Gravy Bones,2025-07-10T23:45:17,Gold Hunter Lightsail (yellow),1,0
435,Gravy Bones,2025-07-10T23:45:17,HMS Barracuda (yellow),1,0
435,Gravy Bones,2025-07-10T23:45:17,Chart a Course (yellow),1,0
435,Gravy Bones,2025-07-10T23:45:17,Nimby (yellow),1,0
435,Gravy Bones,2025-07-10T23:45:17,Rally the Coast Guard (yellow),1,0
435,Gravy Bones,2025-07-10T23:45:17,Restless Bones (yellow),1,0
435,Gravy Bones,2025-07-10T23:45:17,Riggermortis (yellow),2,0
435,Gravy Bones,2025-07-10T23:45:17,"Scooba, Salty Sea Dog (yellow)",1,0
435,Gravy Bones,2025-07-10T23:45:17,"Shelly, Hardened Traveler (yellow)",1,0
435,Gravy Bones,2025-07-10T23:45:17,Swabbie (yellow),1,0
435,Gravy Bones,2025-07-10T23:45:17,Angry Bones (blue),1,0
435,Gravy Bones,2025-07-10T23:45:17,Burly Bones (blue),2,0
435,Gravy Bones,2025-07-10T23:45:17,Chart the High Seas (blue),1,0
435,Gravy Bones,2025-07-10T23:45:17,Jittery Bones (blue),2,0
435,Gravy Bones,2025-07-10T23:45:17,Mutiny on the Battalion Barque (blue),1,0
435,Gravy Bones,2025-07-10T23:45:17,Nimblism (blue),2,0
435,Gravy Bones,2025-07-10T23:45:17,Nimby (blue),1,0
435,Gravy Bones,2025-07-10T23:45:17,Restless Bones (blue),1,0
435,Gravy Bones,2025-07-10T23:45:17,Swiftwater Sloop (blue),1,0
435,Gravy Bones,2025-07-10T23:45:17,Swindler's Grift (blue),1,0
435,Gravy Bones,2025-07-10T23:45:17,Walk the Plank (blue),2,0
435,Gravy Bones,2025-07-10T23:45:17,Buccaneer's Bounty,1,1
435,Gravy Bones,2025-07-10T23:45:17,Fish Fingers,1,1
435,Gravy Bones,2025-07-10T23:45:17,Quartermaster's Boots,1,1
436,Gravy Bones,2025-07-13T21:58:35,Burly Bones (red),2,0
436,Gravy Bones,2025-07-13T21:58:35,Expedition to Azuro Keys (red),2,0
436,Gravy Bones,2025-07-13T21:58:35,Fiddler's Green (red),1,0
436,Gravy Bones,2025-07-13T21:58:35,On the Horizon (red),1,0
436,Gravy Bones,2025-07-13T21:58:35,Pilfer the Wreck (red),1,0
436,Gravy Bones,2025-07-13T21:58:35,Rally the Coast Guard (red),1,0
436,Gravy Bones,2025-07-13T21:58:35,Restless Bones (red),1,0
436,Gravy Bones,2025-07-13T21:58:35,Scar for a Scar (red),1,0
436,Gravy Bones,2025-07-13T21:58:35,Angry Bones (yellow),1,0
436,Gravy Bones,2025-07-13T21:58:35,Burly Bones (yellow),1,0
436,Gravy Bones,2025-07-13T21:58:35,Golden Tipple (yellow),1,0
436,Gravy Bones,2025-07-13T21:58:35,"Chowder, Hearty Cook (yellow)",1,0
436,Gravy Bones,2025-07-13T21:58:35,Lost in Transit (yellow),1,0
436,Gravy Bones,2025-07-13T21:58:35,Rally the Coast Guard (yellow),1,0
436,Gravy Bones,2025-07-13T21:58:35,Restless Bones (yellow),1,0
436,Gravy Bones,2025-07-13T21:58:35,Riggermortis (yellow),1,0
436,Gravy Bones,2025-07-13T21:58:35,"Scooba, Salty Sea Dog (yellow)",1,0
436,Gravy Bones,2025-07-13T21:58:35,"Shelly, Hardened Traveler (yellow)",1,0
436,Gravy Bones,2025-07-13T21:58:35,Swabbie (yellow),1,0
436,Gravy Bones,2025-07-13T21:58:35,Swindler's Grift (yellow),2,0
436,Gravy Bones,2025-07-13T21:58:35,Trade In (yellow),1,0
436,Gravy Bones,2025-07-13T21:58:35,Angry Bones (blue),2,0
436,Gravy Bones,2025-07-13T21:58:35,Burly Bones (blue),2,0
436,Gravy Bones,2025-07-13T21:58:35,Flying High (blue),1,0
436,Gravy Bones,2025-07-13T21:58:35,Golden Tipple (blue),1,0
436,Gravy Bones,2025-07-13T21:58:35,Jittery Bones (blue),1,0
436,Gravy Bones,2025-07-13T21:58:35,Mutiny on the Battalion Barque (blue),2,0
436,Gravy Bones,2025-07-13T21:58:35,Nimblism (blue),2,0
436,Gravy Bones,2025-07-13T21:58:35,Portside Exchange (blue),1,0
436,Gravy Bones,2025-07-13T21:58:35,Sirens of Safe Harbor (blue),1,0
436,Gravy Bones,2025-07-13T21:58:35,Swiftwater Sloop (blue),1,0
436,Gravy Bones,2025-07-13T21:58:35,Walk the Plank (blue),1,0
436,Gravy Bones,2025-07-13T21:58:35,Yo Ho Ho! (blue),1,0
436,Gravy Bones,2025-07-13T21:58:35,Helmsman's Peak,1,1
436,Gravy Bones,2025-07-13T21:58:35,Washed Up Wave,1,1
437,Marlynn,2025-07-13T21:59:01,Battalion Barque (red),1,0
437,Marlynn,2025-07-13T21:59:01,Call in the Big Guns (red),1,0
437,Marlynn,2025-07-13T21:59:01,Expedition to Dreadfall Reach (red),1,0
437,Marlynn,2025-07-13T21:59:01,Golden Tipple (red),1,0
437,Marlynn,2025-07-13T21:59:01,Chart a Course (red),1,0
437,Marlynn,2025-07-13T21:59:01,Money or Your Life? (red),1,0
437,Marlynn,2025-07-13T21:59:01,Monkey Powder (red),1,0
437,Marlynn,2025-07-13T21:59:01,Sic 'Em Shot (red),1,0
437,Marlynn,2025-07-13T21:59:01,Sirens of Safe Harbor (red),2,0
437,Marlynn,2025-07-13T21:59:01,Swiftwater Sloop (red),1,0
437,Marlynn,2025-07-13T21:59:01,Fiddler's Green (yellow),1,0
437,Marlynn,2025-07-13T21:59:01,Gold Hunter Marauder (yellow),1,0
437,Marlynn,2025-07-13T21:59:01,HMS Barracuda (yellow),1,0
437,Marlynn,2025-07-13T21:59:01,Chart a Course (yellow),1,0
437,Marlynn,2025-07-13T21:59:01,Lost in Transit (yellow),1,0
437,Marlynn,2025-07-13T21:59:01,Sic 'Em Shot (yellow),1,0
437,Marlynn,2025-07-13T21:59:01,Sirens of Safe Harbor (yellow),1,0
437,Marlynn,2025-07-13T21:59:01,Blue Fin Harpoon (blue),1,0
437,Marlynn,2025-07-13T21:59:01,Head Shot (blue),1,0
437,Marlynn,2025-07-13T21:59:01,Chart a Course (blue),1,0
437,Marlynn,2025-07-13T21:59:01,Mutiny on the Battalion Barque (blue),1,0
437,Marlynn,2025-07-13T21:59:01,Mutiny on the Swiftwater (blue),1,0
437,Marlynn,2025-07-13T21:59:01,Nimby (blue),1,0
437,Marlynn,2025-07-13T21:59:01,On the Horizon (blue),1,0
437,Marlynn,2025-07-13T21:59:01,Rally the Coast Guard (blue),1,0
437,Marlynn,2025-07-13T21:59:01,Salvage Shot (blue),1,0
437,Marlynn,2025-07-13T21:59:01,Sic 'Em Shot (blue),3,0
437,Marlynn,2025-07-13T21:59:01,Strike Gold (blue),1,0
437,Marlynn,2025-07-13T21:59:01,Swiftwater Sloop (blue),1,0
437,Marlynn,2025-07-13T21:59:01,Trade In (blue),1,0
437,Marlynn,2025-07-13T21:59:01,Yellow Fin Harpoon (blue),1,0
437,Marlynn,2025-07-13T21:59:01,Bandana of the Blue Beyond,2,1
437,Marlynn,2025-07-13T21:59:01,Glidewell Fins,1,1
437,Marlynn,2025-07-13T21:59:01,Patch the Hole,1,1
437,Marlynn,2025-07-13T21:59:01,Peg Leg,1,1
437,Marlynn,2025-07-13T21:59:01,Quick Clicks,1,1
438,Marlynn,2025-07-13T21:59:35,Call in the Big Guns (red),1,0
438,Marlynn,2025-07-13T21:59:35,Dry Powder Shot (red),1,0
438,Marlynn,2025-07-13T21:59:35,Entangling Shot (red),1,0
438,Marlynn,2025-07-13T21:59:35,Expedition to Azuro Keys (red),1,0
438,Marlynn,2025-07-13T21:59:35,Expedition to Dreadfall Reach (red),1,0
438,Marlynn,2025-07-13T21:59:35,Golden Tipple (red),1,0
438,Marlynn,2025-07-13T21:59:35,Head Shot (red),1,0
438,Marlynn,2025-07-13T21:59:35,Jack Be Quick (red),1,0
438,Marlynn,2025-07-13T21:59:35,Nettling Shot (red),1,0
438,Marlynn,2025-07-13T21:59:35,Nimblism (red),1,0
438,Marlynn,2025-07-13T21:59:35,On the Horizon (red),1,0
438,Marlynn,2025-07-13T21:59:35,Saltwater Swell (red),2,0
438,Marlynn,2025-07-13T21:59:35,Sirens of Safe Harbor (red),2,0
438,Marlynn,2025-07-13T21:59:35,Swindler's Grift (red),1,0
438,Marlynn,2025-07-13T21:59:35,Trade In (red),1,0
438,Marlynn,2025-07-13T21:59:35,Walk the Plank (red),2,0
438,Marlynn,2025-07-13T21:59:35,Gold Hunter Ketch (yellow),1,0
438,Marlynn,2025-07-13T21:59:35,Gold Hunter Longboat (yellow),1,0
438,Marlynn,2025-07-13T21:59:35,Gold Hunter Marauder (yellow),1,0
438,Marlynn,2025-07-13T21:59:35,Golden Tipple (yellow),1,0
438,Marlynn,2025-07-13T21:59:35,HMS Barracuda (yellow),1,0
438,Marlynn,2025-07-13T21:59:35,Money or Your Life? (yellow),1,0
438,Marlynn,2025-07-13T21:59:35,Swindler's Grift (yellow),1,0
438,Marlynn,2025-07-13T21:59:35,Head Shot (blue),2,0
438,Marlynn,2025-07-13T21:59:35,Hook (blue),1,0
438,Marlynn,2025-07-13T21:59:35,Line (blue),1,0
438,Marlynn,2025-07-13T21:59:35,Mutiny on the Battalion Barque (blue),2,0
438,Marlynn,2025-07-13T21:59:35,On the Horizon (blue),1,0
438,Marlynn,2025-07-13T21:59:35,Rally the Coast Guard (blue),1,0
438,Marlynn,2025-07-13T21:59:35,Shifting Tides (blue),1,0
438,Marlynn,2025-07-13T21:59:35,Sic 'Em Shot (blue),2,0
438,Marlynn,2025-07-13T21:59:35,Throw Caution to the Wind (blue),1,0
438,Marlynn,2025-07-13T21:59:35,Walk the Plank (blue),1,0
438,Marlynn,2025-07-13T21:59:35,Yellow Fin Harpoon (blue),1,0
438,Marlynn,2025-07-13T21:59:35,Fish Fingers,1,1
438,Marlynn,2025-07-13T21:59:35,Patch the Hole,1,1
439,Gravy Bones,2025-07-14T13:45:29,Board the Ship (red),1,0
439,Gravy Bones,2025-07-14T13:45:29,Burly Bones (red),1,0
439,Gravy Bones,2025-07-14T13:45:29,Fiddler's Green (red),1,0
439,Gravy Bones,2025-07-14T13:45:29,Hoist 'Em Up (red),2,0
439,Gravy Bones,2025-07-14T13:45:29,Nimby (red),1,0
439,Gravy Bones,2025-07-14T13:45:29,On the Horizon (red),2,0
439,Gravy Bones,2025-07-14T13:45:29,Restless Bones (red),1,0
439,Gravy Bones,2025-07-14T13:45:29,Thiev'n Varmints (red),1,0
439,Gravy Bones,2025-07-14T13:45:29,Angry Bones (yellow),1,0
439,Gravy Bones,2025-07-14T13:45:29,HMS Marlin (yellow),1,0
439,Gravy Bones,2025-07-14T13:45:29,Restless Bones (yellow),2,0
439,Gravy Bones,2025-07-14T13:45:29,Riggermortis (yellow),3,0
439,Gravy Bones,2025-07-14T13:45:29,"Shelly, Hardened Traveler (yellow)",1,0
439,Gravy Bones,2025-07-14T13:45:29,Swindler's Grift (yellow),1,0
439,Gravy Bones,2025-07-14T13:45:29,Trade In (yellow),1,0
439,Gravy Bones,2025-07-14T13:45:29,Angry Bones (blue),2,0
439,Gravy Bones,2025-07-14T13:45:29,Burly Bones (blue),1,0
439,Gravy Bones,2025-07-14T13:45:29,Jittery Bones (blue),1,0
439,Gravy Bones,2025-07-14T13:45:29,Nimblism (blue),1,0
439,Gravy Bones,2025-07-14T13:45:29,Rally the Coast Guard (blue),2,0
439,Gravy Bones,2025-07-14T13:45:29,Shifting Tides (blue),1,0
439,Gravy Bones,2025-07-14T13:45:29,Sirens of Safe Harbor (blue),1,0
439,Gravy Bones,2025-07-14T13:45:29,Tit for Tat (blue),1,0
439,Gravy Bones,2025-07-14T13:45:29,Trade In (blue),2,0
439,Gravy Bones,2025-07-14T13:45:29,Head Stone,1,1
439,Gravy Bones,2025-07-14T13:45:29,Old Knocker,1,1
439,Gravy Bones,2025-07-14T13:45:29,Peg Leg,1,1
440,Gravy Bones,2025-07-14T18:44:30,Angry Bones (red),1,0
440,Gravy Bones,2025-07-14T18:44:30,Board the Ship (red),1,0
440,Gravy Bones,2025-07-14T18:44:30,Burly Bones (red),1,0
440,Gravy Bones,2025-07-14T18:44:30,Fiddler's Green (red),1,0
440,Gravy Bones,2025-07-14T18:44:30,Jittery Bones (red),1,0
440,Gravy Bones,2025-07-14T18:44:30,Nimblism (red),1,0
440,Gravy Bones,2025-07-14T18:44:30,On the Horizon (red),2,0
440,Gravy Bones,2025-07-14T18:44:30,Paddle Faster (red),1,0
440,Gravy Bones,2025-07-14T18:44:30,Restless Bones (red),1,0
440,Gravy Bones,2025-07-14T18:44:30,Swiftwater Sloop (red),1,0
440,Gravy Bones,2025-07-14T18:44:30,Trade In (red),2,0
440,Gravy Bones,2025-07-14T18:44:30,Crash Down the Gates (yellow),1,0
440,Gravy Bones,2025-07-14T18:44:30,Moray le Fay (yellow),1,0
440,Gravy Bones,2025-07-14T18:44:30,Riggermortis (yellow),1,0
440,Gravy Bones,2025-07-14T18:44:30,"Shelly, Hardened Traveler (yellow)",2,0
440,Gravy Bones,2025-07-14T18:44:30,Sirens of Safe Harbor (yellow),2,0
440,Gravy Bones,2025-07-14T18:44:30,Strike Gold (yellow),1,0
440,Gravy Bones,2025-07-14T18:44:30,Swabbie (yellow),2,0
440,Gravy Bones,2025-07-14T18:44:30,Angry Bones (blue),1,0
440,Gravy Bones,2025-07-14T18:44:30,Battalion Barque (blue),1,0
440,Gravy Bones,2025-07-14T18:44:30,Burly Bones (blue),2,0
440,Gravy Bones,2025-07-14T18:44:30,Golden Tipple (blue),1,0
440,Gravy Bones,2025-07-14T18:44:30,Jittery Bones (blue),2,0
440,Gravy Bones,2025-07-14T18:44:30,Nimblism (blue),2,0
440,Gravy Bones,2025-07-14T18:44:30,Pilfer the Wreck (blue),1,0
440,Gravy Bones,2025-07-14T18:44:30,Restless Bones (blue),1,0
440,Gravy Bones,2025-07-14T18:44:30,Saltwater Swell (blue),1,0
440,Gravy Bones,2025-07-14T18:44:30,Trade In (blue),2,0
440,Gravy Bones,2025-07-14T18:44:30,Head Stone,1,1
440,Gravy Bones,2025-07-14T18:44:30,Quartermaster's Boots,1,1
440,Gravy Bones,2025-07-14T18:44:30,Washed Up Wave,1,1
441,Gravy Bones,2025-07-15T16:49:09,Angry Bones (red),1,0
441,Gravy Bones,2025-07-15T16:49:09,Board the Ship (red),1,0
441,Gravy Bones,2025-07-15T16:49:09,Burly Bones (red),1,0
441,Gravy Bones,2025-07-15T16:49:09,Nimby (red),1,0
441,Gravy Bones,2025-07-15T16:49:09,Restless Bones (red),1,0
441,Gravy Bones,2025-07-15T16:49:09,Swiftwater Sloop (red),1,0
441,Gravy Bones,2025-07-15T16:49:09,Swindler's Grift (red),1,0
441,Gravy Bones,2025-07-15T16:49:09,Walk the Plank (red),1,0
441,Gravy Bones,2025-07-15T16:49:09,Angry Bones (yellow),1,0
441,Gravy Bones,2025-07-15T16:49:09,Battalion Barque (yellow),2,0
441,Gravy Bones,2025-07-15T16:49:09,"Cutty Shark, Quick Clip (yellow)",1,0
441,Gravy Bones,2025-07-15T16:49:09,Gold Hunter Ketch (yellow),2,0
441,Gravy Bones,2025-07-15T16:49:09,Gold Hunter Marauder (yellow),1,0
441,Gravy Bones,2025-07-15T16:49:09,"Chowder, Hearty Cook (yellow)",1,0
441,Gravy Bones,2025-07-15T16:49:09,"Kelpie, Tangled Mess (yellow)",1,0
441,Gravy Bones,2025-07-15T16:49:09,"Limpit, Hop-a-long (yellow)",1,0
441,Gravy Bones,2025-07-15T16:49:09,On the Horizon (yellow),1,0
441,Gravy Bones,2025-07-15T16:49:09,Rally the Coast Guard (yellow),1,0
441,Gravy Bones,2025-07-15T16:49:09,Restless Bones (yellow),1,0
441,Gravy Bones,2025-07-15T16:49:09,"Scooba, Salty Sea Dog (yellow)",1,0
441,Gravy Bones,2025-07-15T16:49:09,"Shelly, Hardened Traveler (yellow)",1,0
441,Gravy Bones,2025-07-15T16:49:09,Strike Gold (yellow),1,0
441,Gravy Bones,2025-07-15T16:49:09,Swiftwater Sloop (yellow),1,0
441,Gravy Bones,2025-07-15T16:49:09,Walk the Plank (yellow),1,0
441,Gravy Bones,2025-07-15T16:49:09,Angry Bones (blue),2,0
441,Gravy Bones,2025-07-15T16:49:09,Burly Bones (blue),1,0
441,Gravy Bones,2025-07-15T16:49:09,Jittery Bones (blue),3,0
441,Gravy Bones,2025-07-15T16:49:09,Mutiny on the Swiftwater (blue),2,0
441,Gravy Bones,2025-07-15T16:49:09,Rally the Coast Guard (blue),1,0
441,Gravy Bones,2025-07-15T16:49:09,Restless Bones (blue),1,0
441,Gravy Bones,2025-07-15T16:49:09,Strike Gold (blue),1,0
441,Gravy Bones,2025-07-15T16:49:09,Swiftwater Sloop (blue),1,0
441,Gravy Bones,2025-07-15T16:49:09,Swindler's Grift (blue),1,0
441,Gravy Bones,2025-07-15T16:49:09,Head Stone,1,1
441,Gravy Bones,2025-07-15T16:49:09,Washed Up Wave,1,1
442,Gravy Bones,2025-07-15T19:51:58,Hoist 'Em Up (red),2,0
442,Gravy Bones,2025-07-15T19:51:58,Nimby (red),1,0
442,Gravy Bones,2025-07-15T19:51:58,On the Horizon (red),1,0
442,Gravy Bones,2025-07-15T19:51:58,Strike Gold (red),1,0
442,Gravy Bones,2025-07-15T19:51:58,Swiftwater Sloop (red),1,0
442,Gravy Bones,2025-07-15T19:51:58,Trade In (red),1,0
442,Gravy Bones,2025-07-15T19:51:58,Walk the Plank (red),2,0
442,Gravy Bones,2025-07-15T19:51:58,Angry Bones (yellow),1,0
442,Gravy Bones,2025-07-15T19:51:58,"Cutty Shark, Quick Clip (yellow)",1,0
442,Gravy Bones,2025-07-15T19:51:58,Fiddler's Green (yellow),1,0
442,Gravy Bones,2025-07-15T19:51:58,"Chowder, Hearty Cook (yellow)",2,0
442,Gravy Bones,2025-07-15T19:51:58,Lost in Transit (yellow),2,0
442,Gravy Bones,2025-07-15T19:51:58,Rally the Coast Guard (yellow),1,0
442,Gravy Bones,2025-07-15T19:51:58,Restless Bones (yellow),2,0
442,Gravy Bones,2025-07-15T19:51:58,Riggermortis (yellow),2,0
442,Gravy Bones,2025-07-15T19:51:58,"Shelly, Hardened Traveler (yellow)",1,0
442,Gravy Bones,2025-07-15T19:51:58,Swabbie (yellow),2,0
442,Gravy Bones,2025-07-15T19:51:58,Walk the Plank (yellow),1,0
442,Gravy Bones,2025-07-15T19:51:58,Angry Bones (blue),2,0
442,Gravy Bones,2025-07-15T19:51:58,Burly Bones (blue),2,0
442,Gravy Bones,2025-07-15T19:51:58,Clap 'Em in Irons (blue),1,0
442,Gravy Bones,2025-07-15T19:51:58,Golden Tipple (blue),2,0
442,Gravy Bones,2025-07-15T19:51:58,Murderous Rabble (blue),1,0
442,Gravy Bones,2025-07-15T19:51:58,Restless Bones (blue),2,0
442,Gravy Bones,2025-07-15T19:51:58,Saltwater Swell (blue),1,0
442,Gravy Bones,2025-07-15T19:51:58,Trade In (blue),1,0
442,Gravy Bones,2025-07-15T19:51:58,Bandana of the Blue Beyond,1,1
442,Gravy Bones,2025-07-15T19:51:58,Blue Sea Tricorn,1,1
442,Gravy Bones,2025-07-15T19:51:58,Captain's Coat,1,1
442,Gravy Bones,2025-07-15T19:51:58,Quick Clicks,1,1
