Name,rarity,mana_cost,collector_number,type,image_url,Unique ID,Color,Pitch,Cost,Power,Defense,Health,Intelligence,Arcane,Types,Traits,Card Keywords,Abilities and Effects,Ability and Effect Keywords,Granted Keywords,Removed Keywords,Interacts with Keywords,Functional Text,Type Text,Card Played Horizontally,Blitz Legal,CC Legal,Silver Age Legal,Commoner Legal,LL Legal,total_count,average_count_per_deck,average_count_per_normalized_deck,draft_average_occurrence1,draft_average_occurrence2,draft_average_occurrence3,draft_average_occurrence4,draft_average_occurrence5,draft_average_occurrence6,pick_rate,"Aurora, Emissary of Lightning_total_count","Aurora, Emissary of Lightning_average_count_per_deck","Aurora, Emissary of Lightning_average_count_per_normalized_deck","Aurora, Emissary of Lightning_pick_rate","Oscilio, Scion of the Third Age_total_count","Oscilio, Scion of the Third Age_average_count_per_deck","Oscilio, Scion of the Third Age_average_count_per_normalized_deck","Oscilio, Scion of the Third Age_pick_rate",Zyggy_total_count,Zyggy_average_count_per_deck,Zyggy_average_count_per_normalized_deck,Zyggy_pick_rate,weighted_pick_rate
Unwinding Finality (red),mythic,1,OMN004,"Lightning, Illusionist, Action, Attack",https://prod-content.fabrary.io/cards/OMN004.webp,QGcNgm9FQLDfT8LtBcGB7,Red,1,0,5,3,,,,"Lightning, Illusionist, Action, Attack",,Fragment,,,,,,"""When this hits, draw a card.",,,,,,,,15,0.049342105263157895,0.04199950371227054,0.5536304346328936,0.45558331731693247,0.3662809917355372,0.32,0.32,0.4666666666666669,0.115327431702107,0,0.0,0.0,0.0,0,0.0,0.0,0.0,15,0.19230769230769232,0.16369037344269544,0.43565352544884867,0.1452178418162829
Flicker Reality (blue),mythic,3,OMN005,"Lightning, Illusionist, Instant, Aura",https://prod-content.fabrary.io/cards/OMN005.webp,pDcNGgGpPKKtj9wkD7jQR,Blue,3,0,,,,,,"Lightning, Illusionist, Instant, Aura",,Ward 1,,,,,,"""When this leaves the arena, you may banish another Lightning aura permanent you control with no holo counters, then return it to the arena with a holo counter.",,,,,,,,12,0.039473684210526314,0.03327217311554121,0.5536304346328936,0.45558331731693247,0.3662809917355372,0.4191735537190082,0.4191735537190082,0.5352380952380951,0.08153871894066227,0,0.0,0.0,0.0,0,0.0,0.0,0.0,12,0.15384615384615385,0.1296761618862119,0.31098809443250097,0.103662698144167
Blink of an Eye (red),rare,1,OMN006,"Lightning, Illusionist, Action, Attack",https://prod-content.fabrary.io/cards/OMN006.webp,Cmf8GkhNpRqdpkwLg9RnK,Red,1,2,7,3,,,,"Lightning, Illusionist, Action, Attack",,Fragment,,,,,,"""Whenever this fragments, you may banish a Lightning aura permanent you control with no holo counters, then return it to the arena with a holo counter.",,,,,,,,39,0.12828947368421054,0.10954841125551358,0.7731603341528761,0.7555256582740724,0.7778512396694216,0.7788317691553437,0.7788317691553437,0.7443502824858751,0.16722973740269773,0,0.0,0.0,0.0,0,0.0,0.0,0.0,39,0.5,0.42695791053430937,0.653180447600545,0.21772681586684836
Fraying Lifeforce (red),rare,1,OMN007,"Lightning, Illusionist, Action, Attack",https://prod-content.fabrary.io/cards/OMN007.webp,MQCrDKpjPzkPHDGKztTTr,Red,1,2,7,3,,,,"Lightning, Illusionist, Action, Attack",,Fragment,,,,,,"""Whenever this fragments, gain 1{h}.",,,,,,,,28,0.09210526315789473,0.07870748555580316,0.7731603341528761,0.7555256582740724,0.7778512396694216,0.7788317691553437,0.7788317691553437,0.7443502824858751,0.12006237557116758,0,0.0,0.0,0.0,0,0.0,0.0,0.0,28,0.358974358974359,0.3067573796021046,0.46895006494398106,0.15631668831466036
Scattering Conflux (red),rare,1,OMN008,"Lightning, Illusionist, Action, Attack",https://prod-content.fabrary.io/cards/OMN008.webp,DDNkGQ7L9kNzzFthTtTKH,Red,1,2,7,3,,,,"Lightning, Illusionist, Action, Attack",,Fragment,,,,,,"""Whenever this fragments, create an Embodiment of Lightning token.",,,,,,,,23,0.0756578947368421,0.062345975668853304,0.7731603341528761,0.7555256582740724,0.7778512396694216,0.7788317691553437,0.7788317691553437,0.7443502824858751,0.0986226656477448,0,0.0,0.0,0.0,0,0.0,0.0,0.0,23,0.2948717948717949,0.2429894436324539,0.38520898191827013,0.1284029939727567
Polarus Pulse Ray (red),rare,1,OMN009,"Lightning, Illusionist, Action, Attack",https://prod-content.fabrary.io/cards/OMN009.webp,q7gj97HJJJD7Kkbk8PkBp,Red,1,2,7,3,,,1,"Lightning, Illusionist, Action, Attack",,Fragment,,,,,,"""Whenever this fragments, deal 1 arcane damage to the defending hero.",,,,,,,,29,0.09539473684210527,0.08001049283434813,0.7731603341528761,0.7555256582740724,0.7778512396694216,0.7788317691553437,0.7788317691553437,0.7443502824858751,0.12435031755585214,0,0.0,0.0,0.0,0,0.0,0.0,0.0,29,0.3717948717948718,0.31183576694412607,0.48569828154912326,0.1618994271830411
Polarus Pulse Ray (yellow),rare,2,OMN010,"Lightning, Illusionist, Action, Attack",https://prod-content.fabrary.io/cards/OMN010.webp,cjgpLNMgcd7HBcnJnDJ6j,Yellow,2,2,6,3,,,1,"Lightning, Illusionist, Action, Attack",,Fragment,,,,,,"""Whenever this fragments, deal 1 arcane damage to the defending hero.",,,,,,,,17,0.05592105263157895,0.04649770737639403,0.7731603341528761,0.7555256582740724,0.7778512396694216,0.7788317691553437,0.7788317691553437,0.7443502824858751,0.07289501373963747,0,0.0,0.0,0.0,0,0.0,0.0,0.0,17,0.21794871794871795,0.181221833877228,0.28471968228741706,0.09490656076247235
Polarus Pulse Ray (blue),rare,3,OMN011,"Lightning, Illusionist, Action, Attack",https://prod-content.fabrary.io/cards/OMN011.webp,Mh9bPkdPw6Hf7NCQhTqgp,Blue,3,2,5,3,,,1,"Lightning, Illusionist, Action, Attack",,Fragment,,,,,,"""Whenever this fragments, deal 1 arcane damage to the defending hero.",,,,,,,,16,0.05263157894736842,0.04352270685767814,0.7731603341528761,0.7555256582740724,0.7778512396694216,0.7788317691553437,0.7788317691553437,0.7443502824858751,0.06860707175495291,0,0.0,0.0,0.0,0,0.0,0.0,0.0,16,0.20512820512820512,0.16962696006069428,0.26797146568227487,0.08932382189409162
Corrosive Space Dust (red),rare,1,OMN012,"Lightning, Illusionist, Instant, Aura",https://prod-content.fabrary.io/cards/OMN012.webp,QPTGQGKCgD6B7fR9Nngdn,Red,1,1,,,,,1,"Lightning, Illusionist, Instant, Aura",,Ward X,,,,,,"""When this leaves the arena, deal 1 arcane damage to target hero.",,,,,,,,21,0.06907894736842106,0.05773825305030134,0.7731603341528761,0.7555256582740724,0.7778512396694216,0.7788317691553437,0.7788317691553437,0.7443502824858751,0.0900467816783757,0,0.0,0.0,0.0,0,0.0,0.0,0.0,21,0.2692307692307692,0.22503114009348216,0.3517125487079858,0.11723751623599526
Corrosive Space Dust (yellow),rare,2,OMN013,"Lightning, Illusionist, Instant, Aura",https://prod-content.fabrary.io/cards/OMN013.webp,nM8W6pkg66hWdcq7LpNgf,Yellow,2,1,,,,,1,"Lightning, Illusionist, Instant, Aura",,Ward X,,,,,,"""When this leaves the arena, deal 1 arcane damage to target hero.",,,,,,,,37,0.12171052631578948,0.10396094763920705,0.7731603341528761,0.7555256582740724,0.7778512396694216,0.7788317691553437,0.7788317691553437,0.7443502824858751,0.1586538534333286,0,0.0,0.0,0.0,0,0.0,0.0,0.0,37,0.47435897435897434,0.40518112926049926,0.6196840143902607,0.2065613381300869
Corrosive Space Dust (blue),rare,3,OMN014,"Lightning, Illusionist, Instant, Aura",https://prod-content.fabrary.io/cards/OMN014.webp,dKKCNFfnqk9zMLRzdHHgR,Blue,3,1,,,,,1,"Lightning, Illusionist, Instant, Aura",,Ward X,,,,,,"""When this leaves the arena, deal 1 arcane damage to target hero.",,,,,,,,28,0.09210526315789473,0.07785592931804583,0.7731603341528761,0.7555256582740724,0.7778512396694216,0.7788317691553437,0.7788317691553437,0.7443502824858751,0.12006237557116758,0,0.0,0.0,0.0,0,0.0,0.0,0.0,28,0.358974358974359,0.30343849375238374,0.46895006494398106,0.15631668831466036
Cosmic Duality (red),common,1,OMN015,"Lightning, Illusionist, Action, Attack",https://prod-content.fabrary.io/cards/OMN015.webp,tWqk8FWtf7TD9RgWBpKPP,Red,1,2,7,3,,,1,"Lightning, Illusionist, Action, Attack",,Fragment,Instant,,,,,"""**Instant** - {r}, discard this: Deal 1 arcane damage to target hero. Create a Lightning Flow token.",,,,,,,,46,0.1513157894736842,0.1278517571108174,2.8108826952611166,2.3138034985542317,2.5073220240684355,2.5222353404171587,1.9389020070838257,1.8147142857142844,0.068456290883229,0,0.0,0.0,0.0,0,0.0,0.0,0.0,46,0.5897435897435898,0.4982940277139549,0.26468240949589816,0.08822746983196605
Cosmic Duality (yellow),common,2,OMN016,"Lightning, Illusionist, Action, Attack",https://prod-content.fabrary.io/cards/OMN016.webp,rQTCqBFcppTWfDwfFkHQN,Yellow,2,2,6,3,,,1,"Lightning, Illusionist, Action, Attack",,Fragment,Instant,,,,,"""**Instant** - {r}, discard this: Deal 1 arcane damage to target hero. Create a Lightning Flow token.",,,,,,,,88,0.2894736842105263,0.244927782110222,2.8108826952611166,2.3138034985542317,2.5073220240684355,2.5222353404171587,2.988902007083825,2.789714285714285,0.10324559348702073,0,0.0,0.0,0.0,0,0.0,0.0,0.0,88,1.1282051282051282,0.954590330275737,0.40317373058963624,0.13439124352987875
Cosmic Duality (blue),common,3,OMN017,"Lightning, Illusionist, Action, Attack",https://prod-content.fabrary.io/cards/OMN017.webp,WhggpfhhBLDnpKwCkjWDk,Blue,3,2,5,3,,,1,"Lightning, Illusionist, Action, Attack",,Fragment,Instant,,,,,"""**Instant** - {r}, discard this: Deal 1 arcane damage to target hero. Create a Lightning Flow token.",,,,,,,,82,0.26973684210526316,0.23071032920668774,2.8108826952611166,2.3138034985542317,2.5073220240684355,2.5222353404171587,2.988902007083825,2.789714285714285,0.09620612120381476,0,0.0,0.0,0.0,0,0.0,0.0,0.0,82,1.0512820512820513,0.8991787189593984,0.3756846125948883,0.12522820419829608
Ebbing Arcstride (red),common,1,OMN018,"Lightning, Illusionist, Action, Attack",https://prod-content.fabrary.io/cards/OMN018.webp,zC8NQNnj7RpgrR7LzKRmz,Red,1,0,5,3,,,,"Lightning, Illusionist, Action, Attack",,"Go again, Fragment",,,,,,"""Whenever this fragments, it gets **go again**.",,,,,,,,84,0.27631578947368424,0.23237639529254422,2.8108826952611166,2.3138034985542317,2.5073220240684355,2.5222353404171587,2.988902007083825,2.789714285714285,0.09855261196488342,0,0.0,0.0,0.0,0,0.0,0.0,0.0,84,1.0769230769230769,0.905672104729916,0.38484765192647097,0.128282550642157
Ebbing Arcstride (yellow),common,2,OMN019,"Lightning, Illusionist, Action, Attack",https://prod-content.fabrary.io/cards/OMN019.webp,HMqtjHBBrQMRpRGjkcPpD,Yellow,2,0,4,3,,,,"Lightning, Illusionist, Action, Attack",,"Go again, Fragment",,,,,,"""Whenever this fragments, it gets **go again**.",,,,,,,,59,0.19407894736842105,0.16409109234299973,2.8108826952611166,2.3138034985542317,2.5073220240684355,2.5222353404171587,1.588902007083825,1.4897142857142853,0.09643097232487903,0,0.0,0.0,0.0,0,0.0,0.0,0.0,59,0.7564102564102564,0.6395345137470759,0.37114343691702695,0.12371447897234232
Ebbing Arcstride (blue),common,3,OMN020,"Lightning, Illusionist, Action, Attack",https://prod-content.fabrary.io/cards/OMN020.webp,6HPNkbgGwRmTbRWQ7bmPf,Blue,3,0,3,3,,,,"Lightning, Illusionist, Action, Attack",,"Go again, Fragment",,,,,,"""Whenever this fragments, it gets **go again**.",,,,,,,,84,0.27631578947368424,0.23550082090248373,2.8108826952611166,2.3138034985542317,2.5073220240684355,2.5222353404171587,2.988902007083825,2.789714285714285,0.09855261196488342,0,0.0,0.0,0.0,0,0.0,0.0,0.0,84,1.0769230769230769,0.9178493532609622,0.38484765192647097,0.128282550642157
Pulsing Cardia (red),common,1,OMN021,"Lightning, Illusionist, Action, Attack",https://prod-content.fabrary.io/cards/OMN021.webp,nm7BLnWdtjqGqfJ868NbW,Red,1,0,5,3,,,,"Lightning, Illusionist, Action, Attack",,Fragment,,,,,,"""Whenever this fragments, gain {r}.",,,,,,,,72,0.23684210526315788,0.20092183965396732,2.8108826952611166,2.3138034985542317,2.5073220240684355,2.5222353404171587,2.988902007083825,2.789714285714285,0.0844736673984715,0,0.0,0.0,0.0,0,0.0,0.0,0.0,72,0.9230769230769231,0.7830799904462317,0.3298694159369751,0.10995647197899171
Pulsing Cardia (yellow),common,2,OMN022,"Lightning, Illusionist, Action, Attack",https://prod-content.fabrary.io/cards/OMN022.webp,FJNBWQGCMNzBKLc6qPC9q,Yellow,2,0,4,3,,,,"Lightning, Illusionist, Action, Attack",,Fragment,,,,,,"""Whenever this fragments, gain {r}.",,,,,,,,42,0.13815789473684212,0.11549016583813862,2.8108826952611166,2.3138034985542317,2.5073220240684355,2.5222353404171587,1.588902007083825,1.4897142857142853,0.06864577690923591,0,0.0,0.0,0.0,0,0.0,0.0,0.0,42,0.5384615384615384,0.4501155181383864,0.26420380255110393,0.0880679341837013
Pulsing Cardia (blue),common,3,OMN023,"Lightning, Illusionist, Action, Attack",https://prod-content.fabrary.io/cards/OMN023.webp,nmc9fgdkRkcdJN6QwMTnT,Blue,3,0,3,3,,,,"Lightning, Illusionist, Action, Attack",,Fragment,,,,,,"""Whenever this fragments, gain {r}.",,,,,,,,64,0.21052631578947367,0.17797344604300658,2.8108826952611166,2.3138034985542317,2.5073220240684355,2.5222353404171587,2.988902007083825,2.789714285714285,0.07508770435419689,0,0.0,0.0,0.0,0,0.0,0.0,0.0,64,0.8205128205128205,0.6936400973983846,0.2932172586106445,0.09773908620354817
Shattering Flowtide (red),common,1,OMN024,"Lightning, Illusionist, Action, Attack",https://prod-content.fabrary.io/cards/OMN024.webp,88NcRgnJqWDBCpWHcJJtJ,Red,1,0,5,3,,,,"Lightning, Illusionist, Action, Attack",,Fragment,,,,,,"""Whenever this fragments, create a Lightning Flow token.",,,,,,,,82,0.26973684210526316,0.22839482505703423,2.8108826952611166,2.3138034985542317,2.5073220240684355,2.5222353404171587,2.988902007083825,2.789714285714285,0.09620612120381476,0,0.0,0.0,0.0,0,0.0,0.0,0.0,82,1.0512820512820513,0.890154189965877,0.3756846125948883,0.12522820419829608
Shattering Flowtide (yellow),common,2,OMN025,"Lightning, Illusionist, Action, Attack",https://prod-content.fabrary.io/cards/OMN025.webp,fHzPHtqP68CcwPG6JGGMJ,Yellow,2,0,4,3,,,,"Lightning, Illusionist, Action, Attack",,Fragment,,,,,,"""Whenever this fragments, create a Lightning Flow token.",,,,,,,,45,0.14802631578947367,0.1255988542982967,2.8108826952611166,2.3138034985542317,2.5073220240684355,2.5222353404171587,1.588902007083825,1.4897142857142853,0.07354904668846705,0,0.0,0.0,0.0,0,0.0,0.0,0.0,45,0.5769230769230769,0.4895134834190025,0.28307550273332566,0.09435850091110855
Shattering Flowtide (blue),common,3,OMN026,"Lightning, Illusionist, Action, Attack",https://prod-content.fabrary.io/cards/OMN026.webp,Rhwctgbpc8DkRWbfPbpKg,Blue,3,0,3,3,,,,"Lightning, Illusionist, Action, Attack",,Fragment,,,,,,"""Whenever this fragments, create a Lightning Flow token.",,,,,,,,100,0.32894736842105265,0.2796814230091389,2.8108826952611166,2.3138034985542317,2.5073220240684355,2.5222353404171587,2.988902007083825,2.789714285714285,0.11732453805343264,0,0.0,0.0,0.0,0,0.0,0.0,0.0,100,1.2820512820512822,1.0900404178817722,0.4581519665791321,0.15271732219304404
Auric Shards (red),common,1,OMN027,"Lightning, Illusionist, Instant, Aura",https://prod-content.fabrary.io/cards/OMN027.webp,nwtQNgqNfgLQwFCnJDpwB,Red,1,1,,,,,,"Lightning, Illusionist, Instant, Aura",,Ward 1,,,,,Fragment,"""When this enters the arena, up to 1 target attack with fragment gets +1{p}. If this has a holo counter, instead the attack gets +4{p}.",,,,,,,,88,0.2894736842105263,0.24307397101806308,2.8108826952611166,2.3138034985542317,2.5073220240684355,2.5222353404171587,2.988902007083825,2.789714285714285,0.10324559348702073,0,0.0,0.0,0.0,0,0.0,0.0,0.0,88,1.1282051282051282,0.947365220378092,0.40317373058963624,0.13439124352987875
Auric Shards (yellow),common,2,OMN028,"Lightning, Illusionist, Instant, Aura",https://prod-content.fabrary.io/cards/OMN028.webp,JgjRzjfBTL8fhNjMn7bkJ,Yellow,2,1,,,,,,"Lightning, Illusionist, Instant, Aura",,Ward 1,,,,,Fragment,"""When this enters the arena, up to 1 target attack with fragment gets +1{p}. If this has a holo counter, instead the attack gets +3{p}.",,,,,,,,57,0.1875,0.1596332411511987,2.8108826952611166,2.3138034985542317,2.5073220240684355,2.5222353404171587,2.988902007083825,2.789714285714285,0.0668749866904566,0,0.0,0.0,0.0,0,0.0,0.0,0.0,57,0.7307692307692307,0.6221603244867232,0.26114662095010527,0.0870488736500351
Auric Shards (blue),common,3,OMN029,"Lightning, Illusionist, Instant, Aura",https://prod-content.fabrary.io/cards/OMN029.webp,KbN76qW8BpGFCBchTLHGh,Blue,3,1,,,,,,"Lightning, Illusionist, Instant, Aura",,Ward 1,,,,,Fragment,"""When this enters the arena, up to 1 target attack with fragment gets +1{p}. If this has a holo counter, instead the attack gets +2{p}.",,,,,,,,29,0.09539473684210527,0.08130405595575875,2.8108826952611166,2.3138034985542317,2.5073220240684355,2.5222353404171587,1.588902007083825,1.4897142857142853,0.047398274532567654,0,0.0,0.0,0.0,0,0.0,0.0,0.0,29,0.3717948717948718,0.316877346289111,0.18242643509480985,0.06080881169826995
Holo Shield (red),common,1,OMN030,"Lightning, Illusionist, Instant, Aura",https://prod-content.fabrary.io/cards/OMN030.webp,f9C7rd9WgL9b8bgFMrP9h,Red,1,1,,,,,,"Lightning, Illusionist, Instant, Aura",,Ward X,,,,,,"**Ward X**, where X is 4 if this has a holo counter. Otherwise, X is 1.",Lightning Illusionist Instant - Aura,,,,,,,58,0.19078947368421054,0.16071087680955384,2.8108826952611166,2.3138034985542317,2.5073220240684355,2.5222353404171587,2.988902007083825,2.789714285714285,0.06804823207099094,0,0.0,0.0,0.0,0,0.0,0.0,0.0,58,0.7435897435897436,0.6263603403859533,0.2657281406158966,0.08857604687196553
Holo Shield (yellow),common,2,OMN031,"Lightning, Illusionist, Instant, Aura",https://prod-content.fabrary.io/cards/OMN031.webp,gQbKw7QPrQtQ7TTKDfLbb,Yellow,2,1,,,,,,"Lightning, Illusionist, Instant, Aura",,Ward X,,,,,,"**Ward X**, where X is 3 if this has a holo counter. Otherwise, X is 1.",Lightning Illusionist Instant - Aura,,,,,,,20,0.06578947368421052,0.05532291058516506,2.8108826952611166,2.3138034985542317,2.5073220240684355,2.5222353404171587,1.2389020070838253,1.1647142857142843,0.036250822602069924,0,0.0,0.0,0.0,0,0.0,0.0,0.0,20,0.2564102564102564,0.2156174976652587,0.13875091947421755,0.04625030649140585
Holo Shield (blue),common,3,OMN032,"Lightning, Illusionist, Instant, Aura",https://prod-content.fabrary.io/cards/OMN032.webp,H7PmnpTDN7WpBw7gtwCdq,Blue,3,1,,,,,,"Lightning, Illusionist, Instant, Aura",,Ward X,,,,,,"**Ward X**, where X is 2 if this has a holo counter. Otherwise, X is 1.",Lightning Illusionist Instant - Aura,,,,,,,42,0.13815789473684212,0.11557868454642779,2.8108826952611166,2.3138034985542317,2.5073220240684355,2.5222353404171587,2.988902007083825,2.789714285714285,0.04927630598244171,0,0.0,0.0,0.0,0,0.0,0.0,0.0,42,0.5384615384615384,0.4504605141296673,0.19242382596323548,0.0641412753210785
Circular Flowtide (yellow),common,2,OMN033,"Lightning, Illusionist, Instant, Aura",https://prod-content.fabrary.io/cards/OMN033.webp,FgRQdMbgkGgJ6RwGjwgHr,Yellow,2,1,,,,,,"Lightning, Illusionist, Instant, Aura",,Ward 2,,,,,,"""When this leaves the arena, create a Lightning Flow token.",,,,,,,,81,0.26644736842105265,0.22596643891140325,2.8108826952611166,2.3138034985542317,2.5073220240684355,2.3333333333333335,1.4000000000000001,1.3000000000000003,0.1408839156506319,0,0.0,0.0,0.0,0,0.0,0.0,0.0,81,1.0384615384615385,0.8806897106290589,0.5411063526338162,0.1803687842112721
Elliptical Conflux (yellow),common,2,OMN034,"Lightning, Illusionist, Instant, Aura",https://prod-content.fabrary.io/cards/OMN034.webp,Tr6LzWfrtqMkKjM7JpHjC,Yellow,2,1,,,,,,"Lightning, Illusionist, Instant, Aura",,Ward 2,,,,,,"""When this leaves the arena, create an Embodiment of Lightning token.",,,,,,,,58,0.19078947368421054,0.16125725307927016,2.8108826952611166,2.3138034985542317,2.5073220240684355,2.3333333333333335,2.8000000000000003,2.6000000000000005,0.07112711941032665,0,0.0,0.0,0.0,0,0.0,0.0,0.0,58,0.7435897435897436,0.6284898068730529,0.27752084746928496,0.09250694915642832
Nebulus Cycle (yellow),common,2,OMN035,"Lightning, Illusionist, Instant, Aura",https://prod-content.fabrary.io/cards/OMN035.webp,knQ7hzFBj6fFLH9LTd8MD,Yellow,2,1,,,,,,"Lightning, Illusionist, Instant, Aura",,Ward 2,,,,,,"""When this leaves the arena, create a Ponder token.",,,,,,,,55,0.18092105263157895,0.15299053088491782,2.8108826952611166,2.3138034985542317,2.5073220240684355,2.3333333333333335,2.8000000000000003,2.6000000000000005,0.06744813047530976,0,0.0,0.0,0.0,0,0.0,0.0,0.0,55,0.7051282051282052,0.596270787038654,0.2631663208760461,0.08772210695868203
Crackle from Afar (blue),common,3,OMN036,"Lightning, Illusionist, Instant, Aura",https://prod-content.fabrary.io/cards/OMN036.webp,KCCLqQp6m8CngWnnQqNrp,Blue,3,0,,,,,,"Lightning, Illusionist, Instant, Aura",,Ward 1,,,,,,"""When this enters the arena, up to 1 target attack gets +1{p}.",,,,,,,,70,0.23026315789473684,0.19484907042821067,2.8108826952611166,2.3138034985542317,2.5073220240684355,2.3333333333333335,2.8000000000000003,2.6000000000000005,0.08584307515039423,0,0.0,0.0,0.0,0,0.0,0.0,0.0,70,0.8974358974358975,0.7594117616689237,0.3349389538422405,0.11164631794741349
Fleeing Starbreeze (blue),common,3,OMN037,"Lightning, Illusionist, Instant, Aura",https://prod-content.fabrary.io/cards/OMN037.webp,qPDJLjQBMWtW8fJ8Kdznp,Blue,3,0,,,,,,"Lightning, Illusionist, Instant, Aura",,Ward 1,,,,,,"""When this enters the arena, up to 1 target attack gets **go again**.",,,,,,,,64,0.21052631578947367,0.17719695377816713,2.8108826952611166,2.3138034985542317,2.5073220240684355,2.3333333333333335,2.8000000000000003,2.6000000000000005,0.07848509728036045,0,0.0,0.0,0.0,0,0.0,0.0,0.0,64,0.8205128205128205,0.6906137685713181,0.3062299006557627,0.10207663355192091
Nourishing Glow (blue),common,3,OMN038,"Lightning, Illusionist, Instant, Aura",https://prod-content.fabrary.io/cards/OMN038.webp,MqKhDHHHkLfFrdh7mBzcR,Blue,3,0,,,,,,"Lightning, Illusionist, Instant, Aura",,Ward 1,,,,,,"""When this enters the arena, gain 1{h}.",,,,,,,,66,0.21710526315789475,0.18502076377945892,2.8108826952611166,2.3138034985542317,2.5073220240684355,2.3333333333333335,1.4000000000000001,1.3000000000000003,0.11479430164125563,0,0.0,0.0,0.0,0,0.0,0.0,0.0,66,0.8461538461538461,0.7211065665250707,0.44090147251644285,0.14696715750548095
Fingers of Fragmentation,common,0,OMN039,"Illusionist, Equipment, Arms",https://prod-content.fabrary.io/cards/OMN039.webp,PgCtkKz6JjJQ9mgKK679T,,,,,0,,,,"Illusionist, Equipment, Arms",,,Instant,,,,Fragment,"**Instant** - {r}{r}, destroy this: Target attack action card that has fragmented gets +2{p}.",Illusionist Equipment - Arms,,,,,,,44,0.14473684210526316,0.0,1.7142857142857149,1.8742430589937933,0.6666666666666669,0.6666666666666665,1.945945945945946,1.9459459459459423,0.08117326154621034,0,0.0,0.0,0.0,0,0.0,0.0,0.0,44,0.5641025641025641,0.0,0.31786990557330125,0.10595663519110042
Fractal Creation (blue),mythic,3,OMN040,"Illusionist, Action, Attack",https://prod-content.fabrary.io/cards/OMN040.webp,K6PPGtffFCcGHLNkQbdpm,Blue,3,3,6,3,,,,"Illusionist, Action, Attack",,Fragment,,,,,,"""When this hits, you may create a token copy of an aura you control.",,,,,,,,14,0.046052631578947366,0.03895635115082728,0.5536304346328936,0.45558331731693247,0.3662809917355372,0.32,0.32,0.4666666666666669,0.10763893625529987,0,0.0,0.0,0.0,0,0.0,0.0,0.0,14,0.1794871794871795,0.1518298814083525,0.4066099570855921,0.13553665236186405
Clear Conscience (red),rare,1,OMN041,"Illusionist, Action, Attack",https://prod-content.fabrary.io/cards/OMN041.webp,JMb6zBb6gJ78bJnfCG8wp,Red,1,3,8,3,,,,"Illusionist, Action, Attack",,Fragment,,,,,,"""When this hits a hero, each hero puts a card from their hand on the bottom of their deck and creates a Ponder token.",,,,,,,,26,0.08552631578947369,0.07193542631702055,0.7731603341528761,0.7555256582740724,0.7778512396694216,0.7788317691553437,0.7788317691553437,0.7443502824858751,0.11148649160179848,0,0.0,0.0,0.0,0,0.0,0.0,0.0,26,0.3333333333333333,0.2803637128253108,0.4354536317336967,0.1451512105778989
Clear Conscience (yellow),rare,2,OMN042,"Illusionist, Action, Attack",https://prod-content.fabrary.io/cards/OMN042.webp,R9dRbDCJbNGLHFctHd9pW,Yellow,2,3,7,3,,,,"Illusionist, Action, Attack",,Fragment,,,,,,"""When this hits a hero, each hero puts a card from their hand on the bottom of their deck and creates a Ponder token.",,,,,,,,15,0.049342105263157895,0.041876849688967786,0.7731603341528761,0.7555256582740724,0.7778512396694216,0.7788317691553437,0.7788317691553437,0.7443502824858751,0.06431912977026835,0,0.0,0.0,0.0,0,0.0,0.0,0.0,15,0.19230769230769232,0.16321233724931036,0.2512232490771327,0.08374108302571091
Clear Conscience (blue),rare,3,OMN043,"Illusionist, Action, Attack",https://prod-content.fabrary.io/cards/OMN043.webp,mftrgDLcgF69QrzBgK6HB,Blue,3,3,6,3,,,,"Illusionist, Action, Attack",,Fragment,,,,,,"""When this hits a hero, each hero puts a card from their hand on the bottom of their deck and creates a Ponder token.",,,,,,,,28,0.09210526315789473,0.07807529945044349,0.7731603341528761,0.7555256582740724,0.7778512396694216,0.7788317691553437,0.7788317691553437,0.7443502824858751,0.12006237557116758,0,0.0,0.0,0.0,0,0.0,0.0,0.0,28,0.358974358974359,0.30429347478121566,0.46895006494398106,0.15631668831466036
Erode Authority (red),rare,1,OMN044,"Illusionist, Action, Attack",https://prod-content.fabrary.io/cards/OMN044.webp,dmGpmBBdMCt7dTpGHmjmr,Red,1,3,7,3,,,,"Illusionist, Action, Attack",,"Dominate, Fragment",,,,,,"""**Dominate**",,,,,,,,24,0.07894736842105263,0.0662404111119383,0.7731603341528761,0.7555256582740724,0.7778512396694216,0.7788317691553437,0.7788317691553437,0.7443502824858751,0.10291060763242936,0,0.0,0.0,0.0,0,0.0,0.0,0.0,24,0.3076923076923077,0.25816775612858006,0.40195719852341233,0.13398573284113743
Erode Authority (yellow),rare,2,OMN045,"Illusionist, Action, Attack",https://prod-content.fabrary.io/cards/OMN045.webp,hFtq9BPKqRgdTGQF9mpRN,Yellow,2,3,6,3,,,,"Illusionist, Action, Attack",,"Dominate, Fragment",,,,,,"""**Dominate**",,,,,,,,17,0.05592105263157895,0.04730264013033994,0.7731603341528761,0.7555256582740724,0.7778512396694216,0.7788317691553437,0.7788317691553437,0.7443502824858751,0.07289501373963747,0,0.0,0.0,0.0,0,0.0,0.0,0.0,17,0.21794871794871795,0.18435900768747876,0.28471968228741706,0.09490656076247235
Erode Authority (blue),rare,3,OMN046,"Illusionist, Action, Attack",https://prod-content.fabrary.io/cards/OMN046.webp,B9PzLK6qCpDjDpPHmmFdF,Blue,3,3,5,3,,,,"Illusionist, Action, Attack",,"Dominate, Fragment",,,,,,"""**Dominate**",,,,,,,,12,0.039473684210526314,0.032781890694831665,0.7731603341528761,0.7555256582740724,0.7778512396694216,0.7788317691553437,0.7788317691553437,0.7443502824858751,0.05145530381621468,0,0.0,0.0,0.0,0,0.0,0.0,0.0,12,0.15384615384615385,0.12776531757985674,0.20097859926170616,0.06699286642056872
Snap Fingers,common,0,OMN050,"Lightning, Runeblade, Equipment, Arms",https://prod-content.fabrary.io/cards/OMN050.webp,9t6zhmKcwhjTK8RRGCnTz,,,,,0,,,1,"Lightning, Runeblade, Equipment, Arms",,,Instant,,,,,"**Instant** - {r}, destroy this: Target Lightning attack action card you control on the active chain link deals 1 arcane damage to the defending hero.",Lightning Runeblade Equipment - Arms,,,,,,,55,0.18092105263157895,0.0,1.7142857142857149,1.8742430589937933,0.6666666666666669,0.6666666666666665,1.6216216216216217,1.621621621621621,0.11348512635472205,55,0.5612244897959183,0.0,0.352376356563588,0,0.0,0.0,0.0,0,0.0,0.0,0.0,0.117458785521196
Tempestuous Kiss (red),mythic,1,OMN051,"Lightning, Runeblade, Action, Attack",https://prod-content.fabrary.io/cards/OMN051.webp,dJkKN8JqCpJTtG9TPHM7n,Red,1,2,5,3,,,1,"Lightning, Runeblade, Action, Attack",,Quickstrike,,,,,Go again,"""**Quickstrike** - If this has go again, it gets +1{p} and """"When this attacks a hero, deal 1 arcane damage to them.""""",,,,,,,,24,0.07894736842105263,0.06854679370916077,0.5536304346328936,0.45558331731693247,0.3662809917355372,0.32,0.32,0.4666666666666669,0.18452389072337122,24,0.24489795918367346,0.21263495191413134,0.5953680973063387,0,0.0,0.0,0.0,0,0.0,0.0,0.0,0.1984560324354462
Arcanic Reproach (blue),mythic,3,OMN052,"Lightning, Runeblade, Instant, Aura",https://prod-content.fabrary.io/cards/OMN052.webp,jm9pR68kPHDjmkLRcJq9p,Blue,3,0,,3,,,1,"Lightning, Runeblade, Instant, Aura",,,,,,,,"""The first time an opposing hero deals damage to you each turn, you may reveal a Lightning card from your hand. If you do, deal 1 arcane damage to them.",,,,,,,,18,0.05921052631578947,0.05124706294162563,0.5536304346328936,0.45558331731693247,0.3662809917355372,0.4191735537190082,0.4191735537190082,0.5352380952380951,0.1223080784109934,18,0.1836734693877551,0.15897048096177746,0.3871942678250886,0,0.0,0.0,0.0,0,0.0,0.0,0.0,0.1290647559416962
Dashing Flashfoot (yellow),rare,2,OMN053,"Lightning, Runeblade, Action, Attack",https://prod-content.fabrary.io/cards/OMN053.webp,8m9Tr996zccnJhHcQKhFr,Yellow,2,1,3,3,,,,"Lightning, Runeblade, Action, Attack",,Quickstrike,,,,,Go again,"""**Quickstrike** - If this has go again, it gets +1{p} and """"When this attacks a hero, deal 1 arcane damage to them.""""",,,,,,,,35,0.11513157894736842,0.09758795151762502,0.7731603341528761,0.7555256582740724,0.7778512396694216,0.7788317691553437,0.7788317691553437,0.7443502824858751,0.1500779694639595,35,0.35714285714285715,0.3027218087893674,0.46570206878493536,0,0.0,0.0,0.0,0,0.0,0.0,0.0,0.1552340229283118
Electryn Mindmeld (yellow),rare,2,OMN054,"Lightning, Runeblade, Action, Attack",https://prod-content.fabrary.io/cards/OMN054.webp,BBj7tdpTkLpgrhCrq9qRh,Yellow,2,1,3,3,,,1,"Lightning, Runeblade, Action, Attack",,Quickstrike,,,,,Go again,"""**Quickstrike** - If this has go again, it gets +1{p} and """"When this attacks a hero, deal 1 arcane damage to them.""""",,,,,,,,27,0.08881578947368421,0.07513514347910884,0.7731603341528761,0.7555256582740724,0.7778512396694216,0.7788317691553437,0.7788317691553437,0.7443502824858751,0.11577443358648304,27,0.2755102040816326,0.23307228181274578,0.359255881634093,0,0.0,0.0,0.0,0,0.0,0.0,0.0,0.11975196054469767
Prophetic Quickstep (yellow),rare,2,OMN055,"Lightning, Runeblade, Action, Attack",https://prod-content.fabrary.io/cards/OMN055.webp,bRKLFbq7gKkdTQnqBmWgC,Yellow,2,1,3,3,,,1,"Lightning, Runeblade, Action, Attack",,Quickstrike,,,,,Go again,"""**Quickstrike** - If this has go again, it gets +1{p} and """"When this attacks a hero, deal 1 arcane damage to them.""""",,,,,,,,23,0.0756578947368421,0.06382092822497847,0.7731603341528761,0.7555256582740724,0.7778512396694216,0.7788317691553437,0.7788317691553437,0.7443502824858751,0.0986226656477448,23,0.23469387755102042,0.1979751242897291,0.3060327880586718,0,0.0,0.0,0.0,0,0.0,0.0,0.0,0.10201092935289059
Stinging Sprite (red),rare,1,OMN056,"Lightning, Runeblade, Action, Attack",https://prod-content.fabrary.io/cards/OMN056.webp,9g9FTKT6DqqrcKHnMGdWD,Red,1,0,3,2,,,1,"Lightning, Runeblade, Action, Attack",,,,,,,,"When this attacks or defends, deal 1 arcane damage to target hero.",Lightning Runeblade Action - Attack,,,,,No,,27,0.08881578947368421,0.07406736263084031,0.7731603341528761,0.7555256582740724,0.7778512396694216,0.7788317691553437,0.7788317691553437,0.7443502824858751,0.11577443358648304,27,0.2755102040816326,0.22975998203852502,0.359255881634093,0,0.0,0.0,0.0,0,0.0,0.0,0.0,0.11975196054469767
Stinging Sprite (yellow),rare,2,OMN057,"Lightning, Runeblade, Action, Attack",https://prod-content.fabrary.io/cards/OMN057.webp,NTfKzDBrKMPQ8LjGcWn6q,Yellow,2,0,2,2,,,1,"Lightning, Runeblade, Action, Attack",,,,,,,,"When this attacks or defends, deal 1 arcane damage to target hero.",Lightning Runeblade Action - Attack,,,,,No,,18,0.05921052631578947,0.050541884786273326,0.7731603341528761,0.7555256582740724,0.7778512396694216,0.7788317691553437,0.7788317691553437,0.7443502824858751,0.07718295572432202,18,0.1836734693877551,0.15678298954109277,0.23950392108939533,0,0.0,0.0,0.0,0,0.0,0.0,0.0,0.07983464036313177
Stinging Sprite (blue),rare,3,OMN058,"Lightning, Runeblade, Action, Attack",https://prod-content.fabrary.io/cards/OMN058.webp,Fccdnhg8DpLB6cTgjFgcw,Blue,3,0,1,2,,,1,"Lightning, Runeblade, Action, Attack",,,,,,,,"When this attacks or defends, deal 1 arcane damage to target hero.",Lightning Runeblade Action - Attack,,,,,No,,21,0.06907894736842106,0.05734768562633868,0.7731603341528761,0.7555256582740724,0.7778512396694216,0.7788317691553437,0.7788317691553437,0.7443502824858751,0.0900467816783757,21,0.21428571428571427,0.17789486153476486,0.27942124127096124,0,0.0,0.0,0.0,0,0.0,0.0,0.0,0.09314041375698708
Mercurial Skies (red),rare,1,OMN059,"Lightning, Runeblade, Action",https://prod-content.fabrary.io/cards/OMN059.webp,7ctThgNHLCTRztRgQKhk7,Red,1,0,,2,,,3,"Lightning, Runeblade, Action",,Go again,,,Go again,,,"""The next Runeblade or Lightning attack action card you play this turn gets **go again** and """"The first time this deals damage to a hero, you may destroy a Lightning Flow you control. If you do, deal 3 arcane damage to them.""""",,,,,,,,33,0.10855263157894737,0.09213633160403263,0.7731603341528761,0.7555256582740724,0.7778512396694216,0.7788317691553437,0.7788317691553437,0.7443502824858751,0.14150208549459037,33,0.336734693877551,0.2858106613023053,0.43909052199722476,0,0.0,0.0,0.0,0,0.0,0.0,0.0,0.14636350733240824
Mercurial Skies (yellow),rare,2,OMN060,"Lightning, Runeblade, Action",https://prod-content.fabrary.io/cards/OMN060.webp,mRgkGjNqnHPpwcwzwLwHJ,Yellow,2,0,,2,,,2,"Lightning, Runeblade, Action",,Go again,,,Go again,,,"""The next Runeblade or Lightning attack action card you play this turn gets **go again** and """"The first time this deals damage to a hero, you may destroy a Lightning Flow you control. If you do, deal 2 arcane damage to them.""""",,,,,,,,23,0.0756578947368421,0.06306595488949958,0.7731603341528761,0.7555256582740724,0.7778512396694216,0.7788317691553437,0.7788317691553437,0.7443502824858751,0.0986226656477448,23,0.23469387755102042,0.1956331661878354,0.3060327880586718,0,0.0,0.0,0.0,0,0.0,0.0,0.0,0.10201092935289059
Mercurial Skies (blue),rare,3,OMN061,"Lightning, Runeblade, Action",https://prod-content.fabrary.io/cards/OMN061.webp,RmCnthNDKJ977KcRNmMbg,Blue,3,0,,2,,,1,"Lightning, Runeblade, Action",,Go again,,,Go again,,,"""The next Runeblade or Lightning attack action card you play this turn gets **go again** and """"The first time this deals damage to a hero, you may destroy a Lightning Flow you control. If you do, deal 1 arcane damage to them.""""",,,,,,,,20,0.06578947368421052,0.05559824836617391,0.7731603341528761,0.7555256582740724,0.7778512396694216,0.7788317691553437,0.7788317691553437,0.7443502824858751,0.08575883969369114,20,0.20408163265306123,0.1724680357481313,0.26611546787710594,0,0.0,0.0,0.0,0,0.0,0.0,0.0,0.08870515595903532
Destructive Fleetfoot (red),common,1,OMN062,"Lightning, Runeblade, Action, Attack",https://prod-content.fabrary.io/cards/OMN062.webp,q9GwnnJTPk9KpPNdpW6wL,Red,1,0,3,3,,,,"Lightning, Runeblade, Action, Attack",,Quickstrike,,,,,Go again,"""**Quickstrike** - If this has go again, it gets +1{p}.",,,,,,,,106,0.34868421052631576,0.29312916245806053,2.8108826952611166,2.3138034985542326,2.5073220240684364,2.5222353404171587,2.920609324156996,2.7262996515679427,0.12609966777939646,106,1.0816326530612246,0.9092986264005143,0.3908310701867291,0,0.0,0.0,0.0,0,0.0,0.0,0.0,0.13027702339557637
Destructive Fleetfoot (yellow),common,2,OMN063,"Lightning, Runeblade, Action, Attack",https://prod-content.fabrary.io/cards/OMN063.webp,DqhpdDNnfhtrRH6pcfj8B,Yellow,2,0,2,3,,,,"Lightning, Runeblade, Action, Attack",,Quickstrike,,,,,Go again,"""**Quickstrike** - If this has go again, it gets +1{p}.",,,,,,,,42,0.13815789473684212,0.11642659614235709,2.8108826952611166,2.3138034985542326,2.5073220240684364,2.5222353404171587,1.5547556656204107,1.458006968641115,0.0693102744480076,42,0.42857142857142855,0.3611600533395567,0.22717996347631678,0,0.0,0.0,0.0,0,0.0,0.0,0.0,0.0757266544921056
Destructive Fleetfoot (blue),common,3,OMN064,"Lightning, Runeblade, Action, Attack",https://prod-content.fabrary.io/cards/OMN064.webp,d9tCqMqtdwFCmHMbRFGzd,Blue,3,0,1,3,,,,"Lightning, Runeblade, Action, Attack",,Quickstrike,,,,,Go again,"""**Quickstrike** - If this has go again, it gets +1{p}.",,,,,,,,91,0.2993421052631579,0.2536081384218198,2.8108826952611166,2.3138034985542326,2.5073220240684364,2.5222353404171587,2.920609324156996,2.7262996515679427,0.10825537516910451,91,0.9285714285714286,0.7867027967370737,0.3355247866697391,0,0.0,0.0,0.0,0,0.0,0.0,0.0,0.1118415955565797
Path of Same Ends (red),common,1,OMN065,"Lightning, Runeblade, Action, Attack",https://prod-content.fabrary.io/cards/OMN065.webp,LBFrKWRLJkKBgLc9nKmBb,Red,1,0,3,2,,,1,"Lightning, Runeblade, Action, Attack",,Go again,Instant,,,,,"""When this attacks a hero, deal 1 arcane damage to them. If damage is dealt this way, this gets **go again**.",,,,,,,,131,0.4309210526315789,0.36151564567194155,2.8108826952611166,2.3138034985542326,2.5073220240684364,2.5222353404171587,3.262072738791143,3.043372822299651,0.14567477457719588,131,1.336734693877551,1.1214362886150024,0.44740087524803385,0,0.0,0.0,0.0,0,0.0,0.0,0.0,0.14913362508267794
Path of Same Ends (yellow),common,2,OMN066,"Lightning, Runeblade, Action, Attack",https://prod-content.fabrary.io/cards/OMN066.webp,GQkkQFm9FHbRhCkTJm7Gj,Yellow,2,0,2,2,,,1,"Lightning, Runeblade, Action, Attack",,Go again,Instant,,,,,"""When this attacks a hero, deal 1 arcane damage to them. If damage is dealt this way, this gets **go again**.",,,,,,,,106,0.34868421052631576,0.29835790327289125,2.8108826952611166,2.3138034985542326,2.5073220240684364,2.5222353404171587,2.920609324156996,2.7262996515679427,0.12609966777939646,106,1.0816326530612246,0.9255183938261117,0.3908310701867291,0,0.0,0.0,0.0,0,0.0,0.0,0.0,0.13027702339557637
Path of Same Ends (blue),common,3,OMN067,"Lightning, Runeblade, Action, Attack",https://prod-content.fabrary.io/cards/OMN067.webp,LQt7KLBFHmdk7BKwdtD6M,Blue,3,0,1,2,,,1,"Lightning, Runeblade, Action, Attack",,Go again,Instant,,,,,"""When this attacks a hero, deal 1 arcane damage to them. If damage is dealt this way, this gets **go again**.",,,,,,,,63,0.20723684210526316,0.17614783452440796,2.8108826952611166,2.3138034985542326,2.5073220240684364,2.5222353404171587,1.5547556656204107,1.458006968641115,0.10396541167201138,63,0.6428571428571429,0.5464177724022451,0.3407699452144752,0,0.0,0.0,0.0,0,0.0,0.0,0.0,0.11358998173815839
Rush of Power (red),common,1,OMN068,"Lightning, Runeblade, Action, Attack",https://prod-content.fabrary.io/cards/OMN068.webp,jbmgCjPjGMC9g6688q8RM,Red,1,0,3,3,,,1,"Lightning, Runeblade, Action, Attack",,Quickstrike,,,,,Go again,"""**Quickstrike** - If this has go again, it gets +1{p}.",,,,,,,,87,0.28618421052631576,0.2430826454832295,2.8108826952611166,2.3138034985542326,2.5073220240684364,2.5222353404171587,2.920609324156996,2.7262996515679427,0.10349689713969332,87,0.8877551020408163,0.7540522880296099,0.3207764443985418,0,0.0,0.0,0.0,0,0.0,0.0,0.0,0.1069254814661806
Rush of Power (yellow),common,2,OMN069,"Lightning, Runeblade, Action, Attack",https://prod-content.fabrary.io/cards/OMN069.webp,qtJwHkr8WgjHJcC9gNPGj,Yellow,2,0,2,3,,,1,"Lightning, Runeblade, Action, Attack",,Quickstrike,,,,,Go again,"""**Quickstrike** - If this has go again, it gets +1{p}.",,,,,,,,38,0.125,0.10629293113837468,2.8108826952611166,2.3138034985542326,2.5073220240684364,2.5222353404171587,1.2132922509862645,1.1409337979094076,0.06943020465620263,38,0.3877551020408163,0.3297250108782235,0.23271466928369522,0,0.0,0.0,0.0,0,0.0,0.0,0.0,0.07757155642789841
Rush of Power (blue),common,3,OMN070,"Lightning, Runeblade, Action, Attack",https://prod-content.fabrary.io/cards/OMN070.webp,mr9jJffnHHHcrG9p8fdMP,Blue,3,0,1,3,,,1,"Lightning, Runeblade, Action, Attack",,Quickstrike,,,,,Go again,"""**Quickstrike** - If this has go again, it gets +1{p}.",,,,,,,,63,0.20723684210526316,0.17788998766846403,2.8108826952611166,2.3138034985542326,2.5073220240684364,2.5222353404171587,1.5547556656204107,1.458006968641115,0.10396541167201138,63,0.6428571428571429,0.5518220025633986,0.3407699452144752,0,0.0,0.0,0.0,0,0.0,0.0,0.0,0.11358998173815839
Singeing Flowstride (red),common,1,OMN071,"Lightning, Runeblade, Action, Attack",https://prod-content.fabrary.io/cards/OMN071.webp,Mzq9qrLQtHKjNTgkDqtwB,Red,1,1,4,3,,,1,"Lightning, Runeblade, Action, Attack",,Quickstrike,,,,,Go again,"""**Quickstrike** - If this has go again, it gets """"When this attacks a hero, deal 1 arcane damage to them.""""",,,,,,,,115,0.3782894736842105,0.3240412201723844,2.8108826952611166,2.3138034985542326,2.5073220240684364,2.5222353404171587,2.920609324156996,2.7262996515679427,0.13680624334557162,115,1.1734693877551021,1.0051890911469883,0.42401484029692305,0,0.0,0.0,0.0,0,0.0,0.0,0.0,0.14133828009897434
Singeing Flowstride (yellow),common,2,OMN072,"Lightning, Runeblade, Action, Attack",https://prod-content.fabrary.io/cards/OMN072.webp,NCPg8kRTF8gMFfrpkc8p8,Yellow,2,1,3,3,,,1,"Lightning, Runeblade, Action, Attack",,Quickstrike,,,,,Go again,"""**Quickstrike** - If this has go again, it gets """"When this attacks a hero, deal 1 arcane damage to them.""""",,,,,,,,91,0.2993421052631579,0.25467722609628923,2.8108826952611166,2.3138034985542326,2.5073220240684364,2.5222353404171587,2.920609324156996,2.7262996515679427,0.10825537516910451,91,0.9285714285714286,0.7900191503395095,0.3355247866697391,0,0.0,0.0,0.0,0,0.0,0.0,0.0,0.1118415955565797
Singeing Flowstride (blue),common,3,OMN073,"Lightning, Runeblade, Action, Attack",https://prod-content.fabrary.io/cards/OMN073.webp,wJLdrWjMqLQL8r7wMc8Rg,Blue,3,1,2,3,,,1,"Lightning, Runeblade, Action, Attack",,Quickstrike,,,,,Go again,"""**Quickstrike** - If this has go again, it gets """"When this attacks a hero, deal 1 arcane damage to them.""""",,,,,,,,98,0.3223684210526316,0.27299659123916703,2.8108826952611166,2.3138034985542326,2.5073220240684364,2.5222353404171587,2.920609324156996,2.7262996515679427,0.11658271172057409,98,1.0,0.8468465687419059,0.36133438564433445,0,0.0,0.0,0.0,0,0.0,0.0,0.0,0.12044479521477815
Stunning Swipe (red),common,1,OMN074,"Lightning, Runeblade, Action, Attack",https://prod-content.fabrary.io/cards/OMN074.webp,fg6fdKmQkGmCgkGprpKRR,Red,1,0,3,3,,,1,"Lightning, Runeblade, Action, Attack",,Quickstrike,,,,,Go again,"""**Quickstrike** - If this has go again, it gets """"When this attacks a hero, deal 1 arcane damage to them.""""",,,,,,,,91,0.2993421052631579,0.25213581260216933,2.8108826952611166,2.3138034985542326,2.5073220240684364,2.5222353404171587,2.920609324156996,2.7262996515679427,0.10825537516910451,91,0.9285714285714286,0.7821355819495864,0.3355247866697391,0,0.0,0.0,0.0,0,0.0,0.0,0.0,0.1118415955565797
Stunning Swipe (yellow),common,2,OMN075,"Lightning, Runeblade, Action, Attack",https://prod-content.fabrary.io/cards/OMN075.webp,zn8NpMnDBcKzGhLj9Cp6J,Yellow,2,0,2,3,,,1,"Lightning, Runeblade, Action, Attack",,Quickstrike,,,,,Go again,"""**Quickstrike** - If this has go again, it gets """"When this attacks a hero, deal 1 arcane damage to them.""""",,,,,,,,49,0.1611842105263158,0.13744952155285994,2.8108826952611166,2.3138034985542326,2.5073220240684364,2.5222353404171587,1.5547556656204107,1.458006968641115,0.08086198685600886,49,0.5,0.4263740260415247,0.2650432907223696,0,0.0,0.0,0.0,0,0.0,0.0,0.0,0.0883477635741232
Stunning Swipe (blue),common,3,OMN076,"Lightning, Runeblade, Action, Attack",https://prod-content.fabrary.io/cards/OMN076.webp,T7GW8p6RPN7C9Bk8bLWDd,Blue,3,0,1,3,,,1,"Lightning, Runeblade, Action, Attack",,Quickstrike,,,,,Go again,"""**Quickstrike** - If this has go again, it gets """"When this attacks a hero, deal 1 arcane damage to them.""""",,,,,,,,72,0.23684210526315788,0.20107165882980108,2.8108826952611166,2.3138034985542326,2.5073220240684364,2.5222353404171587,2.920609324156996,2.7262996515679427,0.08565260452940136,72,0.7346938775510204,0.6237324926965259,0.26547016088155184,0,0.0,0.0,0.0,0,0.0,0.0,0.0,0.08849005362718394
Voltbound Duality (red),common,1,OMN077,"Lightning, Runeblade, Action, Attack",https://prod-content.fabrary.io/cards/OMN077.webp,ChgnM7DhdJNqhDRww6Qbz,Red,1,0,4,3,,,1,"Lightning, Runeblade, Action, Attack",,,Instant,,,,,"**Instant** - {r}, discard this: Deal 1 arcane damage to target hero. Create a Lightning Flow token.",Lightning Runeblade Action - Attack,,,,,,,85,0.27960526315789475,0.23786830200030867,2.8108826952611166,2.3138034985542326,2.5073220240684364,2.5222353404171587,2.920609324156996,2.7262996515679427,0.10111765812498773,85,0.8673469387755102,0.7378771817152432,0.3134022732629431,0,0.0,0.0,0.0,0,0.0,0.0,0.0,0.10446742442098104
Voltbound Duality (yellow),common,2,OMN078,"Lightning, Runeblade, Action, Attack",https://prod-content.fabrary.io/cards/OMN078.webp,rLDftPkdRdRH8bwwwhWkg,Yellow,2,0,3,3,,,1,"Lightning, Runeblade, Action, Attack",,,Instant,,,,,"**Instant** - {r}, discard this: Deal 1 arcane damage to target hero. Create a Lightning Flow token.",Lightning Runeblade Action - Attack,,,,,,,70,0.23026315789473684,0.1978595084132516,2.8108826952611166,2.3138034985542326,2.5073220240684364,2.5222353404171587,1.5547556656204107,1.458006968641115,0.11551712408001265,70,0.7142857142857143,0.613768270996209,0.37863327246052797,0,0.0,0.0,0.0,0,0.0,0.0,0.0,0.12621109082017598
Voltbound Duality (blue),common,3,OMN079,"Lightning, Runeblade, Action, Attack",https://prod-content.fabrary.io/cards/OMN079.webp,dpLGTBmrFfpKctGmQcHtw,Blue,3,0,2,3,,,1,"Lightning, Runeblade, Action, Attack",,,Instant,,,,,"**Instant** - {r}, discard this: Deal 1 arcane damage to target hero. Create a Lightning Flow token.",Lightning Runeblade Action - Attack,,,,,,,105,0.34539473684210525,0.29270852808666475,2.8108826952611166,2.3138034985542326,2.5073220240684364,2.5222353404171587,2.920609324156996,2.7262996515679427,0.12491004827204366,105,1.0714285714285714,0.9079938014116947,0.38714398461892974,0,0.0,0.0,0.0,0,0.0,0.0,0.0,0.12904799487297658
Electryn Joltstep (red),common,1,OMN080,"Lightning, Runeblade, Action",https://prod-content.fabrary.io/cards/OMN080.webp,CKGFjmKNk6mhMHThPGmK6,Red,1,1,,3,,,,"Lightning, Runeblade, Action",,Go again,,,,,,"""Your next Runeblade or Lightning attack this turn gets +3{p}.",,,,,,,,111,0.3651315789473684,0.30953654893123633,2.8108826952611166,2.3138034985542326,2.5073220240684364,2.5222353404171587,2.920609324156996,2.7262996515679427,0.13204776531616044,111,1.1326530612244898,0.9601950089295495,0.40926649802572573,0,0.0,0.0,0.0,0,0.0,0.0,0.0,0.13642216600857524
Electryn Joltstep (yellow),common,2,OMN081,"Lightning, Runeblade, Action",https://prod-content.fabrary.io/cards/OMN081.webp,7DnnzwcQQQbdHtcDJ9PJG,Yellow,2,1,,3,,,,"Lightning, Runeblade, Action",,Go again,,,,,,"""Your next Runeblade or Lightning attack this turn gets +2{p}.",,,,,,,,87,0.28618421052631576,0.2433146121920412,2.8108826952611166,2.3138034985542326,2.5073220240684364,2.5222353404171587,2.920609324156996,2.7262996515679427,0.10349689713969332,87,0.8877551020408163,0.7547718582283727,0.3207764443985418,0,0.0,0.0,0.0,0,0.0,0.0,0.0,0.1069254814661806
Electryn Joltstep (blue),common,3,OMN082,"Lightning, Runeblade, Action",https://prod-content.fabrary.io/cards/OMN082.webp,GmwDh7pgHwFkGnTTKCL9W,Blue,3,1,,3,,,,"Lightning, Runeblade, Action",,Go again,,,,,,"""Your next Runeblade or Lightning attack this turn gets +1{p}.",,,,,,,,82,0.26973684210526316,0.22886110125733156,2.8108826952611166,2.3138034985542326,2.5073220240684364,2.5222353404171587,2.920609324156996,2.7262996515679427,0.09754879960292934,82,0.8367346938775511,0.7099364773696816,0.30234101655954515,0,0.0,0.0,0.0,0,0.0,0.0,0.0,0.10078033885318172
Quick Succession (red),common,1,OMN083,"Lightning, Runeblade, Action",https://prod-content.fabrary.io/cards/OMN083.webp,fbKwcPnqhWKbTWd6M9Wbc,Red,1,0,,2,,,,"Lightning, Runeblade, Action",,Go again,,,Go again,,,"""The next Runeblade or Lightning attack action card you play this turn gets **go again**.",,,,,,,,65,0.2138157894736842,0.1849982392153598,2.8108826952611166,2.3138034985542326,2.5073220240684364,2.5222353404171587,1.5547556656204107,1.458006968641115,0.10726590093144031,65,0.6632653061224489,0.5738720889945854,0.3515880387133474,0,0.0,0.0,0.0,0,0.0,0.0,0.0,0.11719601290444913
Quick Succession (yellow),common,2,OMN084,"Lightning, Runeblade, Action",https://prod-content.fabrary.io/cards/OMN084.webp,WLRcb8jRrktGNqbttwfWF,Yellow,2,0,,2,,,,"Lightning, Runeblade, Action",,Go again,,,Go again,,,"""The next Runeblade or Lightning attack action card you play this turn gets **go again**.",,,,,,,,79,0.2598684210526316,0.21953535006742647,2.8108826952611166,2.3138034985542326,2.5073220240684364,2.5222353404171587,2.920609324156996,2.7262996515679427,0.09397994108087095,79,0.8061224489795918,0.6810076165356903,0.2912797598561471,0,0.0,0.0,0.0,0,0.0,0.0,0.0,0.09709325328538237
Quick Succession (blue),common,3,OMN085,"Lightning, Runeblade, Action",https://prod-content.fabrary.io/cards/OMN085.webp,HHLWJzrFMfcnpmN8J6MrC,Blue,3,0,,2,,,,"Lightning, Runeblade, Action",,Go again,,,Go again,,,"""The next Runeblade or Lightning attack action card you play this turn gets **go again**.",,,,,,,,79,0.2598684210526316,0.2192136328855017,2.8108826952611166,2.3138034985542326,2.5073220240684364,2.5222353404171587,2.920609324156996,2.7262996515679427,0.09397994108087095,79,0.8061224489795918,0.6800096367060461,0.2912797598561471,0,0.0,0.0,0.0,0,0.0,0.0,0.0,0.09709325328538237
Caress of the Reaper (red),mythic,1,OMN087,"Runeblade, Action, Attack",https://prod-content.fabrary.io/cards/OMN087.webp,ChBRBzBFFFMhqj9tp8mBd,Red,1,1,5,3,,,,"Runeblade, Action, Attack",,,,,,,,"Whenever this deals damage to a hero, destroy target aura they control.",Runeblade Action - Attack,,,,No,No,,12,0.039473684210526314,0.03475265704367871,0.5536304346328936,0.45558331731693247,0.3662809917355372,0.32,0.32,0.4666666666666669,0.09226194536168561,12,0.12244897959183673,0.10780416062528908,0.29768404865316933,0,0.0,0.0,0.0,0,0.0,0.0,0.0,0.0992280162177231
Arcanic Cunning (red),rare,1,OMN088,"Runeblade, Action, Attack",https://prod-content.fabrary.io/cards/OMN088.webp,JH8zBb9R8WgDTGFmjNrRp,Red,1,0,4,3,,,,"Runeblade, Action, Attack",,,,,,,,"While this is attacking, defending, or on the stack, if you would be dealt arcane damage, prevent 1 of that damage.",Runeblade Action - Attack,,,,,No,,16,0.05263157894736842,0.04588729418208908,0.7731603341528761,0.7555256582740724,0.7778512396694216,0.7788317691553437,0.7788317691553437,0.7443502824858751,0.06860707175495291,16,0.16326530612244897,0.14234425950362328,0.21289237430168473,0,0.0,0.0,0.0,0,0.0,0.0,0.0,0.07096412476722824
Arcanic Cunning (yellow),rare,2,OMN089,"Runeblade, Action, Attack",https://prod-content.fabrary.io/cards/OMN089.webp,mtmwgMQkDf6BgBGNGJHRF,Yellow,2,0,3,3,,,,"Runeblade, Action, Attack",,,,,,,,"While this is attacking, defending, or on the stack, if you would be dealt arcane damage, prevent 1 of that damage.",Runeblade Action - Attack,,,,,No,,22,0.07236842105263158,0.06297047377041821,0.7731603341528761,0.7555256582740724,0.7778512396694216,0.7788317691553437,0.7788317691553437,0.7443502824858751,0.09433472366306025,22,0.22448979591836735,0.1953369798592565,0.2927270146648165,0,0.0,0.0,0.0,0,0.0,0.0,0.0,0.09757567155493883
Arcanic Cunning (blue),rare,3,OMN090,"Runeblade, Action, Attack",https://prod-content.fabrary.io/cards/OMN090.webp,tptp9kn8nHrbDfhFp7rCQ,Blue,3,0,2,3,,,,"Runeblade, Action, Attack",,,,,,,,"While this is attacking, defending, or on the stack, if you would be dealt arcane damage, prevent 1 of that damage.",Runeblade Action - Attack,,,,,No,,18,0.05921052631578947,0.04925725214037907,0.7731603341528761,0.7555256582740724,0.7778512396694216,0.7788317691553437,0.7788317691553437,0.7443502824858751,0.07718295572432202,18,0.1836734693877551,0.15279800663954324,0.23950392108939533,0,0.0,0.0,0.0,0,0.0,0.0,0.0,0.07983464036313177
Leech Memory (red),rare,1,OMN091,"Runeblade, Action",https://prod-content.fabrary.io/cards/OMN091.webp,TqcqHwCjGhFkzkFCthwtd,Red,1,1,,3,,,,"Runeblade, Action",,Go again,,,,,,"""The next attack action card you play this turn gets +3{p} and """"Whenever this deals damage to a hero, you may put an attack action card from your graveyard on the bottom of your deck.""""",,,,,,,,21,0.06907894736842106,0.05950666158600613,0.7731603341528761,0.7555256582740724,0.7778512396694216,0.7788317691553437,0.7788317691553437,0.7443502824858751,0.0900467816783757,21,0.21428571428571427,0.18459209308312105,0.27942124127096124,0,0.0,0.0,0.0,0,0.0,0.0,0.0,0.09314041375698708
Leech Renown (red),rare,1,OMN092,"Runeblade, Action",https://prod-content.fabrary.io/cards/OMN092.webp,mHqPTDJhBrhWtLCrRBWbf,Red,1,1,,3,,,,"Runeblade, Action",,Go again,,,,,,"""The next attack action card you play this turn gets +3{p} and """"Whenever this deals damage to a hero, destroy an aura token they control.""""",,,,,,,,32,0.10526315789473684,0.08906316439134794,0.7731603341528761,0.7555256582740724,0.7778512396694216,0.7788317691553437,0.7788317691553437,0.7443502824858751,0.13721414350990582,32,0.32653061224489793,0.276277571173161,0.42578474860336946,0,0.0,0.0,0.0,0,0.0,0.0,0.0,0.14192824953445649
Leech Vitality (red),rare,1,OMN093,"Runeblade, Action",https://prod-content.fabrary.io/cards/OMN093.webp,9DqgBgRpB9C8cTRFjL8Gm,Red,1,1,,3,,,,"Runeblade, Action",,Go again,,,,,,"""The next attack action card you play this turn gets +3{p} and """"Whenever this deals damage to a hero, gain 1{h}.""""",,,,,,,,21,0.06907894736842106,0.05896383956078228,0.7731603341528761,0.7555256582740724,0.7778512396694216,0.7788317691553437,0.7788317691553437,0.7443502824858751,0.0900467816783757,21,0.21428571428571427,0.18290823700487566,0.27942124127096124,0,0.0,0.0,0.0,0,0.0,0.0,0.0,0.09314041375698708
Constella Waves,common,0,OMN097,"Lightning, Wizard, Equipment, Arms",https://prod-content.fabrary.io/cards/OMN097.webp,hFfmQg8Rc6gttfrhzpcPh,,,,,0,,,,"Lightning, Wizard, Equipment, Arms",,,Instant,Amp 1,,,,"**Instant** - {t} your hero, destroy this: **Amp 1**",Lightning Wizard Equipment - Arms,,,,,,,60,0.19736842105263158,0.0,1.7142857142857149,1.8742430589937933,0.6666666666666669,0.6666666666666665,1.6216216216216217,1.621621621621621,0.12380195602333315,0,0.0,0.0,0.0,60,0.46875,0.0,0.29352663198674445,0,0.0,0.0,0.0,0.09784221066224814
Astral Bridge (red),mythic,1,OMN098,"Lightning, Wizard, Instant",https://prod-content.fabrary.io/cards/OMN098.webp,h6tW6K9N8LRqtbQrJLpgC,Red,1,0,,,,,,"Lightning, Wizard, Instant",,Starfall,,,,,,"""Put the top card of your deck into your graveyard. If it's an instant, you may play it this turn.",,,,,,,,10,0.03289473684210526,0.026792763828367542,0.5536304346328936,0.45558331731693247,0.3662809917355372,0.32,0.32,0.4666666666666669,0.07688495446807134,0,0.0,0.0,0.0,10,0.078125,0.06363281409237291,0.1807591563459596,0,0.0,0.0,0.0,0.060253052115319866
Echoflash (yellow),mythic,2,OMN099,"Lightning, Wizard, Instant",https://prod-content.fabrary.io/cards/OMN099.webp,wzqz9DGw687RGfqhgBPBm,Yellow,2,1,,,,,1,"Lightning, Wizard, Instant",,,,,,,,"""Deal 1 arcane damage to target hero.",,,,,,,,28,0.09210526315789473,0.07625733085819593,0.5536304346328936,0.45558331731693247,0.3662809917355372,0.4191735537190082,0.4191735537190082,0.5352380952380951,0.1902570108615453,0,0.0,0.0,0.0,28,0.21875,0.18111116078821532,0.4509265563128626,0,0.0,0.0,0.0,0.15030885210428754
Arc Ramp (red),rare,1,OMN100,"Lightning, Wizard, Action",https://prod-content.fabrary.io/cards/OMN100.webp,wBbcmhwcnfD8cgzrfk6gQ,Red,1,0,,2,,,,"Lightning, Wizard, Action",,"Go again, Amp 3",,,,,,"""**Amp 3**",,,,,,,,34,0.1118421052631579,0.09453557951435877,0.7731603341528761,0.7555256582740724,0.7778512396694216,0.7788317691553437,0.7788317691553437,0.7443502824858751,0.14579002747927494,0,0.0,0.0,0.0,34,0.265625,0.22452200134660208,0.34570793166038283,0,0.0,0.0,0.0,0.11523597722012761
Arc Ramp (yellow),rare,2,OMN101,"Lightning, Wizard, Action",https://prod-content.fabrary.io/cards/OMN101.webp,fCdJGpdcFjfFTQjgmQ8Rp,Yellow,2,0,,2,,,,"Lightning, Wizard, Action",,"Go again, Amp 2",,,,,,"""**Amp 2**",,,,,,,,23,0.0756578947368421,0.06198715481740067,0.7731603341528761,0.7555256582740724,0.7778512396694216,0.7788317691553437,0.7788317691553437,0.7443502824858751,0.0986226656477448,0,0.0,0.0,0.0,23,0.1796875,0.1472194926913266,0.23386124788790602,0,0.0,0.0,0.0,0.07795374929596867
Arc Ramp (blue),rare,3,OMN102,"Lightning, Wizard, Action",https://prod-content.fabrary.io/cards/OMN102.webp,9btBbfjNhPmdQwJLTNnGq,Blue,3,0,,2,,,,"Lightning, Wizard, Action",,"Go again, Amp 1",,,,,,"""**Amp 1**",,,,,,,,23,0.0756578947368421,0.06280625887702476,0.7731603341528761,0.7555256582740724,0.7778512396694216,0.7788317691553437,0.7788317691553437,0.7443502824858751,0.0986226656477448,0,0.0,0.0,0.0,23,0.1796875,0.1491648648329338,0.23386124788790602,0,0.0,0.0,0.0,0.07795374929596867
Core Reaction (red),rare,1,OMN103,"Lightning, Wizard, Instant, Aura",https://prod-content.fabrary.io/cards/OMN103.webp,C8dnFRThpKLT7Gkh7TJTm,Red,1,2,,,,,4,"Lightning, Wizard, Instant, Aura",,,,,,,,"At the beginning of your action phase, destroy this and deal 4 arcane damage to any target.",Lightning Wizard Instant - Aura,,,,,No,,48,0.15789473684210525,0.13314309584836354,0.7731603341528761,0.7555256582740724,0.7778512396694216,0.7788317691553437,0.7788317691553437,0.7443502824858751,0.20582121526485872,0,0.0,0.0,0.0,48,0.375,0.3162148526398634,0.4880582564617169,0,0.0,0.0,0.0,0.16268608548723898
Core Reaction (yellow),rare,2,OMN104,"Lightning, Wizard, Instant, Aura",https://prod-content.fabrary.io/cards/OMN104.webp,mHLBRgG6qwPR8kznTh8Kd,Yellow,2,2,,,,,3,"Lightning, Wizard, Instant, Aura",,,,,,,,"At the beginning of your action phase, destroy this and deal 3 arcane damage to any target.",Lightning Wizard Instant - Aura,,,,,No,,34,0.1118421052631579,0.09172471741214613,0.7731603341528761,0.7555256582740724,0.7778512396694216,0.7788317691553437,0.7788317691553437,0.7443502824858751,0.14579002747927494,0,0.0,0.0,0.0,34,0.265625,0.21784620385384706,0.34570793166038283,0,0.0,0.0,0.0,0.11523597722012761
Core Reaction (blue),rare,3,OMN105,"Lightning, Wizard, Instant, Aura",https://prod-content.fabrary.io/cards/OMN105.webp,6mhWMHfB9pFcqz7QJfbhp,Blue,3,2,,,,,2,"Lightning, Wizard, Instant, Aura",,,,,,,,"At the beginning of your action phase, destroy this and deal 2 arcane damage to any target.",Lightning Wizard Instant - Aura,,,,,No,,31,0.10197368421052631,0.08555126607977805,0.7731603341528761,0.7555256582740724,0.7778512396694216,0.7788317691553437,0.7788317691553437,0.7443502824858751,0.13292620152522125,0,0.0,0.0,0.0,31,0.2421875,0.20318425693947287,0.3152042906315255,0,0.0,0.0,0.0,0.10506809687717517
Flash Bolt (red),rare,1,OMN106,"Lightning, Wizard, Instant",https://prod-content.fabrary.io/cards/OMN106.webp,TkpjjKgfzKLgjRMDJNpk7,Red,1,2,,,,,3,"Lightning, Wizard, Instant",,,,,,,,Deal 3 arcane damage to target hero.,Lightning Wizard Instant,,,,,No,,45,0.14802631578947367,0.12346889377668366,0.7731603341528761,0.7555256582740724,0.7778512396694216,0.7788317691553437,0.7788317691553437,0.7443502824858751,0.19295738931080506,0,0.0,0.0,0.0,45,0.3515625,0.2932386227196237,0.45755461543285963,0,0.0,0.0,0.0,0.15251820514428654
Flash Bolt (yellow),rare,2,OMN107,"Lightning, Wizard, Instant",https://prod-content.fabrary.io/cards/OMN107.webp,bnHbThztdNdG7g7gNqFj6,Yellow,2,2,,,,,2,"Lightning, Wizard, Instant",,,,,,,,Deal 2 arcane damage to target hero.,Lightning Wizard Instant,,,,,No,,43,0.14144736842105263,0.11808930395284171,0.7731603341528761,0.7555256582740724,0.7778512396694216,0.7788317691553437,0.7788317691553437,0.7443502824858751,0.18438150534143594,0,0.0,0.0,0.0,43,0.3359375,0.28046209688799906,0.43721885474695477,0,0.0,0.0,0.0,0.14573961824898493
Flash Bolt (blue),rare,3,OMN108,"Lightning, Wizard, Instant",https://prod-content.fabrary.io/cards/OMN108.webp,PhD7nmCtwWrmPpQ7NG8tz,Blue,3,2,,,,,1,"Lightning, Wizard, Instant",,,,,,,,Deal 1 arcane damage to target hero.,Lightning Wizard Instant,,,,,No,,35,0.11513157894736842,0.09563357268363787,0.7731603341528761,0.7555256582740724,0.7778512396694216,0.7788317691553437,0.7788317691553437,0.7443502824858751,0.1500779694639595,0,0.0,0.0,0.0,35,0.2734375,0.22712973512363993,0.35587581200333523,0,0.0,0.0,0.0,0.1186252706677784
Comet Collision (red),common,1,OMN109,"Lightning, Wizard, Action",https://prod-content.fabrary.io/cards/OMN109.webp,BRdKgPG6pJk8pGT7CWCpB,Red,1,0,,3,,,3,"Lightning, Wizard, Action",,Starfall,,,,,,"""Deal 3 arcane damage to any target.",,,,,,,,109,0.35855263157894735,0.2978347208485361,2.8108826952611166,2.313803498554232,2.507322024068435,2.5222353404171587,2.654310812115272,2.4790224618149144,0.13713130332239007,0,0.0,0.0,0.0,109,0.8515625,0.7073574620152733,0.32403856280309296,0,0.0,0.0,0.0,0.10801285426769765
Comet Collision (yellow),common,2,OMN110,"Lightning, Wizard, Action",https://prod-content.fabrary.io/cards/OMN110.webp,kLgnHP8nHtnMwHfqN9zkp,Yellow,2,0,,3,,,2,"Lightning, Wizard, Action",,Starfall,,,,,,"""Deal 2 arcane damage to any target.",,,,,,,,82,0.26973684210526316,0.2260725384657899,2.8108826952611166,2.313803498554232,2.507322024068435,2.5222353404171587,1.5977070385303662,1.4978903863432171,0.13369219430213364,0,0.0,0.0,0.0,82,0.640625,0.536922278856251,0.30778764368940237,0,0.0,0.0,0.0,0.10259588122980079
Comet Collision (blue),common,3,OMN111,"Lightning, Wizard, Action",https://prod-content.fabrary.io/cards/OMN111.webp,Mbrg9P78qm9PGCdPLbncD,Blue,3,0,,3,,,1,"Lightning, Wizard, Action",,Starfall,,,,,,"""Deal 1 arcane damage to any target.",,,,,,,,113,0.3717105263157895,0.3073467865089702,2.8108826952611166,2.313803498554232,2.507322024068435,2.5222353404171587,3.0065120699769063,2.806066486972149,0.13210784400403577,0,0.0,0.0,0.0,113,0.8828125,0.7299486179588042,0.31415026928319023,0,0.0,0.0,0.0,0.10471675642773008
Enion Surge (red),common,1,OMN112,"Lightning, Wizard, Action",https://prod-content.fabrary.io/cards/OMN112.webp,dzMffTNHqjw8q8jkDjGwD,Red,1,0,,3,,,3,"Lightning, Wizard, Action",,,,,,,,"""Deal 3 arcane damage to any target.",,,,,,,,132,0.4342105263157895,0.36277035696277515,2.8108826952611166,2.313803498554232,2.507322024068435,2.5222353404171587,3.0065120699769063,2.806066486972149,0.15432066733214797,0,0.0,0.0,0.0,132,1.03125,0.861579597786591,0.366971995976824,0,0.0,0.0,0.0,0.12232399865894134
Enion Surge (yellow),common,2,OMN113,"Lightning, Wizard, Action",https://prod-content.fabrary.io/cards/OMN113.webp,McHtzkNrnJDfNFNNqCFC8,Yellow,2,0,,3,,,2,"Lightning, Wizard, Action",,,,,,,,"""Deal 2 arcane damage to any target.",,,,,,,,93,0.3059210526315789,0.25643717868363247,2.8108826952611166,2.313803498554232,2.507322024068435,2.5222353404171587,3.0065120699769063,2.806066486972149,0.10872592471128607,0,0.0,0.0,0.0,93,0.7265625,0.6090382993736271,0.2585484517109442,0,0.0,0.0,0.0,0.0861828172369814
Enion Surge (blue),common,3,OMN114,"Lightning, Wizard, Action",https://prod-content.fabrary.io/cards/OMN114.webp,fWQbRmQL9nM8TBfkfbCbW,Blue,3,0,,3,,,1,"Lightning, Wizard, Action",,,,,,,,"""Deal 1 arcane damage to any target.",,,,,,,,91,0.2993421052631579,0.25089222282632356,2.8108826952611166,2.313803498554232,2.507322024068435,2.5222353404171587,1.5977070385303662,1.4978903863432171,0.14836572782309954,0,0.0,0.0,0.0,91,0.7109375,0.5958690292125185,0.3415692143382392,0,0.0,0.0,0.0,0.11385640477941307
Lightning Overload (red),common,1,OMN115,"Lightning, Wizard, Action",https://prod-content.fabrary.io/cards/OMN115.webp,9TcGzWhGzwHnn7FqfPbfR,Red,1,1,,3,,,4,"Lightning, Wizard, Action",,Starfall,,,,,,"""Deal 4 arcane damage to any target.",,,,,,,,94,0.3092105263157895,0.25590968073144615,2.8108826952611166,2.313803498554232,2.507322024068435,2.5222353404171587,1.9499082963920014,1.8249344115004487,0.13949643595587594,0,0.0,0.0,0.0,94,0.734375,0.6077854917371847,0.3244308054588568,0,0.0,0.0,0.0,0.10814360181961892
Lightning Overload (yellow),common,2,OMN116,"Lightning, Wizard, Action",https://prod-content.fabrary.io/cards/OMN116.webp,tBQtc8qMLfnmmGWCtFH9z,Yellow,2,1,,3,,,3,"Lightning, Wizard, Action",,Starfall,,,,,,"""Deal 3 arcane damage to any target.",,,,,,,,107,0.3519736842105263,0.29562185950918013,2.8108826952611166,2.313803498554232,2.507322024068435,2.5222353404171587,3.0065120699769063,2.806066486972149,0.12509326821621086,0,0.0,0.0,0.0,107,0.8359375,0.7021019163343029,0.29746972401151645,0,0.0,0.0,0.0,0.09915657467050548
Lightning Overload (blue),common,3,OMN117,"Lightning, Wizard, Action",https://prod-content.fabrary.io/cards/OMN117.webp,mp8HwB7fRRz7wK9fRrTmw,Blue,3,1,,3,,,2,"Lightning, Wizard, Action",,Starfall,,,,,,"""Deal 2 arcane damage to any target.",,,,,,,,116,0.3815789473684211,0.31822295520031213,2.8108826952611166,2.313803498554232,2.507322024068435,2.5222353404171587,3.0065120699769063,2.806066486972149,0.13561513189794822,0,0.0,0.0,0.0,116,0.90625,0.7557795186007413,0.32249054191902715,0,0.0,0.0,0.0,0.10749684730634239
Meteoric Impact (red),common,1,OMN118,"Lightning, Wizard, Action",https://prod-content.fabrary.io/cards/OMN118.webp,kLWrkbbDknfq8fR8TgHnL,Red,1,1,,3,,,3,"Lightning, Wizard, Action",,Starfall,,,,,,"""Deal 3 arcane damage to any target.",,,,,,,,140,0.4605263157894737,0.3828280236395204,2.8108826952611166,2.313803498554232,2.507322024068435,2.5222353404171587,2.654310812115272,2.4790224618149144,0.17613194922141842,0,0.0,0.0,0.0,140,1.09375,0.909216556143861,0.4161963191966332,0,0.0,0.0,0.0,0.13873210639887773
Meteoric Impact (yellow),common,2,OMN119,"Lightning, Wizard, Action",https://prod-content.fabrary.io/cards/OMN119.webp,pWjWpGdCjTKHFDh9FJCrQ,Yellow,2,1,,3,,,2,"Lightning, Wizard, Action",,Starfall,,,,,,"""Deal 2 arcane damage to any target.",,,,,,,,73,0.24013157894736842,0.19646687915951858,2.8108826952611166,2.313803498554232,2.507322024068435,2.5222353404171587,1.5977070385303662,1.4978903863432171,0.11901866078116775,0,0.0,0.0,0.0,73,0.5703125,0.4666088380038566,0.27400607304056557,0,0.0,0.0,0.0,0.09133535768018852
Meteoric Impact (blue),common,3,OMN120,"Lightning, Wizard, Action",https://prod-content.fabrary.io/cards/OMN120.webp,MwqB6GDDJFWdmCBtnHPc9,Blue,3,1,,3,,,1,"Lightning, Wizard, Action",,Starfall,,,,,,"""Deal 1 arcane damage to any target.",,,,,,,,130,0.4276315789473684,0.35416008306994257,2.8108826952611166,2.313803498554232,2.507322024068435,2.5222353404171587,3.0065120699769063,2.806066486972149,0.151982475402873,0,0.0,0.0,0.0,130,1.015625,0.8411301972911136,0.3614118142195994,0,0.0,0.0,0.0,0.12047060473986647
Nebula Duality (red),common,1,OMN121,"Lightning, Wizard, Action",https://prod-content.fabrary.io/cards/OMN121.webp,wpjRKCTP7LDRPJ9JQRTWQ,Red,1,0,,3,,,3,"Lightning, Wizard, Action",,,Instant,,,,,"""Deal 3 arcane damage to any target.",,,,,,,,144,0.47368421052631576,0.39330764868306184,2.8108826952611166,2.313803498554232,2.507322024068435,2.5222353404171587,3.0065120699769063,2.806066486972149,0.1683498189077978,0,0.0,0.0,0.0,144,1.125,0.9341056656222718,0.40033308652017163,0,0.0,0.0,0.0,0.13344436217339053
Nebula Duality (yellow),common,2,OMN122,"Lightning, Wizard, Action",https://prod-content.fabrary.io/cards/OMN122.webp,NJzwDLBDqqptTpFQTpkNm,Yellow,2,0,,3,,,2,"Lightning, Wizard, Action",,,Instant,,,,,"""Deal 2 arcane damage to any target.",,,,,,,,107,0.3519736842105263,0.29133643831288525,2.8108826952611166,2.313803498554232,2.507322024068435,2.5222353404171587,2.654310812115272,2.4790224618149144,0.13461513261922695,0,0.0,0.0,0.0,107,0.8359375,0.6919240409931025,0.31809290110028393,0,0.0,0.0,0.0,0.10603096703342797
Nebula Duality (blue),common,3,OMN123,"Lightning, Wizard, Action",https://prod-content.fabrary.io/cards/OMN123.webp,NrmFkQH9q78BrzKJ8L9DJ,Blue,3,0,,3,,,1,"Lightning, Wizard, Action",,,Instant,,,,,"""Deal 1 arcane damage to any target.",,,,,,,,145,0.4769736842105263,0.3951692221015905,2.8108826952611166,2.313803498554232,2.507322024068435,2.5222353404171587,3.0065120699769063,2.806066486972149,0.16951891487243528,0,0.0,0.0,0.0,145,1.1328125,0.9385269024912775,0.40311317739878394,0,0.0,0.0,0.0,0.134371059132928
Tap Lessons Past (red),common,1,OMN124,"Lightning, Wizard, Action",https://prod-content.fabrary.io/cards/OMN124.webp,pJ9nmwqTCCHnPdCKhmCpj,Red,1,1,,3,,,4,"Lightning, Wizard, Action",,,,,,,,"""Deal 4 arcane damage to any target.",,,,,,,,103,0.33881578947368424,0.27940741156549914,2.8108826952611166,2.313803498554232,2.507322024068435,2.5222353404171587,1.5977070385303662,1.4978903863432171,0.16793043918438738,0,0.0,0.0,0.0,103,0.8046875,0.6635926024680604,0.38661130853668835,0,0.0,0.0,0.0,0.12887043617889613
Tap Lessons Past (yellow),common,2,OMN125,"Lightning, Wizard, Action",https://prod-content.fabrary.io/cards/OMN125.webp,qJTtff8cWtnkLngCdnfGt,Yellow,2,1,,3,,,3,"Lightning, Wizard, Action",,,,,,,,"""Deal 3 arcane damage to any target.",,,,,,,,80,0.2631578947368421,0.21982407779894486,2.8108826952611166,2.313803498554232,2.507322024068435,2.5222353404171587,1.9499082963920014,1.8249344115004487,0.1187203710262774,0,0.0,0.0,0.0,80,0.625,0.522082184772494,0.2761113237947717,0,0.0,0.0,0.0,0.09203710793159058
Tap Lessons Past (blue),common,3,OMN126,"Lightning, Wizard, Action",https://prod-content.fabrary.io/cards/OMN126.webp,npt7bHwQtJJr8wKKgB79N,Blue,3,1,,3,,,2,"Lightning, Wizard, Action",,,,,,,,"""Deal 2 arcane damage to any target.",,,,,,,,126,0.4144736842105263,0.34625115129347356,2.8108826952611166,2.313803498554232,2.507322024068435,2.5222353404171587,3.0065120699769063,2.806066486972149,0.14730609154432306,0,0.0,0.0,0.0,126,0.984375,0.8223464843219996,0.35029145070515016,0,0.0,0.0,0.0,0.11676381690171672
Cosmic Suture (red),common,1,OMN127,"Lightning, Wizard, Instant",https://prod-content.fabrary.io/cards/OMN127.webp,wd8WJpB9j7qfWHWFffqWr,Red,1,2,,,,,,"Lightning, Wizard, Instant",,Starfall,,,,,,"""Prevent the next 4 damage that would be dealt to you this turn.",,,,,,,,128,0.42105263157894735,0.35148382438777853,2.8108826952611166,2.313803498554232,2.507322024068435,2.5222353404171587,3.0065120699769063,2.806066486972149,0.14964428347359804,0,0.0,0.0,0.0,128,1.0,0.834774082920974,0.3558516324623748,0,0.0,0.0,0.0,0.11861721082079159
Cosmic Suture (yellow),common,2,OMN128,"Lightning, Wizard, Instant",https://prod-content.fabrary.io/cards/OMN128.webp,PhWgpcwRmzjQ6bDcqcPbW,Yellow,2,2,,,,,,"Lightning, Wizard, Instant",,Starfall,,,,,,"""Prevent the next 3 damage that would be dealt to you this turn.",,,,,,,,116,0.3815789473684211,0.3184452040061457,2.8108826952611166,2.313803498554232,2.507322024068435,2.5222353404171587,3.0065120699769063,2.806066486972149,0.13561513189794822,0,0.0,0.0,0.0,116,0.90625,0.756307359514596,0.32249054191902715,0,0.0,0.0,0.0,0.10749684730634239
Cosmic Suture (blue),common,3,OMN129,"Lightning, Wizard, Instant",https://prod-content.fabrary.io/cards/OMN129.webp,JRmqMNgWfmdffrT8WKrLf,Blue,3,2,,,,,,"Lightning, Wizard, Instant",,Starfall,,,,,,"""Prevent the next 2 damage that would be dealt to you this turn.",,,,,,,,74,0.24342105263157895,0.2031637621676082,2.8108826952611166,2.313803498554232,2.507322024068435,2.5222353404171587,1.5977070385303662,1.4978903863432171,0.12064905339460841,0,0.0,0.0,0.0,74,0.578125,0.4825139351480695,0.2777595808904363,0,0.0,0.0,0.0,0.09258652696347876
Constella Contemplation (yellow),common,2,OMN130,"Lightning, Wizard, Instant",https://prod-content.fabrary.io/cards/OMN130.webp,pnDhdJwLcgC8zgTmK9Tkw,Yellow,2,0,,,,,1,"Lightning, Wizard, Instant",,Starfall,,,,,,"""Create a Ponder token.",,,,,,,,97,0.3190789473684211,0.26572875727139234,2.8108826952611166,2.313803498554232,2.507322024068435,2.5222353404171587,1.5977070385303662,1.4978903863432171,0.15814808350374346,0,0.0,0.0,0.0,97,0.7578125,0.6311057985195568,0.3640902614374638,0,0.0,0.0,0.0,0.1213634204791546
Constella Flowslide (yellow),common,2,OMN131,"Lightning, Wizard, Instant",https://prod-content.fabrary.io/cards/OMN131.webp,TCdgGPCgzDgGCJrwQgdpF,Yellow,2,0,,,,,1,"Lightning, Wizard, Instant",,Starfall,,,,,,"""Create a Lightning Flow token.",,,,,,,,142,0.46710526315789475,0.3900341167785758,2.8108826952611166,2.313803498554232,2.507322024068435,2.5222353404171587,3.0065120699769063,2.806066486972149,0.1660116269785228,0,0.0,0.0,0.0,142,1.109375,0.9263310273491175,0.394772904762947,0,0.0,0.0,0.0,0.13159096825431568
Constella Uplift (yellow),common,2,OMN132,"Lightning, Wizard, Instant",https://prod-content.fabrary.io/cards/OMN132.webp,M6JRMPmrkhRWnW9mhPQwP,Yellow,2,0,,,,,1,"Lightning, Wizard, Instant",,Starfall,,,,,,"""{u} a staff you control.",,,,,,,,137,0.4506578947368421,0.3781269423809941,2.8108826952611166,2.313803498554232,2.507322024068435,2.5222353404171587,3.0065120699769063,2.806066486972149,0.1601661471553354,0,0.0,0.0,0.0,137,1.0703125,0.898051488154861,0.3808724503698855,0,0.0,0.0,0.0,0.1269574834566285
Tome of Quandaries (blue),mythic,3,OMN133,"Wizard, Instant",https://prod-content.fabrary.io/cards/OMN133.webp,CfjtgbzgrFRD6QPzPdkdW,Blue,3,0,,2,,,,"Wizard, Instant",,,,,,,,Create 2 Ponder tokens.,Wizard Instant,,,,No,No,,16,0.05263157894736842,0.04332130943533241,0.5536304346328936,0.45558331731693247,0.3662809917355372,0.32,0.32,0.4666666666666669,0.12301592714891414,0,0.0,0.0,0.0,16,0.125,0.10288810990891448,0.28921465015353537,0,0.0,0.0,0.0,0.0964048833845118
Aethersling (red),rare,1,OMN134,"Wizard, Action",https://prod-content.fabrary.io/cards/OMN134.webp,9zRFqTmPffQ8Q8dKbPdrb,Red,1,1,,2,,,4,"Wizard, Action",,Go again,,,,,,"""Deal 4 arcane damage to any target.",,,,,,,,38,0.125,0.10254081611682685,0.7731603341528761,0.7555256582740724,0.7778512396694216,0.7788317691553437,0.7788317691553437,0.7443502824858751,0.16294179541801315,0,0.0,0.0,0.0,38,0.296875,0.24353443827746377,0.38637945303219257,0,0.0,0.0,0.0,0.12879315101073086
Nucleus Aetherbolt (red),rare,1,OMN135,"Wizard, Action",https://prod-content.fabrary.io/cards/OMN135.webp,8zKwdDwBMQ79DjgrwJTTn,Red,1,0,,2,,,3,"Wizard, Action",,,,,,,,"""Deal 3 arcane damage to any target.",,,,,,,,40,0.13157894736842105,0.10877828957649616,0.7731603341528761,0.7555256582740724,0.7778512396694216,0.7788317691553437,0.7788317691553437,0.7443502824858751,0.17151767938738227,0,0.0,0.0,0.0,40,0.3125,0.25834843774417837,0.40671521371809743,0,0.0,0.0,0.0,0.13557173790603247
Turn to Mindfire (red),rare,1,OMN136,"Wizard, Action",https://prod-content.fabrary.io/cards/OMN136.webp,JRHmPKJqfrMgNgJj6ngBt,Red,1,2,,2,,,5,"Wizard, Action",,,,,,,,"""Deal 5 arcane damage to any target.",,,,,,,,51,0.16776315789473684,0.14083839956765595,0.7731603341528761,0.7555256582740724,0.7778512396694216,0.7788317691553437,0.7788317691553437,0.7443502824858751,0.21868504121891238,0,0.0,0.0,0.0,51,0.3984375,0.3344911989731829,0.5185618974905742,0,0.0,0.0,0.0,0.17285396583019141
Haven Veil (red),rare,1,OMN137,"Wizard, Instant, Aura",https://prod-content.fabrary.io/cards/OMN137.webp,PnnF9jgBnbK7W67t7KrHG,Red,1,0,,,,,,"Wizard, Instant, Aura",,,,,,,,"""When this enters the arena, prevent the next 3 arcane damage that would be dealt to you this turn.",,,,,,,,25,0.08223684210526316,0.06835795349643878,0.7731603341528761,0.7555256582740724,0.7778512396694216,0.7788317691553437,0.7788317691553437,0.7443502824858751,0.10719854961711392,0,0.0,0.0,0.0,25,0.1953125,0.1623501395540421,0.2541970085738109,0,0.0,0.0,0.0,0.0847323361912703
Haven Veil (yellow),rare,2,OMN138,"Wizard, Instant, Aura",https://prod-content.fabrary.io/cards/OMN138.webp,g7bpktwdT6TNqpKwzJHPG,Yellow,2,0,,,,,,"Wizard, Instant, Aura",,,,,,,,"""When this enters the arena, prevent the next 2 arcane damage that would be dealt to you this turn.",,,,,,,,24,0.07894736842105263,0.064868271430415,0.7731603341528761,0.7555256582740724,0.7778512396694216,0.7788317691553437,0.7788317691553437,0.7443502824858751,0.10291060763242936,0,0.0,0.0,0.0,24,0.1875,0.1540621446472356,0.24402912823085846,0,0.0,0.0,0.0,0.08134304274361949
Haven Veil (blue),rare,3,OMN139,"Wizard, Instant, Aura",https://prod-content.fabrary.io/cards/OMN139.webp,nNKq8rmjRrnwqK7DdtkPr,Blue,3,0,,,,,,"Wizard, Instant, Aura",,,,,,,,"""When this enters the arena, prevent the next 1 arcane damage that would be dealt to you this turn.",,,,,,,,16,0.05263157894736842,0.042519090669652836,0.7731603341528761,0.7555256582740724,0.7778512396694216,0.7788317691553437,0.7788317691553437,0.7443502824858751,0.06860707175495291,0,0.0,0.0,0.0,16,0.125,0.10098284034042548,0.16268608548723898,0,0.0,0.0,0.0,0.05422869516241299
Constella Tiara,common,0,OMN142,"Lightning, Equipment, Head",https://prod-content.fabrary.io/cards/OMN142.webp,CwhpPfrRGmdGNkjR6Fg8G,,,,,0,,,,"Lightning, Equipment, Head",,,Instant,,,,,"**Instant** - {r}{r}, destroy this: Prevent the next 1 damage that would be dealt to you this turn. If you prevent damage this way, create a Ponder token.",Lightning Equipment - Head,,,,,,,83,0.2730263157894737,0.0,1.7142857142857149,1.8742430589937933,1.9999999999999993,2.0,1.6216216216216217,1.621621621621621,0.16106757140948405,24,0.24489795918367346,0.0,0.14508835117975286,33,0.2578125,0.0,0.15155405819996318,26,0.3333333333333333,0.0,0.1967444274695952,0.16446227894977042
Starflow Robes,common,0,OMN143,"Lightning, Equipment, Chest",https://prod-content.fabrary.io/cards/OMN143.webp,7cRzGcKGcWdbccLB8KnRn,,,,,0,,,,"Lightning, Equipment, Chest",,,Instant,,,,,"**Instant** - {r}{r}, destroy this: Prevent the next 1 damage that would be dealt to you this turn. If you prevent damage this way, create a Lightning Flow token.",Lightning Equipment - Chest,,,,,,,100,0.32894736842105265,0.0,1.7142857142857149,1.8742430589937933,1.9999999999999993,2.0,2.2702702702702706,2.2702702702702697,0.15869930412396485,27,0.2755102040816326,0.0,0.1300712039090273,38,0.296875,0.0,0.14512003619739827,35,0.44871794871794873,0.0,0.21780841610200663,0.16433321873614407
Laced Lightning,common,0,OMN144,"Lightning, Equipment, Legs",https://prod-content.fabrary.io/cards/OMN144.webp,Kb99nwFrrpTQJTpqN6kCt,,,,,0,,,,"Lightning, Equipment, Legs",,,Instant,,,,,"**Instant** - {r}{r}, destroy this: Prevent the next 1 damage that would be dealt to you this turn. If you prevent damage this way, create an Embodiment of Lightning token.",Lightning Equipment - Legs,,,,,,,83,0.2730263157894737,0.0,1.7142857142857149,1.8742430589937933,1.9999999999999993,2.0,1.945945945945946,1.9459459459459423,0.1449232140087873,41,0.41836734693877553,0.0,0.21984205230449952,24,0.1875,0.0,0.10008417878841852,18,0.23076923076923078,0.0,0.12293284297312768,0.14761969135534858
Astral Strike (red),mythic,1,OMN145,"Lightning, Action, Attack",https://prod-content.fabrary.io/cards/OMN145.webp,JGKT7tnrTWkdRwpDwdGfd,Red,1,1,5,3,,,,"Lightning, Action, Attack",,Go again,,,,,,"""When this attacks, if you've destroyed a Lightning Flow this turn, choose 1;",,,,,,,,9,0.029605263157894735,0.024593252236542934,0.5536304346328936,0.45558331731693247,0.3662809917355372,0.4191735537190082,0.4191735537190082,0.5352380952380951,0.0611540392054967,5,0.05102040816326531,0.041962273631257006,0.10755396328474683,2,0.015625,0.012844876126126125,0.03220903973663304,2,0.02564102564102564,0.02205002205002205,0.0518313490720835,0.06386478403115446
Flowstate Embodiment (red),mythic,1,OMN146,"Lightning, Action, Attack",https://prod-content.fabrary.io/cards/OMN146.webp,HWwCcqHRHkB69mfHDdJfk,Red,1,0,4,3,,,,"Lightning, Action, Attack",,,,,,,,"Whenever you play an instant card this chain link, create an Embodiment of Lightning or Lightning FLow token.",Lightning Action - Attack,,,,No,No,,16,0.05263157894736842,0.04503755790202242,0.5536304346328936,0.45558331731693247,0.3662809917355372,0.4191735537190082,0.4191735537190082,0.5352380952380951,0.10871829192088303,5,0.05102040816326531,0.043593064638983,0.10755396328474683,8,0.0625,0.05237196088347404,0.12883615894653216,3,0.038461538461538464,0.03481649069884364,0.07774702360812524,0.10471238194646808
Static Shelter (yellow),mythic,2,OMN147,"Lightning, Defense, Reaction",https://prod-content.fabrary.io/cards/OMN147.webp,BwLkmCpwbHmgKTDdHThfG,Yellow,2,0,,3,,,,"Lightning, Defense Reaction",,,,,,,,"When this defends, you may pay {r}. If you do, create a Lightning Flow token.",Lightning Defense Reaction,,,,No,No,,14,0.046052631578947366,0.03978803854239226,0.5536304346328936,0.45558331731693247,0.3662809917355372,0.32,0.32,0.4666666666666669,0.10763893625529987,4,0.04081632653061224,0.034859841620045705,0.0992280162177231,4,0.03125,0.027411390692640696,0.07230366253838384,6,0.07692307692307693,0.06629027217262512,0.17426141017953947,0.1152643629785488
Beckoning Brilliance (red),rare,1,OMN148,"Lightning, Action, Attack",https://prod-content.fabrary.io/cards/OMN148.webp,tbJKjHrCbwffmbGt6hhTM,Red,1,0,4,2,,,,"Lightning, Action, Attack",,,,,,,,"When this attacks, the next instant card you play this chain link costs {r} less to play.",Lightning Action - Attack,,,,,No,,14,0.046052631578947366,0.03902767073646575,0.7731603341528761,0.7555256582740724,0.7778512396694216,0.7788317691553437,0.7788317691553437,0.7443502824858751,0.06003118778558379,6,0.061224489795918366,0.05474725775477655,0.07983464036313177,2,0.015625,0.012678179824561403,0.020335760685904872,6,0.07692307692307693,0.06251761059453366,0.10048929963085308,0.06688656689329657
Flowshard Elemental (red),rare,1,OMN149,"Lightning, Action, Attack",https://prod-content.fabrary.io/cards/OMN149.webp,tR69zGf7gHHC9pTwwwnkH,Red,1,0,4,2,,,,"Lightning, Action, Attack",,Go again,,,,,,"When this attacks, you may discard an instant card. If you do, create a Lightning Flow token and this gets **go again**.",Lightning Action - Attack,,,,,No,,32,0.10526315789473684,0.08991515662602706,0.7731603341528761,0.7555256582740724,0.7778512396694216,0.7788317691553437,0.7788317691553437,0.7443502824858751,0.13721414350990582,14,0.14285714285714285,0.12348005614909152,0.18628082751397415,8,0.0625,0.052185948978712135,0.08134304274361949,10,0.1282051282051282,0.10965846977469368,0.1674821660514218,0.14503534543633848
Lightning Form (red),rare,1,OMN150,"Lightning, Action, Attack",https://prod-content.fabrary.io/cards/OMN150.webp,DdtptrGpgDbnbDJgktBtk,Red,1,1,5,2,,,,"Lightning, Action, Attack",,,,,,,,"When this hits, create an Embodiment of Lightning token.",Lightning Action - Attack,,,,,No,,23,0.0756578947368421,0.06476057807078302,0.7731603341528761,0.7555256582740724,0.7778512396694216,0.7199999999999999,0.7199999999999999,0.6833333333333329,0.10379979579091567,10,0.10204081632653061,0.0870621036437363,0.14087980936410618,5,0.0390625,0.032967982186732185,0.05329179637954513,8,0.10256410256410256,0.08891317764782261,0.14090750166622792,0.11169303580329308
Visionary of Orbits (red),rare,1,OMN151,"Lightning, Action, Attack",https://prod-content.fabrary.io/cards/OMN151.webp,LKrMGGMMHFKbbcM6LQ9WN,Red,1,3,7,2,,,,"Lightning, Action, Attack",,,,,,,,"When this hits, you may put an instant card from your graveyard on the bottom of your deck.",Lightning Action - Attack,,,,,No,,30,0.09868421052631579,0.08474033581348843,0.7731603341528761,0.7555256582740724,0.7778512396694216,0.7788317691553437,0.7788317691553437,0.7443502824858751,0.1286382595405367,9,0.09183673469387756,0.07986079654747123,0.11975196054469767,9,0.0703125,0.058775483831114625,0.09151092308657192,12,0.15384615384615385,0.13348002686237978,0.20097859926170616,0.13741382763099194
Flowing Stormstrike (red),rare,1,OMN152,"Lightning, Action, Attack",https://prod-content.fabrary.io/cards/OMN152.webp,KQhHqHjdrF8cFkRhQDQWq,Red,1,0,4,2,,,,"Lightning, Action, Attack",,,Twice per Turn Instant,,,,,"""**Twice per Turn Instant** - {r}: This gets +1{p}.",,,,,,,,32,0.10526315789473684,0.08795056946510221,0.7731603341528761,0.7555256582740724,0.7778512396694216,0.7788317691553437,0.7788317691553437,0.7443502824858751,0.13721414350990582,18,0.1836734693877551,0.15509640394726007,0.23950392108939533,6,0.046875,0.03932175724938883,0.061007282057714614,8,0.10256410256410256,0.08338898208510019,0.13398573284113743,0.14483231199608246
Meteoric Rise (red),rare,1,OMN153,"Lightning, Action, Attack",https://prod-content.fabrary.io/cards/OMN153.webp,cmbfFHBr6hjhrdmNNQGg6,Red,1,1,5,2,,,,"Lightning, Action, Attack",,,Twice per Turn Instant,,,,,"""**Twice per Turn Instant** - {r}: This gets +1{p}.",,,,,,,,36,0.11842105263157894,0.09977375006194862,0.7731603341528761,0.7555256582740724,0.7778512396694216,0.7788317691553437,0.7788317691553437,0.7443502824858751,0.15436591144864403,11,0.11224489795918367,0.09599590614628209,0.14636350733240824,14,0.109375,0.09226258984776038,0.1423503248013341,11,0.14102564102564102,0.1168462784100436,0.184230382656564,0.15764807159676877
Voltic Impact (red),rare,1,OMN154,"Lightning, Action, Attack",https://prod-content.fabrary.io/cards/OMN154.webp,zgJwfNDg6zwBCGkthNGQz,Red,1,2,6,2,,,,"Lightning, Action, Attack",,,Twice per Turn Instant,,,,,"""**Twice per Turn Instant** - {r}: This gets +1{p}.",,,,,,,,18,0.05921052631578947,0.04991519574447048,0.7731603341528761,0.7555256582740724,0.7778512396694216,0.7788317691553437,0.7788317691553437,0.7443502824858751,0.07718295572432202,4,0.04081632653061224,0.03452693818840277,0.05322309357542118,4,0.03125,0.02675913505975051,0.040671521371809745,10,0.1282051282051282,0.10724884969496781,0.1674821660514218,0.08712559366621757
Rift Breaker (red),rare,1,OMN155,"Lightning, Action, Attack",https://prod-content.fabrary.io/cards/OMN155.webp,kgNHt6z9pwBJLNLKqNc7c,Red,1,2,6,2,,,,"Lightning, Action, Attack",,,,,,,,"When this hits a hero, destroy a Lightning Flow token they control.",Lightning Action - Attack,,,,,No,,18,0.05921052631578947,0.050041291858344175,0.7731603341528761,0.7555256582740724,0.7778512396694216,0.7788317691553437,0.7788317691553437,0.7443502824858751,0.07718295572432202,7,0.07142857142857142,0.06298363501244654,0.09314041375698708,5,0.0390625,0.031699367636867634,0.05083940171476218,6,0.07692307692307693,0.06387996713074112,0.10048929963085308,0.08148970503420078
Rift Breaker (yellow),rare,2,OMN156,"Lightning, Action, Attack",https://prod-content.fabrary.io/cards/OMN156.webp,NTTNLDR97DQMKrFCDz8FT,Yellow,2,2,5,2,,,,"Lightning, Action, Attack",,,,,,,,"When this hits a hero, destroy a Lightning Flow token they control.",Lightning Action - Attack,,,,,No,,27,0.08881578947368421,0.07612020389092351,0.7731603341528761,0.7555256582740724,0.7778512396694216,0.7788317691553437,0.7788317691553437,0.7443502824858751,0.11577443358648304,10,0.10204081632653061,0.08776640609505336,0.13305773393855297,6,0.046875,0.038851213447285426,0.061007282057714614,11,0.14102564102564102,0.12264716492657667,0.184230382656564,0.12609846621761053
Rift Breaker (blue),rare,3,OMN157,"Lightning, Action, Attack",https://prod-content.fabrary.io/cards/OMN157.webp,p9ccrThgrP8Jt6JNkcTGM,Blue,3,2,4,2,,,,"Lightning, Action, Attack",,,,,,,,"When this hits a hero, destroy a Lightning Flow token they control.",Lightning Action - Attack,,,,,No,,21,0.06907894736842106,0.05938985395496619,0.7731603341528761,0.7555256582740724,0.7778512396694216,0.7788317691553437,0.7788317691553437,0.7443502824858751,0.0900467816783757,7,0.07142857142857142,0.06279914563227888,0.09314041375698708,7,0.0546875,0.04618262720859228,0.07117516240066706,7,0.08974358974358974,0.0767797826621356,0.11723751623599526,0.09385103079788314
Flow Through (blue),rare,3,OMN158,"Lightning, Instant",https://prod-content.fabrary.io/cards/OMN158.webp,PcCQGjz68TjzgQrMfRnLQ,Blue,3,0,,,,,,"Lightning, Instant",,,,,,,,"""Target Lightning attack gets +1{p} and """"When this hits, create a Lightning Flow token.""""""",Lightning Instant,,,,,No,,28,0.09210526315789473,0.07726577946847926,0.7731603341528761,0.7555256582740724,0.7778512396694216,0.7788317691553437,0.7788317691553437,0.7443502824858751,0.12006237557116758,15,0.15306122448979592,0.12616896075542694,0.19958660090782945,7,0.0546875,0.04673375031830914,0.07117516240066706,6,0.07692307692307693,0.06592716363643965,0.10048929963085308,0.12375035431311653
Livewire Press (red),rare,1,OMN159,"Lightning, Instant",https://prod-content.fabrary.io/cards/OMN159.webp,HfTqKQj6gGzCwwdFhdLQL,Red,1,1,,,,,,"Lightning, Instant",,,,,,,,"""Target Lightning attack action card gets """"When this hits a hero, deal 4 damage to them.""""""",Lightning Instant,,,,,No,,14,0.046052631578947366,0.03923405921722994,0.7731603341528761,0.7555256582740724,0.7778512396694216,0.7788317691553437,0.7788317691553437,0.7443502824858751,0.06003118778558379,8,0.08163265306122448,0.06961660146684155,0.10644618715084236,2,0.015625,0.013403799019607842,0.020335760685904872,4,0.05128205128205128,0.04344924081766187,0.06699286642056872,0.06459160475243865
Astral Assault (red),common,1,OMN160,"Lightning, Action, Attack",https://prod-content.fabrary.io/cards/OMN160.webp,rNhqkLtwRGdRf7Pkh6b7b,Red,1,2,5,2,,,,"Lightning, Action, Attack",,,,,,,,"When this attacks, you may destroy a Lightning Flow you control. If you do, this gets +2{p}.",Lightning Action - Attack,,,,,,,49,0.1611842105263158,0.13851855178687456,1.001358885737308,1.7423749271256612,1.6025601193065309,1.6889020070838252,1.8830196541426492,2.172093140339835,0.09505766025140806,11,0.11224489795918367,0.1010340824641545,0.06322666828379624,21,0.1640625,0.13876775061180646,0.09990122591012279,17,0.21794871794871795,0.18520548183860877,0.12948261764817057,0.09753683728069655
Astral Assault (yellow),common,2,OMN161,"Lightning, Action, Attack",https://prod-content.fabrary.io/cards/OMN161.webp,dhfWgpW6bPJrPMcKrFRdt,Yellow,2,2,4,2,,,,"Lightning, Action, Attack",,,,,,,,"When this attacks, you may destroy a Lightning Flow you control. If you do, this gets +2{p}.",Lightning Action - Attack,,,,,,,40,0.13157894736842105,0.11106860430188704,1.001358885737308,1.7423749271256612,1.6025601193065309,1.6889020070838252,1.6006667129661785,1.8416966645689121,0.08658140656470828,13,0.1326530612244898,0.11197422545711863,0.08418424675679456,16,0.125,0.10184561073444588,0.08429635672903445,11,0.14102564102564102,0.12506594152521755,0.0934077692557548,0.08729612424719459
Astral Assault (blue),common,3,OMN162,"Lightning, Action, Attack",https://prod-content.fabrary.io/cards/OMN162.webp,BJBhJz9Gmjc6fpQjzrDB8,Blue,3,2,3,2,,,,"Lightning, Action, Attack",,,,,,,,"When this attacks, you may destroy a Lightning Flow you control. If you do, this gets +2{p}.",Lightning Action - Attack,,,,,,,68,0.2236842105263158,0.18867541966629106,1.001358885737308,1.7423749271256612,1.6025601193065309,1.6889020070838252,2.44772553649559,2.8328860918816874,0.10924679274738582,17,0.17346938775510204,0.14900178719184676,0.07978026471500173,33,0.2578125,0.2156117989128825,0.1314689666564156,18,0.23076923076923078,0.19431848939618648,0.11367309530159339,0.1083074422243369
Electrolyze (red),common,1,OMN163,"Lightning, Action, Attack",https://prod-content.fabrary.io/cards/OMN163.webp,rh8QMDbW9nkbWFwtJhcqQ,Red,1,1,4,0,,,,"Lightning, Action, Attack",,Go again,,,,,,**Go again**,Lightning Action - Attack,,,,,,,65,0.2138157894736842,0.18022965177583175,1.001358885737308,1.7423749271256612,1.6025601193065309,1.6889020070838252,1.8830196541426492,2.172093140339835,0.12609689625186785,28,0.2857142857142857,0.24086348712580785,0.16094061017693587,21,0.1640625,0.13773874913792433,0.09990122591012279,16,0.20512820512820512,0.17377733989576097,0.1218659930806311,0.12756927638922994
Electrolyze (yellow),common,2,OMN164,"Lightning, Action, Attack",https://prod-content.fabrary.io/cards/OMN164.webp,mkwdBRzRGWTQzwwJzqRbG,Yellow,2,1,3,0,,,,"Lightning, Action, Attack",,Go again,,,,,,**Go again**,Lightning Action - Attack,,,,,,,46,0.1513157894736842,0.12798751964493577,1.001358885737308,1.7423749271256612,1.6025601193065309,1.6889020070838252,1.6006667129661785,1.8416966645689121,0.09956861754941451,21,0.21428571428571427,0.18368411241942234,0.13598993706866813,10,0.078125,0.0650853624486437,0.05268522295564653,15,0.19230769230769232,0.16123380207090615,0.12737423080330199,0.10534979694253888
Electrolyze (blue),common,3,OMN165,"Lightning, Action, Attack",https://prod-content.fabrary.io/cards/OMN165.webp,wmn7GbbMWqtGtTpqBk6QF,Blue,3,1,2,0,,,,"Lightning, Action, Attack",,Go again,,,,,,**Go again**,Lightning Action - Attack,,,,,,,30,0.09868421052631579,0.08284211887311574,1.001358885737308,1.7423749271256612,1.6025601193065309,1.6889020070838252,1.3183137717897078,1.5113001887979862,0.07343773916063376,17,0.17346938775510204,0.14918403458416238,0.1260480886828939,6,0.046875,0.037904255831887404,0.035417986022880876,7,0.08974358974358974,0.07323364104740622,0.06715614367784638,0.07620740612787373
Flittering Spike (red),common,1,OMN166,"Lightning, Action, Attack",https://prod-content.fabrary.io/cards/OMN166.webp,QQqkkCLrwB88t8t7w8mwz,Red,1,1,4,3,,,,"Lightning, Action, Attack",,,,,,,,"""If you've played an instant card this chain link, this gets +2{p}.",,,,,,,,79,0.2598684210526316,0.21701526049576292,1.001358885737308,1.7423749271256612,1.6025601193065309,1.6889020070838252,2.165372595319119,2.5024896161107617,0.13884976934200882,25,0.25510204081632654,0.21266981950268424,0.12917810438392016,24,0.1875,0.15697203869610996,0.10407238763574383,30,0.38461538461538464,0.32100738367111314,0.20715330061856477,0.14680126421274292
Flittering Spike (yellow),common,2,OMN167,"Lightning, Action, Attack",https://prod-content.fabrary.io/cards/OMN167.webp,NwMDbH6HdbCPLbKQCCqDh,Yellow,2,1,3,3,,,,"Lightning, Action, Attack",,,,,,,,"""If you've played an instant card this chain link, this gets +2{p}.",,,,,,,,46,0.1513157894736842,0.1277796023272874,1.001358885737308,1.7423749271256612,1.6025601193065309,1.6889020070838252,1.6006667129661785,1.8416966645689121,0.09956861754941451,9,0.09183673469387756,0.0770967195175036,0.05828140160085777,21,0.1640625,0.1348150990904474,0.11063896820685772,16,0.20512820512820512,0.17991266552824028,0.1358658461901888,0.10159540533263477
Flittering Spike (blue),common,3,OMN168,"Lightning, Action, Attack",https://prod-content.fabrary.io/cards/OMN168.webp,hLpJwQM8kntLtkwcqdrrF,Blue,3,1,2,3,,,,"Lightning, Action, Attack",,,,,,,,"""If you've played an instant card this chain link, this gets +2{p}.",,,,,,,,79,0.2598684210526316,0.22224229013324653,1.001358885737308,1.7423749271256612,1.6025601193065309,1.6889020070838252,2.44772553649559,2.8328860918816874,0.12691906804475706,19,0.19387755102040816,0.16608282561045248,0.08916617821088428,32,0.25,0.20935533699219233,0.12748505857591816,28,0.358974358974359,0.3139494378933589,0.17682481491358973,0.13115868390013072
Glide Through Starlight (red),common,1,OMN169,"Lightning, Action, Attack",https://prod-content.fabrary.io/cards/OMN169.webp,MwBWGN8MdgtBhK7qthRJg,Red,1,1,5,2,,,,"Lightning, Action, Attack",,,Instant,,,,,"**Instant** - {r}, discard this: Prevent the next 1 damage that would be dealt to you this turn. If you prevent damage this way, create a Lightning Flow token.",Lightning Action - Attack,,,,,,,53,0.17434210526315788,0.14823151545884858,1.001358885737308,1.7423749271256612,1.6025601193065309,1.6889020070838252,1.3183137717897078,1.5113001887979862,0.12974000585045298,21,0.21428571428571427,0.18542143139210318,0.15570646249063363,11,0.0859375,0.07067847137748452,0.0649329743752816,21,0.2692307692307692,0.22877225752238234,0.20146843103353912,0.14070262263315145
Glide Through Starlight (yellow),common,2,OMN170,"Lightning, Action, Attack",https://prod-content.fabrary.io/cards/OMN170.webp,cq6dc8kNzfPMfDcBNBpHM,Yellow,2,1,4,2,,,,"Lightning, Action, Attack",,,Instant,,,,,"**Instant** - {r}, discard this: Prevent the next 1 damage that would be dealt to you this turn. If you prevent damage this way, create a Lightning Flow token.",Lightning Action - Attack,,,,,,,54,0.17763157894736842,0.1528141379276721,1.001358885737308,1.7423749271256612,1.6025601193065309,1.6889020070838252,2.165372595319119,2.5024896161107617,0.09490996891732248,15,0.15306122448979592,0.1332865602197486,0.0775068626303521,25,0.1953125,0.16796173645716506,0.10840873712056649,14,0.1794871794871795,0.15249118925589517,0.09667154028866355,0.09419571334652738
Glide Through Starlight (blue),common,3,OMN171,"Lightning, Action, Attack",https://prod-content.fabrary.io/cards/OMN171.webp,CNkgfHmrWLL6QDRK8zWzz,Blue,3,1,3,2,,,,"Lightning, Action, Attack",,,Instant,,,,,"**Instant** - {r}, discard this: Prevent the next 1 damage that would be dealt to you this turn. If you prevent damage this way, create a Lightning Flow token.",Lightning Action - Attack,,,,,,,64,0.21052631578947367,0.17596374833280595,1.001358885737308,1.7423749271256612,1.6025601193065309,1.6889020070838252,1.8830196541426492,2.172093140339835,0.1241569440018391,24,0.24489795918367346,0.20863233479529994,0.1379490944373736,24,0.1875,0.1547563609531489,0.11417282961156891,16,0.20512820512820512,0.1697204677080838,0.1218659930806311,0.1246626390431912
Heaven's Claws (red),common,1,OMN172,"Lightning, Action, Attack",https://prod-content.fabrary.io/cards/OMN172.webp,BDqM89MWQr6zKfCk6hkBH,Red,1,1,5,3,,,,"Lightning, Action, Attack",,,,,,,,,Lightning Action - Attack,,,,,,,52,0.17105263157894737,0.14652803246960616,1.001358885737308,1.5824175824175835,1.4285714285714288,1.5,1.4117647058823528,1.651982378854625,0.1237420868044261,24,0.24489795918367346,0.21247723277285108,0.17217612342999056,16,0.125,0.10621926521905964,0.09231363519405442,12,0.15384615384615385,0.12981650142283627,0.11161278240667397,0.12536751367690632
Heaven's Claws (yellow),common,2,OMN173,"Lightning, Action, Attack",https://prod-content.fabrary.io/cards/OMN173.webp,NMTzJw6qfQ7rBdDpgMCzL,Yellow,2,1,4,3,,,,"Lightning, Action, Attack",,,,,,,,,Lightning Action - Attack,,,,,,,36,0.11842105263157894,0.10136700338013879,1.001358885737308,1.5824175824175835,1.4285714285714288,1.5,1.4117647058823528,1.651982378854625,0.08566759855691038,15,0.15306122448979592,0.13460076196420734,0.1076100771437441,15,0.1171875,0.09663178813673794,0.086544032994426,6,0.07692307692307693,0.06738237786624883,0.05580639120333698,0.0833201671138357
Heaven's Claws (blue),common,3,OMN174,"Lightning, Action, Attack",https://prod-content.fabrary.io/cards/OMN174.webp,HCGkgWcrLLkmHFBRbhpdM,Blue,3,1,3,3,,,,"Lightning, Action, Attack",,,,,,,,,Lightning Action - Attack,,,,,,,58,0.19078947368421054,0.16099419492389386,1.001358885737308,1.5824175824175835,1.4285714285714288,1.5,1.4117647058823528,1.651982378854625,0.1380200198972445,17,0.17346938775510204,0.14850976266792595,0.12195808742957664,24,0.1875,0.15627471643308283,0.1384704527910816,17,0.21794871794871795,0.184424548871441,0.15811810840945478,0.139515549543371
Stellar Glide (red),common,1,OMN175,"Lightning, Action, Attack",https://prod-content.fabrary.io/cards/OMN175.webp,RcbDmpjTgR9FJbgqzb8Tq,Red,1,2,5,2,,,,"Lightning, Action, Attack",,Go again,,,,,,"When this attacks, you may destroy a Lightning Flow you control. If you do, this gets **go again**.",Lightning Action - Attack,,,,,,,67,0.22039473684210525,0.18874991707763872,1.001358885737308,1.7423749271256612,1.6025601193065309,1.6889020070838252,2.44772553649559,2.8328860918816874,0.1076402222658066,33,0.336734693877551,0.28987409090832045,0.15486757268206217,18,0.140625,0.120460317387759,0.07171034544895397,16,0.20512820512820512,0.173761452012226,0.10104275137919412,0.10920688983673675
Stellar Glide (yellow),common,2,OMN176,"Lightning, Action, Attack",https://prod-content.fabrary.io/cards/OMN176.webp,chPp6ddLWdLWWM7fTMLfp,Yellow,2,2,4,2,,,,"Lightning, Action, Attack",,Go again,,,,,,"When this attacks, you may destroy a Lightning Flow you control. If you do, this gets **go again**.",Lightning Action - Attack,,,,,,,47,0.15460526315789475,0.13246907498921412,1.001358885737308,1.7423749271256612,1.6025601193065309,1.6889020070838252,1.3183137717897078,1.5113001887979862,0.11505245801832623,15,0.15306122448979592,0.13276931955653443,0.11121890177902403,19,0.1484375,0.12438185034420281,0.11215695573912277,13,0.16666666666666666,0.14536318764259942,0.12471855254457183,0.1160314700209062
Stellar Glide (blue),common,3,OMN177,"Lightning, Action, Attack",https://prod-content.fabrary.io/cards/OMN177.webp,FPThjmfgpwBHmGzd66FCF,Blue,3,2,3,2,,,,"Lightning, Action, Attack",,Go again,,,,,,"When this attacks, you may destroy a Lightning Flow you control. If you do, this gets **go again**.",Lightning Action - Attack,,,,,,,58,0.19078947368421054,0.1600563659126221,1.001358885737308,1.7423749271256612,1.6025601193065309,1.6889020070838252,2.165372595319119,2.5024896161107617,0.10194033698527229,18,0.1836734693877551,0.15544602530646948,0.09300823515642251,27,0.2109375,0.17443997724540244,0.11708143609021181,13,0.16666666666666666,0.14224497012809706,0.08976643026804473,0.09995203383822633
Volatile Fluxor (red),common,1,OMN178,"Lightning, Action, Attack",https://prod-content.fabrary.io/cards/OMN178.webp,mLQbHGnCHtLpmJh6LWLbP,Red,1,0,0,3,,,,"Lightning, Action, Attack",,Go again,,,,,,"""If you've played an instant card this chain link, this gets +3{p}.",,,,,,,,68,0.2236842105263158,0.18919506245439774,1.001358885737308,1.7423749271256612,1.6025601193065309,1.6889020070838252,1.8830196541426492,2.172093140339835,0.13191675300195405,17,0.17346938775510204,0.1503397901345238,0.09771394189313963,25,0.1953125,0.16266895820351326,0.11893003084538428,26,0.3333333333333333,0.2815432423449213,0.19803223875602555,0.1382254038315165
Volatile Fluxor (yellow),common,2,OMN179,"Lightning, Action, Attack",https://prod-content.fabrary.io/cards/OMN179.webp,gDcLCrcfPQKNNpq8DkMFp,Yellow,2,0,0,3,,,,"Lightning, Action, Attack",,Go again,,,,,,"""If you've played an instant card this chain link, this gets +2{p}.",,,,,,,,56,0.18421052631578946,0.153497456893482,1.001358885737308,1.7423749271256612,1.6025601193065309,1.6889020070838252,1.6006667129661785,1.8416966645689121,0.12121396919059159,18,0.1836734693877551,0.155138350417778,0.11656280320171554,26,0.203125,0.16796758701267217,0.13698157968468097,12,0.15384615384615385,0.127689966885311,0.10189938464264159,0.11848125584301271
Volatile Fluxor (blue),common,3,OMN180,"Lightning, Action, Attack",https://prod-content.fabrary.io/cards/OMN180.webp,cQcb7dCwJWGt6jMrDdtRz,Blue,3,0,0,3,,,,"Lightning, Action, Attack",,Go again,,,,,,"""If you've played an instant card this chain link, this gets +1{p}.",,,,,,,,58,0.19078947368421054,0.16424700850258073,1.001358885737308,1.7423749271256612,1.6025601193065309,1.6889020070838252,1.3183137717897078,1.5113001887979862,0.14197962904389194,10,0.10204081632653061,0.09335201155407591,0.07414593451934935,34,0.265625,0.22538087193629716,0.20070192079632496,14,0.1794871794871795,0.1529979723671674,0.13431228735569276,0.136386714223789
Flittering Forcefield (red),common,1,OMN181,"Lightning, Defense, Reaction",https://prod-content.fabrary.io/cards/OMN181.webp,9wjwrtNmPJzqbLfcrchgR,Red,1,0,,3,,,,"Lightning, Defense Reaction",,,,,,,,"While this is defending, if you've played an instant card this chain link, this gets +1{d}.",Lightning Defense Reaction,,,,,,,61,0.20065789473684212,0.17099045290279094,1.001358885737308,1.7423749271256612,1.6025601193065309,1.6889020070838252,2.165372595319119,2.5024896161107617,0.10721311303623465,12,0.12244897959183673,0.10692229243399712,0.06200549010428168,34,0.265625,0.2256612187399917,0.14743588248397044,15,0.19230769230769232,0.16177021827176627,0.10357665030928238,0.10433934096584484
Flittering Forcefield (yellow),common,2,OMN182,"Lightning, Defense, Reaction",https://prod-content.fabrary.io/cards/OMN182.webp,hRQFwWPRMpJrgj8NTmbCR,Yellow,2,0,,2,,,,"Lightning, Defense Reaction",,,,,,,,"While this is defending, if you've played an instant card this chain link, this gets +1{d}.",Lightning Defense Reaction,,,,,,,70,0.23026315789473684,0.1939270770743804,1.001358885737308,1.7423749271256612,1.6025601193065309,1.6889020070838252,2.44772553649559,2.8328860918816874,0.11245993371054422,13,0.1326530612244898,0.11092522286012839,0.061008437723236615,32,0.25,0.20826956030824792,0.12748505857591816,25,0.32051282051282054,0.2746750752674782,0.15787929902999082,0.11545759844304852
Flittering Forcefield (blue),common,3,OMN183,"Lightning, Defense, Reaction",https://prod-content.fabrary.io/cards/OMN183.webp,gRQQM97BJrfQFQjB8jPzz,Blue,3,0,,1,,,,"Lightning, Defense Reaction",,,,,,,,"While this is defending, if you've played an instant card this chain link, this gets +1{d}.",Lightning Defense Reaction,,,,,,,49,0.1611842105263158,0.13572435707531386,1.001358885737308,1.7423749271256612,1.6025601193065309,1.6889020070838252,1.0359608306132373,1.1809037130270603,0.13801819309400726,13,0.1326530612244898,0.10986777278557149,0.1127345544806744,27,0.2109375,0.17780191242785576,0.18120274459744218,9,0.11538461538461539,0.09916048752748544,0.09922148397726833,0.1310529276851283
Calmveil of Volthaven (red),common,1,OMN184,"Lightning, Instant",https://prod-content.fabrary.io/cards/OMN184.webp,HcTHkbNfWbQNCbNdmnhBB,Red,1,2,,,,,,"Lightning, Instant",,,,,,,,"Prevent the next 3 damage that would be dealt to you this turn. The first time you prevent damage this way, create a Lightning Flow token.",Lightning Instant,,,,,,,83,0.2730263157894737,0.22983282836910204,1.001358885737308,1.7423749271256612,1.6025601193065309,1.6889020070838252,1.8830196541426492,2.172093140339835,0.16101603675238507,24,0.24489795918367346,0.21042132054875431,0.1379490944373736,39,0.3046875,0.254081751808145,0.18553084811879947,20,0.2564102564102564,0.2144285407562378,0.15233249135078888,0.15860414463565398
Calmveil of Volthaven (yellow),common,2,OMN185,"Lightning, Instant",https://prod-content.fabrary.io/cards/OMN185.webp,Mk8R6DRrqThcpqmPFKnCk,Yellow,2,2,,,,,,"Lightning, Instant",,,,,,,,"Prevent the next 2 damage that would be dealt to you this turn. The first time you prevent damage this way, create a Lightning Flow token.",Lightning Instant,,,,,,,38,0.125,0.10417232240038576,1.001358885737308,1.7423749271256612,1.6025601193065309,1.6889020070838252,1.8830196541426492,2.172093140339835,0.07371818550109197,15,0.15306122448979592,0.12688351372838325,0.0862181840233585,15,0.1171875,0.0982566874322631,0.07135801850723057,8,0.10256410256410256,0.08534545734623133,0.06093299654031555,0.07283639969030155
Calmveil of Volthaven (blue),common,3,OMN186,"Lightning, Instant",https://prod-content.fabrary.io/cards/OMN186.webp,W7JrMn9grP86gDnB9Fhng,Blue,3,2,,,,,,"Lightning, Instant",,,,,,,,"Prevent the next 1 damage that would be dealt to you this turn. The first time you prevent damage this way, create a Lightning Flow token.",Lightning Instant,,,,,,,50,0.16447368421052633,0.13931954232780677,1.001358885737308,1.7423749271256612,1.6025601193065309,1.6889020070838252,1.3183137717897078,1.5113001887979862,0.1223962319343896,18,0.1836734693877551,0.1590865239712937,0.13346268213482884,17,0.1328125,0.10970088824644504,0.10035096039816248,15,0.19230769230769232,0.16308907465283984,0.14390602216681364,0.125906554899935
Cosmic Flare (red),common,1,OMN187,"Lightning, Instant",https://prod-content.fabrary.io/cards/OMN187.webp,TqcHrNkPMppfprqPbDRRm,Red,1,0,,,,,,"Lightning, Instant",,,,,,,,Gain {r}{r}{r},Lightning Instant,,,,,,,78,0.2565789473684211,0.21526892574805778,1.001358885737308,1.7423749271256612,1.6025601193065309,1.6889020070838252,1.8830196541426492,2.172093140339835,0.15131627550224142,6,0.061224489795918366,0.05155896945244262,0.0344872736093434,67,0.5234375,0.4386449232706716,0.31873248266562987,5,0.0641025641025641,0.054390054390054385,0.03808312283769722,0.13043429303755683
Starworld Warning (yellow),common,2,OMN188,"Lightning, Instant",https://prod-content.fabrary.io/cards/OMN188.webp,CPGCwntgcMqcqCBLh6nBL,Yellow,2,1,,,,,,"Lightning, Instant",,,,,,,,Create 2 Lightning Flow tokens.,Lightning Instant,,,,,,,62,0.20394736842105263,0.1708423168799146,1.001358885737308,1.7423749271256612,1.6025601193065309,1.6889020070838252,1.3183137717897078,1.5113001887979862,0.15177132759864312,13,0.1326530612244898,0.11277787596793552,0.09638971487515416,38,0.296875,0.2461448657152543,0.22431391147824553,11,0.14102564102564102,0.12022166250107426,0.10553108292233002,0.14207823642524323
Starlight Road (blue),common,3,OMN189,"Lightning, Instant",https://prod-content.fabrary.io/cards/OMN189.webp,Qrk8RRBkp7q98qbGDTgDB,Blue,3,0,,,,,,"Lightning, Instant",,,,,,,,Create an Embodiment of Lightning or Lightning Flow token.,Lightning Instant,,,,,,,52,0.17105263157894737,0.14338019067783203,1.001358885737308,1.7423749271256612,1.6025601193065309,1.6889020070838252,1.3183137717897078,1.5113001887979862,0.1272920812117652,19,0.19387755102040816,0.16194700216071922,0.14087727558676377,25,0.1953125,0.162959277567806,0.14757494176200364,8,0.10256410256410256,0.08792287468758057,0.07674987848896728,0.12173403194591155
Stormshard (red),common,1,OMN190,"Lightning, Instant",https://prod-content.fabrary.io/cards/OMN190.webp,CpC7qQBbgTjCDJDwWprG7,Red,1,1,,,,,,"Lightning, Instant",,,,,,,,"""You may destroy a Lightning Flow you control rather than pay this card's {r} cost.",,,,,,,,73,0.24013157894736842,0.2021174879378007,1.001358885737308,1.7423749271256612,1.6025601193065309,1.6889020070838252,1.8830196541426492,2.172093140339835,0.14161651425209773,40,0.40816326530612246,0.34524026776190797,0.22991515739562265,8,0.0625,0.050880209391722546,0.03805760987052297,25,0.32051282051282054,0.2704808114138965,0.1904156141884861,0.1527961271515439
Stormshatter (yellow),common,2,OMN191,"Lightning, Instant",https://prod-content.fabrary.io/cards/OMN191.webp,HDkhnPHFCdnwmfMDrmHPN,Yellow,2,1,,,,,,"Lightning, Instant",,,,,,,,"""You may destroy a Lightning Flow you control rather than pay this card's {r} cost.",,,,,,,,49,0.1611842105263158,0.1361299063989719,1.001358885737308,1.7423749271256612,1.6025601193065309,1.6889020070838252,1.3183137717897078,1.5113001887979862,0.11994830729570181,18,0.1836734693877551,0.15630425280131938,0.13346268213482884,14,0.109375,0.0911080420279009,0.08264196738672204,17,0.21794871794871795,0.1846646845023955,0.16309349178905547,0.1263993804368688
Stormwhirl (blue),common,3,OMN192,"Lightning, Instant",https://prod-content.fabrary.io/cards/OMN192.webp,bmGcLFqnPwP6k88kJH6Bw,Blue,3,1,,,,,,"Lightning, Instant",,,,,Go again,,,"""You may destroy a Lightning Flow you control rather than pay this card's {r} cost.",,,,,,,,46,0.1513157894736842,0.12887743001512453,1.001358885737308,1.7423749271256612,1.6025601193065309,1.6889020070838252,1.8830196541426492,2.172093140339835,0.08923780350132185,28,0.2857142857142857,0.24582627697755324,0.16094061017693587,7,0.0546875,0.04566547761449077,0.0333004086367076,11,0.14102564102564102,0.11849464674542076,0.08378287024293389,0.0926746296855258
Chromatic Refinement (red),common,1,OMN193,"Lightning, Instant, Aura",https://prod-content.fabrary.io/cards/OMN193.webp,PmfNcqdqDJ89QGFqqLjnz,Red,1,0,,,,,,"Lightning, Instant, Aura",,,,,,,,"At the beginning of your action phase, destroy this, then the next red card you play this turn costs {r} less to play. The first time that card would deal damage this turn, instead it deals that much plus 1.",Lightning Instant - Aura,,,,,,,75,0.24671052631578946,0.20704604938183122,1.001358885737308,1.7423749271256612,1.6025601193065309,1.6889020070838252,1.0359608306132373,1.1809037130270603,0.21125233636837848,7,0.07142857142857142,0.062437474989995995,0.06070322164344006,67,0.5234375,0.4374202588259668,0.44965125511217136,1,0.01282051282051282,0.010683760683760682,0.011024609330807593,0.173793028695473
Chromatic Refinement (yellow),common,2,OMN194,"Lightning, Instant, Aura",https://prod-content.fabrary.io/cards/OMN194.webp,BnzFFnTJdw9HP9cP6fqP8,Yellow,2,0,,,,,,"Lightning, Instant, Aura",,,,,,,,"At the beginning of your action phase, destroy this, then the next yellow card you play this turn costs {r} less to play. The first time that card would deal damage this turn, instead it deals that much plus 1.",Lightning Instant - Aura,,,,,,,43,0.14144736842105263,0.1161994110375852,1.001358885737308,1.7423749271256612,1.6025601193065309,1.6889020070838252,1.3183137717897078,1.5113001887979862,0.10526075946357506,10,0.10204081632653061,0.08420157802542334,0.07414593451934935,32,0.25,0.20481033946712163,0.18889592545536465,1,0.01282051282051282,0.010989010989010988,0.00959373481112091,0.09087853159527831
Chromatic Refinement (blue),common,3,OMN195,"Lightning, Instant, Aura",https://prod-content.fabrary.io/cards/OMN195.webp,rzMhnMtGQ6nJgQwFLJJLQ,Blue,3,0,,,,,,"Lightning, Instant, Aura",,,,,,,,"At the beginning of your action phase, destroy this, then the next blue card you play this turn costs {r} less to play. The first time that card would deal damage this turn, instead it deals that much plus 1.",Lightning Instant - Aura,,,,,,,35,0.11513157894736842,0.09695071884965156,1.001358885737308,1.7423749271256612,1.6025601193065309,1.6889020070838252,1.0359608306132373,1.1809037130270603,0.09858442363857661,10,0.10204081632653061,0.08497658175424017,0.08671888806205723,20,0.15625,0.1310689460239576,0.1342242552573646,5,0.0641025641025641,0.05600626188861484,0.05512304665403796,0.09202206332448659
Thunderous Retort (red),common,1,OMN196,"Lightning, Instant, Aura",https://prod-content.fabrary.io/cards/OMN196.webp,hmgMzMGKkrgdQKkJdF7GQ,Red,1,0,,,,,,"Lightning, Instant, Aura",,Arcane Barrier 3,,,Go again,,,"""At the beginning of your action phase, destroy this, then your next attack this turn gets **go again**.",,,,,,,,64,0.21052631578947367,0.177628279418752,1.001358885737308,1.7423749271256612,1.6025601193065309,1.6889020070838252,1.8830196541426492,2.172093140339835,0.1241569440018391,30,0.30612244897959184,0.26106507921322136,0.172436368046717,24,0.1875,0.1559152479216162,0.11417282961156891,10,0.1282051282051282,0.10842906982612864,0.07616624567539444,0.12092514777789344
Thunderous Retort (yellow),common,2,OMN197,"Lightning, Instant, Aura",https://prod-content.fabrary.io/cards/OMN197.webp,RrBgm8mpnBdCqMgfjDp7z,Yellow,2,0,,,,,,"Lightning, Instant, Aura",,Arcane Barrier 2,,,Go again,,,"""At the beginning of your action phase, destroy this, then your next attack this turn gets **go again**.",,,,,,,,61,0.20065789473684212,0.16878506814295882,1.001358885737308,1.7423749271256612,1.6025601193065309,1.6889020070838252,1.8830196541426492,2.172093140339835,0.11833708725175289,26,0.2653061224489796,0.22244987479831418,0.14944485230715474,22,0.171875,0.14447878318996257,0.10465842714393817,13,0.16666666666666666,0.1412472914988395,0.09901611937801277,0.11770646627636856
Thunderous Retort (blue),common,3,OMN198,"Lightning, Instant, Aura",https://prod-content.fabrary.io/cards/OMN198.webp,LhRPD8cdgP7LBDjdj7nfT,Blue,3,0,,,,,,"Lightning, Instant, Aura",,Arcane Barrier 1,,,Go again,,,"""At the beginning of your action phase, destroy this, then your next attack this turn gets **go again**.",,,,,,,,45,0.14802631578947367,0.12672191849912542,1.001358885737308,1.7423749271256612,1.6025601193065309,1.6889020070838252,1.3183137717897078,1.5113001887979862,0.11015660874095064,16,0.16326530612244897,0.1389967008214307,0.11863349523095897,19,0.1484375,0.12852907301920458,0.11215695573912277,10,0.1282051282051282,0.10833416918943235,0.0959373481112091,0.10890926636043026
Sigil of Astral Flow (blue),common,3,OMN199,"Lightning, Instant, Aura",https://prod-content.fabrary.io/cards/OMN199.webp,c9Nb8bbqQGP7QhnCg76mQ,Blue,3,0,,,,,,"Lightning, Instant, Aura",,,,,,,,"""At the beginning of your action phase, destroy this.",,,,,,,,72,0.23684210526315788,0.19782652463986636,1.001358885737308,1.7423749271256612,1.6025601193065309,1.5,1.694117647058824,1.982378854625551,0.15044462107761547,8,0.08163265306122448,0.06831151187907047,0.0497717427784203,43,0.3359375,0.28196174297980237,0.21957734090057654,21,0.2692307692307692,0.22248246442250966,0.17210734400691768,0.1471521425619715
Sigil of Lightning (blue),common,3,OMN200,"Lightning, Instant, Aura",https://prod-content.fabrary.io/cards/OMN200.webp,gzzft6DHbbNJGGCfCJrz7,Blue,3,0,,,,,,"Lightning, Instant, Aura",,,,,,,,"""At the beginning of your action phase, destroy this.",,,,,,,,58,0.19078947368421054,0.16155708337988975,1.001358885737308,1.7423749271256612,1.6025601193065309,1.5,1.694117647058824,1.982378854625551,0.12119150031252358,28,0.2857142857142857,0.2430477864704187,0.17420109972447104,16,0.125,0.10341707806878087,0.08170319661416801,14,0.1794871794871795,0.15458056769976275,0.11473822933794513,0.12354750855886139
Spellbane Sigil (blue),common,3,OMN201,"Lightning, Instant, Aura",https://prod-content.fabrary.io/cards/OMN201.webp,knGQQqjCfQqzWj6JjN6CR,Blue,3,0,,,,,,"Lightning, Instant, Aura",,Arcane Barrier X,,,,,,"""At the beginning of your action phase, destroy this.",,,,,,,,91,0.2993421052631579,0.2555869963365424,1.001358885737308,1.7423749271256612,1.6025601193065309,1.5,1.4117647058823528,1.651982378854625,0.21406840184892334,22,0.22448979591836735,0.19416301077978906,0.1558297208823843,43,0.3359375,0.2859977255091731,0.2451124536762853,26,0.3333333333333333,0.28285593544506954,0.2396570853746556,0.21353308664444173
Seeker's Hood,common,0,OMN205,"Generic, Equipment, Head",https://prod-content.fabrary.io/cards/OMN205.webp,t9hhCk9PrwgchGMcLkRMt,,,,,,,,,"Generic, Equipment, Head",,,Instant,Opt 1,,,,"**Instant** - {r}, destroy Seeker's Hood: Prevent the next 1 damage that would be dealt to your hero this turn. **Opt 1**",Generic Equipment - Head,,,,,,,83,0.2730263157894737,0.0,1.7142857142857149,1.7142857142857155,1.9999999999999993,2.0,1.945945945945946,1.9459459459459423,0.1459422395416096,24,0.24489795918367346,0.0,0.12968912998122267,34,0.265625,0.0,0.14283397132290926,25,0.32051282051282054,0.0,0.17167780252412776,0.14806696794275323
Seeker's Gilet,common,0,OMN206,"Generic, Equipment, Chest",https://prod-content.fabrary.io/cards/OMN206.webp,JmTd86pJBGfrCtpNRCjdn,,,,,,,,,"Generic, Equipment, Chest",,,Instant,Opt 1,,,,"**Instant** - {r}, destroy Seeker's Gilet: Prevent the next 1 damage that would be dealt to your hero this turn. **Opt 1**",Generic Equipment - Chest,,,,,,,75,0.24671052631578946,0.0,1.7142857142857149,1.7142857142857155,1.9999999999999993,2.0,1.6216216216216217,1.621621621621621,0.14668126557426564,22,0.22448979591836735,0.0,0.13416529314810455,28,0.21875,0.0,0.12963889882016444,25,0.32051282051282054,0.0,0.19032921810699588,0.15137780335842163
Seeker's Mitts,common,0,OMN207,"Generic, Equipment, Arms",https://prod-content.fabrary.io/cards/OMN207.webp,gBgzTTTb9BCd8wCwhW8jB,,,,,,,,,"Generic, Equipment, Arms",,,Instant,Opt 1,,,,"**Instant** - {r}, destroy Seeker's Mitts: Prevent the next 1 damage that would be dealt to your hero this turn. **Opt 1**",Generic Equipment - Arms,,,,,,,55,0.18092105263157895,0.0,1.7142857142857149,1.7142857142857155,1.9999999999999993,2.0,0.972972972972973,0.9729729729729711,0.1387130698969755,18,0.1836734693877551,0.0,0.14776545166402538,25,0.1953125,0.0,0.1454533201545512,12,0.15384615384615385,0.0,0.11671924290220824,0.13664600490692827
Seeker's Leggings,common,0,OMN208,"Generic, Equipment, Legs",https://prod-content.fabrary.io/cards/OMN208.webp,RpqBfPnFtnfqfGHkGNWqH,,,,,,,,,"Generic, Equipment, Legs",,,Instant,Opt 1,,,,"**Instant** - {r}, destroy Seeker's Leggings: Prevent the next 1 damage that would be dealt to your hero this turn. **Opt 1**",Generic Equipment - Legs,,,,,,,78,0.2565789473684211,0.0,1.7142857142857149,1.7142857142857155,1.9999999999999993,2.0,1.6216216216216217,1.621621621621621,0.15254851619723628,17,0.17346938775510204,0.0,0.10367318106898987,40,0.3125,0.0,0.1851984268859492,21,0.2692307692307692,0.0,0.15987654320987654,0.14958271705493853
Helm of Astral Sanctuary,common,0,OMN209,"Generic, Equipment, Head",https://prod-content.fabrary.io/cards/OMN209.webp,cBRqwBmLLnnTKt8PKkh7k,,,,,0,,,,"Generic, Equipment, Head",,,Instant,,,,,"**Instant** - {t} your hero, destroy this: Prevent the next 1 damage that would be dealt to you this turn.",Generic Equipment - Head,,,,,,,76,0.25,0.0,1.7142857142857149,1.8742430589937933,1.9999999999999993,2.0,1.945945945945946,1.9459459459459423,0.13270077427310642,27,0.2755102040816326,0.0,0.14477403444442652,30,0.234375,0.0,0.12510522348552314,19,0.24358974358974358,0.0,0.12976244536052364,0.13321390109682443
Robe of Astral Sanctuary,common,0,OMN210,"Generic, Equipment, Chest",https://prod-content.fabrary.io/cards/OMN210.webp,RT8TnMD9BHtJg8Fr6DLRF,,,,,0,,,,"Generic, Equipment, Chest",,,Instant,,,,,"**Instant** - {t} your hero, destroy this: Prevent the next 1 damage that would be dealt to you this turn.",Generic Equipment - Chest,,,,,,,61,0.20065789473684212,0.0,1.7142857142857149,1.8742430589937933,1.9999999999999993,2.0,1.945945945945946,1.9459459459459423,0.10650983198236175,25,0.25510204081632654,0.0,0.1340500318929875,23,0.1796875,0.0,0.09591400467223442,13,0.16666666666666666,0.0,0.08878483103614776,0.10624962253378989
Gloves of Astral Sanctuary,common,0,OMN211,"Generic, Equipment, Arms",https://prod-content.fabrary.io/cards/OMN211.webp,BMkwBQtHCCnhhwjTCbLGR,,,,,0,,,,"Generic, Equipment, Arms",,,Instant,,,,,"**Instant** - {t} your hero, destroy this: Prevent the next 1 damage that would be dealt to you this turn.",Generic Equipment - Arms,,,,,,,43,0.14144736842105263,0.0,1.7142857142857149,1.8742430589937933,1.9999999999999993,2.0,0.972972972972973,0.9729729729729711,0.1073655611068934,17,0.17346938775510204,0.0,0.137926235973565,16,0.125,0.0,0.09214680115675178,10,0.1282051282051282,0.0,0.09651522371236773,0.10886275361422816
Boots of Astral Sanctuary,common,0,OMN212,"Generic, Equipment, Legs",https://prod-content.fabrary.io/cards/OMN212.webp,CTRdQTjDrHNjCDh9nnDGB,,,,,0,,,,"Generic, Equipment, Legs",,,Instant,,,,,"**Instant** - {t} your hero, destroy this: Prevent the next 1 damage that would be dealt to you this turn.",Generic Equipment - Legs,,,,,,,75,0.24671052631578946,0.0,1.7142857142857149,1.8742430589937933,1.9999999999999993,2.0,1.945945945945946,1.9459459459459423,0.13095471145372345,22,0.22448979591836735,0.0,0.11796402806582901,31,0.2421875,0.0,0.12927539760170725,22,0.28205128205128205,0.0,0.1502512525227116,0.1324968927300826
Browbeat (blue),mythic,3,OMN213,"Generic, Action, Attack",https://prod-content.fabrary.io/cards/OMN213.webp,RffddJzMgBmzDwQd6JCnf,Blue,3,0,1,3,,,,"Generic, Action, Attack",,,,,,,,This gets +1{p} for each card in your hand.,Generic Action - Attack,,,,No,No,,19,0.0625,0.051617191720255105,0.5536304346328936,0.45558331731693247,0.3662809917355372,0.32,0.32,0.4666666666666669,0.14608141348933554,4,0.04081632653061224,0.033131643228313475,0.0992280162177231,6,0.046875,0.038634944062575644,0.10845549380757576,9,0.11538461538461539,0.0961468257252968,0.2613921152693092,0.15635854176486938
Step Between (red),mythic,1,OMN214,"Generic, Action, Attack",https://prod-content.fabrary.io/cards/OMN214.webp,BFczG87kDHQnkhk8FmJnP,Red,1,0,4,2,,,,"Generic, Action, Attack",,,Instant,,,,,"""While this is attacking or on the stack, opponents can't play or activate instants.",,,,,,,,13,0.04276315789473684,0.03680615364739326,0.5536304346328936,0.45558331731693247,0.3662809917355372,0.4191735537190082,0.4191735537190082,0.5352380952380951,0.08833361218571746,5,0.05102040816326531,0.045399540935255216,0.10755396328474683,6,0.046875,0.040153368766650016,0.09662711920989912,2,0.02564102564102564,0.020516467884888936,0.0518313490720835,0.08533747718890981
Tempt Over (yellow),mythic,2,OMN215,"Generic, Action, Attack",https://prod-content.fabrary.io/cards/OMN215.webp,gQztCktdLJmWRdNfPNM6q,Yellow,2,0,3,3,,,,"Generic, Action, Attack",,Steal,,,,,,"When this attacks a hero, **steal** an aura token they control until end of turn.",Generic Action - Attack,,,,No,No,,11,0.03618421052631579,0.02960001053277491,0.5536304346328936,0.45558331731693247,0.3662809917355372,0.4191735537190082,0.4191735537190082,0.5352380952380951,0.07474382569560709,4,0.04081632653061224,0.033824340547029624,0.08604317062779747,4,0.03125,0.02569901315789473,0.06441807947326608,3,0.038461538461538464,0.030694155694155692,0.07774702360812524,0.0760694245697296
Ominous Aggression (red),rare,1,OMN216,"Generic, Instant",https://prod-content.fabrary.io/cards/OMN216.webp,LFBD7NtGwCjpmBCBkkpG8,Red,1,2,,,,,,"Generic, Instant",,,,,,,,"Target attack action card gets +2{p}. If an aura you control was destroyed this turn, instead the card gets +4{p}.",Generic Instant,,,,,No,,15,0.049342105263157895,0.04127175219715854,0.7731603341528761,0.7555256582740724,0.7778512396694216,0.7788317691553437,0.7788317691553437,0.7443502824858751,0.06431912977026835,9,0.09183673469387756,0.07789018116899267,0.11975196054469767,2,0.015625,0.01252003205128205,0.020335760685904872,4,0.05128205128205128,0.042446292446292444,0.06699286642056872,0.06902686255039042
Ominous Excavation (blue),rare,3,OMN217,"Generic, Instant",https://prod-content.fabrary.io/cards/OMN217.webp,MNTwwGcGgbWBPrnDdKtBb,Blue,3,0,,,,,,"Generic, Instant",,,,,,,,"""You may shuffle an instant card from your graveyard into your deck.",,,,,,,,23,0.0756578947368421,0.062453101057315254,0.7731603341528761,0.7555256582740724,0.7778512396694216,0.7788317691553437,0.7788317691553437,0.7443502824858751,0.0986226656477448,4,0.04081632653061224,0.03516557721989895,0.05322309357542118,15,0.1171875,0.0960017902545839,0.15251820514428654,4,0.05128205128205128,0.041683166683166684,0.06699286642056872,0.09091138838009215
Ominous Respite (yellow),rare,2,OMN218,"Generic, Instant",https://prod-content.fabrary.io/cards/OMN218.webp,dbpfNKKDCMKCPHDkL6BJf,Yellow,2,1,,,,,,"Generic, Instant",,,,,,,,"Gain 2{h}. If an aura you control was destroyed this turn, instead gain 3{h}.",Generic Instant,,,,,No,,35,0.11513157894736842,0.09567955479619002,0.7731603341528761,0.7555256582740724,0.7778512396694216,0.7788317691553437,0.7788317691553437,0.7443502824858751,0.1500779694639595,9,0.09183673469387756,0.07786017849771704,0.11975196054469767,22,0.171875,0.1409956026466282,0.2236933675449536,4,0.05128205128205128,0.04370320546791135,0.06699286642056872,0.13681273150340664
Conflicting Thoughts (red),common,1,OMN219,"Generic, Action, Attack",https://prod-content.fabrary.io/cards/OMN219.webp,bLTggK96grfrGWTLqGrqR,Red,1,0,4,3,,,,"Generic, Action, Attack",,Opt 1,,,,,,"When this attacks, **opt 1**.",Generic Action - Attack,,,,,,,66,0.21710526315789475,0.18557279888796857,2.1442160285944496,3.236880421631156,2.173988690735102,1.6889020070838252,1.3183137717897078,1.47542857142857,0.12304338314601683,20,0.20408163265306123,0.17841470979107613,0.11905162367851499,25,0.1953125,0.1631735986086073,0.10838345614301814,21,0.2692307692307692,0.23132395744250336,0.15246191598645983,0.12663233193599766
Conflicting Thoughts (yellow),common,2,OMN220,"Generic, Action, Attack",https://prod-content.fabrary.io/cards/OMN220.webp,Fk8qndNHLMFmd9HKQgqWb,Yellow,2,0,3,3,,,,"Generic, Action, Attack",,Opt 1,,,,,,"When this attacks, **opt 1**.",Generic Action - Attack,,,,,,,55,0.18092105263157895,0.15442867249022532,2.1442160285944496,3.236880421631156,2.173988690735102,1.6889020070838252,1.6006667129661785,1.7968571428571418,0.09334292419533621,18,0.1836734693877551,0.1605791228390268,0.09609010392734625,30,0.234375,0.19770959280017428,0.11959843608994361,7,0.08974358974358974,0.07567608359463562,0.04633871683251113,0.08734241894993366
Conflicting Thoughts (blue),common,3,OMN221,"Generic, Action, Attack",https://prod-content.fabrary.io/cards/OMN221.webp,FM6BwCnpcNT6TQCJmqWgf,Blue,3,0,2,3,,,,"Generic, Action, Attack",,Opt 1,,,,,,"When this attacks, **opt 1**.",Generic Action - Attack,,,,,,,55,0.18092105263157895,0.15406166441192215,2.1442160285944496,3.236880421631156,2.173988690735102,1.6889020070838252,1.3183137717897078,1.47542857142857,0.10253615262168068,20,0.20408163265306123,0.177564663060177,0.11905162367851499,23,0.1796875,0.15058027552585407,0.09971277965157668,12,0.15384615384615385,0.13024530428227737,0.08712109484940563,0.1019618327264991
Brush Off (red),common,1,OMN222,"Generic, Instant",https://prod-content.fabrary.io/cards/OMN222.webp,6fHc7b8L8fhK8GCqJTzrc,Red,1,0,,,,,,"Generic, Instant",,,,,,,,"The next time you would be dealt 3 or less damage this turn, prevent it.",Generic Instant,,,,,,,78,0.2565789473684211,0.21755404289386848,2.1442160285944496,3.0769230769230793,2.0,1.5,1.9764705882352938,2.2500000000000004,0.11942691902290879,20,0.20408163265306123,0.17623282100322915,0.09480793641264183,42,0.328125,0.275805278036996,0.1528891605237817,16,0.20512820512820512,0.17387867939338528,0.09554665040875036,0.11441458244839131
Brush Off (yellow),common,2,OMN223,"Generic, Instant",https://prod-content.fabrary.io/cards/OMN223.webp,H6HqHg669zTz9nb6qGdcg,Yellow,2,0,,,,,,"Generic, Instant",,,,,,,,"The next time you would be dealt 2 or less damage this turn, prevent it.",Generic Instant,,,,,,,44,0.14473684210526316,0.12187950154356568,2.1442160285944496,3.0769230769230793,2.0,1.5,0.847058823529412,0.9642857142857142,0.09959187296363332,14,0.14285714285714285,0.12105638109518015,0.10476416854140336,18,0.140625,0.11474327402273418,0.09278290673825192,12,0.15384615384615385,0.13462441085905583,0.10510790175454775,0.10088499234473434
Brush Off (blue),common,3,OMN224,"Generic, Instant",https://prod-content.fabrary.io/cards/OMN224.webp,6QFJz9JnJhnLBFrtJWh7t,Blue,3,0,,,,,,"Generic, Instant",,,,,,,,"The next time you would be dealt 1 damage this turn, prevent it.",Generic Instant,,,,,,,55,0.18092105263157895,0.1495521279356775,2.1442160285944496,3.0769230769230793,2.0,1.5,1.4117647058823528,1.6071428571428563,0.10046375876374858,14,0.14285714285714285,0.11765997540307262,0.08125686265173368,26,0.203125,0.1654584680840002,0.11094278495196191,15,0.19230769230769232,0.1635190434383695,0.10652430960177851,0.09957465240182471
Cracked Bauble (yellow),token,,SEA246,[],https://storage.googleapis.com/fabmaster/cardfaces/2025-SEA/EN/SEA246.png,Dbhn6rRcrbdRnKbqdPdwh,Yellow,2,,,,,,,"Generic, Resource",,,,,,,,*(A player may add any number of Cracked Baubles to their card-pool in sealed deck or booster draft formats.)*,Generic Resource,,,,,,,1,0.003289473684210526,0.003289473684210526,0.0,0.0,0.0,0.0,0.0,0.0,0.0,1,0.01020408163265306,0.01020408163265306,0.0,0,0.0,0.0,0.0,0,0.0,0.0,0.0,0.0
