Name,rarity,mana_cost,collector_number,type,image_url,Unique ID,Color,Pitch,Cost,Power,Defense,Health,Intelligence,Arcane,Types,Traits,Card Keywords,Abilities and Effects,Ability and Effect Keywords,Granted Keywords,Removed Keywords,Interacts with Keywords,Functional Text,Type Text,Card Played Horizontally,Blitz Legal,CC Legal,Silver Age Legal,Commoner Legal,LL Legal,total_count,average_count_per_deck,average_count_per_normalized_deck,draft_average_occurrence1,draft_average_occurrence2,pick_rate,Enigma_total_count,Enigma_average_count_per_deck,Enigma_average_count_per_normalized_deck,Enigma_pick_rate,Nuu_total_count,Nuu_average_count_per_deck,Nuu_average_count_per_normalized_deck,Nuu_pick_rate,Zen_total_count,Zen_average_count_per_deck,Zen_average_count_per_normalized_deck,Zen_pick_rate,weighted_pick_rate
Heirloom of Snake Hide,rare,0,MST005,"Mystic, Assassin, Equipment, Chest",https://storage.googleapis.com/fabmaster/cardfaces/2024-MST/EN/MST005.png,wqzWn8rMcWhGwNQfKtWtG,,,,,2,,,,"Mystic, Assassin, Equipment, Chest",,"Cloaked, Battleworn",,,,,,"""**Cloaked**",,,,,,,,43,0.08977035490605428,0.0,0.8047982222222227,0.8045213333333332,0.1115662852829804,0,0.0,0.0,0.0,43,0.2905405405405405,0.0,0.3610792447014895,0,0.0,0.0,0.0,0.12035974823382983
Arousing Wave,common,0,MST006,special,https://storage.googleapis.com/fabmaster/cardfaces/2024-MST/EN/MST006.png,z6hzjr7zdqfrh8nQMf6CH,,,,,1,,,,"Mystic, Assassin, Equipment, Arms",,Battleworn,Attack Reaction,,,,,"""**Attack Reaction** - {r}, destroy this: Create a Fang Strike in your hand.",,,,,,,,91,0.18997912317327767,0.0,1.8941635542857134,1.2000000000000002,0.12751657626610208,0,0.0,0.0,0.0,91,0.6148648648648649,0.0,0.4073141179835838,0,0.0,0.0,0.0,0.1357713726611946
Undertow Stilettos,common,0,MST007,special,https://storage.googleapis.com/fabmaster/cardfaces/2024-MST/EN/MST007.png,7FKzc7kNTqjg78RNqwM77,,,,,1,,,,"Mystic, Assassin, Equipment, Legs",,Battleworn,Attack Reaction,,,,,"""**Attack Reaction** - {r}, destroy this: Create a Slither in your hand.",,,,,,,,83,0.1732776617954071,0.0,1.8941635542857134,1.2000000000000002,0.11630632780314804,0,0.0,0.0,0.0,83,0.5608108108108109,0.0,0.37150628343557646,0,0.0,0.0,0.0,0.12383542781185881
Gorgon's Gaze (yellow),mythic,2,MST008,"Mystic, Assassin, Attack Reaction",https://storage.googleapis.com/fabmaster/cardfaces/2024-MST/EN/MST008.png,tFjCKTzpnNCbMGwgtMjFn,Yellow,2,2,,3,,,,"Mystic, Assassin, Attack Reaction",,,,,,,,"""Create a Slither in your hand.",,,,,,,,7,0.014613778705636743,0.012808155146666752,0.2051822222222222,0.21044711111111114,0.07017460252013527,0,0.0,0.0,0.0,7,0.0472972972972973,0.04145342104900929,0.22728239579369117,0,0.0,0.0,0.0,0.07576079859789706
Siren's Call (red),mythic,1,MST009,"Mystic, Assassin, Attack Reaction",https://storage.googleapis.com/fabmaster/cardfaces/2024-MST/EN/MST009.png,bczQzLRqRKQpkCBHmTCHf,Red,1,1,,3,,,,"Mystic, Assassin, Attack Reaction",,,,,,,,"Look at the defending hero's hand and choose a blue card. Add it to this chain link as a defending card. If you do, draw a card.",Mystic Assassin Attack Reaction,,,,No,No,,7,0.014613778705636743,0.012347291175732782,0.2051822222222222,0.21044711111111114,0.07017460252013527,0,0.0,0.0,0.0,7,0.0472972972972973,0.03996184103497299,0.22728239579369117,0,0.0,0.0,0.0,0.07576079859789706
Sacred Art: Undercurrent Desires (blue),mythic,3,MST010,"Mystic, Assassin, Instant",https://storage.googleapis.com/fabmaster/cardfaces/2024-MST/EN/MST010.png,c8CdW9QBrMJPh6nwJGJ6Q,Blue,3,3,,,,,,"Mystic, Assassin, Instant",,"Legendary, Transcend",,,,,,"""**Legendary**",,,,,,,,16,0.033402922755741124,0.02934089249651722,0.2051822222222222,0.1687351111111111,0.18158389640566078,0,0.0,0.0,0.0,16,0.10810810810810811,0.09496140206643074,0.5844043137609619,0,0.0,0.0,0.0,0.19480143792032065
Tide Chakra (red),rare,1,MST011,"Mystic, Assassin, Attack Reaction",https://storage.googleapis.com/fabmaster/cardfaces/2024-MST/EN/MST011.png,ftdRwjTPb9PNhfpfMMkzC,Red,1,1,,3,,,,"Mystic, Assassin, Attack Reaction",,,,,,,Transcend,"Target Assassin or Mystic attack action card gets +3{p}. If you've **transcended** this turn, instead it gets +5{p}.",Mystic Assassin Attack Reaction,,,,,No,,38,0.07933194154488518,0.0683274226069297,0.9162024888888891,0.9151058666666666,0.08664819008767004,0,0.0,0.0,0.0,38,0.25675675675675674,0.22114077992377926,0.2804261540820297,0,0.0,0.0,0.0,0.0934753846940099
Tide Chakra (yellow),rare,2,MST012,"Mystic, Assassin, Attack Reaction",https://storage.googleapis.com/fabmaster/cardfaces/2024-MST/EN/MST012.png,M78m9cmqphb7hgLRWJmT9,Yellow,2,1,,3,,,,"Mystic, Assassin, Attack Reaction",,,,,,,Transcend,"Target Assassin or Mystic attack action card gets +2{p}. If you've **transcended** this turn, instead it gets +4{p}.",Mystic Assassin Attack Reaction,,,,,No,,21,0.04384133611691023,0.03871371828686245,0.9162024888888891,0.9151058666666666,0.047884526101080814,0,0.0,0.0,0.0,21,0.14189189189189189,0.12529642607707508,0.1549723483084901,0,0.0,0.0,0.0,0.05165744943616337
Tide Chakra (blue),rare,3,MST013,"Mystic, Assassin, Attack Reaction",https://storage.googleapis.com/fabmaster/cardfaces/2024-MST/EN/MST013.png,rtWWzqfqCGrRG9LHzKmgD,Blue,3,1,,3,,,,"Mystic, Assassin, Attack Reaction",,,,,,,Transcend,"Target Assassin or Mystic attack action card gets +1{p}. If you've **transcended** this turn, instead it gets +3{p}.",Mystic Assassin Attack Reaction,,,,,No,,36,0.07515657620041753,0.06650916450687189,0.9162024888888891,0.9151058666666666,0.08208775903042426,0,0.0,0.0,0.0,36,0.24324324324324326,0.2152560121539975,0.2656668828145544,0,0.0,0.0,0.0,0.08855562760485147
Hiss (red),common,1,MST014,special,https://storage.googleapis.com/fabmaster/cardfaces/2024-MST/EN/MST014.png,nhqPkqkWqbcjBCWG6RrFq,Red,1,1,,3,,,,"Mystic, Assassin, Attack Reaction",,,,,,,,"""Target Assassin or Mystic attack action card gets +3{p}.",,,,,,,,166,0.3465553235908142,0.29975785571314095,2.779459440000001,2.8090748093023254,0.12391538951605292,0,0.0,0.0,0.0,166,1.1216216216216217,0.9701622492337467,0.4011711709938104,0,0.0,0.0,0.0,0.13372372366460347
Hiss (yellow),common,2,MST015,special,https://storage.googleapis.com/fabmaster/cardfaces/2024-MST/EN/MST015.png,KWTp66RpbjrmqQPg87jbm,Yellow,2,1,,3,,,,"Mystic, Assassin, Attack Reaction",,,,,,,,"""Target Assassin or Mystic attack action card gets +2{p}.",,,,,,,,76,0.15866388308977036,0.13744410812185387,1.4796686400000003,1.5093200093023253,0.1059921829048216,0,0.0,0.0,0.0,76,0.5135135135135135,0.44483599858356754,0.34323541770330934,0,0.0,0.0,0.0,0.11441180590110311
Hiss (blue),common,3,MST016,special,https://storage.googleapis.com/fabmaster/cardfaces/2024-MST/EN/MST016.png,8tzjQqHmRDzCTppjNRd9w,Blue,3,1,,3,,,,"Mystic, Assassin, Attack Reaction",,,,,,,,"""Target Assassin or Mystic attack action card gets +1{p}.",,,,,,,,125,0.2609603340292276,0.22566943564319475,2.779459440000001,2.8090748093023254,0.09330978126208804,0,0.0,0.0,0.0,125,0.8445945945945946,0.7303760788722317,0.3020867251459416,0,0.0,0.0,0.0,0.10069557504864719
Intimate Inducement (red),common,1,MST017,"Mystic, Assassin, Attack Reaction",https://storage.googleapis.com/fabmaster/cardfaces/2024-MST/EN/MST017.png,fn6R8HkftTRfr6dD8Gfgh,Red,1,0,,3,,,,"Mystic, Assassin, Attack Reaction",,,,,,,,"""Target Assassin or Mystic attack action card gets +1{p}.",,,,,,,,116,0.24217118997912318,0.2114097284878661,2.779459440000001,2.8090748093023254,0.08659147701121771,0,0.0,0.0,0.0,116,0.7837837837837838,0.6842247293627558,0.2803364809354338,0,0.0,0.0,0.0,0.0934454936451446
Intimate Inducement (yellow),common,2,MST018,"Mystic, Assassin, Attack Reaction",https://storage.googleapis.com/fabmaster/cardfaces/2024-MST/EN/MST018.png,jrBknpNwPbrNbzmfKMnKw,Yellow,2,0,,3,,,,"Mystic, Assassin, Attack Reaction",,,,,,,,"""Target Assassin or Mystic attack action card gets +1{p}.",,,,,,,,62,0.12943632567849686,0.11312880325180255,1.4796686400000003,1.5093200093023253,0.08646730710656499,0,0.0,0.0,0.0,62,0.4189189189189189,0.36613984295684743,0.2800078407579629,0,0.0,0.0,0.0,0.09333594691932097
Intimate Inducement (blue),common,3,MST019,"Mystic, Assassin, Attack Reaction",https://storage.googleapis.com/fabmaster/cardfaces/2024-MST/EN/MST019.png,b8WGTGmWNGDdGwCWP7r66,Blue,3,0,,3,,,,"Mystic, Assassin, Attack Reaction",,,,,,,,"""Target Assassin or Mystic attack action card gets +1{p}.",,,,,,,,159,0.33194154488517746,0.28996157513132925,2.779459440000001,2.8090748093023254,0.118690041765376,0,0.0,0.0,0.0,159,1.0743243243243243,0.9384567195128831,0.3842543143856377,0,0.0,0.0,0.0,0.12808477146187922
Venomous Bite (red),common,1,MST020,"Mystic, Assassin, Attack Reaction",https://storage.googleapis.com/fabmaster/cardfaces/2024-MST/EN/MST020.png,j98tFFFhRFtLffgcWMp9W,Red,1,1,,3,,,,"Mystic, Assassin, Attack Reaction",,,,,,,,"""Target Assassin or Mystic attack action card gets +3{p}.",,,,,,,,182,0.37995824634655534,0.3295021082310705,2.779459440000001,2.8090748093023254,0.1358590415176002,0,0.0,0.0,0.0,182,1.2297297297297298,1.0664291205586673,0.4398382718124909,0,0.0,0.0,0.0,0.1466127572708303
Venomous Bite (yellow),common,2,MST021,"Mystic, Assassin, Attack Reaction",https://storage.googleapis.com/fabmaster/cardfaces/2024-MST/EN/MST021.png,9wKjt69bgRQjH79KWdJGn,Yellow,2,1,,3,,,,"Mystic, Assassin, Attack Reaction",,,,,,,,"""Target Assassin or Mystic attack action card gets +2{p}.",,,,,,,,84,0.17536534446764093,0.15307189191489287,1.4796686400000003,1.5093200093023253,0.11714925478953966,0,0.0,0.0,0.0,84,0.5675675675675675,0.49541510964347085,0.3793654616720788,0,0.0,0.0,0.0,0.12645515389069292
Venomous Bite (blue),common,3,MST022,"Mystic, Assassin, Attack Reaction",https://storage.googleapis.com/fabmaster/cardfaces/2024-MST/EN/MST022.png,ktngNfHpLWzFFqzbFCFct,Blue,3,1,,3,,,,"Mystic, Assassin, Attack Reaction",,,,,,,,"""Target Assassin or Mystic attack action card gets +1{p}.",,,,,,,,129,0.26931106471816285,0.23349686771128497,2.779459440000001,2.8090748093023254,0.09629569426247486,0,0.0,0.0,0.0,129,0.8716216216216216,0.7557094569844967,0.31175350035061167,0,0.0,0.0,0.0,0.10391783345020389
Heirloom of Rabbit Hide,rare,0,MST028,special,https://storage.googleapis.com/fabmaster/cardfaces/2024-MST/EN/MST028.png,z7HGHDCwMDgBmhdhTnRhW,,,,,,,,,"Mystic, Illusionist, Equipment, Chest",,"Cloaked, Ward 4",,,,,,"""**Cloaked**",,,,,,,,28,0.05845511482254697,0.0,0.8047982222222227,0.8045213333333332,0.0726478136726384,28,0.18666666666666668,0.0,0.23199114939771928,0,0.0,0.0,0.0,0,0.0,0.0,0.0,0.0773303831325731
Truths Retold,common,0,MST029,special,https://storage.googleapis.com/fabmaster/cardfaces/2024-MST/EN/MST029.png,WnPNGc8HLQHhbFKFrLkPM,,,,,,,,,"Mystic, Illusionist, Equipment, Head",,"Cloaked, Ward 1",Instant,,,,,"""**Cloaked**",,,,,,,,85,0.17745302713987474,0.0,1.8941635542857134,1.6,0.10300124908004826,85,0.5666666666666667,0.0,0.33066019057741447,0,0.0,0.0,0.0,0,0.0,0.0,0.0,0.11022006352580482
Uphold Tradition,common,0,MST030,special,https://storage.googleapis.com/fabmaster/cardfaces/2024-MST/EN/MST030.png,dH8jGBhdrCK7gbf9NhtGJ,,,,,,,,,"Mystic, Illusionist, Equipment, Arms",,"Cloaked, Ward 1",Instant,,,,Ward,"""**Cloaked**",,,,,,,,98,0.2045929018789144,0.0,1.8941635542857134,1.6,0.11875438129229093,98,0.6533333333333333,0.0,0.3812317491363132,0,0.0,0.0,0.0,0,0.0,0.0,0.0,0.1270772497121044
Manifestation of Miragai (blue),mythic,3,MST031,"Mystic, Illusionist, Instant, Aura",https://storage.googleapis.com/fabmaster/cardfaces/2024-MST/EN/MST031.png,f8QrwNNrtgKcB8MwLRQh8,Blue,3,3,,,,,,"Mystic, Illusionist, Instant, Aura",,Ward X,,,,,,"""This enters the arena with two +1{p} counters. If a Chi was pitched to play this, instead this enters the arena with four +1{p} counters.",,,,,,,,14,0.029227557411273485,0.025171908115847692,0.2051822222222222,0.21044711111111114,0.14034920504027054,14,0.09333333333333334,0.0803822932499403,0.4478322870075522,0,0.0,0.0,0.0,0,0.0,0.0,0.0,0.1492774290025174
Sacred Art: Immortal Lunar Shrine (blue),mythic,3,MST032,"Mystic, Illusionist, Instant",https://storage.googleapis.com/fabmaster/cardfaces/2024-MST/EN/MST032.png,cdb8cTqP9MRgwqr7Q6rHQ,Blue,3,3,,,,,,"Mystic, Illusionist, Instant",,"Legendary, Transcend",,,,,Ward,"""**Legendary**",,,,,,,,11,0.022964509394572025,0.019930491470464454,0.2051822222222222,0.1687351111111111,0.12483892877889179,11,0.07333333333333333,0.06364470276234982,0.40110560587139527,0,0.0,0.0,0.0,0,0.0,0.0,0.0,0.13370186862379843
Three Visits (red),mythic,1,MST033,"Mystic, Illusionist, Instant, Aura",https://storage.googleapis.com/fabmaster/cardfaces/2024-MST/EN/MST033.png,dJbhLJjdgzzQg7rtmnP9k,Red,1,3,,,,,,"Mystic, Illusionist, Instant, Aura",,Ward X,,,,,,"**Ward X**, where X is three times the number of blue cards you've pitched this turn.",Mystic Illusionist Instant - Aura,,,,No,No,,8,0.016701461377870562,0.01373227969206433,0.2051822222222222,0.21044711111111114,0.08019954573729746,8,0.05333333333333334,0.043851746483325425,0.25590416400431554,0,0.0,0.0,0.0,0,0.0,0.0,0.0,0.08530138800143851
Moon Chakra (red),rare,1,MST034,"Mystic, Illusionist, Instant",https://storage.googleapis.com/fabmaster/cardfaces/2024-MST/EN/MST034.png,pDpQ79NgQN6MQtz9zQrCW,Red,1,0,,,,,,"Mystic, Illusionist, Instant",,,,,,,Transcend,"The next time you would be dealt damage this turn, prevent 3 of that damage. If you've **transcended** this turn, instead prevent 5.",Mystic Illusionist Instant,,,,,No,,41,0.08559498956158663,0.07234030298682212,0.9162024888888891,0.9151058666666666,0.09348883667353873,41,0.2733333333333333,0.23100670087125194,0.2985520572804456,0,0.0,0.0,0.0,0,0.0,0.0,0.0,0.0995173524268152
Moon Chakra (yellow),rare,2,MST035,"Mystic, Illusionist, Instant",https://storage.googleapis.com/fabmaster/cardfaces/2024-MST/EN/MST035.png,hpqCzzRJJHRhkWLcL8QDh,Yellow,2,0,,,,,,"Mystic, Illusionist, Instant",,,,,,,Transcend,"The next time you would be dealt damage this turn, prevent 2 of that damage. If you've **transcended** this turn, instead prevent 4.",Mystic Illusionist Instant,,,,,No,,26,0.054279749478079335,0.04615786495726968,0.9162024888888891,0.9151058666666666,0.059285603744195295,26,0.17333333333333334,0.14739744876354785,0.18932569486077036,0,0.0,0.0,0.0,0,0.0,0.0,0.0,0.06310856495359012
Moon Chakra (blue),rare,3,MST036,"Mystic, Illusionist, Instant",https://storage.googleapis.com/fabmaster/cardfaces/2024-MST/EN/MST036.png,CNcQBLQccWPfJdd8Dm86g,Blue,3,0,,,,,,"Mystic, Illusionist, Instant",,,,,,,Transcend,"The next time you would be dealt damage this turn, prevent 1 of that damage. If you've **transcended** this turn, instead prevent 3.",Mystic Illusionist Instant,,,,,No,,48,0.10020876826722339,0.08463966043773045,0.9162024888888891,0.9151058666666666,0.109450345373899,48,0.32,0.2702826489978193,0.3495243597429607,0,0.0,0.0,0.0,0,0.0,0.0,0.0,0.11650811991432024
Haze Shelter (red),common,1,MST037,"Mystic, Illusionist, Instant, Aura",https://storage.googleapis.com/fabmaster/cardfaces/2024-MST/EN/MST037.png,LngwQzcgtkJQfCQ7PkP9h,Red,1,2,,,,,,"Mystic, Illusionist, Instant, Aura",,Ward X,,,,,,"**Ward X**, where X is 4 if you've pitched a blue card this turn, otherwise X is 1.",Mystic Illusionist Instant - Aura,,,,,,,128,0.267223382045929,0.22725209616113645,2.779961040000001,2.809647209302325,0.09553067360645467,128,0.8533333333333334,0.7256916937412291,0.304961375949323,0,0.0,0.0,0.0,0,0.0,0.0,0.0,0.10165379198310766
Haze Shelter (yellow),common,2,MST038,"Mystic, Illusionist, Instant, Aura",https://storage.googleapis.com/fabmaster/cardfaces/2024-MST/EN/MST038.png,DpC7pdbKCcfcgDRCNHkch,Yellow,2,2,,,,,,"Mystic, Illusionist, Instant, Aura",,Ward X,,,,,,"**Ward X**, where X is 3 if you've pitched a blue card this turn, otherwise X is 1.",Mystic Illusionist Instant - Aura,,,,,,,38,0.07933194154488518,0.06899089937718529,1.4799194400000009,1.5096062093023253,0.05298648415051811,38,0.25333333333333335,0.2203109386778117,0.1691000017666939,0,0.0,0.0,0.0,0,0.0,0.0,0.0,0.056366667255564634
Haze Shelter (blue),common,3,MST039,"Mystic, Illusionist, Instant, Aura",https://storage.googleapis.com/fabmaster/cardfaces/2024-MST/EN/MST039.png,CGJMGJrWtt9qWQ6zfJHWK,Blue,3,2,,,,,,"Mystic, Illusionist, Instant, Aura",,Ward X,,,,,,"**Ward X**, where X is 2 if you've pitched a blue card this turn, otherwise X is 1.",Mystic Illusionist Instant - Aura,,,,,,,68,0.1419624217118998,0.12128017121165903,2.779961040000001,2.809647209302325,0.05075067035342905,68,0.4533333333333333,0.38728801340256447,0.16201073097307783,0,0.0,0.0,0.0,0,0.0,0.0,0.0,0.054003576991025946
Waning Vengeance (red),common,1,MST040,special,https://storage.googleapis.com/fabmaster/cardfaces/2024-MST/EN/MST040.png,RRwGHgbnNGFT7PDPDwkDG,Red,1,1,,,,,,"Mystic, Illusionist, Instant, Aura",,Ward 3,,,,,,"""When this leaves the arena, if you've pitched a blue card this turn, create a Spectral Shield token.",,,,,,,,170,0.35490605427974947,0.30164265636733095,2.779961040000001,2.809647209302325,0.12687667588357263,170,1.1333333333333333,0.9632455493330102,0.40502682743269464,0,0.0,0.0,0.0,0,0.0,0.0,0.0,0.13500894247756487
Waning Vengeance (yellow),common,2,MST041,special,https://storage.googleapis.com/fabmaster/cardfaces/2024-MST/EN/MST041.png,FJjmNKzKjz7PLCpF8Bg8Q,Yellow,2,1,,,,,,"Mystic, Illusionist, Instant, Aura",,Ward 2,,,,,,"""When this leaves the arena, if you've pitched a blue card this turn, create a Spectral Shield token.",,,,,,,,53,0.11064718162839249,0.09454440972591856,1.4799194400000009,1.5096062093023253,0.07390220157835421,53,0.35333333333333333,0.30191181505809994,0.23585000246407306,0,0.0,0.0,0.0,0,0.0,0.0,0.0,0.07861666748802436
Waning Vengeance (blue),common,3,MST042,special,https://storage.googleapis.com/fabmaster/cardfaces/2024-MST/EN/MST042.png,Rhc9fGptBBhtNFDWbKGW8,Blue,3,1,,,,,,"Mystic, Illusionist, Instant, Aura",,Ward 1,,,,,,"""When this leaves the arena, if you've pitched a blue card this turn, create a Spectral Shield token.",,,,,,,,89,0.18580375782881003,0.15583385676887035,2.779961040000001,2.809647209302325,0.06642367149198802,89,0.5933333333333334,0.497629449281926,0.21204345671476366,0,0.0,0.0,0.0,0,0.0,0.0,0.0,0.07068115223825455
Waxing Specter (red),common,1,MST043,"Mystic, Illusionist, Instant, Aura",https://storage.googleapis.com/fabmaster/cardfaces/2024-MST/EN/MST043.png,Lb7B6FTJbHFtCfcLm9dJh,Red,1,2,,,,,,"Mystic, Illusionist, Instant, Aura",,Ward 3,,,,,,"""If you've pitched a blue card this turn, this enters the arena with a +1{p} counter.",,,,,,,,187,0.3903966597077244,0.32944523078768184,2.779961040000001,2.809647209302325,0.1395643434719299,187,1.2466666666666666,1.0520284369819972,0.4455295101759641,0,0.0,0.0,0.0,0,0.0,0.0,0.0,0.14850983672532136
Waxing Specter (yellow),common,2,MST044,"Mystic, Illusionist, Instant, Aura",https://storage.googleapis.com/fabmaster/cardfaces/2024-MST/EN/MST044.png,FkbNjBJDf96DKNfNWk8Nr,Yellow,2,2,,,,,,"Mystic, Illusionist, Instant, Aura",,Ward 2,,,,,,"""If you've pitched a blue card this turn, this enters the arena with a +1{p} counter.",,,,,,,,69,0.1440501043841336,0.12177635789617668,1.4799194400000009,1.5096062093023253,0.09621230016804605,69,0.46,0.38887250288179087,0.3070500032079442,0,0.0,0.0,0.0,0,0.0,0.0,0.0,0.10235000106931473
Waxing Specter (blue),common,3,MST045,"Mystic, Illusionist, Instant, Aura",https://storage.googleapis.com/fabmaster/cardfaces/2024-MST/EN/MST045.png,hQGwctG9wQDRPbNzJWTnW,Blue,3,2,,,,,,"Mystic, Illusionist, Instant, Aura",,Ward 1,,,,,,"""If you've pitched a blue card this turn, this enters the arena with a +1{p} counter.",,,,,,,,77,0.16075156576200417,0.13654758189335836,2.779961040000001,2.809647209302325,0.05746767084138289,77,0.5133333333333333,0.43604194484612435,0.18345332771951461,0,0.0,0.0,0.0,0,0.0,0.0,0.0,0.06115110923983821
Heirloom of Tiger Hide,rare,0,MST049,special,https://storage.googleapis.com/fabmaster/cardfaces/2024-MST/EN/MST049.png,6F7r7J6hRpwwH8hrtjdTp,,,,,3,,,,"Mystic, Ninja, Equipment, Chest",,"Cloaked, Blade Break",,,,,,"""**Cloaked**",,,,,,,,62,0.12943632567849686,0.0,0.8047982222222227,0.8045213333333332,0.1608630159894136,0,0.0,0.0,0.0,0,0.0,0.0,0.0,62,0.3425414364640884,0.0,0.42570896281333326,0.14190298760444442
Stride of Reprisal,common,0,MST050,special,https://storage.googleapis.com/fabmaster/cardfaces/2024-MST/EN/MST050.png,DhKMQzczm7mmf9HnhWhdL,,,,,1,,,,"Mystic, Ninja, Equipment, Legs",,Blade Break,,,,,,"""When this defends, create a Crouching Tiger in your hand.",,,,,,,,129,0.26931106471816285,0.0,1.8941635542857134,1.2000000000000002,0.1807652564651337,0,0.0,0.0,0.0,0,0.0,0.0,0.0,129,0.712707182320442,0.0,0.47785488917573415,0.15928496305857806
Tooth and Claw (red),mythic,1,MST051,"Mystic, Ninja, Action, Attack",https://storage.googleapis.com/fabmaster/cardfaces/2024-MST/EN/MST051.png,cLkt677NMWGgPTNCBcJjn,Red,1,0,4,3,,,,"Mystic, Ninja, Action, Attack",,Go again,,,,,,"When this attacks, you may reveal any number of Crouching Tigers from your hand. If you reveal 1 or more, this gets **go again**. 2 or more, this gets +1{p}. 3 or more, draw a card.",Mystic Ninja Action - Attack,,,,No,No,,19,0.03966597077244259,0.03487358722626204,0.2051822222222222,0.21044711111111114,0.19047392112608144,0,0.0,0.0,0.0,0,0.0,0.0,0.0,19,0.10497237569060773,0.09228976951038406,0.5041018561678896,0.1680339520559632
Shifting Winds of the Mystic Beast (blue),mythic,3,MST052,"Mystic, Ninja, Action",https://storage.googleapis.com/fabmaster/cardfaces/2024-MST/EN/MST052.png,WznLQmk7B6QQKMmT6TJJC,Blue,3,1,,3,,,,"Mystic, Ninja, Action",,Go again,,,,,,"""Whenever you play a Crouching Tiger this turn, name a card. It gets that name.",,,,,,,,12,0.025052192066805846,0.02162289535162264,0.2051822222222222,0.21044711111111114,0.12029931860594618,0,0.0,0.0,0.0,0,0.0,0.0,0.0,12,0.06629834254143646,0.05722302140015052,0.31838011968498287,0.10612670656166096
Sacred Art: Jade Tiger Domain (blue),mythic,3,MST053,"Mystic, Ninja, Instant",https://storage.googleapis.com/fabmaster/cardfaces/2024-MST/EN/MST053.png,GJzhGm6bb6gW8nMBgQRbz,Blue,3,3,,,,,,"Mystic, Ninja, Instant",,"Legendary, Transcend",,,,,,"""**Legendary**",,,,,,,,12,0.025052192066805846,0.022484876984140156,0.2051822222222222,0.1687351111111111,0.1361879223042456,0,0.0,0.0,0.0,0,0.0,0.0,0.0,12,0.06629834254143646,0.059504177212172014,0.3602409771976801,0.12008032573256004
Wind Chakra (red),rare,1,MST054,"Mystic, Ninja, Action",https://storage.googleapis.com/fabmaster/cardfaces/2024-MST/EN/MST054.png,KRLHmjMcJTWNdrHrHqbkt,Red,1,0,,3,,,,"Mystic, Ninja, Action",,Go again,,,,,Transcend,"""The next Crouching Tiger you play this turn gets +3{p}. If you've **transcended** this turn, instead it gets +5{p}.",,,,,,,,55,0.11482254697286012,0.0996375969771111,0.9162024888888891,0.9151058666666666,0.12541185407425928,0,0.0,0.0,0.0,0,0.0,0.0,0.0,55,0.30386740331491713,0.26368181741456476,0.3318901038751015,0.11063003462503383
Wind Chakra (yellow),rare,2,MST055,"Mystic, Ninja, Action",https://storage.googleapis.com/fabmaster/cardfaces/2024-MST/EN/MST055.png,MpfqmCMGhHCTwgQKRdDGW,Yellow,2,0,,3,,,,"Mystic, Ninja, Action",,Go again,,,,,Transcend,"""The next Crouching Tiger you play this turn gets +2{p}. If you've **transcended** this turn, instead it gets +4{p}.",,,,,,,,36,0.07515657620041753,0.06581134037301667,0.9162024888888891,0.9151058666666666,0.08208775903042426,0,0.0,0.0,0.0,0,0.0,0.0,0.0,36,0.19889502762430938,0.17416371292085628,0.21723715890006642,0.07241238630002214
Wind Chakra (blue),rare,3,MST056,"Mystic, Ninja, Action",https://storage.googleapis.com/fabmaster/cardfaces/2024-MST/EN/MST056.png,6mR8hhpB9hT6wf9QbWnrd,Blue,3,0,,3,,,,"Mystic, Ninja, Action",,Go again,,,,,Transcend,"""The next Crouching Tiger you play this turn gets +2{p}. If you've **transcended** this turn, instead it gets +4{p}.",,,,,,,,64,0.1336116910229645,0.11563047981732259,0.9162024888888891,0.9151058666666666,0.14593379383186533,0,0.0,0.0,0.0,0,0.0,0.0,0.0,64,0.35359116022099446,0.3060055239364504,0.38619939360011807,0.12873313120003935
Companion of the Claw (red),common,1,MST057,"Mystic, Ninja, Action, Attack",https://storage.googleapis.com/fabmaster/cardfaces/2024-MST/EN/MST057.png,6h97MQcbc89bqd99BGRht,Red,1,2,4,2,,,,"Mystic, Ninja, Action, Attack",,Go again,,,,,,"""When this attacks, if you've pitched a blue card this turn, create a Crouching Tiger in your hand.",,,,,,,,170,0.35490605427974947,0.30937409140750766,2.7799334400000006,2.8100456093023256,0.12686667398363247,0,0.0,0.0,0.0,0,0.0,0.0,0.0,170,0.9392265193370166,0.8187303302994264,0.33574959120033954,0.11191653040011318
Companion of the Claw (yellow),common,2,MST058,"Mystic, Ninja, Action, Attack",https://storage.googleapis.com/fabmaster/cardfaces/2024-MST/EN/MST058.png,6hwzWtTQ8pPqmNwL9dDFP,Yellow,2,2,3,2,,,,"Mystic, Ninja, Action, Attack",,Go again,,,,,,"""When this attacks, if you've pitched a blue card this turn, create a Crouching Tiger in your hand.",,,,,,,,52,0.10855949895615867,0.09336308252804612,1.4799056400000008,1.5098054093023259,0.07250248084434847,0,0.0,0.0,0.0,0,0.0,0.0,0.0,52,0.287292817679558,0.24707688691123808,0.19188022190644757,0.06396007396881585
Companion of the Claw (blue),common,3,MST059,"Mystic, Ninja, Action, Attack",https://storage.googleapis.com/fabmaster/cardfaces/2024-MST/EN/MST059.png,KhmFwJF7JFP9W9c6C8brQ,Blue,3,2,2,2,,,,"Mystic, Ninja, Action, Attack",,Go again,,,,,,"""When this attacks, if you've pitched a blue card this turn, create a Crouching Tiger in your hand.",,,,,,,,143,0.2985386221294363,0.2589604941388735,2.7799334400000006,2.8100456093023256,0.10671726105682025,0,0.0,0.0,0.0,0,0.0,0.0,0.0,143,0.7900552486187845,0.6853153408426542,0.2824246561273444,0.09414155204244813
Harmony of the Hunt (red),common,1,MST060,"Mystic, Ninja, Action, Attack",https://storage.googleapis.com/fabmaster/cardfaces/2024-MST/EN/MST060.png,8DknMpTdzFbMdjpRhkWLm,Red,1,1,3,2,,,,"Mystic, Ninja, Action, Attack",,Go again,,,,,,"""When this attacks, if you've pitched a blue card this turn, create a Crouching Tiger in your hand.",,,,,,,,202,0.42171189979123175,0.36751612720925403,2.7799334400000006,2.8100456093023256,0.15074745967466918,0,0.0,0.0,0.0,0,0.0,0.0,0.0,202,1.1160220994475138,0.9725979278079153,0.3989495142498152,0.13298317141660507
Harmony of the Hunt (yellow),common,2,MST061,"Mystic, Ninja, Action, Attack",https://storage.googleapis.com/fabmaster/cardfaces/2024-MST/EN/MST061.png,6mDWM8jqfRP6NNLrcNjtQ,Yellow,2,1,2,2,,,,"Mystic, Ninja, Action, Attack",,Go again,,,,,,"""When this attacks, if you've pitched a blue card this turn, create a Crouching Tiger in your hand.",,,,,,,,79,0.1649269311064718,0.1453252829691148,1.4799056400000008,1.5098054093023259,0.11014799974429865,0,0.0,0.0,0.0,0,0.0,0.0,0.0,79,0.43646408839779005,0.3845901134928507,0.291510337127103,0.097170112375701
Harmony of the Hunt (blue),common,3,MST062,"Mystic, Ninja, Action, Attack",https://storage.googleapis.com/fabmaster/cardfaces/2024-MST/EN/MST062.png,96qhpHbkmGTNFKQNjFrwq,Blue,3,1,1,2,,,,"Mystic, Ninja, Action, Attack",,Go again,,,,,,"""When this attacks, if you've pitched a blue card this turn, create a Crouching Tiger in your hand.",,,,,,,,162,0.33820459290187893,0.29253903873273934,2.7799334400000006,2.8100456093023256,0.1208964775608733,0,0.0,0.0,0.0,0,0.0,0.0,0.0,162,0.8950276243093923,0.7741778980827743,0.3199496104379706,0.1066498701459902
Tiger Form Incantation (red),common,1,MST063,"Mystic, Ninja, Action",https://storage.googleapis.com/fabmaster/cardfaces/2024-MST/EN/MST063.png,9LHQHHBhKFcRGcNT779m8,Red,1,1,,3,,,,"Mystic, Ninja, Action",,Go again,,,,,,"""The next Crouching Tiger you play this turn gets +3{p}.",,,,,,,,220,0.4592901878914405,0.3935648048793726,2.7799334400000006,2.8100456093023256,0.16418040162587733,0,0.0,0.0,0.0,0,0.0,0.0,0.0,220,1.2154696132596685,1.0415333786586711,0.43449947096514524,0.14483315698838176
Tiger Form Incantation (yellow),common,2,MST064,"Mystic, Ninja, Action",https://storage.googleapis.com/fabmaster/cardfaces/2024-MST/EN/MST064.png,PmCBczjbM8CQHRBjmcq9D,Yellow,2,1,,3,,,,"Mystic, Ninja, Action",,Go again,,,,,,"""The next Crouching Tiger you play this turn gets +2{p}.",,,,,,,,78,0.162839248434238,0.14299973552328318,1.4799056400000008,1.5098054093023259,0.1087537212665227,0,0.0,0.0,0.0,0,0.0,0.0,0.0,78,0.430939226519337,0.3784357641748765,0.28782033285967135,0.09594011095322379
Tiger Form Incantation (blue),common,3,MST065,"Mystic, Ninja, Action",https://storage.googleapis.com/fabmaster/cardfaces/2024-MST/EN/MST065.png,FwHwtJtb7pmbpjG8RMQ7b,Blue,3,1,,3,,,,"Mystic, Ninja, Action",,Go again,,,,,,"""The next Crouching Tiger you play this turn gets +1{p}.",,,,,,,,188,0.3924843423799583,0.34138251345508186,2.7799334400000006,2.8100456093023256,0.1402996159348406,0,0.0,0.0,0.0,0,0.0,0.0,0.0,188,1.0386740331491713,0.9034377013535039,0.3712995479156696,0.12376651597188987
Aqua Seeing Shell,common,0,MST067,"Mystic, Equipment, Head",https://storage.googleapis.com/fabmaster/cardfaces/2024-MST/EN/MST067.png,NbbDrzwLMP7CH69PHcWfK,,,,,1,,,,"Mystic, Equipment, Head",,Cloaked,Instant,,,,,"""**Cloaked**",,,,,,,,87,0.18162839248434237,0.0,1.8941635542857134,1.2000000000000002,0.12191145203462506,26,0.17333333333333334,0.0,0.11804151717410281,41,0.27702702702702703,0.0,0.18351515205853777,20,0.11049723756906077,0.0,0.07408602932957119,0.1252142328540706
Koi Blessed Kimono,common,0,MST068,"Mystic, Equipment, Chest",https://storage.googleapis.com/fabmaster/cardfaces/2024-MST/EN/MST068.png,mccHtdK6wgfhL6g98CKMT,,,,,,,,,"Mystic, Equipment, Chest",,Cloaked,,,,,,"""**Cloaked**",,,,,,,,138,0.2881002087682672,0.0,1.8941635542857134,2.8,0.1189621626255974,49,0.32666666666666666,0.0,0.13334730807731074,39,0.2635135135135135,0.0,0.10997849101551656,50,0.27624309392265195,0.0,0.11416660781906465,0.11916413563729733
Waves of Aqua Marine,common,0,MST069,"Mystic, Equipment, Arms",https://storage.googleapis.com/fabmaster/cardfaces/2024-MST/EN/MST069.png,zmtr9qmT89RLcGDGLRgLM,,,,,1,,,,"Mystic, Equipment, Arms",,Cloaked,Attack Reaction,,,,,"""**Cloaked**",,,,,,,,81,0.16910229645093947,0.0,1.8941635542857134,1.2000000000000002,0.11350376568740954,8,0.05333333333333334,0.0,0.036320466822800865,30,0.20270270270270271,0.0,0.13427937955502764,43,0.23756906077348067,0.0,0.15928496305857806,0.10996160314546884
Aqua Laps,common,0,MST070,"Mystic, Equipment, Legs",https://storage.googleapis.com/fabmaster/cardfaces/2024-MST/EN/MST070.png,gJg89dTHTbjhQPnnfkMpP,,,,,1,,,,"Mystic, Equipment, Legs",,Cloaked,Attack Reaction,,Go again,,,"""**Cloaked**",,,,,,,,83,0.1732776617954071,0.0,1.8941635542857134,1.2000000000000002,0.11630632780314804,33,0.22,0.0,0.14982192564405356,35,0.23648648648648649,0.0,0.15665927614753225,15,0.08287292817679558,0.0,0.055564521997178394,0.12068190792958805
Skycrest Keikoi,common,0,MST071,"Mystic, Equipment, Head",https://storage.googleapis.com/fabmaster/cardfaces/2024-MST/EN/MST071.png,pfbmHDDCBzPj7kPKLHtJj,,,,,,,,,"Mystic, Equipment, Head",,Cloaked,Instant,,,,,"""**Cloaked**",,,,,,,,138,0.2881002087682672,0.0,1.8941635542857134,1.9999999999999998,0.147304847920755,45,0.3,0.0,0.1531333710646545,59,0.39864864864864863,0.0,0.2041417986409876,34,0.1878453038674033,0.0,0.09605702031723021,0.1511107300076241
Skybody Keikoi,common,0,MST072,"Mystic, Equipment, Chest",https://storage.googleapis.com/fabmaster/cardfaces/2024-MST/EN/MST072.png,rLzdPNHmqwPfmRFLhWM8R,,,,,,,,,"Mystic, Equipment, Chest",,Cloaked,Instant,,,,,"""**Cloaked**",,,,,,,,193,0.40292275574112735,0.0,1.8941635542857134,3.2,0.1517733842108454,79,0.5266666666666666,0.0,0.19541807148793408,57,0.38513513513513514,0.0,0.14712912567361777,57,0.3149171270718232,0.0,0.11876077998386246,0.1537693257151381
Skyhold Keikoi,common,0,MST073,"Mystic, Equipment, Arms",https://storage.googleapis.com/fabmaster/cardfaces/2024-MST/EN/MST073.png,LhPHmJ9Wmq6R6RDjDGtwC,,,,,,,,,"Mystic, Equipment, Arms",,Cloaked,Instant,,,,,"""**Cloaked**",,,,,,,,138,0.2881002087682672,0.0,1.8941635542857134,1.9999999999999998,0.147304847920755,27,0.18,0.0,0.0918800226387927,24,0.16216216216216217,0.0,0.08304073165057123,87,0.48066298342541436,0.0,0.24579296375291257,0.14023790601409217
Skywalker Keikoi,common,0,MST074,"Mystic, Equipment, Legs",https://storage.googleapis.com/fabmaster/cardfaces/2024-MST/EN/MST074.png,Rn7bzNz8BdmwrcTBkMHM6,,,,,,,,,"Mystic, Equipment, Legs",,Cloaked,Instant,,,,,"""**Cloaked**",,,,,,,,131,0.27348643006263046,0.0,1.8941635542857134,2.4000000000000004,0.12494840979627711,85,0.5666666666666667,0.0,0.2570604789509963,16,0.10810810810810811,0.0,0.04971803742192625,30,0.16574585635359115,0.0,0.07576591189711239,0.127514809423345
Attune with Cosmic Vibrations (blue),mythic,3,MST075,"Mystic, Action, Attack",https://storage.googleapis.com/fabmaster/cardfaces/2024-MST/EN/MST075.png,QTk8NJWmtGQnw9WFTkkP7,Blue,3,0,2,2,,,,"Mystic, Action, Attack",,,,,,,,"When this attacks a hero or defends a hero's attack, reveal the top card of their deck. If the revealed card is blue, this gets +3{p} and +3{d}.",Mystic Action - Attack,,,,No,No,,15,0.031315240083507306,0.02732302915714012,0.2051822222222222,0.21044711111111114,0.15037414825743273,7,0.04666666666666667,0.03881772408088198,0.2239161435037761,2,0.013513513513513514,0.01196509009009009,0.06493782736962604,6,0.03314917127071823,0.030354911717151854,0.15919005984249143,0.1493480102386312
Cosmic Awakening (blue),mythic,3,MST076,"Mystic, Action, Attack",https://storage.googleapis.com/fabmaster/cardfaces/2024-MST/EN/MST076.png,L7GjnTRkPzCWDfwjfBj7n,Blue,3,9,*,3,,,,"Mystic, Action, Attack",,,,,,,,"""If 1 Chi was pitched to play this, Cosmic Awakening's {p} is 10.",,,,,,,,16,0.033402922755741124,0.029608068531267955,0.2051822222222222,0.21044711111111114,0.1603990914745949,5,0.03333333333333333,0.028439952557599617,0.15994010250269722,5,0.033783783783783786,0.03215666071453548,0.1623445684240651,6,0.03314917127071823,0.028492188713183188,0.15919005984249143,0.16049157692308458
Levels of Enlightenment (blue),mythic,3,MST077,"Mystic, Action, Attack",https://storage.googleapis.com/fabmaster/cardfaces/2024-MST/EN/MST077.png,PzdWT6J9q9kMDBkMpjC9F,Blue,3,1,3,3,,,,"Mystic, Action, Attack",,Go again,,,,,,"""When this attacks, choose 1 for each blue card you've pitched this turn;",,,,,,,,20,0.04175365344467641,0.03766548996492242,0.2051822222222222,0.21044711111111114,0.20049886434324363,2,0.013333333333333334,0.012380952380952381,0.06397604100107888,12,0.08108108108108109,0.07157820330919121,0.3896269642177563,6,0.03314917127071823,0.03088979417842366,0.15919005984249143,0.20426435502044218
Unravel Aggression (blue),mythic,3,MST078,"Mystic, Defense Reaction",https://storage.googleapis.com/fabmaster/cardfaces/2024-MST/EN/MST078.png,mK6zddQhzHTpR9Jnw8chw,Blue,3,3,,5,,,,"Mystic, Defense Reaction",,,,,,,,"If a Chi was pitched to play this, draw a card.",Mystic Defense Reaction,,,,No,No,,14,0.029227557411273485,0.026078192551326016,0.2051822222222222,0.21044711111111114,0.14034920504027054,7,0.04666666666666667,0.03907411613293965,0.2239161435037761,5,0.033783783783783786,0.031926316734191496,0.1623445684240651,2,0.011049723756906077,0.010526198538584922,0.05306335328083048,0.14644135506955722
Dense Blue Mist (blue),mythic,3,MST079,"Mystic, Instant",https://storage.googleapis.com/fabmaster/cardfaces/2024-MST/EN/MST079.png,hNdDhKhhpGwKTCT7wMRCp,Blue,3,1,,,,,,"Mystic, Instant",,,,,,,,"""Attacks that target you this turn get -1{p}.",,,,,,,,8,0.016701461377870562,0.014096179977676515,0.2051822222222222,0.21044711111111114,0.08019954573729746,6,0.04,0.03320824583982478,0.19192812300323667,1,0.006756756756756757,0.00633445945945946,0.03246891368481302,1,0.0055248618784530384,0.004604051565377532,0.02653167664041524,0.08364290444282164
Orihon of Mystic Tenets (blue),mythic,3,MST080,"Mystic, Instant",https://storage.googleapis.com/fabmaster/cardfaces/2024-MST/EN/MST080.png,bwtjtjCqP6wTHtkR9HtGh,Blue,3,4,,,,,,"Mystic, Instant",,Legendary,,,,,,"""**Legendary**",,,,,,,,8,0.016701461377870562,0.014384228434837904,0.2051822222222222,0.21044711111111114,0.08019954573729746,3,0.02,0.017210960960960964,0.09596406150161833,2,0.013513513513513514,0.010989010989010988,0.06493782736962604,3,0.016574585635359115,0.01481783231916898,0.07959502992124572,0.08016563959749669
Second Tenet of Chi: Moon (blue),rare,3,MST081,"Mystic, Action, Attack",https://storage.googleapis.com/fabmaster/cardfaces/2024-MST/EN/MST081.png,HFtcFTzQwfjNwk89mLRjD,Blue,3,3,5,3,,,,"Mystic, Action, Attack",,,,,,,Transcend,"""If you've **transcended** this turn, this gets """"When this chain link resolves, draw a card.""""""",Mystic Action - Attack,,,,,No,,53,0.11064718162839249,0.09649275401729103,0.9162024888888891,0.9151058666666666,0.12085142301701349,30,0.2,0.1724751305324061,0.21845272483935044,9,0.060810810810810814,0.053367646198528546,0.0664167207036386,14,0.07734806629834254,0.06878645280132187,0.08448111735002584,0.12311685429767162
Second Tenet of Chi: Tide (blue),rare,3,MST082,special,https://storage.googleapis.com/fabmaster/cardfaces/2024-MST/EN/MST082.png,fLCJkLgGtkfJd6pBq8fJK,Blue,3,3,5,3,,,,"Mystic, Action, Attack",,,,,,,Transcend,"If you've **transcended** this turn, this gets +2{p}.",Mystic Action - Attack,,,,,No,,56,0.11691022964509394,0.10092872994395641,0.9162024888888891,0.9151058666666666,0.12769206960288218,29,0.19333333333333333,0.16353889493208376,0.21117096734470542,9,0.060810810810810814,0.05352515865234466,0.0664167207036386,18,0.09944751381215469,0.08780278410384275,0.10861857945003321,0.12873542249945907
Second Tenet of Chi: Wind (blue),rare,3,MST083,"Mystic, Action, Attack",https://storage.googleapis.com/fabmaster/cardfaces/2024-MST/EN/MST083.png,T6hdfgDWQgPTm8RJ8HpfQ,Blue,3,3,5,3,,,,"Mystic, Action, Attack",,Go again,,,,,Transcend,"If you've **transcended** this turn, this gets **go again**.",Mystic Action - Attack,,,,,No,,63,0.1315240083507307,0.11493150868436121,0.9162024888888891,0.9151058666666666,0.14365357830324244,33,0.22,0.18927875389562698,0.24029799732328547,18,0.12162162162162163,0.10844588704911673,0.1328334414072772,12,0.06629834254143646,0.05862092979113643,0.07241238630002214,0.14851460834352825
Deep Blue Sea (blue),rare,3,MST084,special,https://storage.googleapis.com/fabmaster/cardfaces/2024-MST/EN/MST084.png,rkfqjFKJHdtqRLKJwgQNG,Blue,3,4,5,2,,,,"Mystic, Action, Attack",,,,,,,,This gets +1{p} for each blue card you've pitched this turn.,Mystic Action - Attack,,,,,No,,46,0.09603340292275574,0.08286619502201044,0.9162024888888891,0.9151058666666666,0.1048899143166532,20,0.13333333333333333,0.11344721621037411,0.14563514989290027,18,0.12162162162162163,0.10610067112998438,0.1328334414072772,8,0.04419889502762431,0.0385244511422607,0.04827492420001476,0.10891450516673075
Wide Blue Yonder (blue),rare,3,MST085,special,https://storage.googleapis.com/fabmaster/cardfaces/2024-MST/EN/MST085.png,GHJwMBntf9h6wFk7Dfk7j,Blue,3,0,,2,,,,"Mystic, Attack Reaction",,,,,,,,Target attack gets +1{p} for each blue card you've pitched this turn.,Mystic Attack Reaction,,,,,No,,75,0.15657620041753653,0.13755675541769333,0.9162024888888891,0.9151058666666666,0.17101616464671718,24,0.16,0.1373765528022494,0.17476217987148035,27,0.18243243243243243,0.1596840469895026,0.19925016211091584,24,0.13259668508287292,0.1196130606093442,0.14482477260004428,0.17294570486081348
Big Blue Sky (blue),rare,3,MST086,special,https://storage.googleapis.com/fabmaster/cardfaces/2024-MST/EN/MST086.png,9GHTwjj8W9dWDtc9zbfmc,Blue,3,0,,2,,,,"Mystic, Defense Reaction",,,,,,,,This gets +1{d} for each blue card you've pitched this turn.,Mystic Defense Reaction,,,,,No,,57,0.11899791231732777,0.10238764700984433,0.9162024888888891,0.9151058666666666,0.12997228513150508,44,0.29333333333333333,0.24884819969959285,0.3203973297643806,8,0.05405405405405406,0.049628159003159006,0.059037085069900984,5,0.027624309392265192,0.02415185320612685,0.030171827625009227,0.13653541415309695
Droplet (blue),common,3,MST087,"Mystic, Action, Attack",https://storage.googleapis.com/fabmaster/cardfaces/2024-MST/EN/MST087.png,gzdhT8FLprLrfPNCdNtR7,Blue,3,0,2,2,,,,"Mystic, Action, Attack",,,,,,,,"If you've played another blue card this turn, this gets +2{p}.",Mystic Action - Attack,,,,,,,137,0.2860125260960334,0.2511299720089695,1.6197866400000003,3.2094932093023254,0.11234978955574973,38,0.25333333333333335,0.2160878597770638,0.09763090882380175,33,0.22297297297297297,0.19914973126469634,0.08916885835141683,66,0.36464088397790057,0.32267357678763464,0.14344689850760903,0.11008222189427586
Rising Tide (blue),common,3,MST088,"Mystic, Action, Attack",https://storage.googleapis.com/fabmaster/cardfaces/2024-MST/EN/MST088.png,m8qP9TTpMfdKndW7wN7M7,Blue,3,1,3,2,,,,"Mystic, Action, Attack",,,,,,,,"If you've played another blue card this turn, this gets +2{p}.",Mystic Action - Attack,,,,,,,152,0.3173277661795407,0.28170498685647877,1.6197866400000003,3.2094932093023254,0.1246508614049194,49,0.32666666666666666,0.2807815937889343,0.12589248769384961,40,0.2702702702702703,0.24118052880665708,0.10808346466838405,63,0.34806629834254144,0.31560625067695025,0.13692658493908136,0.12363417910043835
Spillover (blue),common,3,MST089,"Mystic, Action, Attack",https://storage.googleapis.com/fabmaster/cardfaces/2024-MST/EN/MST089.png,PTbtpLNBrfMq9nNffBmMJ,Blue,3,2,4,2,,,,"Mystic, Action, Attack",,,,,,,,"If you've played another blue card this turn, this gets +2{p}.",Mystic Action - Attack,,,,,,,133,0.2776617954070981,0.24238126283289846,1.6197866400000003,3.2094932093023254,0.10906950372930448,49,0.32666666666666666,0.2787561010010575,0.12589248769384961,41,0.27702702702702703,0.24470482267069674,0.11078555128509364,43,0.23756906077348067,0.21033644194219145,0.09345782781556346,0.11004528893150223
Tidal Surge (blue),common,3,MST090,"Mystic, Action, Attack",https://storage.googleapis.com/fabmaster/cardfaces/2024-MST/EN/MST090.png,qLbkgfKHC7bFpQhKbNdCw,Blue,3,3,5,2,,,,"Mystic, Action, Attack",,,,,,,,"If you've played another blue card this turn, this gets +2{p}.",Mystic Action - Attack,,,,,,,130,0.27139874739039666,0.24005917575348543,1.6197866400000003,3.2094932093023254,0.10660928935947055,51,0.34,0.29351869622842364,0.13103095657931288,41,0.27702702702702703,0.25071545687426633,0.11078555128509364,38,0.20994475138121546,0.18704228250974947,0.08259063853468399,0.10813571546636351
Wash Away (blue),common,3,MST091,"Mystic, Defense Reaction",https://storage.googleapis.com/fabmaster/cardfaces/2024-MST/EN/MST091.png,wdLw8WtkJzf79bfKPbzj9,Blue,3,2,,3,,,,"Mystic, Defense Reaction",,,,,,,,"If you've played another blue card this turn, this gets +2{d}.",Mystic Defense Reaction,,,,,,,142,0.2964509394572025,0.2535546117095423,1.6197866400000003,3.2094932093023254,0.11645014683880629,91,0.6066666666666667,0.5136823362330204,0.23380033428857788,27,0.18243243243243243,0.16236832689152444,0.07295633865115923,24,0.13259668508287292,0.11254031046393469,0.052162508548221465,0.11963972716265286
First Tenet of Chi: Moon (blue),common,3,MST092,special,https://storage.googleapis.com/fabmaster/cardfaces/2024-MST/EN/MST092.png,BwjpdtTFfBRTJHgKMM6rn,Blue,3,0,,3,,,,"Mystic, Action",,Go again,,,,,,"""Your next blue attack this turn gets """"When this attacks, draw a card.""""",,,,,,,,211,0.4405010438413361,0.38534680128357,4.181741840000001,3.7094812093023246,0.11275622229270511,105,0.7,0.6034902100385718,0.17985201838336667,36,0.24324324324324326,0.21744337599464958,0.062050519331126645,70,0.3867403314917127,0.34185616940241,0.0989667997846039,0.11362311249969907
First Tenet of Chi: Tide (blue),common,3,MST093,"Mystic, Action",https://storage.googleapis.com/fabmaster/cardfaces/2024-MST/EN/MST093.png,rtLfTrnFcDBQhtbFprGRD,Blue,3,0,,3,,,,"Mystic, Action",,Go again,,,,,,"""Your next blue attack this turn gets +2{p}.",,,,,,,,216,0.4509394572025052,0.3921063408615291,4.181741840000001,3.7094812093023246,0.11542817068826686,102,0.68,0.5813105104788415,0.17471338928669905,47,0.31756756756756754,0.2809773814042168,0.08101040023785978,67,0.3701657458563536,0.32617518371835413,0.09472536550812088,0.11681638501089324
First Tenet of Chi: Wind (blue),common,3,MST094,"Mystic, Action",https://storage.googleapis.com/fabmaster/cardfaces/2024-MST/EN/MST094.png,tCjqz6rHFKTmDpDkfHmzm,Blue,3,0,,3,,,,"Mystic, Action",,Go again,,,Go again,,,"""The next blue action card you play this turn gets **go again**.",,,,,,,,188,0.3924843423799583,0.34010726248203066,4.181741840000001,2.7095052093023253,0.11806817939674452,100,0.6666666666666666,0.571749784687091,0.20332827815501553,36,0.24324324324324326,0.21347095188403012,0.07226385142152274,52,0.287292817679558,0.25168624390603683,0.08633421851058415,0.1206421160290408
A Drop in the Ocean (blue),common,3,MST095,"Mystic, Instant",https://storage.googleapis.com/fabmaster/cardfaces/2024-MST/EN/MST095.png,CqNB8MLzfCh6tRP6RRMdj,Blue,3,0,,,,,,"Mystic, Instant",,"Legendary, Transcend",,,,,,"""**Legendary**",,,,,,,,211,0.4405010438413361,0.37695725028548,3.0,3.0000000000000004,0.14683368128044538,169,1.1266666666666667,0.9586701792549186,0.37555555555555553,16,0.10810810810810811,0.0968308754974097,0.036036036036036036,26,0.143646408839779,0.12392832278945112,0.04788213627992634,0.15315790929050596
Homage to Ancestors (blue),common,3,MST096,"Mystic, Instant",https://storage.googleapis.com/fabmaster/cardfaces/2024-MST/EN/MST096.png,mzKLGwTBmFHFd8KNdPQ7n,Blue,3,0,,,,,,"Mystic, Instant",,"Legendary, Transcend",,,,,,"""**Legendary**",,,,,,,,214,0.44676409185803756,0.3850980827032389,3.0,3.0000000000000004,0.1489213639526792,100,0.6666666666666666,0.5648842784369099,0.22222222222222218,55,0.3716216216216216,0.32486972247673535,0.12387387387387387,59,0.3259668508287293,0.2853514968108194,0.10865561694290976,0.15158390434633526
Pass Over (blue),common,3,MST097,"Mystic, Instant",https://storage.googleapis.com/fabmaster/cardfaces/2024-MST/EN/MST097.png,m9tj8WGNNjQPt8wjMqFFf,Blue,3,0,,,,,,"Mystic, Instant",,"Legendary, Transcend",,,,,,"""**Legendary**",,,,,,,,152,0.3173277661795407,0.27488039706559303,3.0,3.0000000000000004,0.1057759220598469,35,0.23333333333333334,0.19580124649010097,0.07777777777777777,83,0.5608108108108109,0.4896598847271673,0.18693693693693694,34,0.1878453038674033,0.16479480818388584,0.06261510128913444,0.10910993866794971
Path Well Traveled (blue),common,3,MST098,"Mystic, Instant",https://storage.googleapis.com/fabmaster/cardfaces/2024-MST/EN/MST098.png,7fN6NNBdf9KQF9gWWpdzL,Blue,3,0,,,,,,"Mystic, Instant",,"Legendary, Transcend",,,Go again,,,"""**Legendary**",,,,,,,,190,0.3966597077244259,0.34544704588786884,3.0,3.0000000000000004,0.13221990257480862,59,0.3933333333333333,0.3374775293629534,0.1311111111111111,75,0.5067567567567568,0.44226335331142325,0.16891891891891891,56,0.30939226519337015,0.2728869021312464,0.10313075506445672,0.13438692836482893
Preserve Tradition (blue),common,3,MST099,"Mystic, Instant",https://storage.googleapis.com/fabmaster/cardfaces/2024-MST/EN/MST099.png,jpWjmrzckFnCzG8tFMppt,Blue,3,0,,,,,,"Mystic, Instant",,"Legendary, Transcend",,,,,,"""**Legendary**",,,,,,,,208,0.4342379958246347,0.37710314286195273,3.0,3.0000000000000004,0.14474599860821155,73,0.4866666666666667,0.41458028939840097,0.1622222222222222,37,0.25,0.2198189552236555,0.08333333333333333,98,0.5414364640883977,0.47465279916030023,0.18047882136279927,0.14201145897278492
"Rising Sun, Setting Moon (blue)",common,3,MST100,"Mystic, Instant",https://storage.googleapis.com/fabmaster/cardfaces/2024-MST/EN/MST100.png,PtqHmkzqPMf9KBfk88QrR,Blue,3,0,,,,,,"Mystic, Instant",,"Legendary, Transcend",,,,,,"""**Legendary**",,,,,,,,178,0.37160751565762007,0.3256944902317268,3.0,3.0000000000000004,0.12386917188587335,71,0.47333333333333333,0.40898317866971123,0.15777777777777777,44,0.2972972972972973,0.2628998531702551,0.0990990990990991,63,0.34806629834254144,0.3080166063610101,0.11602209944751381,0.12429965877479689
Stir the Pot (blue),common,3,MST101,"Mystic, Instant",https://storage.googleapis.com/fabmaster/cardfaces/2024-MST/EN/MST101.png,pjpcnH9bKnGR6KFCFGz6Q,Blue,3,0,,,,,,"Mystic, Instant",,"Legendary, Transcend",,,,,,"""**Legendary**",,,,,,,,179,0.3736951983298539,0.32148675035727,3.0,3.0000000000000004,0.12456506610995129,82,0.5466666666666666,0.468393269040303,0.1822222222222222,39,0.2635135135135135,0.2291101217113955,0.08783783783783784,58,0.32044198895027626,0.27527549752375974,0.10681399631675875,0.1256246854589396
The Grain that Tips the Scale (blue),common,3,MST102,"Mystic, Instant",https://storage.googleapis.com/fabmaster/cardfaces/2024-MST/EN/MST102.png,DgHLhRDccpLbjGT9nN8Jm,Blue,3,0,,,,,,"Mystic, Instant",,"Legendary, Transcend",,,,,,"""**Legendary**",,,,,,,,150,0.31315240083507306,0.27336536234719355,3.0,3.0000000000000004,0.10438413361169102,37,0.24666666666666667,0.2113347624032484,0.08222222222222221,56,0.3783783783783784,0.33626904555014747,0.12612612612612611,57,0.3149171270718232,0.2733368810077169,0.10497237569060773,0.10444024134631869
Bonds of Agony (blue),mythic,3,MST103,"Assassin, Action, Attack",https://storage.googleapis.com/fabmaster/cardfaces/2024-MST/EN/MST103.png,wJtCpBD9Hd8TzNRghPzFM,Blue,3,0,1,3,,,,"Assassin, Action, Attack",,Stealth,,,,,,"""**Stealth**",,,,,,,,15,0.031315240083507306,0.02667615131056446,0.2051822222222222,0.21044711111111114,0.15037414825743273,0,0.0,0.0,0.0,15,0.10135135135135136,0.08633700322811066,0.48703370527219536,0,0.0,0.0,0.0,0.1623445684240651
Persuasive Prognosis (blue),mythic,3,MST104,"Assassin, Action, Attack",https://storage.googleapis.com/fabmaster/cardfaces/2024-MST/EN/MST104.png,pnfqGpznd7LM8JQHQJfPB,Blue,3,0,1,3,,,,"Assassin, Action, Attack",,Stealth,,,,,,"""**Stealth**",,,,,,,,16,0.033402922755741124,0.02909590367064753,0.2051822222222222,0.21044711111111114,0.1603990914745949,0,0.0,0.0,0.0,16,0.10810810810810811,0.09416849904216329,0.5195026189570083,0,0.0,0.0,0.0,0.1731675396523361
Just a Nick (red),mythic,1,MST105,"Assassin, Attack Reaction",https://storage.googleapis.com/fabmaster/cardfaces/2024-MST/EN/MST105.png,JpTPzw6fB8bK6JjRpTmPC,Red,1,0,,3,,,,"Assassin, Attack Reaction",,,,,,,Stealth,"""Choose 1 or both;",,,,,,,,17,0.03549060542797495,0.03123386658607417,0.2051822222222222,0.21044711111111114,0.1704240346917571,0,0.0,0.0,0.0,17,0.11486486486486487,0.10108798712655086,0.5519715326418214,0,0.0,0.0,0.0,0.18399051088060714
Art of Desire: Body (red),rare,1,MST106,"Assassin, Action, Attack",https://storage.googleapis.com/fabmaster/cardfaces/2024-MST/EN/MST106.png,KmwdjTRNdP6LTTrwm8NN8,Red,1,0,3,3,,,,"Assassin, Action, Attack",,Stealth,,,,,,"""**Stealth**",,,,,,,,61,0.12734864300626306,0.11098864068410495,0.9162024888888891,0.9151058666666666,0.13909314724599664,0,0.0,0.0,0.0,61,0.41216216216216217,0.35921323572760994,0.45015777365799503,0,0.0,0.0,0.0,0.15005259121933168
Art of Desire: Soul (yellow),rare,2,MST107,"Assassin, Action, Attack",https://storage.googleapis.com/fabmaster/cardfaces/2024-MST/EN/MST107.png,8rJMBH8Bm7WcLrH8T9WbN,Yellow,2,0,2,3,,,,"Assassin, Action, Attack",,Stealth,,,,,,"""**Stealth**",,,,,,,,35,0.07306889352818371,0.0647807333077338,0.9162024888888891,0.9151058666666666,0.07980754350180136,0,0.0,0.0,0.0,35,0.23648648648648649,0.2096619679351655,0.2582872471808168,0,0.0,0.0,0.0,0.08609574906027227
Art of Desire: Mind (blue),rare,3,MST108,"Assassin, Action, Attack",https://storage.googleapis.com/fabmaster/cardfaces/2024-MST/EN/MST108.png,JbgBc7fQLWMjtWQDhnwkm,Blue,3,0,1,3,,,,"Assassin, Action, Attack",,Stealth,,,,,,"""**Stealth**",,,,,,,,52,0.10855949895615867,0.09326566960989811,0.9162024888888891,0.9151058666666666,0.11857120748839059,0,0.0,0.0,0.0,52,0.35135135135135137,0.3018530793455486,0.3837410529543564,0,0.0,0.0,0.0,0.1279136843181188
Bonds of Attraction (red),rare,1,MST109,"Assassin, Action, Attack",https://storage.googleapis.com/fabmaster/cardfaces/2024-MST/EN/MST109.png,dTftJfGFgDFTcPdkFKQGC,Red,1,0,3,3,,,,"Assassin, Action, Attack",,Stealth,,,,,,"""**Stealth**",,,,,,,,49,0.1022964509394572,0.08895326886949521,0.9162024888888891,0.9151058666666666,0.1117305609025219,0,0.0,0.0,0.0,49,0.3310810810810811,0.28789605262492035,0.36160214605314356,0,0.0,0.0,0.0,0.12053404868438118
Bonds of Attraction (yellow),rare,2,MST110,"Assassin, Action, Attack",https://storage.googleapis.com/fabmaster/cardfaces/2024-MST/EN/MST110.png,ffNt7P8KbGTzB8NBf9jD8,Yellow,2,0,2,3,,,,"Assassin, Action, Attack",,Stealth,,,,,,"""**Stealth**",,,,,,,,35,0.07306889352818371,0.06418442604575214,0.9162024888888891,0.9151058666666666,0.07980754350180136,0,0.0,0.0,0.0,35,0.23648648648648649,0.2077320275399681,0.2582872471808168,0,0.0,0.0,0.0,0.08609574906027227
Bonds of Attraction (blue),rare,3,MST111,"Assassin, Action, Attack",https://storage.googleapis.com/fabmaster/cardfaces/2024-MST/EN/MST111.png,dBcbb7TPrWTwm9q8Mff9L,Blue,3,0,1,3,,,,"Assassin, Action, Attack",,Stealth,,,,,,"""**Stealth**",,,,,,,,51,0.10647181628392484,0.09266050753342485,0.9162024888888891,0.9151058666666666,0.11629099195976769,0,0.0,0.0,0.0,51,0.34459459459459457,0.29989448046290884,0.3763614173206188,0,0.0,0.0,0.0,0.1254538057735396
Double Trouble (red),rare,1,MST112,"Assassin, Action, Attack",https://storage.googleapis.com/fabmaster/cardfaces/2024-MST/EN/MST112.png,qHT6BFpP7DTCFHwGz6hDR,Red,1,0,3,3,,,,"Assassin, Action, Attack",,Stealth,,,,,,"""**Stealth**",,,,,,,,75,0.15657620041753653,0.1367612313193079,0.9162024888888891,0.9151058666666666,0.17101616464671718,0,0.0,0.0,0.0,75,0.5067567567567568,0.44262587704019246,0.5534726725303217,0,0.0,0.0,0.0,0.18449089084344059
Double Trouble (yellow),rare,2,MST113,"Assassin, Action, Attack",https://storage.googleapis.com/fabmaster/cardfaces/2024-MST/EN/MST113.png,9dbWPMjhR869wJwCdgh8b,Yellow,2,0,2,3,,,,"Assassin, Action, Attack",,Stealth,,,,,,"""**Stealth**",,,,,,,,46,0.09603340292275574,0.08324065758728726,0.9162024888888891,0.9151058666666666,0.1048899143166532,0,0.0,0.0,0.0,46,0.3108108108108108,0.269407263407504,0.33946323915193066,0,0.0,0.0,0.0,0.11315441305064355
Double Trouble (blue),rare,3,MST114,"Assassin, Action, Attack",https://storage.googleapis.com/fabmaster/cardfaces/2024-MST/EN/MST114.png,8r7DqKfDrBG6C8mTDRKN7,Blue,3,0,1,3,,,,"Assassin, Action, Attack",,Stealth,,,,,,"""**Stealth**",,,,,,,,55,0.11482254697286012,0.0992075100094018,0.9162024888888891,0.9151058666666666,0.12541185407425928,0,0.0,0.0,0.0,55,0.3716216216216216,0.3210837655034018,0.4058799598555693,0,0.0,0.0,0.0,0.13529331995185642
Bonds of Memory (red),common,1,MST115,"Assassin, Action, Attack",https://storage.googleapis.com/fabmaster/cardfaces/2024-MST/EN/MST115.png,bndJRd9j7KdFrzkwKngmJ,Red,1,0,3,3,,,,"Assassin, Action, Attack",,Stealth,,,,,,"""**Stealth**",,,,,,,,154,0.32150313152400833,0.279992700451571,2.779459440000001,2.8090748093023254,0.11495765051489247,0,0.0,0.0,0.0,154,1.0405405405405406,0.9061925913263683,0.3721708453798,0,0.0,0.0,0.0,0.12405694845993333
Bonds of Memory (yellow),common,2,MST116,"Assassin, Action, Attack",https://storage.googleapis.com/fabmaster/cardfaces/2024-MST/EN/MST116.png,PpqRhHJBbdPQQCCDg6kQQ,Yellow,2,0,2,3,,,,"Assassin, Action, Attack",,Stealth,,,,,,"""**Stealth**",,,,,,,,55,0.11482254697286012,0.09986696002719639,1.4796686400000003,1.5093200093023253,0.07670486920743669,0,0.0,0.0,0.0,55,0.3716216216216216,0.32321806657450725,0.24839405228528966,0,0.0,0.0,0.0,0.08279801742842989
Bonds of Memory (blue),common,3,MST117,"Assassin, Action, Attack",https://storage.googleapis.com/fabmaster/cardfaces/2024-MST/EN/MST117.png,RGd9j6fF9Nn8NFB9B6pfN,Blue,3,0,1,3,,,,"Assassin, Action, Attack",,Stealth,,,,,,"""**Stealth**",,,,,,,,139,0.29018789144050106,0.25304542741841624,2.779459440000001,2.8090748093023254,0.10376047676344191,0,0.0,0.0,0.0,139,0.9391891891891891,0.8189781063069013,0.335920438362287,0,0.0,0.0,0.0,0.11197347945409568
Desires of Flesh (red),common,1,MST118,"Assassin, Action, Attack",https://storage.googleapis.com/fabmaster/cardfaces/2024-MST/EN/MST118.png,Q9tHhJBMzdRk6HGC9nBGp,Red,1,0,3,3,,,,"Assassin, Action, Attack",,Stealth,,,,,,"""**Stealth**",,,,,,,,163,0.34029227557411273,0.2981685101320233,2.779459440000001,2.8090748093023254,0.12167595476576282,0,0.0,0.0,0.0,163,1.1013513513513513,0.9650183537381023,0.3939210895903078,0,0.0,0.0,0.0,0.13130702986343593
Desires of Flesh (yellow),common,2,MST119,"Assassin, Action, Attack",https://storage.googleapis.com/fabmaster/cardfaces/2024-MST/EN/MST119.png,qFhpqb6pJPNNg7mBRPTMh,Yellow,2,0,2,3,,,,"Assassin, Action, Attack",,Stealth,,,,,,"""**Stealth**",,,,,,,,83,0.1732776617954071,0.14904084665009507,1.4796686400000003,1.5093200093023253,0.1157546208039499,0,0.0,0.0,0.0,83,0.5608108108108109,0.48236868611753736,0.3748492061759826,0,0.0,0.0,0.0,0.12494973539199421
Desires of Flesh (blue),common,3,MST120,"Assassin, Action, Attack",https://storage.googleapis.com/fabmaster/cardfaces/2024-MST/EN/MST120.png,pCbzCcWBdprHzJk68tGWB,Blue,3,0,1,3,,,,"Assassin, Action, Attack",,Stealth,,,,,,"""**Stealth**",,,,,,,,144,0.30062630480167013,0.25944031571853704,2.779459440000001,2.8090748093023254,0.10749286801392542,0,0.0,0.0,0.0,144,0.972972972972973,0.8396750758728327,0.3480039073681247,0,0.0,0.0,0.0,0.11600130245604157
Impulsive Desire (red),common,1,MST121,"Assassin, Action, Attack",https://storage.googleapis.com/fabmaster/cardfaces/2024-MST/EN/MST121.png,68HKwDLNHwFdPpdpFMJBg,Red,1,0,3,3,,,,"Assassin, Action, Attack",,Stealth,,,,,,"""**Stealth**",,,,,,,,133,0.2776617954070981,0.24071000683438698,2.779459440000001,2.8090748093023254,0.09928160726286168,0,0.0,0.0,0.0,133,0.8986486486486487,0.7790546842815633,0.3214202755552818,0,0.0,0.0,0.0,0.1071400918517606
Impulsive Desire (yellow),common,2,MST122,"Assassin, Action, Attack",https://storage.googleapis.com/fabmaster/cardfaces/2024-MST/EN/MST122.png,99gF9qJ67mCbKjkjHCFfR,Yellow,2,0,2,3,,,,"Assassin, Action, Attack",,Stealth,,,,,,"""**Stealth**",,,,,,,,35,0.07306889352818371,0.06421933393973082,1.4796686400000003,1.5093200093023253,0.04881218949564153,0,0.0,0.0,0.0,35,0.23648648648648649,0.2078450064671018,0.15806894236336616,0,0.0,0.0,0.0,0.05268964745445539
Impulsive Desire (blue),common,3,MST123,"Assassin, Action, Attack",https://storage.googleapis.com/fabmaster/cardfaces/2024-MST/EN/MST123.png,9Lht6BjkgdNDtQzkGbqrn,Blue,3,0,1,3,,,,"Assassin, Action, Attack",,Stealth,,,,,,"""**Stealth**",,,,,,,,138,0.2881002087682672,0.24933340142267638,2.779459440000001,2.8090748093023254,0.1030139985133452,0,0.0,0.0,0.0,138,0.9324324324324325,0.8069641843342026,0.3335037445611195,0,0.0,0.0,0.0,0.11116791485370649
Mind's Desire (red),common,1,MST124,"Assassin, Action, Attack",https://storage.googleapis.com/fabmaster/cardfaces/2024-MST/EN/MST124.png,MqwKQzHWH9pbKCCrBnzbN,Red,1,0,3,3,,,,"Assassin, Action, Attack",,Stealth,,,,,,"""**Stealth**",,,,,,,,130,0.27139874739039666,0.23668695486775088,2.779459440000001,2.8090748093023254,0.09704217251257156,0,0.0,0.0,0.0,130,0.8783783783783784,0.7660341309571127,0.3141701941517792,0,0.0,0.0,0.0,0.10472339805059307
Mind's Desire (yellow),common,2,MST125,"Assassin, Action, Attack",https://storage.googleapis.com/fabmaster/cardfaces/2024-MST/EN/MST125.png,qQRkbt6WDKDMNbMRrqPC9,Yellow,2,0,2,3,,,,"Assassin, Action, Attack",,Stealth,,,,,,"""**Stealth**",,,,,,,,54,0.1127348643006263,0.09762525520323266,1.4796686400000003,1.5093200093023253,0.07531023522184692,0,0.0,0.0,0.0,54,0.36486486486486486,0.3159628192050571,0.2438777967891935,0,0.0,0.0,0.0,0.08129259892973116
Mind's Desire (blue),common,3,MST126,"Assassin, Action, Attack",https://storage.googleapis.com/fabmaster/cardfaces/2024-MST/EN/MST126.png,7n96D77LqTKKkhnMrNTwr,Blue,3,0,1,3,,,,"Assassin, Action, Attack",,Stealth,,,,,,"""**Stealth**",,,,,,,,131,0.27348643006263046,0.23939402174411167,2.779459440000001,2.8090748093023254,0.09778865076266827,0,0.0,0.0,0.0,131,0.8851351351351351,0.7747955163204696,0.31658688795294676,0,0.0,0.0,0.0,0.10552896265098226
Pick to Pieces (red),common,1,MST127,"Assassin, Action, Attack",https://storage.googleapis.com/fabmaster/cardfaces/2024-MST/EN/MST127.png,GNG6HwgpGmmGwf6nCftpt,Red,1,0,3,3,,,,"Assassin, Action, Attack",,Stealth,,,,,,"""**Stealth**",,,,,,,,165,0.3444676409185804,0.29736749189808326,2.779459440000001,2.8090748093023254,0.12316891126595622,0,0.0,0.0,0.0,165,1.114864864864865,0.9624258690485261,0.39875447719264284,0,0.0,0.0,0.0,0.13291815906421428
Pick to Pieces (yellow),common,2,MST128,"Assassin, Action, Attack",https://storage.googleapis.com/fabmaster/cardfaces/2024-MST/EN/MST128.png,TpbW7qkkHqMWdfT9FRn67,Yellow,2,0,2,3,,,,"Assassin, Action, Attack",,Stealth,,,,,,"""**Stealth**",,,,,,,,86,0.17954070981210857,0.15643804043154202,1.4796686400000003,1.5093200093023253,0.11993852276071917,0,0.0,0.0,0.0,86,0.581081081081081,0.5063096038291124,0.3883979726642711,0,0.0,0.0,0.0,0.12946599088809038
Pick to Pieces (blue),common,3,MST129,"Assassin, Action, Attack",https://storage.googleapis.com/fabmaster/cardfaces/2024-MST/EN/MST129.png,GTNPMFWmcDcDdcJP7WhNd,Blue,3,0,1,3,,,,"Assassin, Action, Attack",,Stealth,,,,,,"""**Stealth**",,,,,,,,138,0.2881002087682672,0.25109595341408536,2.779459440000001,2.8090748093023254,0.1030139985133452,0,0.0,0.0,0.0,138,0.9324324324324325,0.8126686600361277,0.3335037445611195,0,0.0,0.0,0.0,0.11116791485370649
"10,000 Year Reunion (red)",mythic,1,MST131,"Illusionist, Action, Aura",https://storage.googleapis.com/fabmaster/cardfaces/2024-MST/EN/MST131.png,FM9T9Dg8bj9h9MW7k9HCQ,Red,1,8,,3,,,,"Illusionist, Action, Aura",,Ward 10,,,,,,"""You may remove three +1{p} counters from among auras you control rather than pay 10,000 Year Reunion's {r} cost.",,,,,,,,8,0.016701461377870562,0.014290566043120708,0.2051822222222222,0.21044711111111114,0.08019954573729746,8,0.05333333333333334,0.04563454089769879,0.25590416400431554,0,0.0,0.0,0.0,0,0.0,0.0,0.0,0.08530138800143851
Rage Specter (blue),mythic,3,MST132,"Illusionist, Action, Aura",https://storage.googleapis.com/fabmaster/cardfaces/2024-MST/EN/MST132.png,nfhcD8HGDHLDNCGhfLnKK,Blue,3,2,,3,,,,"Illusionist, Action, Aura",,"Ward 1, Ward 6",,,,,,"""When this enters the arena, if you control no other Illusionist auras, gain 1 action point.",,,,,,,,10,0.020876826722338204,0.0174956258612224,0.2051822222222222,0.21044711111111114,0.10024943217162181,10,0.06666666666666667,0.055869365250170194,0.31988020500539444,0,0.0,0.0,0.0,0,0.0,0.0,0.0,0.10662673500179815
Restless Coalescence (yellow),mythic,2,MST133,"Illusionist, Action, Aura",https://storage.googleapis.com/fabmaster/cardfaces/2024-MST/EN/MST133.png,cFpmN9tpMR8cLKDzkNtzz,Yellow,2,0,,,,,,"Illusionist, Instant, Aura",,Ward 2,Once per Turn Instant,,,,,"""When this enters the arena, move any number of +1{p} counters from auras you control onto this.",,,,,,,,15,0.031315240083507306,0.02675764547237947,0.2051822222222222,0.21044711111111114,0.15037414825743273,15,0.1,0.0854460812084651,0.4798203075080916,0,0.0,0.0,0.0,0,0.0,0.0,0.0,0.15994010250269722
Astral Etchings (red),rare,1,MST134,"Illusionist, Action",https://storage.googleapis.com/fabmaster/cardfaces/2024-MST/EN/MST134.png,9zdPMfzWLFq7PWbjKmCc6,Red,1,1,,3,,,,"Illusionist, Action",,,,,,,Ward,"""Put three +1{p} counters on target aura with **ward** you control.",,,,,,,,56,0.11691022964509394,0.09966492023893603,0.9162024888888891,0.9151058666666666,0.12769206960288218,56,0.37333333333333335,0.3182633119630024,0.4077784197001208,0,0.0,0.0,0.0,0,0.0,0.0,0.0,0.13592613990004027
Astral Etchings (yellow),rare,2,MST135,"Illusionist, Action",https://storage.googleapis.com/fabmaster/cardfaces/2024-MST/EN/MST135.png,cmknRBBPtjNQzhkQPWpcJ,Yellow,2,1,,3,,,,"Illusionist, Action",,,,,,,Ward,"""Put two +1{p} counters on target aura with **ward** you control.",,,,,,,,50,0.10438413361169102,0.08779171017039193,0.9162024888888891,0.9151058666666666,0.1140107764311448,50,0.3333333333333333,0.2803481944774516,0.3640878747322507,0,0.0,0.0,0.0,0,0.0,0.0,0.0,0.12136262491075023
Astral Etchings (blue),rare,3,MST136,"Illusionist, Action",https://storage.googleapis.com/fabmaster/cardfaces/2024-MST/EN/MST136.png,DpWbbCGtWQJwRhrKr9Cwm,Blue,3,1,,3,,,,"Illusionist, Action",,,,,,,Ward,"""Put a +1{p} counter on target aura with **ward** you control.",,,,,,,,46,0.09603340292275574,0.08163400463131586,0.9162024888888891,0.9151058666666666,0.1048899143166532,46,0.30666666666666664,0.26068458812266865,0.33496084475367066,0,0.0,0.0,0.0,0,0.0,0.0,0.0,0.11165361491789022
Essence of Ancestry: Body (red),rare,1,MST137,"Illusionist, Action, Aura",https://storage.googleapis.com/fabmaster/cardfaces/2024-MST/EN/MST137.png,qMzCjGnnHpbqRJPtJfp6T,Red,1,0,,3,,,,"Illusionist, Action, Aura",,Ward 2,,,,,,"""When this leaves the arena, if you control no Illusionist auras, the next time you would be dealt damage by a red source this turn, prevent it.",,,,,,,,45,0.09394572025052192,0.080019038263365,0.9162024888888891,0.9151058666666666,0.10260969878803032,45,0.3,0.2555274621876789,0.3276790872590256,0,0.0,0.0,0.0,0,0.0,0.0,0.0,0.1092263624196752
Essence of Ancestry: Soul (yellow),rare,2,MST138,"Illusionist, Action, Aura",https://storage.googleapis.com/fabmaster/cardfaces/2024-MST/EN/MST138.png,Nw6hkj6NCpWtBN9BcTFcq,Yellow,2,0,,3,,,,"Illusionist, Action, Aura",,Ward 2,,,,,,"""When this leaves the arena, if you control no Illusionist auras, the next time you would be dealt damage by a yellow source this turn, prevent it.",,,,,,,,36,0.07515657620041753,0.06384388271802066,0.9162024888888891,0.9151058666666666,0.08208775903042426,36,0.24,0.20387479881287932,0.2621432698072205,0,0.0,0.0,0.0,0,0.0,0.0,0.0,0.08738108993574017
Essence of Ancestry: Mind (blue),rare,3,MST139,special,https://storage.googleapis.com/fabmaster/cardfaces/2024-MST/EN/MST139.png,HMMRL8LDTCdzFRpzgTCkz,Blue,3,0,,3,,,,"Illusionist, Action, Aura",,Ward 2,,,,,,"""When this leaves the arena, if you control no Illusionist auras, the next time you would be dealt damage by a blue source this turn, prevent it.",,,,,,,,60,0.12526096033402923,0.10581707401679125,0.9162024888888891,0.9151058666666666,0.13681293171737374,60,0.4,0.33790918969362005,0.4369054496787009,0,0.0,0.0,0.0,0,0.0,0.0,0.0,0.1456351498929003
Haunting Specter (red),rare,1,MST140,"Illusionist, Action, Aura",https://storage.googleapis.com/fabmaster/cardfaces/2024-MST/EN/MST140.png,6t8mpJGpHNQ9MKNrm99pr,Red,1,2,,2,,,,"Illusionist, Action, Aura",,Ward 4,,,,,,"""When this leaves the arena, create a Spectral Shield token, then if you control no other Illusionist auras, put a +1{p} counter on it.",,,,,,,,40,0.08350730688935282,0.07156109039426645,0.9162024888888891,0.9151058666666666,0.09120862114491583,40,0.26666666666666666,0.22851841532569087,0.29127029978580055,0,0.0,0.0,0.0,0,0.0,0.0,0.0,0.09709009992860018
Haunting Specter (yellow),rare,2,MST141,"Illusionist, Action, Aura",https://storage.googleapis.com/fabmaster/cardfaces/2024-MST/EN/MST141.png,GTj8JGDq7LfKj8HjpNhmn,Yellow,2,2,,2,,,,"Illusionist, Action, Aura",,Ward 3,,,,,,"""When this leaves the arena, create a Spectral Shield token, then if you control no other Illusionist auras, put a +1{p} counter on it.",,,,,,,,25,0.05219206680584551,0.04425694185557773,0.9162024888888891,0.9151058666666666,0.0570053882155724,25,0.16666666666666666,0.14132716765881154,0.18204393736612534,0,0.0,0.0,0.0,0,0.0,0.0,0.0,0.060681312455375114
Haunting Specter (blue),rare,3,MST142,"Illusionist, Action, Aura",https://storage.googleapis.com/fabmaster/cardfaces/2024-MST/EN/MST142.png,CpfKgC8NJWLbMkhzFqQ8g,Blue,3,2,,2,,,,"Illusionist, Action, Aura",,Ward 2,,,,,,"""When this leaves the arena, create a Spectral Shield token, then if you control no other Illusionist auras, put a +1{p} counter on it.",,,,,,,,42,0.08768267223382047,0.07421499782431357,0.9162024888888891,0.9151058666666666,0.09576905220216163,42,0.28,0.23699322638564133,0.3058338147750906,0,0.0,0.0,0.0,0,0.0,0.0,0.0,0.1019446049250302
Sigil of Solitude (red),common,1,MST143,"Illusionist, Action, Aura",https://storage.googleapis.com/fabmaster/cardfaces/2024-MST/EN/MST143.png,JH89Ctbgtj6bFhjNKr9BL,Red,1,0,,2,,,,"Illusionist, Action, Aura",,Ward 4,,,,,,"""At the start of your turn, if you control another Illusionist aura, destroy this.",,,,,,,,127,0.2651356993736952,0.22576282896536962,2.779961040000001,2.809647209302325,0.09478434021890425,127,0.8466666666666667,0.720935967162747,0.30257886519971894,0,0.0,0.0,0.0,0,0.0,0.0,0.0,0.10085962173323965
Sigil of Solitude (yellow),common,2,MST144,"Illusionist, Action, Aura",https://storage.googleapis.com/fabmaster/cardfaces/2024-MST/EN/MST144.png,nDRLcpRzFHdnFKTfqz6z7,Yellow,2,0,,2,,,,"Illusionist, Action, Aura",,Ward 3,,,,,,"""At the start of your turn, if you control another Illusionist aura, destroy this.",,,,,,,,40,0.08350730688935282,0.06983466120794275,1.4799194400000009,1.5096062093023253,0.05577524647422959,40,0.26666666666666666,0.22300535145736386,0.1780000018596778,0,0.0,0.0,0.0,0,0.0,0.0,0.0,0.05933333395322593
Sigil of Solitude (blue),common,3,MST145,"Illusionist, Action, Aura",https://storage.googleapis.com/fabmaster/cardfaces/2024-MST/EN/MST145.png,7kLtC7NJPccD6nD9MRBkw,Blue,3,0,,2,,,,"Illusionist, Action, Aura",,Ward 2,,,,,,"""At the start of your turn, if you control another Illusionist aura, destroy this.",,,,,,,,108,0.2254697286012526,0.19231637225752696,2.779961040000001,2.809647209302325,0.08060400585544614,108,0.72,0.6141302820757027,0.25731116095724127,0,0.0,0.0,0.0,0,0.0,0.0,0.0,0.08577038698574709
Single Minded Determination (red),common,1,MST146,"Illusionist, Action, Aura",https://storage.googleapis.com/fabmaster/cardfaces/2024-MST/EN/MST146.png,C8jqfdnRnWRfnnnFrMwFq,Red,1,2,,3,,,,"Illusionist, Action, Aura",,Ward 2,,,,,,"""When this enters the arena, if you control no other Illusionist auras, put three +1{p} counters on this.",,,,,,,,107,0.22338204592901878,0.19017820125043308,2.779961040000001,2.809647209302325,0.0798576724678957,107,0.7133333333333334,0.6073023893263829,0.2549286502076372,0,0.0,0.0,0.0,0,0.0,0.0,0.0,0.08497621673587907
Single Minded Determination (yellow),common,2,MST147,"Illusionist, Action, Aura",https://storage.googleapis.com/fabmaster/cardfaces/2024-MST/EN/MST147.png,7n6JMpGRwqrWnFrTb88c9,Yellow,2,2,,3,,,,"Illusionist, Action, Aura",,Ward 2,,,,,,"""When this enters the arena, if you control no other Illusionist auras, put two +1{p} counters on this.",,,,,,,,60,0.12526096033402923,0.10561374303371401,1.4799194400000009,1.5096062093023253,0.08366286971134439,60,0.4,0.33725988608766005,0.2670000027895167,0,0.0,0.0,0.0,0,0.0,0.0,0.0,0.0890000009298389
Single Minded Determination (blue),common,3,MST148,"Illusionist, Action, Aura",https://storage.googleapis.com/fabmaster/cardfaces/2024-MST/EN/MST148.png,7t9Wg9qBgKrQ7WdMqFbdJ,Blue,3,2,,3,,,,"Illusionist, Action, Aura",,Ward 2,,,,,,"""When this enters the arena, if you control no other Illusionist auras, put a +1{p} counter on this.",,,,,,,,166,0.3465553235908142,0.29493795845101745,2.779961040000001,2.809647209302325,0.1238913423333709,166,1.1066666666666667,0.9418352139869157,0.39549678443427827,0,0.0,0.0,0.0,0,0.0,0.0,0.0,0.13183226147809277
Solitary Companion (red),common,1,MST149,"Illusionist, Action, Aura",https://storage.googleapis.com/fabmaster/cardfaces/2024-MST/EN/MST149.png,NwK66fmnJNBBbTBprQkFG,Red,1,0,,2,,,,"Illusionist, Action, Aura",,Ward 3,,,,,,"""When this enters the arena, if you control no other Illusionist auras, create a Spectral Shield token.",,,,,,,,114,0.23799582463465555,0.20272944404798462,2.779961040000001,2.809647209302325,0.0850820061807487,114,0.76,0.6473826913265642,0.2716062254548658,0,0.0,0.0,0.0,0,0.0,0.0,0.0,0.09053540848495527
Solitary Companion (yellow),common,2,MST150,"Illusionist, Action, Aura",https://storage.googleapis.com/fabmaster/cardfaces/2024-MST/EN/MST150.png,qRcQbB7TW7kzt66g7cKMM,Yellow,2,0,,2,,,,"Illusionist, Action, Aura",,Ward 2,,,,,,"""When this enters the arena, if you control no other Illusionist auras, create a Spectral Shield token.",,,,,,,,40,0.08350730688935282,0.07059424349177576,1.4799194400000009,1.5096062093023253,0.05577524647422959,40,0.26666666666666666,0.22543095088373727,0.1780000018596778,0,0.0,0.0,0.0,0,0.0,0.0,0.0,0.05933333395322593
Solitary Companion (blue),common,3,MST151,"Illusionist, Action, Aura",https://storage.googleapis.com/fabmaster/cardfaces/2024-MST/EN/MST151.png,WpfnDkqH9NqLMtWCfCgnh,Blue,3,0,,2,,,,"Illusionist, Action, Aura",,Ward 1,,,,,,"""When this enters the arena, if you control no other Illusionist auras, create a Spectral Shield token.",,,,,,,,101,0.21085594989561587,0.17888893978463957,2.779961040000001,2.809647209302325,0.07537967214259314,101,0.6733333333333333,0.571252014378949,0.24063358571001267,0,0.0,0.0,0.0,0,0.0,0.0,0.0,0.08021119523667089
Spectral Manifestations (red),common,1,MST152,"Illusionist, Action",https://storage.googleapis.com/fabmaster/cardfaces/2024-MST/EN/MST152.png,JcNQkPLDwjpL7CWJQTGj8,Red,1,2,,2,,,,"Illusionist, Action",,Go again,,,,,,"""Create a Spectral Shield token, then if you control no other Illusionist auras, put three +1{p} counters on it.",,,,,,,,187,0.3903966597077244,0.33223590184011875,2.779961040000001,2.809647209302325,0.1395643434719299,187,1.2466666666666666,1.0609399798761125,0.4455295101759641,0,0.0,0.0,0.0,0,0.0,0.0,0.0,0.14850983672532136
Spectral Manifestations (yellow),common,2,MST153,"Illusionist, Action",https://storage.googleapis.com/fabmaster/cardfaces/2024-MST/EN/MST153.png,bCjWqFfWGjHnrGnPcw6p7,Yellow,2,2,,2,,,,"Illusionist, Action",,Go again,,,,,,"""Create a Spectral Shield token, then if you control no other Illusionist auras, put two +1{p} counters on it.",,,,,,,,74,0.1544885177453027,0.1317492785572409,1.4799194400000009,1.5096062093023253,0.10318420597732474,74,0.49333333333333335,0.4207193628594559,0.3293000034404039,0,0.0,0.0,0.0,0,0.0,0.0,0.0,0.10976666781346796
Spectral Manifestations (blue),common,3,MST154,"Illusionist, Action",https://storage.googleapis.com/fabmaster/cardfaces/2024-MST/EN/MST154.png,jJk6BgzffjFcwnKdrK6JN,Blue,3,2,,2,,,,"Illusionist, Action",,Go again,,,,,,"""Create a Spectral Shield token, then if you control no other Illusionist auras, put a +1{p} counter on it.",,,,,,,,118,0.24634655532359082,0.209593908724418,2.779961040000001,2.809647209302325,0.0880673397309504,118,0.7866666666666666,0.669303215193308,0.28113626845328216,0,0.0,0.0,0.0,0,0.0,0.0,0.0,0.09371208948442739
Vengeful Apparition (red),common,1,MST155,"Illusionist, Action, Aura",https://storage.googleapis.com/fabmaster/cardfaces/2024-MST/EN/MST155.png,pc7tf6hwQmpPJnngCLdhT,Red,1,0,,3,,,,"Illusionist, Action, Aura",,Ward 1,,,,,,"""When this leaves the arena, if you control no Illusionist auras, you may play your next aura with cost 2 or less this turn as though it were an instant. If you do, it enters the arena with a +1{p} counter.",,,,,,,,118,0.24634655532359082,0.20799906439735927,2.779961040000001,2.809647209302325,0.0880673397309504,118,0.7866666666666666,0.6642103456422339,0.28113626845328216,0,0.0,0.0,0.0,0,0.0,0.0,0.0,0.09371208948442739
Vengeful Apparition (yellow),common,2,MST156,"Illusionist, Action, Aura",https://storage.googleapis.com/fabmaster/cardfaces/2024-MST/EN/MST156.png,dD77fLzCjbgCCzMTRCBjt,Yellow,2,0,,3,,,,"Illusionist, Action, Aura",,Ward 1,,,,,,"""When this leaves the arena, if you control no Illusionist auras, you may play your next aura with cost 1 or less this turn as though it were an instant. If you do, it enters the arena with a +1{p} counter.",,,,,,,,65,0.13569937369519833,0.11493052681936676,1.4799194400000009,1.5096062093023253,0.09063477552062309,65,0.43333333333333335,0.36701148230984454,0.2892500030219764,0,0.0,0.0,0.0,0,0.0,0.0,0.0,0.09641666767399214
Vengeful Apparition (blue),common,3,MST157,"Illusionist, Action, Aura",https://storage.googleapis.com/fabmaster/cardfaces/2024-MST/EN/MST157.png,7gwBCNKjdk8w6cqJCdB9D,Blue,3,0,,3,,,,"Illusionist, Action, Aura",,Ward 1,,,,,,"""When this leaves the arena, if you control no Illusionist auras, you may play your next aura with cost 0 this turn as though it were an instant. If you do, it enters the arena with a +1{p} counter.",,,,,,,,169,0.35281837160751567,0.3002815693203626,2.779961040000001,2.809647209302325,0.1261303424960222,169,1.1266666666666667,0.958899144696358,0.40264431668309053,0,0.0,0.0,0.0,0,0.0,0.0,0.0,0.13421477222769684
Mask of Wizened Whiskers,common,0,MST160,special,https://storage.googleapis.com/fabmaster/cardfaces/2024-MST/EN/MST160.png,W9G8Kpb9cNTqNqpm8nJdz,,,,,1,,,,"Ninja, Equipment, Head",,Blade Break,,,,,Combo,"""When this defends, put a card with **combo** from your graveyard on the bottom of your deck.",,,,,,,,113,0.2359081419624217,0.0,1.8941635542857134,1.2000000000000002,0.15834475953922564,0,0.0,0.0,0.0,0,0.0,0.0,0.0,113,0.6243093922651933,0.0,0.41858606571207724,0.13952868857069242
Chase the Tail (red),mythic,1,MST161,"Ninja, Action, Attack",https://storage.googleapis.com/fabmaster/cardfaces/2024-MST/EN/MST161.png,WRGBnNRjPprcPjd67kBqM,Red,1,1,4,3,,,,"Ninja, Action, Attack",,Combo,,,,,,"**Combo** - When this attacks, if Crouching Tiger was the last attack this combat chain, this gets go again and the next Crouching Tiger you play this combat chain gets +3{p}.",Ninja Action - Attack,,,,No,No,,15,0.031315240083507306,0.026295592345218433,0.2051822222222222,0.21044711111111114,0.15037414825743273,0,0.0,0.0,0.0,0,0.0,0.0,0.0,15,0.08287292817679558,0.06958888802961122,0.3979751496062286,0.1326583832020762
Maul (yellow),mythic,2,MST162,"Ninja, Attack Reaction",https://storage.googleapis.com/fabmaster/cardfaces/2024-MST/EN/MST162.png,F7Btpwc6Cgn79D67Hkbpd,Yellow,2,0,,3,,,,"Ninja, Attack Reaction",,,,,,,,"""Choose 1 or both;",,,,,,,,19,0.03966597077244259,0.034000026361079114,0.2051822222222222,0.21044711111111114,0.19047392112608144,0,0.0,0.0,0.0,0,0.0,0.0,0.0,19,0.10497237569060773,0.08997797031467898,0.5041018561678896,0.1680339520559632
Territorial Domain (blue),mythic,3,MST163,"Ninja, Defense Reaction",https://storage.googleapis.com/fabmaster/cardfaces/2024-MST/EN/MST163.png,DJQQGbkdhhkMkqpDzWwrw,Blue,3,0,,2,,,,"Ninja, Defense Reaction",,,,,,,,"While this is defending, if you've created a Crouching Tiger this turn, this gets +3{d}.",Ninja Defense Reaction,,,,No,No,,15,0.031315240083507306,0.02802639769068016,0.2051822222222222,0.21044711111111114,0.15037414825743273,0,0.0,0.0,0.0,0,0.0,0.0,0.0,15,0.08287292817679558,0.07416930659577788,0.3979751496062286,0.1326583832020762
Aspect of Tiger: Body (red),rare,1,MST164,"Ninja, Action, Attack",https://storage.googleapis.com/fabmaster/cardfaces/2024-MST/EN/MST164.png,cFgpPh7JLB8jCtrTd6nKG,Red,1,0,3,3,,,,"Ninja, Action, Attack",,"Combo, Go again",,,,,,"**Combo** - When this attacks, if a red attack action card was the last attack this combat chain, this gets **go again** and create a Crouching Tiger in your banished zone. You may play it this turn.",Ninja Action - Attack,,,,,No,,68,0.1419624217118998,0.12452044259797782,0.9162024888888891,0.9151058666666666,0.15505465594635692,0,0.0,0.0,0.0,0,0.0,0.0,0.0,68,0.3756906077348066,0.32953200002448274,0.41033685570012546,0.13677895190004183
Aspect of Tiger: Soul (yellow),rare,2,MST165,"Ninja, Action, Attack",https://storage.googleapis.com/fabmaster/cardfaces/2024-MST/EN/MST165.png,khwtPrnQkQFfNBccCczht,Yellow,2,0,2,3,,,,"Ninja, Action, Attack",,"Combo, Go again",,,,,,"**Combo** - When this attacks, if a yellow attack action card was the last attack this combat chain, this gets **go again** and create a Crouching Tiger in your banished zone. You may play it this turn.",Ninja Action - Attack,,,,,No,,34,0.0709812108559499,0.06094225642024621,0.9162024888888891,0.9151058666666666,0.07752732797317846,0,0.0,0.0,0.0,0,0.0,0.0,0.0,34,0.1878453038674033,0.16127812610661843,0.20516842785006273,0.06838947595002091
Aspect of Tiger: Mind (blue),rare,3,MST166,"Ninja, Action, Attack",https://storage.googleapis.com/fabmaster/cardfaces/2024-MST/EN/MST166.png,p6nMGj9fLB8p9HFDhrJRP,Blue,3,0,1,3,,,,"Ninja, Action, Attack",,"Combo, Go again",,,,,,"**Combo** - When this attacks, if a blue attack action card was the last attack this combat chain, this gets **go again** and create a Crouching Tiger in your banished zone. You may play it this turn.",Ninja Action - Attack,,,,,No,,51,0.10647181628392484,0.09237210939906483,0.9162024888888891,0.9151058666666666,0.11629099195976769,0,0.0,0.0,0.0,0,0.0,0.0,0.0,51,0.281767955801105,0.24445436686271854,0.3077526417750941,0.10258421392503136
Qi Unleashed (red),rare,1,MST167,special,https://storage.googleapis.com/fabmaster/cardfaces/2024-MST/EN/MST167.png,twGn8N6Pm6ctFgKnjCpL7,Red,1,2,3,3,,,,"Ninja, Action, Attack",,Combo,,,,,,"**Combo** - If Crouching Tiger was the last attack this combat chain, this gets +4{p}.",Ninja Action - Attack,,,,,,,61,0.12734864300626306,0.1102856889047003,0.8047982222222227,0.8045213333333332,0.1582684512153908,0,0.0,0.0,0.0,0,0.0,0.0,0.0,61,0.3370165745856354,0.29186102201851627,0.41884268921956985,0.13961422973985663
Qi Unleashed (yellow),rare,2,MST168,special,https://storage.googleapis.com/fabmaster/cardfaces/2024-MST/EN/MST168.png,hrPnGKq9czRctFqJqWknC,Yellow,2,2,2,3,,,,"Ninja, Action, Attack",,Combo,,,,,,"**Combo** - If Crouching Tiger was the last attack this combat chain, this gets +4{p}.",Ninja Action - Attack,,,,,,,51,0.10647181628392484,0.09332537802653859,0.8047982222222227,0.8045213333333332,0.13232280347516281,0,0.0,0.0,0.0,0,0.0,0.0,0.0,51,0.281767955801105,0.2469771053851491,0.3501799532819354,0.11672665109397846
Qi Unleashed (blue),rare,3,MST169,special,https://storage.googleapis.com/fabmaster/cardfaces/2024-MST/EN/MST169.png,mBhNRNw6CMrF8trKHgtCC,Blue,3,2,1,3,,,,"Ninja, Action, Attack",,Combo,,,,,,"**Combo** - If Crouching Tiger was the last attack this combat chain, this gets +4{p}.",Ninja Action - Attack,,,,,,,50,0.10438413361169102,0.08975857839140114,0.8047982222222227,0.8045213333333332,0.12972823870114,0,0.0,0.0,0.0,0,0.0,0.0,0.0,50,0.27624309392265195,0.2375378953010008,0.343313679688172,0.11443789322939067
Blessing of Qi (red),rare,1,MST170,special,https://storage.googleapis.com/fabmaster/cardfaces/2024-MST/EN/MST170.png,TjwzWpWmkqtGd6WhLCmwN,Red,1,1,,3,,,,"Ninja, Action, Aura",,,,,,,,"At the start of your turn, destroy this, then create a Crouching Tiger in your banished zone. It gains +3{p} and you may play it this turn.",Ninja Action - Aura,,,,,No,,45,0.09394572025052192,0.08143897136172992,0.8047982222222227,0.8045213333333332,0.116755414831026,0,0.0,0.0,0.0,0,0.0,0.0,0.0,45,0.24861878453038674,0.21552081371419132,0.3089823117193548,0.1029941039064516
Blessing of Qi (yellow),rare,2,MST171,special,https://storage.googleapis.com/fabmaster/cardfaces/2024-MST/EN/MST171.png,m7ThmjJFr8DhTq96q9BJc,Yellow,2,1,,3,,,,"Ninja, Action, Aura",,,,,,,,"At the start of your turn, destroy this, then create a Crouching Tiger in your banished zone. It gains +2{p} and you may play it this turn.",Ninja Action - Aura,,,,,No,,38,0.07933194154488518,0.06874687983723014,0.8047982222222227,0.8045213333333332,0.0985934614128664,0,0.0,0.0,0.0,0,0.0,0.0,0.0,38,0.20994475138121546,0.18193235050847095,0.2609183965630107,0.0869727988543369
Blessing of Qi (blue),rare,3,MST172,special,https://storage.googleapis.com/fabmaster/cardfaces/2024-MST/EN/MST172.png,G9WT8dKmmQFdP7jmtqwqC,Blue,3,1,,3,,,,"Ninja, Action, Aura",,,,,,,,"At the start of your turn, destroy this, then create a Crouching Tiger in your banished zone. It gains +1{p} and you may play it this turn.",Ninja Action - Aura,,,,,No,,44,0.0918580375782881,0.07998096055265785,0.8047982222222227,0.8045213333333332,0.1141608500570032,0,0.0,0.0,0.0,0,0.0,0.0,0.0,44,0.2430939226519337,0.21166232102056967,0.30211603812559135,0.10070534604186378
Biting Breeze (red),common,1,MST173,special,https://storage.googleapis.com/fabmaster/cardfaces/2024-MST/EN/MST173.png,87m6C8jLpLWWnJP9BHkbK,Red,1,0,3,2,,,,"Ninja, Action, Attack",,Go again,,,,,,"""When this hits, create a Crouching Tiger in your banished zone. You may play it this turn.",,,,,,,,203,0.42379958246346555,0.3670963724243754,2.7799334400000006,2.8100456093023256,0.15149373422751408,0,0.0,0.0,0.0,0,0.0,0.0,0.0,203,1.1215469613259668,0.971487085034673,0.4009245118451113,0.13364150394837043
Biting Breeze (yellow),common,2,MST174,special,https://storage.googleapis.com/fabmaster/cardfaces/2024-MST/EN/MST174.png,RWtpgDMGHmDwhwrrKCDr9,Yellow,2,0,2,2,,,,"Ninja, Action, Attack",,Go again,,,,,,"""When this hits, create a Crouching Tiger in your banished zone. You may play it this turn.",,,,,,,,75,0.15657620041753653,0.134552068623814,1.4799056400000008,1.5098054093023259,0.10457088583319492,0,0.0,0.0,0.0,0,0.0,0.0,0.0,75,0.4143646408839779,0.3560797838166127,0.27675032005737626,0.09225010668579209
Biting Breeze (blue),common,3,MST175,special,https://storage.googleapis.com/fabmaster/cardfaces/2024-MST/EN/MST175.png,GKqLgtJWc9bCkMBHtBTLF,Blue,3,0,1,2,,,,"Ninja, Action, Attack",,Go again,,,,,,"""When this hits, create a Crouching Tiger in your banished zone. You may play it this turn.",,,,,,,,179,0.3736951983298539,0.32455315481089275,2.7799334400000006,2.8100456093023256,0.13358314495923654,0,0.0,0.0,0.0,0,0.0,0.0,0.0,179,0.988950276243094,0.8589003378697105,0.35352456955800454,0.11784152318600151
Breed Anger (red),common,1,MST176,"Ninja, Action, Attack",https://storage.googleapis.com/fabmaster/cardfaces/2024-MST/EN/MST176.png,H6WLbh6cgMkhmdqLhQWrJ,Red,1,1,4,3,,,,"Ninja, Action, Attack",,"Combo, Go again",,,,,,"**Combo** - When this attacks, if Crouching Tiger was the last attack this combat chain, this gets **go again** and create a Crouching Tiger in your banished zone. You may play it this turn.",Ninja Action - Attack,,,,,,,192,0.40083507306889354,0.34376387233628297,2.7799334400000006,2.8100456093023256,0.1432847141462202,0,0.0,0.0,0.0,0,0.0,0.0,0.0,192,1.0607734806629834,0.9097397505474009,0.37919953829685404,0.12639984609895136
Breed Anger (yellow),common,2,MST177,"Ninja, Action, Attack",https://storage.googleapis.com/fabmaster/cardfaces/2024-MST/EN/MST177.png,Bhzf7NDc9qBcP86RzJjmK,Yellow,2,1,3,3,,,,"Ninja, Action, Attack",,"Combo, Go again",,,,,,"**Combo** - When this attacks, if Crouching Tiger was the last attack this combat chain, this gets **go again** and create a Crouching Tiger in your banished zone. You may play it this turn.",Ninja Action - Attack,,,,,,,67,0.13987473903966596,0.1191528426607558,1.4799056400000008,1.5098054093023259,0.09341665801098746,0,0.0,0.0,0.0,0,0.0,0.0,0.0,67,0.3701657458563536,0.31532713610222113,0.24723028591792282,0.08241009530597428
Breed Anger (blue),common,3,MST178,"Ninja, Action, Attack",https://storage.googleapis.com/fabmaster/cardfaces/2024-MST/EN/MST178.png,mbtPRkBfzdTWWGGDFGmPB,Blue,3,1,2,3,,,,"Ninja, Action, Attack",,"Combo, Go again",,,,,,"**Combo** - When this attacks, if Crouching Tiger was the last attack this combat chain, this gets **go again** and create a Crouching Tiger in your banished zone. You may play it this turn.",Ninja Action - Attack,,,,,,,184,0.38413361169102295,0.33574229043319886,2.7799334400000006,2.8100456093023256,0.13731451772346104,0,0.0,0.0,0.0,0,0.0,0.0,0.0,184,1.0165745856353592,0.8885113652900677,0.3633995575344851,0.12113318584482836
Flex Claws (red),common,1,MST179,special,https://storage.googleapis.com/fabmaster/cardfaces/2024-MST/EN/MST179.png,HNQqczGWgqmCzqGqnWkwk,Red,1,1,4,2,,,,"Ninja, Action, Attack",,Go again,,,,,,"""When this hits, create a Crouching Tiger in your banished zone. You may play it this turn.",,,,,,,,192,0.40083507306889354,0.34638273831938804,2.6000556000000006,2.6004804000000004,0.15414936965822634,0,0.0,0.0,0.0,0,0.0,0.0,0.0,192,1.0607734806629834,0.9166703406352865,0.4079424113205161,0.13598080377350538
Flex Claws (yellow),common,2,MST180,special,https://storage.googleapis.com/fabmaster/cardfaces/2024-MST/EN/MST180.png,MGFhzzHdwLqwChD6TLkjk,Yellow,2,1,3,2,,,,"Ninja, Action, Attack",,Go again,,,,,,"""When this hits, create a Crouching Tiger in your banished zone. You may play it this turn.",,,,,,,,47,0.09812108559498957,0.08568580184476508,1.3000278000000003,1.3002402000000002,0.07546896222850664,0,0.0,0.0,0.0,0,0.0,0.0,0.0,47,0.2596685082872928,0.22675966344553852,0.199721805542336,0.06657393518077867
Flex Claws (blue),common,3,MST181,special,https://storage.googleapis.com/fabmaster/cardfaces/2024-MST/EN/MST181.png,phtD8RM6rJ6FWPFwFwkzg,Blue,3,1,2,2,,,,"Ninja, Action, Attack",,Go again,,,,,,"""When this hits, create a Crouching Tiger in your banished zone. You may play it this turn.",,,,,,,,144,0.30062630480167013,0.2611078261039493,2.6000556000000006,2.6004804000000004,0.11561202724366974,0,0.0,0.0,0.0,0,0.0,0.0,0.0,144,0.7955801104972375,0.6909980591369708,0.3059568084903871,0.10198560283012903
Pouncing Qi (red),common,1,MST182,special,https://storage.googleapis.com/fabmaster/cardfaces/2024-MST/EN/MST182.png,jDjbmKWW9RHJwwncKDDfK,Red,1,0,3,3,,,,"Ninja, Action, Attack",,"Combo, Go again",,,,,,"**Combo** - If Crouching Tiger was the last attack this combat chain, this gets +1{p} and **go again**.",Ninja Action - Attack,,,,,,,208,0.4342379958246347,0.37731406346579766,2.6000556000000006,2.6004804000000004,0.16699515046307853,0,0.0,0.0,0.0,0,0.0,0.0,0.0,208,1.149171270718232,0.9985272729288237,0.44193761226389244,0.1473125374212975
Pouncing Qi (yellow),common,2,MST183,special,https://storage.googleapis.com/fabmaster/cardfaces/2024-MST/EN/MST183.png,KGCccRcdK768czQhpzLPq,Yellow,2,0,2,3,,,,"Ninja, Action, Attack",,"Combo, Go again",,,,,,"**Combo** - If Crouching Tiger was the last attack this combat chain, this gets +1{p} and **go again**.",Ninja Action - Attack,,,,,,,84,0.17536534446764093,0.15220416394508932,1.3000278000000003,1.3002402000000002,0.13488069845094805,0,0.0,0.0,0.0,0,0.0,0.0,0.0,84,0.46408839779005523,0.4027944449154574,0.3569496099054516,0.1189832033018172
Pouncing Qi (blue),common,3,MST184,special,https://storage.googleapis.com/fabmaster/cardfaces/2024-MST/EN/MST184.png,qmQ6tmqFznzMnf9dcDRcF,Blue,3,0,1,3,,,,"Ninja, Action, Attack",,"Combo, Go again",,,,,,"**Combo** - If Crouching Tiger was the last attack this combat chain, this gets +1{p} and **go again**.",Ninja Action - Attack,,,,,,,213,0.44467640918580376,0.38775179181873576,2.6000556000000006,2.6004804000000004,0.17100945696459482,0,0.0,0.0,0.0,0,0.0,0.0,0.0,213,1.1767955801104972,1.026149769509251,0.4525611125586976,0.15085370418623253
Untamed (red),common,1,MST185,"Ninja, Action, Attack",https://storage.googleapis.com/fabmaster/cardfaces/2024-MST/EN/MST185.png,qTJLpcMt6WFTDHRgD87tw,Red,1,1,4,2,,,,"Ninja, Action, Attack",,Go again,,,,,,"""When this attacks, the next Crouching Tiger you play this combat chain gets +1{p}.",,,,,,,,236,0.49269311064718163,0.42788572067667746,2.7799334400000006,2.8100456093023256,0.17612079447139567,0,0.0,0.0,0.0,0,0.0,0.0,0.0,236,1.3038674033149171,1.1323605536139698,0.4660994324898831,0.15536647749662771
Untamed (yellow),common,2,MST186,"Ninja, Action, Attack",https://storage.googleapis.com/fabmaster/cardfaces/2024-MST/EN/MST186.png,98BmgHpwB8bNp9cRL6DLp,Yellow,2,1,3,2,,,,"Ninja, Action, Attack",,Go again,,,,,,"""When this attacks, the next Crouching Tiger you play this combat chain gets +1{p}.",,,,,,,,79,0.1649269311064718,0.14112211348231835,1.4799056400000008,1.5098054093023259,0.11014799974429865,0,0.0,0.0,0.0,0,0.0,0.0,0.0,79,0.43646408839779005,0.37346680860790327,0.291510337127103,0.097170112375701
Untamed (blue),common,3,MST187,"Ninja, Action, Attack",https://storage.googleapis.com/fabmaster/cardfaces/2024-MST/EN/MST187.png,BfJLtP7NqCGQM8m6LGHdq,Blue,3,1,2,2,,,,"Ninja, Action, Attack",,Go again,,,,,,"""When this attacks, the next Crouching Tiger you play this combat chain gets +1{p}.",,,,,,,,156,0.325678496868476,0.28246155285774127,2.7799334400000006,2.8100456093023256,0.11641883024380391,0,0.0,0.0,0.0,0,0.0,0.0,0.0,156,0.861878453038674,0.7475087503804313,0.3080996248661939,0.10269987495539797
Rowdy Locals (blue),mythic,3,MST191,"Generic, Action, Attack",https://storage.googleapis.com/fabmaster/cardfaces/2024-MST/EN/MST191.png,G6zJNLBqTJDLhPgDqpT6w,Blue,3,0,2,3,,,,"Generic, Action, Attack",,,,,,,,"""If this is defended by an action card, this gets +2{p}.",,,,,,,,9,0.018789144050104383,0.01640604524216215,0.2051822222222222,0.21044711111111114,0.09022448895445963,2,0.013333333333333334,0.011428571428571429,0.06397604100107888,4,0.02702702702702703,0.02432139932139932,0.12987565473925208,3,0.016574585635359115,0.014058800315706393,0.07959502992124572,0.09114890855385889
The Weakest Link (red),mythic,1,MST192,"Generic, Action, Attack",https://storage.googleapis.com/fabmaster/cardfaces/2024-MST/EN/MST192.png,JjHcGC99TqTf6Mz697hng,Red,1,2,6,3,,,,"Generic, Action, Attack",,,,,,,,"When this hits a hero, look at their hand and choose a card without base {d}. If you do, they discard it and you draw a card.",Generic Action - Attack,,,,No,No,,9,0.018789144050104383,0.016465388504454313,0.2051822222222222,0.21044711111111114,0.09022448895445963,3,0.02,0.017320261437908494,0.09596406150161833,0,0.0,0.0,0.0,6,0.03314917127071823,0.02922034186711239,0.15919005984249143,0.08505137378136991
Prismatic Leyline (yellow),mythic,2,MST193,"Generic, Action",https://storage.googleapis.com/fabmaster/cardfaces/2024-MST/EN/MST193.png,9f8NPBQcRJWdqLqBhQfpB,Yellow,2,0,,3,,,,"Generic, Action",,Go again,,,,,,"""Your next red attack this turn gets +1{p}, your next yellow gets +2{p}, and your next blue gets +3{p}.",,,,,,,,9,0.018789144050104383,0.016229577719265344,0.2051822222222222,0.21044711111111114,0.09022448895445963,2,0.013333333333333334,0.010668563300142247,0.06397604100107888,3,0.02027027027027027,0.01802671397265992,0.09740674105443907,4,0.022099447513812154,0.01936867162736516,0.10612670656166096,0.08916982953905965
Blanch (red),rare,1,MST194,"Generic, Action, Attack",https://storage.googleapis.com/fabmaster/cardfaces/2024-MST/EN/MST194.png,hnhmF8pkDjHM8HBKjKH8G,Red,1,3,7,2,,,,"Generic, Action, Attack",,,,,,,,"When this hits a hero, cards they own lose all colors until the end of their next turn.",Generic Action - Attack,,,,,No,,78,0.162839248434238,0.14173249011172517,0.9162024888888891,0.9151058666666666,0.17785681123258587,29,0.19333333333333333,0.1667963526632257,0.21117096734470542,24,0.16216216216216217,0.1405800923252139,0.17711125520970297,25,0.13812154696132597,0.12190362541381675,0.15085913812504614,0.1797137868931515
Blanch (yellow),rare,2,MST195,"Generic, Action, Attack",https://storage.googleapis.com/fabmaster/cardfaces/2024-MST/EN/MST195.png,rNKN6PqmhhkTDLLhJmkGw,Yellow,2,3,6,2,,,,"Generic, Action, Attack",,,,,,,,"When this hits a hero, cards they own lose all colors until the end of their next turn.",Generic Action - Attack,,,,,No,,53,0.11064718162839249,0.09728975579910333,0.9162024888888891,0.9151058666666666,0.12085142301701349,17,0.11333333333333333,0.09658045363927717,0.12378987740896524,17,0.11486486486486487,0.10272474224872426,0.1254538057735396,19,0.10497237569060773,0.09343349795065052,0.11465294497503506,0.12129887605251329
Blanch (blue),rare,3,MST196,"Generic, Action, Attack",https://storage.googleapis.com/fabmaster/cardfaces/2024-MST/EN/MST196.png,NqMBhfgdBcBmpcnmF7BpP,Blue,3,3,5,2,,,,"Generic, Action, Attack",,,,,,,,"When this hits a hero, cards they own lose all colors until the end of their next turn.",Generic Action - Attack,,,,,No,,38,0.07933194154488518,0.06952507694196162,0.9162024888888891,0.9151058666666666,0.08664819008767004,16,0.10666666666666667,0.09462030186875388,0.11650811991432022,11,0.07432432432432433,0.0644438405269089,0.08117599197111386,11,0.06077348066298342,0.05288275235858571,0.0663780207750203,0.08802071088681812
Emissary of Moon (red),rare,1,MST197,"Generic, Action, Attack",https://storage.googleapis.com/fabmaster/cardfaces/2024-MST/EN/MST197.png,DgQfj8jGQBWmBQKW9kngT,Red,1,0,4,2,,,,"Generic, Action, Attack",,,,,,,,"When this attacks, you may put a card from your hand on the bottom of your deck. If you do, draw a card.",Generic Action - Attack,,,,,No,,55,0.11482254697286012,0.09987179196907753,0.9162024888888891,0.9151058666666666,0.12541185407425928,16,0.10666666666666667,0.08995960785084924,0.11650811991432022,13,0.08783783783783784,0.0776025914999388,0.0959352632385891,26,0.143646408839779,0.12629537919099337,0.15689350365004798,0.12311229560098576
Emissary of Tides (red),rare,1,MST198,"Generic, Action, Attack",https://storage.googleapis.com/fabmaster/cardfaces/2024-MST/EN/MST198.png,zFJbjDkLPqmCzQFwjtdFc,Red,1,0,4,2,,,,"Generic, Action, Attack",,,,,,,,"When this attacks, you may put a card from your hand on the bottom of your deck. If you do, this gets +2{p}.",Generic Action - Attack,,,,,No,,57,0.11899791231732777,0.10471932388389187,0.9162024888888891,0.9151058666666666,0.12997228513150508,11,0.07333333333333333,0.06341935422817775,0.08009933244109516,16,0.10810810810810811,0.09627440993185794,0.11807417013980197,30,0.16574585635359115,0.14585105158145056,0.18103096575005537,0.12640148944365082
Emissary of Wind (red),rare,1,MST199,"Generic, Action, Attack",https://storage.googleapis.com/fabmaster/cardfaces/2024-MST/EN/MST199.png,MhJphRFQWwMc7JpbJQfGt,Red,1,0,4,2,,,,"Generic, Action, Attack",,Go again,,,,,,"When this attacks, you may put a card from your hand on the bottom of your deck. If you do, this gets **go again**.",Generic Action - Attack,,,,,No,,55,0.11482254697286012,0.09954643801424565,0.9162024888888891,0.9151058666666666,0.12541185407425928,18,0.12,0.10189858091173881,0.13107163490361026,16,0.10810810810810811,0.09532027886047731,0.11807417013980197,21,0.11602209944751381,0.10105279226912817,0.12672167602503875,0.12528916035615031
Gravekeeping (red),rare,1,MST200,"Generic, Action, Attack",https://storage.googleapis.com/fabmaster/cardfaces/2024-MST/EN/MST200.png,wGPRkjkMdNTdwLQPPb9JK,Red,1,1,5,2,,,,"Generic, Action, Attack",,,,,,,,"When this attacks a hero, you may banish a card from their graveyard.",Generic Action - Attack,,,,,No,,58,0.12108559498956159,0.10696547297227112,0.9162024888888891,0.9151058666666666,0.13225250066012798,5,0.03333333333333333,0.03099057804940158,0.03640878747322507,28,0.1891891891891892,0.16496994893230127,0.20662979774465345,25,0.13812154696132597,0.12249901880843675,0.15085913812504614,0.1312992411143082
Gravekeeping (yellow),rare,2,MST201,"Generic, Action, Attack",https://storage.googleapis.com/fabmaster/cardfaces/2024-MST/EN/MST201.png,q8bTDr6MqMQK6GPrKJRQb,Yellow,2,1,4,2,,,,"Generic, Action, Attack",,,,,,,,"When this attacks a hero, you may banish a card from their graveyard.",Generic Action - Attack,,,,,No,,46,0.09603340292275574,0.08320319974612629,0.9162024888888891,0.9151058666666666,0.1048899143166532,10,0.06666666666666667,0.05663550270748413,0.07281757494645014,21,0.14189189189189189,0.12297616819597197,0.1549723483084901,15,0.08287292817679558,0.07269908496833152,0.09051548287502768,0.10610180204332265
Gravekeeping (blue),rare,3,MST202,"Generic, Action, Attack",https://storage.googleapis.com/fabmaster/cardfaces/2024-MST/EN/MST202.png,WqcGNMjbcfh8kknkfDrpK,Blue,3,1,3,2,,,,"Generic, Action, Attack",,,,,,,,"When this attacks a hero, you may banish a card from their graveyard.",Generic Action - Attack,,,,,No,,44,0.0918580375782881,0.07917033594619971,0.9162024888888891,0.9151058666666666,0.10032948325940742,9,0.06,0.05004365710248062,0.06553581745180513,23,0.1554054054054054,0.13789428173853424,0.16973161957596533,12,0.06629834254143646,0.05529109754450005,0.07241238630002214,0.10255994110926421
Battlefront Bastion (red),common,1,MST203,special,https://storage.googleapis.com/fabmaster/cardfaces/2024-MST/EN/MST203.png,JBFH9nKhtQJdWd9DrKkHz,Red,1,3,7,2,,,,"Generic, Action, Attack",,,,,,,,"When this defends alone, prevent the next 1 damage that would be dealt to you this turn.",Generic Action - Attack,,,,,,,149,0.31106471816283926,0.2701735566441379,2.122756697142857,2.209517209302326,0.1431306911568515,54,0.36,0.3072623643528967,0.16544347175034027,48,0.32432432432432434,0.28382230244766726,0.1494012961675844,47,0.2596685082872928,0.22827667523399403,0.11949289778155321,0.14477922189982598
Battlefront Bastion (yellow),common,2,MST204,special,https://storage.googleapis.com/fabmaster/cardfaces/2024-MST/EN/MST204.png,jdKRbHgdf6Dwcw7dwHHjh,Yellow,2,3,6,2,,,,"Generic, Action, Attack",,,,,,,,"When this defends alone, prevent the next 1 damage that would be dealt to you this turn.",Generic Action - Attack,,,,,,,180,0.3757828810020877,0.32508296072464954,2.122756697142857,3.7094812093023246,0.12333019507664943,93,0.62,0.526999065420118,0.20026177888546012,45,0.30405405405405406,0.26719717936608955,0.10128761288744458,42,0.23204419889502761,0.2050811924193825,0.07624925749213834,0.12593288308834769
Battlefront Bastion (blue),common,3,MST205,special,https://storage.googleapis.com/fabmaster/cardfaces/2024-MST/EN/MST205.png,QhmRdkQHR9W8JbdmBTW9k,Blue,3,3,5,2,,,,"Generic, Action, Attack",,,,,,,,"When this defends alone, prevent the next 1 damage that would be dealt to you this turn.",Generic Action - Attack,,,,,,,140,0.29227557411273486,0.2524830188600453,2.122756697142857,2.209517209302326,0.1344852131675115,73,0.4866666666666667,0.41580835237568997,0.22365506366249702,34,0.22972972972972974,0.19884871178995409,0.10582591811870563,33,0.18232044198895028,0.1609862090204151,0.08389926865513311,0.1377934168121119
Fact-Finding Mission (red),common,1,MST206,"Generic, Action, Attack",https://storage.googleapis.com/fabmaster/cardfaces/2024-MST/EN/MST206.png,bcKbBC6rpD6rTJ8dFLLpN,Red,1,2,6,2,,,,"Generic, Action, Attack",,,,,,,,"When this hits a hero, you may look at a face-down card in their arsenal or equipment zones.",Generic Action - Attack,,,,,,,111,0.23173277661795408,0.20168980530404973,2.122756697142857,2.209517209302326,0.10662756186852697,33,0.22,0.18769676143128158,0.10110434384743017,35,0.23648648648648649,0.20980814250281848,0.10893844512219697,43,0.23756906077348067,0.20664805213000298,0.10932328945971889,0.10645535947644869
Fact-Finding Mission (yellow),common,2,MST207,"Generic, Action, Attack",https://storage.googleapis.com/fabmaster/cardfaces/2024-MST/EN/MST207.png,MdHHgpMCDBkpJFFNh9wqd,Yellow,2,2,5,2,,,,"Generic, Action, Attack",,,,,,,,"When this hits a hero, you may look at a face-down card in their arsenal or equipment zones.",Generic Action - Attack,,,,,,,74,0.1544885177453027,0.13513224696339307,2.122756697142857,1.2095412093023257,0.09711116121462228,24,0.16,0.1378817747625797,0.10239009205095684,16,0.10810810810810811,0.09414126723254922,0.06686606093322196,34,0.1878453038674033,0.16637111895392848,0.11791989201188942,0.09572534833202273
Fact-Finding Mission (blue),common,3,MST208,"Generic, Action, Attack",https://storage.googleapis.com/fabmaster/cardfaces/2024-MST/EN/MST208.png,tgTDwMGbBwknnTNjTTKJJ,Blue,3,2,4,2,,,,"Generic, Action, Attack",,,,,,,,"When this hits a hero, you may look at a face-down card in their arsenal or equipment zones.",Generic Action - Attack,,,,,,,95,0.19832985386221294,0.17185532351050722,2.122756697142857,2.209517209302326,0.09125782322081137,33,0.22,0.1894470096911923,0.10110434384743017,27,0.18243243243243243,0.15773522121878214,0.08403822909426624,35,0.19337016574585636,0.16882229705786983,0.08898407281605027,0.09137554858591555
Nimble Strike (red),common,1,MST209,special,https://storage.googleapis.com/fabmaster/cardfaces/2024-MST/EN/MST209.png,tfgqfmpf8PtwhJqcBKDwB,Red,1,1,4,2,,,,"Generic, Action, Attack",,,,,,,,"As an additional cost to play Nimble Strike, you may banish a card named Nimblism from your graveyard. If you do, Nimble Strike gain +1{p} and **go again**.",Generic Action - Attack,,,,,,,90,0.18789144050104384,0.1645887226932103,1.9428788571428568,1.9999520000000002,0.09508089689168922,14,0.09333333333333334,0.08037601763645408,0.047188483569305155,31,0.20945945945945946,0.1832091688602127,0.10608225389181082,45,0.24861878453038674,0.21915269907882962,0.12582001336366716,0.09303025027492771
Nimble Strike (yellow),common,2,MST210,special,https://storage.googleapis.com/fabmaster/cardfaces/2024-MST/EN/MST210.png,6M6NPTgtR8MTpJJrDMtRW,Yellow,2,1,3,2,,,,"Generic, Action, Attack",,,,,,,,"As an additional cost to play Nimble Strike, you may banish a card named Nimblism from your graveyard. If you do, Nimble Strike gain +1{p} and **go again**.",Generic Action - Attack,,,,,,,47,0.09812108559498957,0.08565940633787922,1.9428788571428568,0.49998800000000004,0.08900294337440887,9,0.06,0.050845210535613014,0.05671582489483482,12,0.08108108108108109,0.0701379324441725,0.07090982361937748,26,0.143646408839779,0.12720254173350645,0.12989768404791036,0.08584111085404089
Nimble Strike (blue),common,3,MST211,special,https://storage.googleapis.com/fabmaster/cardfaces/2024-MST/EN/MST211.png,dKnLDB7TncwgzFwBf8jfz,Blue,3,1,2,2,,,,"Generic, Action, Attack",,,,,,,,"As an additional cost to play Nimble Strike, you may banish a card named Nimblism from your graveyard. If you do, Nimble Strike gain +1{p} and **go again**.",Generic Action - Attack,,,,,,,51,0.10647181628392484,0.09220062151890128,1.9428788571428568,0.49998800000000004,0.09657766195946495,13,0.08666666666666667,0.07330847654377066,0.08192285818142808,16,0.10810810810810811,0.09318153102930528,0.09454643149250329,22,0.12154696132596685,0.10705502560028142,0.10991342496361646,0.09546090487918261
Water the Seeds (red),common,1,MST212,"Generic, Action, Attack",https://storage.googleapis.com/fabmaster/cardfaces/2024-MST/EN/MST212.png,LLqCLBMtLJ86PW6CHQFRJ,Red,1,1,3,2,,,,"Generic, Action, Attack",,Go again,,,,,,"""When this attacks, your next attack this combat chain with 1 or less base {p} gets +1{p}.",,,,,,,,102,0.21294363256784968,0.18670285229079775,2.122756697142857,2.209517209302326,0.09798208387918694,11,0.07333333333333333,0.06085345256822336,0.033701447949143384,28,0.1891891891891892,0.16428657331223015,0.08715075609775758,63,0.34806629834254144,0.3093272680212628,0.16017133106889048,0.09367451170526381
Water the Seeds (yellow),common,2,MST213,"Generic, Action, Attack",https://storage.googleapis.com/fabmaster/cardfaces/2024-MST/EN/MST213.png,9PMGqRfwFLwCKJfhKbmmp,Yellow,2,1,2,2,,,,"Generic, Action, Attack",,Go again,,,,,,"""When this attacks, your next attack this combat chain with 1 or less base {p} gets +1{p}.",,,,,,,,51,0.10647181628392484,0.09390127341728931,2.122756697142857,0.7095532093023257,0.08192551499953037,7,0.04666666666666667,0.04055438842203548,0.0371552292583503,20,0.13513513513513514,0.11963633340244086,0.10086476142257447,24,0.13259668508287292,0.11706836662991729,0.10176710264475591,0.07992903110856023
Water the Seeds (blue),common,3,MST214,"Generic, Action, Attack",https://storage.googleapis.com/fabmaster/cardfaces/2024-MST/EN/MST214.png,Q6NPtH8N8MJcmBc9pkpHL,Blue,3,1,1,2,,,,"Generic, Action, Attack",,Go again,,,,,,"""When this attacks, your next attack this combat chain with 1 or less base {p} gets +1{p}.",,,,,,,,111,0.23173277661795408,0.20117570483291536,2.122756697142857,2.7095052093023253,0.09402769198082735,27,0.18,0.15267412083588555,0.07250378185759497,35,0.23648648648648649,0.20737523388342527,0.09660999150957907,49,0.27071823204419887,0.2363011595294848,0.10990796630892896,0.093007246558701
Wounding Blow (red),common,1,MST215,special,https://storage.googleapis.com/fabmaster/cardfaces/2024-MST/EN/MST215.png,rLN8wNfkTtF9zBg8zwGzW,Red,1,0,4,3,,,,"Generic, Action, Attack",,,,,,,,,Generic Action - Attack,,,,,,,100,0.20876826722338204,0.18140103645339442,1.9428788571428568,1.499964,0.123905645601647,23,0.15333333333333332,0.13120151256761167,0.09174909861582455,25,0.16891891891891891,0.1454366564752202,0.09951157625786353,52,0.287292817679558,0.2524101901530475,0.17040519657350806,0.12055529048239871
Wounding Blow (yellow),common,2,MST216,special,https://storage.googleapis.com/fabmaster/cardfaces/2024-MST/EN/MST216.png,Tb79JpdtgFJJwfFCGc9Dc,Yellow,2,0,3,3,,,,"Generic, Action, Attack",,,,,,,,,Generic Action - Attack,,,,,,,74,0.1544885177453027,0.13535103839521773,1.9428788571428568,0.9999760000000001,0.11084995204802271,20,0.13333333333333333,0.11429333302785316,0.09771122892417648,19,0.12837837837837837,0.1136718245528313,0.0903780499968872,35,0.19337016574585636,0.17052882543266454,0.13852812583921187,0.10887246825342518
Wounding Blow (blue),common,3,MST217,special,https://storage.googleapis.com/fabmaster/cardfaces/2024-MST/EN/MST217.png,nGQcDzcjQ8gw8HGzwCGnF,Blue,3,0,2,3,,,,"Generic, Action, Attack",,,,,,,,,Generic Action - Attack,,,,,,,188,0.3924843423799583,0.34005921591351085,1.9428788571428568,3.4999159999999994,0.13772365726986988,87,0.58,0.49190275268061623,0.20014758205682778,38,0.25675675675675674,0.22882738036433506,0.09151706271503571,63,0.34806629834254144,0.3051740288760097,0.12229448371247292,0.13798637616144546
Evasive Leap (red),common,1,MST218,"Generic, Defense Reaction",https://storage.googleapis.com/fabmaster/cardfaces/2024-MST/EN/MST218.png,QtTgrgcKwKqCJ8dc9Mbbb,Red,1,0,,3,,,,"Generic, Defense Reaction",,,,,,,,,Generic Defense Reaction,,,,,,,155,0.3235908141962422,0.27914278831167494,2.122756697142857,3.2094932093023254,0.11742424733258308,82,0.5466666666666666,0.4653278194307357,0.19598785907016109,43,0.2905405405405405,0.25467539305668824,0.10662556767154388,30,0.16574585635359115,0.14485229013421097,0.06020151905134877,0.12093831526435124
Evasive Leap (yellow),common,2,MST219,"Generic, Defense Reaction",https://storage.googleapis.com/fabmaster/cardfaces/2024-MST/EN/MST219.png,whmMnfgwjqMJCHKGBHfq7,Yellow,2,0,,2,,,,"Generic, Defense Reaction",,,,,,,,,Generic Defense Reaction,,,,,,,86,0.17954070981210857,0.15371472813124343,2.122756697142857,1.7095292093023255,0.09539550428297831,26,0.17333333333333334,0.1474630714607495,0.09272581141909436,27,0.18243243243243243,0.15767428630107486,0.09633109221622144,33,0.18232044198895028,0.155658009299415,0.09682244123289019,0.09529311495606867
Evasive Leap (blue),common,3,MST220,"Generic, Defense Reaction",https://storage.googleapis.com/fabmaster/cardfaces/2024-MST/EN/MST220.png,N8LCzb9K8GdzMRmNbB6GM,Blue,3,0,,1,,,,"Generic, Defense Reaction",,,,,,,,,Generic Defense Reaction,,,,,,,65,0.13569937369519833,0.11690366058243405,2.122756697142857,1.2095412093023257,0.08530034431014119,19,0.12666666666666668,0.10818030979795687,0.08105882287367416,18,0.12162162162162163,0.10592636430900572,0.0752243185498747,28,0.15469613259668508,0.13310886757767693,0.09711049930390893,0.0844645469091526
Nimblism (red),common,1,MST221,special,https://storage.googleapis.com/fabmaster/cardfaces/2024-MST/EN/MST221.png,8gDnjCfGbwdzrRztkMJJG,Red,1,0,,2,,,,"Generic, Action",,Go again,,,,,,"""The next attack action card with cost 1 or less you play this turn gains +3{p}.",,,,,,,,86,0.17954070981210857,0.15600198515762922,1.9428788571428568,0.9999760000000001,0.12882561994770209,6,0.04,0.03365937365937365,0.029313368677252944,32,0.21621621621621623,0.1897085939059414,0.15221566315265211,48,0.26519337016574585,0.22982968477082355,0.18998142972234772,0.12383682051741758
Nimblism (yellow),common,2,MST222,special,https://storage.googleapis.com/fabmaster/cardfaces/2024-MST/EN/MST222.png,M6j9KrDRqMMHwGqw9QLKz,Yellow,2,0,,2,,,,"Generic, Action",,Go again,,,,,,"""The next attack action card with cost 1 or less you play this turn gains +2{p}.",,,,,,,,57,0.11899791231732777,0.10393332910343414,1.9428788571428568,0.9999760000000001,0.08538442252347696,7,0.04666666666666667,0.039604986354212356,0.03419893012346177,22,0.14864864864864866,0.130645474743249,0.10464826841744833,28,0.15469613259668508,0.13540213494702905,0.1108225006713695,0.08322323307075986
Nimblism (blue),common,3,MST223,special,https://storage.googleapis.com/fabmaster/cardfaces/2024-MST/EN/MST223.png,cQD9DmppBQNGqb9CdqCRc,Blue,3,0,,2,,,,"Generic, Action",,Go again,,,,,,"""The next attack action card with cost 1 or less you play this turn gains +1{p}.",,,,,,,,77,0.16075156576200417,0.14139265384524163,1.9428788571428568,1.499964,0.09540734711326819,13,0.08666666666666667,0.07109903136218926,0.0518581861741617,31,0.20945945945945946,0.18589718475917938,0.12339435455975077,33,0.18232044198895028,0.16325659195129164,0.10814175936395704,0.09446476669928983
Cracked Bauble (yellow),token,,SEA246,[],https://storage.googleapis.com/fabmaster/cardfaces/2025-SEA/EN/SEA246.png,Dbhn6rRcrbdRnKbqdPdwh,Yellow,2,,,,,,,"Generic, Resource",,,,,,,,*(A player may add any number of Cracked Baubles to their card-pool in sealed deck or booster draft formats.)*,Generic Resource,,,,,,,9,0.018789144050104383,0.018789144050104383,0.0,0.0,0.0,0,0.0,0.0,0.0,7,0.0472972972972973,0.0472972972972973,0.0,2,0.011049723756906077,0.011049723756906077,0.0,0.0
