deck_id,hero,date,card_name,count,is_equipment
0,Nuu,2024-05-20T05:39:13,Bonds of Memory (red),1,0
0,Nuu,2024-05-20T05:39:13,Desires of Flesh (red),1,0
0,Nuu,2024-05-20T05:39:13,Double Trouble (red),1,0
0,Nuu,2024-05-20T05:39:13,Evasive Leap (red),2,0
0,Nuu,2024-05-20T05:39:13,Hiss (red),1,0
0,Nuu,2024-05-20T05:39:13,Impulsive Desire (red),2,0
0,Nuu,2024-05-20T05:39:13,Intimate Inducement (red),2,0
0,Nuu,2024-05-20T05:39:13,Mind's Desire (red),1,0
0,Nuu,2024-05-20T05:39:13,Pick to Pieces (red),1,0
0,Nuu,2024-05-20T05:39:13,Evasive Leap (yellow),1,0
0,Nuu,2024-05-20T05:39:13,Hiss (yellow),1,0
0,Nuu,2024-05-20T05:39:13,Mind's Desire (yellow),1,0
0,Nuu,2024-05-20T05:39:13,Pick to Pieces (yellow),2,0
0,Nuu,2024-05-20T05:39:13,Venomous Bite (yellow),1,0
0,Nuu,2024-05-20T05:39:13,Wounding Blow (yellow),1,0
0,Nuu,2024-05-20T05:39:13,Art of Desire: Mind (blue),1,0
0,Nuu,2024-05-20T05:39:13,Battlefront Bastion (blue),1,0
0,Nuu,2024-05-20T05:39:13,Desires of Flesh (blue),1,0
0,Nuu,2024-05-20T05:39:13,Hiss (blue),1,0
0,Nuu,2024-05-20T05:39:13,Intimate Inducement (blue),2,0
0,Nuu,2024-05-20T05:39:13,Levels of Enlightenment (blue),1,0
0,Nuu,2024-05-20T05:39:13,Mind's Desire (blue),1,0
0,Nuu,2024-05-20T05:39:13,Pass Over (blue),2,0
0,Nuu,2024-05-20T05:39:13,Path Well Traveled (blue),2,0
0,Nuu,2024-05-20T05:39:13,Pick to Pieces (blue),1,0
0,Nuu,2024-05-20T05:39:13,Venomous Bite (blue),1,0
0,Nuu,2024-05-20T05:39:13,Wounding Blow (blue),1,0
0,Nuu,2024-05-20T05:39:13,Aqua Laps,1,1
0,Nuu,2024-05-20T05:39:13,Aqua Seeing Shell,1,1
0,Nuu,2024-05-20T05:39:13,Heirloom of Snake Hide,1,1
1,Enigma,2024-05-20T07:31:00,Astral Etchings (red),1,0
1,Enigma,2024-05-20T07:31:00,Battlefront Bastion (red),1,0
1,Enigma,2024-05-20T07:31:00,Haze Shelter (red),1,0
1,Enigma,2024-05-20T07:31:00,Single Minded Determination (red),1,0
1,Enigma,2024-05-20T07:31:00,Solitary Companion (red),1,0
1,Enigma,2024-05-20T07:31:00,Spectral Manifestations (red),1,0
1,Enigma,2024-05-20T07:31:00,Vengeful Apparition (red),2,0
1,Enigma,2024-05-20T07:31:00,Waning Vengeance (red),1,0
1,Enigma,2024-05-20T07:31:00,Waxing Specter (red),1,0
1,Enigma,2024-05-20T07:31:00,Astral Etchings (yellow),1,0
1,Enigma,2024-05-20T07:31:00,Evasive Leap (yellow),2,0
1,Enigma,2024-05-20T07:31:00,Single Minded Determination (yellow),1,0
1,Enigma,2024-05-20T07:31:00,A Drop in the Ocean (blue),2,0
1,Enigma,2024-05-20T07:31:00,Battlefront Bastion (blue),1,0
1,Enigma,2024-05-20T07:31:00,First Tenet of Chi: Moon (blue),1,0
1,Enigma,2024-05-20T07:31:00,First Tenet of Chi: Tide (blue),1,0
1,Enigma,2024-05-20T07:31:00,First Tenet of Chi: Wind (blue),1,0
1,Enigma,2024-05-20T07:31:00,Manifestation of Miragai (blue),1,0
1,Enigma,2024-05-20T07:31:00,Moon Chakra (blue),1,0
1,Enigma,2024-05-20T07:31:00,Preserve Tradition (blue),1,0
1,Enigma,2024-05-20T07:31:00,"Rising Sun, Setting Moon (blue)",1,0
1,Enigma,2024-05-20T07:31:00,Second Tenet of Chi: Moon (blue),1,0
1,Enigma,2024-05-20T07:31:00,Sigil of Solitude (blue),1,0
1,Enigma,2024-05-20T07:31:00,Single Minded Determination (blue),4,0
1,Enigma,2024-05-20T07:31:00,Spectral Manifestations (blue),1,0
1,Enigma,2024-05-20T07:31:00,Stir the Pot (blue),2,0
1,Enigma,2024-05-20T07:31:00,Waning Vengeance (blue),2,0
1,Enigma,2024-05-20T07:31:00,Water the Seeds (blue),1,0
1,Enigma,2024-05-20T07:31:00,Wounding Blow (blue),1,0
1,Enigma,2024-05-20T07:31:00,Koi Blessed Kimono,1,1
1,Enigma,2024-05-20T07:31:00,Skywalker Keikoi,1,1
1,Enigma,2024-05-20T07:31:00,Truths Retold,1,1
1,Enigma,2024-05-20T07:31:00,Uphold Tradition,1,1
2,Enigma,2024-05-20T07:34:31,Battlefront Bastion (red),1,0
2,Enigma,2024-05-20T07:34:31,Blanch (red),1,0
2,Enigma,2024-05-20T07:34:31,Fact-Finding Mission (red),1,0
2,Enigma,2024-05-20T07:34:31,Nimble Strike (red),1,0
2,Enigma,2024-05-20T07:34:31,Sigil of Solitude (red),1,0
2,Enigma,2024-05-20T07:34:31,Waning Vengeance (red),1,0
2,Enigma,2024-05-20T07:34:31,Battlefront Bastion (yellow),2,0
2,Enigma,2024-05-20T07:34:31,Solitary Companion (yellow),1,0
2,Enigma,2024-05-20T07:34:31,Spectral Manifestations (yellow),1,0
2,Enigma,2024-05-20T07:34:31,Waxing Specter (yellow),1,0
2,Enigma,2024-05-20T07:34:31,Battlefront Bastion (blue),2,0
2,Enigma,2024-05-20T07:34:31,Blanch (blue),1,0
2,Enigma,2024-05-20T07:34:31,Fact-Finding Mission (blue),1,0
2,Enigma,2024-05-20T07:34:31,First Tenet of Chi: Moon (blue),1,0
2,Enigma,2024-05-20T07:34:31,Haze Shelter (blue),2,0
2,Enigma,2024-05-20T07:34:31,Path Well Traveled (blue),3,0
2,Enigma,2024-05-20T07:34:31,Rage Specter (blue),1,0
2,Enigma,2024-05-20T07:34:31,Rising Tide (blue),1,0
2,Enigma,2024-05-20T07:34:31,Second Tenet of Chi: Moon (blue),2,0
2,Enigma,2024-05-20T07:34:31,Second Tenet of Chi: Wind (blue),1,0
2,Enigma,2024-05-20T07:34:31,Sigil of Solitude (blue),2,0
2,Enigma,2024-05-20T07:34:31,Solitary Companion (blue),1,0
2,Enigma,2024-05-20T07:34:31,Spillover (blue),1,0
2,Enigma,2024-05-20T07:34:31,Stir the Pot (blue),1,0
2,Enigma,2024-05-20T07:34:31,Vengeful Apparition (blue),2,0
2,Enigma,2024-05-20T07:34:31,Koi Blessed Kimono,1,1
2,Enigma,2024-05-20T07:34:31,Truths Retold,1,1
2,Enigma,2024-05-20T07:34:31,Uphold Tradition,1,1
3,Enigma,2024-05-20T08:19:25,Evasive Leap (red),1,0
3,Enigma,2024-05-20T08:19:25,Haunting Specter (red),1,0
3,Enigma,2024-05-20T08:19:25,Sigil of Solitude (red),1,0
3,Enigma,2024-05-20T08:19:25,Solitary Companion (red),1,0
3,Enigma,2024-05-20T08:19:25,Spectral Manifestations (red),2,0
3,Enigma,2024-05-20T08:19:25,Vengeful Apparition (red),2,0
3,Enigma,2024-05-20T08:19:25,Waning Vengeance (red),3,0
3,Enigma,2024-05-20T08:19:25,Astral Etchings (yellow),1,0
3,Enigma,2024-05-20T08:19:25,Battlefront Bastion (yellow),1,0
3,Enigma,2024-05-20T08:19:25,Nimblism (yellow),1,0
3,Enigma,2024-05-20T08:19:25,Sigil of Solitude (yellow),3,0
3,Enigma,2024-05-20T08:19:25,Big Blue Sky (blue),1,0
3,Enigma,2024-05-20T08:19:25,Droplet (blue),1,0
3,Enigma,2024-05-20T08:19:25,Essence of Ancestry: Mind (blue),1,0
3,Enigma,2024-05-20T08:19:25,First Tenet of Chi: Wind (blue),3,0
3,Enigma,2024-05-20T08:19:25,Homage to Ancestors (blue),1,0
3,Enigma,2024-05-20T08:19:25,Nimble Strike (blue),1,0
3,Enigma,2024-05-20T08:19:25,Path Well Traveled (blue),1,0
3,Enigma,2024-05-20T08:19:25,Rage Specter (blue),1,0
3,Enigma,2024-05-20T08:19:25,Single Minded Determination (blue),1,0
3,Enigma,2024-05-20T08:19:25,Spillover (blue),1,0
3,Enigma,2024-05-20T08:19:25,Stir the Pot (blue),1,0
3,Enigma,2024-05-20T08:19:25,The Grain that Tips the Scale (blue),2,0
3,Enigma,2024-05-20T08:19:25,Vengeful Apparition (blue),1,0
3,Enigma,2024-05-20T08:19:25,Wide Blue Yonder (blue),1,0
3,Enigma,2024-05-20T08:19:25,Aqua Seeing Shell,1,1
3,Enigma,2024-05-20T08:19:25,Heirloom of Rabbit Hide,1,1
3,Enigma,2024-05-20T08:19:25,Koi Blessed Kimono,1,1
3,Enigma,2024-05-20T08:19:25,Truths Retold,1,1
3,Enigma,2024-05-20T08:19:25,Waves of Aqua Marine,1,1
4,Zen,2024-05-20T08:40:16,Aspect of Tiger: Body (red),1,0
4,Zen,2024-05-20T08:40:16,Biting Breeze (red),3,0
4,Zen,2024-05-20T08:40:16,Blessing of Qi (red),1,0
4,Zen,2024-05-20T08:40:16,Emissary of Wind (red),1,0
4,Zen,2024-05-20T08:40:16,Flex Claws (red),2,0
4,Zen,2024-05-20T08:40:16,Harmony of the Hunt (red),2,0
4,Zen,2024-05-20T08:40:16,Pouncing Qi (red),1,0
4,Zen,2024-05-20T08:40:16,The Weakest Link (red),1,0
4,Zen,2024-05-20T08:40:16,Tiger Form Incantation (red),1,0
4,Zen,2024-05-20T08:40:16,Untamed (red),2,0
4,Zen,2024-05-20T08:40:16,Biting Breeze (yellow),1,0
4,Zen,2024-05-20T08:40:16,Harmony of the Hunt (yellow),2,0
4,Zen,2024-05-20T08:40:16,Nimble Strike (yellow),1,0
4,Zen,2024-05-20T08:40:16,Pouncing Qi (yellow),1,0
4,Zen,2024-05-20T08:40:16,Tiger Form Incantation (yellow),1,0
4,Zen,2024-05-20T08:40:16,Wounding Blow (yellow),1,0
4,Zen,2024-05-20T08:40:16,Biting Breeze (blue),2,0
4,Zen,2024-05-20T08:40:16,Breed Anger (blue),1,0
4,Zen,2024-05-20T08:40:16,Companion of the Claw (blue),1,0
4,Zen,2024-05-20T08:40:16,Evasive Leap (blue),1,0
4,Zen,2024-05-20T08:40:16,Flex Claws (blue),1,0
4,Zen,2024-05-20T08:40:16,Harmony of the Hunt (blue),2,0
4,Zen,2024-05-20T08:40:16,Nimblism (blue),1,0
4,Zen,2024-05-20T08:40:16,Pouncing Qi (blue),1,0
4,Zen,2024-05-20T08:40:16,Qi Unleashed (blue),1,0
4,Zen,2024-05-20T08:40:16,Second Tenet of Chi: Moon (blue),1,0
4,Zen,2024-05-20T08:40:16,The Grain that Tips the Scale (blue),1,0
4,Zen,2024-05-20T08:40:16,Water the Seeds (blue),1,0
4,Zen,2024-05-20T08:40:16,Aqua Laps,1,1
4,Zen,2024-05-20T08:40:16,Heirloom of Tiger Hide,1,1
4,Zen,2024-05-20T08:40:16,Mask of Wizened Whiskers,1,1
4,Zen,2024-05-20T08:40:16,Stride of Reprisal,1,1
4,Zen,2024-05-20T08:40:16,Waves of Aqua Marine,1,1
5,Zen,2024-05-20T09:53:43,Blessing of Qi (red),1,0
5,Zen,2024-05-20T09:53:43,Breed Anger (red),2,0
5,Zen,2024-05-20T09:53:43,Emissary of Wind (red),2,0
5,Zen,2024-05-20T09:53:43,Flex Claws (red),1,0
5,Zen,2024-05-20T09:53:43,Harmony of the Hunt (red),3,0
5,Zen,2024-05-20T09:53:43,Pouncing Qi (red),1,0
5,Zen,2024-05-20T09:53:43,Untamed (red),1,0
5,Zen,2024-05-20T09:53:43,Fact-Finding Mission (yellow),1,0
5,Zen,2024-05-20T09:53:43,Untamed (yellow),1,0
5,Zen,2024-05-20T09:53:43,Biting Breeze (blue),2,0
5,Zen,2024-05-20T09:53:43,Blanch (blue),1,0
5,Zen,2024-05-20T09:53:43,Breed Anger (blue),2,0
5,Zen,2024-05-20T09:53:43,Companion of the Claw (blue),1,0
5,Zen,2024-05-20T09:53:43,Cosmic Awakening (blue),1,0
5,Zen,2024-05-20T09:53:43,First Tenet of Chi: Moon (blue),2,0
5,Zen,2024-05-20T09:53:43,Flex Claws (blue),1,0
5,Zen,2024-05-20T09:53:43,Homage to Ancestors (blue),1,0
5,Zen,2024-05-20T09:53:43,Path Well Traveled (blue),1,0
5,Zen,2024-05-20T09:53:43,Pouncing Qi (blue),1,0
5,Zen,2024-05-20T09:53:43,Preserve Tradition (blue),1,0
5,Zen,2024-05-20T09:53:43,"Rising Sun, Setting Moon (blue)",1,0
5,Zen,2024-05-20T09:53:43,Second Tenet of Chi: Tide (blue),1,0
5,Zen,2024-05-20T09:53:43,The Grain that Tips the Scale (blue),1,0
5,Zen,2024-05-20T09:53:43,Wash Away (blue),1,0
5,Zen,2024-05-20T09:53:43,Wide Blue Yonder (blue),1,0
5,Zen,2024-05-20T09:53:43,Wounding Blow (blue),1,0
5,Zen,2024-05-20T09:53:43,Koi Blessed Kimono,1,1
5,Zen,2024-05-20T09:53:43,Mask of Wizened Whiskers,1,1
5,Zen,2024-05-20T09:53:43,Skywalker Keikoi,1,1
5,Zen,2024-05-20T09:53:43,Waves of Aqua Marine,1,1
6,Nuu,2024-05-20T11:59:27,Art of Desire: Body (red),1,0
6,Nuu,2024-05-20T11:59:27,Bonds of Attraction (red),2,0
6,Nuu,2024-05-20T11:59:27,Bonds of Memory (red),1,0
6,Nuu,2024-05-20T11:59:27,Evasive Leap (red),2,0
6,Nuu,2024-05-20T11:59:27,Fact-Finding Mission (red),1,0
6,Nuu,2024-05-20T11:59:27,Just a Nick (red),1,0
6,Nuu,2024-05-20T11:59:27,Mind's Desire (red),1,0
6,Nuu,2024-05-20T11:59:27,Pick to Pieces (red),1,0
6,Nuu,2024-05-20T11:59:27,Venomous Bite (red),1,0
6,Nuu,2024-05-20T11:59:27,Battlefront Bastion (yellow),1,0
6,Nuu,2024-05-20T11:59:27,Bonds of Memory (yellow),1,0
6,Nuu,2024-05-20T11:59:27,Double Trouble (yellow),1,0
6,Nuu,2024-05-20T11:59:27,Evasive Leap (yellow),1,0
6,Nuu,2024-05-20T11:59:27,Fact-Finding Mission (yellow),1,0
6,Nuu,2024-05-20T11:59:27,Nimblism (yellow),1,0
6,Nuu,2024-05-20T11:59:27,Pick to Pieces (yellow),1,0
6,Nuu,2024-05-20T11:59:27,Blanch (blue),1,0
6,Nuu,2024-05-20T11:59:27,Desires of Flesh (blue),2,0
6,Nuu,2024-05-20T11:59:27,First Tenet of Chi: Moon (blue),2,0
6,Nuu,2024-05-20T11:59:27,First Tenet of Chi: Tide (blue),1,0
6,Nuu,2024-05-20T11:59:27,First Tenet of Chi: Wind (blue),2,0
6,Nuu,2024-05-20T11:59:27,Intimate Inducement (blue),1,0
6,Nuu,2024-05-20T11:59:27,Path Well Traveled (blue),1,0
6,Nuu,2024-05-20T11:59:27,Pick to Pieces (blue),1,0
6,Nuu,2024-05-20T11:59:27,Preserve Tradition (blue),2,0
6,Nuu,2024-05-20T11:59:27,Rising Tide (blue),1,0
6,Nuu,2024-05-20T11:59:27,Tide Chakra (blue),1,0
6,Nuu,2024-05-20T11:59:27,Wide Blue Yonder (blue),1,0
6,Nuu,2024-05-20T11:59:27,Aqua Seeing Shell,1,1
6,Nuu,2024-05-20T11:59:27,Arousing Wave,1,1
6,Nuu,2024-05-20T11:59:27,Undertow Stilettos,1,1
6,Nuu,2024-05-20T11:59:27,Waves of Aqua Marine,1,1
7,Enigma,2024-05-20T12:46:27,Astral Etchings (red),1,0
7,Enigma,2024-05-20T12:46:27,Battlefront Bastion (red),1,0
7,Enigma,2024-05-20T12:46:27,Evasive Leap (red),1,0
7,Enigma,2024-05-20T12:46:27,Solitary Companion (red),1,0
7,Enigma,2024-05-20T12:46:27,Spectral Manifestations (red),4,0
7,Enigma,2024-05-20T12:46:27,Waning Vengeance (red),1,0
7,Enigma,2024-05-20T12:46:27,Waxing Specter (red),3,0
7,Enigma,2024-05-20T12:46:27,Astral Etchings (yellow),1,0
7,Enigma,2024-05-20T12:46:27,Battlefront Bastion (yellow),1,0
7,Enigma,2024-05-20T12:46:27,Vengeful Apparition (yellow),2,0
7,Enigma,2024-05-20T12:46:27,Waning Vengeance (yellow),1,0
7,Enigma,2024-05-20T12:46:27,Waxing Specter (yellow),1,0
7,Enigma,2024-05-20T12:46:27,Astral Etchings (blue),2,0
7,Enigma,2024-05-20T12:46:27,Battlefront Bastion (blue),1,0
7,Enigma,2024-05-20T12:46:27,Big Blue Sky (blue),1,0
7,Enigma,2024-05-20T12:46:27,Dense Blue Mist (blue),1,0
7,Enigma,2024-05-20T12:46:27,Droplet (blue),1,0
7,Enigma,2024-05-20T12:46:27,First Tenet of Chi: Tide (blue),2,0
7,Enigma,2024-05-20T12:46:27,First Tenet of Chi: Wind (blue),1,0
7,Enigma,2024-05-20T12:46:27,Preserve Tradition (blue),2,0
7,Enigma,2024-05-20T12:46:27,"Rising Sun, Setting Moon (blue)",1,0
7,Enigma,2024-05-20T12:46:27,Sigil of Solitude (blue),1,0
7,Enigma,2024-05-20T12:46:27,Spillover (blue),1,0
7,Enigma,2024-05-20T12:46:27,Tidal Surge (blue),2,0
7,Enigma,2024-05-20T12:46:27,Waning Vengeance (blue),1,0
7,Enigma,2024-05-20T12:46:27,Koi Blessed Kimono,1,1
7,Enigma,2024-05-20T12:46:27,Skybody Keikoi,1,1
7,Enigma,2024-05-20T12:46:27,Skycrest Keikoi,1,1
7,Enigma,2024-05-20T12:46:27,Skywalker Keikoi,1,1
8,Zen,2024-05-20T14:30:16,Biting Breeze (red),2,0
8,Zen,2024-05-20T14:30:16,Breed Anger (red),1,0
8,Zen,2024-05-20T14:30:16,Fact-Finding Mission (red),1,0
8,Zen,2024-05-20T14:30:16,Flex Claws (red),1,0
8,Zen,2024-05-20T14:30:16,Harmony of the Hunt (red),1,0
8,Zen,2024-05-20T14:30:16,Pouncing Qi (red),1,0
8,Zen,2024-05-20T14:30:16,Tiger Form Incantation (red),1,0
8,Zen,2024-05-20T14:30:16,Untamed (red),2,0
8,Zen,2024-05-20T14:30:16,Water the Seeds (red),1,0
8,Zen,2024-05-20T14:30:16,Wounding Blow (red),1,0
8,Zen,2024-05-20T14:30:16,Blanch (yellow),1,0
8,Zen,2024-05-20T14:30:16,Flex Claws (yellow),1,0
8,Zen,2024-05-20T14:30:16,Untamed (yellow),1,0
8,Zen,2024-05-20T14:30:16,Water the Seeds (yellow),1,0
8,Zen,2024-05-20T14:30:16,A Drop in the Ocean (blue),1,0
8,Zen,2024-05-20T14:30:16,Biting Breeze (blue),4,0
8,Zen,2024-05-20T14:30:16,Companion of the Claw (blue),1,0
8,Zen,2024-05-20T14:30:16,First Tenet of Chi: Moon (blue),1,0
8,Zen,2024-05-20T14:30:16,Flex Claws (blue),2,0
8,Zen,2024-05-20T14:30:16,Harmony of the Hunt (blue),1,0
8,Zen,2024-05-20T14:30:16,Pouncing Qi (blue),1,0
8,Zen,2024-05-20T14:30:16,Sacred Art: Jade Tiger Domain (blue),1,0
8,Zen,2024-05-20T14:30:16,Stir the Pot (blue),1,0
8,Zen,2024-05-20T14:30:16,Tidal Surge (blue),1,0
8,Zen,2024-05-20T14:30:16,Untamed (blue),2,0
8,Zen,2024-05-20T14:30:16,Aqua Seeing Shell,1,1
8,Zen,2024-05-20T14:30:16,Skybody Keikoi,1,1
8,Zen,2024-05-20T14:30:16,Skyhold Keikoi,1,1
8,Zen,2024-05-20T14:30:16,Skywalker Keikoi,1,1
9,Enigma,2024-05-20T17:25:53,Haunting Specter (red),1,0
9,Enigma,2024-05-20T17:25:53,Haze Shelter (red),3,0
9,Enigma,2024-05-20T17:25:53,Moon Chakra (red),1,0
9,Enigma,2024-05-20T17:25:53,Single Minded Determination (red),1,0
9,Enigma,2024-05-20T17:25:53,Solitary Companion (red),1,0
9,Enigma,2024-05-20T17:25:53,Spectral Manifestations (red),1,0
9,Enigma,2024-05-20T17:25:53,Vengeful Apparition (red),1,0
9,Enigma,2024-05-20T17:25:53,Waning Vengeance (red),1,0
9,Enigma,2024-05-20T17:25:53,Waxing Specter (red),1,0
9,Enigma,2024-05-20T17:25:53,Battlefront Bastion (yellow),1,0
9,Enigma,2024-05-20T17:25:53,Haze Shelter (yellow),1,0
9,Enigma,2024-05-20T17:25:53,Spectral Manifestations (yellow),1,0
9,Enigma,2024-05-20T17:25:53,Waning Vengeance (yellow),1,0
9,Enigma,2024-05-20T17:25:53,Wounding Blow (yellow),1,0
9,Enigma,2024-05-20T17:25:53,A Drop in the Ocean (blue),1,0
9,Enigma,2024-05-20T17:25:53,Battlefront Bastion (blue),1,0
9,Enigma,2024-05-20T17:25:53,Essence of Ancestry: Mind (blue),2,0
9,Enigma,2024-05-20T17:25:53,Evasive Leap (blue),1,0
9,Enigma,2024-05-20T17:25:53,Fact-Finding Mission (blue),1,0
9,Enigma,2024-05-20T17:25:53,First Tenet of Chi: Wind (blue),2,0
9,Enigma,2024-05-20T17:25:53,"Rising Sun, Setting Moon (blue)",1,0
9,Enigma,2024-05-20T17:25:53,Sigil of Solitude (blue),1,0
9,Enigma,2024-05-20T17:25:53,Single Minded Determination (blue),1,0
9,Enigma,2024-05-20T17:25:53,Spillover (blue),1,0
9,Enigma,2024-05-20T17:25:53,Stir the Pot (blue),2,0
9,Enigma,2024-05-20T17:25:53,Vengeful Apparition (blue),2,0
9,Enigma,2024-05-20T17:25:53,Wash Away (blue),1,0
9,Enigma,2024-05-20T17:25:53,Waxing Specter (blue),1,0
9,Enigma,2024-05-20T17:25:53,Heirloom of Rabbit Hide,1,1
9,Enigma,2024-05-20T17:25:53,Skycrest Keikoi,1,1
9,Enigma,2024-05-20T17:25:53,Skyhold Keikoi,1,1
9,Enigma,2024-05-20T17:25:53,Skywalker Keikoi,1,1
10,Nuu,2024-05-20T18:17:42,Bonds of Memory (red),2,0
10,Nuu,2024-05-20T18:17:42,Impulsive Desire (red),1,0
10,Nuu,2024-05-20T18:17:42,Intimate Inducement (red),2,0
10,Nuu,2024-05-20T18:17:42,Just a Nick (red),1,0
10,Nuu,2024-05-20T18:17:42,Mind's Desire (red),2,0
10,Nuu,2024-05-20T18:17:42,Nimblism (red),1,0
10,Nuu,2024-05-20T18:17:42,Venomous Bite (red),3,0
10,Nuu,2024-05-20T18:17:42,Art of Desire: Soul (yellow),1,0
10,Nuu,2024-05-20T18:17:42,Bonds of Memory (yellow),1,0
10,Nuu,2024-05-20T18:17:42,Desires of Flesh (yellow),1,0
10,Nuu,2024-05-20T18:17:42,Impulsive Desire (yellow),1,0
10,Nuu,2024-05-20T18:17:42,Mind's Desire (yellow),1,0
10,Nuu,2024-05-20T18:17:42,Venomous Bite (yellow),1,0
10,Nuu,2024-05-20T18:17:42,Water the Seeds (yellow),1,0
10,Nuu,2024-05-20T18:17:42,Wounding Blow (yellow),1,0
10,Nuu,2024-05-20T18:17:42,Bonds of Memory (blue),1,0
10,Nuu,2024-05-20T18:17:42,Double Trouble (blue),1,0
10,Nuu,2024-05-20T18:17:42,Droplet (blue),2,0
10,Nuu,2024-05-20T18:17:42,Homage to Ancestors (blue),1,0
10,Nuu,2024-05-20T18:17:42,Intimate Inducement (blue),1,0
10,Nuu,2024-05-20T18:17:42,Mind's Desire (blue),1,0
10,Nuu,2024-05-20T18:17:42,Pass Over (blue),1,0
10,Nuu,2024-05-20T18:17:42,Path Well Traveled (blue),1,0
10,Nuu,2024-05-20T18:17:42,Pick to Pieces (blue),1,0
10,Nuu,2024-05-20T18:17:42,Rowdy Locals (blue),1,0
10,Nuu,2024-05-20T18:17:42,Venomous Bite (blue),1,0
10,Nuu,2024-05-20T18:17:42,Wounding Blow (blue),1,0
10,Nuu,2024-05-20T18:17:42,Arousing Wave,1,1
10,Nuu,2024-05-20T18:17:42,Skywalker Keikoi,1,1
10,Nuu,2024-05-20T18:17:42,Undertow Stilettos,1,1
11,Nuu,2024-05-20T19:08:32,Bonds of Attraction (red),1,0
11,Nuu,2024-05-20T19:08:32,Double Trouble (red),1,0
11,Nuu,2024-05-20T19:08:32,Emissary of Moon (red),1,0
11,Nuu,2024-05-20T19:08:32,Evasive Leap (red),1,0
11,Nuu,2024-05-20T19:08:32,Fact-Finding Mission (red),1,0
11,Nuu,2024-05-20T19:08:32,Gravekeeping (red),1,0
11,Nuu,2024-05-20T19:08:32,Impulsive Desire (red),2,0
11,Nuu,2024-05-20T19:08:32,Mind's Desire (red),1,0
11,Nuu,2024-05-20T19:08:32,Pick to Pieces (red),1,0
11,Nuu,2024-05-20T19:08:32,Tide Chakra (red),1,0
11,Nuu,2024-05-20T19:08:32,Venomous Bite (red),2,0
11,Nuu,2024-05-20T19:08:32,Wounding Blow (red),1,0
11,Nuu,2024-05-20T19:08:32,Battlefront Bastion (yellow),1,0
11,Nuu,2024-05-20T19:08:32,Bonds of Attraction (yellow),1,0
11,Nuu,2024-05-20T19:08:32,Mind's Desire (yellow),1,0
11,Nuu,2024-05-20T19:08:32,Venomous Bite (yellow),1,0
11,Nuu,2024-05-20T19:08:32,Wounding Blow (yellow),1,0
11,Nuu,2024-05-20T19:08:32,Art of Desire: Mind (blue),1,0
11,Nuu,2024-05-20T19:08:32,Bonds of Attraction (blue),1,0
11,Nuu,2024-05-20T19:08:32,First Tenet of Chi: Tide (blue),1,0
11,Nuu,2024-05-20T19:08:32,Hiss (blue),2,0
11,Nuu,2024-05-20T19:08:32,Impulsive Desire (blue),3,0
11,Nuu,2024-05-20T19:08:32,Intimate Inducement (blue),1,0
11,Nuu,2024-05-20T19:08:32,Pick to Pieces (blue),1,0
11,Nuu,2024-05-20T19:08:32,Preserve Tradition (blue),1,0
11,Nuu,2024-05-20T19:08:32,"Rising Sun, Setting Moon (blue)",1,0
11,Nuu,2024-05-20T19:08:32,Tide Chakra (blue),1,0
11,Nuu,2024-05-20T19:08:32,Wide Blue Yonder (blue),1,0
11,Nuu,2024-05-20T19:08:32,Skybody Keikoi,1,1
11,Nuu,2024-05-20T19:08:32,Skycrest Keikoi,1,1
11,Nuu,2024-05-20T19:08:32,Skyhold Keikoi,1,1
11,Nuu,2024-05-20T19:08:32,Undertow Stilettos,1,1
12,Nuu,2024-05-20T20:31:28,Bonds of Memory (red),1,0
12,Nuu,2024-05-20T20:31:28,Double Trouble (red),1,0
12,Nuu,2024-05-20T20:31:28,Gravekeeping (red),1,0
12,Nuu,2024-05-20T20:31:28,Nimble Strike (red),1,0
12,Nuu,2024-05-20T20:31:28,Nimblism (red),1,0
12,Nuu,2024-05-20T20:31:28,Pick to Pieces (red),1,0
12,Nuu,2024-05-20T20:31:28,Venomous Bite (red),1,0
12,Nuu,2024-05-20T20:31:28,Water the Seeds (red),1,0
12,Nuu,2024-05-20T20:31:28,Battlefront Bastion (yellow),2,0
12,Nuu,2024-05-20T20:31:28,Desires of Flesh (yellow),1,0
12,Nuu,2024-05-20T20:31:28,Evasive Leap (yellow),2,0
12,Nuu,2024-05-20T20:31:28,Mind's Desire (yellow),1,0
12,Nuu,2024-05-20T20:31:28,Nimblism (yellow),1,0
12,Nuu,2024-05-20T20:31:28,Venomous Bite (yellow),1,0
12,Nuu,2024-05-20T20:31:28,Water the Seeds (yellow),1,0
12,Nuu,2024-05-20T20:31:28,Blanch (blue),1,0
12,Nuu,2024-05-20T20:31:28,Bonds of Attraction (blue),1,0
12,Nuu,2024-05-20T20:31:28,Bonds of Memory (blue),2,0
12,Nuu,2024-05-20T20:31:28,First Tenet of Chi: Tide (blue),3,0
12,Nuu,2024-05-20T20:31:28,Hiss (blue),1,0
12,Nuu,2024-05-20T20:31:28,Intimate Inducement (blue),1,0
12,Nuu,2024-05-20T20:31:28,Levels of Enlightenment (blue),1,0
12,Nuu,2024-05-20T20:31:28,Pass Over (blue),2,0
12,Nuu,2024-05-20T20:31:28,Second Tenet of Chi: Wind (blue),1,0
12,Nuu,2024-05-20T20:31:28,Spillover (blue),2,0
12,Nuu,2024-05-20T20:31:28,Stir the Pot (blue),1,0
12,Nuu,2024-05-20T20:31:28,The Grain that Tips the Scale (blue),1,0
12,Nuu,2024-05-20T20:31:28,Water the Seeds (blue),1,0
12,Nuu,2024-05-20T20:31:28,Wide Blue Yonder (blue),2,0
12,Nuu,2024-05-20T20:31:28,Aqua Seeing Shell,1,1
12,Nuu,2024-05-20T20:31:28,Arousing Wave,1,1
12,Nuu,2024-05-20T20:31:28,Skybody Keikoi,1,1
12,Nuu,2024-05-20T20:31:28,Undertow Stilettos,1,1
13,Zen,2024-05-20T21:00:11,Companion of the Claw (red),1,0
13,Zen,2024-05-20T21:00:11,Emissary of Moon (red),1,0
13,Zen,2024-05-20T21:00:11,Flex Claws (red),1,0
13,Zen,2024-05-20T21:00:11,Harmony of the Hunt (red),2,0
13,Zen,2024-05-20T21:00:11,Nimblism (red),1,0
13,Zen,2024-05-20T21:00:11,Untamed (red),1,0
13,Zen,2024-05-20T21:00:11,Wind Chakra (red),1,0
13,Zen,2024-05-20T21:00:11,Wounding Blow (red),1,0
13,Zen,2024-05-20T21:00:11,Biting Breeze (yellow),1,0
13,Zen,2024-05-20T21:00:11,Harmony of the Hunt (yellow),1,0
13,Zen,2024-05-20T21:00:11,Pouncing Qi (yellow),2,0
13,Zen,2024-05-20T21:00:11,Qi Unleashed (yellow),1,0
13,Zen,2024-05-20T21:00:11,Tiger Form Incantation (yellow),3,0
13,Zen,2024-05-20T21:00:11,Wounding Blow (yellow),1,0
13,Zen,2024-05-20T21:00:11,Breed Anger (blue),2,0
13,Zen,2024-05-20T21:00:11,Droplet (blue),2,0
13,Zen,2024-05-20T21:00:11,First Tenet of Chi: Moon (blue),1,0
13,Zen,2024-05-20T21:00:11,First Tenet of Chi: Tide (blue),1,0
13,Zen,2024-05-20T21:00:11,Harmony of the Hunt (blue),2,0
13,Zen,2024-05-20T21:00:11,Rising Tide (blue),1,0
13,Zen,2024-05-20T21:00:11,Tidal Surge (blue),1,0
13,Zen,2024-05-20T21:00:11,Tiger Form Incantation (blue),2,0
13,Zen,2024-05-20T21:00:11,Mask of Wizened Whiskers,1,1
13,Zen,2024-05-20T21:00:11,Skybody Keikoi,1,1
13,Zen,2024-05-20T21:00:11,Stride of Reprisal,1,1
13,Zen,2024-05-20T21:00:11,Waves of Aqua Marine,1,1
14,Nuu,2024-05-20T21:12:48,Battlefront Bastion (red),1,0
14,Nuu,2024-05-20T21:12:48,Desires of Flesh (red),2,0
14,Nuu,2024-05-20T21:12:48,Fact-Finding Mission (red),1,0
14,Nuu,2024-05-20T21:12:48,Gravekeeping (red),1,0
14,Nuu,2024-05-20T21:12:48,Hiss (red),1,0
14,Nuu,2024-05-20T21:12:48,Impulsive Desire (red),1,0
14,Nuu,2024-05-20T21:12:48,Intimate Inducement (red),1,0
14,Nuu,2024-05-20T21:12:48,Mind's Desire (red),1,0
14,Nuu,2024-05-20T21:12:48,Battlefront Bastion (yellow),1,0
14,Nuu,2024-05-20T21:12:48,Blanch (yellow),2,0
14,Nuu,2024-05-20T21:12:48,Bonds of Memory (yellow),1,0
14,Nuu,2024-05-20T21:12:48,Desires of Flesh (yellow),1,0
14,Nuu,2024-05-20T21:12:48,Intimate Inducement (yellow),1,0
14,Nuu,2024-05-20T21:12:48,Bonds of Memory (blue),1,0
14,Nuu,2024-05-20T21:12:48,Deep Blue Sea (blue),1,0
14,Nuu,2024-05-20T21:12:48,Desires of Flesh (blue),1,0
14,Nuu,2024-05-20T21:12:48,Double Trouble (blue),1,0
14,Nuu,2024-05-20T21:12:48,Hiss (blue),1,0
14,Nuu,2024-05-20T21:12:48,Mind's Desire (blue),2,0
14,Nuu,2024-05-20T21:12:48,Nimblism (blue),1,0
14,Nuu,2024-05-20T21:12:48,Pass Over (blue),1,0
14,Nuu,2024-05-20T21:12:48,Path Well Traveled (blue),1,0
14,Nuu,2024-05-20T21:12:48,Pick to Pieces (blue),1,0
14,Nuu,2024-05-20T21:12:48,Preserve Tradition (blue),1,0
14,Nuu,2024-05-20T21:12:48,Rising Tide (blue),1,0
14,Nuu,2024-05-20T21:12:48,Sacred Art: Undercurrent Desires (blue),1,0
14,Nuu,2024-05-20T21:12:48,Tidal Surge (blue),1,0
14,Nuu,2024-05-20T21:12:48,Tide Chakra (blue),1,0
14,Nuu,2024-05-20T21:12:48,Skyhold Keikoi,1,1
14,Nuu,2024-05-20T21:12:48,Undertow Stilettos,1,1
15,Nuu,2024-05-20T22:39:37,Bonds of Memory (red),1,0
15,Nuu,2024-05-20T22:39:37,Desires of Flesh (red),1,0
15,Nuu,2024-05-20T22:39:37,Hiss (red),2,0
15,Nuu,2024-05-20T22:39:37,Venomous Bite (red),1,0
15,Nuu,2024-05-20T22:39:37,Water the Seeds (red),1,0
15,Nuu,2024-05-20T22:39:37,Blanch (yellow),1,0
15,Nuu,2024-05-20T22:39:37,Bonds of Attraction (yellow),1,0
15,Nuu,2024-05-20T22:39:37,Desires of Flesh (yellow),2,0
15,Nuu,2024-05-20T22:39:37,Hiss (yellow),1,0
15,Nuu,2024-05-20T22:39:37,Impulsive Desire (yellow),1,0
15,Nuu,2024-05-20T22:39:37,Mind's Desire (yellow),1,0
15,Nuu,2024-05-20T22:39:37,Pick to Pieces (yellow),2,0
15,Nuu,2024-05-20T22:39:37,Venomous Bite (yellow),1,0
15,Nuu,2024-05-20T22:39:37,Water the Seeds (yellow),1,0
15,Nuu,2024-05-20T22:39:37,Battlefront Bastion (blue),2,0
15,Nuu,2024-05-20T22:39:37,Desires of Flesh (blue),2,0
15,Nuu,2024-05-20T22:39:37,Double Trouble (blue),2,0
15,Nuu,2024-05-20T22:39:37,Gravekeeping (blue),1,0
15,Nuu,2024-05-20T22:39:37,Hiss (blue),2,0
15,Nuu,2024-05-20T22:39:37,Homage to Ancestors (blue),1,0
15,Nuu,2024-05-20T22:39:37,Intimate Inducement (blue),2,0
15,Nuu,2024-05-20T22:39:37,Pass Over (blue),1,0
15,Nuu,2024-05-20T22:39:37,Pick to Pieces (blue),1,0
15,Nuu,2024-05-20T22:39:37,Second Tenet of Chi: Moon (blue),1,0
15,Nuu,2024-05-20T22:39:37,The Grain that Tips the Scale (blue),1,0
15,Nuu,2024-05-20T22:39:37,Tide Chakra (blue),1,0
15,Nuu,2024-05-20T22:39:37,Wounding Blow (blue),1,0
15,Nuu,2024-05-20T22:39:37,Aqua Laps,1,1
15,Nuu,2024-05-20T22:39:37,Arousing Wave,1,1
15,Nuu,2024-05-20T22:39:37,Skybody Keikoi,1,1
16,Zen,2024-05-20T23:22:07,Breed Anger (red),3,0
16,Zen,2024-05-20T23:22:07,Companion of the Claw (red),3,0
16,Zen,2024-05-20T23:22:07,Flex Claws (red),1,0
16,Zen,2024-05-20T23:22:07,Pouncing Qi (red),3,0
16,Zen,2024-05-20T23:22:07,Qi Unleashed (red),1,0
16,Zen,2024-05-20T23:22:07,Tiger Form Incantation (red),2,0
16,Zen,2024-05-20T23:22:07,Wind Chakra (red),2,0
16,Zen,2024-05-20T23:22:07,Companion of the Claw (yellow),1,0
16,Zen,2024-05-20T23:22:07,Evasive Leap (yellow),1,0
16,Zen,2024-05-20T23:22:07,Harmony of the Hunt (yellow),1,0
16,Zen,2024-05-20T23:22:07,Biting Breeze (blue),1,0
16,Zen,2024-05-20T23:22:07,Breed Anger (blue),3,0
16,Zen,2024-05-20T23:22:07,Companion of the Claw (blue),2,0
16,Zen,2024-05-20T23:22:07,First Tenet of Chi: Moon (blue),1,0
16,Zen,2024-05-20T23:22:07,First Tenet of Chi: Tide (blue),1,0
16,Zen,2024-05-20T23:22:07,First Tenet of Chi: Wind (blue),1,0
16,Zen,2024-05-20T23:22:07,Harmony of the Hunt (blue),1,0
16,Zen,2024-05-20T23:22:07,Homage to Ancestors (blue),2,0
16,Zen,2024-05-20T23:22:07,Pass Over (blue),1,0
16,Zen,2024-05-20T23:22:07,Pouncing Qi (blue),2,0
16,Zen,2024-05-20T23:22:07,Preserve Tradition (blue),1,0
16,Zen,2024-05-20T23:22:07,Water the Seeds (blue),1,0
16,Zen,2024-05-20T23:22:07,Koi Blessed Kimono,1,1
16,Zen,2024-05-20T23:22:07,Mask of Wizened Whiskers,1,1
16,Zen,2024-05-20T23:22:07,Stride of Reprisal,1,1
17,Nuu,2024-05-21T00:36:20,Art of Desire: Body (red),1,0
17,Nuu,2024-05-21T00:36:20,Bonds of Attraction (red),1,0
17,Nuu,2024-05-21T00:36:20,Bonds of Memory (red),1,0
17,Nuu,2024-05-21T00:36:20,Desires of Flesh (red),1,0
17,Nuu,2024-05-21T00:36:20,Double Trouble (red),1,0
17,Nuu,2024-05-21T00:36:20,Intimate Inducement (red),1,0
17,Nuu,2024-05-21T00:36:20,Mind's Desire (red),1,0
17,Nuu,2024-05-21T00:36:20,Nimble Strike (red),1,0
17,Nuu,2024-05-21T00:36:20,Nimblism (red),1,0
17,Nuu,2024-05-21T00:36:20,Pick to Pieces (red),3,0
17,Nuu,2024-05-21T00:36:20,Tide Chakra (red),1,0
17,Nuu,2024-05-21T00:36:20,Venomous Bite (red),2,0
17,Nuu,2024-05-21T00:36:20,Bonds of Memory (yellow),1,0
17,Nuu,2024-05-21T00:36:20,Desires of Flesh (yellow),1,0
17,Nuu,2024-05-21T00:36:20,Gravekeeping (yellow),1,0
17,Nuu,2024-05-21T00:36:20,Hiss (yellow),1,0
17,Nuu,2024-05-21T00:36:20,Impulsive Desire (yellow),1,0
17,Nuu,2024-05-21T00:36:20,Mind's Desire (yellow),1,0
17,Nuu,2024-05-21T00:36:20,Venomous Bite (yellow),2,0
17,Nuu,2024-05-21T00:36:20,Bonds of Memory (blue),2,0
17,Nuu,2024-05-21T00:36:20,Double Trouble (blue),1,0
17,Nuu,2024-05-21T00:36:20,Hiss (blue),3,0
17,Nuu,2024-05-21T00:36:20,Pass Over (blue),1,0
17,Nuu,2024-05-21T00:36:20,Path Well Traveled (blue),1,0
17,Nuu,2024-05-21T00:36:20,"Rising Sun, Setting Moon (blue)",1,0
17,Nuu,2024-05-21T00:36:20,Stir the Pot (blue),1,0
17,Nuu,2024-05-21T00:36:20,Tide Chakra (blue),1,0
17,Nuu,2024-05-21T00:36:20,Venomous Bite (blue),2,0
17,Nuu,2024-05-21T00:36:20,Water the Seeds (blue),1,0
17,Nuu,2024-05-21T00:36:20,Wounding Blow (blue),1,0
17,Nuu,2024-05-21T00:36:20,Aqua Seeing Shell,1,1
17,Nuu,2024-05-21T00:36:20,Koi Blessed Kimono,1,1
17,Nuu,2024-05-21T00:36:20,Undertow Stilettos,1,1
17,Nuu,2024-05-21T00:36:20,Waves of Aqua Marine,1,1
18,Zen,2024-05-21T01:11:09,Battlefront Bastion (red),1,0
18,Zen,2024-05-21T01:11:09,Biting Breeze (red),1,0
18,Zen,2024-05-21T01:11:09,Breed Anger (red),2,0
18,Zen,2024-05-21T01:11:09,Companion of the Claw (red),1,0
18,Zen,2024-05-21T01:11:09,Emissary of Tides (red),1,0
18,Zen,2024-05-21T01:11:09,Flex Claws (red),1,0
18,Zen,2024-05-21T01:11:09,Harmony of the Hunt (red),1,0
18,Zen,2024-05-21T01:11:09,Pouncing Qi (red),2,0
18,Zen,2024-05-21T01:11:09,Untamed (red),1,0
18,Zen,2024-05-21T01:11:09,Water the Seeds (red),1,0
18,Zen,2024-05-21T01:11:09,Wounding Blow (red),1,0
18,Zen,2024-05-21T01:11:09,Battlefront Bastion (yellow),1,0
18,Zen,2024-05-21T01:11:09,Biting Breeze (yellow),1,0
18,Zen,2024-05-21T01:11:09,Harmony of the Hunt (yellow),1,0
18,Zen,2024-05-21T01:11:09,Untamed (yellow),1,0
18,Zen,2024-05-21T01:11:09,Aspect of Tiger: Mind (blue),1,0
18,Zen,2024-05-21T01:11:09,Biting Breeze (blue),2,0
18,Zen,2024-05-21T01:11:09,Blessing of Qi (blue),1,0
18,Zen,2024-05-21T01:11:09,Breed Anger (blue),2,0
18,Zen,2024-05-21T01:11:09,Flex Claws (blue),1,0
18,Zen,2024-05-21T01:11:09,Harmony of the Hunt (blue),1,0
18,Zen,2024-05-21T01:11:09,Pass Over (blue),2,0
18,Zen,2024-05-21T01:11:09,Pouncing Qi (blue),1,0
18,Zen,2024-05-21T01:11:09,Preserve Tradition (blue),1,0
18,Zen,2024-05-21T01:11:09,Territorial Domain (blue),2,0
18,Zen,2024-05-21T01:11:09,Untamed (blue),2,0
18,Zen,2024-05-21T01:11:09,Heirloom of Tiger Hide,1,1
18,Zen,2024-05-21T01:11:09,Skycrest Keikoi,1,1
18,Zen,2024-05-21T01:11:09,Stride of Reprisal,1,1
19,Nuu,2024-05-21T02:41:02,Blanch (red),1,0
19,Nuu,2024-05-21T02:41:02,Bonds of Attraction (red),1,0
19,Nuu,2024-05-21T02:41:02,Desires of Flesh (red),1,0
19,Nuu,2024-05-21T02:41:02,Emissary of Moon (red),1,0
19,Nuu,2024-05-21T02:41:02,Evasive Leap (red),1,0
19,Nuu,2024-05-21T02:41:02,Impulsive Desire (red),2,0
19,Nuu,2024-05-21T02:41:02,Pick to Pieces (red),1,0
19,Nuu,2024-05-21T02:41:02,Venomous Bite (red),1,0
19,Nuu,2024-05-21T02:41:02,Art of Desire: Soul (yellow),1,0
19,Nuu,2024-05-21T02:41:02,Battlefront Bastion (yellow),1,0
19,Nuu,2024-05-21T02:41:02,Blanch (yellow),1,0
19,Nuu,2024-05-21T02:41:02,Desires of Flesh (yellow),1,0
19,Nuu,2024-05-21T02:41:02,Pick to Pieces (yellow),2,0
19,Nuu,2024-05-21T02:41:02,Venomous Bite (yellow),3,0
19,Nuu,2024-05-21T02:41:02,Desires of Flesh (blue),2,0
19,Nuu,2024-05-21T02:41:02,First Tenet of Chi: Tide (blue),1,0
19,Nuu,2024-05-21T02:41:02,Hiss (blue),1,0
19,Nuu,2024-05-21T02:41:02,Impulsive Desire (blue),1,0
19,Nuu,2024-05-21T02:41:02,Intimate Inducement (blue),3,0
19,Nuu,2024-05-21T02:41:02,Mind's Desire (blue),1,0
19,Nuu,2024-05-21T02:41:02,Pick to Pieces (blue),1,0
19,Nuu,2024-05-21T02:41:02,"Rising Sun, Setting Moon (blue)",1,0
19,Nuu,2024-05-21T02:41:02,Stir the Pot (blue),1,0
19,Nuu,2024-05-21T02:41:02,Wash Away (blue),1,0
19,Nuu,2024-05-21T02:41:02,Aqua Seeing Shell,1,1
19,Nuu,2024-05-21T02:41:02,Koi Blessed Kimono,1,1
19,Nuu,2024-05-21T02:41:02,Skybody Keikoi,1,1
19,Nuu,2024-05-21T02:41:02,Skyhold Keikoi,1,1
19,Nuu,2024-05-21T02:41:02,Undertow Stilettos,1,1
20,Enigma,2024-05-21T04:03:11,Evasive Leap (red),1,0
20,Enigma,2024-05-21T04:03:11,Haunting Specter (red),1,0
20,Enigma,2024-05-21T04:03:11,Haze Shelter (red),2,0
20,Enigma,2024-05-21T04:03:11,Single Minded Determination (red),1,0
20,Enigma,2024-05-21T04:03:11,Solitary Companion (red),3,0
20,Enigma,2024-05-21T04:03:11,Spectral Manifestations (red),1,0
20,Enigma,2024-05-21T04:03:11,Waning Vengeance (red),1,0
20,Enigma,2024-05-21T04:03:11,Waxing Specter (red),1,0
20,Enigma,2024-05-21T04:03:11,Haunting Specter (yellow),1,0
20,Enigma,2024-05-21T04:03:11,Haze Shelter (yellow),1,0
20,Enigma,2024-05-21T04:03:11,Spectral Manifestations (yellow),1,0
20,Enigma,2024-05-21T04:03:11,A Drop in the Ocean (blue),1,0
20,Enigma,2024-05-21T04:03:11,Astral Etchings (blue),1,0
20,Enigma,2024-05-21T04:03:11,Big Blue Sky (blue),1,0
20,Enigma,2024-05-21T04:03:11,Deep Blue Sea (blue),1,0
20,Enigma,2024-05-21T04:03:11,Droplet (blue),1,0
20,Enigma,2024-05-21T04:03:11,Fact-Finding Mission (blue),1,0
20,Enigma,2024-05-21T04:03:11,First Tenet of Chi: Moon (blue),1,0
20,Enigma,2024-05-21T04:03:11,First Tenet of Chi: Tide (blue),1,0
20,Enigma,2024-05-21T04:03:11,First Tenet of Chi: Wind (blue),1,0
20,Enigma,2024-05-21T04:03:11,Haze Shelter (blue),1,0
20,Enigma,2024-05-21T04:03:11,Path Well Traveled (blue),1,0
20,Enigma,2024-05-21T04:03:11,"Rising Sun, Setting Moon (blue)",2,0
20,Enigma,2024-05-21T04:03:11,Second Tenet of Chi: Moon (blue),1,0
20,Enigma,2024-05-21T04:03:11,Second Tenet of Chi: Tide (blue),1,0
20,Enigma,2024-05-21T04:03:11,Sigil of Solitude (blue),1,0
20,Enigma,2024-05-21T04:03:11,Stir the Pot (blue),1,0
20,Enigma,2024-05-21T04:03:11,Unravel Aggression (blue),1,0
20,Enigma,2024-05-21T04:03:11,Vengeful Apparition (blue),2,0
20,Enigma,2024-05-21T04:03:11,Waning Vengeance (blue),1,0
20,Enigma,2024-05-21T04:03:11,Skybody Keikoi,1,1
20,Enigma,2024-05-21T04:03:11,Skywalker Keikoi,1,1
20,Enigma,2024-05-21T04:03:11,Truths Retold,1,1
20,Enigma,2024-05-21T04:03:11,Uphold Tradition,1,1
21,Zen,2024-05-21T14:01:32,Aspect of Tiger: Body (red),1,0
21,Zen,2024-05-21T14:01:32,Biting Breeze (red),2,0
21,Zen,2024-05-21T14:01:32,Blanch (red),1,0
21,Zen,2024-05-21T14:01:32,Fact-Finding Mission (red),1,0
21,Zen,2024-05-21T14:01:32,Harmony of the Hunt (red),2,0
21,Zen,2024-05-21T14:01:32,Nimblism (red),2,0
21,Zen,2024-05-21T14:01:32,Qi Unleashed (red),1,0
21,Zen,2024-05-21T14:01:32,Tiger Form Incantation (red),1,0
21,Zen,2024-05-21T14:01:32,Untamed (red),2,0
21,Zen,2024-05-21T14:01:32,Nimble Strike (yellow),2,0
21,Zen,2024-05-21T14:01:32,Pouncing Qi (yellow),2,0
21,Zen,2024-05-21T14:01:32,Qi Unleashed (yellow),1,0
21,Zen,2024-05-21T14:01:32,Water the Seeds (yellow),1,0
21,Zen,2024-05-21T14:01:32,Wounding Blow (yellow),1,0
21,Zen,2024-05-21T14:01:32,Biting Breeze (blue),2,0
21,Zen,2024-05-21T14:01:32,Blessing of Qi (blue),1,0
21,Zen,2024-05-21T14:01:32,Companion of the Claw (blue),1,0
21,Zen,2024-05-21T14:01:32,Droplet (blue),1,0
21,Zen,2024-05-21T14:01:32,Evasive Leap (blue),1,0
21,Zen,2024-05-21T14:01:32,Fact-Finding Mission (blue),2,0
21,Zen,2024-05-21T14:01:32,First Tenet of Chi: Wind (blue),1,0
21,Zen,2024-05-21T14:01:32,Flex Claws (blue),1,0
21,Zen,2024-05-21T14:01:32,Harmony of the Hunt (blue),1,0
21,Zen,2024-05-21T14:01:32,Wide Blue Yonder (blue),1,0
21,Zen,2024-05-21T14:01:32,Wind Chakra (blue),1,0
21,Zen,2024-05-21T14:01:32,Mask of Wizened Whiskers,1,1
21,Zen,2024-05-21T14:01:32,Skyhold Keikoi,1,1
21,Zen,2024-05-21T14:01:32,Stride of Reprisal,1,1
22,Nuu,2024-05-21T14:23:03,Art of Desire: Body (red),1,0
22,Nuu,2024-05-21T14:23:03,Battlefront Bastion (red),1,0
22,Nuu,2024-05-21T14:23:03,Blanch (red),1,0
22,Nuu,2024-05-21T14:23:03,Desires of Flesh (red),2,0
22,Nuu,2024-05-21T14:23:03,Hiss (red),2,0
22,Nuu,2024-05-21T14:23:03,Venomous Bite (red),1,0
22,Nuu,2024-05-21T14:23:03,Art of Desire: Soul (yellow),1,0
22,Nuu,2024-05-21T14:23:03,Battlefront Bastion (yellow),1,0
22,Nuu,2024-05-21T14:23:03,Bonds of Attraction (yellow),2,0
22,Nuu,2024-05-21T14:23:03,Desires of Flesh (yellow),1,0
22,Nuu,2024-05-21T14:23:03,Hiss (yellow),1,0
22,Nuu,2024-05-21T14:23:03,Impulsive Desire (yellow),1,0
22,Nuu,2024-05-21T14:23:03,Nimble Strike (yellow),1,0
22,Nuu,2024-05-21T14:23:03,Nimblism (yellow),1,0
22,Nuu,2024-05-21T14:23:03,Pick to Pieces (yellow),1,0
22,Nuu,2024-05-21T14:23:03,Venomous Bite (yellow),1,0
22,Nuu,2024-05-21T14:23:03,Gravekeeping (blue),1,0
22,Nuu,2024-05-21T14:23:03,Hiss (blue),1,0
22,Nuu,2024-05-21T14:23:03,Homage to Ancestors (blue),2,0
22,Nuu,2024-05-21T14:23:03,Impulsive Desire (blue),3,0
22,Nuu,2024-05-21T14:23:03,Nimblism (blue),1,0
22,Nuu,2024-05-21T14:23:03,Pick to Pieces (blue),1,0
22,Nuu,2024-05-21T14:23:03,Preserve Tradition (blue),1,0
22,Nuu,2024-05-21T14:23:03,"Rising Sun, Setting Moon (blue)",1,0
22,Nuu,2024-05-21T14:23:03,Stir the Pot (blue),1,0
22,Nuu,2024-05-21T14:23:03,Wash Away (blue),1,0
22,Nuu,2024-05-21T14:23:03,Aqua Seeing Shell,1,1
22,Nuu,2024-05-21T14:23:03,Arousing Wave,1,1
22,Nuu,2024-05-21T14:23:03,Koi Blessed Kimono,1,1
22,Nuu,2024-05-21T14:23:03,Skybody Keikoi,1,1
22,Nuu,2024-05-21T14:23:03,Undertow Stilettos,1,1
23,Enigma,2024-05-21T15:37:28,Astral Etchings (red),1,0
23,Enigma,2024-05-21T15:37:28,Emissary of Tides (red),1,0
23,Enigma,2024-05-21T15:37:28,Essence of Ancestry: Body (red),1,0
23,Enigma,2024-05-21T15:37:28,Haunting Specter (red),2,0
23,Enigma,2024-05-21T15:37:28,Sigil of Solitude (red),1,0
23,Enigma,2024-05-21T15:37:28,Solitary Companion (red),2,0
23,Enigma,2024-05-21T15:37:28,Spectral Manifestations (red),1,0
23,Enigma,2024-05-21T15:37:28,Waning Vengeance (red),1,0
23,Enigma,2024-05-21T15:37:28,Waxing Specter (red),1,0
23,Enigma,2024-05-21T15:37:28,Evasive Leap (yellow),1,0
23,Enigma,2024-05-21T15:37:28,Gravekeeping (yellow),1,0
23,Enigma,2024-05-21T15:37:28,Sigil of Solitude (yellow),1,0
23,Enigma,2024-05-21T15:37:28,Single Minded Determination (yellow),1,0
23,Enigma,2024-05-21T15:37:28,Spectral Manifestations (yellow),2,0
23,Enigma,2024-05-21T15:37:28,Wounding Blow (yellow),1,0
23,Enigma,2024-05-21T15:37:28,A Drop in the Ocean (blue),2,0
23,Enigma,2024-05-21T15:37:28,Astral Etchings (blue),1,0
23,Enigma,2024-05-21T15:37:28,First Tenet of Chi: Tide (blue),2,0
23,Enigma,2024-05-21T15:37:28,Sacred Art: Immortal Lunar Shrine (blue),1,0
23,Enigma,2024-05-21T15:37:28,Second Tenet of Chi: Tide (blue),1,0
23,Enigma,2024-05-21T15:37:28,Second Tenet of Chi: Wind (blue),1,0
23,Enigma,2024-05-21T15:37:28,Sigil of Solitude (blue),1,0
23,Enigma,2024-05-21T15:37:28,Solitary Companion (blue),1,0
23,Enigma,2024-05-21T15:37:28,Spillover (blue),1,0
23,Enigma,2024-05-21T15:37:28,Vengeful Apparition (blue),3,0
23,Enigma,2024-05-21T15:37:28,Waxing Specter (blue),1,0
23,Enigma,2024-05-21T15:37:28,Wounding Blow (blue),1,0
23,Enigma,2024-05-21T15:37:28,Koi Blessed Kimono,1,1
23,Enigma,2024-05-21T15:37:28,Skybody Keikoi,1,1
23,Enigma,2024-05-21T15:37:28,Skycrest Keikoi,1,1
23,Enigma,2024-05-21T15:37:28,Skywalker Keikoi,1,1
23,Enigma,2024-05-21T15:37:28,Truths Retold,1,1
24,Zen,2024-05-21T17:19:46,Aspect of Tiger: Body (red),1,0
24,Zen,2024-05-21T17:19:46,Battlefront Bastion (red),1,0
24,Zen,2024-05-21T17:19:46,Biting Breeze (red),2,0
24,Zen,2024-05-21T17:19:46,Breed Anger (red),1,0
24,Zen,2024-05-21T17:19:46,Flex Claws (red),1,0
24,Zen,2024-05-21T17:19:46,Harmony of the Hunt (red),1,0
24,Zen,2024-05-21T17:19:46,Nimblism (red),2,0
24,Zen,2024-05-21T17:19:46,Tiger Form Incantation (red),2,0
24,Zen,2024-05-21T17:19:46,Untamed (red),1,0
24,Zen,2024-05-21T17:19:46,Wind Chakra (red),1,0
24,Zen,2024-05-21T17:19:46,Wounding Blow (red),1,0
24,Zen,2024-05-21T17:19:46,Companion of the Claw (yellow),1,0
24,Zen,2024-05-21T17:19:46,Harmony of the Hunt (yellow),1,0
24,Zen,2024-05-21T17:19:46,Nimblism (yellow),1,0
24,Zen,2024-05-21T17:19:46,Biting Breeze (blue),2,0
24,Zen,2024-05-21T17:19:46,Cosmic Awakening (blue),1,0
24,Zen,2024-05-21T17:19:46,Evasive Leap (blue),1,0
24,Zen,2024-05-21T17:19:46,First Tenet of Chi: Moon (blue),1,0
24,Zen,2024-05-21T17:19:46,First Tenet of Chi: Wind (blue),1,0
24,Zen,2024-05-21T17:19:46,Flex Claws (blue),1,0
24,Zen,2024-05-21T17:19:46,Gravekeeping (blue),1,0
24,Zen,2024-05-21T17:19:46,Homage to Ancestors (blue),1,0
24,Zen,2024-05-21T17:19:46,Nimble Strike (blue),2,0
24,Zen,2024-05-21T17:19:46,Pass Over (blue),1,0
24,Zen,2024-05-21T17:19:46,Pouncing Qi (blue),1,0
24,Zen,2024-05-21T17:19:46,Preserve Tradition (blue),1,0
24,Zen,2024-05-21T17:19:46,Spillover (blue),1,0
24,Zen,2024-05-21T17:19:46,The Grain that Tips the Scale (blue),1,0
24,Zen,2024-05-21T17:19:46,Wounding Blow (blue),2,0
24,Zen,2024-05-21T17:19:46,Heirloom of Tiger Hide,1,1
24,Zen,2024-05-21T17:19:46,Skycrest Keikoi,1,1
24,Zen,2024-05-21T17:19:46,Waves of Aqua Marine,1,1
25,Zen,2024-05-21T18:55:57,Aspect of Tiger: Body (red),1,0
25,Zen,2024-05-21T18:55:57,Battlefront Bastion (red),1,0
25,Zen,2024-05-21T18:55:57,Blessing of Qi (red),1,0
25,Zen,2024-05-21T18:55:57,Breed Anger (red),1,0
25,Zen,2024-05-21T18:55:57,Companion of the Claw (red),1,0
25,Zen,2024-05-21T18:55:57,Emissary of Moon (red),1,0
25,Zen,2024-05-21T18:55:57,Emissary of Wind (red),1,0
25,Zen,2024-05-21T18:55:57,Fact-Finding Mission (red),1,0
25,Zen,2024-05-21T18:55:57,Flex Claws (red),2,0
25,Zen,2024-05-21T18:55:57,Harmony of the Hunt (red),2,0
25,Zen,2024-05-21T18:55:57,Nimblism (red),1,0
25,Zen,2024-05-21T18:55:57,Qi Unleashed (red),1,0
25,Zen,2024-05-21T18:55:57,Untamed (red),1,0
25,Zen,2024-05-21T18:55:57,Wounding Blow (red),1,0
25,Zen,2024-05-21T18:55:57,Battlefront Bastion (yellow),1,0
25,Zen,2024-05-21T18:55:57,Breed Anger (yellow),1,0
25,Zen,2024-05-21T18:55:57,Untamed (yellow),1,0
25,Zen,2024-05-21T18:55:57,Breed Anger (blue),1,0
25,Zen,2024-05-21T18:55:57,Companion of the Claw (blue),1,0
25,Zen,2024-05-21T18:55:57,Droplet (blue),1,0
25,Zen,2024-05-21T18:55:57,First Tenet of Chi: Tide (blue),1,0
25,Zen,2024-05-21T18:55:57,Flex Claws (blue),1,0
25,Zen,2024-05-21T18:55:57,Harmony of the Hunt (blue),1,0
25,Zen,2024-05-21T18:55:57,Spillover (blue),3,0
25,Zen,2024-05-21T18:55:57,The Grain that Tips the Scale (blue),1,0
25,Zen,2024-05-21T18:55:57,Tidal Surge (blue),1,0
25,Zen,2024-05-21T18:55:57,Tiger Form Incantation (blue),1,0
25,Zen,2024-05-21T18:55:57,Untamed (blue),1,0
25,Zen,2024-05-21T18:55:57,Wounding Blow (blue),2,0
25,Zen,2024-05-21T18:55:57,Heirloom of Tiger Hide,1,1
25,Zen,2024-05-21T18:55:57,Mask of Wizened Whiskers,1,1
25,Zen,2024-05-21T18:55:57,Skyhold Keikoi,1,1
25,Zen,2024-05-21T18:55:57,Stride of Reprisal,1,1
26,Enigma,2024-05-21T19:22:43,Astral Etchings (red),1,0
26,Enigma,2024-05-21T19:22:43,Emissary of Moon (red),1,0
26,Enigma,2024-05-21T19:22:43,Evasive Leap (red),1,0
26,Enigma,2024-05-21T19:22:43,Haunting Specter (red),1,0
26,Enigma,2024-05-21T19:22:43,Haze Shelter (red),1,0
26,Enigma,2024-05-21T19:22:43,Single Minded Determination (red),1,0
26,Enigma,2024-05-21T19:22:43,Solitary Companion (red),1,0
26,Enigma,2024-05-21T19:22:43,Spectral Manifestations (red),1,0
26,Enigma,2024-05-21T19:22:43,Vengeful Apparition (red),2,0
26,Enigma,2024-05-21T19:22:43,Waning Vengeance (red),2,0
26,Enigma,2024-05-21T19:22:43,Waxing Specter (red),2,0
26,Enigma,2024-05-21T19:22:43,Astral Etchings (yellow),1,0
26,Enigma,2024-05-21T19:22:43,Haze Shelter (yellow),1,0
26,Enigma,2024-05-21T19:22:43,Sigil of Solitude (yellow),2,0
26,Enigma,2024-05-21T19:22:43,Single Minded Determination (yellow),1,0
26,Enigma,2024-05-21T19:22:43,A Drop in the Ocean (blue),4,0
26,Enigma,2024-05-21T19:22:43,Droplet (blue),1,0
26,Enigma,2024-05-21T19:22:43,Fact-Finding Mission (blue),1,0
26,Enigma,2024-05-21T19:22:43,First Tenet of Chi: Tide (blue),2,0
26,Enigma,2024-05-21T19:22:43,Homage to Ancestors (blue),1,0
26,Enigma,2024-05-21T19:22:43,Moon Chakra (blue),2,0
26,Enigma,2024-05-21T19:22:43,Preserve Tradition (blue),1,0
26,Enigma,2024-05-21T19:22:43,"Rising Sun, Setting Moon (blue)",2,0
26,Enigma,2024-05-21T19:22:43,Single Minded Determination (blue),1,0
26,Enigma,2024-05-21T19:22:43,Solitary Companion (blue),1,0
26,Enigma,2024-05-21T19:22:43,Vengeful Apparition (blue),3,0
26,Enigma,2024-05-21T19:22:43,Skywalker Keikoi,1,1
26,Enigma,2024-05-21T19:22:43,Truths Retold,1,1
26,Enigma,2024-05-21T19:22:43,Uphold Tradition,1,1
27,Zen,2024-05-21T19:35:27,Aspect of Tiger: Body (red),1,0
27,Zen,2024-05-21T19:35:27,Biting Breeze (red),1,0
27,Zen,2024-05-21T19:35:27,Pouncing Qi (red),1,0
27,Zen,2024-05-21T19:35:27,Qi Unleashed (red),1,0
27,Zen,2024-05-21T19:35:27,Tiger Form Incantation (red),1,0
27,Zen,2024-05-21T19:35:27,Untamed (red),2,0
27,Zen,2024-05-21T19:35:27,Water the Seeds (red),1,0
27,Zen,2024-05-21T19:35:27,Battlefront Bastion (yellow),1,0
27,Zen,2024-05-21T19:35:27,Biting Breeze (yellow),1,0
27,Zen,2024-05-21T19:35:27,Companion of the Claw (yellow),1,0
27,Zen,2024-05-21T19:35:27,Flex Claws (yellow),1,0
27,Zen,2024-05-21T19:35:27,Harmony of the Hunt (yellow),1,0
27,Zen,2024-05-21T19:35:27,Pouncing Qi (yellow),1,0
27,Zen,2024-05-21T19:35:27,Tiger Form Incantation (yellow),1,0
27,Zen,2024-05-21T19:35:27,Untamed (yellow),1,0
27,Zen,2024-05-21T19:35:27,Aspect of Tiger: Mind (blue),1,0
27,Zen,2024-05-21T19:35:27,Biting Breeze (blue),1,0
27,Zen,2024-05-21T19:35:27,Blessing of Qi (blue),1,0
27,Zen,2024-05-21T19:35:27,Companion of the Claw (blue),2,0
27,Zen,2024-05-21T19:35:27,Harmony of the Hunt (blue),1,0
27,Zen,2024-05-21T19:35:27,Homage to Ancestors (blue),1,0
27,Zen,2024-05-21T19:35:27,Levels of Enlightenment (blue),1,0
27,Zen,2024-05-21T19:35:27,Pouncing Qi (blue),2,0
27,Zen,2024-05-21T19:35:27,Preserve Tradition (blue),1,0
27,Zen,2024-05-21T19:35:27,Rising Tide (blue),1,0
27,Zen,2024-05-21T19:35:27,Stir the Pot (blue),1,0
27,Zen,2024-05-21T19:35:27,Tiger Form Incantation (blue),1,0
27,Zen,2024-05-21T19:35:27,Untamed (blue),1,0
27,Zen,2024-05-21T19:35:27,Wounding Blow (blue),1,0
27,Zen,2024-05-21T19:35:27,Mask of Wizened Whiskers,1,1
27,Zen,2024-05-21T19:35:27,Stride of Reprisal,1,1
27,Zen,2024-05-21T19:35:27,Waves of Aqua Marine,1,1
28,Enigma,2024-05-21T21:23:18,Astral Etchings (red),1,0
28,Enigma,2024-05-21T21:23:18,Sigil of Solitude (red),1,0
28,Enigma,2024-05-21T21:23:18,Solitary Companion (red),1,0
28,Enigma,2024-05-21T21:23:18,Spectral Manifestations (red),2,0
28,Enigma,2024-05-21T21:23:18,Vengeful Apparition (red),1,0
28,Enigma,2024-05-21T21:23:18,Waning Vengeance (red),1,0
28,Enigma,2024-05-21T21:23:18,Waxing Specter (red),4,0
28,Enigma,2024-05-21T21:23:18,Essence of Ancestry: Soul (yellow),1,0
28,Enigma,2024-05-21T21:23:18,Single Minded Determination (yellow),1,0
28,Enigma,2024-05-21T21:23:18,Vengeful Apparition (yellow),1,0
28,Enigma,2024-05-21T21:23:18,Waxing Specter (yellow),2,0
28,Enigma,2024-05-21T21:23:18,A Drop in the Ocean (blue),1,0
28,Enigma,2024-05-21T21:23:18,Battlefront Bastion (blue),1,0
28,Enigma,2024-05-21T21:23:18,Blanch (blue),1,0
28,Enigma,2024-05-21T21:23:18,Deep Blue Sea (blue),1,0
28,Enigma,2024-05-21T21:23:18,Essence of Ancestry: Mind (blue),1,0
28,Enigma,2024-05-21T21:23:18,First Tenet of Chi: Tide (blue),1,0
28,Enigma,2024-05-21T21:23:18,Haunting Specter (blue),3,0
28,Enigma,2024-05-21T21:23:18,Homage to Ancestors (blue),1,0
28,Enigma,2024-05-21T21:23:18,Moon Chakra (blue),1,0
28,Enigma,2024-05-21T21:23:18,"Rising Sun, Setting Moon (blue)",1,0
28,Enigma,2024-05-21T21:23:18,Second Tenet of Chi: Moon (blue),1,0
28,Enigma,2024-05-21T21:23:18,Second Tenet of Chi: Tide (blue),1,0
28,Enigma,2024-05-21T21:23:18,Single Minded Determination (blue),2,0
28,Enigma,2024-05-21T21:23:18,Solitary Companion (blue),1,0
28,Enigma,2024-05-21T21:23:18,Spectral Manifestations (blue),1,0
28,Enigma,2024-05-21T21:23:18,Stir the Pot (blue),1,0
28,Enigma,2024-05-21T21:23:18,Vengeful Apparition (blue),1,0
28,Enigma,2024-05-21T21:23:18,Waning Vengeance (blue),1,0
28,Enigma,2024-05-21T21:23:18,Waxing Specter (blue),1,0
28,Enigma,2024-05-21T21:23:18,Aqua Seeing Shell,1,1
28,Enigma,2024-05-21T21:23:18,Skybody Keikoi,1,1
28,Enigma,2024-05-21T21:23:18,Skywalker Keikoi,1,1
28,Enigma,2024-05-21T21:23:18,Uphold Tradition,1,1
29,Zen,2024-05-21T22:11:30,Biting Breeze (red),2,0
29,Zen,2024-05-21T22:11:30,Blessing of Qi (red),1,0
29,Zen,2024-05-21T22:11:30,Breed Anger (red),2,0
29,Zen,2024-05-21T22:11:30,Companion of the Claw (red),1,0
29,Zen,2024-05-21T22:11:30,Flex Claws (red),1,0
29,Zen,2024-05-21T22:11:30,Qi Unleashed (red),1,0
29,Zen,2024-05-21T22:11:30,Tiger Form Incantation (red),2,0
29,Zen,2024-05-21T22:11:30,Untamed (red),2,0
29,Zen,2024-05-21T22:11:30,Wind Chakra (red),1,0
29,Zen,2024-05-21T22:11:30,Aspect of Tiger: Soul (yellow),1,0
29,Zen,2024-05-21T22:11:30,Battlefront Bastion (yellow),1,0
29,Zen,2024-05-21T22:11:30,Flex Claws (yellow),1,0
29,Zen,2024-05-21T22:11:30,Wind Chakra (yellow),1,0
29,Zen,2024-05-21T22:11:30,Breed Anger (blue),3,0
29,Zen,2024-05-21T22:11:30,Companion of the Claw (blue),1,0
29,Zen,2024-05-21T22:11:30,First Tenet of Chi: Moon (blue),1,0
29,Zen,2024-05-21T22:11:30,First Tenet of Chi: Tide (blue),1,0
29,Zen,2024-05-21T22:11:30,Pass Over (blue),1,0
29,Zen,2024-05-21T22:11:30,Path Well Traveled (blue),2,0
29,Zen,2024-05-21T22:11:30,Pouncing Qi (blue),3,0
29,Zen,2024-05-21T22:11:30,Shifting Winds of the Mystic Beast (blue),1,0
29,Zen,2024-05-21T22:11:30,The Grain that Tips the Scale (blue),1,0
29,Zen,2024-05-21T22:11:30,Tiger Form Incantation (blue),1,0
29,Zen,2024-05-21T22:11:30,Untamed (blue),1,0
29,Zen,2024-05-21T22:11:30,Water the Seeds (blue),1,0
29,Zen,2024-05-21T22:11:30,Wind Chakra (blue),1,0
29,Zen,2024-05-21T22:11:30,Mask of Wizened Whiskers,1,1
29,Zen,2024-05-21T22:11:30,Stride of Reprisal,1,1
30,Zen,2024-05-21T22:11:42,Aspect of Tiger: Body (red),2,0
30,Zen,2024-05-21T22:11:42,Biting Breeze (red),1,0
30,Zen,2024-05-21T22:11:42,Breed Anger (red),1,0
30,Zen,2024-05-21T22:11:42,Harmony of the Hunt (red),1,0
30,Zen,2024-05-21T22:11:42,Nimble Strike (red),2,0
30,Zen,2024-05-21T22:11:42,Nimblism (red),1,0
30,Zen,2024-05-21T22:11:42,Pouncing Qi (red),2,0
30,Zen,2024-05-21T22:11:42,Tiger Form Incantation (red),1,0
30,Zen,2024-05-21T22:11:42,Untamed (red),1,0
30,Zen,2024-05-21T22:11:42,Wounding Blow (red),1,0
30,Zen,2024-05-21T22:11:42,Aspect of Tiger: Soul (yellow),1,0
30,Zen,2024-05-21T22:11:42,Blessing of Qi (yellow),1,0
30,Zen,2024-05-21T22:11:42,Companion of the Claw (yellow),1,0
30,Zen,2024-05-21T22:11:42,Evasive Leap (yellow),1,0
30,Zen,2024-05-21T22:11:42,Fact-Finding Mission (yellow),1,0
30,Zen,2024-05-21T22:11:42,Harmony of the Hunt (yellow),1,0
30,Zen,2024-05-21T22:11:42,Pouncing Qi (yellow),1,0
30,Zen,2024-05-21T22:11:42,Tiger Form Incantation (yellow),1,0
30,Zen,2024-05-21T22:11:42,Untamed (yellow),1,0
30,Zen,2024-05-21T22:11:42,Wind Chakra (yellow),1,0
30,Zen,2024-05-21T22:11:42,Blanch (blue),1,0
30,Zen,2024-05-21T22:11:42,Blessing of Qi (blue),1,0
30,Zen,2024-05-21T22:11:42,Breed Anger (blue),2,0
30,Zen,2024-05-21T22:11:42,Companion of the Claw (blue),1,0
30,Zen,2024-05-21T22:11:42,First Tenet of Chi: Tide (blue),1,0
30,Zen,2024-05-21T22:11:42,Flex Claws (blue),1,0
30,Zen,2024-05-21T22:11:42,Harmony of the Hunt (blue),2,0
30,Zen,2024-05-21T22:11:42,Nimblism (blue),1,0
30,Zen,2024-05-21T22:11:42,Pouncing Qi (blue),3,0
30,Zen,2024-05-21T22:11:42,The Grain that Tips the Scale (blue),1,0
30,Zen,2024-05-21T22:11:42,Aqua Laps,1,1
30,Zen,2024-05-21T22:11:42,Koi Blessed Kimono,1,1
30,Zen,2024-05-21T22:11:42,Mask of Wizened Whiskers,1,1
30,Zen,2024-05-21T22:11:42,Stride of Reprisal,1,1
30,Zen,2024-05-21T22:11:42,Waves of Aqua Marine,1,1
31,Enigma,2024-05-21T22:30:38,Astral Etchings (red),1,0
31,Enigma,2024-05-21T22:30:38,Battlefront Bastion (red),1,0
31,Enigma,2024-05-21T22:30:38,Evasive Leap (red),1,0
31,Enigma,2024-05-21T22:30:38,Fact-Finding Mission (red),1,0
31,Enigma,2024-05-21T22:30:38,Single Minded Determination (red),1,0
31,Enigma,2024-05-21T22:30:38,Solitary Companion (red),1,0
31,Enigma,2024-05-21T22:30:38,Spectral Manifestations (red),1,0
31,Enigma,2024-05-21T22:30:38,Vengeful Apparition (red),2,0
31,Enigma,2024-05-21T22:30:38,Waning Vengeance (red),1,0
31,Enigma,2024-05-21T22:30:38,Water the Seeds (red),1,0
31,Enigma,2024-05-21T22:30:38,Waxing Specter (red),2,0
31,Enigma,2024-05-21T22:30:38,Wounding Blow (red),1,0
31,Enigma,2024-05-21T22:30:38,Astral Etchings (yellow),2,0
31,Enigma,2024-05-21T22:30:38,Sigil of Solitude (yellow),1,0
31,Enigma,2024-05-21T22:30:38,Single Minded Determination (yellow),1,0
31,Enigma,2024-05-21T22:30:38,Spectral Manifestations (yellow),3,0
31,Enigma,2024-05-21T22:30:38,Waxing Specter (yellow),1,0
31,Enigma,2024-05-21T22:30:38,A Drop in the Ocean (blue),2,0
31,Enigma,2024-05-21T22:30:38,Astral Etchings (blue),1,0
31,Enigma,2024-05-21T22:30:38,Battlefront Bastion (blue),1,0
31,Enigma,2024-05-21T22:30:38,Essence of Ancestry: Mind (blue),1,0
31,Enigma,2024-05-21T22:30:38,Manifestation of Miragai (blue),1,0
31,Enigma,2024-05-21T22:30:38,Pass Over (blue),1,0
31,Enigma,2024-05-21T22:30:38,Sigil of Solitude (blue),1,0
31,Enigma,2024-05-21T22:30:38,Single Minded Determination (blue),1,0
31,Enigma,2024-05-21T22:30:38,Solitary Companion (blue),1,0
31,Enigma,2024-05-21T22:30:38,The Grain that Tips the Scale (blue),2,0
31,Enigma,2024-05-21T22:30:38,Vengeful Apparition (blue),1,0
31,Enigma,2024-05-21T22:30:38,Waning Vengeance (blue),1,0
31,Enigma,2024-05-21T22:30:38,Water the Seeds (blue),1,0
31,Enigma,2024-05-21T22:30:38,Skybody Keikoi,1,1
31,Enigma,2024-05-21T22:30:38,Skycrest Keikoi,1,1
31,Enigma,2024-05-21T22:30:38,Skywalker Keikoi,1,1
31,Enigma,2024-05-21T22:30:38,Uphold Tradition,1,1
32,Zen,2024-05-22T00:08:30,Biting Breeze (red),2,0
32,Zen,2024-05-22T00:08:30,Breed Anger (red),1,0
32,Zen,2024-05-22T00:08:30,Chase the Tail (red),1,0
32,Zen,2024-05-22T00:08:30,Companion of the Claw (red),3,0
32,Zen,2024-05-22T00:08:30,Flex Claws (red),3,0
32,Zen,2024-05-22T00:08:30,Harmony of the Hunt (red),1,0
32,Zen,2024-05-22T00:08:30,Nimble Strike (red),1,0
32,Zen,2024-05-22T00:08:30,Pouncing Qi (red),1,0
32,Zen,2024-05-22T00:08:30,Qi Unleashed (red),2,0
32,Zen,2024-05-22T00:08:30,Tiger Form Incantation (red),2,0
32,Zen,2024-05-22T00:08:30,Untamed (red),2,0
32,Zen,2024-05-22T00:08:30,Breed Anger (yellow),1,0
32,Zen,2024-05-22T00:08:30,Companion of the Claw (yellow),1,0
32,Zen,2024-05-22T00:08:30,Nimblism (yellow),1,0
32,Zen,2024-05-22T00:08:30,Tiger Form Incantation (yellow),2,0
32,Zen,2024-05-22T00:08:30,Untamed (yellow),1,0
32,Zen,2024-05-22T00:08:30,Blessing of Qi (blue),1,0
32,Zen,2024-05-22T00:08:30,Breed Anger (blue),2,0
32,Zen,2024-05-22T00:08:30,Companion of the Claw (blue),1,0
32,Zen,2024-05-22T00:08:30,First Tenet of Chi: Moon (blue),1,0
32,Zen,2024-05-22T00:08:30,Harmony of the Hunt (blue),2,0
32,Zen,2024-05-22T00:08:30,Homage to Ancestors (blue),1,0
32,Zen,2024-05-22T00:08:30,Pouncing Qi (blue),2,0
32,Zen,2024-05-22T00:08:30,Qi Unleashed (blue),1,0
32,Zen,2024-05-22T00:08:30,Stir the Pot (blue),1,0
32,Zen,2024-05-22T00:08:30,Heirloom of Tiger Hide,1,1
32,Zen,2024-05-22T00:08:30,Mask of Wizened Whiskers,1,1
32,Zen,2024-05-22T00:08:30,Skyhold Keikoi,1,1
32,Zen,2024-05-22T00:08:30,Stride of Reprisal,1,1
33,Enigma,2024-05-22T00:24:32,Battlefront Bastion (red),1,0
33,Enigma,2024-05-22T00:24:32,Emissary of Moon (red),1,0
33,Enigma,2024-05-22T00:24:32,Haze Shelter (red),1,0
33,Enigma,2024-05-22T00:24:32,Sigil of Solitude (red),2,0
33,Enigma,2024-05-22T00:24:32,Single Minded Determination (red),1,0
33,Enigma,2024-05-22T00:24:32,Spectral Manifestations (red),2,0
33,Enigma,2024-05-22T00:24:32,Vengeful Apparition (red),2,0
33,Enigma,2024-05-22T00:24:32,Water the Seeds (red),2,0
33,Enigma,2024-05-22T00:24:32,Astral Etchings (yellow),1,0
33,Enigma,2024-05-22T00:24:32,Essence of Ancestry: Soul (yellow),2,0
33,Enigma,2024-05-22T00:24:32,Fact-Finding Mission (yellow),1,0
33,Enigma,2024-05-22T00:24:32,Haunting Specter (yellow),1,0
33,Enigma,2024-05-22T00:24:32,Nimble Strike (yellow),1,0
33,Enigma,2024-05-22T00:24:32,Single Minded Determination (yellow),1,0
33,Enigma,2024-05-22T00:24:32,Spectral Manifestations (yellow),1,0
33,Enigma,2024-05-22T00:24:32,Battlefront Bastion (blue),2,0
33,Enigma,2024-05-22T00:24:32,First Tenet of Chi: Tide (blue),1,0
33,Enigma,2024-05-22T00:24:32,First Tenet of Chi: Wind (blue),1,0
33,Enigma,2024-05-22T00:24:32,Haze Shelter (blue),1,0
33,Enigma,2024-05-22T00:24:32,Nimblism (blue),1,0
33,Enigma,2024-05-22T00:24:32,Preserve Tradition (blue),1,0
33,Enigma,2024-05-22T00:24:32,Rage Specter (blue),1,0
33,Enigma,2024-05-22T00:24:32,Spectral Manifestations (blue),2,0
33,Enigma,2024-05-22T00:24:32,Stir the Pot (blue),3,0
33,Enigma,2024-05-22T00:24:32,Vengeful Apparition (blue),2,0
33,Enigma,2024-05-22T00:24:32,Wash Away (blue),1,0
33,Enigma,2024-05-22T00:24:32,Waxing Specter (blue),1,0
33,Enigma,2024-05-22T00:24:32,Wide Blue Yonder (blue),1,0
33,Enigma,2024-05-22T00:24:32,Koi Blessed Kimono,1,1
33,Enigma,2024-05-22T00:24:32,Skywalker Keikoi,1,1
33,Enigma,2024-05-22T00:24:32,Truths Retold,1,1
33,Enigma,2024-05-22T00:24:32,Uphold Tradition,1,1
34,Nuu,2024-05-22T01:39:31,Art of Desire: Body (red),1,0
34,Nuu,2024-05-22T01:39:31,Desires of Flesh (red),2,0
34,Nuu,2024-05-22T01:39:31,Double Trouble (red),2,0
34,Nuu,2024-05-22T01:39:31,Emissary of Wind (red),1,0
34,Nuu,2024-05-22T01:39:31,Impulsive Desire (red),1,0
34,Nuu,2024-05-22T01:39:31,Intimate Inducement (red),1,0
34,Nuu,2024-05-22T01:39:31,Pick to Pieces (red),2,0
34,Nuu,2024-05-22T01:39:31,Tide Chakra (red),1,0
34,Nuu,2024-05-22T01:39:31,Venomous Bite (red),1,0
34,Nuu,2024-05-22T01:39:31,Bonds of Attraction (yellow),1,0
34,Nuu,2024-05-22T01:39:31,Bonds of Memory (yellow),1,0
34,Nuu,2024-05-22T01:39:31,Desires of Flesh (yellow),1,0
34,Nuu,2024-05-22T01:39:31,Hiss (yellow),1,0
34,Nuu,2024-05-22T01:39:31,Mind's Desire (yellow),1,0
34,Nuu,2024-05-22T01:39:31,Nimblism (yellow),1,0
34,Nuu,2024-05-22T01:39:31,Pick to Pieces (yellow),1,0
34,Nuu,2024-05-22T01:39:31,Venomous Bite (yellow),1,0
34,Nuu,2024-05-22T01:39:31,Bonds of Attraction (blue),1,0
34,Nuu,2024-05-22T01:39:31,Desires of Flesh (blue),1,0
34,Nuu,2024-05-22T01:39:31,Homage to Ancestors (blue),1,0
34,Nuu,2024-05-22T01:39:31,Mind's Desire (blue),2,0
34,Nuu,2024-05-22T01:39:31,Nimble Strike (blue),1,0
34,Nuu,2024-05-22T01:39:31,Nimblism (blue),1,0
34,Nuu,2024-05-22T01:39:31,Pick to Pieces (blue),1,0
34,Nuu,2024-05-22T01:39:31,"Rising Sun, Setting Moon (blue)",1,0
34,Nuu,2024-05-22T01:39:31,Spillover (blue),1,0
34,Nuu,2024-05-22T01:39:31,Wide Blue Yonder (blue),1,0
34,Nuu,2024-05-22T01:39:31,Wounding Blow (blue),1,0
34,Nuu,2024-05-22T01:39:31,Arousing Wave,1,1
34,Nuu,2024-05-22T01:39:31,Skybody Keikoi,1,1
34,Nuu,2024-05-22T01:39:31,Skycrest Keikoi,1,1
34,Nuu,2024-05-22T01:39:31,Skyhold Keikoi,1,1
34,Nuu,2024-05-22T01:39:31,Skywalker Keikoi,1,1
34,Nuu,2024-05-22T01:39:31,Undertow Stilettos,1,1
34,Nuu,2024-05-22T01:39:31,Waves of Aqua Marine,1,1
35,Zen,2024-05-22T02:42:39,Battlefront Bastion (red),1,0
35,Zen,2024-05-22T02:42:39,Biting Breeze (red),2,0
35,Zen,2024-05-22T02:42:39,Breed Anger (red),2,0
35,Zen,2024-05-22T02:42:39,Emissary of Wind (red),1,0
35,Zen,2024-05-22T02:42:39,Flex Claws (red),2,0
35,Zen,2024-05-22T02:42:39,Nimble Strike (red),2,0
35,Zen,2024-05-22T02:42:39,Nimblism (red),2,0
35,Zen,2024-05-22T02:42:39,Qi Unleashed (red),2,0
35,Zen,2024-05-22T02:42:39,Tiger Form Incantation (red),1,0
35,Zen,2024-05-22T02:42:39,Wind Chakra (red),1,0
35,Zen,2024-05-22T02:42:39,Battlefront Bastion (yellow),1,0
35,Zen,2024-05-22T02:42:39,Biting Breeze (yellow),1,0
35,Zen,2024-05-22T02:42:39,Companion of the Claw (yellow),1,0
35,Zen,2024-05-22T02:42:39,Fact-Finding Mission (yellow),1,0
35,Zen,2024-05-22T02:42:39,Pouncing Qi (yellow),1,0
35,Zen,2024-05-22T02:42:39,Attune with Cosmic Vibrations (blue),1,0
35,Zen,2024-05-22T02:42:39,Battlefront Bastion (blue),1,0
35,Zen,2024-05-22T02:42:39,Companion of the Claw (blue),1,0
35,Zen,2024-05-22T02:42:39,Fact-Finding Mission (blue),1,0
35,Zen,2024-05-22T02:42:39,Harmony of the Hunt (blue),1,0
35,Zen,2024-05-22T02:42:39,Path Well Traveled (blue),1,0
35,Zen,2024-05-22T02:42:39,Pouncing Qi (blue),1,0
35,Zen,2024-05-22T02:42:39,Preserve Tradition (blue),1,0
35,Zen,2024-05-22T02:42:39,Qi Unleashed (blue),1,0
35,Zen,2024-05-22T02:42:39,Rising Tide (blue),1,0
35,Zen,2024-05-22T02:42:39,Second Tenet of Chi: Wind (blue),1,0
35,Zen,2024-05-22T02:42:39,Tiger Form Incantation (blue),1,0
35,Zen,2024-05-22T02:42:39,Untamed (blue),2,0
35,Zen,2024-05-22T02:42:39,Wind Chakra (blue),2,0
35,Zen,2024-05-22T02:42:39,Mask of Wizened Whiskers,1,1
35,Zen,2024-05-22T02:42:39,Skybody Keikoi,1,1
35,Zen,2024-05-22T02:42:39,Stride of Reprisal,1,1
36,Enigma,2024-05-22T03:45:59,Essence of Ancestry: Body (red),1,0
36,Enigma,2024-05-22T03:45:59,Haze Shelter (red),1,0
36,Enigma,2024-05-22T03:45:59,Sigil of Solitude (red),2,0
36,Enigma,2024-05-22T03:45:59,Vengeful Apparition (red),1,0
36,Enigma,2024-05-22T03:45:59,Waning Vengeance (red),1,0
36,Enigma,2024-05-22T03:45:59,Waxing Specter (red),1,0
36,Enigma,2024-05-22T03:45:59,Astral Etchings (yellow),1,0
36,Enigma,2024-05-22T03:45:59,Single Minded Determination (yellow),2,0
36,Enigma,2024-05-22T03:45:59,Vengeful Apparition (yellow),2,0
36,Enigma,2024-05-22T03:45:59,Waning Vengeance (yellow),1,0
36,Enigma,2024-05-22T03:45:59,Waxing Specter (yellow),1,0
36,Enigma,2024-05-22T03:45:59,A Drop in the Ocean (blue),3,0
36,Enigma,2024-05-22T03:45:59,Astral Etchings (blue),1,0
36,Enigma,2024-05-22T03:45:59,Battlefront Bastion (blue),1,0
36,Enigma,2024-05-22T03:45:59,Essence of Ancestry: Mind (blue),2,0
36,Enigma,2024-05-22T03:45:59,First Tenet of Chi: Moon (blue),1,0
36,Enigma,2024-05-22T03:45:59,Homage to Ancestors (blue),1,0
36,Enigma,2024-05-22T03:45:59,Sacred Art: Immortal Lunar Shrine (blue),1,0
36,Enigma,2024-05-22T03:45:59,Second Tenet of Chi: Moon (blue),1,0
36,Enigma,2024-05-22T03:45:59,Second Tenet of Chi: Tide (blue),1,0
36,Enigma,2024-05-22T03:45:59,Sigil of Solitude (blue),1,0
36,Enigma,2024-05-22T03:45:59,Single Minded Determination (blue),2,0
36,Enigma,2024-05-22T03:45:59,Solitary Companion (blue),1,0
36,Enigma,2024-05-22T03:45:59,Spectral Manifestations (blue),1,0
36,Enigma,2024-05-22T03:45:59,Stir the Pot (blue),2,0
36,Enigma,2024-05-22T03:45:59,Vengeful Apparition (blue),2,0
36,Enigma,2024-05-22T03:45:59,Waxing Specter (blue),1,0
36,Enigma,2024-05-22T03:45:59,Wounding Blow (blue),1,0
36,Enigma,2024-05-22T03:45:59,Koi Blessed Kimono,1,1
36,Enigma,2024-05-22T03:45:59,Skycrest Keikoi,1,1
36,Enigma,2024-05-22T03:45:59,Skywalker Keikoi,1,1
36,Enigma,2024-05-22T03:45:59,Truths Retold,1,1
36,Enigma,2024-05-22T03:45:59,Uphold Tradition,1,1
37,Nuu,2024-05-22T04:40:35,Art of Desire: Body (red),2,0
37,Nuu,2024-05-22T04:40:35,Battlefront Bastion (red),1,0
37,Nuu,2024-05-22T04:40:35,Bonds of Memory (red),1,0
37,Nuu,2024-05-22T04:40:35,Desires of Flesh (red),1,0
37,Nuu,2024-05-22T04:40:35,Gravekeeping (red),1,0
37,Nuu,2024-05-22T04:40:35,Hiss (red),2,0
37,Nuu,2024-05-22T04:40:35,Impulsive Desire (red),2,0
37,Nuu,2024-05-22T04:40:35,Mind's Desire (red),2,0
37,Nuu,2024-05-22T04:40:35,Venomous Bite (red),2,0
37,Nuu,2024-05-22T04:40:35,Wounding Blow (red),1,0
37,Nuu,2024-05-22T04:40:35,Battlefront Bastion (yellow),1,0
37,Nuu,2024-05-22T04:40:35,Bonds of Memory (yellow),1,0
37,Nuu,2024-05-22T04:40:35,Desires of Flesh (yellow),1,0
37,Nuu,2024-05-22T04:40:35,Intimate Inducement (yellow),1,0
37,Nuu,2024-05-22T04:40:35,Pick to Pieces (yellow),1,0
37,Nuu,2024-05-22T04:40:35,Bonds of Memory (blue),1,0
37,Nuu,2024-05-22T04:40:35,Desires of Flesh (blue),2,0
37,Nuu,2024-05-22T04:40:35,Hiss (blue),1,0
37,Nuu,2024-05-22T04:40:35,Homage to Ancestors (blue),1,0
37,Nuu,2024-05-22T04:40:35,Impulsive Desire (blue),3,0
37,Nuu,2024-05-22T04:40:35,Mind's Desire (blue),2,0
37,Nuu,2024-05-22T04:40:35,Nimble Strike (blue),1,0
37,Nuu,2024-05-22T04:40:35,Path Well Traveled (blue),1,0
37,Nuu,2024-05-22T04:40:35,Pick to Pieces (blue),2,0
37,Nuu,2024-05-22T04:40:35,Preserve Tradition (blue),1,0
37,Nuu,2024-05-22T04:40:35,Venomous Bite (blue),1,0
37,Nuu,2024-05-22T04:40:35,Arousing Wave,1,1
37,Nuu,2024-05-22T04:40:35,Heirloom of Snake Hide,1,1
37,Nuu,2024-05-22T04:40:35,Skycrest Keikoi,1,1
37,Nuu,2024-05-22T04:40:35,Undertow Stilettos,1,1
38,Enigma,2024-05-22T05:05:27,Astral Etchings (red),2,0
38,Enigma,2024-05-22T05:05:27,Haze Shelter (red),2,0
38,Enigma,2024-05-22T05:05:27,Sigil of Solitude (red),2,0
38,Enigma,2024-05-22T05:05:27,Single Minded Determination (red),1,0
38,Enigma,2024-05-22T05:05:27,Solitary Companion (red),1,0
38,Enigma,2024-05-22T05:05:27,Spectral Manifestations (red),2,0
38,Enigma,2024-05-22T05:05:27,Vengeful Apparition (red),1,0
38,Enigma,2024-05-22T05:05:27,Waxing Specter (red),3,0
38,Enigma,2024-05-22T05:05:27,Wounding Blow (yellow),1,0
38,Enigma,2024-05-22T05:05:27,Blanch (blue),1,0
38,Enigma,2024-05-22T05:05:27,First Tenet of Chi: Moon (blue),1,0
38,Enigma,2024-05-22T05:05:27,First Tenet of Chi: Wind (blue),2,0
38,Enigma,2024-05-22T05:05:27,Haze Shelter (blue),1,0
38,Enigma,2024-05-22T05:05:27,Homage to Ancestors (blue),1,0
38,Enigma,2024-05-22T05:05:27,Manifestation of Miragai (blue),1,0
38,Enigma,2024-05-22T05:05:27,Path Well Traveled (blue),1,0
38,Enigma,2024-05-22T05:05:27,Preserve Tradition (blue),1,0
38,Enigma,2024-05-22T05:05:27,"Rising Sun, Setting Moon (blue)",1,0
38,Enigma,2024-05-22T05:05:27,Second Tenet of Chi: Wind (blue),1,0
38,Enigma,2024-05-22T05:05:27,Single Minded Determination (blue),4,0
38,Enigma,2024-05-22T05:05:27,Spectral Manifestations (blue),1,0
38,Enigma,2024-05-22T05:05:27,Spillover (blue),1,0
38,Enigma,2024-05-22T05:05:27,Vengeful Apparition (blue),1,0
38,Enigma,2024-05-22T05:05:27,Wounding Blow (blue),1,0
38,Enigma,2024-05-22T05:05:27,Aqua Laps,1,1
38,Enigma,2024-05-22T05:05:27,Skycrest Keikoi,1,1
38,Enigma,2024-05-22T05:05:27,Skywalker Keikoi,1,1
38,Enigma,2024-05-22T05:05:27,Uphold Tradition,1,1
38,Enigma,2024-05-22T05:05:27,Waves of Aqua Marine,1,1
39,Nuu,2024-05-22T05:46:53,Art of Desire: Body (red),1,0
39,Nuu,2024-05-22T05:46:53,Emissary of Tides (red),1,0
39,Nuu,2024-05-22T05:46:53,Gravekeeping (red),1,0
39,Nuu,2024-05-22T05:46:53,Impulsive Desire (red),1,0
39,Nuu,2024-05-22T05:46:53,Intimate Inducement (red),2,0
39,Nuu,2024-05-22T05:46:53,Nimble Strike (red),2,0
39,Nuu,2024-05-22T05:46:53,Pick to Pieces (red),1,0
39,Nuu,2024-05-22T05:46:53,Venomous Bite (red),1,0
39,Nuu,2024-05-22T05:46:53,Intimate Inducement (yellow),1,0
39,Nuu,2024-05-22T05:46:53,Nimblism (yellow),2,0
39,Nuu,2024-05-22T05:46:53,Pick to Pieces (yellow),1,0
39,Nuu,2024-05-22T05:46:53,Water the Seeds (yellow),1,0
39,Nuu,2024-05-22T05:46:53,Wounding Blow (yellow),1,0
39,Nuu,2024-05-22T05:46:53,A Drop in the Ocean (blue),1,0
39,Nuu,2024-05-22T05:46:53,Big Blue Sky (blue),1,0
39,Nuu,2024-05-22T05:46:53,Bonds of Memory (blue),2,0
39,Nuu,2024-05-22T05:46:53,First Tenet of Chi: Moon (blue),1,0
39,Nuu,2024-05-22T05:46:53,First Tenet of Chi: Wind (blue),1,0
39,Nuu,2024-05-22T05:46:53,Impulsive Desire (blue),1,0
39,Nuu,2024-05-22T05:46:53,Mind's Desire (blue),2,0
39,Nuu,2024-05-22T05:46:53,Path Well Traveled (blue),1,0
39,Nuu,2024-05-22T05:46:53,Pick to Pieces (blue),1,0
39,Nuu,2024-05-22T05:46:53,Venomous Bite (blue),1,0
39,Nuu,2024-05-22T05:46:53,Wide Blue Yonder (blue),1,0
39,Nuu,2024-05-22T05:46:53,Wounding Blow (blue),1,0
39,Nuu,2024-05-22T05:46:53,Aqua Seeing Shell,1,1
39,Nuu,2024-05-22T05:46:53,Skybody Keikoi,1,1
39,Nuu,2024-05-22T05:46:53,Skycrest Keikoi,1,1
39,Nuu,2024-05-22T05:46:53,Undertow Stilettos,1,1
39,Nuu,2024-05-22T05:46:53,Waves of Aqua Marine,1,1
40,Enigma,2024-05-22T11:32:15,Haunting Specter (red),1,0
40,Enigma,2024-05-22T11:32:15,Single Minded Determination (red),1,0
40,Enigma,2024-05-22T11:32:15,Spectral Manifestations (red),2,0
40,Enigma,2024-05-22T11:32:15,Vengeful Apparition (red),2,0
40,Enigma,2024-05-22T11:32:15,Waxing Specter (red),1,0
40,Enigma,2024-05-22T11:32:15,Gravekeeping (yellow),1,0
40,Enigma,2024-05-22T11:32:15,Haze Shelter (yellow),1,0
40,Enigma,2024-05-22T11:32:15,Spectral Manifestations (yellow),1,0
40,Enigma,2024-05-22T11:32:15,Astral Etchings (blue),1,0
40,Enigma,2024-05-22T11:32:15,Droplet (blue),1,0
40,Enigma,2024-05-22T11:32:15,First Tenet of Chi: Moon (blue),1,0
40,Enigma,2024-05-22T11:32:15,First Tenet of Chi: Tide (blue),1,0
40,Enigma,2024-05-22T11:32:15,First Tenet of Chi: Wind (blue),2,0
40,Enigma,2024-05-22T11:32:15,Gravekeeping (blue),1,0
40,Enigma,2024-05-22T11:32:15,Haze Shelter (blue),2,0
40,Enigma,2024-05-22T11:32:15,Homage to Ancestors (blue),1,0
40,Enigma,2024-05-22T11:32:15,Manifestation of Miragai (blue),1,0
40,Enigma,2024-05-22T11:32:15,Nimble Strike (blue),1,0
40,Enigma,2024-05-22T11:32:15,Path Well Traveled (blue),1,0
40,Enigma,2024-05-22T11:32:15,Preserve Tradition (blue),2,0
40,Enigma,2024-05-22T11:32:15,Rising Tide (blue),1,0
40,Enigma,2024-05-22T11:32:15,Second Tenet of Chi: Wind (blue),1,0
40,Enigma,2024-05-22T11:32:15,Sigil of Solitude (blue),1,0
40,Enigma,2024-05-22T11:32:15,Solitary Companion (blue),1,0
40,Enigma,2024-05-22T11:32:15,Spectral Manifestations (blue),1,0
40,Enigma,2024-05-22T11:32:15,Vengeful Apparition (blue),2,0
40,Enigma,2024-05-22T11:32:15,Water the Seeds (blue),1,0
40,Enigma,2024-05-22T11:32:15,Waxing Specter (blue),1,0
40,Enigma,2024-05-22T11:32:15,Wounding Blow (blue),1,0
40,Enigma,2024-05-22T11:32:15,Aqua Laps,1,1
40,Enigma,2024-05-22T11:32:15,Aqua Seeing Shell,1,1
40,Enigma,2024-05-22T11:32:15,Skybody Keikoi,1,1
40,Enigma,2024-05-22T11:32:15,Skywalker Keikoi,1,1
40,Enigma,2024-05-22T11:32:15,Uphold Tradition,1,1
41,Zen,2024-05-17T16:18:35,Aspect of Tiger: Body (red),1,0
41,Zen,2024-05-17T16:18:35,Biting Breeze (red),1,0
41,Zen,2024-05-17T16:18:35,Companion of the Claw (red),1,0
41,Zen,2024-05-17T16:18:35,Evasive Leap (red),2,0
41,Zen,2024-05-17T16:18:35,Fact-Finding Mission (red),1,0
41,Zen,2024-05-17T16:18:35,Flex Claws (red),1,0
41,Zen,2024-05-17T16:18:35,Harmony of the Hunt (red),3,0
41,Zen,2024-05-17T16:18:35,Nimblism (red),1,0
41,Zen,2024-05-17T16:18:35,Pouncing Qi (red),2,0
41,Zen,2024-05-17T16:18:35,Qi Unleashed (red),1,0
41,Zen,2024-05-17T16:18:35,Tiger Form Incantation (red),3,0
41,Zen,2024-05-17T16:18:35,Tooth and Claw (red),1,0
41,Zen,2024-05-17T16:18:35,Untamed (red),1,0
41,Zen,2024-05-17T16:18:35,Biting Breeze (yellow),1,0
41,Zen,2024-05-17T16:18:35,Blanch (yellow),1,0
41,Zen,2024-05-17T16:18:35,Breed Anger (yellow),1,0
41,Zen,2024-05-17T16:18:35,Fact-Finding Mission (yellow),1,0
41,Zen,2024-05-17T16:18:35,Untamed (yellow),1,0
41,Zen,2024-05-17T16:18:35,Water the Seeds (yellow),1,0
41,Zen,2024-05-17T16:18:35,Biting Breeze (blue),1,0
41,Zen,2024-05-17T16:18:35,Breed Anger (blue),1,0
41,Zen,2024-05-17T16:18:35,Companion of the Claw (blue),1,0
41,Zen,2024-05-17T16:18:35,First Tenet of Chi: Tide (blue),1,0
41,Zen,2024-05-17T16:18:35,Flex Claws (blue),1,0
41,Zen,2024-05-17T16:18:35,Pass Over (blue),1,0
41,Zen,2024-05-17T16:18:35,Pouncing Qi (blue),1,0
41,Zen,2024-05-17T16:18:35,Qi Unleashed (blue),2,0
41,Zen,2024-05-17T16:18:35,Second Tenet of Chi: Tide (blue),1,0
41,Zen,2024-05-17T16:18:35,The Grain that Tips the Scale (blue),1,0
41,Zen,2024-05-17T16:18:35,Tiger Form Incantation (blue),2,0
41,Zen,2024-05-17T16:18:35,Mask of Wizened Whiskers,1,1
41,Zen,2024-05-17T16:18:35,Stride of Reprisal,1,1
41,Zen,2024-05-17T16:18:35,Waves of Aqua Marine,1,1
42,Enigma,2024-05-17T18:41:27,Moon Chakra (red),1,0
42,Enigma,2024-05-17T18:41:27,Sigil of Solitude (red),1,0
42,Enigma,2024-05-17T18:41:27,Single Minded Determination (red),2,0
42,Enigma,2024-05-17T18:41:27,Solitary Companion (red),2,0
42,Enigma,2024-05-17T18:41:27,Spectral Manifestations (red),1,0
42,Enigma,2024-05-17T18:41:27,Waning Vengeance (red),2,0
42,Enigma,2024-05-17T18:41:27,Waxing Specter (red),2,0
42,Enigma,2024-05-17T18:41:27,Essence of Ancestry: Soul (yellow),1,0
42,Enigma,2024-05-17T18:41:27,Restless Coalescence (yellow),1,0
42,Enigma,2024-05-17T18:41:27,Waxing Specter (yellow),1,0
42,Enigma,2024-05-17T18:41:27,A Drop in the Ocean (blue),2,0
42,Enigma,2024-05-17T18:41:27,Big Blue Sky (blue),1,0
42,Enigma,2024-05-17T18:41:27,First Tenet of Chi: Tide (blue),1,0
42,Enigma,2024-05-17T18:41:27,First Tenet of Chi: Wind (blue),2,0
42,Enigma,2024-05-17T18:41:27,Haze Shelter (blue),1,0
42,Enigma,2024-05-17T18:41:27,Rising Tide (blue),2,0
42,Enigma,2024-05-17T18:41:27,Sigil of Solitude (blue),1,0
42,Enigma,2024-05-17T18:41:27,Single Minded Determination (blue),2,0
42,Enigma,2024-05-17T18:41:27,Solitary Companion (blue),1,0
42,Enigma,2024-05-17T18:41:27,Spectral Manifestations (blue),1,0
42,Enigma,2024-05-17T18:41:27,Stir the Pot (blue),1,0
42,Enigma,2024-05-17T18:41:27,The Grain that Tips the Scale (blue),1,0
42,Enigma,2024-05-17T18:41:27,Vengeful Apparition (blue),1,0
42,Enigma,2024-05-17T18:41:27,Waning Vengeance (blue),1,0
42,Enigma,2024-05-17T18:41:27,Wounding Blow (blue),2,0
42,Enigma,2024-05-17T18:41:27,Skybody Keikoi,1,1
42,Enigma,2024-05-17T18:41:27,Truths Retold,1,1
42,Enigma,2024-05-17T18:41:27,Uphold Tradition,1,1
43,Enigma,2024-05-17T19:41:53,Astral Etchings (red),1,0
43,Enigma,2024-05-17T19:41:53,Battlefront Bastion (red),2,0
43,Enigma,2024-05-17T19:41:53,Essence of Ancestry: Body (red),1,0
43,Enigma,2024-05-17T19:41:53,Gravekeeping (red),1,0
43,Enigma,2024-05-17T19:41:53,Single Minded Determination (red),2,0
43,Enigma,2024-05-17T19:41:53,Solitary Companion (red),1,0
43,Enigma,2024-05-17T19:41:53,Spectral Manifestations (red),1,0
43,Enigma,2024-05-17T19:41:53,Vengeful Apparition (red),3,0
43,Enigma,2024-05-17T19:41:53,Waning Vengeance (red),1,0
43,Enigma,2024-05-17T19:41:53,Battlefront Bastion (yellow),1,0
43,Enigma,2024-05-17T19:41:53,Blanch (yellow),1,0
43,Enigma,2024-05-17T19:41:53,Evasive Leap (yellow),1,0
43,Enigma,2024-05-17T19:41:53,Battlefront Bastion (blue),2,0
43,Enigma,2024-05-17T19:41:53,Evasive Leap (blue),1,0
43,Enigma,2024-05-17T19:41:53,Fact-Finding Mission (blue),1,0
43,Enigma,2024-05-17T19:41:53,First Tenet of Chi: Moon (blue),3,0
43,Enigma,2024-05-17T19:41:53,First Tenet of Chi: Tide (blue),1,0
43,Enigma,2024-05-17T19:41:53,First Tenet of Chi: Wind (blue),1,0
43,Enigma,2024-05-17T19:41:53,Haunting Specter (blue),1,0
43,Enigma,2024-05-17T19:41:53,Path Well Traveled (blue),2,0
43,Enigma,2024-05-17T19:41:53,Sigil of Solitude (blue),1,0
43,Enigma,2024-05-17T19:41:53,Single Minded Determination (blue),1,0
43,Enigma,2024-05-17T19:41:53,Spectral Manifestations (blue),1,0
43,Enigma,2024-05-17T19:41:53,Tidal Surge (blue),2,0
43,Enigma,2024-05-17T19:41:53,Wide Blue Yonder (blue),1,0
43,Enigma,2024-05-17T19:41:53,Aqua Laps,1,1
43,Enigma,2024-05-17T19:41:53,Koi Blessed Kimono,1,1
43,Enigma,2024-05-17T19:41:53,Truths Retold,1,1
44,Zen,2024-05-17T21:53:44,Aspect of Tiger: Body (red),1,0
44,Zen,2024-05-17T21:53:44,Battlefront Bastion (red),1,0
44,Zen,2024-05-17T21:53:44,Blanch (red),1,0
44,Zen,2024-05-17T21:53:44,Flex Claws (red),1,0
44,Zen,2024-05-17T21:53:44,Harmony of the Hunt (red),1,0
44,Zen,2024-05-17T21:53:44,Tiger Form Incantation (red),1,0
44,Zen,2024-05-17T21:53:44,Untamed (red),2,0
44,Zen,2024-05-17T21:53:44,Wounding Blow (red),1,0
44,Zen,2024-05-17T21:53:44,Battlefront Bastion (yellow),2,0
44,Zen,2024-05-17T21:53:44,Blessing of Qi (yellow),1,0
44,Zen,2024-05-17T21:53:44,Pouncing Qi (yellow),1,0
44,Zen,2024-05-17T21:53:44,Tiger Form Incantation (yellow),1,0
44,Zen,2024-05-17T21:53:44,Untamed (yellow),2,0
44,Zen,2024-05-17T21:53:44,Battlefront Bastion (blue),3,0
44,Zen,2024-05-17T21:53:44,Biting Breeze (blue),2,0
44,Zen,2024-05-17T21:53:44,Breed Anger (blue),1,0
44,Zen,2024-05-17T21:53:44,Flex Claws (blue),2,0
44,Zen,2024-05-17T21:53:44,Harmony of the Hunt (blue),1,0
44,Zen,2024-05-17T21:53:44,Pouncing Qi (blue),1,0
44,Zen,2024-05-17T21:53:44,Sacred Art: Jade Tiger Domain (blue),1,0
44,Zen,2024-05-17T21:53:44,Second Tenet of Chi: Tide (blue),1,0
44,Zen,2024-05-17T21:53:44,Territorial Domain (blue),1,0
44,Zen,2024-05-17T21:53:44,Wind Chakra (blue),1,0
44,Zen,2024-05-17T21:53:44,Aqua Laps,1,1
44,Zen,2024-05-17T21:53:44,Mask of Wizened Whiskers,1,1
44,Zen,2024-05-17T21:53:44,Skybody Keikoi,1,1
44,Zen,2024-05-17T21:53:44,Skyhold Keikoi,1,1
44,Zen,2024-05-17T21:53:44,Stride of Reprisal,1,1
45,Zen,2024-05-17T22:52:30,Aspect of Tiger: Body (red),1,0
45,Zen,2024-05-17T22:52:30,Biting Breeze (red),1,0
45,Zen,2024-05-17T22:52:30,Breed Anger (red),2,0
45,Zen,2024-05-17T22:52:30,Companion of the Claw (red),2,0
45,Zen,2024-05-17T22:52:30,Evasive Leap (red),1,0
45,Zen,2024-05-17T22:52:30,Flex Claws (red),1,0
45,Zen,2024-05-17T22:52:30,Harmony of the Hunt (red),1,0
45,Zen,2024-05-17T22:52:30,Pouncing Qi (red),2,0
45,Zen,2024-05-17T22:52:30,Tiger Form Incantation (red),1,0
45,Zen,2024-05-17T22:52:30,Untamed (red),2,0
45,Zen,2024-05-17T22:52:30,Water the Seeds (red),1,0
45,Zen,2024-05-17T22:52:30,Wind Chakra (red),1,0
45,Zen,2024-05-17T22:52:30,Blessing of Qi (yellow),1,0
45,Zen,2024-05-17T22:52:30,Battlefront Bastion (blue),1,0
45,Zen,2024-05-17T22:52:30,Breed Anger (blue),1,0
45,Zen,2024-05-17T22:52:30,Companion of the Claw (blue),1,0
45,Zen,2024-05-17T22:52:30,First Tenet of Chi: Moon (blue),2,0
45,Zen,2024-05-17T22:52:30,Flex Claws (blue),1,0
45,Zen,2024-05-17T22:52:30,Harmony of the Hunt (blue),2,0
45,Zen,2024-05-17T22:52:30,Levels of Enlightenment (blue),1,0
45,Zen,2024-05-17T22:52:30,Pouncing Qi (blue),1,0
45,Zen,2024-05-17T22:52:30,Preserve Tradition (blue),1,0
45,Zen,2024-05-17T22:52:30,Qi Unleashed (blue),1,0
45,Zen,2024-05-17T22:52:30,Stir the Pot (blue),1,0
45,Zen,2024-05-17T22:52:30,Untamed (blue),2,0
45,Zen,2024-05-17T22:52:30,Mask of Wizened Whiskers,1,1
45,Zen,2024-05-17T22:52:30,Stride of Reprisal,1,1
45,Zen,2024-05-17T22:52:30,Waves of Aqua Marine,1,1
46,Nuu,2024-05-18T00:40:37,Desires of Flesh (red),1,0
46,Nuu,2024-05-18T00:40:37,Emissary of Wind (red),1,0
46,Nuu,2024-05-18T00:40:37,Hiss (red),1,0
46,Nuu,2024-05-18T00:40:37,Intimate Inducement (red),3,0
46,Nuu,2024-05-18T00:40:37,Pick to Pieces (red),3,0
46,Nuu,2024-05-18T00:40:37,Venomous Bite (red),1,0
46,Nuu,2024-05-18T00:40:37,Desires of Flesh (yellow),1,0
46,Nuu,2024-05-18T00:40:37,Fact-Finding Mission (yellow),2,0
46,Nuu,2024-05-18T00:40:37,Hiss (yellow),1,0
46,Nuu,2024-05-18T00:40:37,Intimate Inducement (yellow),1,0
46,Nuu,2024-05-18T00:40:37,Mind's Desire (yellow),1,0
46,Nuu,2024-05-18T00:40:37,Tide Chakra (yellow),1,0
46,Nuu,2024-05-18T00:40:37,Venomous Bite (yellow),1,0
46,Nuu,2024-05-18T00:40:37,Deep Blue Sea (blue),1,0
46,Nuu,2024-05-18T00:40:37,Evasive Leap (blue),2,0
46,Nuu,2024-05-18T00:40:37,Fact-Finding Mission (blue),1,0
46,Nuu,2024-05-18T00:40:37,Impulsive Desire (blue),1,0
46,Nuu,2024-05-18T00:40:37,Intimate Inducement (blue),1,0
46,Nuu,2024-05-18T00:40:37,Mind's Desire (blue),2,0
46,Nuu,2024-05-18T00:40:37,Pass Over (blue),1,0
46,Nuu,2024-05-18T00:40:37,Pick to Pieces (blue),1,0
46,Nuu,2024-05-18T00:40:37,"Rising Sun, Setting Moon (blue)",1,0
46,Nuu,2024-05-18T00:40:37,Sacred Art: Undercurrent Desires (blue),1,0
46,Nuu,2024-05-18T00:40:37,Spillover (blue),1,0
46,Nuu,2024-05-18T00:40:37,Stir the Pot (blue),1,0
46,Nuu,2024-05-18T00:40:37,Venomous Bite (blue),1,0
46,Nuu,2024-05-18T00:40:37,Wash Away (blue),1,0
46,Nuu,2024-05-18T00:40:37,Aqua Seeing Shell,1,1
46,Nuu,2024-05-18T00:40:37,Arousing Wave,1,1
46,Nuu,2024-05-18T00:40:37,Heirloom of Snake Hide,1,1
46,Nuu,2024-05-18T00:40:37,Undertow Stilettos,1,1
47,Zen,2024-05-18T06:04:21,Aspect of Tiger: Body (red),3,0
47,Zen,2024-05-18T06:04:21,Breed Anger (red),1,0
47,Zen,2024-05-18T06:04:21,Companion of the Claw (red),1,0
47,Zen,2024-05-18T06:04:21,Fact-Finding Mission (red),1,0
47,Zen,2024-05-18T06:04:21,Flex Claws (red),2,0
47,Zen,2024-05-18T06:04:21,Gravekeeping (red),1,0
47,Zen,2024-05-18T06:04:21,Nimble Strike (red),1,0
47,Zen,2024-05-18T06:04:21,Nimblism (red),1,0
47,Zen,2024-05-18T06:04:21,Pouncing Qi (red),2,0
47,Zen,2024-05-18T06:04:21,Tiger Form Incantation (red),1,0
47,Zen,2024-05-18T06:04:21,Untamed (red),1,0
47,Zen,2024-05-18T06:04:21,Wind Chakra (red),1,0
47,Zen,2024-05-18T06:04:21,Qi Unleashed (yellow),1,0
47,Zen,2024-05-18T06:04:21,Wind Chakra (yellow),1,0
47,Zen,2024-05-18T06:04:21,Wounding Blow (yellow),1,0
47,Zen,2024-05-18T06:04:21,Biting Breeze (blue),1,0
47,Zen,2024-05-18T06:04:21,Breed Anger (blue),1,0
47,Zen,2024-05-18T06:04:21,Flex Claws (blue),1,0
47,Zen,2024-05-18T06:04:21,Harmony of the Hunt (blue),2,0
47,Zen,2024-05-18T06:04:21,Path Well Traveled (blue),1,0
47,Zen,2024-05-18T06:04:21,Pouncing Qi (blue),1,0
47,Zen,2024-05-18T06:04:21,Preserve Tradition (blue),1,0
47,Zen,2024-05-18T06:04:21,Second Tenet of Chi: Moon (blue),1,0
47,Zen,2024-05-18T06:04:21,Tiger Form Incantation (blue),3,0
47,Zen,2024-05-18T06:04:21,Untamed (blue),1,0
47,Zen,2024-05-18T06:04:21,Wind Chakra (blue),2,0
47,Zen,2024-05-18T06:04:21,Aqua Laps,1,1
47,Zen,2024-05-18T06:04:21,Aqua Seeing Shell,1,1
47,Zen,2024-05-18T06:04:21,Skybody Keikoi,1,1
47,Zen,2024-05-18T06:04:21,Skyhold Keikoi,1,1
47,Zen,2024-05-18T06:04:21,Stride of Reprisal,1,1
48,Enigma,2024-05-18T08:39:47,Battlefront Bastion (red),1,0
48,Enigma,2024-05-18T08:39:47,Moon Chakra (red),1,0
48,Enigma,2024-05-18T08:39:47,Nimblism (red),1,0
48,Enigma,2024-05-18T08:39:47,Single Minded Determination (red),2,0
48,Enigma,2024-05-18T08:39:47,Solitary Companion (red),1,0
48,Enigma,2024-05-18T08:39:47,Vengeful Apparition (red),1,0
48,Enigma,2024-05-18T08:39:47,Waning Vengeance (red),1,0
48,Enigma,2024-05-18T08:39:47,Waxing Specter (red),1,0
48,Enigma,2024-05-18T08:39:47,Battlefront Bastion (yellow),1,0
48,Enigma,2024-05-18T08:39:47,Blanch (yellow),1,0
48,Enigma,2024-05-18T08:39:47,Fact-Finding Mission (yellow),1,0
48,Enigma,2024-05-18T08:39:47,Gravekeeping (yellow),1,0
48,Enigma,2024-05-18T08:39:47,Waxing Specter (yellow),1,0
48,Enigma,2024-05-18T08:39:47,A Drop in the Ocean (blue),1,0
48,Enigma,2024-05-18T08:39:47,Battlefront Bastion (blue),1,0
48,Enigma,2024-05-18T08:39:47,Big Blue Sky (blue),1,0
48,Enigma,2024-05-18T08:39:47,Droplet (blue),1,0
48,Enigma,2024-05-18T08:39:47,First Tenet of Chi: Moon (blue),2,0
48,Enigma,2024-05-18T08:39:47,First Tenet of Chi: Wind (blue),1,0
48,Enigma,2024-05-18T08:39:47,Path Well Traveled (blue),1,0
48,Enigma,2024-05-18T08:39:47,Rage Specter (blue),1,0
48,Enigma,2024-05-18T08:39:47,Rowdy Locals (blue),1,0
48,Enigma,2024-05-18T08:39:47,Second Tenet of Chi: Tide (blue),1,0
48,Enigma,2024-05-18T08:39:47,Single Minded Determination (blue),4,0
48,Enigma,2024-05-18T08:39:47,Spectral Manifestations (blue),1,0
48,Enigma,2024-05-18T08:39:47,Stir the Pot (blue),1,0
48,Enigma,2024-05-18T08:39:47,Waning Vengeance (blue),1,0
48,Enigma,2024-05-18T08:39:47,Waxing Specter (blue),1,0
48,Enigma,2024-05-18T08:39:47,Wide Blue Yonder (blue),1,0
48,Enigma,2024-05-18T08:39:47,Wounding Blow (blue),1,0
48,Enigma,2024-05-18T08:39:47,Aqua Laps,1,1
48,Enigma,2024-05-18T08:39:47,Skybody Keikoi,1,1
48,Enigma,2024-05-18T08:39:47,Truths Retold,1,1
48,Enigma,2024-05-18T08:39:47,Uphold Tradition,1,1
49,Nuu,2024-05-18T16:18:15,Battlefront Bastion (red),1,0
49,Nuu,2024-05-18T16:18:15,Bonds of Attraction (red),2,0
49,Nuu,2024-05-18T16:18:15,Desires of Flesh (red),2,0
49,Nuu,2024-05-18T16:18:15,Emissary of Moon (red),1,0
49,Nuu,2024-05-18T16:18:15,Emissary of Wind (red),1,0
49,Nuu,2024-05-18T16:18:15,Hiss (red),2,0
49,Nuu,2024-05-18T16:18:15,Mind's Desire (red),3,0
49,Nuu,2024-05-18T16:18:15,Pick to Pieces (red),1,0
49,Nuu,2024-05-18T16:18:15,Tide Chakra (red),1,0
49,Nuu,2024-05-18T16:18:15,Venomous Bite (red),1,0
49,Nuu,2024-05-18T16:18:15,Wounding Blow (red),1,0
49,Nuu,2024-05-18T16:18:15,Bonds of Memory (yellow),1,0
49,Nuu,2024-05-18T16:18:15,Hiss (yellow),1,0
49,Nuu,2024-05-18T16:18:15,Mind's Desire (yellow),1,0
49,Nuu,2024-05-18T16:18:15,Nimblism (yellow),1,0
49,Nuu,2024-05-18T16:18:15,Pick to Pieces (yellow),1,0
49,Nuu,2024-05-18T16:18:15,Bonds of Agony (blue),1,0
49,Nuu,2024-05-18T16:18:15,Bonds of Memory (blue),2,0
49,Nuu,2024-05-18T16:18:15,Gravekeeping (blue),1,0
49,Nuu,2024-05-18T16:18:15,Homage to Ancestors (blue),1,0
49,Nuu,2024-05-18T16:18:15,Intimate Inducement (blue),1,0
49,Nuu,2024-05-18T16:18:15,Mind's Desire (blue),3,0
49,Nuu,2024-05-18T16:18:15,Pass Over (blue),1,0
49,Nuu,2024-05-18T16:18:15,Pick to Pieces (blue),1,0
49,Nuu,2024-05-18T16:18:15,"Rising Sun, Setting Moon (blue)",1,0
49,Nuu,2024-05-18T16:18:15,Venomous Bite (blue),3,0
49,Nuu,2024-05-18T16:18:15,Aqua Laps,1,1
49,Nuu,2024-05-18T16:18:15,Skybody Keikoi,1,1
50,Enigma,2024-05-18T17:49:12,Evasive Leap (red),1,0
50,Enigma,2024-05-18T17:49:12,Haze Shelter (red),1,0
50,Enigma,2024-05-18T17:49:12,Sigil of Solitude (red),1,0
50,Enigma,2024-05-18T17:49:12,Single Minded Determination (red),2,0
50,Enigma,2024-05-18T17:49:12,Spectral Manifestations (red),2,0
50,Enigma,2024-05-18T17:49:12,Vengeful Apparition (red),1,0
50,Enigma,2024-05-18T17:49:12,Waning Vengeance (red),1,0
50,Enigma,2024-05-18T17:49:12,Waxing Specter (red),2,0
50,Enigma,2024-05-18T17:49:12,Haunting Specter (yellow),2,0
50,Enigma,2024-05-18T17:49:12,Moon Chakra (yellow),1,0
50,Enigma,2024-05-18T17:49:12,Restless Coalescence (yellow),1,0
50,Enigma,2024-05-18T17:49:12,Single Minded Determination (yellow),1,0
50,Enigma,2024-05-18T17:49:12,Spectral Manifestations (yellow),1,0
50,Enigma,2024-05-18T17:49:12,A Drop in the Ocean (blue),1,0
50,Enigma,2024-05-18T17:49:12,Astral Etchings (blue),1,0
50,Enigma,2024-05-18T17:49:12,Big Blue Sky (blue),1,0
50,Enigma,2024-05-18T17:49:12,First Tenet of Chi: Tide (blue),1,0
50,Enigma,2024-05-18T17:49:12,First Tenet of Chi: Wind (blue),2,0
50,Enigma,2024-05-18T17:49:12,Gravekeeping (blue),1,0
50,Enigma,2024-05-18T17:49:12,Haze Shelter (blue),1,0
50,Enigma,2024-05-18T17:49:12,Homage to Ancestors (blue),2,0
50,Enigma,2024-05-18T17:49:12,"Rising Sun, Setting Moon (blue)",1,0
50,Enigma,2024-05-18T17:49:12,Sigil of Solitude (blue),1,0
50,Enigma,2024-05-18T17:49:12,Single Minded Determination (blue),2,0
50,Enigma,2024-05-18T17:49:12,Solitary Companion (blue),1,0
50,Enigma,2024-05-18T17:49:12,Spectral Manifestations (blue),1,0
50,Enigma,2024-05-18T17:49:12,Vengeful Apparition (blue),1,0
50,Enigma,2024-05-18T17:49:12,Waning Vengeance (blue),1,0
50,Enigma,2024-05-18T17:49:12,Wounding Blow (blue),2,0
50,Enigma,2024-05-18T17:49:12,Skyhold Keikoi,1,1
50,Enigma,2024-05-18T17:49:12,Truths Retold,1,1
50,Enigma,2024-05-18T17:49:12,Uphold Tradition,1,1
51,Nuu,2024-05-18T18:56:25,Art of Desire: Body (red),1,0
51,Nuu,2024-05-18T18:56:25,Blanch (red),1,0
51,Nuu,2024-05-18T18:56:25,Bonds of Memory (red),1,0
51,Nuu,2024-05-18T18:56:25,Double Trouble (red),1,0
51,Nuu,2024-05-18T18:56:25,Hiss (red),2,0
51,Nuu,2024-05-18T18:56:25,Impulsive Desire (red),1,0
51,Nuu,2024-05-18T18:56:25,Intimate Inducement (red),1,0
51,Nuu,2024-05-18T18:56:25,Mind's Desire (red),3,0
51,Nuu,2024-05-18T18:56:25,Pick to Pieces (red),2,0
51,Nuu,2024-05-18T18:56:25,Venomous Bite (red),1,0
51,Nuu,2024-05-18T18:56:25,Bonds of Attraction (yellow),1,0
51,Nuu,2024-05-18T18:56:25,Bonds of Memory (yellow),1,0
51,Nuu,2024-05-18T18:56:25,Desires of Flesh (yellow),1,0
51,Nuu,2024-05-18T18:56:25,Hiss (yellow),1,0
51,Nuu,2024-05-18T18:56:25,Nimblism (yellow),2,0
51,Nuu,2024-05-18T18:56:25,Pick to Pieces (yellow),1,0
51,Nuu,2024-05-18T18:56:25,Desires of Flesh (blue),2,0
51,Nuu,2024-05-18T18:56:25,Evasive Leap (blue),1,0
51,Nuu,2024-05-18T18:56:25,First Tenet of Chi: Tide (blue),1,0
51,Nuu,2024-05-18T18:56:25,First Tenet of Chi: Wind (blue),1,0
51,Nuu,2024-05-18T18:56:25,Homage to Ancestors (blue),1,0
51,Nuu,2024-05-18T18:56:25,Impulsive Desire (blue),2,0
51,Nuu,2024-05-18T18:56:25,Intimate Inducement (blue),2,0
51,Nuu,2024-05-18T18:56:25,Mind's Desire (blue),1,0
51,Nuu,2024-05-18T18:56:25,Nimble Strike (blue),1,0
51,Nuu,2024-05-18T18:56:25,Pass Over (blue),1,0
51,Nuu,2024-05-18T18:56:25,Venomous Bite (blue),1,0
51,Nuu,2024-05-18T18:56:25,Water the Seeds (blue),1,0
51,Nuu,2024-05-18T18:56:25,Arousing Wave,1,1
51,Nuu,2024-05-18T18:56:25,Heirloom of Snake Hide,1,1
51,Nuu,2024-05-18T18:56:25,Skybody Keikoi,1,1
51,Nuu,2024-05-18T18:56:25,Undertow Stilettos,1,1
52,Nuu,2024-05-18T19:58:42,Blanch (red),1,0
52,Nuu,2024-05-18T19:58:42,Desires of Flesh (red),1,0
52,Nuu,2024-05-18T19:58:42,Double Trouble (red),2,0
52,Nuu,2024-05-18T19:58:42,Emissary of Wind (red),1,0
52,Nuu,2024-05-18T19:58:42,Hiss (red),1,0
52,Nuu,2024-05-18T19:58:42,Venomous Bite (red),1,0
52,Nuu,2024-05-18T19:58:42,Water the Seeds (red),1,0
52,Nuu,2024-05-18T19:58:42,Bonds of Memory (yellow),1,0
52,Nuu,2024-05-18T19:58:42,Double Trouble (yellow),1,0
52,Nuu,2024-05-18T19:58:42,Pick to Pieces (yellow),2,0
52,Nuu,2024-05-18T19:58:42,Blanch (blue),1,0
52,Nuu,2024-05-18T19:58:42,Bonds of Attraction (blue),1,0
52,Nuu,2024-05-18T19:58:42,Droplet (blue),1,0
52,Nuu,2024-05-18T19:58:42,Hiss (blue),2,0
52,Nuu,2024-05-18T19:58:42,Homage to Ancestors (blue),1,0
52,Nuu,2024-05-18T19:58:42,Impulsive Desire (blue),1,0
52,Nuu,2024-05-18T19:58:42,Mind's Desire (blue),1,0
52,Nuu,2024-05-18T19:58:42,Pick to Pieces (blue),2,0
52,Nuu,2024-05-18T19:58:42,Preserve Tradition (blue),1,0
52,Nuu,2024-05-18T19:58:42,"Rising Sun, Setting Moon (blue)",2,0
52,Nuu,2024-05-18T19:58:42,Second Tenet of Chi: Moon (blue),2,0
52,Nuu,2024-05-18T19:58:42,Second Tenet of Chi: Wind (blue),1,0
52,Nuu,2024-05-18T19:58:42,Spillover (blue),1,0
52,Nuu,2024-05-18T19:58:42,Tide Chakra (blue),1,0
52,Nuu,2024-05-18T19:58:42,Unravel Aggression (blue),1,0
52,Nuu,2024-05-18T19:58:42,Venomous Bite (blue),2,0
52,Nuu,2024-05-18T19:58:42,Wide Blue Yonder (blue),1,0
52,Nuu,2024-05-18T19:58:42,Aqua Laps,1,1
52,Nuu,2024-05-18T19:58:42,Arousing Wave,1,1
52,Nuu,2024-05-18T19:58:42,Skycrest Keikoi,1,1
52,Nuu,2024-05-18T19:58:42,Skyhold Keikoi,1,1
52,Nuu,2024-05-18T19:58:42,Undertow Stilettos,1,1
53,Zen,2024-05-18T21:27:46,Aspect of Tiger: Body (red),1,0
53,Zen,2024-05-18T21:27:46,Biting Breeze (red),3,0
53,Zen,2024-05-18T21:27:46,Breed Anger (red),2,0
53,Zen,2024-05-18T21:27:46,Companion of the Claw (red),2,0
53,Zen,2024-05-18T21:27:46,Emissary of Tides (red),1,0
53,Zen,2024-05-18T21:27:46,Flex Claws (red),1,0
53,Zen,2024-05-18T21:27:46,Pouncing Qi (red),1,0
53,Zen,2024-05-18T21:27:46,Untamed (red),1,0
53,Zen,2024-05-18T21:27:46,Water the Seeds (red),1,0
53,Zen,2024-05-18T21:27:46,Wounding Blow (red),1,0
53,Zen,2024-05-18T21:27:46,Companion of the Claw (yellow),1,0
53,Zen,2024-05-18T21:27:46,Harmony of the Hunt (yellow),1,0
53,Zen,2024-05-18T21:27:46,Maul (yellow),1,0
53,Zen,2024-05-18T21:27:46,Pouncing Qi (yellow),1,0
53,Zen,2024-05-18T21:27:46,Tiger Form Incantation (yellow),1,0
53,Zen,2024-05-18T21:27:46,A Drop in the Ocean (blue),1,0
53,Zen,2024-05-18T21:27:46,Aspect of Tiger: Mind (blue),1,0
53,Zen,2024-05-18T21:27:46,Battlefront Bastion (blue),1,0
53,Zen,2024-05-18T21:27:46,Biting Breeze (blue),1,0
53,Zen,2024-05-18T21:27:46,Breed Anger (blue),3,0
53,Zen,2024-05-18T21:27:46,Companion of the Claw (blue),1,0
53,Zen,2024-05-18T21:27:46,Flex Claws (blue),1,0
53,Zen,2024-05-18T21:27:46,Harmony of the Hunt (blue),3,0
53,Zen,2024-05-18T21:27:46,Pouncing Qi (blue),2,0
53,Zen,2024-05-18T21:27:46,Tiger Form Incantation (blue),1,0
53,Zen,2024-05-18T21:27:46,Untamed (blue),2,0
53,Zen,2024-05-18T21:27:46,Heirloom of Tiger Hide,1,1
53,Zen,2024-05-18T21:27:46,Mask of Wizened Whiskers,1,1
53,Zen,2024-05-18T21:27:46,Stride of Reprisal,1,1
53,Zen,2024-05-18T21:27:46,Waves of Aqua Marine,1,1
54,Nuu,2024-05-18T21:35:07,Battlefront Bastion (red),2,0
54,Nuu,2024-05-18T21:35:07,Blanch (red),1,0
54,Nuu,2024-05-18T21:35:07,Double Trouble (red),1,0
54,Nuu,2024-05-18T21:35:07,Emissary of Moon (red),1,0
54,Nuu,2024-05-18T21:35:07,Emissary of Tides (red),1,0
54,Nuu,2024-05-18T21:35:07,Evasive Leap (red),2,0
54,Nuu,2024-05-18T21:35:07,Gravekeeping (red),1,0
54,Nuu,2024-05-18T21:35:07,Impulsive Desire (red),2,0
54,Nuu,2024-05-18T21:35:07,Intimate Inducement (red),1,0
54,Nuu,2024-05-18T21:35:07,Pick to Pieces (red),1,0
54,Nuu,2024-05-18T21:35:07,Wounding Blow (red),1,0
54,Nuu,2024-05-18T21:35:07,Art of Desire: Soul (yellow),1,0
54,Nuu,2024-05-18T21:35:07,Fact-Finding Mission (yellow),1,0
54,Nuu,2024-05-18T21:35:07,Hiss (yellow),1,0
54,Nuu,2024-05-18T21:35:07,Nimblism (yellow),1,0
54,Nuu,2024-05-18T21:35:07,Pick to Pieces (yellow),1,0
54,Nuu,2024-05-18T21:35:07,Tide Chakra (yellow),1,0
54,Nuu,2024-05-18T21:35:07,Venomous Bite (yellow),1,0
54,Nuu,2024-05-18T21:35:07,Battlefront Bastion (blue),1,0
54,Nuu,2024-05-18T21:35:07,First Tenet of Chi: Tide (blue),1,0
54,Nuu,2024-05-18T21:35:07,Impulsive Desire (blue),1,0
54,Nuu,2024-05-18T21:35:07,Intimate Inducement (blue),1,0
54,Nuu,2024-05-18T21:35:07,Mind's Desire (blue),2,0
54,Nuu,2024-05-18T21:35:07,Nimble Strike (blue),1,0
54,Nuu,2024-05-18T21:35:07,Pass Over (blue),1,0
54,Nuu,2024-05-18T21:35:07,Path Well Traveled (blue),1,0
54,Nuu,2024-05-18T21:35:07,Pick to Pieces (blue),1,0
54,Nuu,2024-05-18T21:35:07,Second Tenet of Chi: Moon (blue),1,0
54,Nuu,2024-05-18T21:35:07,The Grain that Tips the Scale (blue),1,0
54,Nuu,2024-05-18T21:35:07,Venomous Bite (blue),2,0
54,Nuu,2024-05-18T21:35:07,Wounding Blow (blue),1,0
54,Nuu,2024-05-18T21:35:07,Arousing Wave,1,1
54,Nuu,2024-05-18T21:35:07,Skybody Keikoi,1,1
54,Nuu,2024-05-18T21:35:07,Skycrest Keikoi,1,1
54,Nuu,2024-05-18T21:35:07,Waves of Aqua Marine,1,1
55,Zen,2024-05-18T21:57:14,Biting Breeze (red),1,0
55,Zen,2024-05-18T21:57:14,Breed Anger (red),1,0
55,Zen,2024-05-18T21:57:14,Chase the Tail (red),1,0
55,Zen,2024-05-18T21:57:14,Companion of the Claw (red),1,0
55,Zen,2024-05-18T21:57:14,Evasive Leap (red),1,0
55,Zen,2024-05-18T21:57:14,Flex Claws (red),2,0
55,Zen,2024-05-18T21:57:14,Nimblism (red),1,0
55,Zen,2024-05-18T21:57:14,Pouncing Qi (red),1,0
55,Zen,2024-05-18T21:57:14,Untamed (red),2,0
55,Zen,2024-05-18T21:57:14,Aspect of Tiger: Soul (yellow),1,0
55,Zen,2024-05-18T21:57:14,Biting Breeze (yellow),1,0
55,Zen,2024-05-18T21:57:14,Breed Anger (yellow),1,0
55,Zen,2024-05-18T21:57:14,Harmony of the Hunt (yellow),1,0
55,Zen,2024-05-18T21:57:14,Pouncing Qi (yellow),1,0
55,Zen,2024-05-18T21:57:14,Qi Unleashed (yellow),1,0
55,Zen,2024-05-18T21:57:14,Tiger Form Incantation (yellow),1,0
55,Zen,2024-05-18T21:57:14,Untamed (yellow),1,0
55,Zen,2024-05-18T21:57:14,Wounding Blow (yellow),1,0
55,Zen,2024-05-18T21:57:14,Battlefront Bastion (blue),1,0
55,Zen,2024-05-18T21:57:14,Biting Breeze (blue),1,0
55,Zen,2024-05-18T21:57:14,Breed Anger (blue),1,0
55,Zen,2024-05-18T21:57:14,Companion of the Claw (blue),1,0
55,Zen,2024-05-18T21:57:14,First Tenet of Chi: Wind (blue),1,0
55,Zen,2024-05-18T21:57:14,Harmony of the Hunt (blue),1,0
55,Zen,2024-05-18T21:57:14,Nimble Strike (blue),1,0
55,Zen,2024-05-18T21:57:14,Nimblism (blue),1,0
55,Zen,2024-05-18T21:57:14,Pouncing Qi (blue),1,0
55,Zen,2024-05-18T21:57:14,Rising Tide (blue),1,0
55,Zen,2024-05-18T21:57:14,Territorial Domain (blue),1,0
55,Zen,2024-05-18T21:57:14,The Grain that Tips the Scale (blue),2,0
55,Zen,2024-05-18T21:57:14,Tidal Surge (blue),1,0
55,Zen,2024-05-18T21:57:14,Heirloom of Tiger Hide,1,1
55,Zen,2024-05-18T21:57:14,Mask of Wizened Whiskers,1,1
55,Zen,2024-05-18T21:57:14,Skyhold Keikoi,1,1
55,Zen,2024-05-18T21:57:14,Stride of Reprisal,1,1
56,Nuu,2024-05-18T23:03:33,Battlefront Bastion (red),1,0
56,Nuu,2024-05-18T23:03:33,Bonds of Memory (red),2,0
56,Nuu,2024-05-18T23:03:33,Desires of Flesh (red),2,0
56,Nuu,2024-05-18T23:03:33,Hiss (red),1,0
56,Nuu,2024-05-18T23:03:33,Impulsive Desire (red),2,0
56,Nuu,2024-05-18T23:03:33,Intimate Inducement (red),2,0
56,Nuu,2024-05-18T23:03:33,Pick to Pieces (red),4,0
56,Nuu,2024-05-18T23:03:33,Desires of Flesh (yellow),1,0
56,Nuu,2024-05-18T23:03:33,Double Trouble (yellow),1,0
56,Nuu,2024-05-18T23:03:33,Water the Seeds (yellow),1,0
56,Nuu,2024-05-18T23:03:33,Art of Desire: Mind (blue),1,0
56,Nuu,2024-05-18T23:03:33,Bonds of Attraction (blue),1,0
56,Nuu,2024-05-18T23:03:33,Bonds of Memory (blue),2,0
56,Nuu,2024-05-18T23:03:33,Droplet (blue),1,0
56,Nuu,2024-05-18T23:03:33,First Tenet of Chi: Tide (blue),1,0
56,Nuu,2024-05-18T23:03:33,Gravekeeping (blue),1,0
56,Nuu,2024-05-18T23:03:33,Hiss (blue),3,0
56,Nuu,2024-05-18T23:03:33,Homage to Ancestors (blue),1,0
56,Nuu,2024-05-18T23:03:33,Impulsive Desire (blue),3,0
56,Nuu,2024-05-18T23:03:33,Levels of Enlightenment (blue),1,0
56,Nuu,2024-05-18T23:03:33,Mind's Desire (blue),1,0
56,Nuu,2024-05-18T23:03:33,Pass Over (blue),1,0
56,Nuu,2024-05-18T23:03:33,Path Well Traveled (blue),1,0
56,Nuu,2024-05-18T23:03:33,"Rising Sun, Setting Moon (blue)",1,0
56,Nuu,2024-05-18T23:03:33,Tide Chakra (blue),1,0
56,Nuu,2024-05-18T23:03:33,Venomous Bite (blue),1,0
56,Nuu,2024-05-18T23:03:33,Aqua Laps,1,1
56,Nuu,2024-05-18T23:03:33,Arousing Wave,1,1
57,Zen,2024-05-19T00:17:30,Aspect of Tiger: Body (red),2,0
57,Zen,2024-05-19T00:17:30,Breed Anger (red),1,0
57,Zen,2024-05-19T00:17:30,Companion of the Claw (red),2,0
57,Zen,2024-05-19T00:17:30,Fact-Finding Mission (red),1,0
57,Zen,2024-05-19T00:17:30,Harmony of the Hunt (red),1,0
57,Zen,2024-05-19T00:17:30,Nimblism (red),2,0
57,Zen,2024-05-19T00:17:30,Tiger Form Incantation (red),1,0
57,Zen,2024-05-19T00:17:30,Untamed (red),1,0
57,Zen,2024-05-19T00:17:30,Water the Seeds (red),1,0
57,Zen,2024-05-19T00:17:30,Biting Breeze (yellow),1,0
57,Zen,2024-05-19T00:17:30,Fact-Finding Mission (yellow),1,0
57,Zen,2024-05-19T00:17:30,Gravekeeping (yellow),1,0
57,Zen,2024-05-19T00:17:30,Nimble Strike (yellow),1,0
57,Zen,2024-05-19T00:17:30,Pouncing Qi (yellow),1,0
57,Zen,2024-05-19T00:17:30,Qi Unleashed (yellow),1,0
57,Zen,2024-05-19T00:17:30,Breed Anger (blue),2,0
57,Zen,2024-05-19T00:17:30,Deep Blue Sea (blue),1,0
57,Zen,2024-05-19T00:17:30,Harmony of the Hunt (blue),3,0
57,Zen,2024-05-19T00:17:30,Nimble Strike (blue),1,0
57,Zen,2024-05-19T00:17:30,Pass Over (blue),1,0
57,Zen,2024-05-19T00:17:30,Pouncing Qi (blue),1,0
57,Zen,2024-05-19T00:17:30,"Rising Sun, Setting Moon (blue)",2,0
57,Zen,2024-05-19T00:17:30,Rising Tide (blue),1,0
57,Zen,2024-05-19T00:17:30,Second Tenet of Chi: Tide (blue),1,0
57,Zen,2024-05-19T00:17:30,Tiger Form Incantation (blue),1,0
57,Zen,2024-05-19T00:17:30,Mask of Wizened Whiskers,1,1
57,Zen,2024-05-19T00:17:30,Skybody Keikoi,1,1
57,Zen,2024-05-19T00:17:30,Skycrest Keikoi,1,1
57,Zen,2024-05-19T00:17:30,Skyhold Keikoi,1,1
57,Zen,2024-05-19T00:17:30,Stride of Reprisal,1,1
58,Nuu,2024-05-19T00:25:00,Bonds of Attraction (red),2,0
58,Nuu,2024-05-19T00:25:00,Desires of Flesh (red),1,0
58,Nuu,2024-05-19T00:25:00,Evasive Leap (red),1,0
58,Nuu,2024-05-19T00:25:00,Hiss (red),2,0
58,Nuu,2024-05-19T00:25:00,Impulsive Desire (red),1,0
58,Nuu,2024-05-19T00:25:00,Mind's Desire (red),2,0
58,Nuu,2024-05-19T00:25:00,Nimble Strike (red),1,0
58,Nuu,2024-05-19T00:25:00,Nimblism (red),2,0
58,Nuu,2024-05-19T00:25:00,Pick to Pieces (red),1,0
58,Nuu,2024-05-19T00:25:00,Venomous Bite (red),1,0
58,Nuu,2024-05-19T00:25:00,Bonds of Memory (yellow),1,0
58,Nuu,2024-05-19T00:25:00,Pick to Pieces (yellow),2,0
58,Nuu,2024-05-19T00:25:00,Tide Chakra (yellow),1,0
58,Nuu,2024-05-19T00:25:00,Bonds of Memory (blue),2,0
58,Nuu,2024-05-19T00:25:00,Droplet (blue),1,0
58,Nuu,2024-05-19T00:25:00,First Tenet of Chi: Tide (blue),1,0
58,Nuu,2024-05-19T00:25:00,Hiss (blue),1,0
58,Nuu,2024-05-19T00:25:00,Impulsive Desire (blue),1,0
58,Nuu,2024-05-19T00:25:00,Intimate Inducement (blue),2,0
58,Nuu,2024-05-19T00:25:00,Nimble Strike (blue),1,0
58,Nuu,2024-05-19T00:25:00,"Rising Sun, Setting Moon (blue)",2,0
58,Nuu,2024-05-19T00:25:00,Second Tenet of Chi: Tide (blue),1,0
58,Nuu,2024-05-19T00:25:00,The Grain that Tips the Scale (blue),1,0
58,Nuu,2024-05-19T00:25:00,Venomous Bite (blue),1,0
58,Nuu,2024-05-19T00:25:00,Wounding Blow (blue),1,0
58,Nuu,2024-05-19T00:25:00,Aqua Seeing Shell,1,1
58,Nuu,2024-05-19T00:25:00,Arousing Wave,1,1
58,Nuu,2024-05-19T00:25:00,Skycrest Keikoi,1,1
58,Nuu,2024-05-19T00:25:00,Waves of Aqua Marine,1,1
59,Nuu,2024-05-19T00:47:10,Hiss (red),2,0
59,Nuu,2024-05-19T00:47:10,Impulsive Desire (red),1,0
59,Nuu,2024-05-19T00:47:10,Just a Nick (red),1,0
59,Nuu,2024-05-19T00:47:10,Mind's Desire (red),1,0
59,Nuu,2024-05-19T00:47:10,Pick to Pieces (red),2,0
59,Nuu,2024-05-19T00:47:10,Venomous Bite (red),2,0
59,Nuu,2024-05-19T00:47:10,Bonds of Memory (yellow),1,0
59,Nuu,2024-05-19T00:47:10,Desires of Flesh (yellow),2,0
59,Nuu,2024-05-19T00:47:10,Double Trouble (yellow),1,0
59,Nuu,2024-05-19T00:47:10,Evasive Leap (yellow),1,0
59,Nuu,2024-05-19T00:47:10,Gravekeeping (yellow),1,0
59,Nuu,2024-05-19T00:47:10,Hiss (yellow),1,0
59,Nuu,2024-05-19T00:47:10,Nimble Strike (yellow),1,0
59,Nuu,2024-05-19T00:47:10,Venomous Bite (yellow),1,0
59,Nuu,2024-05-19T00:47:10,Art of Desire: Mind (blue),1,0
59,Nuu,2024-05-19T00:47:10,Deep Blue Sea (blue),1,0
59,Nuu,2024-05-19T00:47:10,Gravekeeping (blue),1,0
59,Nuu,2024-05-19T00:47:10,Hiss (blue),1,0
59,Nuu,2024-05-19T00:47:10,Impulsive Desire (blue),2,0
59,Nuu,2024-05-19T00:47:10,Levels of Enlightenment (blue),1,0
59,Nuu,2024-05-19T00:47:10,Nimble Strike (blue),1,0
59,Nuu,2024-05-19T00:47:10,Nimblism (blue),1,0
59,Nuu,2024-05-19T00:47:10,Pick to Pieces (blue),2,0
59,Nuu,2024-05-19T00:47:10,Preserve Tradition (blue),1,0
59,Nuu,2024-05-19T00:47:10,Rising Tide (blue),1,0
59,Nuu,2024-05-19T00:47:10,Second Tenet of Chi: Tide (blue),1,0
59,Nuu,2024-05-19T00:47:10,The Grain that Tips the Scale (blue),1,0
59,Nuu,2024-05-19T00:47:10,Wash Away (blue),1,0
59,Nuu,2024-05-19T00:47:10,Aqua Seeing Shell,1,1
59,Nuu,2024-05-19T00:47:10,Arousing Wave,1,1
59,Nuu,2024-05-19T00:47:10,Koi Blessed Kimono,1,1
59,Nuu,2024-05-19T00:47:10,Skywalker Keikoi,1,1
60,Nuu,2024-05-19T04:21:26,Desires of Flesh (red),2,0
60,Nuu,2024-05-19T04:21:26,Hiss (red),3,0
60,Nuu,2024-05-19T04:21:26,Impulsive Desire (red),2,0
60,Nuu,2024-05-19T04:21:26,Intimate Inducement (red),1,0
60,Nuu,2024-05-19T04:21:26,Mind's Desire (red),2,0
60,Nuu,2024-05-19T04:21:26,Venomous Bite (red),2,0
60,Nuu,2024-05-19T04:21:26,Battlefront Bastion (yellow),1,0
60,Nuu,2024-05-19T04:21:26,Blanch (yellow),1,0
60,Nuu,2024-05-19T04:21:26,Bonds of Memory (yellow),1,0
60,Nuu,2024-05-19T04:21:26,Desires of Flesh (yellow),1,0
60,Nuu,2024-05-19T04:21:26,Double Trouble (yellow),1,0
60,Nuu,2024-05-19T04:21:26,Evasive Leap (yellow),1,0
60,Nuu,2024-05-19T04:21:26,Fact-Finding Mission (yellow),1,0
60,Nuu,2024-05-19T04:21:26,Gravekeeping (yellow),1,0
60,Nuu,2024-05-19T04:21:26,Hiss (yellow),1,0
60,Nuu,2024-05-19T04:21:26,Mind's Desire (yellow),1,0
60,Nuu,2024-05-19T04:21:26,Nimble Strike (yellow),1,0
60,Nuu,2024-05-19T04:21:26,Nimblism (yellow),1,0
60,Nuu,2024-05-19T04:21:26,Tide Chakra (yellow),1,0
60,Nuu,2024-05-19T04:21:26,Art of Desire: Mind (blue),1,0
60,Nuu,2024-05-19T04:21:26,Bonds of Memory (blue),1,0
60,Nuu,2024-05-19T04:21:26,Desires of Flesh (blue),1,0
60,Nuu,2024-05-19T04:21:26,Fact-Finding Mission (blue),1,0
60,Nuu,2024-05-19T04:21:26,Intimate Inducement (blue),1,0
60,Nuu,2024-05-19T04:21:26,Mind's Desire (blue),1,0
60,Nuu,2024-05-19T04:21:26,Path Well Traveled (blue),1,0
60,Nuu,2024-05-19T04:21:26,Persuasive Prognosis (blue),1,0
60,Nuu,2024-05-19T04:21:26,Pick to Pieces (blue),1,0
60,Nuu,2024-05-19T04:21:26,The Grain that Tips the Scale (blue),1,0
60,Nuu,2024-05-19T04:21:26,Heirloom of Snake Hide,1,1
60,Nuu,2024-05-19T04:21:26,Undertow Stilettos,1,1
60,Nuu,2024-05-19T04:21:26,Waves of Aqua Marine,1,1
61,Zen,2024-05-19T05:08:15,Biting Breeze (red),1,0
61,Zen,2024-05-19T05:08:15,Breed Anger (red),2,0
61,Zen,2024-05-19T05:08:15,Flex Claws (red),2,0
61,Zen,2024-05-19T05:08:15,Harmony of the Hunt (red),1,0
61,Zen,2024-05-19T05:08:15,Nimblism (red),1,0
61,Zen,2024-05-19T05:08:15,Pouncing Qi (red),1,0
61,Zen,2024-05-19T05:08:15,Tiger Form Incantation (red),1,0
61,Zen,2024-05-19T05:08:15,Untamed (red),2,0
61,Zen,2024-05-19T05:08:15,Water the Seeds (red),1,0
61,Zen,2024-05-19T05:08:15,Breed Anger (yellow),1,0
61,Zen,2024-05-19T05:08:15,Harmony of the Hunt (yellow),1,0
61,Zen,2024-05-19T05:08:15,Pouncing Qi (yellow),1,0
61,Zen,2024-05-19T05:08:15,Untamed (yellow),2,0
61,Zen,2024-05-19T05:08:15,Water the Seeds (yellow),1,0
61,Zen,2024-05-19T05:08:15,Breed Anger (blue),1,0
61,Zen,2024-05-19T05:08:15,Companion of the Claw (blue),2,0
61,Zen,2024-05-19T05:08:15,Evasive Leap (blue),1,0
61,Zen,2024-05-19T05:08:15,First Tenet of Chi: Moon (blue),1,0
61,Zen,2024-05-19T05:08:15,Pouncing Qi (blue),1,0
61,Zen,2024-05-19T05:08:15,Preserve Tradition (blue),1,0
61,Zen,2024-05-19T05:08:15,"Rising Sun, Setting Moon (blue)",2,0
61,Zen,2024-05-19T05:08:15,Rising Tide (blue),1,0
61,Zen,2024-05-19T05:08:15,Tiger Form Incantation (blue),2,0
61,Zen,2024-05-19T05:08:15,Wash Away (blue),2,0
61,Zen,2024-05-19T05:08:15,Water the Seeds (blue),1,0
61,Zen,2024-05-19T05:08:15,Aqua Seeing Shell,1,1
61,Zen,2024-05-19T05:08:15,Mask of Wizened Whiskers,1,1
61,Zen,2024-05-19T05:08:15,Skybody Keikoi,1,1
61,Zen,2024-05-19T05:08:15,Skyhold Keikoi,1,1
61,Zen,2024-05-19T05:08:15,Stride of Reprisal,1,1
61,Zen,2024-05-19T05:08:15,Waves of Aqua Marine,1,1
62,Zen,2024-05-19T06:55:28,Biting Breeze (red),1,0
62,Zen,2024-05-19T06:55:28,Breed Anger (red),1,0
62,Zen,2024-05-19T06:55:28,Chase the Tail (red),1,0
62,Zen,2024-05-19T06:55:28,Harmony of the Hunt (red),3,0
62,Zen,2024-05-19T06:55:28,Nimblism (red),1,0
62,Zen,2024-05-19T06:55:28,Qi Unleashed (red),1,0
62,Zen,2024-05-19T06:55:28,Tiger Form Incantation (red),2,0
62,Zen,2024-05-19T06:55:28,Untamed (red),4,0
62,Zen,2024-05-19T06:55:28,Wounding Blow (red),1,0
62,Zen,2024-05-19T06:55:28,Breed Anger (yellow),1,0
62,Zen,2024-05-19T06:55:28,Harmony of the Hunt (yellow),1,0
62,Zen,2024-05-19T06:55:28,Nimble Strike (yellow),1,0
62,Zen,2024-05-19T06:55:28,Pouncing Qi (yellow),1,0
62,Zen,2024-05-19T06:55:28,Tiger Form Incantation (yellow),1,0
62,Zen,2024-05-19T06:55:28,Untamed (yellow),1,0
62,Zen,2024-05-19T06:55:28,Battlefront Bastion (blue),1,0
62,Zen,2024-05-19T06:55:28,Biting Breeze (blue),1,0
62,Zen,2024-05-19T06:55:28,Breed Anger (blue),1,0
62,Zen,2024-05-19T06:55:28,Flex Claws (blue),1,0
62,Zen,2024-05-19T06:55:28,Harmony of the Hunt (blue),1,0
62,Zen,2024-05-19T06:55:28,Nimblism (blue),1,0
62,Zen,2024-05-19T06:55:28,Path Well Traveled (blue),2,0
62,Zen,2024-05-19T06:55:28,Pouncing Qi (blue),1,0
62,Zen,2024-05-19T06:55:28,Preserve Tradition (blue),1,0
62,Zen,2024-05-19T06:55:28,"Rising Sun, Setting Moon (blue)",1,0
62,Zen,2024-05-19T06:55:28,Second Tenet of Chi: Moon (blue),1,0
62,Zen,2024-05-19T06:55:28,Second Tenet of Chi: Wind (blue),1,0
62,Zen,2024-05-19T06:55:28,Tiger Form Incantation (blue),1,0
62,Zen,2024-05-19T06:55:28,Untamed (blue),1,0
62,Zen,2024-05-19T06:55:28,Wounding Blow (blue),1,0
62,Zen,2024-05-19T06:55:28,Heirloom of Tiger Hide,1,1
62,Zen,2024-05-19T06:55:28,Mask of Wizened Whiskers,1,1
62,Zen,2024-05-19T06:55:28,Stride of Reprisal,1,1
63,Zen,2024-05-19T08:03:37,Aspect of Tiger: Body (red),1,0
63,Zen,2024-05-19T08:03:37,Biting Breeze (red),1,0
63,Zen,2024-05-19T08:03:37,Breed Anger (red),1,0
63,Zen,2024-05-19T08:03:37,Flex Claws (red),1,0
63,Zen,2024-05-19T08:03:37,Harmony of the Hunt (red),1,0
63,Zen,2024-05-19T08:03:37,Qi Unleashed (red),1,0
63,Zen,2024-05-19T08:03:37,Tiger Form Incantation (red),2,0
63,Zen,2024-05-19T08:03:37,Untamed (red),3,0
63,Zen,2024-05-19T08:03:37,Water the Seeds (red),1,0
63,Zen,2024-05-19T08:03:37,Blessing of Qi (yellow),1,0
63,Zen,2024-05-19T08:03:37,Flex Claws (yellow),1,0
63,Zen,2024-05-19T08:03:37,Nimblism (yellow),1,0
63,Zen,2024-05-19T08:03:37,Tiger Form Incantation (yellow),2,0
63,Zen,2024-05-19T08:03:37,Untamed (yellow),1,0
63,Zen,2024-05-19T08:03:37,Water the Seeds (yellow),1,0
63,Zen,2024-05-19T08:03:37,Wind Chakra (yellow),1,0
63,Zen,2024-05-19T08:03:37,Biting Breeze (blue),2,0
63,Zen,2024-05-19T08:03:37,Blessing of Qi (blue),1,0
63,Zen,2024-05-19T08:03:37,Breed Anger (blue),1,0
63,Zen,2024-05-19T08:03:37,Companion of the Claw (blue),1,0
63,Zen,2024-05-19T08:03:37,Flex Claws (blue),1,0
63,Zen,2024-05-19T08:03:37,Pass Over (blue),1,0
63,Zen,2024-05-19T08:03:37,Path Well Traveled (blue),1,0
63,Zen,2024-05-19T08:03:37,Pouncing Qi (blue),2,0
63,Zen,2024-05-19T08:03:37,Qi Unleashed (blue),1,0
63,Zen,2024-05-19T08:03:37,Second Tenet of Chi: Moon (blue),1,0
63,Zen,2024-05-19T08:03:37,Second Tenet of Chi: Tide (blue),1,0
63,Zen,2024-05-19T08:03:37,Tiger Form Incantation (blue),2,0
63,Zen,2024-05-19T08:03:37,Untamed (blue),1,0
63,Zen,2024-05-19T08:03:37,Wind Chakra (blue),1,0
63,Zen,2024-05-19T08:03:37,Wounding Blow (blue),1,0
63,Zen,2024-05-19T08:03:37,Mask of Wizened Whiskers,1,1
63,Zen,2024-05-19T08:03:37,Skywalker Keikoi,1,1
64,Zen,2024-05-19T08:10:01,Blanch (red),1,0
64,Zen,2024-05-19T08:10:01,Emissary of Tides (red),1,0
64,Zen,2024-05-19T08:10:01,Flex Claws (red),3,0
64,Zen,2024-05-19T08:10:01,Harmony of the Hunt (red),1,0
64,Zen,2024-05-19T08:10:01,Tiger Form Incantation (red),1,0
64,Zen,2024-05-19T08:10:01,Untamed (red),2,0
64,Zen,2024-05-19T08:10:01,Water the Seeds (red),1,0
64,Zen,2024-05-19T08:10:01,Wounding Blow (red),1,0
64,Zen,2024-05-19T08:10:01,Battlefront Bastion (yellow),1,0
64,Zen,2024-05-19T08:10:01,Breed Anger (yellow),1,0
64,Zen,2024-05-19T08:10:01,Evasive Leap (yellow),2,0
64,Zen,2024-05-19T08:10:01,Fact-Finding Mission (yellow),1,0
64,Zen,2024-05-19T08:10:01,Flex Claws (yellow),1,0
64,Zen,2024-05-19T08:10:01,Tiger Form Incantation (yellow),2,0
64,Zen,2024-05-19T08:10:01,Untamed (yellow),1,0
64,Zen,2024-05-19T08:10:01,Battlefront Bastion (blue),1,0
64,Zen,2024-05-19T08:10:01,Blessing of Qi (blue),1,0
64,Zen,2024-05-19T08:10:01,Breed Anger (blue),1,0
64,Zen,2024-05-19T08:10:01,Fact-Finding Mission (blue),1,0
64,Zen,2024-05-19T08:10:01,Flex Claws (blue),1,0
64,Zen,2024-05-19T08:10:01,Pouncing Qi (blue),1,0
64,Zen,2024-05-19T08:10:01,Preserve Tradition (blue),1,0
64,Zen,2024-05-19T08:10:01,"Rising Sun, Setting Moon (blue)",1,0
64,Zen,2024-05-19T08:10:01,Rising Tide (blue),1,0
64,Zen,2024-05-19T08:10:01,Tiger Form Incantation (blue),1,0
64,Zen,2024-05-19T08:10:01,Wounding Blow (blue),2,0
64,Zen,2024-05-19T08:10:01,Mask of Wizened Whiskers,1,1
64,Zen,2024-05-19T08:10:01,Skybody Keikoi,1,1
64,Zen,2024-05-19T08:10:01,Skyhold Keikoi,1,1
64,Zen,2024-05-19T08:10:01,Stride of Reprisal,1,1
65,Zen,2024-05-19T10:20:36,Battlefront Bastion (red),1,0
65,Zen,2024-05-19T10:20:36,Biting Breeze (red),1,0
65,Zen,2024-05-19T10:20:36,Breed Anger (red),2,0
65,Zen,2024-05-19T10:20:36,Companion of the Claw (red),3,0
65,Zen,2024-05-19T10:20:36,Emissary of Moon (red),1,0
65,Zen,2024-05-19T10:20:36,Evasive Leap (red),1,0
65,Zen,2024-05-19T10:20:36,Harmony of the Hunt (red),1,0
65,Zen,2024-05-19T10:20:36,Pouncing Qi (red),2,0
65,Zen,2024-05-19T10:20:36,Untamed (red),2,0
65,Zen,2024-05-19T10:20:36,Water the Seeds (red),1,0
65,Zen,2024-05-19T10:20:36,Breed Anger (yellow),1,0
65,Zen,2024-05-19T10:20:36,Companion of the Claw (yellow),1,0
65,Zen,2024-05-19T10:20:36,Fact-Finding Mission (yellow),1,0
65,Zen,2024-05-19T10:20:36,Maul (yellow),1,0
65,Zen,2024-05-19T10:20:36,Untamed (yellow),1,0
65,Zen,2024-05-19T10:20:36,A Drop in the Ocean (blue),1,0
65,Zen,2024-05-19T10:20:36,Blessing of Qi (blue),1,0
65,Zen,2024-05-19T10:20:36,Breed Anger (blue),1,0
65,Zen,2024-05-19T10:20:36,Deep Blue Sea (blue),1,0
65,Zen,2024-05-19T10:20:36,Evasive Leap (blue),1,0
65,Zen,2024-05-19T10:20:36,First Tenet of Chi: Tide (blue),1,0
65,Zen,2024-05-19T10:20:36,Flex Claws (blue),1,0
65,Zen,2024-05-19T10:20:36,Harmony of the Hunt (blue),1,0
65,Zen,2024-05-19T10:20:36,Homage to Ancestors (blue),1,0
65,Zen,2024-05-19T10:20:36,Nimble Strike (blue),1,0
65,Zen,2024-05-19T10:20:36,Stir the Pot (blue),1,0
65,Zen,2024-05-19T10:20:36,The Grain that Tips the Scale (blue),1,0
65,Zen,2024-05-19T10:20:36,Tiger Form Incantation (blue),1,0
65,Zen,2024-05-19T10:20:36,Wide Blue Yonder (blue),1,0
65,Zen,2024-05-19T10:20:36,Mask of Wizened Whiskers,1,1
65,Zen,2024-05-19T10:20:36,Stride of Reprisal,1,1
65,Zen,2024-05-19T10:20:36,Waves of Aqua Marine,1,1
66,Nuu,2024-05-19T13:53:52,Bonds of Attraction (red),1,0
66,Nuu,2024-05-19T13:53:52,Bonds of Memory (red),1,0
66,Nuu,2024-05-19T13:53:52,Desires of Flesh (red),1,0
66,Nuu,2024-05-19T13:53:52,Emissary of Moon (red),1,0
66,Nuu,2024-05-19T13:53:52,Emissary of Tides (red),1,0
66,Nuu,2024-05-19T13:53:52,Fact-Finding Mission (red),1,0
66,Nuu,2024-05-19T13:53:52,Hiss (red),1,0
66,Nuu,2024-05-19T13:53:52,Impulsive Desire (red),1,0
66,Nuu,2024-05-19T13:53:52,Mind's Desire (red),1,0
66,Nuu,2024-05-19T13:53:52,Nimblism (red),2,0
66,Nuu,2024-05-19T13:53:52,Pick to Pieces (red),3,0
66,Nuu,2024-05-19T13:53:52,Venomous Bite (red),2,0
66,Nuu,2024-05-19T13:53:52,Intimate Inducement (yellow),1,0
66,Nuu,2024-05-19T13:53:52,Tide Chakra (yellow),1,0
66,Nuu,2024-05-19T13:53:52,Venomous Bite (yellow),1,0
66,Nuu,2024-05-19T13:53:52,Art of Desire: Mind (blue),2,0
66,Nuu,2024-05-19T13:53:52,Blanch (blue),1,0
66,Nuu,2024-05-19T13:53:52,Bonds of Memory (blue),1,0
66,Nuu,2024-05-19T13:53:52,Desires of Flesh (blue),1,0
66,Nuu,2024-05-19T13:53:52,First Tenet of Chi: Moon (blue),1,0
66,Nuu,2024-05-19T13:53:52,Impulsive Desire (blue),2,0
66,Nuu,2024-05-19T13:53:52,Intimate Inducement (blue),3,0
66,Nuu,2024-05-19T13:53:52,Nimble Strike (blue),1,0
66,Nuu,2024-05-19T13:53:52,Pick to Pieces (blue),1,0
66,Nuu,2024-05-19T13:53:52,"Rising Sun, Setting Moon (blue)",1,0
66,Nuu,2024-05-19T13:53:52,Second Tenet of Chi: Tide (blue),1,0
66,Nuu,2024-05-19T13:53:52,Venomous Bite (blue),2,0
66,Nuu,2024-05-19T13:53:52,Wounding Blow (blue),1,0
66,Nuu,2024-05-19T13:53:52,Aqua Laps,1,1
66,Nuu,2024-05-19T13:53:52,Aqua Seeing Shell,1,1
66,Nuu,2024-05-19T13:53:52,Arousing Wave,1,1
66,Nuu,2024-05-19T13:53:52,Skybody Keikoi,1,1
66,Nuu,2024-05-19T13:53:52,Undertow Stilettos,1,1
67,Nuu,2024-05-19T16:58:36,Battlefront Bastion (red),1,0
67,Nuu,2024-05-19T16:58:36,Bonds of Memory (red),2,0
67,Nuu,2024-05-19T16:58:36,Desires of Flesh (red),1,0
67,Nuu,2024-05-19T16:58:36,Hiss (red),2,0
67,Nuu,2024-05-19T16:58:36,Impulsive Desire (red),2,0
67,Nuu,2024-05-19T16:58:36,Intimate Inducement (red),1,0
67,Nuu,2024-05-19T16:58:36,Mind's Desire (red),1,0
67,Nuu,2024-05-19T16:58:36,Pick to Pieces (red),2,0
67,Nuu,2024-05-19T16:58:36,Tide Chakra (red),1,0
67,Nuu,2024-05-19T16:58:36,Water the Seeds (red),1,0
67,Nuu,2024-05-19T16:58:36,Bonds of Memory (yellow),1,0
67,Nuu,2024-05-19T16:58:36,Double Trouble (yellow),1,0
67,Nuu,2024-05-19T16:58:36,Fact-Finding Mission (yellow),1,0
67,Nuu,2024-05-19T16:58:36,Hiss (yellow),2,0
67,Nuu,2024-05-19T16:58:36,Venomous Bite (yellow),1,0
67,Nuu,2024-05-19T16:58:36,Art of Desire: Mind (blue),1,0
67,Nuu,2024-05-19T16:58:36,Battlefront Bastion (blue),1,0
67,Nuu,2024-05-19T16:58:36,Bonds of Memory (blue),2,0
67,Nuu,2024-05-19T16:58:36,First Tenet of Chi: Moon (blue),1,0
67,Nuu,2024-05-19T16:58:36,Hiss (blue),2,0
67,Nuu,2024-05-19T16:58:36,Impulsive Desire (blue),1,0
67,Nuu,2024-05-19T16:58:36,Intimate Inducement (blue),3,0
67,Nuu,2024-05-19T16:58:36,Path Well Traveled (blue),1,0
67,Nuu,2024-05-19T16:58:36,Persuasive Prognosis (blue),1,0
67,Nuu,2024-05-19T16:58:36,Pick to Pieces (blue),1,0
67,Nuu,2024-05-19T16:58:36,Venomous Bite (blue),1,0
67,Nuu,2024-05-19T16:58:36,Koi Blessed Kimono,1,1
67,Nuu,2024-05-19T16:58:36,Skycrest Keikoi,1,1
67,Nuu,2024-05-19T16:58:36,Undertow Stilettos,1,1
67,Nuu,2024-05-19T16:58:36,Waves of Aqua Marine,1,1
68,Enigma,2024-05-19T18:21:10,Blanch (red),1,0
68,Enigma,2024-05-19T18:21:10,Evasive Leap (red),1,0
68,Enigma,2024-05-19T18:21:10,Sigil of Solitude (red),3,0
68,Enigma,2024-05-19T18:21:10,Spectral Manifestations (red),3,0
68,Enigma,2024-05-19T18:21:10,Waning Vengeance (red),2,0
68,Enigma,2024-05-19T18:21:10,Waxing Specter (red),2,0
68,Enigma,2024-05-19T18:21:10,Haze Shelter (yellow),1,0
68,Enigma,2024-05-19T18:21:10,Vengeful Apparition (yellow),1,0
68,Enigma,2024-05-19T18:21:10,Waning Vengeance (yellow),1,0
68,Enigma,2024-05-19T18:21:10,A Drop in the Ocean (blue),1,0
68,Enigma,2024-05-19T18:21:10,Battlefront Bastion (blue),1,0
68,Enigma,2024-05-19T18:21:10,Big Blue Sky (blue),1,0
68,Enigma,2024-05-19T18:21:10,Fact-Finding Mission (blue),1,0
68,Enigma,2024-05-19T18:21:10,First Tenet of Chi: Moon (blue),1,0
68,Enigma,2024-05-19T18:21:10,First Tenet of Chi: Tide (blue),2,0
68,Enigma,2024-05-19T18:21:10,First Tenet of Chi: Wind (blue),1,0
68,Enigma,2024-05-19T18:21:10,Haunting Specter (blue),1,0
68,Enigma,2024-05-19T18:21:10,Homage to Ancestors (blue),2,0
68,Enigma,2024-05-19T18:21:10,Solitary Companion (blue),2,0
68,Enigma,2024-05-19T18:21:10,Tidal Surge (blue),1,0
68,Enigma,2024-05-19T18:21:10,Vengeful Apparition (blue),1,0
68,Enigma,2024-05-19T18:21:10,Skybody Keikoi,1,1
68,Enigma,2024-05-19T18:21:10,Skywalker Keikoi,1,1
68,Enigma,2024-05-19T18:21:10,Truths Retold,1,1
68,Enigma,2024-05-19T18:21:10,Uphold Tradition,1,1
69,Enigma,2024-05-19T19:49:49,Blanch (red),2,0
69,Enigma,2024-05-19T19:49:49,Emissary of Tides (red),1,0
69,Enigma,2024-05-19T19:49:49,Essence of Ancestry: Body (red),1,0
69,Enigma,2024-05-19T19:49:49,Haunting Specter (red),1,0
69,Enigma,2024-05-19T19:49:49,Moon Chakra (red),1,0
69,Enigma,2024-05-19T19:49:49,Solitary Companion (red),2,0
69,Enigma,2024-05-19T19:49:49,Vengeful Apparition (red),1,0
69,Enigma,2024-05-19T19:49:49,Waxing Specter (red),1,0
69,Enigma,2024-05-19T19:49:49,Battlefront Bastion (yellow),1,0
69,Enigma,2024-05-19T19:49:49,Blanch (yellow),1,0
69,Enigma,2024-05-19T19:49:49,Moon Chakra (yellow),1,0
69,Enigma,2024-05-19T19:49:49,Solitary Companion (yellow),1,0
69,Enigma,2024-05-19T19:49:49,A Drop in the Ocean (blue),3,0
69,Enigma,2024-05-19T19:49:49,Essence of Ancestry: Mind (blue),1,0
69,Enigma,2024-05-19T19:49:49,First Tenet of Chi: Moon (blue),1,0
69,Enigma,2024-05-19T19:49:49,Haze Shelter (blue),1,0
69,Enigma,2024-05-19T19:49:49,Homage to Ancestors (blue),1,0
69,Enigma,2024-05-19T19:49:49,Second Tenet of Chi: Wind (blue),1,0
69,Enigma,2024-05-19T19:49:49,Sigil of Solitude (blue),1,0
69,Enigma,2024-05-19T19:49:49,Single Minded Determination (blue),1,0
69,Enigma,2024-05-19T19:49:49,Solitary Companion (blue),1,0
69,Enigma,2024-05-19T19:49:49,Spectral Manifestations (blue),4,0
69,Enigma,2024-05-19T19:49:49,Vengeful Apparition (blue),1,0
69,Enigma,2024-05-19T19:49:49,Heirloom of Rabbit Hide,1,1
69,Enigma,2024-05-19T19:49:49,Skywalker Keikoi,1,1
69,Enigma,2024-05-19T19:49:49,Truths Retold,1,1
69,Enigma,2024-05-19T19:49:49,Uphold Tradition,1,1
70,Nuu,2024-05-19T19:55:50,Bonds of Attraction (red),1,0
70,Nuu,2024-05-19T19:55:50,Bonds of Memory (red),1,0
70,Nuu,2024-05-19T19:55:50,Desires of Flesh (red),1,0
70,Nuu,2024-05-19T19:55:50,Double Trouble (red),1,0
70,Nuu,2024-05-19T19:55:50,Intimate Inducement (red),2,0
70,Nuu,2024-05-19T19:55:50,Mind's Desire (red),1,0
70,Nuu,2024-05-19T19:55:50,Pick to Pieces (red),1,0
70,Nuu,2024-05-19T19:55:50,Hiss (yellow),1,0
70,Nuu,2024-05-19T19:55:50,Pick to Pieces (yellow),1,0
70,Nuu,2024-05-19T19:55:50,Wounding Blow (yellow),1,0
70,Nuu,2024-05-19T19:55:50,Bonds of Memory (blue),2,0
70,Nuu,2024-05-19T19:55:50,Deep Blue Sea (blue),1,0
70,Nuu,2024-05-19T19:55:50,Droplet (blue),1,0
70,Nuu,2024-05-19T19:55:50,First Tenet of Chi: Moon (blue),2,0
70,Nuu,2024-05-19T19:55:50,First Tenet of Chi: Tide (blue),1,0
70,Nuu,2024-05-19T19:55:50,First Tenet of Chi: Wind (blue),2,0
70,Nuu,2024-05-19T19:55:50,Hiss (blue),1,0
70,Nuu,2024-05-19T19:55:50,Homage to Ancestors (blue),1,0
70,Nuu,2024-05-19T19:55:50,Intimate Inducement (blue),1,0
70,Nuu,2024-05-19T19:55:50,Mind's Desire (blue),2,0
70,Nuu,2024-05-19T19:55:50,Pass Over (blue),1,0
70,Nuu,2024-05-19T19:55:50,Path Well Traveled (blue),1,0
70,Nuu,2024-05-19T19:55:50,Second Tenet of Chi: Wind (blue),1,0
70,Nuu,2024-05-19T19:55:50,The Grain that Tips the Scale (blue),1,0
70,Nuu,2024-05-19T19:55:50,Tide Chakra (blue),1,0
70,Nuu,2024-05-19T19:55:50,Venomous Bite (blue),1,0
70,Nuu,2024-05-19T19:55:50,Arousing Wave,1,1
70,Nuu,2024-05-19T19:55:50,Skybody Keikoi,1,1
70,Nuu,2024-05-19T19:55:50,Skycrest Keikoi,1,1
70,Nuu,2024-05-19T19:55:50,Undertow Stilettos,1,1
71,Nuu,2024-05-19T20:57:45,Art of Desire: Body (red),1,0
71,Nuu,2024-05-19T20:57:45,Bonds of Memory (red),1,0
71,Nuu,2024-05-19T20:57:45,Fact-Finding Mission (red),1,0
71,Nuu,2024-05-19T20:57:45,Impulsive Desire (red),1,0
71,Nuu,2024-05-19T20:57:45,Intimate Inducement (red),1,0
71,Nuu,2024-05-19T20:57:45,Mind's Desire (red),2,0
71,Nuu,2024-05-19T20:57:45,Pick to Pieces (red),1,0
71,Nuu,2024-05-19T20:57:45,Venomous Bite (red),1,0
71,Nuu,2024-05-19T20:57:45,Bonds of Memory (yellow),1,0
71,Nuu,2024-05-19T20:57:45,Desires of Flesh (yellow),2,0
71,Nuu,2024-05-19T20:57:45,Pick to Pieces (yellow),1,0
71,Nuu,2024-05-19T20:57:45,Venomous Bite (yellow),1,0
71,Nuu,2024-05-19T20:57:45,Water the Seeds (yellow),2,0
71,Nuu,2024-05-19T20:57:45,Wounding Blow (yellow),2,0
71,Nuu,2024-05-19T20:57:45,A Drop in the Ocean (blue),1,0
71,Nuu,2024-05-19T20:57:45,Battlefront Bastion (blue),1,0
71,Nuu,2024-05-19T20:57:45,Bonds of Attraction (blue),1,0
71,Nuu,2024-05-19T20:57:45,Bonds of Memory (blue),2,0
71,Nuu,2024-05-19T20:57:45,Double Trouble (blue),1,0
71,Nuu,2024-05-19T20:57:45,Droplet (blue),1,0
71,Nuu,2024-05-19T20:57:45,Fact-Finding Mission (blue),1,0
71,Nuu,2024-05-19T20:57:45,Impulsive Desire (blue),1,0
71,Nuu,2024-05-19T20:57:45,Mind's Desire (blue),1,0
71,Nuu,2024-05-19T20:57:45,Nimble Strike (blue),1,0
71,Nuu,2024-05-19T20:57:45,Path Well Traveled (blue),1,0
71,Nuu,2024-05-19T20:57:45,Pick to Pieces (blue),3,0
71,Nuu,2024-05-19T20:57:45,Stir the Pot (blue),1,0
71,Nuu,2024-05-19T20:57:45,Venomous Bite (blue),2,0
71,Nuu,2024-05-19T20:57:45,Wash Away (blue),1,0
71,Nuu,2024-05-19T20:57:45,Arousing Wave,1,1
71,Nuu,2024-05-19T20:57:45,Skycrest Keikoi,1,1
71,Nuu,2024-05-19T20:57:45,Undertow Stilettos,1,1
72,Zen,2024-05-19T21:17:24,Aspect of Tiger: Body (red),1,0
72,Zen,2024-05-19T21:17:24,Breed Anger (red),1,0
72,Zen,2024-05-19T21:17:24,Companion of the Claw (red),2,0
72,Zen,2024-05-19T21:17:24,Flex Claws (red),1,0
72,Zen,2024-05-19T21:17:24,Harmony of the Hunt (red),1,0
72,Zen,2024-05-19T21:17:24,Tiger Form Incantation (red),3,0
72,Zen,2024-05-19T21:17:24,Tooth and Claw (red),1,0
72,Zen,2024-05-19T21:17:24,Untamed (red),1,0
72,Zen,2024-05-19T21:17:24,Wind Chakra (red),1,0
72,Zen,2024-05-19T21:17:24,Blanch (yellow),1,0
72,Zen,2024-05-19T21:17:24,Blessing of Qi (yellow),1,0
72,Zen,2024-05-19T21:17:24,Breed Anger (yellow),1,0
72,Zen,2024-05-19T21:17:24,Companion of the Claw (yellow),1,0
72,Zen,2024-05-19T21:17:24,Nimble Strike (yellow),1,0
72,Zen,2024-05-19T21:17:24,Nimblism (yellow),3,0
72,Zen,2024-05-19T21:17:24,Pouncing Qi (yellow),1,0
72,Zen,2024-05-19T21:17:24,Tiger Form Incantation (yellow),1,0
72,Zen,2024-05-19T21:17:24,Water the Seeds (yellow),1,0
72,Zen,2024-05-19T21:17:24,Biting Breeze (blue),1,0
72,Zen,2024-05-19T21:17:24,Breed Anger (blue),1,0
72,Zen,2024-05-19T21:17:24,First Tenet of Chi: Tide (blue),1,0
72,Zen,2024-05-19T21:17:24,Flex Claws (blue),1,0
72,Zen,2024-05-19T21:17:24,Harmony of the Hunt (blue),1,0
72,Zen,2024-05-19T21:17:24,Homage to Ancestors (blue),1,0
72,Zen,2024-05-19T21:17:24,Preserve Tradition (blue),2,0
72,Zen,2024-05-19T21:17:24,Stir the Pot (blue),1,0
72,Zen,2024-05-19T21:17:24,Untamed (blue),2,0
72,Zen,2024-05-19T21:17:24,Water the Seeds (blue),1,0
72,Zen,2024-05-19T21:17:24,Mask of Wizened Whiskers,1,1
72,Zen,2024-05-19T21:17:24,Skyhold Keikoi,1,1
72,Zen,2024-05-19T21:17:24,Skywalker Keikoi,1,1
72,Zen,2024-05-19T21:17:24,Stride of Reprisal,1,1
73,Nuu,2024-05-19T22:35:46,Art of Desire: Body (red),2,0
73,Nuu,2024-05-19T22:35:46,Bonds of Memory (red),1,0
73,Nuu,2024-05-19T22:35:46,Double Trouble (red),1,0
73,Nuu,2024-05-19T22:35:46,Gravekeeping (red),1,0
73,Nuu,2024-05-19T22:35:46,Intimate Inducement (red),1,0
73,Nuu,2024-05-19T22:35:46,Mind's Desire (red),1,0
73,Nuu,2024-05-19T22:35:46,Pick to Pieces (red),1,0
73,Nuu,2024-05-19T22:35:46,Tide Chakra (red),1,0
73,Nuu,2024-05-19T22:35:46,Venomous Bite (red),1,0
73,Nuu,2024-05-19T22:35:46,Water the Seeds (red),1,0
73,Nuu,2024-05-19T22:35:46,Bonds of Memory (yellow),1,0
73,Nuu,2024-05-19T22:35:46,Double Trouble (yellow),1,0
73,Nuu,2024-05-19T22:35:46,Intimate Inducement (yellow),2,0
73,Nuu,2024-05-19T22:35:46,A Drop in the Ocean (blue),1,0
73,Nuu,2024-05-19T22:35:46,Art of Desire: Mind (blue),1,0
73,Nuu,2024-05-19T22:35:46,Cosmic Awakening (blue),1,0
73,Nuu,2024-05-19T22:35:46,Desires of Flesh (blue),1,0
73,Nuu,2024-05-19T22:35:46,Fact-Finding Mission (blue),1,0
73,Nuu,2024-05-19T22:35:46,First Tenet of Chi: Tide (blue),1,0
73,Nuu,2024-05-19T22:35:46,Hiss (blue),1,0
73,Nuu,2024-05-19T22:35:46,Intimate Inducement (blue),1,0
73,Nuu,2024-05-19T22:35:46,Path Well Traveled (blue),1,0
73,Nuu,2024-05-19T22:35:46,Stir the Pot (blue),1,0
73,Nuu,2024-05-19T22:35:46,Tide Chakra (blue),2,0
73,Nuu,2024-05-19T22:35:46,Venomous Bite (blue),1,0
73,Nuu,2024-05-19T22:35:46,Water the Seeds (blue),2,0
73,Nuu,2024-05-19T22:35:46,Aqua Laps,1,1
73,Nuu,2024-05-19T22:35:46,Arousing Wave,1,1
73,Nuu,2024-05-19T22:35:46,Skybody Keikoi,1,1
73,Nuu,2024-05-19T22:35:46,Skycrest Keikoi,1,1
74,Zen,2024-05-20T01:09:48,Biting Breeze (red),2,0
74,Zen,2024-05-20T01:09:48,Breed Anger (red),2,0
74,Zen,2024-05-20T01:09:48,Emissary of Moon (red),1,0
74,Zen,2024-05-20T01:09:48,Flex Claws (red),1,0
74,Zen,2024-05-20T01:09:48,Harmony of the Hunt (red),1,0
74,Zen,2024-05-20T01:09:48,Tiger Form Incantation (red),2,0
74,Zen,2024-05-20T01:09:48,Untamed (red),2,0
74,Zen,2024-05-20T01:09:48,Wind Chakra (red),1,0
74,Zen,2024-05-20T01:09:48,Companion of the Claw (yellow),1,0
74,Zen,2024-05-20T01:09:48,Evasive Leap (yellow),1,0
74,Zen,2024-05-20T01:09:48,Fact-Finding Mission (yellow),1,0
74,Zen,2024-05-20T01:09:48,Nimble Strike (yellow),1,0
74,Zen,2024-05-20T01:09:48,Qi Unleashed (yellow),1,0
74,Zen,2024-05-20T01:09:48,Biting Breeze (blue),1,0
74,Zen,2024-05-20T01:09:48,Companion of the Claw (blue),2,0
74,Zen,2024-05-20T01:09:48,Deep Blue Sea (blue),1,0
74,Zen,2024-05-20T01:09:48,Evasive Leap (blue),1,0
74,Zen,2024-05-20T01:09:48,First Tenet of Chi: Moon (blue),1,0
74,Zen,2024-05-20T01:09:48,First Tenet of Chi: Wind (blue),1,0
74,Zen,2024-05-20T01:09:48,Harmony of the Hunt (blue),2,0
74,Zen,2024-05-20T01:09:48,Homage to Ancestors (blue),1,0
74,Zen,2024-05-20T01:09:48,Nimblism (blue),1,0
74,Zen,2024-05-20T01:09:48,Path Well Traveled (blue),1,0
74,Zen,2024-05-20T01:09:48,"Rising Sun, Setting Moon (blue)",1,0
74,Zen,2024-05-20T01:09:48,Rising Tide (blue),1,0
74,Zen,2024-05-20T01:09:48,Untamed (blue),2,0
74,Zen,2024-05-20T01:09:48,Water the Seeds (blue),1,0
74,Zen,2024-05-20T01:09:48,Wide Blue Yonder (blue),1,0
74,Zen,2024-05-20T01:09:48,Mask of Wizened Whiskers,1,1
74,Zen,2024-05-20T01:09:48,Skybody Keikoi,1,1
74,Zen,2024-05-20T01:09:48,Stride of Reprisal,1,1
75,Zen,2024-05-20T02:29:17,Aspect of Tiger: Body (red),1,0
75,Zen,2024-05-20T02:29:17,Biting Breeze (red),1,0
75,Zen,2024-05-20T02:29:17,Companion of the Claw (red),1,0
75,Zen,2024-05-20T02:29:17,Emissary of Moon (red),1,0
75,Zen,2024-05-20T02:29:17,Pouncing Qi (red),2,0
75,Zen,2024-05-20T02:29:17,Tiger Form Incantation (red),1,0
75,Zen,2024-05-20T02:29:17,Untamed (red),2,0
75,Zen,2024-05-20T02:29:17,Blanch (yellow),1,0
75,Zen,2024-05-20T02:29:17,Fact-Finding Mission (yellow),1,0
75,Zen,2024-05-20T02:29:17,Maul (yellow),1,0
75,Zen,2024-05-20T02:29:17,Pouncing Qi (yellow),1,0
75,Zen,2024-05-20T02:29:17,Tiger Form Incantation (yellow),1,0
75,Zen,2024-05-20T02:29:17,Untamed (yellow),1,0
75,Zen,2024-05-20T02:29:17,A Drop in the Ocean (blue),1,0
75,Zen,2024-05-20T02:29:17,Blanch (blue),1,0
75,Zen,2024-05-20T02:29:17,Blessing of Qi (blue),1,0
75,Zen,2024-05-20T02:29:17,Fact-Finding Mission (blue),1,0
75,Zen,2024-05-20T02:29:17,First Tenet of Chi: Tide (blue),2,0
75,Zen,2024-05-20T02:29:17,Path Well Traveled (blue),1,0
75,Zen,2024-05-20T02:29:17,Preserve Tradition (blue),1,0
75,Zen,2024-05-20T02:29:17,"Rising Sun, Setting Moon (blue)",1,0
75,Zen,2024-05-20T02:29:17,Rising Tide (blue),3,0
75,Zen,2024-05-20T02:29:17,Stir the Pot (blue),1,0
75,Zen,2024-05-20T02:29:17,Untamed (blue),1,0
75,Zen,2024-05-20T02:29:17,Wash Away (blue),1,0
75,Zen,2024-05-20T02:29:17,Water the Seeds (blue),2,0
75,Zen,2024-05-20T02:29:17,Wounding Blow (blue),2,0
75,Zen,2024-05-20T02:29:17,Aqua Seeing Shell,1,1
75,Zen,2024-05-20T02:29:17,Mask of Wizened Whiskers,1,1
75,Zen,2024-05-20T02:29:17,Skyhold Keikoi,1,1
75,Zen,2024-05-20T02:29:17,Stride of Reprisal,1,1
76,Enigma,2024-05-20T04:02:17,Astral Etchings (red),2,0
76,Enigma,2024-05-20T04:02:17,Emissary of Wind (red),1,0
76,Enigma,2024-05-20T04:02:17,Haunting Specter (red),1,0
76,Enigma,2024-05-20T04:02:17,Haze Shelter (red),1,0
76,Enigma,2024-05-20T04:02:17,Moon Chakra (red),1,0
76,Enigma,2024-05-20T04:02:17,Solitary Companion (red),1,0
76,Enigma,2024-05-20T04:02:17,Spectral Manifestations (red),2,0
76,Enigma,2024-05-20T04:02:17,Vengeful Apparition (red),1,0
76,Enigma,2024-05-20T04:02:17,Waning Vengeance (red),3,0
76,Enigma,2024-05-20T04:02:17,Waxing Specter (red),3,0
76,Enigma,2024-05-20T04:02:17,Wounding Blow (red),1,0
76,Enigma,2024-05-20T04:02:17,Gravekeeping (yellow),1,0
76,Enigma,2024-05-20T04:02:17,Haunting Specter (yellow),1,0
76,Enigma,2024-05-20T04:02:17,Prismatic Leyline (yellow),1,0
76,Enigma,2024-05-20T04:02:17,Restless Coalescence (yellow),1,0
76,Enigma,2024-05-20T04:02:17,Single Minded Determination (yellow),1,0
76,Enigma,2024-05-20T04:02:17,Spectral Manifestations (yellow),1,0
76,Enigma,2024-05-20T04:02:17,Vengeful Apparition (yellow),1,0
76,Enigma,2024-05-20T04:02:17,Waxing Specter (yellow),2,0
76,Enigma,2024-05-20T04:02:17,A Drop in the Ocean (blue),2,0
76,Enigma,2024-05-20T04:02:17,Path Well Traveled (blue),2,0
76,Enigma,2024-05-20T04:02:17,Preserve Tradition (blue),1,0
76,Enigma,2024-05-20T04:02:17,"Rising Sun, Setting Moon (blue)",1,0
76,Enigma,2024-05-20T04:02:17,Second Tenet of Chi: Tide (blue),1,0
76,Enigma,2024-05-20T04:02:17,Single Minded Determination (blue),2,0
76,Enigma,2024-05-20T04:02:17,Wash Away (blue),1,0
76,Enigma,2024-05-20T04:02:17,Waxing Specter (blue),2,0
76,Enigma,2024-05-20T04:02:17,Aqua Laps,1,1
76,Enigma,2024-05-20T04:02:17,Aqua Seeing Shell,1,1
76,Enigma,2024-05-20T04:02:17,Skybody Keikoi,1,1
76,Enigma,2024-05-20T04:02:17,Uphold Tradition,1,1
77,Zen,2024-05-16T17:24:11,Aspect of Tiger: Body (red),1,0
77,Zen,2024-05-16T17:24:11,Biting Breeze (red),2,0
77,Zen,2024-05-16T17:24:11,Blessing of Qi (red),1,0
77,Zen,2024-05-16T17:24:11,Breed Anger (red),2,0
77,Zen,2024-05-16T17:24:11,Companion of the Claw (red),1,0
77,Zen,2024-05-16T17:24:11,Flex Claws (red),3,0
77,Zen,2024-05-16T17:24:11,Harmony of the Hunt (red),1,0
77,Zen,2024-05-16T17:24:11,Pouncing Qi (red),1,0
77,Zen,2024-05-16T17:24:11,Qi Unleashed (red),1,0
77,Zen,2024-05-16T17:24:11,Untamed (red),1,0
77,Zen,2024-05-16T17:24:11,Water the Seeds (red),1,0
77,Zen,2024-05-16T17:24:11,Blessing of Qi (yellow),1,0
77,Zen,2024-05-16T17:24:11,Flex Claws (yellow),1,0
77,Zen,2024-05-16T17:24:11,Harmony of the Hunt (yellow),1,0
77,Zen,2024-05-16T17:24:11,Pouncing Qi (yellow),1,0
77,Zen,2024-05-16T17:24:11,Qi Unleashed (yellow),1,0
77,Zen,2024-05-16T17:24:11,Biting Breeze (blue),1,0
77,Zen,2024-05-16T17:24:11,Fact-Finding Mission (blue),2,0
77,Zen,2024-05-16T17:24:11,Flex Claws (blue),1,0
77,Zen,2024-05-16T17:24:11,Harmony of the Hunt (blue),1,0
77,Zen,2024-05-16T17:24:11,Homage to Ancestors (blue),1,0
77,Zen,2024-05-16T17:24:11,Pass Over (blue),1,0
77,Zen,2024-05-16T17:24:11,Path Well Traveled (blue),1,0
77,Zen,2024-05-16T17:24:11,Pouncing Qi (blue),1,0
77,Zen,2024-05-16T17:24:11,"Rising Sun, Setting Moon (blue)",1,0
77,Zen,2024-05-16T17:24:11,Tiger Form Incantation (blue),1,0
77,Zen,2024-05-16T17:24:11,Untamed (blue),1,0
77,Zen,2024-05-16T17:24:11,Wounding Blow (blue),1,0
77,Zen,2024-05-16T17:24:11,Mask of Wizened Whiskers,1,1
77,Zen,2024-05-16T17:24:11,Skyhold Keikoi,1,1
78,Nuu,2024-05-16T17:46:12,Bonds of Attraction (red),1,0
78,Nuu,2024-05-16T17:46:12,Bonds of Memory (red),2,0
78,Nuu,2024-05-16T17:46:12,Desires of Flesh (red),1,0
78,Nuu,2024-05-16T17:46:12,Double Trouble (red),1,0
78,Nuu,2024-05-16T17:46:12,Hiss (red),1,0
78,Nuu,2024-05-16T17:46:12,Impulsive Desire (red),1,0
78,Nuu,2024-05-16T17:46:12,Intimate Inducement (red),2,0
78,Nuu,2024-05-16T17:46:12,Pick to Pieces (red),2,0
78,Nuu,2024-05-16T17:46:12,Venomous Bite (red),2,0
78,Nuu,2024-05-16T17:46:12,Bonds of Memory (yellow),1,0
78,Nuu,2024-05-16T17:46:12,Desires of Flesh (yellow),1,0
78,Nuu,2024-05-16T17:46:12,Double Trouble (yellow),1,0
78,Nuu,2024-05-16T17:46:12,Nimble Strike (yellow),1,0
78,Nuu,2024-05-16T17:46:12,Pick to Pieces (yellow),1,0
78,Nuu,2024-05-16T17:46:12,Blanch (blue),1,0
78,Nuu,2024-05-16T17:46:12,Bonds of Attraction (blue),1,0
78,Nuu,2024-05-16T17:46:12,Double Trouble (blue),1,0
78,Nuu,2024-05-16T17:46:12,Hiss (blue),2,0
78,Nuu,2024-05-16T17:46:12,Impulsive Desire (blue),3,0
78,Nuu,2024-05-16T17:46:12,Intimate Inducement (blue),1,0
78,Nuu,2024-05-16T17:46:12,Mind's Desire (blue),1,0
78,Nuu,2024-05-16T17:46:12,Pass Over (blue),2,0
78,Nuu,2024-05-16T17:46:12,Pick to Pieces (blue),2,0
78,Nuu,2024-05-16T17:46:12,The Grain that Tips the Scale (blue),1,0
78,Nuu,2024-05-16T17:46:12,Venomous Bite (blue),2,0
78,Nuu,2024-05-16T17:46:12,Water the Seeds (blue),1,0
78,Nuu,2024-05-16T17:46:12,Aqua Seeing Shell,1,1
78,Nuu,2024-05-16T17:46:12,Arousing Wave,1,1
78,Nuu,2024-05-16T17:46:12,Skycrest Keikoi,1,1
78,Nuu,2024-05-16T17:46:12,Undertow Stilettos,1,1
79,Zen,2024-05-16T18:06:07,Biting Breeze (red),1,0
79,Zen,2024-05-16T18:06:07,Blanch (red),1,0
79,Zen,2024-05-16T18:06:07,Companion of the Claw (red),2,0
79,Zen,2024-05-16T18:06:07,Evasive Leap (red),1,0
79,Zen,2024-05-16T18:06:07,Fact-Finding Mission (red),1,0
79,Zen,2024-05-16T18:06:07,Flex Claws (red),2,0
79,Zen,2024-05-16T18:06:07,Harmony of the Hunt (red),1,0
79,Zen,2024-05-16T18:06:07,Nimblism (red),1,0
79,Zen,2024-05-16T18:06:07,Pouncing Qi (red),4,0
79,Zen,2024-05-16T18:06:07,Untamed (red),1,0
79,Zen,2024-05-16T18:06:07,Biting Breeze (yellow),1,0
79,Zen,2024-05-16T18:06:07,Breed Anger (yellow),1,0
79,Zen,2024-05-16T18:06:07,Gravekeeping (yellow),1,0
79,Zen,2024-05-16T18:06:07,Harmony of the Hunt (yellow),1,0
79,Zen,2024-05-16T18:06:07,Qi Unleashed (yellow),1,0
79,Zen,2024-05-16T18:06:07,Untamed (yellow),2,0
79,Zen,2024-05-16T18:06:07,Water the Seeds (yellow),1,0
79,Zen,2024-05-16T18:06:07,Biting Breeze (blue),2,0
79,Zen,2024-05-16T18:06:07,Breed Anger (blue),1,0
79,Zen,2024-05-16T18:06:07,Companion of the Claw (blue),2,0
79,Zen,2024-05-16T18:06:07,Flex Claws (blue),2,0
79,Zen,2024-05-16T18:06:07,Harmony of the Hunt (blue),1,0
79,Zen,2024-05-16T18:06:07,Qi Unleashed (blue),1,0
79,Zen,2024-05-16T18:06:07,Tiger Form Incantation (blue),2,0
79,Zen,2024-05-16T18:06:07,Untamed (blue),2,0
79,Zen,2024-05-16T18:06:07,Water the Seeds (blue),1,0
79,Zen,2024-05-16T18:06:07,Mask of Wizened Whiskers,1,1
79,Zen,2024-05-16T18:06:07,Skybody Keikoi,1,1
79,Zen,2024-05-16T18:06:07,Stride of Reprisal,1,1
80,Zen,2024-05-16T18:14:38,Biting Breeze (red),4,0
80,Zen,2024-05-16T18:14:38,Breed Anger (red),2,0
80,Zen,2024-05-16T18:14:38,Flex Claws (red),1,0
80,Zen,2024-05-16T18:14:38,Harmony of the Hunt (red),1,0
80,Zen,2024-05-16T18:14:38,Nimblism (red),1,0
80,Zen,2024-05-16T18:14:38,Pouncing Qi (red),1,0
80,Zen,2024-05-16T18:14:38,Qi Unleashed (red),1,0
80,Zen,2024-05-16T18:14:38,Tiger Form Incantation (red),3,0
80,Zen,2024-05-16T18:14:38,Untamed (red),3,0
80,Zen,2024-05-16T18:14:38,Battlefront Bastion (yellow),1,0
80,Zen,2024-05-16T18:14:38,Breed Anger (yellow),1,0
80,Zen,2024-05-16T18:14:38,Harmony of the Hunt (yellow),1,0
80,Zen,2024-05-16T18:14:38,Untamed (yellow),1,0
80,Zen,2024-05-16T18:14:38,Biting Breeze (blue),2,0
80,Zen,2024-05-16T18:14:38,Breed Anger (blue),1,0
80,Zen,2024-05-16T18:14:38,Fact-Finding Mission (blue),1,0
80,Zen,2024-05-16T18:14:38,Flex Claws (blue),1,0
80,Zen,2024-05-16T18:14:38,Gravekeeping (blue),1,0
80,Zen,2024-05-16T18:14:38,Harmony of the Hunt (blue),2,0
80,Zen,2024-05-16T18:14:38,Homage to Ancestors (blue),1,0
80,Zen,2024-05-16T18:14:38,Nimble Strike (blue),1,0
80,Zen,2024-05-16T18:14:38,Pass Over (blue),2,0
80,Zen,2024-05-16T18:14:38,Pouncing Qi (blue),2,0
80,Zen,2024-05-16T18:14:38,Tiger Form Incantation (blue),1,0
80,Zen,2024-05-16T18:14:38,Untamed (blue),1,0
80,Zen,2024-05-16T18:14:38,Mask of Wizened Whiskers,1,1
80,Zen,2024-05-16T18:14:38,Skyhold Keikoi,1,1
80,Zen,2024-05-16T18:14:38,Stride of Reprisal,1,1
81,Zen,2024-05-16T18:21:11,Biting Breeze (red),2,0
81,Zen,2024-05-16T18:21:11,Companion of the Claw (red),4,0
81,Zen,2024-05-16T18:21:11,Flex Claws (red),1,0
81,Zen,2024-05-16T18:21:11,Pouncing Qi (red),1,0
81,Zen,2024-05-16T18:21:11,Qi Unleashed (red),1,0
81,Zen,2024-05-16T18:21:11,Tiger Form Incantation (red),1,0
81,Zen,2024-05-16T18:21:11,Untamed (red),1,0
81,Zen,2024-05-16T18:21:11,Water the Seeds (red),1,0
81,Zen,2024-05-16T18:21:11,Aspect of Tiger: Soul (yellow),1,0
81,Zen,2024-05-16T18:21:11,Breed Anger (yellow),1,0
81,Zen,2024-05-16T18:21:11,Companion of the Claw (yellow),1,0
81,Zen,2024-05-16T18:21:11,Harmony of the Hunt (yellow),1,0
81,Zen,2024-05-16T18:21:11,Pouncing Qi (yellow),1,0
81,Zen,2024-05-16T18:21:11,Qi Unleashed (yellow),1,0
81,Zen,2024-05-16T18:21:11,Tiger Form Incantation (yellow),1,0
81,Zen,2024-05-16T18:21:11,Aspect of Tiger: Mind (blue),1,0
81,Zen,2024-05-16T18:21:11,Battlefront Bastion (blue),1,0
81,Zen,2024-05-16T18:21:11,Biting Breeze (blue),1,0
81,Zen,2024-05-16T18:21:11,Breed Anger (blue),1,0
81,Zen,2024-05-16T18:21:11,Companion of the Claw (blue),2,0
81,Zen,2024-05-16T18:21:11,First Tenet of Chi: Wind (blue),1,0
81,Zen,2024-05-16T18:21:11,Homage to Ancestors (blue),1,0
81,Zen,2024-05-16T18:21:11,Path Well Traveled (blue),1,0
81,Zen,2024-05-16T18:21:11,Qi Unleashed (blue),2,0
81,Zen,2024-05-16T18:21:11,The Grain that Tips the Scale (blue),1,0
81,Zen,2024-05-16T18:21:11,Tiger Form Incantation (blue),3,0
81,Zen,2024-05-16T18:21:11,Untamed (blue),2,0
81,Zen,2024-05-16T18:21:11,Heirloom of Tiger Hide,1,1
81,Zen,2024-05-16T18:21:11,Mask of Wizened Whiskers,1,1
81,Zen,2024-05-16T18:21:11,Stride of Reprisal,1,1
82,Nuu,2024-05-16T18:31:20,Art of Desire: Body (red),1,0
82,Nuu,2024-05-16T18:31:20,Bonds of Attraction (red),2,0
82,Nuu,2024-05-16T18:31:20,Bonds of Memory (red),2,0
82,Nuu,2024-05-16T18:31:20,Hiss (red),1,0
82,Nuu,2024-05-16T18:31:20,Impulsive Desire (red),2,0
82,Nuu,2024-05-16T18:31:20,Intimate Inducement (red),1,0
82,Nuu,2024-05-16T18:31:20,Mind's Desire (red),2,0
82,Nuu,2024-05-16T18:31:20,Nimblism (red),1,0
82,Nuu,2024-05-16T18:31:20,Pick to Pieces (red),1,0
82,Nuu,2024-05-16T18:31:20,Venomous Bite (red),1,0
82,Nuu,2024-05-16T18:31:20,Wounding Blow (red),1,0
82,Nuu,2024-05-16T18:31:20,Bonds of Attraction (yellow),1,0
82,Nuu,2024-05-16T18:31:20,Mind's Desire (yellow),1,0
82,Nuu,2024-05-16T18:31:20,A Drop in the Ocean (blue),1,0
82,Nuu,2024-05-16T18:31:20,Bonds of Memory (blue),1,0
82,Nuu,2024-05-16T18:31:20,Desires of Flesh (blue),1,0
82,Nuu,2024-05-16T18:31:20,First Tenet of Chi: Tide (blue),1,0
82,Nuu,2024-05-16T18:31:20,Hiss (blue),1,0
82,Nuu,2024-05-16T18:31:20,Intimate Inducement (blue),1,0
82,Nuu,2024-05-16T18:31:20,Mind's Desire (blue),1,0
82,Nuu,2024-05-16T18:31:20,"Rising Sun, Setting Moon (blue)",2,0
82,Nuu,2024-05-16T18:31:20,Stir the Pot (blue),1,0
82,Nuu,2024-05-16T18:31:20,The Grain that Tips the Scale (blue),1,0
82,Nuu,2024-05-16T18:31:20,Water the Seeds (blue),1,0
82,Nuu,2024-05-16T18:31:20,Wounding Blow (blue),1,0
82,Nuu,2024-05-16T18:31:20,Arousing Wave,1,1
82,Nuu,2024-05-16T18:31:20,Koi Blessed Kimono,1,1
82,Nuu,2024-05-16T18:31:20,Skycrest Keikoi,1,1
83,Nuu,2024-05-16T21:14:39,Art of Desire: Body (red),1,0
83,Nuu,2024-05-16T21:14:39,Blanch (red),1,0
83,Nuu,2024-05-16T21:14:39,Desires of Flesh (red),1,0
83,Nuu,2024-05-16T21:14:39,Evasive Leap (red),1,0
83,Nuu,2024-05-16T21:14:39,Gravekeeping (red),1,0
83,Nuu,2024-05-16T21:14:39,Hiss (red),1,0
83,Nuu,2024-05-16T21:14:39,Impulsive Desire (red),1,0
83,Nuu,2024-05-16T21:14:39,Pick to Pieces (red),1,0
83,Nuu,2024-05-16T21:14:39,Tide Chakra (red),2,0
83,Nuu,2024-05-16T21:14:39,Venomous Bite (red),1,0
83,Nuu,2024-05-16T21:14:39,Water the Seeds (red),1,0
83,Nuu,2024-05-16T21:14:39,Battlefront Bastion (yellow),1,0
83,Nuu,2024-05-16T21:14:39,Blanch (yellow),1,0
83,Nuu,2024-05-16T21:14:39,Double Trouble (yellow),1,0
83,Nuu,2024-05-16T21:14:39,Evasive Leap (yellow),1,0
83,Nuu,2024-05-16T21:14:39,Intimate Inducement (yellow),2,0
83,Nuu,2024-05-16T21:14:39,Pick to Pieces (yellow),1,0
83,Nuu,2024-05-16T21:14:39,Prismatic Leyline (yellow),1,0
83,Nuu,2024-05-16T21:14:39,Water the Seeds (yellow),1,0
83,Nuu,2024-05-16T21:14:39,Bonds of Attraction (blue),1,0
83,Nuu,2024-05-16T21:14:39,Bonds of Memory (blue),1,0
83,Nuu,2024-05-16T21:14:39,Double Trouble (blue),2,0
83,Nuu,2024-05-16T21:14:39,First Tenet of Chi: Wind (blue),1,0
83,Nuu,2024-05-16T21:14:39,Impulsive Desire (blue),1,0
83,Nuu,2024-05-16T21:14:39,Mind's Desire (blue),1,0
83,Nuu,2024-05-16T21:14:39,Nimblism (blue),1,0
83,Nuu,2024-05-16T21:14:39,Pass Over (blue),2,0
83,Nuu,2024-05-16T21:14:39,Pick to Pieces (blue),1,0
83,Nuu,2024-05-16T21:14:39,Rising Tide (blue),1,0
83,Nuu,2024-05-16T21:14:39,Second Tenet of Chi: Tide (blue),1,0
83,Nuu,2024-05-16T21:14:39,The Grain that Tips the Scale (blue),1,0
83,Nuu,2024-05-16T21:14:39,Tidal Surge (blue),1,0
83,Nuu,2024-05-16T21:14:39,Tide Chakra (blue),1,0
83,Nuu,2024-05-16T21:14:39,Aqua Seeing Shell,1,1
83,Nuu,2024-05-16T21:14:39,Arousing Wave,1,1
83,Nuu,2024-05-16T21:14:39,Koi Blessed Kimono,1,1
83,Nuu,2024-05-16T21:14:39,Skycrest Keikoi,1,1
83,Nuu,2024-05-16T21:14:39,Undertow Stilettos,1,1
84,Zen,2024-05-16T22:53:57,Battlefront Bastion (red),1,0
84,Zen,2024-05-16T22:53:57,Breed Anger (red),2,0
84,Zen,2024-05-16T22:53:57,Companion of the Claw (red),1,0
84,Zen,2024-05-16T22:53:57,Flex Claws (red),1,0
84,Zen,2024-05-16T22:53:57,Pouncing Qi (red),1,0
84,Zen,2024-05-16T22:53:57,Qi Unleashed (red),1,0
84,Zen,2024-05-16T22:53:57,Tiger Form Incantation (red),2,0
84,Zen,2024-05-16T22:53:57,Wind Chakra (red),1,0
84,Zen,2024-05-16T22:53:57,Blessing of Qi (yellow),1,0
84,Zen,2024-05-16T22:53:57,Breed Anger (yellow),1,0
84,Zen,2024-05-16T22:53:57,Pouncing Qi (yellow),2,0
84,Zen,2024-05-16T22:53:57,Tiger Form Incantation (yellow),1,0
84,Zen,2024-05-16T22:53:57,Untamed (yellow),1,0
84,Zen,2024-05-16T22:53:57,Biting Breeze (blue),2,0
84,Zen,2024-05-16T22:53:57,Companion of the Claw (blue),1,0
84,Zen,2024-05-16T22:53:57,Evasive Leap (blue),1,0
84,Zen,2024-05-16T22:53:57,Flex Claws (blue),3,0
84,Zen,2024-05-16T22:53:57,Harmony of the Hunt (blue),2,0
84,Zen,2024-05-16T22:53:57,Homage to Ancestors (blue),1,0
84,Zen,2024-05-16T22:53:57,"Rising Sun, Setting Moon (blue)",1,0
84,Zen,2024-05-16T22:53:57,Rising Tide (blue),1,0
84,Zen,2024-05-16T22:53:57,Shifting Winds of the Mystic Beast (blue),1,0
84,Zen,2024-05-16T22:53:57,Stir the Pot (blue),1,0
84,Zen,2024-05-16T22:53:57,Tiger Form Incantation (blue),3,0
84,Zen,2024-05-16T22:53:57,Untamed (blue),2,0
84,Zen,2024-05-16T22:53:57,Koi Blessed Kimono,1,1
84,Zen,2024-05-16T22:53:57,Skycrest Keikoi,1,1
84,Zen,2024-05-16T22:53:57,Skyhold Keikoi,1,1
84,Zen,2024-05-16T22:53:57,Stride of Reprisal,1,1
85,Nuu,2024-05-17T00:37:27,Art of Desire: Body (red),1,0
85,Nuu,2024-05-17T00:37:27,Desires of Flesh (red),1,0
85,Nuu,2024-05-17T00:37:27,Double Trouble (red),1,0
85,Nuu,2024-05-17T00:37:27,Evasive Leap (red),1,0
85,Nuu,2024-05-17T00:37:27,Hiss (red),1,0
85,Nuu,2024-05-17T00:37:27,Mind's Desire (red),2,0
85,Nuu,2024-05-17T00:37:27,Nimble Strike (red),1,0
85,Nuu,2024-05-17T00:37:27,Nimblism (red),1,0
85,Nuu,2024-05-17T00:37:27,Venomous Bite (red),2,0
85,Nuu,2024-05-17T00:37:27,Wounding Blow (red),1,0
85,Nuu,2024-05-17T00:37:27,Art of Desire: Soul (yellow),1,0
85,Nuu,2024-05-17T00:37:27,Bonds of Attraction (yellow),1,0
85,Nuu,2024-05-17T00:37:27,Bonds of Memory (yellow),1,0
85,Nuu,2024-05-17T00:37:27,Double Trouble (yellow),1,0
85,Nuu,2024-05-17T00:37:27,Evasive Leap (yellow),1,0
85,Nuu,2024-05-17T00:37:27,Intimate Inducement (yellow),2,0
85,Nuu,2024-05-17T00:37:27,Art of Desire: Mind (blue),1,0
85,Nuu,2024-05-17T00:37:27,Bonds of Agony (blue),1,0
85,Nuu,2024-05-17T00:37:27,Bonds of Attraction (blue),1,0
85,Nuu,2024-05-17T00:37:27,Double Trouble (blue),1,0
85,Nuu,2024-05-17T00:37:27,First Tenet of Chi: Tide (blue),1,0
85,Nuu,2024-05-17T00:37:27,Mind's Desire (blue),1,0
85,Nuu,2024-05-17T00:37:27,Nimble Strike (blue),1,0
85,Nuu,2024-05-17T00:37:27,Nimblism (blue),1,0
85,Nuu,2024-05-17T00:37:27,Pick to Pieces (blue),3,0
85,Nuu,2024-05-17T00:37:27,Stir the Pot (blue),1,0
85,Nuu,2024-05-17T00:37:27,The Grain that Tips the Scale (blue),2,0
85,Nuu,2024-05-17T00:37:27,Wounding Blow (blue),1,0
85,Nuu,2024-05-17T00:37:27,Aqua Laps,1,1
85,Nuu,2024-05-17T00:37:27,Arousing Wave,1,1
85,Nuu,2024-05-17T00:37:27,Koi Blessed Kimono,1,1
85,Nuu,2024-05-17T00:37:27,Skycrest Keikoi,1,1
86,Enigma,2024-05-17T01:11:28,Evasive Leap (red),1,0
86,Enigma,2024-05-17T01:11:28,Haunting Specter (red),1,0
86,Enigma,2024-05-17T01:11:28,Sigil of Solitude (red),2,0
86,Enigma,2024-05-17T01:11:28,Spectral Manifestations (red),1,0
86,Enigma,2024-05-17T01:11:28,Waxing Specter (red),2,0
86,Enigma,2024-05-17T01:11:28,Wounding Blow (red),1,0
86,Enigma,2024-05-17T01:11:28,Battlefront Bastion (yellow),1,0
86,Enigma,2024-05-17T01:11:28,Nimblism (yellow),1,0
86,Enigma,2024-05-17T01:11:28,Sigil of Solitude (yellow),1,0
86,Enigma,2024-05-17T01:11:28,Single Minded Determination (yellow),1,0
86,Enigma,2024-05-17T01:11:28,Vengeful Apparition (yellow),1,0
86,Enigma,2024-05-17T01:11:28,Waning Vengeance (yellow),1,0
86,Enigma,2024-05-17T01:11:28,A Drop in the Ocean (blue),1,0
86,Enigma,2024-05-17T01:11:28,Astral Etchings (blue),1,0
86,Enigma,2024-05-17T01:11:28,Big Blue Sky (blue),2,0
86,Enigma,2024-05-17T01:11:28,First Tenet of Chi: Tide (blue),2,0
86,Enigma,2024-05-17T01:11:28,Haze Shelter (blue),1,0
86,Enigma,2024-05-17T01:11:28,"Rising Sun, Setting Moon (blue)",1,0
86,Enigma,2024-05-17T01:11:28,Sigil of Solitude (blue),1,0
86,Enigma,2024-05-17T01:11:28,Single Minded Determination (blue),3,0
86,Enigma,2024-05-17T01:11:28,Spectral Manifestations (blue),1,0
86,Enigma,2024-05-17T01:11:28,Vengeful Apparition (blue),2,0
86,Enigma,2024-05-17T01:11:28,Waning Vengeance (blue),1,0
86,Enigma,2024-05-17T01:11:28,Waxing Specter (blue),2,0
86,Enigma,2024-05-17T01:11:28,Wounding Blow (blue),1,0
86,Enigma,2024-05-17T01:11:28,Aqua Laps,1,1
86,Enigma,2024-05-17T01:11:28,Skybody Keikoi,1,1
86,Enigma,2024-05-17T01:11:28,Uphold Tradition,1,1
87,Nuu,2024-05-17T02:29:00,Blanch (red),1,0
87,Nuu,2024-05-17T02:29:00,Bonds of Memory (red),2,0
87,Nuu,2024-05-17T02:29:00,Impulsive Desire (red),1,0
87,Nuu,2024-05-17T02:29:00,Mind's Desire (red),2,0
87,Nuu,2024-05-17T02:29:00,Pick to Pieces (red),1,0
87,Nuu,2024-05-17T02:29:00,Venomous Bite (red),2,0
87,Nuu,2024-05-17T02:29:00,Blanch (yellow),1,0
87,Nuu,2024-05-17T02:29:00,Bonds of Memory (yellow),1,0
87,Nuu,2024-05-17T02:29:00,Hiss (yellow),2,0
87,Nuu,2024-05-17T02:29:00,Intimate Inducement (yellow),1,0
87,Nuu,2024-05-17T02:29:00,Tide Chakra (yellow),2,0
87,Nuu,2024-05-17T02:29:00,Water the Seeds (yellow),1,0
87,Nuu,2024-05-17T02:29:00,A Drop in the Ocean (blue),1,0
87,Nuu,2024-05-17T02:29:00,Art of Desire: Mind (blue),2,0
87,Nuu,2024-05-17T02:29:00,Bonds of Agony (blue),1,0
87,Nuu,2024-05-17T02:29:00,Bonds of Memory (blue),1,0
87,Nuu,2024-05-17T02:29:00,Deep Blue Sea (blue),1,0
87,Nuu,2024-05-17T02:29:00,Double Trouble (blue),1,0
87,Nuu,2024-05-17T02:29:00,Fact-Finding Mission (blue),2,0
87,Nuu,2024-05-17T02:29:00,First Tenet of Chi: Tide (blue),1,0
87,Nuu,2024-05-17T02:29:00,Hiss (blue),1,0
87,Nuu,2024-05-17T02:29:00,Mind's Desire (blue),1,0
87,Nuu,2024-05-17T02:29:00,Nimblism (blue),1,0
87,Nuu,2024-05-17T02:29:00,Pass Over (blue),1,0
87,Nuu,2024-05-17T02:29:00,Path Well Traveled (blue),1,0
87,Nuu,2024-05-17T02:29:00,The Grain that Tips the Scale (blue),1,0
87,Nuu,2024-05-17T02:29:00,Tidal Surge (blue),1,0
87,Nuu,2024-05-17T02:29:00,Arousing Wave,1,1
87,Nuu,2024-05-17T02:29:00,Heirloom of Snake Hide,1,1
87,Nuu,2024-05-17T02:29:00,Undertow Stilettos,1,1
88,Zen,2024-05-17T03:14:17,Biting Breeze (red),1,0
88,Zen,2024-05-17T03:14:17,Companion of the Claw (red),2,0
88,Zen,2024-05-17T03:14:17,Evasive Leap (red),2,0
88,Zen,2024-05-17T03:14:17,Harmony of the Hunt (red),2,0
88,Zen,2024-05-17T03:14:17,Pouncing Qi (red),1,0
88,Zen,2024-05-17T03:14:17,Tiger Form Incantation (red),2,0
88,Zen,2024-05-17T03:14:17,Untamed (red),3,0
88,Zen,2024-05-17T03:14:17,Water the Seeds (red),1,0
88,Zen,2024-05-17T03:14:17,Wounding Blow (red),1,0
88,Zen,2024-05-17T03:14:17,Breed Anger (yellow),1,0
88,Zen,2024-05-17T03:14:17,Companion of the Claw (yellow),1,0
88,Zen,2024-05-17T03:14:17,Gravekeeping (yellow),1,0
88,Zen,2024-05-17T03:14:17,Harmony of the Hunt (yellow),1,0
88,Zen,2024-05-17T03:14:17,Water the Seeds (yellow),3,0
88,Zen,2024-05-17T03:14:17,Wounding Blow (yellow),1,0
88,Zen,2024-05-17T03:14:17,Biting Breeze (blue),2,0
88,Zen,2024-05-17T03:14:17,Breed Anger (blue),1,0
88,Zen,2024-05-17T03:14:17,Companion of the Claw (blue),1,0
88,Zen,2024-05-17T03:14:17,First Tenet of Chi: Moon (blue),1,0
88,Zen,2024-05-17T03:14:17,Flex Claws (blue),1,0
88,Zen,2024-05-17T03:14:17,Preserve Tradition (blue),1,0
88,Zen,2024-05-17T03:14:17,Rising Tide (blue),1,0
88,Zen,2024-05-17T03:14:17,The Grain that Tips the Scale (blue),1,0
88,Zen,2024-05-17T03:14:17,Tiger Form Incantation (blue),2,0
88,Zen,2024-05-17T03:14:17,Aqua Laps,1,1
88,Zen,2024-05-17T03:14:17,Koi Blessed Kimono,1,1
88,Zen,2024-05-17T03:14:17,Skyhold Keikoi,1,1
89,Zen,2024-05-17T04:53:36,Companion of the Claw (red),1,0
89,Zen,2024-05-17T04:53:36,Evasive Leap (red),2,0
89,Zen,2024-05-17T04:53:36,Fact-Finding Mission (red),1,0
89,Zen,2024-05-17T04:53:36,Flex Claws (red),3,0
89,Zen,2024-05-17T04:53:36,Nimblism (red),1,0
89,Zen,2024-05-17T04:53:36,Pouncing Qi (red),2,0
89,Zen,2024-05-17T04:53:36,Qi Unleashed (red),2,0
89,Zen,2024-05-17T04:53:36,Tiger Form Incantation (red),3,0
89,Zen,2024-05-17T04:53:36,Biting Breeze (yellow),1,0
89,Zen,2024-05-17T04:53:36,Blessing of Qi (yellow),1,0
89,Zen,2024-05-17T04:53:36,Breed Anger (yellow),2,0
89,Zen,2024-05-17T04:53:36,Fact-Finding Mission (yellow),1,0
89,Zen,2024-05-17T04:53:36,Pouncing Qi (yellow),1,0
89,Zen,2024-05-17T04:53:36,Biting Breeze (blue),2,0
89,Zen,2024-05-17T04:53:36,Breed Anger (blue),1,0
89,Zen,2024-05-17T04:53:36,Fact-Finding Mission (blue),2,0
89,Zen,2024-05-17T04:53:36,Pouncing Qi (blue),1,0
89,Zen,2024-05-17T04:53:36,Preserve Tradition (blue),2,0
89,Zen,2024-05-17T04:53:36,Stir the Pot (blue),1,0
89,Zen,2024-05-17T04:53:36,The Grain that Tips the Scale (blue),1,0
89,Zen,2024-05-17T04:53:36,Tiger Form Incantation (blue),3,0
89,Zen,2024-05-17T04:53:36,Untamed (blue),1,0
89,Zen,2024-05-17T04:53:36,Wind Chakra (blue),2,0
89,Zen,2024-05-17T04:53:36,Wounding Blow (blue),1,0
89,Zen,2024-05-17T04:53:36,Mask of Wizened Whiskers,1,1
89,Zen,2024-05-17T04:53:36,Stride of Reprisal,1,1
89,Zen,2024-05-17T04:53:36,Waves of Aqua Marine,1,1
90,Nuu,2024-05-17T05:12:24,Battlefront Bastion (red),1,0
90,Nuu,2024-05-17T05:12:24,Blanch (red),1,0
90,Nuu,2024-05-17T05:12:24,Bonds of Attraction (red),1,0
90,Nuu,2024-05-17T05:12:24,Emissary of Wind (red),1,0
90,Nuu,2024-05-17T05:12:24,Evasive Leap (red),1,0
90,Nuu,2024-05-17T05:12:24,Intimate Inducement (red),2,0
90,Nuu,2024-05-17T05:12:24,Nimble Strike (red),1,0
90,Nuu,2024-05-17T05:12:24,Venomous Bite (red),2,0
90,Nuu,2024-05-17T05:12:24,Wounding Blow (red),1,0
90,Nuu,2024-05-17T05:12:24,Art of Desire: Soul (yellow),1,0
90,Nuu,2024-05-17T05:12:24,Battlefront Bastion (yellow),1,0
90,Nuu,2024-05-17T05:12:24,Wounding Blow (yellow),1,0
90,Nuu,2024-05-17T05:12:24,Art of Desire: Mind (blue),1,0
90,Nuu,2024-05-17T05:12:24,Cosmic Awakening (blue),1,0
90,Nuu,2024-05-17T05:12:24,Desires of Flesh (blue),2,0
90,Nuu,2024-05-17T05:12:24,Double Trouble (blue),2,0
90,Nuu,2024-05-17T05:12:24,Fact-Finding Mission (blue),1,0
90,Nuu,2024-05-17T05:12:24,Impulsive Desire (blue),1,0
90,Nuu,2024-05-17T05:12:24,Mind's Desire (blue),1,0
90,Nuu,2024-05-17T05:12:24,Path Well Traveled (blue),1,0
90,Nuu,2024-05-17T05:12:24,Pick to Pieces (blue),1,0
90,Nuu,2024-05-17T05:12:24,Rising Tide (blue),1,0
90,Nuu,2024-05-17T05:12:24,Second Tenet of Chi: Moon (blue),1,0
90,Nuu,2024-05-17T05:12:24,Second Tenet of Chi: Wind (blue),1,0
90,Nuu,2024-05-17T05:12:24,Stir the Pot (blue),1,0
90,Nuu,2024-05-17T05:12:24,The Grain that Tips the Scale (blue),1,0
90,Nuu,2024-05-17T05:12:24,Tidal Surge (blue),2,0
90,Nuu,2024-05-17T05:12:24,Water the Seeds (blue),1,0
90,Nuu,2024-05-17T05:12:24,Aqua Seeing Shell,1,1
90,Nuu,2024-05-17T05:12:24,Arousing Wave,1,1
91,Zen,2024-05-17T05:24:08,Breed Anger (red),1,0
91,Zen,2024-05-17T05:24:08,Companion of the Claw (red),1,0
91,Zen,2024-05-17T05:24:08,Emissary of Tides (red),1,0
91,Zen,2024-05-17T05:24:08,Flex Claws (red),2,0
91,Zen,2024-05-17T05:24:08,Gravekeeping (red),2,0
91,Zen,2024-05-17T05:24:08,Harmony of the Hunt (red),2,0
91,Zen,2024-05-17T05:24:08,Nimblism (red),2,0
91,Zen,2024-05-17T05:24:08,Pouncing Qi (red),1,0
91,Zen,2024-05-17T05:24:08,Tiger Form Incantation (red),2,0
91,Zen,2024-05-17T05:24:08,Untamed (red),2,0
91,Zen,2024-05-17T05:24:08,Water the Seeds (red),1,0
91,Zen,2024-05-17T05:24:08,Wind Chakra (red),1,0
91,Zen,2024-05-17T05:24:08,Nimble Strike (yellow),1,0
91,Zen,2024-05-17T05:24:08,Pouncing Qi (yellow),1,0
91,Zen,2024-05-17T05:24:08,Qi Unleashed (yellow),1,0
91,Zen,2024-05-17T05:24:08,Biting Breeze (blue),1,0
91,Zen,2024-05-17T05:24:08,Breed Anger (blue),2,0
91,Zen,2024-05-17T05:24:08,Companion of the Claw (blue),1,0
91,Zen,2024-05-17T05:24:08,First Tenet of Chi: Tide (blue),2,0
91,Zen,2024-05-17T05:24:08,First Tenet of Chi: Wind (blue),2,0
91,Zen,2024-05-17T05:24:08,Flex Claws (blue),1,0
91,Zen,2024-05-17T05:24:08,Pass Over (blue),1,0
91,Zen,2024-05-17T05:24:08,Path Well Traveled (blue),1,0
91,Zen,2024-05-17T05:24:08,Pouncing Qi (blue),1,0
91,Zen,2024-05-17T05:24:08,Qi Unleashed (blue),1,0
91,Zen,2024-05-17T05:24:08,Stir the Pot (blue),1,0
91,Zen,2024-05-17T05:24:08,The Grain that Tips the Scale (blue),1,0
91,Zen,2024-05-17T05:24:08,Tiger Form Incantation (blue),1,0
91,Zen,2024-05-17T05:24:08,Wounding Blow (blue),1,0
91,Zen,2024-05-17T05:24:08,Koi Blessed Kimono,1,1
91,Zen,2024-05-17T05:24:08,Mask of Wizened Whiskers,1,1
91,Zen,2024-05-17T05:24:08,Stride of Reprisal,1,1
92,Zen,2024-05-17T07:57:44,Aspect of Tiger: Body (red),1,0
92,Zen,2024-05-17T07:57:44,Biting Breeze (red),1,0
92,Zen,2024-05-17T07:57:44,Breed Anger (red),1,0
92,Zen,2024-05-17T07:57:44,Companion of the Claw (red),1,0
92,Zen,2024-05-17T07:57:44,Harmony of the Hunt (red),2,0
92,Zen,2024-05-17T07:57:44,Pouncing Qi (red),1,0
92,Zen,2024-05-17T07:57:44,Tiger Form Incantation (red),3,0
92,Zen,2024-05-17T07:57:44,Untamed (red),4,0
92,Zen,2024-05-17T07:57:44,Wind Chakra (red),1,0
92,Zen,2024-05-17T07:57:44,Wounding Blow (red),1,0
92,Zen,2024-05-17T07:57:44,Breed Anger (yellow),1,0
92,Zen,2024-05-17T07:57:44,Companion of the Claw (yellow),1,0
92,Zen,2024-05-17T07:57:44,Maul (yellow),1,0
92,Zen,2024-05-17T07:57:44,Blessing of Qi (blue),1,0
92,Zen,2024-05-17T07:57:44,Fact-Finding Mission (blue),1,0
92,Zen,2024-05-17T07:57:44,First Tenet of Chi: Moon (blue),1,0
92,Zen,2024-05-17T07:57:44,First Tenet of Chi: Tide (blue),1,0
92,Zen,2024-05-17T07:57:44,Flex Claws (blue),1,0
92,Zen,2024-05-17T07:57:44,Harmony of the Hunt (blue),1,0
92,Zen,2024-05-17T07:57:44,Homage to Ancestors (blue),1,0
92,Zen,2024-05-17T07:57:44,Pouncing Qi (blue),1,0
92,Zen,2024-05-17T07:57:44,Preserve Tradition (blue),1,0
92,Zen,2024-05-17T07:57:44,"Rising Sun, Setting Moon (blue)",2,0
92,Zen,2024-05-17T07:57:44,Stir the Pot (blue),1,0
92,Zen,2024-05-17T07:57:44,Untamed (blue),1,0
92,Zen,2024-05-17T07:57:44,Wash Away (blue),1,0
92,Zen,2024-05-17T07:57:44,Water the Seeds (blue),2,0
92,Zen,2024-05-17T07:57:44,Wounding Blow (blue),1,0
92,Zen,2024-05-17T07:57:44,Mask of Wizened Whiskers,1,1
92,Zen,2024-05-17T07:57:44,Skyhold Keikoi,1,1
92,Zen,2024-05-17T07:57:44,Stride of Reprisal,1,1
93,Nuu,2024-05-17T09:51:09,Art of Desire: Body (red),1,0
93,Nuu,2024-05-17T09:51:09,Bonds of Memory (red),2,0
93,Nuu,2024-05-17T09:51:09,Desires of Flesh (red),2,0
93,Nuu,2024-05-17T09:51:09,Gravekeeping (red),1,0
93,Nuu,2024-05-17T09:51:09,Hiss (red),3,0
93,Nuu,2024-05-17T09:51:09,Impulsive Desire (red),1,0
93,Nuu,2024-05-17T09:51:09,Mind's Desire (red),2,0
93,Nuu,2024-05-17T09:51:09,Pick to Pieces (red),3,0
93,Nuu,2024-05-17T09:51:09,Tide Chakra (red),1,0
93,Nuu,2024-05-17T09:51:09,Venomous Bite (red),1,0
93,Nuu,2024-05-17T09:51:09,Desires of Flesh (yellow),1,0
93,Nuu,2024-05-17T09:51:09,Hiss (yellow),2,0
93,Nuu,2024-05-17T09:51:09,Intimate Inducement (yellow),1,0
93,Nuu,2024-05-17T09:51:09,Tide Chakra (yellow),1,0
93,Nuu,2024-05-17T09:51:09,Venomous Bite (yellow),1,0
93,Nuu,2024-05-17T09:51:09,Desires of Flesh (blue),3,0
93,Nuu,2024-05-17T09:51:09,Evasive Leap (blue),1,0
93,Nuu,2024-05-17T09:51:09,Hiss (blue),1,0
93,Nuu,2024-05-17T09:51:09,Intimate Inducement (blue),4,0
93,Nuu,2024-05-17T09:51:09,Orihon of Mystic Tenets (blue),1,0
93,Nuu,2024-05-17T09:51:09,Pass Over (blue),1,0
93,Nuu,2024-05-17T09:51:09,Path Well Traveled (blue),2,0
93,Nuu,2024-05-17T09:51:09,Pick to Pieces (blue),2,0
93,Nuu,2024-05-17T09:51:09,Preserve Tradition (blue),1,0
93,Nuu,2024-05-17T09:51:09,Arousing Wave,1,1
93,Nuu,2024-05-17T09:51:09,Undertow Stilettos,1,1
94,Enigma,2024-05-17T14:42:52,Evasive Leap (red),1,0
94,Enigma,2024-05-17T14:42:52,Moon Chakra (red),1,0
94,Enigma,2024-05-17T14:42:52,Sigil of Solitude (red),2,0
94,Enigma,2024-05-17T14:42:52,Single Minded Determination (red),1,0
94,Enigma,2024-05-17T14:42:52,Solitary Companion (red),1,0
94,Enigma,2024-05-17T14:42:52,Spectral Manifestations (red),3,0
94,Enigma,2024-05-17T14:42:52,Vengeful Apparition (red),1,0
94,Enigma,2024-05-17T14:42:52,Waning Vengeance (red),2,0
94,Enigma,2024-05-17T14:42:52,Waxing Specter (red),2,0
94,Enigma,2024-05-17T14:42:52,Essence of Ancestry: Soul (yellow),1,0
94,Enigma,2024-05-17T14:42:52,Moon Chakra (yellow),1,0
94,Enigma,2024-05-17T14:42:52,Vengeful Apparition (yellow),1,0
94,Enigma,2024-05-17T14:42:52,A Drop in the Ocean (blue),1,0
94,Enigma,2024-05-17T14:42:52,Battlefront Bastion (blue),2,0
94,Enigma,2024-05-17T14:42:52,Big Blue Sky (blue),1,0
94,Enigma,2024-05-17T14:42:52,Evasive Leap (blue),1,0
94,Enigma,2024-05-17T14:42:52,First Tenet of Chi: Moon (blue),1,0
94,Enigma,2024-05-17T14:42:52,First Tenet of Chi: Tide (blue),3,0
94,Enigma,2024-05-17T14:42:52,Homage to Ancestors (blue),1,0
94,Enigma,2024-05-17T14:42:52,Moon Chakra (blue),1,0
94,Enigma,2024-05-17T14:42:52,Single Minded Determination (blue),1,0
94,Enigma,2024-05-17T14:42:52,Spillover (blue),2,0
94,Enigma,2024-05-17T14:42:52,The Grain that Tips the Scale (blue),1,0
94,Enigma,2024-05-17T14:42:52,Vengeful Apparition (blue),1,0
94,Enigma,2024-05-17T14:42:52,Waning Vengeance (blue),2,0
94,Enigma,2024-05-17T14:42:52,Waxing Specter (blue),1,0
94,Enigma,2024-05-17T14:42:52,Wounding Blow (blue),1,0
94,Enigma,2024-05-17T14:42:52,Koi Blessed Kimono,1,1
94,Enigma,2024-05-17T14:42:52,Uphold Tradition,1,1
95,Zen,2024-05-17T15:23:58,Biting Breeze (red),4,0
95,Zen,2024-05-17T15:23:58,Breed Anger (red),1,0
95,Zen,2024-05-17T15:23:58,Companion of the Claw (red),2,0
95,Zen,2024-05-17T15:23:58,Flex Claws (red),1,0
95,Zen,2024-05-17T15:23:58,Harmony of the Hunt (red),2,0
95,Zen,2024-05-17T15:23:58,Nimblism (red),1,0
95,Zen,2024-05-17T15:23:58,Pouncing Qi (red),2,0
95,Zen,2024-05-17T15:23:58,Qi Unleashed (red),1,0
95,Zen,2024-05-17T15:23:58,Untamed (red),2,0
95,Zen,2024-05-17T15:23:58,Harmony of the Hunt (yellow),1,0
95,Zen,2024-05-17T15:23:58,Maul (yellow),1,0
95,Zen,2024-05-17T15:23:58,Qi Unleashed (yellow),1,0
95,Zen,2024-05-17T15:23:58,Breed Anger (blue),3,0
95,Zen,2024-05-17T15:23:58,Droplet (blue),1,0
95,Zen,2024-05-17T15:23:58,Flex Claws (blue),2,0
95,Zen,2024-05-17T15:23:58,Harmony of the Hunt (blue),1,0
95,Zen,2024-05-17T15:23:58,Pass Over (blue),1,0
95,Zen,2024-05-17T15:23:58,Pouncing Qi (blue),2,0
95,Zen,2024-05-17T15:23:58,Tiger Form Incantation (blue),1,0
95,Zen,2024-05-17T15:23:58,Mask of Wizened Whiskers,1,1
95,Zen,2024-05-17T15:23:58,Stride of Reprisal,1,1
95,Zen,2024-05-17T15:23:58,Waves of Aqua Marine,1,1
96,Zen,2024-05-30T03:30:02,Battlefront Bastion (red),1,0
96,Zen,2024-05-30T03:30:02,Blanch (red),1,0
96,Zen,2024-05-30T03:30:02,Breed Anger (red),1,0
96,Zen,2024-05-30T03:30:02,Flex Claws (red),2,0
96,Zen,2024-05-30T03:30:02,Gravekeeping (red),1,0
96,Zen,2024-05-30T03:30:02,Pouncing Qi (red),1,0
96,Zen,2024-05-30T03:30:02,Qi Unleashed (red),1,0
96,Zen,2024-05-30T03:30:02,Untamed (red),1,0
96,Zen,2024-05-30T03:30:02,Companion of the Claw (yellow),1,0
96,Zen,2024-05-30T03:30:02,Evasive Leap (yellow),1,0
96,Zen,2024-05-30T03:30:02,Flex Claws (yellow),1,0
96,Zen,2024-05-30T03:30:02,Harmony of the Hunt (yellow),2,0
96,Zen,2024-05-30T03:30:02,Pouncing Qi (yellow),1,0
96,Zen,2024-05-30T03:30:02,Aspect of Tiger: Mind (blue),1,0
96,Zen,2024-05-30T03:30:02,Biting Breeze (blue),3,0
96,Zen,2024-05-30T03:30:02,Companion of the Claw (blue),2,0
96,Zen,2024-05-30T03:30:02,Flex Claws (blue),1,0
96,Zen,2024-05-30T03:30:02,Pass Over (blue),1,0
96,Zen,2024-05-30T03:30:02,Path Well Traveled (blue),1,0
96,Zen,2024-05-30T03:30:02,Pouncing Qi (blue),2,0
96,Zen,2024-05-30T03:30:02,Rising Tide (blue),2,0
96,Zen,2024-05-30T03:30:02,Tiger Form Incantation (blue),1,0
96,Zen,2024-05-30T03:30:02,Untamed (blue),1,0
96,Zen,2024-05-30T03:30:02,Wash Away (blue),2,0
96,Zen,2024-05-30T03:30:02,Heirloom of Tiger Hide,1,1
96,Zen,2024-05-30T03:30:02,Mask of Wizened Whiskers,1,1
96,Zen,2024-05-30T03:30:02,Stride of Reprisal,1,1
96,Zen,2024-05-30T03:30:02,Waves of Aqua Marine,1,1
97,Zen,2024-05-30T04:53:16,Breed Anger (red),1,0
97,Zen,2024-05-30T04:53:16,Companion of the Claw (red),2,0
97,Zen,2024-05-30T04:53:16,Evasive Leap (red),1,0
97,Zen,2024-05-30T04:53:16,Flex Claws (red),1,0
97,Zen,2024-05-30T04:53:16,Harmony of the Hunt (red),1,0
97,Zen,2024-05-30T04:53:16,Pouncing Qi (red),2,0
97,Zen,2024-05-30T04:53:16,Tiger Form Incantation (red),2,0
97,Zen,2024-05-30T04:53:16,Untamed (red),1,0
97,Zen,2024-05-30T04:53:16,Aspect of Tiger: Soul (yellow),1,0
97,Zen,2024-05-30T04:53:16,Battlefront Bastion (yellow),1,0
97,Zen,2024-05-30T04:53:16,Biting Breeze (yellow),1,0
97,Zen,2024-05-30T04:53:16,Blessing of Qi (yellow),1,0
97,Zen,2024-05-30T04:53:16,Flex Claws (yellow),1,0
97,Zen,2024-05-30T04:53:16,Nimble Strike (yellow),1,0
97,Zen,2024-05-30T04:53:16,Wind Chakra (yellow),1,0
97,Zen,2024-05-30T04:53:16,Wounding Blow (yellow),1,0
97,Zen,2024-05-30T04:53:16,Biting Breeze (blue),1,0
97,Zen,2024-05-30T04:53:16,Breed Anger (blue),1,0
97,Zen,2024-05-30T04:53:16,First Tenet of Chi: Wind (blue),1,0
97,Zen,2024-05-30T04:53:16,Flex Claws (blue),1,0
97,Zen,2024-05-30T04:53:16,Homage to Ancestors (blue),1,0
97,Zen,2024-05-30T04:53:16,Rising Tide (blue),1,0
97,Zen,2024-05-30T04:53:16,Second Tenet of Chi: Moon (blue),1,0
97,Zen,2024-05-30T04:53:16,Stir the Pot (blue),1,0
97,Zen,2024-05-30T04:53:16,Tidal Surge (blue),3,0
97,Zen,2024-05-30T04:53:16,Untamed (blue),1,0
97,Zen,2024-05-30T04:53:16,Koi Blessed Kimono,1,1
97,Zen,2024-05-30T04:53:16,Skycrest Keikoi,1,1
97,Zen,2024-05-30T04:53:16,Skyhold Keikoi,1,1
97,Zen,2024-05-30T04:53:16,Skywalker Keikoi,1,1
98,Zen,2024-05-30T05:28:11,Aspect of Tiger: Body (red),1,0
98,Zen,2024-05-30T05:28:11,Biting Breeze (red),2,0
98,Zen,2024-05-30T05:28:11,Blessing of Qi (red),2,0
98,Zen,2024-05-30T05:28:11,Breed Anger (red),1,0
98,Zen,2024-05-30T05:28:11,Companion of the Claw (red),1,0
98,Zen,2024-05-30T05:28:11,Fact-Finding Mission (red),1,0
98,Zen,2024-05-30T05:28:11,Flex Claws (red),1,0
98,Zen,2024-05-30T05:28:11,Harmony of the Hunt (red),1,0
98,Zen,2024-05-30T05:28:11,Nimblism (red),1,0
98,Zen,2024-05-30T05:28:11,Pouncing Qi (red),1,0
98,Zen,2024-05-30T05:28:11,Tiger Form Incantation (red),2,0
98,Zen,2024-05-30T05:28:11,Untamed (red),2,0
98,Zen,2024-05-30T05:28:11,Water the Seeds (red),1,0
98,Zen,2024-05-30T05:28:11,Biting Breeze (yellow),1,0
98,Zen,2024-05-30T05:28:11,Blessing of Qi (yellow),2,0
98,Zen,2024-05-30T05:28:11,Nimble Strike (yellow),1,0
98,Zen,2024-05-30T05:28:11,Pouncing Qi (yellow),1,0
98,Zen,2024-05-30T05:28:11,Tiger Form Incantation (yellow),1,0
98,Zen,2024-05-30T05:28:11,Untamed (yellow),1,0
98,Zen,2024-05-30T05:28:11,A Drop in the Ocean (blue),1,0
98,Zen,2024-05-30T05:28:11,Biting Breeze (blue),1,0
98,Zen,2024-05-30T05:28:11,Breed Anger (blue),1,0
98,Zen,2024-05-30T05:28:11,Fact-Finding Mission (blue),1,0
98,Zen,2024-05-30T05:28:11,First Tenet of Chi: Wind (blue),1,0
98,Zen,2024-05-30T05:28:11,Flex Claws (blue),1,0
98,Zen,2024-05-30T05:28:11,Harmony of the Hunt (blue),1,0
98,Zen,2024-05-30T05:28:11,Homage to Ancestors (blue),1,0
98,Zen,2024-05-30T05:28:11,Nimble Strike (blue),1,0
98,Zen,2024-05-30T05:28:11,Pouncing Qi (blue),1,0
98,Zen,2024-05-30T05:28:11,Tiger Form Incantation (blue),1,0
98,Zen,2024-05-30T05:28:11,Untamed (blue),1,0
98,Zen,2024-05-30T05:28:11,Wash Away (blue),1,0
98,Zen,2024-05-30T05:28:11,Wounding Blow (blue),1,0
98,Zen,2024-05-30T05:28:11,Koi Blessed Kimono,1,1
98,Zen,2024-05-30T05:28:11,Mask of Wizened Whiskers,1,1
98,Zen,2024-05-30T05:28:11,Stride of Reprisal,1,1
99,Zen,2024-05-30T07:23:29,Aspect of Tiger: Body (red),1,0
99,Zen,2024-05-30T07:23:29,Biting Breeze (red),1,0
99,Zen,2024-05-30T07:23:29,Breed Anger (red),1,0
99,Zen,2024-05-30T07:23:29,Companion of the Claw (red),1,0
99,Zen,2024-05-30T07:23:29,Evasive Leap (red),1,0
99,Zen,2024-05-30T07:23:29,Flex Claws (red),2,0
99,Zen,2024-05-30T07:23:29,Harmony of the Hunt (red),1,0
99,Zen,2024-05-30T07:23:29,Nimble Strike (red),1,0
99,Zen,2024-05-30T07:23:29,Nimblism (red),1,0
99,Zen,2024-05-30T07:23:29,Pouncing Qi (red),1,0
99,Zen,2024-05-30T07:23:29,Tiger Form Incantation (red),2,0
99,Zen,2024-05-30T07:23:29,Tooth and Claw (red),1,0
99,Zen,2024-05-30T07:23:29,Untamed (red),1,0
99,Zen,2024-05-30T07:23:29,Water the Seeds (red),1,0
99,Zen,2024-05-30T07:23:29,Wind Chakra (red),1,0
99,Zen,2024-05-30T07:23:29,Attune with Cosmic Vibrations (blue),1,0
99,Zen,2024-05-30T07:23:29,Breed Anger (blue),1,0
99,Zen,2024-05-30T07:23:29,First Tenet of Chi: Moon (blue),2,0
99,Zen,2024-05-30T07:23:29,First Tenet of Chi: Wind (blue),1,0
99,Zen,2024-05-30T07:23:29,Flex Claws (blue),1,0
99,Zen,2024-05-30T07:23:29,Homage to Ancestors (blue),1,0
99,Zen,2024-05-30T07:23:29,Pouncing Qi (blue),2,0
99,Zen,2024-05-30T07:23:29,Qi Unleashed (blue),1,0
99,Zen,2024-05-30T07:23:29,The Grain that Tips the Scale (blue),1,0
99,Zen,2024-05-30T07:23:29,Tiger Form Incantation (blue),1,0
99,Zen,2024-05-30T07:23:29,Untamed (blue),1,0
99,Zen,2024-05-30T07:23:29,Wounding Blow (blue),1,0
99,Zen,2024-05-30T07:23:29,Mask of Wizened Whiskers,1,1
99,Zen,2024-05-30T07:23:29,Skybody Keikoi,1,1
99,Zen,2024-05-30T07:23:29,Stride of Reprisal,1,1
99,Zen,2024-05-30T07:23:29,Waves of Aqua Marine,1,1
100,Zen,2024-05-30T12:24:37,Battlefront Bastion (red),1,0
100,Zen,2024-05-30T12:24:37,Emissary of Moon (red),1,0
100,Zen,2024-05-30T12:24:37,Pouncing Qi (red),3,0
100,Zen,2024-05-30T12:24:37,Qi Unleashed (red),1,0
100,Zen,2024-05-30T12:24:37,Tiger Form Incantation (red),1,0
100,Zen,2024-05-30T12:24:37,Untamed (red),2,0
100,Zen,2024-05-30T12:24:37,Water the Seeds (red),1,0
100,Zen,2024-05-30T12:24:37,Wounding Blow (red),1,0
100,Zen,2024-05-30T12:24:37,Blessing of Qi (yellow),1,0
100,Zen,2024-05-30T12:24:37,Harmony of the Hunt (yellow),1,0
100,Zen,2024-05-30T12:24:37,Untamed (yellow),1,0
100,Zen,2024-05-30T12:24:37,Biting Breeze (blue),2,0
100,Zen,2024-05-30T12:24:37,Breed Anger (blue),1,0
100,Zen,2024-05-30T12:24:37,Droplet (blue),1,0
100,Zen,2024-05-30T12:24:37,First Tenet of Chi: Moon (blue),2,0
100,Zen,2024-05-30T12:24:37,Nimble Strike (blue),1,0
100,Zen,2024-05-30T12:24:37,Pouncing Qi (blue),1,0
100,Zen,2024-05-30T12:24:37,Preserve Tradition (blue),1,0
100,Zen,2024-05-30T12:24:37,Qi Unleashed (blue),1,0
100,Zen,2024-05-30T12:24:37,Second Tenet of Chi: Wind (blue),1,0
100,Zen,2024-05-30T12:24:37,Stir the Pot (blue),1,0
100,Zen,2024-05-30T12:24:37,The Grain that Tips the Scale (blue),1,0
100,Zen,2024-05-30T12:24:37,Tiger Form Incantation (blue),1,0
100,Zen,2024-05-30T12:24:37,Unravel Aggression (blue),1,0
100,Zen,2024-05-30T12:24:37,Untamed (blue),1,0
100,Zen,2024-05-30T12:24:37,Wide Blue Yonder (blue),1,0
100,Zen,2024-05-30T12:24:37,Wounding Blow (blue),1,0
100,Zen,2024-05-30T12:24:37,Koi Blessed Kimono,1,1
100,Zen,2024-05-30T12:24:37,Mask of Wizened Whiskers,1,1
100,Zen,2024-05-30T12:24:37,Skywalker Keikoi,1,1
100,Zen,2024-05-30T12:24:37,Waves of Aqua Marine,1,1
101,Nuu,2024-05-30T13:42:01,Art of Desire: Body (red),2,0
101,Nuu,2024-05-30T13:42:01,Battlefront Bastion (red),2,0
101,Nuu,2024-05-30T13:42:01,Bonds of Attraction (red),2,0
101,Nuu,2024-05-30T13:42:01,Desires of Flesh (red),2,0
101,Nuu,2024-05-30T13:42:01,Double Trouble (red),1,0
101,Nuu,2024-05-30T13:42:01,Hiss (red),2,0
101,Nuu,2024-05-30T13:42:01,Impulsive Desire (red),1,0
101,Nuu,2024-05-30T13:42:01,Intimate Inducement (red),3,0
101,Nuu,2024-05-30T13:42:01,Pick to Pieces (red),1,0
101,Nuu,2024-05-30T13:42:01,Bonds of Memory (yellow),1,0
101,Nuu,2024-05-30T13:42:01,Hiss (yellow),1,0
101,Nuu,2024-05-30T13:42:01,Mind's Desire (yellow),1,0
101,Nuu,2024-05-30T13:42:01,Pick to Pieces (yellow),1,0
101,Nuu,2024-05-30T13:42:01,Tide Chakra (yellow),1,0
101,Nuu,2024-05-30T13:42:01,Venomous Bite (yellow),1,0
101,Nuu,2024-05-30T13:42:01,Art of Desire: Mind (blue),1,0
101,Nuu,2024-05-30T13:42:01,Blanch (blue),1,0
101,Nuu,2024-05-30T13:42:01,Bonds of Memory (blue),2,0
101,Nuu,2024-05-30T13:42:01,Desires of Flesh (blue),2,0
101,Nuu,2024-05-30T13:42:01,Droplet (blue),1,0
101,Nuu,2024-05-30T13:42:01,Homage to Ancestors (blue),1,0
101,Nuu,2024-05-30T13:42:01,Impulsive Desire (blue),3,0
101,Nuu,2024-05-30T13:42:01,Intimate Inducement (blue),2,0
101,Nuu,2024-05-30T13:42:01,Mind's Desire (blue),2,0
101,Nuu,2024-05-30T13:42:01,Pick to Pieces (blue),1,0
101,Nuu,2024-05-30T13:42:01,Stir the Pot (blue),1,0
101,Nuu,2024-05-30T13:42:01,Arousing Wave,1,1
101,Nuu,2024-05-30T13:42:01,Skycrest Keikoi,1,1
101,Nuu,2024-05-30T13:42:01,Undertow Stilettos,1,1
102,Enigma,2024-05-30T16:55:26,Fact-Finding Mission (red),2,0
102,Enigma,2024-05-30T16:55:26,Haunting Specter (red),1,0
102,Enigma,2024-05-30T16:55:26,Haze Shelter (red),2,0
102,Enigma,2024-05-30T16:55:26,Single Minded Determination (red),1,0
102,Enigma,2024-05-30T16:55:26,Solitary Companion (red),2,0
102,Enigma,2024-05-30T16:55:26,Spectral Manifestations (red),1,0
102,Enigma,2024-05-30T16:55:26,Vengeful Apparition (red),1,0
102,Enigma,2024-05-30T16:55:26,Battlefront Bastion (yellow),1,0
102,Enigma,2024-05-30T16:55:26,Blanch (yellow),1,0
102,Enigma,2024-05-30T16:55:26,Solitary Companion (yellow),1,0
102,Enigma,2024-05-30T16:55:26,Wounding Blow (yellow),1,0
102,Enigma,2024-05-30T16:55:26,Essence of Ancestry: Mind (blue),1,0
102,Enigma,2024-05-30T16:55:26,Fact-Finding Mission (blue),1,0
102,Enigma,2024-05-30T16:55:26,First Tenet of Chi: Moon (blue),1,0
102,Enigma,2024-05-30T16:55:26,First Tenet of Chi: Wind (blue),1,0
102,Enigma,2024-05-30T16:55:26,Path Well Traveled (blue),1,0
102,Enigma,2024-05-30T16:55:26,Preserve Tradition (blue),1,0
102,Enigma,2024-05-30T16:55:26,"Rising Sun, Setting Moon (blue)",1,0
102,Enigma,2024-05-30T16:55:26,Sigil of Solitude (blue),2,0
102,Enigma,2024-05-30T16:55:26,Single Minded Determination (blue),2,0
102,Enigma,2024-05-30T16:55:26,Spectral Manifestations (blue),2,0
102,Enigma,2024-05-30T16:55:26,Stir the Pot (blue),1,0
102,Enigma,2024-05-30T16:55:26,Tidal Surge (blue),1,0
102,Enigma,2024-05-30T16:55:26,Vengeful Apparition (blue),2,0
102,Enigma,2024-05-30T16:55:26,Waning Vengeance (blue),2,0
102,Enigma,2024-05-30T16:55:26,Water the Seeds (blue),1,0
102,Enigma,2024-05-30T16:55:26,Waxing Specter (blue),1,0
102,Enigma,2024-05-30T16:55:26,Wounding Blow (blue),2,0
102,Enigma,2024-05-30T16:55:26,Aqua Seeing Shell,1,1
102,Enigma,2024-05-30T16:55:26,Skywalker Keikoi,1,1
102,Enigma,2024-05-30T16:55:26,Uphold Tradition,1,1
103,Zen,2024-05-30T18:22:23,Biting Breeze (red),1,0
103,Zen,2024-05-30T18:22:23,Emissary of Tides (red),2,0
103,Zen,2024-05-30T18:22:23,Gravekeeping (red),1,0
103,Zen,2024-05-30T18:22:23,Harmony of the Hunt (red),1,0
103,Zen,2024-05-30T18:22:23,Nimblism (red),1,0
103,Zen,2024-05-30T18:22:23,Pouncing Qi (red),1,0
103,Zen,2024-05-30T18:22:23,Qi Unleashed (red),2,0
103,Zen,2024-05-30T18:22:23,Wind Chakra (red),1,0
103,Zen,2024-05-30T18:22:23,Breed Anger (yellow),1,0
103,Zen,2024-05-30T18:22:23,Companion of the Claw (yellow),1,0
103,Zen,2024-05-30T18:22:23,Nimblism (yellow),1,0
103,Zen,2024-05-30T18:22:23,Qi Unleashed (yellow),1,0
103,Zen,2024-05-30T18:22:23,Biting Breeze (blue),1,0
103,Zen,2024-05-30T18:22:23,Breed Anger (blue),1,0
103,Zen,2024-05-30T18:22:23,Companion of the Claw (blue),2,0
103,Zen,2024-05-30T18:22:23,First Tenet of Chi: Moon (blue),1,0
103,Zen,2024-05-30T18:22:23,Flex Claws (blue),2,0
103,Zen,2024-05-30T18:22:23,Harmony of the Hunt (blue),1,0
103,Zen,2024-05-30T18:22:23,Homage to Ancestors (blue),1,0
103,Zen,2024-05-30T18:22:23,Pass Over (blue),1,0
103,Zen,2024-05-30T18:22:23,Pouncing Qi (blue),2,0
103,Zen,2024-05-30T18:22:23,Stir the Pot (blue),1,0
103,Zen,2024-05-30T18:22:23,The Grain that Tips the Scale (blue),1,0
103,Zen,2024-05-30T18:22:23,Tiger Form Incantation (blue),1,0
103,Zen,2024-05-30T18:22:23,Water the Seeds (blue),1,0
103,Zen,2024-05-30T18:22:23,Wind Chakra (blue),2,0
103,Zen,2024-05-30T18:22:23,Wounding Blow (blue),1,0
103,Zen,2024-05-30T18:22:23,Koi Blessed Kimono,1,1
103,Zen,2024-05-30T18:22:23,Mask of Wizened Whiskers,1,1
103,Zen,2024-05-30T18:22:23,Skybody Keikoi,1,1
103,Zen,2024-05-30T18:22:23,Skyhold Keikoi,1,1
103,Zen,2024-05-30T18:22:23,Skywalker Keikoi,1,1
104,Nuu,2024-05-30T18:51:40,Art of Desire: Body (red),1,0
104,Nuu,2024-05-30T18:51:40,Bonds of Memory (red),2,0
104,Nuu,2024-05-30T18:51:40,Desires of Flesh (red),2,0
104,Nuu,2024-05-30T18:51:40,Double Trouble (red),2,0
104,Nuu,2024-05-30T18:51:40,Evasive Leap (red),2,0
104,Nuu,2024-05-30T18:51:40,Hiss (red),1,0
104,Nuu,2024-05-30T18:51:40,Intimate Inducement (red),2,0
104,Nuu,2024-05-30T18:51:40,Mind's Desire (red),1,0
104,Nuu,2024-05-30T18:51:40,Venomous Bite (red),1,0
104,Nuu,2024-05-30T18:51:40,Art of Desire: Soul (yellow),1,0
104,Nuu,2024-05-30T18:51:40,Bonds of Attraction (yellow),1,0
104,Nuu,2024-05-30T18:51:40,Evasive Leap (yellow),1,0
104,Nuu,2024-05-30T18:51:40,Gravekeeping (yellow),1,0
104,Nuu,2024-05-30T18:51:40,Pick to Pieces (yellow),1,0
104,Nuu,2024-05-30T18:51:40,Desires of Flesh (blue),1,0
104,Nuu,2024-05-30T18:51:40,Double Trouble (blue),1,0
104,Nuu,2024-05-30T18:51:40,Gravekeeping (blue),2,0
104,Nuu,2024-05-30T18:51:40,Hiss (blue),1,0
104,Nuu,2024-05-30T18:51:40,Intimate Inducement (blue),2,0
104,Nuu,2024-05-30T18:51:40,Mind's Desire (blue),1,0
104,Nuu,2024-05-30T18:51:40,Nimblism (blue),1,0
104,Nuu,2024-05-30T18:51:40,Pick to Pieces (blue),2,0
104,Nuu,2024-05-30T18:51:40,Stir the Pot (blue),1,0
104,Nuu,2024-05-30T18:51:40,Tide Chakra (blue),1,0
104,Nuu,2024-05-30T18:51:40,Venomous Bite (blue),2,0
104,Nuu,2024-05-30T18:51:40,Wide Blue Yonder (blue),1,0
104,Nuu,2024-05-30T18:51:40,Aqua Seeing Shell,1,1
104,Nuu,2024-05-30T18:51:40,Arousing Wave,1,1
104,Nuu,2024-05-30T18:51:40,Heirloom of Snake Hide,1,1
104,Nuu,2024-05-30T18:51:40,Skyhold Keikoi,1,1
104,Nuu,2024-05-30T18:51:40,Undertow Stilettos,1,1
105,Nuu,2024-05-30T20:15:39,Bonds of Memory (red),1,0
105,Nuu,2024-05-30T20:15:39,Hiss (red),1,0
105,Nuu,2024-05-30T20:15:39,Impulsive Desire (red),2,0
105,Nuu,2024-05-30T20:15:39,Intimate Inducement (red),2,0
105,Nuu,2024-05-30T20:15:39,Just a Nick (red),1,0
105,Nuu,2024-05-30T20:15:39,Venomous Bite (red),2,0
105,Nuu,2024-05-30T20:15:39,Battlefront Bastion (yellow),1,0
105,Nuu,2024-05-30T20:15:39,Bonds of Memory (yellow),1,0
105,Nuu,2024-05-30T20:15:39,Desires of Flesh (yellow),2,0
105,Nuu,2024-05-30T20:15:39,Impulsive Desire (yellow),2,0
105,Nuu,2024-05-30T20:15:39,Mind's Desire (yellow),1,0
105,Nuu,2024-05-30T20:15:39,Pick to Pieces (yellow),2,0
105,Nuu,2024-05-30T20:15:39,Venomous Bite (yellow),1,0
105,Nuu,2024-05-30T20:15:39,Art of Desire: Mind (blue),1,0
105,Nuu,2024-05-30T20:15:39,Battlefront Bastion (blue),1,0
105,Nuu,2024-05-30T20:15:39,Bonds of Attraction (blue),1,0
105,Nuu,2024-05-30T20:15:39,Desires of Flesh (blue),2,0
105,Nuu,2024-05-30T20:15:39,Double Trouble (blue),1,0
105,Nuu,2024-05-30T20:15:39,Droplet (blue),1,0
105,Nuu,2024-05-30T20:15:39,Impulsive Desire (blue),2,0
105,Nuu,2024-05-30T20:15:39,Mind's Desire (blue),1,0
105,Nuu,2024-05-30T20:15:39,Rising Tide (blue),1,0
105,Nuu,2024-05-30T20:15:39,Spillover (blue),2,0
105,Nuu,2024-05-30T20:15:39,The Grain that Tips the Scale (blue),1,0
105,Nuu,2024-05-30T20:15:39,Venomous Bite (blue),3,0
105,Nuu,2024-05-30T20:15:39,Wounding Blow (blue),1,0
105,Nuu,2024-05-30T20:15:39,Arousing Wave,1,1
105,Nuu,2024-05-30T20:15:39,Koi Blessed Kimono,1,1
105,Nuu,2024-05-30T20:15:39,Skybody Keikoi,1,1
106,Nuu,2024-05-30T20:31:51,Art of Desire: Body (red),1,0
106,Nuu,2024-05-30T20:31:51,Bonds of Memory (red),1,0
106,Nuu,2024-05-30T20:31:51,Double Trouble (red),1,0
106,Nuu,2024-05-30T20:31:51,Emissary of Wind (red),1,0
106,Nuu,2024-05-30T20:31:51,Impulsive Desire (red),1,0
106,Nuu,2024-05-30T20:31:51,Mind's Desire (red),1,0
106,Nuu,2024-05-30T20:31:51,Pick to Pieces (red),1,0
106,Nuu,2024-05-30T20:31:51,Tide Chakra (red),1,0
106,Nuu,2024-05-30T20:31:51,Venomous Bite (red),1,0
106,Nuu,2024-05-30T20:31:51,Art of Desire: Soul (yellow),1,0
106,Nuu,2024-05-30T20:31:51,Fact-Finding Mission (yellow),1,0
106,Nuu,2024-05-30T20:31:51,Gravekeeping (yellow),1,0
106,Nuu,2024-05-30T20:31:51,Hiss (yellow),2,0
106,Nuu,2024-05-30T20:31:51,Intimate Inducement (yellow),1,0
106,Nuu,2024-05-30T20:31:51,Mind's Desire (yellow),1,0
106,Nuu,2024-05-30T20:31:51,Wounding Blow (yellow),1,0
106,Nuu,2024-05-30T20:31:51,Desires of Flesh (blue),1,0
106,Nuu,2024-05-30T20:31:51,Double Trouble (blue),2,0
106,Nuu,2024-05-30T20:31:51,Hiss (blue),2,0
106,Nuu,2024-05-30T20:31:51,Homage to Ancestors (blue),1,0
106,Nuu,2024-05-30T20:31:51,Impulsive Desire (blue),2,0
106,Nuu,2024-05-30T20:31:51,Intimate Inducement (blue),3,0
106,Nuu,2024-05-30T20:31:51,Mind's Desire (blue),1,0
106,Nuu,2024-05-30T20:31:51,Path Well Traveled (blue),1,0
106,Nuu,2024-05-30T20:31:51,Pick to Pieces (blue),1,0
106,Nuu,2024-05-30T20:31:51,Tidal Surge (blue),2,0
106,Nuu,2024-05-30T20:31:51,Wash Away (blue),1,0
106,Nuu,2024-05-30T20:31:51,Wide Blue Yonder (blue),1,0
106,Nuu,2024-05-30T20:31:51,Arousing Wave,1,1
106,Nuu,2024-05-30T20:31:51,Koi Blessed Kimono,1,1
106,Nuu,2024-05-30T20:31:51,Undertow Stilettos,1,1
107,Nuu,2024-05-30T21:50:33,Battlefront Bastion (red),1,0
107,Nuu,2024-05-30T21:50:33,Double Trouble (red),1,0
107,Nuu,2024-05-30T21:50:33,Hiss (red),2,0
107,Nuu,2024-05-30T21:50:33,Impulsive Desire (red),2,0
107,Nuu,2024-05-30T21:50:33,Mind's Desire (red),1,0
107,Nuu,2024-05-30T21:50:33,Pick to Pieces (red),1,0
107,Nuu,2024-05-30T21:50:33,Tide Chakra (red),1,0
107,Nuu,2024-05-30T21:50:33,Venomous Bite (red),2,0
107,Nuu,2024-05-30T21:50:33,Bonds of Memory (yellow),1,0
107,Nuu,2024-05-30T21:50:33,Impulsive Desire (yellow),1,0
107,Nuu,2024-05-30T21:50:33,Intimate Inducement (yellow),1,0
107,Nuu,2024-05-30T21:50:33,Mind's Desire (yellow),1,0
107,Nuu,2024-05-30T21:50:33,Venomous Bite (yellow),1,0
107,Nuu,2024-05-30T21:50:33,Bonds of Memory (blue),2,0
107,Nuu,2024-05-30T21:50:33,Deep Blue Sea (blue),1,0
107,Nuu,2024-05-30T21:50:33,Double Trouble (blue),1,0
107,Nuu,2024-05-30T21:50:33,First Tenet of Chi: Moon (blue),1,0
107,Nuu,2024-05-30T21:50:33,Gravekeeping (blue),1,0
107,Nuu,2024-05-30T21:50:33,Homage to Ancestors (blue),1,0
107,Nuu,2024-05-30T21:50:33,Impulsive Desire (blue),1,0
107,Nuu,2024-05-30T21:50:33,Intimate Inducement (blue),2,0
107,Nuu,2024-05-30T21:50:33,Mind's Desire (blue),1,0
107,Nuu,2024-05-30T21:50:33,Pass Over (blue),2,0
107,Nuu,2024-05-30T21:50:33,Persuasive Prognosis (blue),1,0
107,Nuu,2024-05-30T21:50:33,Pick to Pieces (blue),1,0
107,Nuu,2024-05-30T21:50:33,"Rising Sun, Setting Moon (blue)",1,0
107,Nuu,2024-05-30T21:50:33,Second Tenet of Chi: Wind (blue),1,0
107,Nuu,2024-05-30T21:50:33,Aqua Seeing Shell,1,1
107,Nuu,2024-05-30T21:50:33,Arousing Wave,1,1
107,Nuu,2024-05-30T21:50:33,Heirloom of Snake Hide,1,1
107,Nuu,2024-05-30T21:50:33,Undertow Stilettos,1,1
108,Enigma,2024-05-30T22:42:54,Battlefront Bastion (red),1,0
108,Enigma,2024-05-30T22:42:54,Moon Chakra (red),1,0
108,Enigma,2024-05-30T22:42:54,Sigil of Solitude (red),2,0
108,Enigma,2024-05-30T22:42:54,Single Minded Determination (red),1,0
108,Enigma,2024-05-30T22:42:54,Solitary Companion (red),1,0
108,Enigma,2024-05-30T22:42:54,Spectral Manifestations (red),2,0
108,Enigma,2024-05-30T22:42:54,Vengeful Apparition (red),1,0
108,Enigma,2024-05-30T22:42:54,Waning Vengeance (red),1,0
108,Enigma,2024-05-30T22:42:54,Wounding Blow (red),1,0
108,Enigma,2024-05-30T22:42:54,Astral Etchings (yellow),1,0
108,Enigma,2024-05-30T22:42:54,Battlefront Bastion (yellow),1,0
108,Enigma,2024-05-30T22:42:54,Haze Shelter (yellow),1,0
108,Enigma,2024-05-30T22:42:54,Single Minded Determination (yellow),2,0
108,Enigma,2024-05-30T22:42:54,Spectral Manifestations (yellow),1,0
108,Enigma,2024-05-30T22:42:54,A Drop in the Ocean (blue),2,0
108,Enigma,2024-05-30T22:42:54,Big Blue Sky (blue),2,0
108,Enigma,2024-05-30T22:42:54,Droplet (blue),1,0
108,Enigma,2024-05-30T22:42:54,Preserve Tradition (blue),1,0
108,Enigma,2024-05-30T22:42:54,Rising Tide (blue),1,0
108,Enigma,2024-05-30T22:42:54,Second Tenet of Chi: Tide (blue),1,0
108,Enigma,2024-05-30T22:42:54,Single Minded Determination (blue),2,0
108,Enigma,2024-05-30T22:42:54,Solitary Companion (blue),1,0
108,Enigma,2024-05-30T22:42:54,Spillover (blue),2,0
108,Enigma,2024-05-30T22:42:54,Stir the Pot (blue),2,0
108,Enigma,2024-05-30T22:42:54,Vengeful Apparition (blue),1,0
108,Enigma,2024-05-30T22:42:54,Wide Blue Yonder (blue),1,0
108,Enigma,2024-05-30T22:42:54,Wounding Blow (blue),1,0
108,Enigma,2024-05-30T22:42:54,Aqua Laps,1,1
108,Enigma,2024-05-30T22:42:54,Koi Blessed Kimono,1,1
108,Enigma,2024-05-30T22:42:54,Skycrest Keikoi,1,1
109,Zen,2024-05-31T00:42:50,Battlefront Bastion (red),1,0
109,Zen,2024-05-31T00:42:50,Biting Breeze (red),1,0
109,Zen,2024-05-31T00:42:50,Breed Anger (red),4,0
109,Zen,2024-05-31T00:42:50,Companion of the Claw (red),1,0
109,Zen,2024-05-31T00:42:50,Flex Claws (red),1,0
109,Zen,2024-05-31T00:42:50,Harmony of the Hunt (red),3,0
109,Zen,2024-05-31T00:42:50,Pouncing Qi (red),1,0
109,Zen,2024-05-31T00:42:50,Tiger Form Incantation (red),4,0
109,Zen,2024-05-31T00:42:50,Tooth and Claw (red),1,0
109,Zen,2024-05-31T00:42:50,Untamed (red),1,0
109,Zen,2024-05-31T00:42:50,Aspect of Tiger: Soul (yellow),1,0
109,Zen,2024-05-31T00:42:50,Biting Breeze (yellow),1,0
109,Zen,2024-05-31T00:42:50,Breed Anger (yellow),1,0
109,Zen,2024-05-31T00:42:50,Pouncing Qi (yellow),1,0
109,Zen,2024-05-31T00:42:50,Tiger Form Incantation (yellow),1,0
109,Zen,2024-05-31T00:42:50,Untamed (yellow),1,0
109,Zen,2024-05-31T00:42:50,Breed Anger (blue),1,0
109,Zen,2024-05-31T00:42:50,Companion of the Claw (blue),1,0
109,Zen,2024-05-31T00:42:50,First Tenet of Chi: Tide (blue),2,0
109,Zen,2024-05-31T00:42:50,Path Well Traveled (blue),1,0
109,Zen,2024-05-31T00:42:50,Pouncing Qi (blue),2,0
109,Zen,2024-05-31T00:42:50,Spillover (blue),2,0
109,Zen,2024-05-31T00:42:50,Stir the Pot (blue),1,0
109,Zen,2024-05-31T00:42:50,The Grain that Tips the Scale (blue),1,0
109,Zen,2024-05-31T00:42:50,Tiger Form Incantation (blue),2,0
109,Zen,2024-05-31T00:42:50,Wind Chakra (blue),1,0
109,Zen,2024-05-31T00:42:50,Mask of Wizened Whiskers,1,1
109,Zen,2024-05-31T00:42:50,Skybody Keikoi,1,1
109,Zen,2024-05-31T00:42:50,Skywalker Keikoi,1,1
110,Enigma,2024-05-31T02:33:07,Blanch (red),1,0
110,Enigma,2024-05-31T02:33:07,Emissary of Wind (red),1,0
110,Enigma,2024-05-31T02:33:07,Evasive Leap (red),1,0
110,Enigma,2024-05-31T02:33:07,Sigil of Solitude (red),2,0
110,Enigma,2024-05-31T02:33:07,Spectral Manifestations (red),1,0
110,Enigma,2024-05-31T02:33:07,Waning Vengeance (red),2,0
110,Enigma,2024-05-31T02:33:07,Wounding Blow (red),1,0
110,Enigma,2024-05-31T02:33:07,Battlefront Bastion (yellow),3,0
110,Enigma,2024-05-31T02:33:07,Haze Shelter (yellow),1,0
110,Enigma,2024-05-31T02:33:07,Moon Chakra (yellow),1,0
110,Enigma,2024-05-31T02:33:07,Sigil of Solitude (yellow),1,0
110,Enigma,2024-05-31T02:33:07,Vengeful Apparition (yellow),1,0
110,Enigma,2024-05-31T02:33:07,Waxing Specter (yellow),1,0
110,Enigma,2024-05-31T02:33:07,A Drop in the Ocean (blue),1,0
110,Enigma,2024-05-31T02:33:07,Astral Etchings (blue),1,0
110,Enigma,2024-05-31T02:33:07,Big Blue Sky (blue),1,0
110,Enigma,2024-05-31T02:33:07,Droplet (blue),1,0
110,Enigma,2024-05-31T02:33:07,Haze Shelter (blue),1,0
110,Enigma,2024-05-31T02:33:07,Moon Chakra (blue),2,0
110,Enigma,2024-05-31T02:33:07,Preserve Tradition (blue),1,0
110,Enigma,2024-05-31T02:33:07,"Rising Sun, Setting Moon (blue)",2,0
110,Enigma,2024-05-31T02:33:07,Rising Tide (blue),1,0
110,Enigma,2024-05-31T02:33:07,Sigil of Solitude (blue),1,0
110,Enigma,2024-05-31T02:33:07,Single Minded Determination (blue),1,0
110,Enigma,2024-05-31T02:33:07,Solitary Companion (blue),1,0
110,Enigma,2024-05-31T02:33:07,Spectral Manifestations (blue),1,0
110,Enigma,2024-05-31T02:33:07,Spillover (blue),1,0
110,Enigma,2024-05-31T02:33:07,Stir the Pot (blue),1,0
110,Enigma,2024-05-31T02:33:07,Tidal Surge (blue),2,0
110,Enigma,2024-05-31T02:33:07,Waning Vengeance (blue),1,0
110,Enigma,2024-05-31T02:33:07,Aqua Laps,1,1
110,Enigma,2024-05-31T02:33:07,Koi Blessed Kimono,1,1
110,Enigma,2024-05-31T02:33:07,Truths Retold,1,1
111,Nuu,2024-05-31T04:33:36,Art of Desire: Body (red),1,0
111,Nuu,2024-05-31T04:33:36,Bonds of Memory (red),2,0
111,Nuu,2024-05-31T04:33:36,Desires of Flesh (red),2,0
111,Nuu,2024-05-31T04:33:36,Impulsive Desire (red),2,0
111,Nuu,2024-05-31T04:33:36,Intimate Inducement (red),2,0
111,Nuu,2024-05-31T04:33:36,Just a Nick (red),1,0
111,Nuu,2024-05-31T04:33:36,Pick to Pieces (red),2,0
111,Nuu,2024-05-31T04:33:36,Venomous Bite (red),3,0
111,Nuu,2024-05-31T04:33:36,Bonds of Memory (yellow),1,0
111,Nuu,2024-05-31T04:33:36,Intimate Inducement (yellow),1,0
111,Nuu,2024-05-31T04:33:36,Mind's Desire (yellow),1,0
111,Nuu,2024-05-31T04:33:36,Bonds of Memory (blue),3,0
111,Nuu,2024-05-31T04:33:36,Desires of Flesh (blue),1,0
111,Nuu,2024-05-31T04:33:36,Droplet (blue),1,0
111,Nuu,2024-05-31T04:33:36,Hiss (blue),2,0
111,Nuu,2024-05-31T04:33:36,Homage to Ancestors (blue),1,0
111,Nuu,2024-05-31T04:33:36,Impulsive Desire (blue),1,0
111,Nuu,2024-05-31T04:33:36,Intimate Inducement (blue),4,0
111,Nuu,2024-05-31T04:33:36,Mind's Desire (blue),1,0
111,Nuu,2024-05-31T04:33:36,Pass Over (blue),1,0
111,Nuu,2024-05-31T04:33:36,Preserve Tradition (blue),1,0
111,Nuu,2024-05-31T04:33:36,Tidal Surge (blue),1,0
111,Nuu,2024-05-31T04:33:36,Venomous Bite (blue),1,0
111,Nuu,2024-05-31T04:33:36,Arousing Wave,1,1
111,Nuu,2024-05-31T04:33:36,Koi Blessed Kimono,1,1
111,Nuu,2024-05-31T04:33:36,Undertow Stilettos,1,1
112,Nuu,2024-05-31T17:27:33,Battlefront Bastion (red),1,0
112,Nuu,2024-05-31T17:27:33,Desires of Flesh (red),1,0
112,Nuu,2024-05-31T17:27:33,Intimate Inducement (red),1,0
112,Nuu,2024-05-31T17:27:33,Mind's Desire (red),1,0
112,Nuu,2024-05-31T17:27:33,Tide Chakra (red),1,0
112,Nuu,2024-05-31T17:27:33,Art of Desire: Soul (yellow),1,0
112,Nuu,2024-05-31T17:27:33,Desires of Flesh (yellow),1,0
112,Nuu,2024-05-31T17:27:33,Gorgon's Gaze (yellow),1,0
112,Nuu,2024-05-31T17:27:33,Intimate Inducement (yellow),1,0
112,Nuu,2024-05-31T17:27:33,Mind's Desire (yellow),2,0
112,Nuu,2024-05-31T17:27:33,Nimble Strike (yellow),1,0
112,Nuu,2024-05-31T17:27:33,Pick to Pieces (yellow),1,0
112,Nuu,2024-05-31T17:27:33,Battlefront Bastion (blue),2,0
112,Nuu,2024-05-31T17:27:33,Big Blue Sky (blue),1,0
112,Nuu,2024-05-31T17:27:33,Bonds of Memory (blue),1,0
112,Nuu,2024-05-31T17:27:33,Deep Blue Sea (blue),1,0
112,Nuu,2024-05-31T17:27:33,Droplet (blue),1,0
112,Nuu,2024-05-31T17:27:33,First Tenet of Chi: Wind (blue),1,0
112,Nuu,2024-05-31T17:27:33,Homage to Ancestors (blue),1,0
112,Nuu,2024-05-31T17:27:33,Impulsive Desire (blue),1,0
112,Nuu,2024-05-31T17:27:33,Intimate Inducement (blue),1,0
112,Nuu,2024-05-31T17:27:33,Nimblism (blue),1,0
112,Nuu,2024-05-31T17:27:33,Pick to Pieces (blue),1,0
112,Nuu,2024-05-31T17:27:33,"Rising Sun, Setting Moon (blue)",2,0
112,Nuu,2024-05-31T17:27:33,Rising Tide (blue),2,0
112,Nuu,2024-05-31T17:27:33,Second Tenet of Chi: Wind (blue),1,0
112,Nuu,2024-05-31T17:27:33,The Grain that Tips the Scale (blue),2,0
112,Nuu,2024-05-31T17:27:33,Venomous Bite (blue),1,0
112,Nuu,2024-05-31T17:27:33,Arousing Wave,1,1
112,Nuu,2024-05-31T17:27:33,Koi Blessed Kimono,1,1
112,Nuu,2024-05-31T17:27:33,Skycrest Keikoi,1,1
112,Nuu,2024-05-31T17:27:33,Skyhold Keikoi,1,1
113,Enigma,2024-05-31T18:35:39,Astral Etchings (red),1,0
113,Enigma,2024-05-31T18:35:39,Essence of Ancestry: Body (red),1,0
113,Enigma,2024-05-31T18:35:39,Haze Shelter (red),1,0
113,Enigma,2024-05-31T18:35:39,Nimble Strike (red),1,0
113,Enigma,2024-05-31T18:35:39,Sigil of Solitude (red),1,0
113,Enigma,2024-05-31T18:35:39,Spectral Manifestations (red),1,0
113,Enigma,2024-05-31T18:35:39,Astral Etchings (yellow),2,0
113,Enigma,2024-05-31T18:35:39,Battlefront Bastion (yellow),1,0
113,Enigma,2024-05-31T18:35:39,Blanch (yellow),1,0
113,Enigma,2024-05-31T18:35:39,Essence of Ancestry: Soul (yellow),1,0
113,Enigma,2024-05-31T18:35:39,Sigil of Solitude (yellow),2,0
113,Enigma,2024-05-31T18:35:39,Single Minded Determination (yellow),1,0
113,Enigma,2024-05-31T18:35:39,Solitary Companion (yellow),1,0
113,Enigma,2024-05-31T18:35:39,Spectral Manifestations (yellow),1,0
113,Enigma,2024-05-31T18:35:39,Vengeful Apparition (yellow),1,0
113,Enigma,2024-05-31T18:35:39,Waning Vengeance (yellow),1,0
113,Enigma,2024-05-31T18:35:39,Big Blue Sky (blue),1,0
113,Enigma,2024-05-31T18:35:39,Deep Blue Sea (blue),1,0
113,Enigma,2024-05-31T18:35:39,First Tenet of Chi: Moon (blue),1,0
113,Enigma,2024-05-31T18:35:39,First Tenet of Chi: Tide (blue),1,0
113,Enigma,2024-05-31T18:35:39,Homage to Ancestors (blue),1,0
113,Enigma,2024-05-31T18:35:39,Pass Over (blue),2,0
113,Enigma,2024-05-31T18:35:39,Path Well Traveled (blue),2,0
113,Enigma,2024-05-31T18:35:39,Preserve Tradition (blue),1,0
113,Enigma,2024-05-31T18:35:39,Rising Tide (blue),1,0
113,Enigma,2024-05-31T18:35:39,Single Minded Determination (blue),1,0
113,Enigma,2024-05-31T18:35:39,Spectral Manifestations (blue),1,0
113,Enigma,2024-05-31T18:35:39,The Grain that Tips the Scale (blue),1,0
113,Enigma,2024-05-31T18:35:39,Tidal Surge (blue),1,0
113,Enigma,2024-05-31T18:35:39,Vengeful Apparition (blue),1,0
113,Enigma,2024-05-31T18:35:39,Waning Vengeance (blue),1,0
113,Enigma,2024-05-31T18:35:39,Wash Away (blue),1,0
113,Enigma,2024-05-31T18:35:39,Heirloom of Rabbit Hide,1,1
113,Enigma,2024-05-31T18:35:39,Koi Blessed Kimono,1,1
113,Enigma,2024-05-31T18:35:39,Skywalker Keikoi,1,1
113,Enigma,2024-05-31T18:35:39,Truths Retold,1,1
113,Enigma,2024-05-31T18:35:39,Uphold Tradition,1,1
114,Zen,2024-05-31T22:22:11,Breed Anger (red),1,0
114,Zen,2024-05-31T22:22:11,Harmony of the Hunt (red),2,0
114,Zen,2024-05-31T22:22:11,Nimble Strike (red),1,0
114,Zen,2024-05-31T22:22:11,Pouncing Qi (red),3,0
114,Zen,2024-05-31T22:22:11,Qi Unleashed (red),1,0
114,Zen,2024-05-31T22:22:11,Untamed (red),1,0
114,Zen,2024-05-31T22:22:11,Water the Seeds (red),1,0
114,Zen,2024-05-31T22:22:11,Wind Chakra (red),2,0
114,Zen,2024-05-31T22:22:11,Biting Breeze (yellow),1,0
114,Zen,2024-05-31T22:22:11,Blessing of Qi (yellow),1,0
114,Zen,2024-05-31T22:22:11,Companion of the Claw (yellow),1,0
114,Zen,2024-05-31T22:22:11,Harmony of the Hunt (yellow),2,0
114,Zen,2024-05-31T22:22:11,Qi Unleashed (yellow),1,0
114,Zen,2024-05-31T22:22:11,Breed Anger (blue),1,0
114,Zen,2024-05-31T22:22:11,Companion of the Claw (blue),1,0
114,Zen,2024-05-31T22:22:11,Fact-Finding Mission (blue),1,0
114,Zen,2024-05-31T22:22:11,Flex Claws (blue),1,0
114,Zen,2024-05-31T22:22:11,Harmony of the Hunt (blue),2,0
114,Zen,2024-05-31T22:22:11,Nimblism (blue),1,0
114,Zen,2024-05-31T22:22:11,Path Well Traveled (blue),1,0
114,Zen,2024-05-31T22:22:11,Pouncing Qi (blue),3,0
114,Zen,2024-05-31T22:22:11,Shifting Winds of the Mystic Beast (blue),1,0
114,Zen,2024-05-31T22:22:11,Spillover (blue),1,0
114,Zen,2024-05-31T22:22:11,Stir the Pot (blue),1,0
114,Zen,2024-05-31T22:22:11,Untamed (blue),2,0
114,Zen,2024-05-31T22:22:11,Water the Seeds (blue),1,0
114,Zen,2024-05-31T22:22:11,Koi Blessed Kimono,1,1
114,Zen,2024-05-31T22:22:11,Skycrest Keikoi,1,1
114,Zen,2024-05-31T22:22:11,Skywalker Keikoi,1,1
114,Zen,2024-05-31T22:22:11,Waves of Aqua Marine,1,1
115,Zen,2024-05-31T22:47:36,Battlefront Bastion (red),1,0
115,Zen,2024-05-31T22:47:36,Biting Breeze (red),2,0
115,Zen,2024-05-31T22:47:36,Blessing of Qi (red),1,0
115,Zen,2024-05-31T22:47:36,Breed Anger (red),1,0
115,Zen,2024-05-31T22:47:36,Chase the Tail (red),2,0
115,Zen,2024-05-31T22:47:36,Companion of the Claw (red),1,0
115,Zen,2024-05-31T22:47:36,Fact-Finding Mission (red),1,0
115,Zen,2024-05-31T22:47:36,Gravekeeping (red),1,0
115,Zen,2024-05-31T22:47:36,Harmony of the Hunt (red),1,0
115,Zen,2024-05-31T22:47:36,Pouncing Qi (red),1,0
115,Zen,2024-05-31T22:47:36,Qi Unleashed (red),1,0
115,Zen,2024-05-31T22:47:36,Tiger Form Incantation (red),1,0
115,Zen,2024-05-31T22:47:36,Untamed (red),3,0
115,Zen,2024-05-31T22:47:36,Wind Chakra (red),1,0
115,Zen,2024-05-31T22:47:36,Breed Anger (yellow),1,0
115,Zen,2024-05-31T22:47:36,Flex Claws (yellow),1,0
115,Zen,2024-05-31T22:47:36,Pouncing Qi (yellow),1,0
115,Zen,2024-05-31T22:47:36,Qi Unleashed (yellow),2,0
115,Zen,2024-05-31T22:47:36,Untamed (yellow),1,0
115,Zen,2024-05-31T22:47:36,Biting Breeze (blue),2,0
115,Zen,2024-05-31T22:47:36,Breed Anger (blue),2,0
115,Zen,2024-05-31T22:47:36,Fact-Finding Mission (blue),1,0
115,Zen,2024-05-31T22:47:36,Flex Claws (blue),1,0
115,Zen,2024-05-31T22:47:36,Pouncing Qi (blue),1,0
115,Zen,2024-05-31T22:47:36,"Rising Sun, Setting Moon (blue)",1,0
115,Zen,2024-05-31T22:47:36,Stir the Pot (blue),1,0
115,Zen,2024-05-31T22:47:36,Tidal Surge (blue),1,0
115,Zen,2024-05-31T22:47:36,Untamed (blue),1,0
115,Zen,2024-05-31T22:47:36,Water the Seeds (blue),1,0
115,Zen,2024-05-31T22:47:36,Wind Chakra (blue),2,0
115,Zen,2024-05-31T22:47:36,Heirloom of Tiger Hide,1,1
115,Zen,2024-05-31T22:47:36,Stride of Reprisal,1,1
115,Zen,2024-05-31T22:47:36,Waves of Aqua Marine,1,1
116,Nuu,2024-05-31T23:34:42,Battlefront Bastion (red),1,0
116,Nuu,2024-05-31T23:34:42,Bonds of Attraction (red),1,0
116,Nuu,2024-05-31T23:34:42,Double Trouble (red),1,0
116,Nuu,2024-05-31T23:34:42,Hiss (red),2,0
116,Nuu,2024-05-31T23:34:42,Impulsive Desire (red),2,0
116,Nuu,2024-05-31T23:34:42,Mind's Desire (red),1,0
116,Nuu,2024-05-31T23:34:42,Nimble Strike (red),1,0
116,Nuu,2024-05-31T23:34:42,Nimblism (red),1,0
116,Nuu,2024-05-31T23:34:42,Pick to Pieces (red),1,0
116,Nuu,2024-05-31T23:34:42,Venomous Bite (red),1,0
116,Nuu,2024-05-31T23:34:42,Water the Seeds (red),1,0
116,Nuu,2024-05-31T23:34:42,Bonds of Memory (yellow),1,0
116,Nuu,2024-05-31T23:34:42,Double Trouble (yellow),2,0
116,Nuu,2024-05-31T23:34:42,Gravekeeping (yellow),2,0
116,Nuu,2024-05-31T23:34:42,Hiss (yellow),1,0
116,Nuu,2024-05-31T23:34:42,A Drop in the Ocean (blue),1,0
116,Nuu,2024-05-31T23:34:42,Bonds of Memory (blue),2,0
116,Nuu,2024-05-31T23:34:42,Desires of Flesh (blue),1,0
116,Nuu,2024-05-31T23:34:42,Hiss (blue),1,0
116,Nuu,2024-05-31T23:34:42,Intimate Inducement (blue),1,0
116,Nuu,2024-05-31T23:34:42,Nimblism (blue),1,0
116,Nuu,2024-05-31T23:34:42,Pass Over (blue),1,0
116,Nuu,2024-05-31T23:34:42,Persuasive Prognosis (blue),1,0
116,Nuu,2024-05-31T23:34:42,Pick to Pieces (blue),2,0
116,Nuu,2024-05-31T23:34:42,Preserve Tradition (blue),1,0
116,Nuu,2024-05-31T23:34:42,Venomous Bite (blue),3,0
116,Nuu,2024-05-31T23:34:42,Wounding Blow (blue),1,0
116,Nuu,2024-05-31T23:34:42,Aqua Laps,1,1
116,Nuu,2024-05-31T23:34:42,Heirloom of Snake Hide,1,1
116,Nuu,2024-05-31T23:34:42,Waves of Aqua Marine,1,1
117,Nuu,2024-06-01T01:12:56,Battlefront Bastion (red),1,0
117,Nuu,2024-06-01T01:12:56,Bonds of Memory (red),1,0
117,Nuu,2024-06-01T01:12:56,Desires of Flesh (red),2,0
117,Nuu,2024-06-01T01:12:56,Gravekeeping (red),1,0
117,Nuu,2024-06-01T01:12:56,Hiss (red),4,0
117,Nuu,2024-06-01T01:12:56,Pick to Pieces (red),3,0
117,Nuu,2024-06-01T01:12:56,Tide Chakra (red),1,0
117,Nuu,2024-06-01T01:12:56,Venomous Bite (red),2,0
117,Nuu,2024-06-01T01:12:56,Double Trouble (yellow),1,0
117,Nuu,2024-06-01T01:12:56,Hiss (yellow),1,0
117,Nuu,2024-06-01T01:12:56,Venomous Bite (yellow),2,0
117,Nuu,2024-06-01T01:12:56,Bonds of Attraction (blue),1,0
117,Nuu,2024-06-01T01:12:56,Bonds of Memory (blue),3,0
117,Nuu,2024-06-01T01:12:56,Double Trouble (blue),1,0
117,Nuu,2024-06-01T01:12:56,Hiss (blue),1,0
117,Nuu,2024-06-01T01:12:56,Homage to Ancestors (blue),1,0
117,Nuu,2024-06-01T01:12:56,Impulsive Desire (blue),1,0
117,Nuu,2024-06-01T01:12:56,Intimate Inducement (blue),3,0
117,Nuu,2024-06-01T01:12:56,Mind's Desire (blue),1,0
117,Nuu,2024-06-01T01:12:56,Venomous Bite (blue),3,0
117,Nuu,2024-06-01T01:12:56,Aqua Seeing Shell,1,1
117,Nuu,2024-06-01T01:12:56,Heirloom of Snake Hide,1,1
117,Nuu,2024-06-01T01:12:56,Skybody Keikoi,1,1
117,Nuu,2024-06-01T01:12:56,Undertow Stilettos,1,1
117,Nuu,2024-06-01T01:12:56,Waves of Aqua Marine,1,1
118,Nuu,2024-06-01T06:03:18,Desires of Flesh (red),1,0
118,Nuu,2024-06-01T06:03:18,Double Trouble (red),1,0
118,Nuu,2024-06-01T06:03:18,Emissary of Tides (red),1,0
118,Nuu,2024-06-01T06:03:18,Hiss (red),2,0
118,Nuu,2024-06-01T06:03:18,Impulsive Desire (red),2,0
118,Nuu,2024-06-01T06:03:18,Intimate Inducement (red),1,0
118,Nuu,2024-06-01T06:03:18,Battlefront Bastion (yellow),1,0
118,Nuu,2024-06-01T06:03:18,Blanch (yellow),2,0
118,Nuu,2024-06-01T06:03:18,Desires of Flesh (yellow),2,0
118,Nuu,2024-06-01T06:03:18,Double Trouble (yellow),1,0
118,Nuu,2024-06-01T06:03:18,Gravekeeping (yellow),1,0
118,Nuu,2024-06-01T06:03:18,Hiss (yellow),1,0
118,Nuu,2024-06-01T06:03:18,Intimate Inducement (yellow),1,0
118,Nuu,2024-06-01T06:03:18,Mind's Desire (yellow),2,0
118,Nuu,2024-06-01T06:03:18,Pick to Pieces (yellow),1,0
118,Nuu,2024-06-01T06:03:18,Prismatic Leyline (yellow),1,0
118,Nuu,2024-06-01T06:03:18,Venomous Bite (yellow),1,0
118,Nuu,2024-06-01T06:03:18,Desires of Flesh (blue),1,0
118,Nuu,2024-06-01T06:03:18,Double Trouble (blue),2,0
118,Nuu,2024-06-01T06:03:18,First Tenet of Chi: Moon (blue),1,0
118,Nuu,2024-06-01T06:03:18,Impulsive Desire (blue),1,0
118,Nuu,2024-06-01T06:03:18,Mind's Desire (blue),1,0
118,Nuu,2024-06-01T06:03:18,Orihon of Mystic Tenets (blue),1,0
118,Nuu,2024-06-01T06:03:18,Pass Over (blue),1,0
118,Nuu,2024-06-01T06:03:18,Pick to Pieces (blue),1,0
118,Nuu,2024-06-01T06:03:18,Spillover (blue),1,0
118,Nuu,2024-06-01T06:03:18,Tidal Surge (blue),1,0
118,Nuu,2024-06-01T06:03:18,Wide Blue Yonder (blue),1,0
118,Nuu,2024-06-01T06:03:18,Wounding Blow (blue),1,0
118,Nuu,2024-06-01T06:03:18,Aqua Seeing Shell,1,1
118,Nuu,2024-06-01T06:03:18,Arousing Wave,1,1
118,Nuu,2024-06-01T06:03:18,Koi Blessed Kimono,1,1
118,Nuu,2024-06-01T06:03:18,Undertow Stilettos,1,1
119,Zen,2024-06-01T13:13:46,Aspect of Tiger: Body (red),1,0
119,Zen,2024-06-01T13:13:46,Biting Breeze (red),2,0
119,Zen,2024-06-01T13:13:46,Breed Anger (red),1,0
119,Zen,2024-06-01T13:13:46,Evasive Leap (red),1,0
119,Zen,2024-06-01T13:13:46,Harmony of the Hunt (red),3,0
119,Zen,2024-06-01T13:13:46,Nimblism (red),1,0
119,Zen,2024-06-01T13:13:46,Pouncing Qi (red),2,0
119,Zen,2024-06-01T13:13:46,Tiger Form Incantation (red),2,0
119,Zen,2024-06-01T13:13:46,Tooth and Claw (red),1,0
119,Zen,2024-06-01T13:13:46,Untamed (red),1,0
119,Zen,2024-06-01T13:13:46,Wind Chakra (red),1,0
119,Zen,2024-06-01T13:13:46,Aspect of Tiger: Soul (yellow),1,0
119,Zen,2024-06-01T13:13:46,Battlefront Bastion (yellow),1,0
119,Zen,2024-06-01T13:13:46,Harmony of the Hunt (yellow),1,0
119,Zen,2024-06-01T13:13:46,Qi Unleashed (yellow),1,0
119,Zen,2024-06-01T13:13:46,Tiger Form Incantation (yellow),1,0
119,Zen,2024-06-01T13:13:46,Aspect of Tiger: Mind (blue),1,0
119,Zen,2024-06-01T13:13:46,Biting Breeze (blue),1,0
119,Zen,2024-06-01T13:13:46,Companion of the Claw (blue),1,0
119,Zen,2024-06-01T13:13:46,Flex Claws (blue),2,0
119,Zen,2024-06-01T13:13:46,Harmony of the Hunt (blue),2,0
119,Zen,2024-06-01T13:13:46,Nimblism (blue),1,0
119,Zen,2024-06-01T13:13:46,Pouncing Qi (blue),2,0
119,Zen,2024-06-01T13:13:46,Qi Unleashed (blue),1,0
119,Zen,2024-06-01T13:13:46,"Rising Sun, Setting Moon (blue)",1,0
119,Zen,2024-06-01T13:13:46,Tiger Form Incantation (blue),1,0
119,Zen,2024-06-01T13:13:46,Wounding Blow (blue),1,0
119,Zen,2024-06-01T13:13:46,Heirloom of Tiger Hide,1,1
119,Zen,2024-06-01T13:13:46,Skycrest Keikoi,1,1
119,Zen,2024-06-01T13:13:46,Skyhold Keikoi,1,1
119,Zen,2024-06-01T13:13:46,Stride of Reprisal,1,1
120,Zen,2024-06-01T17:49:25,Battlefront Bastion (red),1,0
120,Zen,2024-06-01T17:49:25,Chase the Tail (red),1,0
120,Zen,2024-06-01T17:49:25,Companion of the Claw (red),2,0
120,Zen,2024-06-01T17:49:25,Fact-Finding Mission (red),1,0
120,Zen,2024-06-01T17:49:25,Flex Claws (red),1,0
120,Zen,2024-06-01T17:49:25,Pouncing Qi (red),1,0
120,Zen,2024-06-01T17:49:25,Qi Unleashed (red),1,0
120,Zen,2024-06-01T17:49:25,Untamed (red),2,0
120,Zen,2024-06-01T17:49:25,Wounding Blow (red),1,0
120,Zen,2024-06-01T17:49:25,Aspect of Tiger: Soul (yellow),1,0
120,Zen,2024-06-01T17:49:25,Companion of the Claw (yellow),1,0
120,Zen,2024-06-01T17:49:25,Aspect of Tiger: Mind (blue),1,0
120,Zen,2024-06-01T17:49:25,Big Blue Sky (blue),1,0
120,Zen,2024-06-01T17:49:25,Blessing of Qi (blue),1,0
120,Zen,2024-06-01T17:49:25,Breed Anger (blue),2,0
120,Zen,2024-06-01T17:49:25,Companion of the Claw (blue),1,0
120,Zen,2024-06-01T17:49:25,Cosmic Awakening (blue),1,0
120,Zen,2024-06-01T17:49:25,Flex Claws (blue),2,0
120,Zen,2024-06-01T17:49:25,Pouncing Qi (blue),1,0
120,Zen,2024-06-01T17:49:25,Preserve Tradition (blue),1,0
120,Zen,2024-06-01T17:49:25,Rising Tide (blue),2,0
120,Zen,2024-06-01T17:49:25,The Grain that Tips the Scale (blue),1,0
120,Zen,2024-06-01T17:49:25,Tiger Form Incantation (blue),1,0
120,Zen,2024-06-01T17:49:25,Untamed (blue),1,0
120,Zen,2024-06-01T17:49:25,Wind Chakra (blue),1,0
120,Zen,2024-06-01T17:49:25,Aqua Seeing Shell,1,1
120,Zen,2024-06-01T17:49:25,Heirloom of Tiger Hide,1,1
120,Zen,2024-06-01T17:49:25,Skyhold Keikoi,1,1
120,Zen,2024-06-01T17:49:25,Stride of Reprisal,1,1
121,Nuu,2024-06-01T18:44:05,Bonds of Memory (red),1,0
121,Nuu,2024-06-01T18:44:05,Desires of Flesh (red),1,0
121,Nuu,2024-06-01T18:44:05,Double Trouble (red),1,0
121,Nuu,2024-06-01T18:44:05,Gravekeeping (red),1,0
121,Nuu,2024-06-01T18:44:05,Hiss (red),1,0
121,Nuu,2024-06-01T18:44:05,Mind's Desire (red),1,0
121,Nuu,2024-06-01T18:44:05,Pick to Pieces (red),2,0
121,Nuu,2024-06-01T18:44:05,Venomous Bite (red),2,0
121,Nuu,2024-06-01T18:44:05,Water the Seeds (red),1,0
121,Nuu,2024-06-01T18:44:05,Bonds of Memory (yellow),1,0
121,Nuu,2024-06-01T18:44:05,Desires of Flesh (yellow),1,0
121,Nuu,2024-06-01T18:44:05,Fact-Finding Mission (yellow),1,0
121,Nuu,2024-06-01T18:44:05,Gravekeeping (yellow),1,0
121,Nuu,2024-06-01T18:44:05,Impulsive Desire (yellow),2,0
121,Nuu,2024-06-01T18:44:05,Venomous Bite (yellow),1,0
121,Nuu,2024-06-01T18:44:05,Battlefront Bastion (blue),2,0
121,Nuu,2024-06-01T18:44:05,Bonds of Memory (blue),1,0
121,Nuu,2024-06-01T18:44:05,Desires of Flesh (blue),3,0
121,Nuu,2024-06-01T18:44:05,Double Trouble (blue),2,0
121,Nuu,2024-06-01T18:44:05,Evasive Leap (blue),1,0
121,Nuu,2024-06-01T18:44:05,Fact-Finding Mission (blue),1,0
121,Nuu,2024-06-01T18:44:05,First Tenet of Chi: Moon (blue),1,0
121,Nuu,2024-06-01T18:44:05,First Tenet of Chi: Wind (blue),1,0
121,Nuu,2024-06-01T18:44:05,Intimate Inducement (blue),1,0
121,Nuu,2024-06-01T18:44:05,Mind's Desire (blue),2,0
121,Nuu,2024-06-01T18:44:05,Pass Over (blue),2,0
121,Nuu,2024-06-01T18:44:05,Pick to Pieces (blue),1,0
121,Nuu,2024-06-01T18:44:05,"Rising Sun, Setting Moon (blue)",1,0
121,Nuu,2024-06-01T18:44:05,Arousing Wave,1,1
121,Nuu,2024-06-01T18:44:05,Skybody Keikoi,1,1
121,Nuu,2024-06-01T18:44:05,Skywalker Keikoi,1,1
122,Zen,2024-06-01T20:12:56,Biting Breeze (red),2,0
122,Zen,2024-06-01T20:12:56,Breed Anger (red),2,0
122,Zen,2024-06-01T20:12:56,Companion of the Claw (red),1,0
122,Zen,2024-06-01T20:12:56,Emissary of Tides (red),1,0
122,Zen,2024-06-01T20:12:56,Emissary of Wind (red),1,0
122,Zen,2024-06-01T20:12:56,Flex Claws (red),1,0
122,Zen,2024-06-01T20:12:56,Harmony of the Hunt (red),1,0
122,Zen,2024-06-01T20:12:56,Qi Unleashed (red),1,0
122,Zen,2024-06-01T20:12:56,Tiger Form Incantation (red),3,0
122,Zen,2024-06-01T20:12:56,Untamed (red),1,0
122,Zen,2024-06-01T20:12:56,Biting Breeze (yellow),1,0
122,Zen,2024-06-01T20:12:56,Fact-Finding Mission (yellow),1,0
122,Zen,2024-06-01T20:12:56,Flex Claws (yellow),2,0
122,Zen,2024-06-01T20:12:56,Wind Chakra (yellow),1,0
122,Zen,2024-06-01T20:12:56,Wounding Blow (yellow),1,0
122,Zen,2024-06-01T20:12:56,Biting Breeze (blue),1,0
122,Zen,2024-06-01T20:12:56,Breed Anger (blue),1,0
122,Zen,2024-06-01T20:12:56,Companion of the Claw (blue),1,0
122,Zen,2024-06-01T20:12:56,Droplet (blue),2,0
122,Zen,2024-06-01T20:12:56,Flex Claws (blue),2,0
122,Zen,2024-06-01T20:12:56,Harmony of the Hunt (blue),2,0
122,Zen,2024-06-01T20:12:56,Tiger Form Incantation (blue),3,0
122,Zen,2024-06-01T20:12:56,Untamed (blue),2,0
122,Zen,2024-06-01T20:12:56,Wind Chakra (blue),1,0
122,Zen,2024-06-01T20:12:56,Wounding Blow (blue),1,0
122,Zen,2024-06-01T20:12:56,Heirloom of Tiger Hide,1,1
122,Zen,2024-06-01T20:12:56,Skycrest Keikoi,1,1
122,Zen,2024-06-01T20:12:56,Stride of Reprisal,1,1
123,Enigma,2024-06-02T00:07:09,Evasive Leap (red),1,0
123,Enigma,2024-06-02T00:07:09,Sigil of Solitude (red),1,0
123,Enigma,2024-06-02T00:07:09,Single Minded Determination (red),1,0
123,Enigma,2024-06-02T00:07:09,Solitary Companion (red),1,0
123,Enigma,2024-06-02T00:07:09,Three Visits (red),1,0
123,Enigma,2024-06-02T00:07:09,Waning Vengeance (red),3,0
123,Enigma,2024-06-02T00:07:09,Astral Etchings (yellow),1,0
123,Enigma,2024-06-02T00:07:09,Essence of Ancestry: Soul (yellow),1,0
123,Enigma,2024-06-02T00:07:09,Fact-Finding Mission (yellow),1,0
123,Enigma,2024-06-02T00:07:09,Haze Shelter (yellow),1,0
123,Enigma,2024-06-02T00:07:09,Vengeful Apparition (yellow),1,0
123,Enigma,2024-06-02T00:07:09,Waning Vengeance (yellow),1,0
123,Enigma,2024-06-02T00:07:09,Waxing Specter (yellow),2,0
123,Enigma,2024-06-02T00:07:09,Wounding Blow (yellow),1,0
123,Enigma,2024-06-02T00:07:09,Essence of Ancestry: Mind (blue),1,0
123,Enigma,2024-06-02T00:07:09,Fact-Finding Mission (blue),1,0
123,Enigma,2024-06-02T00:07:09,First Tenet of Chi: Moon (blue),1,0
123,Enigma,2024-06-02T00:07:09,First Tenet of Chi: Tide (blue),1,0
123,Enigma,2024-06-02T00:07:09,Haze Shelter (blue),1,0
123,Enigma,2024-06-02T00:07:09,Moon Chakra (blue),1,0
123,Enigma,2024-06-02T00:07:09,Path Well Traveled (blue),2,0
123,Enigma,2024-06-02T00:07:09,Preserve Tradition (blue),1,0
123,Enigma,2024-06-02T00:07:09,Second Tenet of Chi: Wind (blue),1,0
123,Enigma,2024-06-02T00:07:09,Solitary Companion (blue),1,0
123,Enigma,2024-06-02T00:07:09,Spectral Manifestations (blue),2,0
123,Enigma,2024-06-02T00:07:09,Stir the Pot (blue),1,0
123,Enigma,2024-06-02T00:07:09,Unravel Aggression (blue),1,0
123,Enigma,2024-06-02T00:07:09,Vengeful Apparition (blue),1,0
123,Enigma,2024-06-02T00:07:09,Wash Away (blue),2,0
123,Enigma,2024-06-02T00:07:09,Waxing Specter (blue),1,0
123,Enigma,2024-06-02T00:07:09,Aqua Seeing Shell,1,1
123,Enigma,2024-06-02T00:07:09,Koi Blessed Kimono,1,1
123,Enigma,2024-06-02T00:07:09,Uphold Tradition,1,1
124,Zen,2024-06-02T01:01:36,Biting Breeze (red),3,0
124,Zen,2024-06-02T01:01:36,Breed Anger (red),1,0
124,Zen,2024-06-02T01:01:36,Flex Claws (red),1,0
124,Zen,2024-06-02T01:01:36,Harmony of the Hunt (red),2,0
124,Zen,2024-06-02T01:01:36,Pouncing Qi (red),1,0
124,Zen,2024-06-02T01:01:36,Qi Unleashed (red),1,0
124,Zen,2024-06-02T01:01:36,Water the Seeds (red),1,0
124,Zen,2024-06-02T01:01:36,Wind Chakra (red),1,0
124,Zen,2024-06-02T01:01:36,Battlefront Bastion (yellow),1,0
124,Zen,2024-06-02T01:01:36,Breed Anger (yellow),2,0
124,Zen,2024-06-02T01:01:36,Gravekeeping (yellow),1,0
124,Zen,2024-06-02T01:01:36,Harmony of the Hunt (yellow),1,0
124,Zen,2024-06-02T01:01:36,Pouncing Qi (yellow),1,0
124,Zen,2024-06-02T01:01:36,Untamed (yellow),1,0
124,Zen,2024-06-02T01:01:36,A Drop in the Ocean (blue),1,0
124,Zen,2024-06-02T01:01:36,Biting Breeze (blue),1,0
124,Zen,2024-06-02T01:01:36,Breed Anger (blue),2,0
124,Zen,2024-06-02T01:01:36,Companion of the Claw (blue),1,0
124,Zen,2024-06-02T01:01:36,First Tenet of Chi: Tide (blue),1,0
124,Zen,2024-06-02T01:01:36,Flex Claws (blue),1,0
124,Zen,2024-06-02T01:01:36,Harmony of the Hunt (blue),1,0
124,Zen,2024-06-02T01:01:36,Homage to Ancestors (blue),1,0
124,Zen,2024-06-02T01:01:36,Pouncing Qi (blue),1,0
124,Zen,2024-06-02T01:01:36,Preserve Tradition (blue),1,0
124,Zen,2024-06-02T01:01:36,Qi Unleashed (blue),1,0
124,Zen,2024-06-02T01:01:36,"Rising Sun, Setting Moon (blue)",1,0
124,Zen,2024-06-02T01:01:36,The Grain that Tips the Scale (blue),1,0
124,Zen,2024-06-02T01:01:36,Wounding Blow (blue),1,0
124,Zen,2024-06-02T01:01:36,Heirloom of Tiger Hide,1,1
124,Zen,2024-06-02T01:01:36,Skybody Keikoi,1,1
124,Zen,2024-06-02T01:01:36,Skyhold Keikoi,1,1
125,Enigma,2024-06-02T04:32:01,Essence of Ancestry: Body (red),1,0
125,Enigma,2024-06-02T04:32:01,Sigil of Solitude (red),2,0
125,Enigma,2024-06-02T04:32:01,Single Minded Determination (red),1,0
125,Enigma,2024-06-02T04:32:01,Solitary Companion (red),2,0
125,Enigma,2024-06-02T04:32:01,Spectral Manifestations (red),1,0
125,Enigma,2024-06-02T04:32:01,Waning Vengeance (red),2,0
125,Enigma,2024-06-02T04:32:01,Waxing Specter (red),1,0
125,Enigma,2024-06-02T04:32:01,Battlefront Bastion (yellow),2,0
125,Enigma,2024-06-02T04:32:01,Sigil of Solitude (yellow),1,0
125,Enigma,2024-06-02T04:32:01,Solitary Companion (yellow),1,0
125,Enigma,2024-06-02T04:32:01,A Drop in the Ocean (blue),1,0
125,Enigma,2024-06-02T04:32:01,Battlefront Bastion (blue),1,0
125,Enigma,2024-06-02T04:32:01,Big Blue Sky (blue),2,0
125,Enigma,2024-06-02T04:32:01,Essence of Ancestry: Mind (blue),1,0
125,Enigma,2024-06-02T04:32:01,Evasive Leap (blue),1,0
125,Enigma,2024-06-02T04:32:01,First Tenet of Chi: Moon (blue),1,0
125,Enigma,2024-06-02T04:32:01,First Tenet of Chi: Tide (blue),1,0
125,Enigma,2024-06-02T04:32:01,Haze Shelter (blue),1,0
125,Enigma,2024-06-02T04:32:01,Path Well Traveled (blue),1,0
125,Enigma,2024-06-02T04:32:01,Preserve Tradition (blue),1,0
125,Enigma,2024-06-02T04:32:01,"Rising Sun, Setting Moon (blue)",1,0
125,Enigma,2024-06-02T04:32:01,Sacred Art: Immortal Lunar Shrine (blue),1,0
125,Enigma,2024-06-02T04:32:01,Sigil of Solitude (blue),1,0
125,Enigma,2024-06-02T04:32:01,Single Minded Determination (blue),1,0
125,Enigma,2024-06-02T04:32:01,Unravel Aggression (blue),1,0
125,Enigma,2024-06-02T04:32:01,Waning Vengeance (blue),1,0
125,Enigma,2024-06-02T04:32:01,Wash Away (blue),1,0
125,Enigma,2024-06-02T04:32:01,Water the Seeds (blue),2,0
125,Enigma,2024-06-02T04:32:01,Wounding Blow (blue),3,0
125,Enigma,2024-06-02T04:32:01,Aqua Seeing Shell,1,1
125,Enigma,2024-06-02T04:32:01,Koi Blessed Kimono,1,1
125,Enigma,2024-06-02T04:32:01,Skywalker Keikoi,1,1
125,Enigma,2024-06-02T04:32:01,Truths Retold,1,1
126,Enigma,2024-06-02T08:02:31,Blanch (red),1,0
126,Enigma,2024-06-02T08:02:31,Essence of Ancestry: Body (red),1,0
126,Enigma,2024-06-02T08:02:31,Haze Shelter (red),1,0
126,Enigma,2024-06-02T08:02:31,Sigil of Solitude (red),2,0
126,Enigma,2024-06-02T08:02:31,Single Minded Determination (red),1,0
126,Enigma,2024-06-02T08:02:31,Solitary Companion (red),1,0
126,Enigma,2024-06-02T08:02:31,Spectral Manifestations (red),1,0
126,Enigma,2024-06-02T08:02:31,Vengeful Apparition (red),2,0
126,Enigma,2024-06-02T08:02:31,Waning Vengeance (red),1,0
126,Enigma,2024-06-02T08:02:31,Water the Seeds (red),1,0
126,Enigma,2024-06-02T08:02:31,Battlefront Bastion (yellow),1,0
126,Enigma,2024-06-02T08:02:31,Moon Chakra (yellow),1,0
126,Enigma,2024-06-02T08:02:31,Single Minded Determination (yellow),1,0
126,Enigma,2024-06-02T08:02:31,Vengeful Apparition (yellow),1,0
126,Enigma,2024-06-02T08:02:31,Waning Vengeance (yellow),1,0
126,Enigma,2024-06-02T08:02:31,Wounding Blow (yellow),2,0
126,Enigma,2024-06-02T08:02:31,A Drop in the Ocean (blue),2,0
126,Enigma,2024-06-02T08:02:31,Battlefront Bastion (blue),1,0
126,Enigma,2024-06-02T08:02:31,Big Blue Sky (blue),1,0
126,Enigma,2024-06-02T08:02:31,Evasive Leap (blue),1,0
126,Enigma,2024-06-02T08:02:31,Homage to Ancestors (blue),2,0
126,Enigma,2024-06-02T08:02:31,Manifestation of Miragai (blue),1,0
126,Enigma,2024-06-02T08:02:31,Pass Over (blue),2,0
126,Enigma,2024-06-02T08:02:31,Second Tenet of Chi: Moon (blue),1,0
126,Enigma,2024-06-02T08:02:31,Second Tenet of Chi: Wind (blue),1,0
126,Enigma,2024-06-02T08:02:31,Single Minded Determination (blue),1,0
126,Enigma,2024-06-02T08:02:31,Solitary Companion (blue),1,0
126,Enigma,2024-06-02T08:02:31,Vengeful Apparition (blue),1,0
126,Enigma,2024-06-02T08:02:31,Waning Vengeance (blue),1,0
126,Enigma,2024-06-02T08:02:31,Wash Away (blue),1,0
126,Enigma,2024-06-02T08:02:31,Aqua Laps,1,1
126,Enigma,2024-06-02T08:02:31,Skybody Keikoi,1,1
126,Enigma,2024-06-02T08:02:31,Truths Retold,1,1
126,Enigma,2024-06-02T08:02:31,Uphold Tradition,1,1
127,Enigma,2024-06-02T11:37:40,Haze Shelter (red),2,0
127,Enigma,2024-06-02T11:37:40,Sigil of Solitude (red),2,0
127,Enigma,2024-06-02T11:37:40,Single Minded Determination (red),1,0
127,Enigma,2024-06-02T11:37:40,Solitary Companion (red),2,0
127,Enigma,2024-06-02T11:37:40,Spectral Manifestations (red),2,0
127,Enigma,2024-06-02T11:37:40,Vengeful Apparition (red),1,0
127,Enigma,2024-06-02T11:37:40,Waxing Specter (red),1,0
127,Enigma,2024-06-02T11:37:40,Evasive Leap (yellow),1,0
127,Enigma,2024-06-02T11:37:40,Restless Coalescence (yellow),1,0
127,Enigma,2024-06-02T11:37:40,Single Minded Determination (yellow),1,0
127,Enigma,2024-06-02T11:37:40,A Drop in the Ocean (blue),1,0
127,Enigma,2024-06-02T11:37:40,Battlefront Bastion (blue),1,0
127,Enigma,2024-06-02T11:37:40,Evasive Leap (blue),1,0
127,Enigma,2024-06-02T11:37:40,First Tenet of Chi: Moon (blue),1,0
127,Enigma,2024-06-02T11:37:40,First Tenet of Chi: Wind (blue),1,0
127,Enigma,2024-06-02T11:37:40,Haunting Specter (blue),1,0
127,Enigma,2024-06-02T11:37:40,Moon Chakra (blue),2,0
127,Enigma,2024-06-02T11:37:40,Pass Over (blue),2,0
127,Enigma,2024-06-02T11:37:40,"Rising Sun, Setting Moon (blue)",2,0
127,Enigma,2024-06-02T11:37:40,Sigil of Solitude (blue),1,0
127,Enigma,2024-06-02T11:37:40,Solitary Companion (blue),2,0
127,Enigma,2024-06-02T11:37:40,Tidal Surge (blue),2,0
127,Enigma,2024-06-02T11:37:40,Vengeful Apparition (blue),1,0
127,Enigma,2024-06-02T11:37:40,Heirloom of Rabbit Hide,1,1
127,Enigma,2024-06-02T11:37:40,Skybody Keikoi,1,1
127,Enigma,2024-06-02T11:37:40,Skywalker Keikoi,1,1
127,Enigma,2024-06-02T11:37:40,Truths Retold,1,1
127,Enigma,2024-06-02T11:37:40,Uphold Tradition,1,1
128,Enigma,2024-06-02T12:26:34,Haze Shelter (red),2,0
128,Enigma,2024-06-02T12:26:34,Single Minded Determination (red),1,0
128,Enigma,2024-06-02T12:26:34,Spectral Manifestations (red),1,0
128,Enigma,2024-06-02T12:26:34,Vengeful Apparition (red),2,0
128,Enigma,2024-06-02T12:26:34,Waning Vengeance (red),1,0
128,Enigma,2024-06-02T12:26:34,Waxing Specter (red),2,0
128,Enigma,2024-06-02T12:26:34,Astral Etchings (yellow),1,0
128,Enigma,2024-06-02T12:26:34,Essence of Ancestry: Soul (yellow),1,0
128,Enigma,2024-06-02T12:26:34,Solitary Companion (yellow),1,0
128,Enigma,2024-06-02T12:26:34,Vengeful Apparition (yellow),1,0
128,Enigma,2024-06-02T12:26:34,A Drop in the Ocean (blue),1,0
128,Enigma,2024-06-02T12:26:34,Deep Blue Sea (blue),1,0
128,Enigma,2024-06-02T12:26:34,Evasive Leap (blue),1,0
128,Enigma,2024-06-02T12:26:34,First Tenet of Chi: Moon (blue),2,0
128,Enigma,2024-06-02T12:26:34,First Tenet of Chi: Wind (blue),2,0
128,Enigma,2024-06-02T12:26:34,Homage to Ancestors (blue),1,0
128,Enigma,2024-06-02T12:26:34,Moon Chakra (blue),1,0
128,Enigma,2024-06-02T12:26:34,Nimble Strike (blue),2,0
128,Enigma,2024-06-02T12:26:34,Preserve Tradition (blue),1,0
128,Enigma,2024-06-02T12:26:34,Rising Tide (blue),1,0
128,Enigma,2024-06-02T12:26:34,Single Minded Determination (blue),1,0
128,Enigma,2024-06-02T12:26:34,Spectral Manifestations (blue),3,0
128,Enigma,2024-06-02T12:26:34,Stir the Pot (blue),1,0
128,Enigma,2024-06-02T12:26:34,Tidal Surge (blue),1,0
128,Enigma,2024-06-02T12:26:34,Vengeful Apparition (blue),1,0
128,Enigma,2024-06-02T12:26:34,Waning Vengeance (blue),1,0
128,Enigma,2024-06-02T12:26:34,Wash Away (blue),1,0
128,Enigma,2024-06-02T12:26:34,Wide Blue Yonder (blue),1,0
128,Enigma,2024-06-02T12:26:34,Wounding Blow (blue),1,0
128,Enigma,2024-06-02T12:26:34,Aqua Laps,1,1
128,Enigma,2024-06-02T12:26:34,Skybody Keikoi,1,1
128,Enigma,2024-06-02T12:26:34,Skycrest Keikoi,1,1
128,Enigma,2024-06-02T12:26:34,Uphold Tradition,1,1
129,Nuu,2024-06-02T17:59:27,Art of Desire: Body (red),1,0
129,Nuu,2024-06-02T17:59:27,Desires of Flesh (red),1,0
129,Nuu,2024-06-02T17:59:27,Emissary of Tides (red),1,0
129,Nuu,2024-06-02T17:59:27,Fact-Finding Mission (red),2,0
129,Nuu,2024-06-02T17:59:27,Impulsive Desire (red),1,0
129,Nuu,2024-06-02T17:59:27,Intimate Inducement (red),2,0
129,Nuu,2024-06-02T17:59:27,Mind's Desire (red),1,0
129,Nuu,2024-06-02T17:59:27,Water the Seeds (red),2,0
129,Nuu,2024-06-02T17:59:27,Battlefront Bastion (yellow),1,0
129,Nuu,2024-06-02T17:59:27,Bonds of Memory (yellow),1,0
129,Nuu,2024-06-02T17:59:27,Cracked Bauble (yellow),1,0
129,Nuu,2024-06-02T17:59:27,Hiss (yellow),1,0
129,Nuu,2024-06-02T17:59:27,Impulsive Desire (yellow),1,0
129,Nuu,2024-06-02T17:59:27,Cosmic Awakening (blue),1,0
129,Nuu,2024-06-02T17:59:27,First Tenet of Chi: Tide (blue),1,0
129,Nuu,2024-06-02T17:59:27,Hiss (blue),1,0
129,Nuu,2024-06-02T17:59:27,Intimate Inducement (blue),3,0
129,Nuu,2024-06-02T17:59:27,Mind's Desire (blue),1,0
129,Nuu,2024-06-02T17:59:27,Persuasive Prognosis (blue),1,0
129,Nuu,2024-06-02T17:59:27,Pick to Pieces (blue),2,0
129,Nuu,2024-06-02T17:59:27,Sacred Art: Undercurrent Desires (blue),1,0
129,Nuu,2024-06-02T17:59:27,Second Tenet of Chi: Tide (blue),1,0
129,Nuu,2024-06-02T17:59:27,Wounding Blow (blue),2,0
129,Nuu,2024-06-02T17:59:27,Koi Blessed Kimono,1,1
129,Nuu,2024-06-02T17:59:27,Skywalker Keikoi,1,1
130,Zen,2024-06-02T19:59:50,Biting Breeze (red),1,0
130,Zen,2024-06-02T19:59:50,Blessing of Qi (red),1,0
130,Zen,2024-06-02T19:59:50,Breed Anger (red),1,0
130,Zen,2024-06-02T19:59:50,Companion of the Claw (red),1,0
130,Zen,2024-06-02T19:59:50,Flex Claws (red),1,0
130,Zen,2024-06-02T19:59:50,Harmony of the Hunt (red),4,0
130,Zen,2024-06-02T19:59:50,Nimblism (red),1,0
130,Zen,2024-06-02T19:59:50,Qi Unleashed (red),1,0
130,Zen,2024-06-02T19:59:50,Untamed (red),3,0
130,Zen,2024-06-02T19:59:50,Wind Chakra (red),1,0
130,Zen,2024-06-02T19:59:50,Biting Breeze (yellow),1,0
130,Zen,2024-06-02T19:59:50,Blanch (yellow),1,0
130,Zen,2024-06-02T19:59:50,Blessing of Qi (yellow),1,0
130,Zen,2024-06-02T19:59:50,Breed Anger (yellow),1,0
130,Zen,2024-06-02T19:59:50,Companion of the Claw (yellow),1,0
130,Zen,2024-06-02T19:59:50,Wind Chakra (yellow),1,0
130,Zen,2024-06-02T19:59:50,Aspect of Tiger: Mind (blue),1,0
130,Zen,2024-06-02T19:59:50,Biting Breeze (blue),2,0
130,Zen,2024-06-02T19:59:50,Breed Anger (blue),2,0
130,Zen,2024-06-02T19:59:50,Fact-Finding Mission (blue),1,0
130,Zen,2024-06-02T19:59:50,First Tenet of Chi: Moon (blue),1,0
130,Zen,2024-06-02T19:59:50,Flex Claws (blue),1,0
130,Zen,2024-06-02T19:59:50,Harmony of the Hunt (blue),1,0
130,Zen,2024-06-02T19:59:50,"Rising Sun, Setting Moon (blue)",2,0
130,Zen,2024-06-02T19:59:50,The Grain that Tips the Scale (blue),1,0
130,Zen,2024-06-02T19:59:50,Tiger Form Incantation (blue),2,0
130,Zen,2024-06-02T19:59:50,Wind Chakra (blue),1,0
130,Zen,2024-06-02T19:59:50,Heirloom of Tiger Hide,1,1
130,Zen,2024-06-02T19:59:50,Mask of Wizened Whiskers,1,1
130,Zen,2024-06-02T19:59:50,Skyhold Keikoi,1,1
130,Zen,2024-06-02T19:59:50,Stride of Reprisal,1,1
131,Enigma,2024-06-02T21:33:15,Astral Etchings (red),1,0
131,Enigma,2024-06-02T21:33:15,Fact-Finding Mission (red),1,0
131,Enigma,2024-06-02T21:33:15,Sigil of Solitude (red),1,0
131,Enigma,2024-06-02T21:33:15,Single Minded Determination (red),2,0
131,Enigma,2024-06-02T21:33:15,Waning Vengeance (red),2,0
131,Enigma,2024-06-02T21:33:15,Waxing Specter (red),1,0
131,Enigma,2024-06-02T21:33:15,Wounding Blow (red),1,0
131,Enigma,2024-06-02T21:33:15,Fact-Finding Mission (yellow),1,0
131,Enigma,2024-06-02T21:33:15,Nimblism (yellow),1,0
131,Enigma,2024-06-02T21:33:15,Spectral Manifestations (yellow),1,0
131,Enigma,2024-06-02T21:33:15,Vengeful Apparition (yellow),1,0
131,Enigma,2024-06-02T21:33:15,Waxing Specter (yellow),1,0
131,Enigma,2024-06-02T21:33:15,A Drop in the Ocean (blue),1,0
131,Enigma,2024-06-02T21:33:15,Battlefront Bastion (blue),1,0
131,Enigma,2024-06-02T21:33:15,First Tenet of Chi: Moon (blue),2,0
131,Enigma,2024-06-02T21:33:15,First Tenet of Chi: Tide (blue),2,0
131,Enigma,2024-06-02T21:33:15,First Tenet of Chi: Wind (blue),2,0
131,Enigma,2024-06-02T21:33:15,Haunting Specter (blue),1,0
131,Enigma,2024-06-02T21:33:15,Haze Shelter (blue),1,0
131,Enigma,2024-06-02T21:33:15,Homage to Ancestors (blue),2,0
131,Enigma,2024-06-02T21:33:15,Nimble Strike (blue),1,0
131,Enigma,2024-06-02T21:33:15,Pass Over (blue),1,0
131,Enigma,2024-06-02T21:33:15,Path Well Traveled (blue),1,0
131,Enigma,2024-06-02T21:33:15,Sigil of Solitude (blue),1,0
131,Enigma,2024-06-02T21:33:15,Vengeful Apparition (blue),2,0
131,Enigma,2024-06-02T21:33:15,Waning Vengeance (blue),2,0
131,Enigma,2024-06-02T21:33:15,Heirloom of Rabbit Hide,1,1
131,Enigma,2024-06-02T21:33:15,Koi Blessed Kimono,1,1
131,Enigma,2024-06-02T21:33:15,Skycrest Keikoi,1,1
131,Enigma,2024-06-02T21:33:15,Skywalker Keikoi,1,1
131,Enigma,2024-06-02T21:33:15,Uphold Tradition,1,1
132,Zen,2024-06-02T21:57:37,Biting Breeze (red),1,0
132,Zen,2024-06-02T21:57:37,Breed Anger (red),1,0
132,Zen,2024-06-02T21:57:37,Emissary of Tides (red),1,0
132,Zen,2024-06-02T21:57:37,Harmony of the Hunt (red),1,0
132,Zen,2024-06-02T21:57:37,Pouncing Qi (red),2,0
132,Zen,2024-06-02T21:57:37,Qi Unleashed (red),1,0
132,Zen,2024-06-02T21:57:37,Tiger Form Incantation (red),1,0
132,Zen,2024-06-02T21:57:37,Untamed (red),2,0
132,Zen,2024-06-02T21:57:37,Aspect of Tiger: Soul (yellow),1,0
132,Zen,2024-06-02T21:57:37,Battlefront Bastion (yellow),1,0
132,Zen,2024-06-02T21:57:37,Fact-Finding Mission (yellow),2,0
132,Zen,2024-06-02T21:57:37,Tiger Form Incantation (yellow),2,0
132,Zen,2024-06-02T21:57:37,Aspect of Tiger: Mind (blue),1,0
132,Zen,2024-06-02T21:57:37,Biting Breeze (blue),1,0
132,Zen,2024-06-02T21:57:37,Breed Anger (blue),2,0
132,Zen,2024-06-02T21:57:37,Droplet (blue),1,0
132,Zen,2024-06-02T21:57:37,First Tenet of Chi: Tide (blue),2,0
132,Zen,2024-06-02T21:57:37,Harmony of the Hunt (blue),1,0
132,Zen,2024-06-02T21:57:37,Pouncing Qi (blue),2,0
132,Zen,2024-06-02T21:57:37,Second Tenet of Chi: Moon (blue),1,0
132,Zen,2024-06-02T21:57:37,Tiger Form Incantation (blue),2,0
132,Zen,2024-06-02T21:57:37,Untamed (blue),1,0
132,Zen,2024-06-02T21:57:37,Skybody Keikoi,1,1
132,Zen,2024-06-02T21:57:37,Skycrest Keikoi,1,1
132,Zen,2024-06-02T21:57:37,Skyhold Keikoi,1,1
132,Zen,2024-06-02T21:57:37,Stride of Reprisal,1,1
133,Enigma,2024-06-03T01:10:32,Emissary of Tides (red),1,0
133,Enigma,2024-06-03T01:10:32,Evasive Leap (red),1,0
133,Enigma,2024-06-03T01:10:32,Sigil of Solitude (red),1,0
133,Enigma,2024-06-03T01:10:32,Single Minded Determination (red),2,0
133,Enigma,2024-06-03T01:10:32,Solitary Companion (red),1,0
133,Enigma,2024-06-03T01:10:32,Spectral Manifestations (red),2,0
133,Enigma,2024-06-03T01:10:32,Vengeful Apparition (red),1,0
133,Enigma,2024-06-03T01:10:32,Waning Vengeance (red),1,0
133,Enigma,2024-06-03T01:10:32,Waxing Specter (red),2,0
133,Enigma,2024-06-03T01:10:32,Spectral Manifestations (yellow),1,0
133,Enigma,2024-06-03T01:10:32,Waxing Specter (yellow),1,0
133,Enigma,2024-06-03T01:10:32,Wounding Blow (yellow),1,0
133,Enigma,2024-06-03T01:10:32,A Drop in the Ocean (blue),2,0
133,Enigma,2024-06-03T01:10:32,Big Blue Sky (blue),2,0
133,Enigma,2024-06-03T01:10:32,First Tenet of Chi: Moon (blue),1,0
133,Enigma,2024-06-03T01:10:32,First Tenet of Chi: Tide (blue),1,0
133,Enigma,2024-06-03T01:10:32,Moon Chakra (blue),1,0
133,Enigma,2024-06-03T01:10:32,Nimble Strike (blue),1,0
133,Enigma,2024-06-03T01:10:32,Nimblism (blue),1,0
133,Enigma,2024-06-03T01:10:32,Sacred Art: Immortal Lunar Shrine (blue),1,0
133,Enigma,2024-06-03T01:10:32,Second Tenet of Chi: Moon (blue),1,0
133,Enigma,2024-06-03T01:10:32,Single Minded Determination (blue),1,0
133,Enigma,2024-06-03T01:10:32,Solitary Companion (blue),1,0
133,Enigma,2024-06-03T01:10:32,Stir the Pot (blue),2,0
133,Enigma,2024-06-03T01:10:32,Vengeful Apparition (blue),1,0
133,Enigma,2024-06-03T01:10:32,Wash Away (blue),2,0
133,Enigma,2024-06-03T01:10:32,Water the Seeds (blue),1,0
133,Enigma,2024-06-03T01:10:32,Waxing Specter (blue),2,0
133,Enigma,2024-06-03T01:10:32,Aqua Seeing Shell,1,1
133,Enigma,2024-06-03T01:10:32,Skyhold Keikoi,1,1
133,Enigma,2024-06-03T01:10:32,Skywalker Keikoi,1,1
133,Enigma,2024-06-03T01:10:32,Truths Retold,1,1
134,Enigma,2024-06-03T02:02:32,Fact-Finding Mission (red),2,0
134,Enigma,2024-06-03T02:02:32,Sigil of Solitude (red),1,0
134,Enigma,2024-06-03T02:02:32,Spectral Manifestations (red),1,0
134,Enigma,2024-06-03T02:02:32,The Weakest Link (red),1,0
134,Enigma,2024-06-03T02:02:32,Vengeful Apparition (red),1,0
134,Enigma,2024-06-03T02:02:32,Waning Vengeance (red),3,0
134,Enigma,2024-06-03T02:02:32,Waxing Specter (red),2,0
134,Enigma,2024-06-03T02:02:32,Essence of Ancestry: Soul (yellow),2,0
134,Enigma,2024-06-03T02:02:32,Moon Chakra (yellow),1,0
134,Enigma,2024-06-03T02:02:32,Spectral Manifestations (yellow),1,0
134,Enigma,2024-06-03T02:02:32,Waning Vengeance (yellow),1,0
134,Enigma,2024-06-03T02:02:32,A Drop in the Ocean (blue),1,0
134,Enigma,2024-06-03T02:02:32,Big Blue Sky (blue),1,0
134,Enigma,2024-06-03T02:02:32,First Tenet of Chi: Wind (blue),2,0
134,Enigma,2024-06-03T02:02:32,Haze Shelter (blue),1,0
134,Enigma,2024-06-03T02:02:32,Homage to Ancestors (blue),1,0
134,Enigma,2024-06-03T02:02:32,Moon Chakra (blue),1,0
134,Enigma,2024-06-03T02:02:32,Nimble Strike (blue),1,0
134,Enigma,2024-06-03T02:02:32,Pass Over (blue),1,0
134,Enigma,2024-06-03T02:02:32,"Rising Sun, Setting Moon (blue)",1,0
134,Enigma,2024-06-03T02:02:32,Sacred Art: Immortal Lunar Shrine (blue),1,0
134,Enigma,2024-06-03T02:02:32,Stir the Pot (blue),1,0
134,Enigma,2024-06-03T02:02:32,Tidal Surge (blue),1,0
134,Enigma,2024-06-03T02:02:32,Vengeful Apparition (blue),2,0
134,Enigma,2024-06-03T02:02:32,Wash Away (blue),1,0
134,Enigma,2024-06-03T02:02:32,Waxing Specter (blue),1,0
134,Enigma,2024-06-03T02:02:32,Wide Blue Yonder (blue),1,0
134,Enigma,2024-06-03T02:02:32,Truths Retold,1,1
134,Enigma,2024-06-03T02:02:32,Waves of Aqua Marine,1,1
135,Zen,2024-06-03T10:43:39,Biting Breeze (red),1,0
135,Zen,2024-06-03T10:43:39,Breed Anger (red),1,0
135,Zen,2024-06-03T10:43:39,Companion of the Claw (red),1,0
135,Zen,2024-06-03T10:43:39,Evasive Leap (red),1,0
135,Zen,2024-06-03T10:43:39,Flex Claws (red),3,0
135,Zen,2024-06-03T10:43:39,Harmony of the Hunt (red),1,0
135,Zen,2024-06-03T10:43:39,Pouncing Qi (red),1,0
135,Zen,2024-06-03T10:43:39,Water the Seeds (red),1,0
135,Zen,2024-06-03T10:43:39,Blanch (yellow),2,0
135,Zen,2024-06-03T10:43:39,Breed Anger (yellow),2,0
135,Zen,2024-06-03T10:43:39,Evasive Leap (yellow),1,0
135,Zen,2024-06-03T10:43:39,Qi Unleashed (yellow),1,0
135,Zen,2024-06-03T10:43:39,Wounding Blow (yellow),1,0
135,Zen,2024-06-03T10:43:39,Breed Anger (blue),1,0
135,Zen,2024-06-03T10:43:39,Droplet (blue),1,0
135,Zen,2024-06-03T10:43:39,First Tenet of Chi: Tide (blue),1,0
135,Zen,2024-06-03T10:43:39,Flex Claws (blue),1,0
135,Zen,2024-06-03T10:43:39,Pouncing Qi (blue),2,0
135,Zen,2024-06-03T10:43:39,Preserve Tradition (blue),1,0
135,Zen,2024-06-03T10:43:39,Sacred Art: Jade Tiger Domain (blue),1,0
135,Zen,2024-06-03T10:43:39,Second Tenet of Chi: Wind (blue),1,0
135,Zen,2024-06-03T10:43:39,Spillover (blue),1,0
135,Zen,2024-06-03T10:43:39,The Grain that Tips the Scale (blue),1,0
135,Zen,2024-06-03T10:43:39,Tiger Form Incantation (blue),1,0
135,Zen,2024-06-03T10:43:39,Untamed (blue),1,0
135,Zen,2024-06-03T10:43:39,Wash Away (blue),1,0
135,Zen,2024-06-03T10:43:39,Wounding Blow (blue),1,0
135,Zen,2024-06-03T10:43:39,Heirloom of Tiger Hide,1,1
135,Zen,2024-06-03T10:43:39,Mask of Wizened Whiskers,1,1
135,Zen,2024-06-03T10:43:39,Skybody Keikoi,1,1
136,Nuu,2024-06-03T10:43:54,Art of Desire: Body (red),1,0
136,Nuu,2024-06-03T10:43:54,Bonds of Memory (red),2,0
136,Nuu,2024-06-03T10:43:54,Evasive Leap (red),1,0
136,Nuu,2024-06-03T10:43:54,Intimate Inducement (red),2,0
136,Nuu,2024-06-03T10:43:54,Nimble Strike (red),2,0
136,Nuu,2024-06-03T10:43:54,Nimblism (red),1,0
136,Nuu,2024-06-03T10:43:54,Pick to Pieces (red),1,0
136,Nuu,2024-06-03T10:43:54,Venomous Bite (red),2,0
136,Nuu,2024-06-03T10:43:54,Bonds of Attraction (yellow),1,0
136,Nuu,2024-06-03T10:43:54,Evasive Leap (yellow),1,0
136,Nuu,2024-06-03T10:43:54,Fact-Finding Mission (yellow),1,0
136,Nuu,2024-06-03T10:43:54,Hiss (yellow),1,0
136,Nuu,2024-06-03T10:43:54,Intimate Inducement (yellow),1,0
136,Nuu,2024-06-03T10:43:54,Mind's Desire (yellow),1,0
136,Nuu,2024-06-03T10:43:54,Nimblism (yellow),1,0
136,Nuu,2024-06-03T10:43:54,Venomous Bite (yellow),1,0
136,Nuu,2024-06-03T10:43:54,Battlefront Bastion (blue),1,0
136,Nuu,2024-06-03T10:43:54,Bonds of Memory (blue),1,0
136,Nuu,2024-06-03T10:43:54,Desires of Flesh (blue),2,0
136,Nuu,2024-06-03T10:43:54,Fact-Finding Mission (blue),1,0
136,Nuu,2024-06-03T10:43:54,Homage to Ancestors (blue),1,0
136,Nuu,2024-06-03T10:43:54,Impulsive Desire (blue),2,0
136,Nuu,2024-06-03T10:43:54,Mind's Desire (blue),1,0
136,Nuu,2024-06-03T10:43:54,Nimble Strike (blue),1,0
136,Nuu,2024-06-03T10:43:54,Nimblism (blue),1,0
136,Nuu,2024-06-03T10:43:54,Pick to Pieces (blue),1,0
136,Nuu,2024-06-03T10:43:54,"Rising Sun, Setting Moon (blue)",1,0
136,Nuu,2024-06-03T10:43:54,The Grain that Tips the Scale (blue),1,0
136,Nuu,2024-06-03T10:43:54,Aqua Seeing Shell,1,1
136,Nuu,2024-06-03T10:43:54,Skyhold Keikoi,1,1
136,Nuu,2024-06-03T10:43:54,Undertow Stilettos,1,1
137,Enigma,2024-05-27T01:30:05,Astral Etchings (red),2,0
137,Enigma,2024-05-27T01:30:05,Battlefront Bastion (red),1,0
137,Enigma,2024-05-27T01:30:05,Emissary of Tides (red),1,0
137,Enigma,2024-05-27T01:30:05,Haunting Specter (red),1,0
137,Enigma,2024-05-27T01:30:05,Sigil of Solitude (red),1,0
137,Enigma,2024-05-27T01:30:05,Single Minded Determination (red),2,0
137,Enigma,2024-05-27T01:30:05,Solitary Companion (red),1,0
137,Enigma,2024-05-27T01:30:05,Spectral Manifestations (red),1,0
137,Enigma,2024-05-27T01:30:05,Waning Vengeance (red),1,0
137,Enigma,2024-05-27T01:30:05,Astral Etchings (yellow),1,0
137,Enigma,2024-05-27T01:30:05,Battlefront Bastion (yellow),1,0
137,Enigma,2024-05-27T01:30:05,Essence of Ancestry: Soul (yellow),1,0
137,Enigma,2024-05-27T01:30:05,Single Minded Determination (yellow),1,0
137,Enigma,2024-05-27T01:30:05,Spectral Manifestations (yellow),1,0
137,Enigma,2024-05-27T01:30:05,A Drop in the Ocean (blue),2,0
137,Enigma,2024-05-27T01:30:05,Deep Blue Sea (blue),1,0
137,Enigma,2024-05-27T01:30:05,Essence of Ancestry: Mind (blue),1,0
137,Enigma,2024-05-27T01:30:05,First Tenet of Chi: Moon (blue),1,0
137,Enigma,2024-05-27T01:30:05,First Tenet of Chi: Tide (blue),1,0
137,Enigma,2024-05-27T01:30:05,First Tenet of Chi: Wind (blue),1,0
137,Enigma,2024-05-27T01:30:05,Haunting Specter (blue),1,0
137,Enigma,2024-05-27T01:30:05,Moon Chakra (blue),1,0
137,Enigma,2024-05-27T01:30:05,"Rising Sun, Setting Moon (blue)",1,0
137,Enigma,2024-05-27T01:30:05,Rising Tide (blue),1,0
137,Enigma,2024-05-27T01:30:05,Sigil of Solitude (blue),1,0
137,Enigma,2024-05-27T01:30:05,Spectral Manifestations (blue),1,0
137,Enigma,2024-05-27T01:30:05,Vengeful Apparition (blue),2,0
137,Enigma,2024-05-27T01:30:05,Wash Away (blue),1,0
137,Enigma,2024-05-27T01:30:05,Skybody Keikoi,1,1
137,Enigma,2024-05-27T01:30:05,Skycrest Keikoi,1,1
137,Enigma,2024-05-27T01:30:05,Skyhold Keikoi,1,1
137,Enigma,2024-05-27T01:30:05,Skywalker Keikoi,1,1
138,Nuu,2024-05-27T01:45:41,Bonds of Attraction (red),1,0
138,Nuu,2024-05-27T01:45:41,Bonds of Memory (red),1,0
138,Nuu,2024-05-27T01:45:41,Double Trouble (red),1,0
138,Nuu,2024-05-27T01:45:41,Evasive Leap (red),2,0
138,Nuu,2024-05-27T01:45:41,Hiss (red),2,0
138,Nuu,2024-05-27T01:45:41,Impulsive Desire (red),1,0
138,Nuu,2024-05-27T01:45:41,Intimate Inducement (red),2,0
138,Nuu,2024-05-27T01:45:41,Mind's Desire (red),1,0
138,Nuu,2024-05-27T01:45:41,Nimble Strike (red),2,0
138,Nuu,2024-05-27T01:45:41,Nimblism (red),1,0
138,Nuu,2024-05-27T01:45:41,Venomous Bite (red),1,0
138,Nuu,2024-05-27T01:45:41,Double Trouble (yellow),1,0
138,Nuu,2024-05-27T01:45:41,Hiss (yellow),1,0
138,Nuu,2024-05-27T01:45:41,Mind's Desire (yellow),1,0
138,Nuu,2024-05-27T01:45:41,Nimblism (yellow),1,0
138,Nuu,2024-05-27T01:45:41,Pick to Pieces (yellow),1,0
138,Nuu,2024-05-27T01:45:41,Venomous Bite (yellow),2,0
138,Nuu,2024-05-27T01:45:41,Battlefront Bastion (blue),1,0
138,Nuu,2024-05-27T01:45:41,Bonds of Memory (blue),2,0
138,Nuu,2024-05-27T01:45:41,First Tenet of Chi: Tide (blue),1,0
138,Nuu,2024-05-27T01:45:41,Homage to Ancestors (blue),1,0
138,Nuu,2024-05-27T01:45:41,Intimate Inducement (blue),1,0
138,Nuu,2024-05-27T01:45:41,Mind's Desire (blue),1,0
138,Nuu,2024-05-27T01:45:41,Pass Over (blue),2,0
138,Nuu,2024-05-27T01:45:41,Pick to Pieces (blue),1,0
138,Nuu,2024-05-27T01:45:41,"Rising Sun, Setting Moon (blue)",1,0
138,Nuu,2024-05-27T01:45:41,Venomous Bite (blue),1,0
138,Nuu,2024-05-27T01:45:41,Arousing Wave,1,1
138,Nuu,2024-05-27T01:45:41,Koi Blessed Kimono,1,1
139,Nuu,2024-05-27T03:13:31,Battlefront Bastion (red),1,0
139,Nuu,2024-05-27T03:13:31,Bonds of Memory (red),3,0
139,Nuu,2024-05-27T03:13:31,Desires of Flesh (red),2,0
139,Nuu,2024-05-27T03:13:31,Double Trouble (red),1,0
139,Nuu,2024-05-27T03:13:31,Emissary of Moon (red),1,0
139,Nuu,2024-05-27T03:13:31,Gravekeeping (red),1,0
139,Nuu,2024-05-27T03:13:31,Mind's Desire (red),1,0
139,Nuu,2024-05-27T03:13:31,Pick to Pieces (red),1,0
139,Nuu,2024-05-27T03:13:31,Desires of Flesh (yellow),1,0
139,Nuu,2024-05-27T03:13:31,Double Trouble (yellow),1,0
139,Nuu,2024-05-27T03:13:31,Gravekeeping (yellow),1,0
139,Nuu,2024-05-27T03:13:31,Hiss (yellow),2,0
139,Nuu,2024-05-27T03:13:31,Pick to Pieces (yellow),2,0
139,Nuu,2024-05-27T03:13:31,Venomous Bite (yellow),1,0
139,Nuu,2024-05-27T03:13:31,Water the Seeds (yellow),1,0
139,Nuu,2024-05-27T03:13:31,Desires of Flesh (blue),2,0
139,Nuu,2024-05-27T03:13:31,Evasive Leap (blue),1,0
139,Nuu,2024-05-27T03:13:31,First Tenet of Chi: Moon (blue),3,0
139,Nuu,2024-05-27T03:13:31,Homage to Ancestors (blue),1,0
139,Nuu,2024-05-27T03:13:31,Impulsive Desire (blue),1,0
139,Nuu,2024-05-27T03:13:31,Pick to Pieces (blue),2,0
139,Nuu,2024-05-27T03:13:31,Preserve Tradition (blue),1,0
139,Nuu,2024-05-27T03:13:31,Second Tenet of Chi: Tide (blue),1,0
139,Nuu,2024-05-27T03:13:31,Spillover (blue),1,0
139,Nuu,2024-05-27T03:13:31,Stir the Pot (blue),1,0
139,Nuu,2024-05-27T03:13:31,Wash Away (blue),1,0
139,Nuu,2024-05-27T03:13:31,Skybody Keikoi,1,1
139,Nuu,2024-05-27T03:13:31,Skyhold Keikoi,1,1
139,Nuu,2024-05-27T03:13:31,Undertow Stilettos,1,1
140,Enigma,2024-05-27T19:37:12,Blanch (red),1,0
140,Enigma,2024-05-27T19:37:12,Evasive Leap (red),1,0
140,Enigma,2024-05-27T19:37:12,Fact-Finding Mission (red),1,0
140,Enigma,2024-05-27T19:37:12,Gravekeeping (red),1,0
140,Enigma,2024-05-27T19:37:12,Sigil of Solitude (red),1,0
140,Enigma,2024-05-27T19:37:12,Spectral Manifestations (red),2,0
140,Enigma,2024-05-27T19:37:12,Waning Vengeance (red),2,0
140,Enigma,2024-05-27T19:37:12,Haze Shelter (yellow),1,0
140,Enigma,2024-05-27T19:37:12,Spectral Manifestations (yellow),1,0
140,Enigma,2024-05-27T19:37:12,Vengeful Apparition (yellow),1,0
140,Enigma,2024-05-27T19:37:12,Waxing Specter (yellow),1,0
140,Enigma,2024-05-27T19:37:12,Wounding Blow (yellow),1,0
140,Enigma,2024-05-27T19:37:12,Astral Etchings (blue),1,0
140,Enigma,2024-05-27T19:37:12,Battlefront Bastion (blue),1,0
140,Enigma,2024-05-27T19:37:12,Deep Blue Sea (blue),1,0
140,Enigma,2024-05-27T19:37:12,Essence of Ancestry: Mind (blue),1,0
140,Enigma,2024-05-27T19:37:12,First Tenet of Chi: Tide (blue),1,0
140,Enigma,2024-05-27T19:37:12,Haze Shelter (blue),1,0
140,Enigma,2024-05-27T19:37:12,Preserve Tradition (blue),1,0
140,Enigma,2024-05-27T19:37:12,"Rising Sun, Setting Moon (blue)",1,0
140,Enigma,2024-05-27T19:37:12,Second Tenet of Chi: Moon (blue),1,0
140,Enigma,2024-05-27T19:37:12,Sigil of Solitude (blue),1,0
140,Enigma,2024-05-27T19:37:12,Spectral Manifestations (blue),1,0
140,Enigma,2024-05-27T19:37:12,Stir the Pot (blue),2,0
140,Enigma,2024-05-27T19:37:12,Vengeful Apparition (blue),1,0
140,Enigma,2024-05-27T19:37:12,Waning Vengeance (blue),1,0
140,Enigma,2024-05-27T19:37:12,Waxing Specter (blue),1,0
140,Enigma,2024-05-27T19:37:12,Skybody Keikoi,1,1
140,Enigma,2024-05-27T19:37:12,Skywalker Keikoi,1,1
140,Enigma,2024-05-27T19:37:12,Truths Retold,1,1
140,Enigma,2024-05-27T19:37:12,Uphold Tradition,1,1
140,Enigma,2024-05-27T19:37:12,Waves of Aqua Marine,1,1
141,Enigma,2024-05-27T20:52:50,Emissary of Moon (red),2,0
141,Enigma,2024-05-27T20:52:50,Emissary of Tides (red),1,0
141,Enigma,2024-05-27T20:52:50,Haze Shelter (red),1,0
141,Enigma,2024-05-27T20:52:50,Sigil of Solitude (red),2,0
141,Enigma,2024-05-27T20:52:50,Spectral Manifestations (red),2,0
141,Enigma,2024-05-27T20:52:50,Waning Vengeance (red),2,0
141,Enigma,2024-05-27T20:52:50,Waxing Specter (red),2,0
141,Enigma,2024-05-27T20:52:50,Spectral Manifestations (yellow),1,0
141,Enigma,2024-05-27T20:52:50,Waxing Specter (yellow),2,0
141,Enigma,2024-05-27T20:52:50,Battlefront Bastion (blue),1,0
141,Enigma,2024-05-27T20:52:50,Blanch (blue),1,0
141,Enigma,2024-05-27T20:52:50,Essence of Ancestry: Mind (blue),1,0
141,Enigma,2024-05-27T20:52:50,First Tenet of Chi: Moon (blue),1,0
141,Enigma,2024-05-27T20:52:50,First Tenet of Chi: Tide (blue),1,0
141,Enigma,2024-05-27T20:52:50,First Tenet of Chi: Wind (blue),1,0
141,Enigma,2024-05-27T20:52:50,Homage to Ancestors (blue),1,0
141,Enigma,2024-05-27T20:52:50,Preserve Tradition (blue),1,0
141,Enigma,2024-05-27T20:52:50,Sigil of Solitude (blue),3,0
141,Enigma,2024-05-27T20:52:50,Single Minded Determination (blue),2,0
141,Enigma,2024-05-27T20:52:50,Solitary Companion (blue),1,0
141,Enigma,2024-05-27T20:52:50,Spectral Manifestations (blue),1,0
141,Enigma,2024-05-27T20:52:50,Vengeful Apparition (blue),3,0
141,Enigma,2024-05-27T20:52:50,Water the Seeds (blue),1,0
141,Enigma,2024-05-27T20:52:50,Waxing Specter (blue),1,0
141,Enigma,2024-05-27T20:52:50,Wide Blue Yonder (blue),1,0
141,Enigma,2024-05-27T20:52:50,Aqua Seeing Shell,1,1
141,Enigma,2024-05-27T20:52:50,Skybody Keikoi,1,1
141,Enigma,2024-05-27T20:52:50,Skywalker Keikoi,1,1
141,Enigma,2024-05-27T20:52:50,Truths Retold,1,1
141,Enigma,2024-05-27T20:52:50,Uphold Tradition,1,1
142,Enigma,2024-05-27T21:34:16,Essence of Ancestry: Body (red),1,0
142,Enigma,2024-05-27T21:34:16,Haunting Specter (red),1,0
142,Enigma,2024-05-27T21:34:16,Haze Shelter (red),3,0
142,Enigma,2024-05-27T21:34:16,Moon Chakra (red),1,0
142,Enigma,2024-05-27T21:34:16,Nimble Strike (red),1,0
142,Enigma,2024-05-27T21:34:16,Nimblism (red),1,0
142,Enigma,2024-05-27T21:34:16,Single Minded Determination (red),3,0
142,Enigma,2024-05-27T21:34:16,Waning Vengeance (red),1,0
142,Enigma,2024-05-27T21:34:16,Essence of Ancestry: Soul (yellow),1,0
142,Enigma,2024-05-27T21:34:16,Solitary Companion (yellow),1,0
142,Enigma,2024-05-27T21:34:16,Vengeful Apparition (yellow),1,0
142,Enigma,2024-05-27T21:34:16,Waxing Specter (yellow),2,0
142,Enigma,2024-05-27T21:34:16,Wounding Blow (yellow),1,0
142,Enigma,2024-05-27T21:34:16,A Drop in the Ocean (blue),1,0
142,Enigma,2024-05-27T21:34:16,Deep Blue Sea (blue),1,0
142,Enigma,2024-05-27T21:34:16,Essence of Ancestry: Mind (blue),1,0
142,Enigma,2024-05-27T21:34:16,First Tenet of Chi: Wind (blue),1,0
142,Enigma,2024-05-27T21:34:16,Homage to Ancestors (blue),1,0
142,Enigma,2024-05-27T21:34:16,Levels of Enlightenment (blue),1,0
142,Enigma,2024-05-27T21:34:16,Moon Chakra (blue),1,0
142,Enigma,2024-05-27T21:34:16,Path Well Traveled (blue),1,0
142,Enigma,2024-05-27T21:34:16,Sigil of Solitude (blue),1,0
142,Enigma,2024-05-27T21:34:16,Single Minded Determination (blue),1,0
142,Enigma,2024-05-27T21:34:16,Spectral Manifestations (blue),1,0
142,Enigma,2024-05-27T21:34:16,The Grain that Tips the Scale (blue),1,0
142,Enigma,2024-05-27T21:34:16,Vengeful Apparition (blue),2,0
142,Enigma,2024-05-27T21:34:16,Wash Away (blue),1,0
142,Enigma,2024-05-27T21:34:16,Wounding Blow (blue),2,0
142,Enigma,2024-05-27T21:34:16,Aqua Laps,1,1
142,Enigma,2024-05-27T21:34:16,Skybody Keikoi,1,1
142,Enigma,2024-05-27T21:34:16,Skycrest Keikoi,1,1
142,Enigma,2024-05-27T21:34:16,Truths Retold,1,1
142,Enigma,2024-05-27T21:34:16,Uphold Tradition,1,1
143,Nuu,2024-05-27T22:25:48,Art of Desire: Body (red),1,0
143,Nuu,2024-05-27T22:25:48,Bonds of Attraction (red),1,0
143,Nuu,2024-05-27T22:25:48,Bonds of Memory (red),1,0
143,Nuu,2024-05-27T22:25:48,Desires of Flesh (red),2,0
143,Nuu,2024-05-27T22:25:48,Double Trouble (red),1,0
143,Nuu,2024-05-27T22:25:48,Fact-Finding Mission (red),1,0
143,Nuu,2024-05-27T22:25:48,Hiss (red),2,0
143,Nuu,2024-05-27T22:25:48,Impulsive Desire (red),2,0
143,Nuu,2024-05-27T22:25:48,Intimate Inducement (red),1,0
143,Nuu,2024-05-27T22:25:48,Pick to Pieces (red),1,0
143,Nuu,2024-05-27T22:25:48,Venomous Bite (red),1,0
143,Nuu,2024-05-27T22:25:48,Bonds of Memory (yellow),1,0
143,Nuu,2024-05-27T22:25:48,Gravekeeping (yellow),1,0
143,Nuu,2024-05-27T22:25:48,Tide Chakra (yellow),1,0
143,Nuu,2024-05-27T22:25:48,Bonds of Attraction (blue),1,0
143,Nuu,2024-05-27T22:25:48,Double Trouble (blue),2,0
143,Nuu,2024-05-27T22:25:48,Fact-Finding Mission (blue),1,0
143,Nuu,2024-05-27T22:25:48,First Tenet of Chi: Wind (blue),1,0
143,Nuu,2024-05-27T22:25:48,Hiss (blue),2,0
143,Nuu,2024-05-27T22:25:48,Impulsive Desire (blue),1,0
143,Nuu,2024-05-27T22:25:48,Intimate Inducement (blue),1,0
143,Nuu,2024-05-27T22:25:48,Nimblism (blue),1,0
143,Nuu,2024-05-27T22:25:48,Pass Over (blue),1,0
143,Nuu,2024-05-27T22:25:48,"Rising Sun, Setting Moon (blue)",1,0
143,Nuu,2024-05-27T22:25:48,Rising Tide (blue),1,0
143,Nuu,2024-05-27T22:25:48,The Grain that Tips the Scale (blue),1,0
143,Nuu,2024-05-27T22:25:48,Venomous Bite (blue),2,0
143,Nuu,2024-05-27T22:25:48,Wounding Blow (blue),1,0
143,Nuu,2024-05-27T22:25:48,Arousing Wave,1,1
143,Nuu,2024-05-27T22:25:48,Skycrest Keikoi,1,1
143,Nuu,2024-05-27T22:25:48,Undertow Stilettos,1,1
144,Enigma,2024-05-27T22:57:39,Essence of Ancestry: Body (red),1,0
144,Enigma,2024-05-27T22:57:39,Fact-Finding Mission (red),1,0
144,Enigma,2024-05-27T22:57:39,Haze Shelter (red),1,0
144,Enigma,2024-05-27T22:57:39,Sigil of Solitude (red),3,0
144,Enigma,2024-05-27T22:57:39,Solitary Companion (red),2,0
144,Enigma,2024-05-27T22:57:39,Spectral Manifestations (red),1,0
144,Enigma,2024-05-27T22:57:39,Three Visits (red),1,0
144,Enigma,2024-05-27T22:57:39,Waning Vengeance (red),2,0
144,Enigma,2024-05-27T22:57:39,Waxing Specter (red),2,0
144,Enigma,2024-05-27T22:57:39,Solitary Companion (yellow),1,0
144,Enigma,2024-05-27T22:57:39,Spectral Manifestations (yellow),1,0
144,Enigma,2024-05-27T22:57:39,Waxing Specter (yellow),2,0
144,Enigma,2024-05-27T22:57:39,A Drop in the Ocean (blue),2,0
144,Enigma,2024-05-27T22:57:39,Battlefront Bastion (blue),1,0
144,Enigma,2024-05-27T22:57:39,Essence of Ancestry: Mind (blue),1,0
144,Enigma,2024-05-27T22:57:39,First Tenet of Chi: Moon (blue),1,0
144,Enigma,2024-05-27T22:57:39,First Tenet of Chi: Tide (blue),1,0
144,Enigma,2024-05-27T22:57:39,First Tenet of Chi: Wind (blue),1,0
144,Enigma,2024-05-27T22:57:39,Homage to Ancestors (blue),2,0
144,Enigma,2024-05-27T22:57:39,Single Minded Determination (blue),1,0
144,Enigma,2024-05-27T22:57:39,Spectral Manifestations (blue),3,0
144,Enigma,2024-05-27T22:57:39,The Grain that Tips the Scale (blue),1,0
144,Enigma,2024-05-27T22:57:39,Vengeful Apparition (blue),1,0
144,Enigma,2024-05-27T22:57:39,Wash Away (blue),1,0
144,Enigma,2024-05-27T22:57:39,Waxing Specter (blue),1,0
144,Enigma,2024-05-27T22:57:39,Wounding Blow (blue),1,0
144,Enigma,2024-05-27T22:57:39,Aqua Laps,1,1
144,Enigma,2024-05-27T22:57:39,Aqua Seeing Shell,1,1
144,Enigma,2024-05-27T22:57:39,Heirloom of Rabbit Hide,1,1
144,Enigma,2024-05-27T22:57:39,Skybody Keikoi,1,1
144,Enigma,2024-05-27T22:57:39,Skycrest Keikoi,1,1
144,Enigma,2024-05-27T22:57:39,Uphold Tradition,1,1
145,Enigma,2024-05-27T23:07:07,Evasive Leap (red),1,0
145,Enigma,2024-05-27T23:07:07,Haunting Specter (red),1,0
145,Enigma,2024-05-27T23:07:07,Haze Shelter (red),1,0
145,Enigma,2024-05-27T23:07:07,Single Minded Determination (red),1,0
145,Enigma,2024-05-27T23:07:07,Solitary Companion (red),1,0
145,Enigma,2024-05-27T23:07:07,Spectral Manifestations (red),2,0
145,Enigma,2024-05-27T23:07:07,Astral Etchings (yellow),1,0
145,Enigma,2024-05-27T23:07:07,Battlefront Bastion (yellow),1,0
145,Enigma,2024-05-27T23:07:07,Evasive Leap (yellow),1,0
145,Enigma,2024-05-27T23:07:07,Fact-Finding Mission (yellow),1,0
145,Enigma,2024-05-27T23:07:07,Moon Chakra (yellow),1,0
145,Enigma,2024-05-27T23:07:07,Restless Coalescence (yellow),1,0
145,Enigma,2024-05-27T23:07:07,Solitary Companion (yellow),2,0
145,Enigma,2024-05-27T23:07:07,Waning Vengeance (yellow),3,0
145,Enigma,2024-05-27T23:07:07,Waxing Specter (yellow),1,0
145,Enigma,2024-05-27T23:07:07,A Drop in the Ocean (blue),1,0
145,Enigma,2024-05-27T23:07:07,Astral Etchings (blue),1,0
145,Enigma,2024-05-27T23:07:07,Battlefront Bastion (blue),1,0
145,Enigma,2024-05-27T23:07:07,Haze Shelter (blue),3,0
145,Enigma,2024-05-27T23:07:07,Moon Chakra (blue),1,0
145,Enigma,2024-05-27T23:07:07,"Rising Sun, Setting Moon (blue)",2,0
145,Enigma,2024-05-27T23:07:07,Single Minded Determination (blue),1,0
145,Enigma,2024-05-27T23:07:07,Solitary Companion (blue),1,0
145,Enigma,2024-05-27T23:07:07,Spectral Manifestations (blue),1,0
145,Enigma,2024-05-27T23:07:07,Wash Away (blue),1,0
145,Enigma,2024-05-27T23:07:07,Waxing Specter (blue),1,0
145,Enigma,2024-05-27T23:07:07,Aqua Laps,1,1
145,Enigma,2024-05-27T23:07:07,Aqua Seeing Shell,1,1
145,Enigma,2024-05-27T23:07:07,Uphold Tradition,1,1
146,Zen,2024-05-28T00:09:44,Biting Breeze (red),1,0
146,Zen,2024-05-28T00:09:44,Breed Anger (red),2,0
146,Zen,2024-05-28T00:09:44,Emissary of Moon (red),1,0
146,Zen,2024-05-28T00:09:44,Fact-Finding Mission (red),1,0
146,Zen,2024-05-28T00:09:44,Harmony of the Hunt (red),2,0
146,Zen,2024-05-28T00:09:44,Pouncing Qi (red),2,0
146,Zen,2024-05-28T00:09:44,Qi Unleashed (red),1,0
146,Zen,2024-05-28T00:09:44,Tiger Form Incantation (red),3,0
146,Zen,2024-05-28T00:09:44,Water the Seeds (red),1,0
146,Zen,2024-05-28T00:09:44,Wounding Blow (red),1,0
146,Zen,2024-05-28T00:09:44,Battlefront Bastion (yellow),1,0
146,Zen,2024-05-28T00:09:44,Companion of the Claw (yellow),1,0
146,Zen,2024-05-28T00:09:44,Evasive Leap (yellow),1,0
146,Zen,2024-05-28T00:09:44,Maul (yellow),1,0
146,Zen,2024-05-28T00:09:44,Pouncing Qi (yellow),1,0
146,Zen,2024-05-28T00:09:44,Untamed (yellow),1,0
146,Zen,2024-05-28T00:09:44,Battlefront Bastion (blue),1,0
146,Zen,2024-05-28T00:09:44,Breed Anger (blue),2,0
146,Zen,2024-05-28T00:09:44,Companion of the Claw (blue),1,0
146,Zen,2024-05-28T00:09:44,Flex Claws (blue),2,0
146,Zen,2024-05-28T00:09:44,Harmony of the Hunt (blue),2,0
146,Zen,2024-05-28T00:09:44,Nimblism (blue),1,0
146,Zen,2024-05-28T00:09:44,Path Well Traveled (blue),1,0
146,Zen,2024-05-28T00:09:44,Pouncing Qi (blue),2,0
146,Zen,2024-05-28T00:09:44,Second Tenet of Chi: Tide (blue),1,0
146,Zen,2024-05-28T00:09:44,Tidal Surge (blue),1,0
146,Zen,2024-05-28T00:09:44,Untamed (blue),1,0
146,Zen,2024-05-28T00:09:44,Water the Seeds (blue),1,0
146,Zen,2024-05-28T00:09:44,Wounding Blow (blue),1,0
146,Zen,2024-05-28T00:09:44,Heirloom of Tiger Hide,1,1
146,Zen,2024-05-28T00:09:44,Mask of Wizened Whiskers,1,1
146,Zen,2024-05-28T00:09:44,Waves of Aqua Marine,1,1
147,Zen,2024-05-28T01:16:31,Biting Breeze (red),1,0
147,Zen,2024-05-28T01:16:31,Blessing of Qi (red),1,0
147,Zen,2024-05-28T01:16:31,Fact-Finding Mission (red),1,0
147,Zen,2024-05-28T01:16:31,Flex Claws (red),2,0
147,Zen,2024-05-28T01:16:31,Harmony of the Hunt (red),1,0
147,Zen,2024-05-28T01:16:31,Pouncing Qi (red),2,0
147,Zen,2024-05-28T01:16:31,Tiger Form Incantation (red),3,0
147,Zen,2024-05-28T01:16:31,Untamed (red),2,0
147,Zen,2024-05-28T01:16:31,Biting Breeze (yellow),1,0
147,Zen,2024-05-28T01:16:31,Fact-Finding Mission (yellow),1,0
147,Zen,2024-05-28T01:16:31,Harmony of the Hunt (yellow),1,0
147,Zen,2024-05-28T01:16:31,Prismatic Leyline (yellow),1,0
147,Zen,2024-05-28T01:16:31,Untamed (yellow),1,0
147,Zen,2024-05-28T01:16:31,Biting Breeze (blue),1,0
147,Zen,2024-05-28T01:16:31,Breed Anger (blue),3,0
147,Zen,2024-05-28T01:16:31,Harmony of the Hunt (blue),1,0
147,Zen,2024-05-28T01:16:31,Nimblism (blue),1,0
147,Zen,2024-05-28T01:16:31,Pouncing Qi (blue),2,0
147,Zen,2024-05-28T01:16:31,Qi Unleashed (blue),1,0
147,Zen,2024-05-28T01:16:31,Rising Tide (blue),1,0
147,Zen,2024-05-28T01:16:31,Shifting Winds of the Mystic Beast (blue),1,0
147,Zen,2024-05-28T01:16:31,Stir the Pot (blue),1,0
147,Zen,2024-05-28T01:16:31,Untamed (blue),1,0
147,Zen,2024-05-28T01:16:31,Wide Blue Yonder (blue),1,0
147,Zen,2024-05-28T01:16:31,Wounding Blow (blue),1,0
147,Zen,2024-05-28T01:16:31,Heirloom of Tiger Hide,1,1
147,Zen,2024-05-28T01:16:31,Mask of Wizened Whiskers,1,1
147,Zen,2024-05-28T01:16:31,Skyhold Keikoi,1,1
147,Zen,2024-05-28T01:16:31,Stride of Reprisal,1,1
148,Enigma,2024-05-28T01:22:50,Emissary of Wind (red),1,0
148,Enigma,2024-05-28T01:22:50,Evasive Leap (red),1,0
148,Enigma,2024-05-28T01:22:50,Fact-Finding Mission (red),1,0
148,Enigma,2024-05-28T01:22:50,Sigil of Solitude (red),1,0
148,Enigma,2024-05-28T01:22:50,Single Minded Determination (red),1,0
148,Enigma,2024-05-28T01:22:50,Solitary Companion (red),2,0
148,Enigma,2024-05-28T01:22:50,Spectral Manifestations (red),2,0
148,Enigma,2024-05-28T01:22:50,Three Visits (red),1,0
148,Enigma,2024-05-28T01:22:50,Vengeful Apparition (red),2,0
148,Enigma,2024-05-28T01:22:50,Waxing Specter (red),3,0
148,Enigma,2024-05-28T01:22:50,Moon Chakra (yellow),1,0
148,Enigma,2024-05-28T01:22:50,Single Minded Determination (yellow),1,0
148,Enigma,2024-05-28T01:22:50,Spectral Manifestations (yellow),2,0
148,Enigma,2024-05-28T01:22:50,Waxing Specter (yellow),1,0
148,Enigma,2024-05-28T01:22:50,A Drop in the Ocean (blue),2,0
148,Enigma,2024-05-28T01:22:50,Astral Etchings (blue),1,0
148,Enigma,2024-05-28T01:22:50,Battlefront Bastion (blue),1,0
148,Enigma,2024-05-28T01:22:50,Essence of Ancestry: Mind (blue),1,0
148,Enigma,2024-05-28T01:22:50,First Tenet of Chi: Wind (blue),2,0
148,Enigma,2024-05-28T01:22:50,Moon Chakra (blue),1,0
148,Enigma,2024-05-28T01:22:50,Pass Over (blue),1,0
148,Enigma,2024-05-28T01:22:50,Preserve Tradition (blue),1,0
148,Enigma,2024-05-28T01:22:50,Single Minded Determination (blue),2,0
148,Enigma,2024-05-28T01:22:50,Stir the Pot (blue),1,0
148,Enigma,2024-05-28T01:22:50,Vengeful Apparition (blue),3,0
148,Enigma,2024-05-28T01:22:50,Wounding Blow (blue),1,0
148,Enigma,2024-05-28T01:22:50,Skybody Keikoi,1,1
148,Enigma,2024-05-28T01:22:50,Skycrest Keikoi,1,1
148,Enigma,2024-05-28T01:22:50,Skywalker Keikoi,1,1
148,Enigma,2024-05-28T01:22:50,Uphold Tradition,1,1
149,Enigma,2024-05-28T01:22:58,Emissary of Moon (red),1,0
149,Enigma,2024-05-28T01:22:58,Fact-Finding Mission (red),1,0
149,Enigma,2024-05-28T01:22:58,Gravekeeping (red),1,0
149,Enigma,2024-05-28T01:22:58,Solitary Companion (red),1,0
149,Enigma,2024-05-28T01:22:58,Spectral Manifestations (red),3,0
149,Enigma,2024-05-28T01:22:58,Waxing Specter (red),2,0
149,Enigma,2024-05-28T01:22:58,Astral Etchings (yellow),1,0
149,Enigma,2024-05-28T01:22:58,Blanch (yellow),1,0
149,Enigma,2024-05-28T01:22:58,Essence of Ancestry: Soul (yellow),1,0
149,Enigma,2024-05-28T01:22:58,Restless Coalescence (yellow),1,0
149,Enigma,2024-05-28T01:22:58,Vengeful Apparition (yellow),2,0
149,Enigma,2024-05-28T01:22:58,A Drop in the Ocean (blue),2,0
149,Enigma,2024-05-28T01:22:58,Essence of Ancestry: Mind (blue),1,0
149,Enigma,2024-05-28T01:22:58,First Tenet of Chi: Moon (blue),4,0
149,Enigma,2024-05-28T01:22:58,Moon Chakra (blue),1,0
149,Enigma,2024-05-28T01:22:58,"Rising Sun, Setting Moon (blue)",2,0
149,Enigma,2024-05-28T01:22:58,Single Minded Determination (blue),3,0
149,Enigma,2024-05-28T01:22:58,Solitary Companion (blue),2,0
149,Enigma,2024-05-28T01:22:58,Spectral Manifestations (blue),2,0
149,Enigma,2024-05-28T01:22:58,Spillover (blue),1,0
149,Enigma,2024-05-28T01:22:58,Vengeful Apparition (blue),1,0
149,Enigma,2024-05-28T01:22:58,Water the Seeds (blue),1,0
149,Enigma,2024-05-28T01:22:58,Heirloom of Rabbit Hide,1,1
149,Enigma,2024-05-28T01:22:58,Skybody Keikoi,1,1
149,Enigma,2024-05-28T01:22:58,Skywalker Keikoi,1,1
149,Enigma,2024-05-28T01:22:58,Truths Retold,1,1
149,Enigma,2024-05-28T01:22:58,Uphold Tradition,1,1
150,Zen,2024-05-28T02:19:21,Breed Anger (red),2,0
150,Zen,2024-05-28T02:19:21,Emissary of Tides (red),1,0
150,Zen,2024-05-28T02:19:21,Emissary of Wind (red),1,0
150,Zen,2024-05-28T02:19:21,Flex Claws (red),1,0
150,Zen,2024-05-28T02:19:21,Nimblism (red),1,0
150,Zen,2024-05-28T02:19:21,The Weakest Link (red),1,0
150,Zen,2024-05-28T02:19:21,Tiger Form Incantation (red),2,0
150,Zen,2024-05-28T02:19:21,Untamed (red),2,0
150,Zen,2024-05-28T02:19:21,Blessing of Qi (yellow),1,0
150,Zen,2024-05-28T02:19:21,Nimble Strike (yellow),1,0
150,Zen,2024-05-28T02:19:21,Qi Unleashed (yellow),1,0
150,Zen,2024-05-28T02:19:21,Tiger Form Incantation (yellow),1,0
150,Zen,2024-05-28T02:19:21,Water the Seeds (yellow),1,0
150,Zen,2024-05-28T02:19:21,Wind Chakra (yellow),1,0
150,Zen,2024-05-28T02:19:21,Biting Breeze (blue),1,0
150,Zen,2024-05-28T02:19:21,Breed Anger (blue),2,0
150,Zen,2024-05-28T02:19:21,Droplet (blue),1,0
150,Zen,2024-05-28T02:19:21,First Tenet of Chi: Moon (blue),1,0
150,Zen,2024-05-28T02:19:21,First Tenet of Chi: Wind (blue),1,0
150,Zen,2024-05-28T02:19:21,Nimble Strike (blue),1,0
150,Zen,2024-05-28T02:19:21,Path Well Traveled (blue),1,0
150,Zen,2024-05-28T02:19:21,Pouncing Qi (blue),3,0
150,Zen,2024-05-28T02:19:21,Preserve Tradition (blue),1,0
150,Zen,2024-05-28T02:19:21,The Grain that Tips the Scale (blue),1,0
150,Zen,2024-05-28T02:19:21,Tidal Surge (blue),1,0
150,Zen,2024-05-28T02:19:21,Aqua Laps,1,1
150,Zen,2024-05-28T02:19:21,Aqua Seeing Shell,1,1
150,Zen,2024-05-28T02:19:21,Skycrest Keikoi,1,1
151,Enigma,2024-05-28T11:45:01,Haze Shelter (red),1,0
151,Enigma,2024-05-28T11:45:01,Sigil of Solitude (red),2,0
151,Enigma,2024-05-28T11:45:01,Solitary Companion (red),1,0
151,Enigma,2024-05-28T11:45:01,Spectral Manifestations (red),1,0
151,Enigma,2024-05-28T11:45:01,Vengeful Apparition (red),1,0
151,Enigma,2024-05-28T11:45:01,Waxing Specter (red),1,0
151,Enigma,2024-05-28T11:45:01,Wounding Blow (red),1,0
151,Enigma,2024-05-28T11:45:01,Battlefront Bastion (yellow),1,0
151,Enigma,2024-05-28T11:45:01,Evasive Leap (yellow),2,0
151,Enigma,2024-05-28T11:45:01,Spectral Manifestations (yellow),1,0
151,Enigma,2024-05-28T11:45:01,Waning Vengeance (yellow),1,0
151,Enigma,2024-05-28T11:45:01,A Drop in the Ocean (blue),1,0
151,Enigma,2024-05-28T11:45:01,Astral Etchings (blue),1,0
151,Enigma,2024-05-28T11:45:01,Big Blue Sky (blue),1,0
151,Enigma,2024-05-28T11:45:01,First Tenet of Chi: Tide (blue),3,0
151,Enigma,2024-05-28T11:45:01,First Tenet of Chi: Wind (blue),1,0
151,Enigma,2024-05-28T11:45:01,Haunting Specter (blue),1,0
151,Enigma,2024-05-28T11:45:01,Homage to Ancestors (blue),1,0
151,Enigma,2024-05-28T11:45:01,Moon Chakra (blue),1,0
151,Enigma,2024-05-28T11:45:01,Pass Over (blue),1,0
151,Enigma,2024-05-28T11:45:01,Preserve Tradition (blue),1,0
151,Enigma,2024-05-28T11:45:01,Second Tenet of Chi: Moon (blue),1,0
151,Enigma,2024-05-28T11:45:01,Second Tenet of Chi: Tide (blue),1,0
151,Enigma,2024-05-28T11:45:01,Spectral Manifestations (blue),1,0
151,Enigma,2024-05-28T11:45:01,Stir the Pot (blue),1,0
151,Enigma,2024-05-28T11:45:01,Vengeful Apparition (blue),2,0
151,Enigma,2024-05-28T11:45:01,Wash Away (blue),1,0
151,Enigma,2024-05-28T11:45:01,Water the Seeds (blue),2,0
151,Enigma,2024-05-28T11:45:01,Koi Blessed Kimono,1,1
151,Enigma,2024-05-28T11:45:01,Skyhold Keikoi,1,1
151,Enigma,2024-05-28T11:45:01,Skywalker Keikoi,1,1
151,Enigma,2024-05-28T11:45:01,Truths Retold,1,1
152,Nuu,2024-05-28T11:46:51,Bonds of Attraction (red),1,0
152,Nuu,2024-05-28T11:46:51,Bonds of Memory (red),2,0
152,Nuu,2024-05-28T11:46:51,Desires of Flesh (red),1,0
152,Nuu,2024-05-28T11:46:51,Double Trouble (red),1,0
152,Nuu,2024-05-28T11:46:51,Evasive Leap (red),1,0
152,Nuu,2024-05-28T11:46:51,Fact-Finding Mission (red),1,0
152,Nuu,2024-05-28T11:46:51,Impulsive Desire (red),3,0
152,Nuu,2024-05-28T11:46:51,Mind's Desire (red),1,0
152,Nuu,2024-05-28T11:46:51,Nimble Strike (red),1,0
152,Nuu,2024-05-28T11:46:51,Pick to Pieces (red),3,0
152,Nuu,2024-05-28T11:46:51,Venomous Bite (red),2,0
152,Nuu,2024-05-28T11:46:51,Bonds of Memory (yellow),1,0
152,Nuu,2024-05-28T11:46:51,Evasive Leap (yellow),1,0
152,Nuu,2024-05-28T11:46:51,Intimate Inducement (yellow),1,0
152,Nuu,2024-05-28T11:46:51,Venomous Bite (yellow),1,0
152,Nuu,2024-05-28T11:46:51,Water the Seeds (yellow),1,0
152,Nuu,2024-05-28T11:46:51,Bonds of Attraction (blue),1,0
152,Nuu,2024-05-28T11:46:51,Desires of Flesh (blue),1,0
152,Nuu,2024-05-28T11:46:51,First Tenet of Chi: Wind (blue),1,0
152,Nuu,2024-05-28T11:46:51,Impulsive Desire (blue),1,0
152,Nuu,2024-05-28T11:46:51,Intimate Inducement (blue),1,0
152,Nuu,2024-05-28T11:46:51,Mind's Desire (blue),1,0
152,Nuu,2024-05-28T11:46:51,Nimble Strike (blue),1,0
152,Nuu,2024-05-28T11:46:51,Nimblism (blue),1,0
152,Nuu,2024-05-28T11:46:51,Pass Over (blue),1,0
152,Nuu,2024-05-28T11:46:51,Pick to Pieces (blue),2,0
152,Nuu,2024-05-28T11:46:51,Preserve Tradition (blue),1,0
152,Nuu,2024-05-28T11:46:51,Wide Blue Yonder (blue),2,0
152,Nuu,2024-05-28T11:46:51,Aqua Laps,1,1
152,Nuu,2024-05-28T11:46:51,Heirloom of Snake Hide,1,1
152,Nuu,2024-05-28T11:46:51,Skycrest Keikoi,1,1
152,Nuu,2024-05-28T11:46:51,Waves of Aqua Marine,1,1
153,Enigma,2024-05-28T15:00:18,Battlefront Bastion (red),1,0
153,Enigma,2024-05-28T15:00:18,Haze Shelter (red),2,0
153,Enigma,2024-05-28T15:00:18,Moon Chakra (red),2,0
153,Enigma,2024-05-28T15:00:18,Sigil of Solitude (red),1,0
153,Enigma,2024-05-28T15:00:18,Single Minded Determination (red),2,0
153,Enigma,2024-05-28T15:00:18,Spectral Manifestations (red),2,0
153,Enigma,2024-05-28T15:00:18,Vengeful Apparition (red),1,0
153,Enigma,2024-05-28T15:00:18,Waning Vengeance (red),1,0
153,Enigma,2024-05-28T15:00:18,Waxing Specter (red),1,0
153,Enigma,2024-05-28T15:00:18,Essence of Ancestry: Soul (yellow),1,0
153,Enigma,2024-05-28T15:00:18,Nimble Strike (yellow),1,0
153,Enigma,2024-05-28T15:00:18,Spectral Manifestations (yellow),2,0
153,Enigma,2024-05-28T15:00:18,Vengeful Apparition (yellow),1,0
153,Enigma,2024-05-28T15:00:18,Water the Seeds (yellow),1,0
153,Enigma,2024-05-28T15:00:18,Waxing Specter (yellow),1,0
153,Enigma,2024-05-28T15:00:18,Astral Etchings (blue),2,0
153,Enigma,2024-05-28T15:00:18,Battlefront Bastion (blue),1,0
153,Enigma,2024-05-28T15:00:18,First Tenet of Chi: Wind (blue),1,0
153,Enigma,2024-05-28T15:00:18,Homage to Ancestors (blue),1,0
153,Enigma,2024-05-28T15:00:18,Preserve Tradition (blue),1,0
153,Enigma,2024-05-28T15:00:18,Second Tenet of Chi: Wind (blue),1,0
153,Enigma,2024-05-28T15:00:18,Single Minded Determination (blue),1,0
153,Enigma,2024-05-28T15:00:18,Solitary Companion (blue),1,0
153,Enigma,2024-05-28T15:00:18,Spectral Manifestations (blue),2,0
153,Enigma,2024-05-28T15:00:18,The Grain that Tips the Scale (blue),1,0
153,Enigma,2024-05-28T15:00:18,Vengeful Apparition (blue),2,0
153,Enigma,2024-05-28T15:00:18,Waxing Specter (blue),1,0
153,Enigma,2024-05-28T15:00:18,Wounding Blow (blue),1,0
153,Enigma,2024-05-28T15:00:18,Skybody Keikoi,1,1
153,Enigma,2024-05-28T15:00:18,Skycrest Keikoi,1,1
153,Enigma,2024-05-28T15:00:18,Skywalker Keikoi,1,1
153,Enigma,2024-05-28T15:00:18,Uphold Tradition,1,1
154,Enigma,2024-05-28T15:15:49,"10,000 Year Reunion (red)",1,0
154,Enigma,2024-05-28T15:15:49,Astral Etchings (red),1,0
154,Enigma,2024-05-28T15:15:49,Haze Shelter (red),1,0
154,Enigma,2024-05-28T15:15:49,Moon Chakra (red),1,0
154,Enigma,2024-05-28T15:15:49,Sigil of Solitude (red),2,0
154,Enigma,2024-05-28T15:15:49,Single Minded Determination (red),2,0
154,Enigma,2024-05-28T15:15:49,Solitary Companion (red),1,0
154,Enigma,2024-05-28T15:15:49,Vengeful Apparition (red),2,0
154,Enigma,2024-05-28T15:15:49,Waning Vengeance (red),2,0
154,Enigma,2024-05-28T15:15:49,Wounding Blow (red),1,0
154,Enigma,2024-05-28T15:15:49,Astral Etchings (yellow),1,0
154,Enigma,2024-05-28T15:15:49,Battlefront Bastion (yellow),1,0
154,Enigma,2024-05-28T15:15:49,Haze Shelter (yellow),1,0
154,Enigma,2024-05-28T15:15:49,Solitary Companion (yellow),1,0
154,Enigma,2024-05-28T15:15:49,Waning Vengeance (yellow),1,0
154,Enigma,2024-05-28T15:15:49,Waxing Specter (yellow),1,0
154,Enigma,2024-05-28T15:15:49,First Tenet of Chi: Tide (blue),1,0
154,Enigma,2024-05-28T15:15:49,First Tenet of Chi: Wind (blue),5,0
154,Enigma,2024-05-28T15:15:49,Haze Shelter (blue),1,0
154,Enigma,2024-05-28T15:15:49,Homage to Ancestors (blue),2,0
154,Enigma,2024-05-28T15:15:49,Pass Over (blue),1,0
154,Enigma,2024-05-28T15:15:49,"Rising Sun, Setting Moon (blue)",1,0
154,Enigma,2024-05-28T15:15:49,Second Tenet of Chi: Wind (blue),1,0
154,Enigma,2024-05-28T15:15:49,Single Minded Determination (blue),2,0
154,Enigma,2024-05-28T15:15:49,Solitary Companion (blue),1,0
154,Enigma,2024-05-28T15:15:49,Heirloom of Rabbit Hide,1,1
154,Enigma,2024-05-28T15:15:49,Skywalker Keikoi,1,1
154,Enigma,2024-05-28T15:15:49,Truths Retold,1,1
154,Enigma,2024-05-28T15:15:49,Uphold Tradition,1,1
155,Zen,2024-05-28T16:25:57,Aspect of Tiger: Body (red),1,0
155,Zen,2024-05-28T16:25:57,Companion of the Claw (red),1,0
155,Zen,2024-05-28T16:25:57,Evasive Leap (red),1,0
155,Zen,2024-05-28T16:25:57,Harmony of the Hunt (red),1,0
155,Zen,2024-05-28T16:25:57,Pouncing Qi (red),2,0
155,Zen,2024-05-28T16:25:57,Tiger Form Incantation (red),1,0
155,Zen,2024-05-28T16:25:57,Water the Seeds (red),1,0
155,Zen,2024-05-28T16:25:57,Biting Breeze (yellow),1,0
155,Zen,2024-05-28T16:25:57,Harmony of the Hunt (yellow),1,0
155,Zen,2024-05-28T16:25:57,Tiger Form Incantation (yellow),1,0
155,Zen,2024-05-28T16:25:57,Untamed (yellow),1,0
155,Zen,2024-05-28T16:25:57,Water the Seeds (yellow),2,0
155,Zen,2024-05-28T16:25:57,Biting Breeze (blue),2,0
155,Zen,2024-05-28T16:25:57,Breed Anger (blue),1,0
155,Zen,2024-05-28T16:25:57,Fact-Finding Mission (blue),1,0
155,Zen,2024-05-28T16:25:57,Flex Claws (blue),1,0
155,Zen,2024-05-28T16:25:57,Levels of Enlightenment (blue),1,0
155,Zen,2024-05-28T16:25:57,Nimble Strike (blue),1,0
155,Zen,2024-05-28T16:25:57,Nimblism (blue),1,0
155,Zen,2024-05-28T16:25:57,Path Well Traveled (blue),2,0
155,Zen,2024-05-28T16:25:57,Tiger Form Incantation (blue),3,0
155,Zen,2024-05-28T16:25:57,Untamed (blue),1,0
155,Zen,2024-05-28T16:25:57,Water the Seeds (blue),1,0
155,Zen,2024-05-28T16:25:57,Wide Blue Yonder (blue),1,0
155,Zen,2024-05-28T16:25:57,Wind Chakra (blue),1,0
155,Zen,2024-05-28T16:25:57,Aqua Laps,1,1
155,Zen,2024-05-28T16:25:57,Heirloom of Tiger Hide,1,1
155,Zen,2024-05-28T16:25:57,Mask of Wizened Whiskers,1,1
155,Zen,2024-05-28T16:25:57,Skybody Keikoi,1,1
155,Zen,2024-05-28T16:25:57,Waves of Aqua Marine,1,1
156,Nuu,2024-05-28T16:54:44,Battlefront Bastion (red),1,0
156,Nuu,2024-05-28T16:54:44,Bonds of Memory (red),3,0
156,Nuu,2024-05-28T16:54:44,Desires of Flesh (red),2,0
156,Nuu,2024-05-28T16:54:44,Double Trouble (red),1,0
156,Nuu,2024-05-28T16:54:44,Hiss (red),1,0
156,Nuu,2024-05-28T16:54:44,Mind's Desire (red),2,0
156,Nuu,2024-05-28T16:54:44,Pick to Pieces (red),1,0
156,Nuu,2024-05-28T16:54:44,Water the Seeds (red),1,0
156,Nuu,2024-05-28T16:54:44,Desires of Flesh (yellow),1,0
156,Nuu,2024-05-28T16:54:44,Evasive Leap (yellow),1,0
156,Nuu,2024-05-28T16:54:44,Gravekeeping (yellow),1,0
156,Nuu,2024-05-28T16:54:44,Hiss (yellow),1,0
156,Nuu,2024-05-28T16:54:44,Wounding Blow (yellow),1,0
156,Nuu,2024-05-28T16:54:44,Battlefront Bastion (blue),1,0
156,Nuu,2024-05-28T16:54:44,Desires of Flesh (blue),1,0
156,Nuu,2024-05-28T16:54:44,Droplet (blue),1,0
156,Nuu,2024-05-28T16:54:44,Evasive Leap (blue),1,0
156,Nuu,2024-05-28T16:54:44,First Tenet of Chi: Moon (blue),1,0
156,Nuu,2024-05-28T16:54:44,First Tenet of Chi: Tide (blue),1,0
156,Nuu,2024-05-28T16:54:44,First Tenet of Chi: Wind (blue),1,0
156,Nuu,2024-05-28T16:54:44,Intimate Inducement (blue),2,0
156,Nuu,2024-05-28T16:54:44,Pass Over (blue),1,0
156,Nuu,2024-05-28T16:54:44,"Rising Sun, Setting Moon (blue)",1,0
156,Nuu,2024-05-28T16:54:44,Sacred Art: Undercurrent Desires (blue),1,0
156,Nuu,2024-05-28T16:54:44,Stir the Pot (blue),1,0
156,Nuu,2024-05-28T16:54:44,Tide Chakra (blue),1,0
156,Nuu,2024-05-28T16:54:44,Venomous Bite (blue),1,0
156,Nuu,2024-05-28T16:54:44,Wounding Blow (blue),1,0
156,Nuu,2024-05-28T16:54:44,Arousing Wave,1,1
156,Nuu,2024-05-28T16:54:44,Undertow Stilettos,1,1
157,Nuu,2024-05-28T18:55:11,Bonds of Attraction (red),1,0
157,Nuu,2024-05-28T18:55:11,Bonds of Memory (red),1,0
157,Nuu,2024-05-28T18:55:11,Desires of Flesh (red),2,0
157,Nuu,2024-05-28T18:55:11,Double Trouble (red),1,0
157,Nuu,2024-05-28T18:55:11,Hiss (red),1,0
157,Nuu,2024-05-28T18:55:11,Impulsive Desire (red),3,0
157,Nuu,2024-05-28T18:55:11,Mind's Desire (red),2,0
157,Nuu,2024-05-28T18:55:11,Nimble Strike (red),1,0
157,Nuu,2024-05-28T18:55:11,Nimblism (red),1,0
157,Nuu,2024-05-28T18:55:11,Pick to Pieces (red),2,0
157,Nuu,2024-05-28T18:55:11,Venomous Bite (red),3,0
157,Nuu,2024-05-28T18:55:11,Double Trouble (yellow),1,0
157,Nuu,2024-05-28T18:55:11,Hiss (yellow),1,0
157,Nuu,2024-05-28T18:55:11,Mind's Desire (yellow),1,0
157,Nuu,2024-05-28T18:55:11,Battlefront Bastion (blue),1,0
157,Nuu,2024-05-28T18:55:11,Bonds of Memory (blue),1,0
157,Nuu,2024-05-28T18:55:11,Deep Blue Sea (blue),1,0
157,Nuu,2024-05-28T18:55:11,Desires of Flesh (blue),1,0
157,Nuu,2024-05-28T18:55:11,Evasive Leap (blue),1,0
157,Nuu,2024-05-28T18:55:11,Gravekeeping (blue),1,0
157,Nuu,2024-05-28T18:55:11,Homage to Ancestors (blue),1,0
157,Nuu,2024-05-28T18:55:11,Intimate Inducement (blue),1,0
157,Nuu,2024-05-28T18:55:11,Mind's Desire (blue),1,0
157,Nuu,2024-05-28T18:55:11,Pass Over (blue),1,0
157,Nuu,2024-05-28T18:55:11,Path Well Traveled (blue),2,0
157,Nuu,2024-05-28T18:55:11,Persuasive Prognosis (blue),1,0
157,Nuu,2024-05-28T18:55:11,Pick to Pieces (blue),2,0
157,Nuu,2024-05-28T18:55:11,Tide Chakra (blue),1,0
157,Nuu,2024-05-28T18:55:11,Venomous Bite (blue),2,0
157,Nuu,2024-05-28T18:55:11,Arousing Wave,1,1
157,Nuu,2024-05-28T18:55:11,Koi Blessed Kimono,1,1
157,Nuu,2024-05-28T18:55:11,Undertow Stilettos,1,1
158,Zen,2024-05-29T00:30:17,Biting Breeze (red),1,0
158,Zen,2024-05-29T00:30:17,Blanch (red),1,0
158,Zen,2024-05-29T00:30:17,Breed Anger (red),2,0
158,Zen,2024-05-29T00:30:17,Companion of the Claw (red),3,0
158,Zen,2024-05-29T00:30:17,Evasive Leap (red),1,0
158,Zen,2024-05-29T00:30:17,Flex Claws (red),2,0
158,Zen,2024-05-29T00:30:17,Harmony of the Hunt (red),3,0
158,Zen,2024-05-29T00:30:17,Pouncing Qi (red),3,0
158,Zen,2024-05-29T00:30:17,Tiger Form Incantation (red),1,0
158,Zen,2024-05-29T00:30:17,Untamed (red),2,0
158,Zen,2024-05-29T00:30:17,Battlefront Bastion (yellow),1,0
158,Zen,2024-05-29T00:30:17,Biting Breeze (yellow),1,0
158,Zen,2024-05-29T00:30:17,Breed Anger (yellow),1,0
158,Zen,2024-05-29T00:30:17,Flex Claws (yellow),1,0
158,Zen,2024-05-29T00:30:17,Harmony of the Hunt (yellow),1,0
158,Zen,2024-05-29T00:30:17,Maul (yellow),1,0
158,Zen,2024-05-29T00:30:17,Biting Breeze (blue),1,0
158,Zen,2024-05-29T00:30:17,Breed Anger (blue),1,0
158,Zen,2024-05-29T00:30:17,Companion of the Claw (blue),1,0
158,Zen,2024-05-29T00:30:17,First Tenet of Chi: Tide (blue),1,0
158,Zen,2024-05-29T00:30:17,Flex Claws (blue),2,0
158,Zen,2024-05-29T00:30:17,Pouncing Qi (blue),2,0
158,Zen,2024-05-29T00:30:17,Preserve Tradition (blue),2,0
158,Zen,2024-05-29T00:30:17,Tiger Form Incantation (blue),2,0
158,Zen,2024-05-29T00:30:17,Skybody Keikoi,1,1
158,Zen,2024-05-29T00:30:17,Skycrest Keikoi,1,1
158,Zen,2024-05-29T00:30:17,Skywalker Keikoi,1,1
159,Nuu,2024-05-29T00:46:46,Battlefront Bastion (red),1,0
159,Nuu,2024-05-29T00:46:46,Bonds of Attraction (red),1,0
159,Nuu,2024-05-29T00:46:46,Desires of Flesh (red),2,0
159,Nuu,2024-05-29T00:46:46,Double Trouble (red),1,0
159,Nuu,2024-05-29T00:46:46,Emissary of Moon (red),1,0
159,Nuu,2024-05-29T00:46:46,Gravekeeping (red),1,0
159,Nuu,2024-05-29T00:46:46,Impulsive Desire (red),1,0
159,Nuu,2024-05-29T00:46:46,Intimate Inducement (red),1,0
159,Nuu,2024-05-29T00:46:46,Just a Nick (red),1,0
159,Nuu,2024-05-29T00:46:46,Mind's Desire (red),2,0
159,Nuu,2024-05-29T00:46:46,Tide Chakra (red),1,0
159,Nuu,2024-05-29T00:46:46,Venomous Bite (red),2,0
159,Nuu,2024-05-29T00:46:46,Bonds of Attraction (yellow),1,0
159,Nuu,2024-05-29T00:46:46,Fact-Finding Mission (yellow),1,0
159,Nuu,2024-05-29T00:46:46,Impulsive Desire (yellow),2,0
159,Nuu,2024-05-29T00:46:46,Intimate Inducement (yellow),1,0
159,Nuu,2024-05-29T00:46:46,Mind's Desire (yellow),1,0
159,Nuu,2024-05-29T00:46:46,Bonds of Attraction (blue),2,0
159,Nuu,2024-05-29T00:46:46,Bonds of Memory (blue),2,0
159,Nuu,2024-05-29T00:46:46,First Tenet of Chi: Moon (blue),1,0
159,Nuu,2024-05-29T00:46:46,Hiss (blue),2,0
159,Nuu,2024-05-29T00:46:46,Impulsive Desire (blue),1,0
159,Nuu,2024-05-29T00:46:46,Second Tenet of Chi: Moon (blue),1,0
159,Nuu,2024-05-29T00:46:46,Second Tenet of Chi: Wind (blue),1,0
159,Nuu,2024-05-29T00:46:46,Stir the Pot (blue),1,0
159,Nuu,2024-05-29T00:46:46,The Grain that Tips the Scale (blue),1,0
159,Nuu,2024-05-29T00:46:46,Tidal Surge (blue),1,0
159,Nuu,2024-05-29T00:46:46,Tide Chakra (blue),1,0
159,Nuu,2024-05-29T00:46:46,Arousing Wave,1,1
159,Nuu,2024-05-29T00:46:46,Skycrest Keikoi,1,1
159,Nuu,2024-05-29T00:46:46,Skyhold Keikoi,1,1
159,Nuu,2024-05-29T00:46:46,Undertow Stilettos,1,1
160,Nuu,2024-05-29T01:18:31,Art of Desire: Body (red),1,0
160,Nuu,2024-05-29T01:18:31,Bonds of Attraction (red),2,0
160,Nuu,2024-05-29T01:18:31,Bonds of Memory (red),2,0
160,Nuu,2024-05-29T01:18:31,Desires of Flesh (red),2,0
160,Nuu,2024-05-29T01:18:31,Hiss (red),2,0
160,Nuu,2024-05-29T01:18:31,Impulsive Desire (red),2,0
160,Nuu,2024-05-29T01:18:31,Pick to Pieces (red),2,0
160,Nuu,2024-05-29T01:18:31,Water the Seeds (red),1,0
160,Nuu,2024-05-29T01:18:31,Wounding Blow (red),1,0
160,Nuu,2024-05-29T01:18:31,Desires of Flesh (yellow),1,0
160,Nuu,2024-05-29T01:18:31,Gorgon's Gaze (yellow),1,0
160,Nuu,2024-05-29T01:18:31,Hiss (yellow),1,0
160,Nuu,2024-05-29T01:18:31,Pick to Pieces (yellow),1,0
160,Nuu,2024-05-29T01:18:31,Venomous Bite (yellow),2,0
160,Nuu,2024-05-29T01:18:31,Art of Desire: Mind (blue),1,0
160,Nuu,2024-05-29T01:18:31,Desires of Flesh (blue),1,0
160,Nuu,2024-05-29T01:18:31,Double Trouble (blue),2,0
160,Nuu,2024-05-29T01:18:31,First Tenet of Chi: Tide (blue),1,0
160,Nuu,2024-05-29T01:18:31,Hiss (blue),1,0
160,Nuu,2024-05-29T01:18:31,Levels of Enlightenment (blue),1,0
160,Nuu,2024-05-29T01:18:31,Pass Over (blue),2,0
160,Nuu,2024-05-29T01:18:31,Persuasive Prognosis (blue),2,0
160,Nuu,2024-05-29T01:18:31,Tide Chakra (blue),1,0
160,Nuu,2024-05-29T01:18:31,Venomous Bite (blue),2,0
160,Nuu,2024-05-29T01:18:31,Wash Away (blue),1,0
160,Nuu,2024-05-29T01:18:31,Aqua Seeing Shell,1,1
160,Nuu,2024-05-29T01:18:31,Arousing Wave,1,1
160,Nuu,2024-05-29T01:18:31,Skybody Keikoi,1,1
161,Zen,2024-05-29T02:43:50,Aspect of Tiger: Body (red),1,0
161,Zen,2024-05-29T02:43:50,Biting Breeze (red),4,0
161,Zen,2024-05-29T02:43:50,Breed Anger (red),1,0
161,Zen,2024-05-29T02:43:50,Flex Claws (red),2,0
161,Zen,2024-05-29T02:43:50,Pouncing Qi (red),2,0
161,Zen,2024-05-29T02:43:50,Tiger Form Incantation (red),4,0
161,Zen,2024-05-29T02:43:50,Tooth and Claw (red),1,0
161,Zen,2024-05-29T02:43:50,Untamed (red),3,0
161,Zen,2024-05-29T02:43:50,Breed Anger (yellow),1,0
161,Zen,2024-05-29T02:43:50,Harmony of the Hunt (yellow),1,0
161,Zen,2024-05-29T02:43:50,Prismatic Leyline (yellow),1,0
161,Zen,2024-05-29T02:43:50,Untamed (yellow),1,0
161,Zen,2024-05-29T02:43:50,Blessing of Qi (blue),1,0
161,Zen,2024-05-29T02:43:50,Breed Anger (blue),1,0
161,Zen,2024-05-29T02:43:50,Droplet (blue),1,0
161,Zen,2024-05-29T02:43:50,First Tenet of Chi: Tide (blue),1,0
161,Zen,2024-05-29T02:43:50,Pouncing Qi (blue),2,0
161,Zen,2024-05-29T02:43:50,Stir the Pot (blue),1,0
161,Zen,2024-05-29T02:43:50,Tiger Form Incantation (blue),3,0
161,Zen,2024-05-29T02:43:50,Untamed (blue),1,0
161,Zen,2024-05-29T02:43:50,Wind Chakra (blue),1,0
161,Zen,2024-05-29T02:43:50,Wounding Blow (blue),1,0
161,Zen,2024-05-29T02:43:50,Mask of Wizened Whiskers,1,1
161,Zen,2024-05-29T02:43:50,Skyhold Keikoi,1,1
161,Zen,2024-05-29T02:43:50,Stride of Reprisal,1,1
162,Nuu,2024-05-29T03:52:20,Blanch (red),1,0
162,Nuu,2024-05-29T03:52:20,Bonds of Memory (red),2,0
162,Nuu,2024-05-29T03:52:20,Desires of Flesh (red),2,0
162,Nuu,2024-05-29T03:52:20,Emissary of Tides (red),1,0
162,Nuu,2024-05-29T03:52:20,Fact-Finding Mission (red),1,0
162,Nuu,2024-05-29T03:52:20,Hiss (red),1,0
162,Nuu,2024-05-29T03:52:20,Mind's Desire (red),1,0
162,Nuu,2024-05-29T03:52:20,Nimble Strike (red),1,0
162,Nuu,2024-05-29T03:52:20,Pick to Pieces (red),2,0
162,Nuu,2024-05-29T03:52:20,Venomous Bite (red),3,0
162,Nuu,2024-05-29T03:52:20,Art of Desire: Soul (yellow),1,0
162,Nuu,2024-05-29T03:52:20,Desires of Flesh (yellow),1,0
162,Nuu,2024-05-29T03:52:20,Hiss (yellow),1,0
162,Nuu,2024-05-29T03:52:20,Nimblism (yellow),1,0
162,Nuu,2024-05-29T03:52:20,Water the Seeds (yellow),1,0
162,Nuu,2024-05-29T03:52:20,Desires of Flesh (blue),1,0
162,Nuu,2024-05-29T03:52:20,Droplet (blue),1,0
162,Nuu,2024-05-29T03:52:20,Fact-Finding Mission (blue),1,0
162,Nuu,2024-05-29T03:52:20,Hiss (blue),1,0
162,Nuu,2024-05-29T03:52:20,Homage to Ancestors (blue),1,0
162,Nuu,2024-05-29T03:52:20,Impulsive Desire (blue),3,0
162,Nuu,2024-05-29T03:52:20,Intimate Inducement (blue),1,0
162,Nuu,2024-05-29T03:52:20,Mind's Desire (blue),1,0
162,Nuu,2024-05-29T03:52:20,Nimblism (blue),1,0
162,Nuu,2024-05-29T03:52:20,Path Well Traveled (blue),2,0
162,Nuu,2024-05-29T03:52:20,Sacred Art: Undercurrent Desires (blue),1,0
162,Nuu,2024-05-29T03:52:20,Venomous Bite (blue),1,0
162,Nuu,2024-05-29T03:52:20,Wash Away (blue),1,0
162,Nuu,2024-05-29T03:52:20,Water the Seeds (blue),1,0
162,Nuu,2024-05-29T03:52:20,Arousing Wave,1,1
162,Nuu,2024-05-29T03:52:20,Koi Blessed Kimono,1,1
162,Nuu,2024-05-29T03:52:20,Undertow Stilettos,1,1
163,Enigma,2024-05-29T03:53:54,Astral Etchings (red),1,0
163,Enigma,2024-05-29T03:53:54,Emissary of Moon (red),1,0
163,Enigma,2024-05-29T03:53:54,Haunting Specter (red),2,0
163,Enigma,2024-05-29T03:53:54,Nimble Strike (red),1,0
163,Enigma,2024-05-29T03:53:54,Sigil of Solitude (red),2,0
163,Enigma,2024-05-29T03:53:54,Single Minded Determination (red),1,0
163,Enigma,2024-05-29T03:53:54,Solitary Companion (red),1,0
163,Enigma,2024-05-29T03:53:54,Spectral Manifestations (red),3,0
163,Enigma,2024-05-29T03:53:54,Vengeful Apparition (red),2,0
163,Enigma,2024-05-29T03:53:54,Waxing Specter (red),3,0
163,Enigma,2024-05-29T03:53:54,Blanch (yellow),1,0
163,Enigma,2024-05-29T03:53:54,Spectral Manifestations (yellow),1,0
163,Enigma,2024-05-29T03:53:54,Vengeful Apparition (yellow),1,0
163,Enigma,2024-05-29T03:53:54,Fact-Finding Mission (blue),2,0
163,Enigma,2024-05-29T03:53:54,First Tenet of Chi: Moon (blue),1,0
163,Enigma,2024-05-29T03:53:54,First Tenet of Chi: Wind (blue),2,0
163,Enigma,2024-05-29T03:53:54,Haunting Specter (blue),1,0
163,Enigma,2024-05-29T03:53:54,Homage to Ancestors (blue),1,0
163,Enigma,2024-05-29T03:53:54,Second Tenet of Chi: Moon (blue),1,0
163,Enigma,2024-05-29T03:53:54,Second Tenet of Chi: Wind (blue),1,0
163,Enigma,2024-05-29T03:53:54,Sigil of Solitude (blue),1,0
163,Enigma,2024-05-29T03:53:54,Single Minded Determination (blue),1,0
163,Enigma,2024-05-29T03:53:54,Solitary Companion (blue),1,0
163,Enigma,2024-05-29T03:53:54,Spillover (blue),1,0
163,Enigma,2024-05-29T03:53:54,Stir the Pot (blue),1,0
163,Enigma,2024-05-29T03:53:54,Vengeful Apparition (blue),1,0
163,Enigma,2024-05-29T03:53:54,Skybody Keikoi,1,1
163,Enigma,2024-05-29T03:53:54,Skycrest Keikoi,1,1
163,Enigma,2024-05-29T03:53:54,Truths Retold,1,1
164,Enigma,2024-05-29T04:14:02,Astral Etchings (red),2,0
164,Enigma,2024-05-29T04:14:02,Haunting Specter (red),1,0
164,Enigma,2024-05-29T04:14:02,Sigil of Solitude (red),3,0
164,Enigma,2024-05-29T04:14:02,Single Minded Determination (red),1,0
164,Enigma,2024-05-29T04:14:02,Solitary Companion (red),1,0
164,Enigma,2024-05-29T04:14:02,Spectral Manifestations (red),1,0
164,Enigma,2024-05-29T04:14:02,Vengeful Apparition (red),1,0
164,Enigma,2024-05-29T04:14:02,Waning Vengeance (red),2,0
164,Enigma,2024-05-29T04:14:02,Battlefront Bastion (yellow),3,0
164,Enigma,2024-05-29T04:14:02,Nimble Strike (yellow),1,0
164,Enigma,2024-05-29T04:14:02,Solitary Companion (yellow),1,0
164,Enigma,2024-05-29T04:14:02,Waning Vengeance (yellow),1,0
164,Enigma,2024-05-29T04:14:02,Droplet (blue),3,0
164,Enigma,2024-05-29T04:14:02,First Tenet of Chi: Tide (blue),3,0
164,Enigma,2024-05-29T04:14:02,First Tenet of Chi: Wind (blue),1,0
164,Enigma,2024-05-29T04:14:02,Homage to Ancestors (blue),1,0
164,Enigma,2024-05-29T04:14:02,Pass Over (blue),2,0
164,Enigma,2024-05-29T04:14:02,Rising Tide (blue),1,0
164,Enigma,2024-05-29T04:14:02,Single Minded Determination (blue),2,0
164,Enigma,2024-05-29T04:14:02,Solitary Companion (blue),1,0
164,Enigma,2024-05-29T04:14:02,Spillover (blue),1,0
164,Enigma,2024-05-29T04:14:02,Vengeful Apparition (blue),1,0
164,Enigma,2024-05-29T04:14:02,Wash Away (blue),2,0
164,Enigma,2024-05-29T04:14:02,Water the Seeds (blue),1,0
164,Enigma,2024-05-29T04:14:02,Skybody Keikoi,1,1
164,Enigma,2024-05-29T04:14:02,Truths Retold,1,1
164,Enigma,2024-05-29T04:14:02,Uphold Tradition,1,1
165,Enigma,2024-05-29T15:35:32,Emissary of Moon (red),1,0
165,Enigma,2024-05-29T15:35:32,Emissary of Tides (red),1,0
165,Enigma,2024-05-29T15:35:32,Emissary of Wind (red),1,0
165,Enigma,2024-05-29T15:35:32,Fact-Finding Mission (red),1,0
165,Enigma,2024-05-29T15:35:32,Haze Shelter (red),1,0
165,Enigma,2024-05-29T15:35:32,Solitary Companion (red),1,0
165,Enigma,2024-05-29T15:35:32,Vengeful Apparition (red),1,0
165,Enigma,2024-05-29T15:35:32,Waning Vengeance (red),1,0
165,Enigma,2024-05-29T15:35:32,Waxing Specter (red),2,0
165,Enigma,2024-05-29T15:35:32,Wounding Blow (red),1,0
165,Enigma,2024-05-29T15:35:32,Battlefront Bastion (yellow),1,0
165,Enigma,2024-05-29T15:35:32,Evasive Leap (yellow),1,0
165,Enigma,2024-05-29T15:35:32,Fact-Finding Mission (yellow),1,0
165,Enigma,2024-05-29T15:35:32,Spectral Manifestations (yellow),1,0
165,Enigma,2024-05-29T15:35:32,Waxing Specter (yellow),2,0
165,Enigma,2024-05-29T15:35:32,Astral Etchings (blue),1,0
165,Enigma,2024-05-29T15:35:32,Essence of Ancestry: Mind (blue),1,0
165,Enigma,2024-05-29T15:35:32,Fact-Finding Mission (blue),1,0
165,Enigma,2024-05-29T15:35:32,First Tenet of Chi: Moon (blue),3,0
165,Enigma,2024-05-29T15:35:32,First Tenet of Chi: Tide (blue),1,0
165,Enigma,2024-05-29T15:35:32,Pass Over (blue),1,0
165,Enigma,2024-05-29T15:35:32,Rising Tide (blue),1,0
165,Enigma,2024-05-29T15:35:32,Second Tenet of Chi: Tide (blue),1,0
165,Enigma,2024-05-29T15:35:32,Single Minded Determination (blue),2,0
165,Enigma,2024-05-29T15:35:32,Spillover (blue),2,0
165,Enigma,2024-05-29T15:35:32,Vengeful Apparition (blue),1,0
165,Enigma,2024-05-29T15:35:32,Wide Blue Yonder (blue),1,0
165,Enigma,2024-05-29T15:35:32,Wounding Blow (blue),2,0
165,Enigma,2024-05-29T15:35:32,Koi Blessed Kimono,1,1
165,Enigma,2024-05-29T15:35:32,Skycrest Keikoi,1,1
165,Enigma,2024-05-29T15:35:32,Skyhold Keikoi,1,1
165,Enigma,2024-05-29T15:35:32,Skywalker Keikoi,1,1
166,Enigma,2024-05-29T16:23:22,Battlefront Bastion (red),2,0
166,Enigma,2024-05-29T16:23:22,Blanch (red),1,0
166,Enigma,2024-05-29T16:23:22,Emissary of Tides (red),1,0
166,Enigma,2024-05-29T16:23:22,Fact-Finding Mission (red),1,0
166,Enigma,2024-05-29T16:23:22,Haze Shelter (red),1,0
166,Enigma,2024-05-29T16:23:22,Sigil of Solitude (red),1,0
166,Enigma,2024-05-29T16:23:22,Single Minded Determination (red),1,0
166,Enigma,2024-05-29T16:23:22,Spectral Manifestations (red),1,0
166,Enigma,2024-05-29T16:23:22,Waxing Specter (red),1,0
166,Enigma,2024-05-29T16:23:22,Evasive Leap (yellow),1,0
166,Enigma,2024-05-29T16:23:22,Fact-Finding Mission (yellow),1,0
166,Enigma,2024-05-29T16:23:22,Spectral Manifestations (yellow),2,0
166,Enigma,2024-05-29T16:23:22,A Drop in the Ocean (blue),1,0
166,Enigma,2024-05-29T16:23:22,Big Blue Sky (blue),1,0
166,Enigma,2024-05-29T16:23:22,Deep Blue Sea (blue),1,0
166,Enigma,2024-05-29T16:23:22,Droplet (blue),1,0
166,Enigma,2024-05-29T16:23:22,Essence of Ancestry: Mind (blue),1,0
166,Enigma,2024-05-29T16:23:22,Gravekeeping (blue),1,0
166,Enigma,2024-05-29T16:23:22,Haunting Specter (blue),1,0
166,Enigma,2024-05-29T16:23:22,Haze Shelter (blue),1,0
166,Enigma,2024-05-29T16:23:22,Homage to Ancestors (blue),1,0
166,Enigma,2024-05-29T16:23:22,Moon Chakra (blue),1,0
166,Enigma,2024-05-29T16:23:22,Nimble Strike (blue),1,0
166,Enigma,2024-05-29T16:23:22,Nimblism (blue),1,0
166,Enigma,2024-05-29T16:23:22,Path Well Traveled (blue),2,0
166,Enigma,2024-05-29T16:23:22,Preserve Tradition (blue),1,0
166,Enigma,2024-05-29T16:23:22,"Rising Sun, Setting Moon (blue)",1,0
166,Enigma,2024-05-29T16:23:22,Sigil of Solitude (blue),1,0
166,Enigma,2024-05-29T16:23:22,Single Minded Determination (blue),2,0
166,Enigma,2024-05-29T16:23:22,Spectral Manifestations (blue),1,0
166,Enigma,2024-05-29T16:23:22,Stir the Pot (blue),1,0
166,Enigma,2024-05-29T16:23:22,Aqua Laps,1,1
166,Enigma,2024-05-29T16:23:22,Koi Blessed Kimono,1,1
166,Enigma,2024-05-29T16:23:22,Truths Retold,1,1
167,Nuu,2024-05-29T16:44:45,Blanch (red),1,0
167,Nuu,2024-05-29T16:44:45,Desires of Flesh (red),2,0
167,Nuu,2024-05-29T16:44:45,Double Trouble (red),1,0
167,Nuu,2024-05-29T16:44:45,Hiss (red),1,0
167,Nuu,2024-05-29T16:44:45,Impulsive Desire (red),1,0
167,Nuu,2024-05-29T16:44:45,Intimate Inducement (red),2,0
167,Nuu,2024-05-29T16:44:45,Mind's Desire (red),1,0
167,Nuu,2024-05-29T16:44:45,Nimblism (red),1,0
167,Nuu,2024-05-29T16:44:45,Pick to Pieces (red),1,0
167,Nuu,2024-05-29T16:44:45,Tide Chakra (red),1,0
167,Nuu,2024-05-29T16:44:45,Water the Seeds (red),1,0
167,Nuu,2024-05-29T16:44:45,Battlefront Bastion (yellow),1,0
167,Nuu,2024-05-29T16:44:45,Hiss (yellow),1,0
167,Nuu,2024-05-29T16:44:45,Intimate Inducement (yellow),1,0
167,Nuu,2024-05-29T16:44:45,Battlefront Bastion (blue),1,0
167,Nuu,2024-05-29T16:44:45,Bonds of Attraction (blue),1,0
167,Nuu,2024-05-29T16:44:45,Bonds of Memory (blue),1,0
167,Nuu,2024-05-29T16:44:45,Gravekeeping (blue),1,0
167,Nuu,2024-05-29T16:44:45,Hiss (blue),1,0
167,Nuu,2024-05-29T16:44:45,Intimate Inducement (blue),2,0
167,Nuu,2024-05-29T16:44:45,Pick to Pieces (blue),2,0
167,Nuu,2024-05-29T16:44:45,Preserve Tradition (blue),2,0
167,Nuu,2024-05-29T16:44:45,The Grain that Tips the Scale (blue),1,0
167,Nuu,2024-05-29T16:44:45,Tidal Surge (blue),1,0
167,Nuu,2024-05-29T16:44:45,Tide Chakra (blue),2,0
167,Nuu,2024-05-29T16:44:45,Venomous Bite (blue),1,0
167,Nuu,2024-05-29T16:44:45,Skybody Keikoi,1,1
167,Nuu,2024-05-29T16:44:45,Skycrest Keikoi,1,1
167,Nuu,2024-05-29T16:44:45,Undertow Stilettos,1,1
168,Zen,2024-05-29T18:17:52,Aspect of Tiger: Body (red),2,0
168,Zen,2024-05-29T18:17:52,Biting Breeze (red),3,0
168,Zen,2024-05-29T18:17:52,Blessing of Qi (red),1,0
168,Zen,2024-05-29T18:17:52,Breed Anger (red),2,0
168,Zen,2024-05-29T18:17:52,Companion of the Claw (red),2,0
168,Zen,2024-05-29T18:17:52,Flex Claws (red),2,0
168,Zen,2024-05-29T18:17:52,Harmony of the Hunt (red),2,0
168,Zen,2024-05-29T18:17:52,Pouncing Qi (red),2,0
168,Zen,2024-05-29T18:17:52,Tiger Form Incantation (red),1,0
168,Zen,2024-05-29T18:17:52,Untamed (red),1,0
168,Zen,2024-05-29T18:17:52,Water the Seeds (red),1,0
168,Zen,2024-05-29T18:17:52,Biting Breeze (blue),1,0
168,Zen,2024-05-29T18:17:52,Blessing of Qi (blue),1,0
168,Zen,2024-05-29T18:17:52,Breed Anger (blue),1,0
168,Zen,2024-05-29T18:17:52,Companion of the Claw (blue),2,0
168,Zen,2024-05-29T18:17:52,Droplet (blue),1,0
168,Zen,2024-05-29T18:17:52,Evasive Leap (blue),1,0
168,Zen,2024-05-29T18:17:52,Harmony of the Hunt (blue),2,0
168,Zen,2024-05-29T18:17:52,Homage to Ancestors (blue),1,0
168,Zen,2024-05-29T18:17:52,Nimblism (blue),1,0
168,Zen,2024-05-29T18:17:52,Preserve Tradition (blue),1,0
168,Zen,2024-05-29T18:17:52,Stir the Pot (blue),1,0
168,Zen,2024-05-29T18:17:52,Tiger Form Incantation (blue),1,0
168,Zen,2024-05-29T18:17:52,Untamed (blue),3,0
168,Zen,2024-05-29T18:17:52,Wide Blue Yonder (blue),1,0
168,Zen,2024-05-29T18:17:52,Heirloom of Tiger Hide,1,1
168,Zen,2024-05-29T18:17:52,Mask of Wizened Whiskers,1,1
168,Zen,2024-05-29T18:17:52,Stride of Reprisal,1,1
168,Zen,2024-05-29T18:17:52,Waves of Aqua Marine,1,1
169,Zen,2024-05-29T18:19:09,Biting Breeze (red),1,0
169,Zen,2024-05-29T18:19:09,Breed Anger (red),1,0
169,Zen,2024-05-29T18:19:09,Companion of the Claw (red),1,0
169,Zen,2024-05-29T18:19:09,Fact-Finding Mission (red),1,0
169,Zen,2024-05-29T18:19:09,Flex Claws (red),1,0
169,Zen,2024-05-29T18:19:09,Gravekeeping (red),1,0
169,Zen,2024-05-29T18:19:09,Nimble Strike (red),1,0
169,Zen,2024-05-29T18:19:09,Tiger Form Incantation (red),1,0
169,Zen,2024-05-29T18:19:09,Wounding Blow (red),1,0
169,Zen,2024-05-29T18:19:09,Biting Breeze (yellow),1,0
169,Zen,2024-05-29T18:19:09,Breed Anger (yellow),1,0
169,Zen,2024-05-29T18:19:09,Fact-Finding Mission (yellow),1,0
169,Zen,2024-05-29T18:19:09,Harmony of the Hunt (yellow),2,0
169,Zen,2024-05-29T18:19:09,Pouncing Qi (yellow),1,0
169,Zen,2024-05-29T18:19:09,Qi Unleashed (yellow),1,0
169,Zen,2024-05-29T18:19:09,Wounding Blow (yellow),1,0
169,Zen,2024-05-29T18:19:09,Breed Anger (blue),1,0
169,Zen,2024-05-29T18:19:09,Fact-Finding Mission (blue),1,0
169,Zen,2024-05-29T18:19:09,First Tenet of Chi: Tide (blue),1,0
169,Zen,2024-05-29T18:19:09,First Tenet of Chi: Wind (blue),1,0
169,Zen,2024-05-29T18:19:09,Pass Over (blue),1,0
169,Zen,2024-05-29T18:19:09,Pouncing Qi (blue),2,0
169,Zen,2024-05-29T18:19:09,Preserve Tradition (blue),1,0
169,Zen,2024-05-29T18:19:09,Sacred Art: Jade Tiger Domain (blue),1,0
169,Zen,2024-05-29T18:19:09,The Grain that Tips the Scale (blue),1,0
169,Zen,2024-05-29T18:19:09,Tiger Form Incantation (blue),2,0
169,Zen,2024-05-29T18:19:09,Wind Chakra (blue),1,0
169,Zen,2024-05-29T18:19:09,Aqua Seeing Shell,1,1
169,Zen,2024-05-29T18:19:09,Mask of Wizened Whiskers,1,1
169,Zen,2024-05-29T18:19:09,Skybody Keikoi,1,1
169,Zen,2024-05-29T18:19:09,Stride of Reprisal,1,1
169,Zen,2024-05-29T18:19:09,Waves of Aqua Marine,1,1
170,Nuu,2024-05-29T18:58:45,Battlefront Bastion (red),1,0
170,Nuu,2024-05-29T18:58:45,Blanch (red),1,0
170,Nuu,2024-05-29T18:58:45,Bonds of Memory (red),1,0
170,Nuu,2024-05-29T18:58:45,Double Trouble (red),1,0
170,Nuu,2024-05-29T18:58:45,Art of Desire: Soul (yellow),1,0
170,Nuu,2024-05-29T18:58:45,Battlefront Bastion (yellow),1,0
170,Nuu,2024-05-29T18:58:45,Bonds of Memory (yellow),1,0
170,Nuu,2024-05-29T18:58:45,Double Trouble (yellow),1,0
170,Nuu,2024-05-29T18:58:45,Pick to Pieces (yellow),2,0
170,Nuu,2024-05-29T18:58:45,Tide Chakra (yellow),1,0
170,Nuu,2024-05-29T18:58:45,Venomous Bite (yellow),1,0
170,Nuu,2024-05-29T18:58:45,A Drop in the Ocean (blue),1,0
170,Nuu,2024-05-29T18:58:45,Bonds of Attraction (blue),2,0
170,Nuu,2024-05-29T18:58:45,Bonds of Memory (blue),1,0
170,Nuu,2024-05-29T18:58:45,Desires of Flesh (blue),1,0
170,Nuu,2024-05-29T18:58:45,Double Trouble (blue),1,0
170,Nuu,2024-05-29T18:58:45,Fact-Finding Mission (blue),1,0
170,Nuu,2024-05-29T18:58:45,First Tenet of Chi: Tide (blue),1,0
170,Nuu,2024-05-29T18:58:45,First Tenet of Chi: Wind (blue),1,0
170,Nuu,2024-05-29T18:58:45,Impulsive Desire (blue),1,0
170,Nuu,2024-05-29T18:58:45,Intimate Inducement (blue),1,0
170,Nuu,2024-05-29T18:58:45,Nimblism (blue),1,0
170,Nuu,2024-05-29T18:58:45,Pass Over (blue),3,0
170,Nuu,2024-05-29T18:58:45,Path Well Traveled (blue),1,0
170,Nuu,2024-05-29T18:58:45,Pick to Pieces (blue),1,0
170,Nuu,2024-05-29T18:58:45,Rising Tide (blue),1,0
170,Nuu,2024-05-29T18:58:45,Tide Chakra (blue),1,0
170,Nuu,2024-05-29T18:58:45,Venomous Bite (blue),1,0
170,Nuu,2024-05-29T18:58:45,Wash Away (blue),1,0
170,Nuu,2024-05-29T18:58:45,Aqua Seeing Shell,1,1
170,Nuu,2024-05-29T18:58:45,Arousing Wave,1,1
170,Nuu,2024-05-29T18:58:45,Skybody Keikoi,1,1
170,Nuu,2024-05-29T18:58:45,Undertow Stilettos,1,1
171,Zen,2024-05-29T19:49:29,Aspect of Tiger: Body (red),1,0
171,Zen,2024-05-29T19:49:29,Biting Breeze (red),1,0
171,Zen,2024-05-29T19:49:29,Blanch (red),1,0
171,Zen,2024-05-29T19:49:29,Breed Anger (red),1,0
171,Zen,2024-05-29T19:49:29,Fact-Finding Mission (red),1,0
171,Zen,2024-05-29T19:49:29,Flex Claws (red),1,0
171,Zen,2024-05-29T19:49:29,Harmony of the Hunt (red),1,0
171,Zen,2024-05-29T19:49:29,Nimble Strike (red),1,0
171,Zen,2024-05-29T19:49:29,Tiger Form Incantation (red),1,0
171,Zen,2024-05-29T19:49:29,Untamed (red),2,0
171,Zen,2024-05-29T19:49:29,Water the Seeds (red),2,0
171,Zen,2024-05-29T19:49:29,Pouncing Qi (yellow),1,0
171,Zen,2024-05-29T19:49:29,Qi Unleashed (yellow),1,0
171,Zen,2024-05-29T19:49:29,Tiger Form Incantation (yellow),1,0
171,Zen,2024-05-29T19:49:29,Untamed (yellow),1,0
171,Zen,2024-05-29T19:49:29,Battlefront Bastion (blue),2,0
171,Zen,2024-05-29T19:49:29,Biting Breeze (blue),1,0
171,Zen,2024-05-29T19:49:29,Breed Anger (blue),3,0
171,Zen,2024-05-29T19:49:29,Companion of the Claw (blue),2,0
171,Zen,2024-05-29T19:49:29,Deep Blue Sea (blue),1,0
171,Zen,2024-05-29T19:49:29,Harmony of the Hunt (blue),2,0
171,Zen,2024-05-29T19:49:29,Pouncing Qi (blue),1,0
171,Zen,2024-05-29T19:49:29,Preserve Tradition (blue),1,0
171,Zen,2024-05-29T19:49:29,Qi Unleashed (blue),1,0
171,Zen,2024-05-29T19:49:29,Second Tenet of Chi: Wind (blue),1,0
171,Zen,2024-05-29T19:49:29,Stir the Pot (blue),1,0
171,Zen,2024-05-29T19:49:29,Untamed (blue),1,0
171,Zen,2024-05-29T19:49:29,Wounding Blow (blue),1,0
171,Zen,2024-05-29T19:49:29,Mask of Wizened Whiskers,1,1
171,Zen,2024-05-29T19:49:29,Skybody Keikoi,1,1
171,Zen,2024-05-29T19:49:29,Skyhold Keikoi,1,1
171,Zen,2024-05-29T19:49:29,Stride of Reprisal,1,1
172,Nuu,2024-05-29T21:52:05,Desires of Flesh (red),1,0
172,Nuu,2024-05-29T21:52:05,Gravekeeping (red),2,0
172,Nuu,2024-05-29T21:52:05,Impulsive Desire (red),1,0
172,Nuu,2024-05-29T21:52:05,Intimate Inducement (red),1,0
172,Nuu,2024-05-29T21:52:05,Mind's Desire (red),2,0
172,Nuu,2024-05-29T21:52:05,Pick to Pieces (red),1,0
172,Nuu,2024-05-29T21:52:05,Venomous Bite (red),2,0
172,Nuu,2024-05-29T21:52:05,Art of Desire: Soul (yellow),1,0
172,Nuu,2024-05-29T21:52:05,Bonds of Attraction (yellow),1,0
172,Nuu,2024-05-29T21:52:05,Desires of Flesh (yellow),1,0
172,Nuu,2024-05-29T21:52:05,Double Trouble (yellow),1,0
172,Nuu,2024-05-29T21:52:05,Hiss (yellow),3,0
172,Nuu,2024-05-29T21:52:05,Impulsive Desire (yellow),1,0
172,Nuu,2024-05-29T21:52:05,Intimate Inducement (yellow),2,0
172,Nuu,2024-05-29T21:52:05,Mind's Desire (yellow),1,0
172,Nuu,2024-05-29T21:52:05,Pick to Pieces (yellow),2,0
172,Nuu,2024-05-29T21:52:05,First Tenet of Chi: Wind (blue),1,0
172,Nuu,2024-05-29T21:52:05,Hiss (blue),2,0
172,Nuu,2024-05-29T21:52:05,Impulsive Desire (blue),1,0
172,Nuu,2024-05-29T21:52:05,Intimate Inducement (blue),1,0
172,Nuu,2024-05-29T21:52:05,Path Well Traveled (blue),1,0
172,Nuu,2024-05-29T21:52:05,Pick to Pieces (blue),2,0
172,Nuu,2024-05-29T21:52:05,Sacred Art: Undercurrent Desires (blue),1,0
172,Nuu,2024-05-29T21:52:05,Stir the Pot (blue),2,0
172,Nuu,2024-05-29T21:52:05,Venomous Bite (blue),1,0
172,Nuu,2024-05-29T21:52:05,Water the Seeds (blue),3,0
172,Nuu,2024-05-29T21:52:05,Aqua Seeing Shell,1,1
172,Nuu,2024-05-29T21:52:05,Arousing Wave,1,1
172,Nuu,2024-05-29T21:52:05,Koi Blessed Kimono,1,1
172,Nuu,2024-05-29T21:52:05,Skywalker Keikoi,1,1
173,Enigma,2024-05-29T22:27:48,"10,000 Year Reunion (red)",1,0
173,Enigma,2024-05-29T22:27:48,Essence of Ancestry: Body (red),1,0
173,Enigma,2024-05-29T22:27:48,Solitary Companion (red),1,0
173,Enigma,2024-05-29T22:27:48,Spectral Manifestations (red),1,0
173,Enigma,2024-05-29T22:27:48,Vengeful Apparition (red),1,0
173,Enigma,2024-05-29T22:27:48,Waning Vengeance (red),2,0
173,Enigma,2024-05-29T22:27:48,Waxing Specter (red),1,0
173,Enigma,2024-05-29T22:27:48,Haze Shelter (yellow),1,0
173,Enigma,2024-05-29T22:27:48,Solitary Companion (yellow),1,0
173,Enigma,2024-05-29T22:27:48,Spectral Manifestations (yellow),1,0
173,Enigma,2024-05-29T22:27:48,Vengeful Apparition (yellow),2,0
173,Enigma,2024-05-29T22:27:48,Waning Vengeance (yellow),1,0
173,Enigma,2024-05-29T22:27:48,A Drop in the Ocean (blue),1,0
173,Enigma,2024-05-29T22:27:48,Battlefront Bastion (blue),2,0
173,Enigma,2024-05-29T22:27:48,Fact-Finding Mission (blue),1,0
173,Enigma,2024-05-29T22:27:48,First Tenet of Chi: Tide (blue),2,0
173,Enigma,2024-05-29T22:27:48,Haunting Specter (blue),1,0
173,Enigma,2024-05-29T22:27:48,Moon Chakra (blue),1,0
173,Enigma,2024-05-29T22:27:48,Preserve Tradition (blue),3,0
173,Enigma,2024-05-29T22:27:48,Rage Specter (blue),1,0
173,Enigma,2024-05-29T22:27:48,Sigil of Solitude (blue),1,0
173,Enigma,2024-05-29T22:27:48,Single Minded Determination (blue),1,0
173,Enigma,2024-05-29T22:27:48,Solitary Companion (blue),1,0
173,Enigma,2024-05-29T22:27:48,Spectral Manifestations (blue),1,0
173,Enigma,2024-05-29T22:27:48,Vengeful Apparition (blue),1,0
173,Enigma,2024-05-29T22:27:48,Waning Vengeance (blue),2,0
173,Enigma,2024-05-29T22:27:48,Wounding Blow (blue),3,0
173,Enigma,2024-05-29T22:27:48,Aqua Seeing Shell,1,1
173,Enigma,2024-05-29T22:27:48,Skybody Keikoi,1,1
173,Enigma,2024-05-29T22:27:48,Skywalker Keikoi,1,1
173,Enigma,2024-05-29T22:27:48,Truths Retold,1,1
173,Enigma,2024-05-29T22:27:48,Uphold Tradition,1,1
174,Nuu,2024-05-29T23:10:20,Battlefront Bastion (red),1,0
174,Nuu,2024-05-29T23:10:20,Desires of Flesh (red),2,0
174,Nuu,2024-05-29T23:10:20,Double Trouble (red),1,0
174,Nuu,2024-05-29T23:10:20,Emissary of Tides (red),1,0
174,Nuu,2024-05-29T23:10:20,Hiss (red),1,0
174,Nuu,2024-05-29T23:10:20,Impulsive Desire (red),1,0
174,Nuu,2024-05-29T23:10:20,Intimate Inducement (red),1,0
174,Nuu,2024-05-29T23:10:20,Mind's Desire (red),2,0
174,Nuu,2024-05-29T23:10:20,Tide Chakra (red),1,0
174,Nuu,2024-05-29T23:10:20,Venomous Bite (red),2,0
174,Nuu,2024-05-29T23:10:20,Bonds of Attraction (yellow),1,0
174,Nuu,2024-05-29T23:10:20,Double Trouble (yellow),1,0
174,Nuu,2024-05-29T23:10:20,Gorgon's Gaze (yellow),1,0
174,Nuu,2024-05-29T23:10:20,Hiss (yellow),1,0
174,Nuu,2024-05-29T23:10:20,Pick to Pieces (yellow),1,0
174,Nuu,2024-05-29T23:10:20,Battlefront Bastion (blue),1,0
174,Nuu,2024-05-29T23:10:20,Bonds of Memory (blue),2,0
174,Nuu,2024-05-29T23:10:20,Desires of Flesh (blue),1,0
174,Nuu,2024-05-29T23:10:20,Hiss (blue),1,0
174,Nuu,2024-05-29T23:10:20,Impulsive Desire (blue),1,0
174,Nuu,2024-05-29T23:10:20,Mind's Desire (blue),1,0
174,Nuu,2024-05-29T23:10:20,Pick to Pieces (blue),1,0
174,Nuu,2024-05-29T23:10:20,Preserve Tradition (blue),1,0
174,Nuu,2024-05-29T23:10:20,Rising Tide (blue),2,0
174,Nuu,2024-05-29T23:10:20,The Grain that Tips the Scale (blue),1,0
174,Nuu,2024-05-29T23:10:20,Tidal Surge (blue),1,0
174,Nuu,2024-05-29T23:10:20,Venomous Bite (blue),3,0
174,Nuu,2024-05-29T23:10:20,Skycrest Keikoi,1,1
174,Nuu,2024-05-29T23:10:20,Skyhold Keikoi,1,1
174,Nuu,2024-05-29T23:10:20,Undertow Stilettos,1,1
175,Zen,2024-05-30T00:35:57,Biting Breeze (red),1,0
175,Zen,2024-05-30T00:35:57,Flex Claws (red),1,0
175,Zen,2024-05-30T00:35:57,Gravekeeping (red),2,0
175,Zen,2024-05-30T00:35:57,Pouncing Qi (red),1,0
175,Zen,2024-05-30T00:35:57,The Weakest Link (red),1,0
175,Zen,2024-05-30T00:35:57,Tiger Form Incantation (red),2,0
175,Zen,2024-05-30T00:35:57,Untamed (red),1,0
175,Zen,2024-05-30T00:35:57,Evasive Leap (yellow),1,0
175,Zen,2024-05-30T00:35:57,Flex Claws (yellow),1,0
175,Zen,2024-05-30T00:35:57,Harmony of the Hunt (yellow),1,0
175,Zen,2024-05-30T00:35:57,Nimble Strike (yellow),1,0
175,Zen,2024-05-30T00:35:57,Tiger Form Incantation (yellow),1,0
175,Zen,2024-05-30T00:35:57,Water the Seeds (yellow),1,0
175,Zen,2024-05-30T00:35:57,Wind Chakra (yellow),1,0
175,Zen,2024-05-30T00:35:57,Biting Breeze (blue),2,0
175,Zen,2024-05-30T00:35:57,Blanch (blue),1,0
175,Zen,2024-05-30T00:35:57,Breed Anger (blue),1,0
175,Zen,2024-05-30T00:35:57,Droplet (blue),1,0
175,Zen,2024-05-30T00:35:57,First Tenet of Chi: Moon (blue),1,0
175,Zen,2024-05-30T00:35:57,Flex Claws (blue),1,0
175,Zen,2024-05-30T00:35:57,Nimblism (blue),1,0
175,Zen,2024-05-30T00:35:57,Pouncing Qi (blue),2,0
175,Zen,2024-05-30T00:35:57,Preserve Tradition (blue),1,0
175,Zen,2024-05-30T00:35:57,Rising Tide (blue),1,0
175,Zen,2024-05-30T00:35:57,Spillover (blue),1,0
175,Zen,2024-05-30T00:35:57,Tidal Surge (blue),1,0
175,Zen,2024-05-30T00:35:57,Tiger Form Incantation (blue),1,0
175,Zen,2024-05-30T00:35:57,Wide Blue Yonder (blue),1,0
175,Zen,2024-05-30T00:35:57,Aqua Laps,1,1
175,Zen,2024-05-30T00:35:57,Heirloom of Tiger Hide,1,1
175,Zen,2024-05-30T00:35:57,Mask of Wizened Whiskers,1,1
175,Zen,2024-05-30T00:35:57,Waves of Aqua Marine,1,1
176,Nuu,2024-05-30T01:41:24,Battlefront Bastion (red),1,0
176,Nuu,2024-05-30T01:41:24,Bonds of Attraction (red),1,0
176,Nuu,2024-05-30T01:41:24,Bonds of Memory (red),2,0
176,Nuu,2024-05-30T01:41:24,Hiss (red),1,0
176,Nuu,2024-05-30T01:41:24,Impulsive Desire (red),1,0
176,Nuu,2024-05-30T01:41:24,Intimate Inducement (red),1,0
176,Nuu,2024-05-30T01:41:24,Mind's Desire (red),2,0
176,Nuu,2024-05-30T01:41:24,Pick to Pieces (red),1,0
176,Nuu,2024-05-30T01:41:24,Tide Chakra (red),1,0
176,Nuu,2024-05-30T01:41:24,Venomous Bite (red),3,0
176,Nuu,2024-05-30T01:41:24,Mind's Desire (yellow),1,0
176,Nuu,2024-05-30T01:41:24,Nimble Strike (yellow),2,0
176,Nuu,2024-05-30T01:41:24,Nimblism (yellow),1,0
176,Nuu,2024-05-30T01:41:24,Venomous Bite (yellow),1,0
176,Nuu,2024-05-30T01:41:24,Art of Desire: Mind (blue),1,0
176,Nuu,2024-05-30T01:41:24,Bonds of Memory (blue),3,0
176,Nuu,2024-05-30T01:41:24,Desires of Flesh (blue),1,0
176,Nuu,2024-05-30T01:41:24,Double Trouble (blue),1,0
176,Nuu,2024-05-30T01:41:24,Hiss (blue),1,0
176,Nuu,2024-05-30T01:41:24,Impulsive Desire (blue),2,0
176,Nuu,2024-05-30T01:41:24,Mind's Desire (blue),1,0
176,Nuu,2024-05-30T01:41:24,Spillover (blue),1,0
176,Nuu,2024-05-30T01:41:24,The Grain that Tips the Scale (blue),3,0
176,Nuu,2024-05-30T01:41:24,Venomous Bite (blue),3,0
176,Nuu,2024-05-30T01:41:24,Aqua Laps,1,1
176,Nuu,2024-05-30T01:41:24,Aqua Seeing Shell,1,1
176,Nuu,2024-05-30T01:41:24,Koi Blessed Kimono,1,1
176,Nuu,2024-05-30T01:41:24,Waves of Aqua Marine,1,1
177,Zen,2024-05-30T02:14:43,Biting Breeze (red),2,0
177,Zen,2024-05-30T02:14:43,Breed Anger (red),1,0
177,Zen,2024-05-30T02:14:43,Gravekeeping (red),1,0
177,Zen,2024-05-30T02:14:43,Harmony of the Hunt (red),1,0
177,Zen,2024-05-30T02:14:43,Pouncing Qi (red),2,0
177,Zen,2024-05-30T02:14:43,Qi Unleashed (red),1,0
177,Zen,2024-05-30T02:14:43,Untamed (red),2,0
177,Zen,2024-05-30T02:14:43,Water the Seeds (red),1,0
177,Zen,2024-05-30T02:14:43,Biting Breeze (yellow),1,0
177,Zen,2024-05-30T02:14:43,Gravekeeping (yellow),1,0
177,Zen,2024-05-30T02:14:43,Pouncing Qi (yellow),2,0
177,Zen,2024-05-30T02:14:43,Wind Chakra (yellow),1,0
177,Zen,2024-05-30T02:14:43,Biting Breeze (blue),2,0
177,Zen,2024-05-30T02:14:43,Evasive Leap (blue),1,0
177,Zen,2024-05-30T02:14:43,Fact-Finding Mission (blue),1,0
177,Zen,2024-05-30T02:14:43,Flex Claws (blue),3,0
177,Zen,2024-05-30T02:14:43,Harmony of the Hunt (blue),2,0
177,Zen,2024-05-30T02:14:43,Homage to Ancestors (blue),2,0
177,Zen,2024-05-30T02:14:43,"Rising Sun, Setting Moon (blue)",1,0
177,Zen,2024-05-30T02:14:43,Stir the Pot (blue),1,0
177,Zen,2024-05-30T02:14:43,Tiger Form Incantation (blue),1,0
177,Zen,2024-05-30T02:14:43,Wide Blue Yonder (blue),1,0
177,Zen,2024-05-30T02:14:43,Wounding Blow (blue),1,0
177,Zen,2024-05-30T02:14:43,Koi Blessed Kimono,1,1
177,Zen,2024-05-30T02:14:43,Mask of Wizened Whiskers,1,1
177,Zen,2024-05-30T02:14:43,Skybody Keikoi,1,1
177,Zen,2024-05-30T02:14:43,Skycrest Keikoi,1,1
177,Zen,2024-05-30T02:14:43,Skywalker Keikoi,1,1
177,Zen,2024-05-30T02:14:43,Waves of Aqua Marine,1,1
178,Zen,2024-05-30T02:52:22,Aspect of Tiger: Body (red),1,0
178,Zen,2024-05-30T02:52:22,Battlefront Bastion (red),1,0
178,Zen,2024-05-30T02:52:22,Blessing of Qi (red),1,0
178,Zen,2024-05-30T02:52:22,Breed Anger (red),1,0
178,Zen,2024-05-30T02:52:22,Chase the Tail (red),1,0
178,Zen,2024-05-30T02:52:22,Companion of the Claw (red),1,0
178,Zen,2024-05-30T02:52:22,Fact-Finding Mission (red),1,0
178,Zen,2024-05-30T02:52:22,Harmony of the Hunt (red),1,0
178,Zen,2024-05-30T02:52:22,Pouncing Qi (red),2,0
178,Zen,2024-05-30T02:52:22,Qi Unleashed (red),1,0
178,Zen,2024-05-30T02:52:22,Tiger Form Incantation (red),1,0
178,Zen,2024-05-30T02:52:22,Untamed (red),2,0
178,Zen,2024-05-30T02:52:22,Wind Chakra (red),1,0
178,Zen,2024-05-30T02:52:22,Biting Breeze (yellow),1,0
178,Zen,2024-05-30T02:52:22,Breed Anger (yellow),1,0
178,Zen,2024-05-30T02:52:22,Companion of the Claw (yellow),1,0
178,Zen,2024-05-30T02:52:22,Flex Claws (yellow),1,0
178,Zen,2024-05-30T02:52:22,Harmony of the Hunt (yellow),1,0
178,Zen,2024-05-30T02:52:22,Tiger Form Incantation (yellow),1,0
178,Zen,2024-05-30T02:52:22,Untamed (yellow),1,0
178,Zen,2024-05-30T02:52:22,Biting Breeze (blue),1,0
178,Zen,2024-05-30T02:52:22,Blanch (blue),1,0
178,Zen,2024-05-30T02:52:22,Blessing of Qi (blue),1,0
178,Zen,2024-05-30T02:52:22,Breed Anger (blue),1,0
178,Zen,2024-05-30T02:52:22,First Tenet of Chi: Tide (blue),1,0
178,Zen,2024-05-30T02:52:22,Harmony of the Hunt (blue),1,0
178,Zen,2024-05-30T02:52:22,Path Well Traveled (blue),2,0
178,Zen,2024-05-30T02:52:22,Pouncing Qi (blue),1,0
178,Zen,2024-05-30T02:52:22,Preserve Tradition (blue),1,0
178,Zen,2024-05-30T02:52:22,Spillover (blue),1,0
178,Zen,2024-05-30T02:52:22,Stir the Pot (blue),2,0
178,Zen,2024-05-30T02:52:22,Tiger Form Incantation (blue),1,0
178,Zen,2024-05-30T02:52:22,Wind Chakra (blue),1,0
178,Zen,2024-05-30T02:52:22,Koi Blessed Kimono,1,1
178,Zen,2024-05-30T02:52:22,Mask of Wizened Whiskers,1,1
178,Zen,2024-05-30T02:52:22,Skywalker Keikoi,1,1
179,Enigma,2024-05-22T22:10:17,Battlefront Bastion (red),1,0
179,Enigma,2024-05-22T22:10:17,Essence of Ancestry: Body (red),2,0
179,Enigma,2024-05-22T22:10:17,Evasive Leap (red),4,0
179,Enigma,2024-05-22T22:10:17,Solitary Companion (red),2,0
179,Enigma,2024-05-22T22:10:17,Spectral Manifestations (red),2,0
179,Enigma,2024-05-22T22:10:17,Vengeful Apparition (red),1,0
179,Enigma,2024-05-22T22:10:17,Waning Vengeance (red),1,0
179,Enigma,2024-05-22T22:10:17,Waxing Specter (red),1,0
179,Enigma,2024-05-22T22:10:17,Battlefront Bastion (yellow),1,0
179,Enigma,2024-05-22T22:10:17,Evasive Leap (yellow),1,0
179,Enigma,2024-05-22T22:10:17,Single Minded Determination (yellow),1,0
179,Enigma,2024-05-22T22:10:17,Vengeful Apparition (yellow),1,0
179,Enigma,2024-05-22T22:10:17,Waxing Specter (yellow),1,0
179,Enigma,2024-05-22T22:10:17,A Drop in the Ocean (blue),1,0
179,Enigma,2024-05-22T22:10:17,Essence of Ancestry: Mind (blue),1,0
179,Enigma,2024-05-22T22:10:17,First Tenet of Chi: Moon (blue),3,0
179,Enigma,2024-05-22T22:10:17,First Tenet of Chi: Tide (blue),2,0
179,Enigma,2024-05-22T22:10:17,Preserve Tradition (blue),1,0
179,Enigma,2024-05-22T22:10:17,Sigil of Solitude (blue),1,0
179,Enigma,2024-05-22T22:10:17,Stir the Pot (blue),1,0
179,Enigma,2024-05-22T22:10:17,Vengeful Apparition (blue),2,0
179,Enigma,2024-05-22T22:10:17,Water the Seeds (blue),1,0
179,Enigma,2024-05-22T22:10:17,Wounding Blow (blue),1,0
179,Enigma,2024-05-22T22:10:17,Skybody Keikoi,1,1
179,Enigma,2024-05-22T22:10:17,Skycrest Keikoi,1,1
179,Enigma,2024-05-22T22:10:17,Skywalker Keikoi,1,1
180,Zen,2024-05-22T22:53:16,Biting Breeze (red),3,0
180,Zen,2024-05-22T22:53:16,Blanch (red),1,0
180,Zen,2024-05-22T22:53:16,Blessing of Qi (red),2,0
180,Zen,2024-05-22T22:53:16,Emissary of Tides (red),1,0
180,Zen,2024-05-22T22:53:16,Harmony of the Hunt (red),2,0
180,Zen,2024-05-22T22:53:16,Pouncing Qi (red),2,0
180,Zen,2024-05-22T22:53:16,Tiger Form Incantation (red),1,0
180,Zen,2024-05-22T22:53:16,Untamed (red),2,0
180,Zen,2024-05-22T22:53:16,Aspect of Tiger: Mind (blue),1,0
180,Zen,2024-05-22T22:53:16,Biting Breeze (blue),1,0
180,Zen,2024-05-22T22:53:16,Breed Anger (blue),1,0
180,Zen,2024-05-22T22:53:16,Companion of the Claw (blue),2,0
180,Zen,2024-05-22T22:53:16,First Tenet of Chi: Moon (blue),1,0
180,Zen,2024-05-22T22:53:16,First Tenet of Chi: Tide (blue),1,0
180,Zen,2024-05-22T22:53:16,First Tenet of Chi: Wind (blue),1,0
180,Zen,2024-05-22T22:53:16,Harmony of the Hunt (blue),1,0
180,Zen,2024-05-22T22:53:16,Pouncing Qi (blue),2,0
180,Zen,2024-05-22T22:53:16,Qi Unleashed (blue),1,0
180,Zen,2024-05-22T22:53:16,"Rising Sun, Setting Moon (blue)",2,0
180,Zen,2024-05-22T22:53:16,Tiger Form Incantation (blue),2,0
180,Zen,2024-05-22T22:53:16,Heirloom of Tiger Hide,1,1
180,Zen,2024-05-22T22:53:16,Skybody Keikoi,1,1
180,Zen,2024-05-22T22:53:16,Skycrest Keikoi,1,1
180,Zen,2024-05-22T22:53:16,Stride of Reprisal,1,1
181,Zen,2024-05-23T00:56:55,Breed Anger (red),3,0
181,Zen,2024-05-23T00:56:55,Companion of the Claw (red),3,0
181,Zen,2024-05-23T00:56:55,Flex Claws (red),1,0
181,Zen,2024-05-23T00:56:55,Pouncing Qi (red),3,0
181,Zen,2024-05-23T00:56:55,Qi Unleashed (red),1,0
181,Zen,2024-05-23T00:56:55,Tiger Form Incantation (red),2,0
181,Zen,2024-05-23T00:56:55,Wind Chakra (red),2,0
181,Zen,2024-05-23T00:56:55,Companion of the Claw (yellow),1,0
181,Zen,2024-05-23T00:56:55,Evasive Leap (yellow),1,0
181,Zen,2024-05-23T00:56:55,Harmony of the Hunt (yellow),1,0
181,Zen,2024-05-23T00:56:55,Biting Breeze (blue),1,0
181,Zen,2024-05-23T00:56:55,Breed Anger (blue),3,0
181,Zen,2024-05-23T00:56:55,Companion of the Claw (blue),2,0
181,Zen,2024-05-23T00:56:55,First Tenet of Chi: Moon (blue),1,0
181,Zen,2024-05-23T00:56:55,First Tenet of Chi: Tide (blue),1,0
181,Zen,2024-05-23T00:56:55,First Tenet of Chi: Wind (blue),1,0
181,Zen,2024-05-23T00:56:55,Harmony of the Hunt (blue),1,0
181,Zen,2024-05-23T00:56:55,Homage to Ancestors (blue),2,0
181,Zen,2024-05-23T00:56:55,Pass Over (blue),1,0
181,Zen,2024-05-23T00:56:55,Pouncing Qi (blue),2,0
181,Zen,2024-05-23T00:56:55,Preserve Tradition (blue),1,0
181,Zen,2024-05-23T00:56:55,Water the Seeds (blue),1,0
181,Zen,2024-05-23T00:56:55,Koi Blessed Kimono,1,1
181,Zen,2024-05-23T00:56:55,Mask of Wizened Whiskers,1,1
181,Zen,2024-05-23T00:56:55,Stride of Reprisal,1,1
182,Zen,2024-05-23T01:18:30,Companion of the Claw (red),2,0
182,Zen,2024-05-23T01:18:30,Flex Claws (red),2,0
182,Zen,2024-05-23T01:18:30,Harmony of the Hunt (red),1,0
182,Zen,2024-05-23T01:18:30,Nimble Strike (red),2,0
182,Zen,2024-05-23T01:18:30,Nimblism (red),2,0
182,Zen,2024-05-23T01:18:30,Untamed (red),1,0
182,Zen,2024-05-23T01:18:30,Water the Seeds (red),2,0
182,Zen,2024-05-23T01:18:30,Wind Chakra (red),1,0
182,Zen,2024-05-23T01:18:30,Companion of the Claw (yellow),1,0
182,Zen,2024-05-23T01:18:30,Flex Claws (yellow),1,0
182,Zen,2024-05-23T01:18:30,Harmony of the Hunt (yellow),2,0
182,Zen,2024-05-23T01:18:30,Pouncing Qi (yellow),1,0
182,Zen,2024-05-23T01:18:30,Qi Unleashed (yellow),1,0
182,Zen,2024-05-23T01:18:30,Tiger Form Incantation (yellow),1,0
182,Zen,2024-05-23T01:18:30,Biting Breeze (blue),1,0
182,Zen,2024-05-23T01:18:30,Breed Anger (blue),2,0
182,Zen,2024-05-23T01:18:30,Companion of the Claw (blue),1,0
182,Zen,2024-05-23T01:18:30,First Tenet of Chi: Tide (blue),1,0
182,Zen,2024-05-23T01:18:30,Flex Claws (blue),2,0
182,Zen,2024-05-23T01:18:30,Homage to Ancestors (blue),1,0
182,Zen,2024-05-23T01:18:30,Path Well Traveled (blue),1,0
182,Zen,2024-05-23T01:18:30,"Rising Sun, Setting Moon (blue)",1,0
182,Zen,2024-05-23T01:18:30,Koi Blessed Kimono,1,1
182,Zen,2024-05-23T01:18:30,Mask of Wizened Whiskers,1,1
182,Zen,2024-05-23T01:18:30,Stride of Reprisal,1,1
183,Enigma,2024-05-23T01:43:28,Essence of Ancestry: Body (red),1,0
183,Enigma,2024-05-23T01:43:28,Haze Shelter (red),1,0
183,Enigma,2024-05-23T01:43:28,Sigil of Solitude (red),1,0
183,Enigma,2024-05-23T01:43:28,Solitary Companion (red),2,0
183,Enigma,2024-05-23T01:43:28,Spectral Manifestations (red),3,0
183,Enigma,2024-05-23T01:43:28,Three Visits (red),1,0
183,Enigma,2024-05-23T01:43:28,Vengeful Apparition (red),1,0
183,Enigma,2024-05-23T01:43:28,Waning Vengeance (red),1,0
183,Enigma,2024-05-23T01:43:28,Waxing Specter (red),2,0
183,Enigma,2024-05-23T01:43:28,Astral Etchings (yellow),1,0
183,Enigma,2024-05-23T01:43:28,Spectral Manifestations (yellow),1,0
183,Enigma,2024-05-23T01:43:28,A Drop in the Ocean (blue),1,0
183,Enigma,2024-05-23T01:43:28,Attune with Cosmic Vibrations (blue),1,0
183,Enigma,2024-05-23T01:43:28,Essence of Ancestry: Mind (blue),3,0
183,Enigma,2024-05-23T01:43:28,Haze Shelter (blue),2,0
183,Enigma,2024-05-23T01:43:28,Homage to Ancestors (blue),1,0
183,Enigma,2024-05-23T01:43:28,Moon Chakra (blue),1,0
183,Enigma,2024-05-23T01:43:28,Preserve Tradition (blue),1,0
183,Enigma,2024-05-23T01:43:28,"Rising Sun, Setting Moon (blue)",1,0
183,Enigma,2024-05-23T01:43:28,Second Tenet of Chi: Wind (blue),1,0
183,Enigma,2024-05-23T01:43:28,Solitary Companion (blue),1,0
183,Enigma,2024-05-23T01:43:28,Spectral Manifestations (blue),3,0
183,Enigma,2024-05-23T01:43:28,The Grain that Tips the Scale (blue),1,0
183,Enigma,2024-05-23T01:43:28,Unravel Aggression (blue),1,0
183,Enigma,2024-05-23T01:43:28,Waning Vengeance (blue),1,0
183,Enigma,2024-05-23T01:43:28,Wash Away (blue),1,0
183,Enigma,2024-05-23T01:43:28,Waxing Specter (blue),1,0
183,Enigma,2024-05-23T01:43:28,Skybody Keikoi,1,1
183,Enigma,2024-05-23T01:43:28,Skycrest Keikoi,1,1
183,Enigma,2024-05-23T01:43:28,Skywalker Keikoi,1,1
183,Enigma,2024-05-23T01:43:28,Truths Retold,1,1
183,Enigma,2024-05-23T01:43:28,Uphold Tradition,1,1
184,Enigma,2024-05-23T02:55:14,Battlefront Bastion (red),1,0
184,Enigma,2024-05-23T02:55:14,Evasive Leap (red),1,0
184,Enigma,2024-05-23T02:55:14,Haze Shelter (red),2,0
184,Enigma,2024-05-23T02:55:14,Moon Chakra (red),1,0
184,Enigma,2024-05-23T02:55:14,Sigil of Solitude (red),1,0
184,Enigma,2024-05-23T02:55:14,Single Minded Determination (red),2,0
184,Enigma,2024-05-23T02:55:14,Solitary Companion (red),1,0
184,Enigma,2024-05-23T02:55:14,Waxing Specter (red),2,0
184,Enigma,2024-05-23T02:55:14,Battlefront Bastion (yellow),2,0
184,Enigma,2024-05-23T02:55:14,Evasive Leap (yellow),1,0
184,Enigma,2024-05-23T02:55:14,Single Minded Determination (yellow),1,0
184,Enigma,2024-05-23T02:55:14,Spectral Manifestations (yellow),1,0
184,Enigma,2024-05-23T02:55:14,Vengeful Apparition (yellow),1,0
184,Enigma,2024-05-23T02:55:14,Waning Vengeance (yellow),1,0
184,Enigma,2024-05-23T02:55:14,Waxing Specter (yellow),1,0
184,Enigma,2024-05-23T02:55:14,A Drop in the Ocean (blue),2,0
184,Enigma,2024-05-23T02:55:14,Big Blue Sky (blue),1,0
184,Enigma,2024-05-23T02:55:14,First Tenet of Chi: Moon (blue),2,0
184,Enigma,2024-05-23T02:55:14,First Tenet of Chi: Wind (blue),1,0
184,Enigma,2024-05-23T02:55:14,Haze Shelter (blue),1,0
184,Enigma,2024-05-23T02:55:14,Homage to Ancestors (blue),2,0
184,Enigma,2024-05-23T02:55:14,Moon Chakra (blue),1,0
184,Enigma,2024-05-23T02:55:14,Rising Tide (blue),1,0
184,Enigma,2024-05-23T02:55:14,Single Minded Determination (blue),1,0
184,Enigma,2024-05-23T02:55:14,Solitary Companion (blue),1,0
184,Enigma,2024-05-23T02:55:14,Spillover (blue),1,0
184,Enigma,2024-05-23T02:55:14,Stir the Pot (blue),1,0
184,Enigma,2024-05-23T02:55:14,Heirloom of Rabbit Hide,1,1
184,Enigma,2024-05-23T02:55:14,Skybody Keikoi,1,1
184,Enigma,2024-05-23T02:55:14,Skywalker Keikoi,1,1
184,Enigma,2024-05-23T02:55:14,Truths Retold,1,1
184,Enigma,2024-05-23T02:55:14,Uphold Tradition,1,1
185,Enigma,2024-05-23T04:36:46,Sigil of Solitude (red),1,0
185,Enigma,2024-05-23T04:36:46,Single Minded Determination (red),1,0
185,Enigma,2024-05-23T04:36:46,Spectral Manifestations (red),3,0
185,Enigma,2024-05-23T04:36:46,Vengeful Apparition (red),1,0
185,Enigma,2024-05-23T04:36:46,Waning Vengeance (red),1,0
185,Enigma,2024-05-23T04:36:46,Waxing Specter (red),3,0
185,Enigma,2024-05-23T04:36:46,Sigil of Solitude (yellow),2,0
185,Enigma,2024-05-23T04:36:46,Waxing Specter (yellow),2,0
185,Enigma,2024-05-23T04:36:46,First Tenet of Chi: Moon (blue),3,0
185,Enigma,2024-05-23T04:36:46,First Tenet of Chi: Tide (blue),1,0
185,Enigma,2024-05-23T04:36:46,First Tenet of Chi: Wind (blue),1,0
185,Enigma,2024-05-23T04:36:46,Homage to Ancestors (blue),2,0
185,Enigma,2024-05-23T04:36:46,Path Well Traveled (blue),1,0
185,Enigma,2024-05-23T04:36:46,Second Tenet of Chi: Moon (blue),1,0
185,Enigma,2024-05-23T04:36:46,Single Minded Determination (blue),1,0
185,Enigma,2024-05-23T04:36:46,Solitary Companion (blue),1,0
185,Enigma,2024-05-23T04:36:46,Spectral Manifestations (blue),3,0
185,Enigma,2024-05-23T04:36:46,The Grain that Tips the Scale (blue),1,0
185,Enigma,2024-05-23T04:36:46,Vengeful Apparition (blue),1,0
185,Enigma,2024-05-23T04:36:46,Waning Vengeance (blue),1,0
185,Enigma,2024-05-23T04:36:46,Wash Away (blue),1,0
185,Enigma,2024-05-23T04:36:46,Waxing Specter (blue),2,0
185,Enigma,2024-05-23T04:36:46,Wounding Blow (blue),1,0
185,Enigma,2024-05-23T04:36:46,Aqua Laps,1,1
185,Enigma,2024-05-23T04:36:46,Skybody Keikoi,1,1
185,Enigma,2024-05-23T04:36:46,Skycrest Keikoi,1,1
185,Enigma,2024-05-23T04:36:46,Uphold Tradition,1,1
186,Enigma,2024-05-23T05:40:35,Essence of Ancestry: Body (red),1,0
186,Enigma,2024-05-23T05:40:35,Haze Shelter (red),1,0
186,Enigma,2024-05-23T05:40:35,Sigil of Solitude (red),2,0
186,Enigma,2024-05-23T05:40:35,Spectral Manifestations (red),2,0
186,Enigma,2024-05-23T05:40:35,Waning Vengeance (red),1,0
186,Enigma,2024-05-23T05:40:35,Waxing Specter (red),2,0
186,Enigma,2024-05-23T05:40:35,Essence of Ancestry: Soul (yellow),1,0
186,Enigma,2024-05-23T05:40:35,Waxing Specter (yellow),1,0
186,Enigma,2024-05-23T05:40:35,A Drop in the Ocean (blue),1,0
186,Enigma,2024-05-23T05:40:35,Battlefront Bastion (blue),2,0
186,Enigma,2024-05-23T05:40:35,First Tenet of Chi: Moon (blue),3,0
186,Enigma,2024-05-23T05:40:35,First Tenet of Chi: Tide (blue),1,0
186,Enigma,2024-05-23T05:40:35,Haze Shelter (blue),1,0
186,Enigma,2024-05-23T05:40:35,Manifestation of Miragai (blue),1,0
186,Enigma,2024-05-23T05:40:35,Path Well Traveled (blue),1,0
186,Enigma,2024-05-23T05:40:35,"Rising Sun, Setting Moon (blue)",1,0
186,Enigma,2024-05-23T05:40:35,Rising Tide (blue),1,0
186,Enigma,2024-05-23T05:40:35,Sigil of Solitude (blue),1,0
186,Enigma,2024-05-23T05:40:35,Single Minded Determination (blue),1,0
186,Enigma,2024-05-23T05:40:35,Solitary Companion (blue),1,0
186,Enigma,2024-05-23T05:40:35,Spectral Manifestations (blue),1,0
186,Enigma,2024-05-23T05:40:35,Stir the Pot (blue),2,0
186,Enigma,2024-05-23T05:40:35,Tidal Surge (blue),1,0
186,Enigma,2024-05-23T05:40:35,Vengeful Apparition (blue),1,0
186,Enigma,2024-05-23T05:40:35,Waning Vengeance (blue),1,0
186,Enigma,2024-05-23T05:40:35,Waxing Specter (blue),1,0
186,Enigma,2024-05-23T05:40:35,Wounding Blow (blue),1,0
186,Enigma,2024-05-23T05:40:35,Skybody Keikoi,1,1
186,Enigma,2024-05-23T05:40:35,Skywalker Keikoi,1,1
186,Enigma,2024-05-23T05:40:35,Truths Retold,1,1
186,Enigma,2024-05-23T05:40:35,Uphold Tradition,1,1
187,Enigma,2024-05-23T06:46:27,"10,000 Year Reunion (red)",1,0
187,Enigma,2024-05-23T06:46:27,Haunting Specter (red),1,0
187,Enigma,2024-05-23T06:46:27,Haze Shelter (red),3,0
187,Enigma,2024-05-23T06:46:27,Moon Chakra (red),1,0
187,Enigma,2024-05-23T06:46:27,Sigil of Solitude (red),2,0
187,Enigma,2024-05-23T06:46:27,Single Minded Determination (red),1,0
187,Enigma,2024-05-23T06:46:27,Spectral Manifestations (red),2,0
187,Enigma,2024-05-23T06:46:27,Vengeful Apparition (red),1,0
187,Enigma,2024-05-23T06:46:27,A Drop in the Ocean (blue),1,0
187,Enigma,2024-05-23T06:46:27,Astral Etchings (blue),1,0
187,Enigma,2024-05-23T06:46:27,First Tenet of Chi: Moon (blue),2,0
187,Enigma,2024-05-23T06:46:27,First Tenet of Chi: Wind (blue),2,0
187,Enigma,2024-05-23T06:46:27,Homage to Ancestors (blue),1,0
187,Enigma,2024-05-23T06:46:27,Manifestation of Miragai (blue),1,0
187,Enigma,2024-05-23T06:46:27,Preserve Tradition (blue),1,0
187,Enigma,2024-05-23T06:46:27,"Rising Sun, Setting Moon (blue)",1,0
187,Enigma,2024-05-23T06:46:27,Rising Tide (blue),1,0
187,Enigma,2024-05-23T06:46:27,Sigil of Solitude (blue),1,0
187,Enigma,2024-05-23T06:46:27,Single Minded Determination (blue),3,0
187,Enigma,2024-05-23T06:46:27,Stir the Pot (blue),2,0
187,Enigma,2024-05-23T06:46:27,Vengeful Apparition (blue),1,0
187,Enigma,2024-05-23T06:46:27,Aqua Seeing Shell,1,1
187,Enigma,2024-05-23T06:46:27,Heirloom of Rabbit Hide,1,1
187,Enigma,2024-05-23T06:46:27,Skyhold Keikoi,1,1
188,Nuu,2024-05-23T07:17:19,Art of Desire: Body (red),1,0
188,Nuu,2024-05-23T07:17:19,Bonds of Memory (red),2,0
188,Nuu,2024-05-23T07:17:19,Desires of Flesh (red),1,0
188,Nuu,2024-05-23T07:17:19,Double Trouble (red),1,0
188,Nuu,2024-05-23T07:17:19,Fact-Finding Mission (red),1,0
188,Nuu,2024-05-23T07:17:19,Impulsive Desire (red),1,0
188,Nuu,2024-05-23T07:17:19,Intimate Inducement (red),1,0
188,Nuu,2024-05-23T07:17:19,Mind's Desire (red),2,0
188,Nuu,2024-05-23T07:17:19,Pick to Pieces (red),2,0
188,Nuu,2024-05-23T07:17:19,Desires of Flesh (yellow),2,0
188,Nuu,2024-05-23T07:17:19,Double Trouble (yellow),1,0
188,Nuu,2024-05-23T07:17:19,Evasive Leap (yellow),1,0
188,Nuu,2024-05-23T07:17:19,Impulsive Desire (yellow),1,0
188,Nuu,2024-05-23T07:17:19,Mind's Desire (yellow),1,0
188,Nuu,2024-05-23T07:17:19,Tide Chakra (yellow),1,0
188,Nuu,2024-05-23T07:17:19,Venomous Bite (yellow),2,0
188,Nuu,2024-05-23T07:17:19,Water the Seeds (yellow),1,0
188,Nuu,2024-05-23T07:17:19,Wounding Blow (yellow),1,0
188,Nuu,2024-05-23T07:17:19,A Drop in the Ocean (blue),1,0
188,Nuu,2024-05-23T07:17:19,Desires of Flesh (blue),1,0
188,Nuu,2024-05-23T07:17:19,First Tenet of Chi: Wind (blue),1,0
188,Nuu,2024-05-23T07:17:19,Homage to Ancestors (blue),1,0
188,Nuu,2024-05-23T07:17:19,Impulsive Desire (blue),1,0
188,Nuu,2024-05-23T07:17:19,Intimate Inducement (blue),1,0
188,Nuu,2024-05-23T07:17:19,Pass Over (blue),1,0
188,Nuu,2024-05-23T07:17:19,Tide Chakra (blue),1,0
188,Nuu,2024-05-23T07:17:19,Venomous Bite (blue),1,0
188,Nuu,2024-05-23T07:17:19,Heirloom of Snake Hide,1,1
188,Nuu,2024-05-23T07:17:19,Skycrest Keikoi,1,1
188,Nuu,2024-05-23T07:17:19,Skyhold Keikoi,1,1
188,Nuu,2024-05-23T07:17:19,Skywalker Keikoi,1,1
188,Nuu,2024-05-23T07:17:19,Waves of Aqua Marine,1,1
189,Nuu,2024-05-23T08:34:03,Art of Desire: Body (red),1,0
189,Nuu,2024-05-23T08:34:03,Bonds of Attraction (red),2,0
189,Nuu,2024-05-23T08:34:03,Bonds of Memory (red),1,0
189,Nuu,2024-05-23T08:34:03,Desires of Flesh (red),2,0
189,Nuu,2024-05-23T08:34:03,Double Trouble (red),1,0
189,Nuu,2024-05-23T08:34:03,Emissary of Moon (red),1,0
189,Nuu,2024-05-23T08:34:03,Emissary of Wind (red),2,0
189,Nuu,2024-05-23T08:34:03,Fact-Finding Mission (red),1,0
189,Nuu,2024-05-23T08:34:03,Hiss (red),2,0
189,Nuu,2024-05-23T08:34:03,Impulsive Desire (red),1,0
189,Nuu,2024-05-23T08:34:03,Pick to Pieces (red),1,0
189,Nuu,2024-05-23T08:34:03,Venomous Bite (red),1,0
189,Nuu,2024-05-23T08:34:03,Blanch (yellow),1,0
189,Nuu,2024-05-23T08:34:03,Bonds of Memory (yellow),1,0
189,Nuu,2024-05-23T08:34:03,Desires of Flesh (yellow),1,0
189,Nuu,2024-05-23T08:34:03,Hiss (yellow),1,0
189,Nuu,2024-05-23T08:34:03,Intimate Inducement (yellow),1,0
189,Nuu,2024-05-23T08:34:03,Mind's Desire (yellow),1,0
189,Nuu,2024-05-23T08:34:03,Pick to Pieces (yellow),1,0
189,Nuu,2024-05-23T08:34:03,Battlefront Bastion (blue),1,0
189,Nuu,2024-05-23T08:34:03,Bonds of Memory (blue),1,0
189,Nuu,2024-05-23T08:34:03,Desires of Flesh (blue),1,0
189,Nuu,2024-05-23T08:34:03,Hiss (blue),3,0
189,Nuu,2024-05-23T08:34:03,Impulsive Desire (blue),1,0
189,Nuu,2024-05-23T08:34:03,Mind's Desire (blue),1,0
189,Nuu,2024-05-23T08:34:03,Stir the Pot (blue),1,0
189,Nuu,2024-05-23T08:34:03,Venomous Bite (blue),1,0
189,Nuu,2024-05-23T08:34:03,Aqua Laps,1,1
189,Nuu,2024-05-23T08:34:03,Arousing Wave,1,1
189,Nuu,2024-05-23T08:34:03,Heirloom of Snake Hide,1,1
189,Nuu,2024-05-23T08:34:03,Skycrest Keikoi,1,1
190,Enigma,2024-05-23T10:10:56,Astral Etchings (red),1,0
190,Enigma,2024-05-23T10:10:56,Evasive Leap (red),2,0
190,Enigma,2024-05-23T10:10:56,Haze Shelter (red),1,0
190,Enigma,2024-05-23T10:10:56,Single Minded Determination (red),2,0
190,Enigma,2024-05-23T10:10:56,Spectral Manifestations (red),1,0
190,Enigma,2024-05-23T10:10:56,Waning Vengeance (red),3,0
190,Enigma,2024-05-23T10:10:56,Waxing Specter (red),1,0
190,Enigma,2024-05-23T10:10:56,Wounding Blow (red),2,0
190,Enigma,2024-05-23T10:10:56,Astral Etchings (yellow),1,0
190,Enigma,2024-05-23T10:10:56,Blanch (yellow),1,0
190,Enigma,2024-05-23T10:10:56,Haze Shelter (yellow),1,0
190,Enigma,2024-05-23T10:10:56,Nimble Strike (yellow),1,0
190,Enigma,2024-05-23T10:10:56,Restless Coalescence (yellow),1,0
190,Enigma,2024-05-23T10:10:56,Droplet (blue),1,0
190,Enigma,2024-05-23T10:10:56,First Tenet of Chi: Moon (blue),2,0
190,Enigma,2024-05-23T10:10:56,First Tenet of Chi: Tide (blue),1,0
190,Enigma,2024-05-23T10:10:56,Haunting Specter (blue),1,0
190,Enigma,2024-05-23T10:10:56,Haze Shelter (blue),1,0
190,Enigma,2024-05-23T10:10:56,Homage to Ancestors (blue),2,0
190,Enigma,2024-05-23T10:10:56,"Rising Sun, Setting Moon (blue)",1,0
190,Enigma,2024-05-23T10:10:56,Second Tenet of Chi: Tide (blue),1,0
190,Enigma,2024-05-23T10:10:56,Sigil of Solitude (blue),1,0
190,Enigma,2024-05-23T10:10:56,Single Minded Determination (blue),1,0
190,Enigma,2024-05-23T10:10:56,Solitary Companion (blue),1,0
190,Enigma,2024-05-23T10:10:56,Spectral Manifestations (blue),2,0
190,Enigma,2024-05-23T10:10:56,The Grain that Tips the Scale (blue),1,0
190,Enigma,2024-05-23T10:10:56,Vengeful Apparition (blue),1,0
190,Enigma,2024-05-23T10:10:56,Waning Vengeance (blue),1,0
190,Enigma,2024-05-23T10:10:56,Skybody Keikoi,1,1
190,Enigma,2024-05-23T10:10:56,Truths Retold,1,1
190,Enigma,2024-05-23T10:10:56,Uphold Tradition,1,1
191,Nuu,2024-05-23T11:01:50,Battlefront Bastion (red),1,0
191,Nuu,2024-05-23T11:01:50,Bonds of Attraction (red),2,0
191,Nuu,2024-05-23T11:01:50,Desires of Flesh (red),3,0
191,Nuu,2024-05-23T11:01:50,Emissary of Wind (red),1,0
191,Nuu,2024-05-23T11:01:50,Fact-Finding Mission (red),1,0
191,Nuu,2024-05-23T11:01:50,Hiss (red),2,0
191,Nuu,2024-05-23T11:01:50,Impulsive Desire (red),2,0
191,Nuu,2024-05-23T11:01:50,Intimate Inducement (red),1,0
191,Nuu,2024-05-23T11:01:50,Just a Nick (red),1,0
191,Nuu,2024-05-23T11:01:50,Pick to Pieces (red),1,0
191,Nuu,2024-05-23T11:01:50,Desires of Flesh (yellow),2,0
191,Nuu,2024-05-23T11:01:50,Fact-Finding Mission (yellow),1,0
191,Nuu,2024-05-23T11:01:50,Hiss (yellow),1,0
191,Nuu,2024-05-23T11:01:50,Mind's Desire (yellow),1,0
191,Nuu,2024-05-23T11:01:50,Pick to Pieces (yellow),1,0
191,Nuu,2024-05-23T11:01:50,Venomous Bite (yellow),1,0
191,Nuu,2024-05-23T11:01:50,Bonds of Memory (blue),1,0
191,Nuu,2024-05-23T11:01:50,Desires of Flesh (blue),2,0
191,Nuu,2024-05-23T11:01:50,First Tenet of Chi: Tide (blue),1,0
191,Nuu,2024-05-23T11:01:50,Impulsive Desire (blue),3,0
191,Nuu,2024-05-23T11:01:50,Mind's Desire (blue),2,0
191,Nuu,2024-05-23T11:01:50,Path Well Traveled (blue),1,0
191,Nuu,2024-05-23T11:01:50,Persuasive Prognosis (blue),1,0
191,Nuu,2024-05-23T11:01:50,Pick to Pieces (blue),2,0
191,Nuu,2024-05-23T11:01:50,The Grain that Tips the Scale (blue),1,0
191,Nuu,2024-05-23T11:01:50,Tide Chakra (blue),1,0
191,Nuu,2024-05-23T11:01:50,Venomous Bite (blue),1,0
191,Nuu,2024-05-23T11:01:50,Arousing Wave,1,1
191,Nuu,2024-05-23T11:01:50,Skycrest Keikoi,1,1
191,Nuu,2024-05-23T11:01:50,Undertow Stilettos,1,1
192,Enigma,2024-05-23T12:15:48,Battlefront Bastion (red),1,0
192,Enigma,2024-05-23T12:15:48,Blanch (red),1,0
192,Enigma,2024-05-23T12:15:48,Evasive Leap (red),1,0
192,Enigma,2024-05-23T12:15:48,Haze Shelter (red),1,0
192,Enigma,2024-05-23T12:15:48,Moon Chakra (red),1,0
192,Enigma,2024-05-23T12:15:48,Sigil of Solitude (red),1,0
192,Enigma,2024-05-23T12:15:48,Single Minded Determination (red),1,0
192,Enigma,2024-05-23T12:15:48,Spectral Manifestations (red),2,0
192,Enigma,2024-05-23T12:15:48,Waning Vengeance (red),1,0
192,Enigma,2024-05-23T12:15:48,Waxing Specter (red),1,0
192,Enigma,2024-05-23T12:15:48,Astral Etchings (yellow),1,0
192,Enigma,2024-05-23T12:15:48,Evasive Leap (yellow),1,0
192,Enigma,2024-05-23T12:15:48,Moon Chakra (yellow),1,0
192,Enigma,2024-05-23T12:15:48,Nimblism (yellow),1,0
192,Enigma,2024-05-23T12:15:48,Solitary Companion (yellow),1,0
192,Enigma,2024-05-23T12:15:48,Waning Vengeance (yellow),1,0
192,Enigma,2024-05-23T12:15:48,Wounding Blow (yellow),1,0
192,Enigma,2024-05-23T12:15:48,A Drop in the Ocean (blue),2,0
192,Enigma,2024-05-23T12:15:48,Big Blue Sky (blue),1,0
192,Enigma,2024-05-23T12:15:48,Blanch (blue),1,0
192,Enigma,2024-05-23T12:15:48,Essence of Ancestry: Mind (blue),1,0
192,Enigma,2024-05-23T12:15:48,First Tenet of Chi: Wind (blue),1,0
192,Enigma,2024-05-23T12:15:48,Haze Shelter (blue),1,0
192,Enigma,2024-05-23T12:15:48,"Rising Sun, Setting Moon (blue)",1,0
192,Enigma,2024-05-23T12:15:48,Rising Tide (blue),1,0
192,Enigma,2024-05-23T12:15:48,Single Minded Determination (blue),2,0
192,Enigma,2024-05-23T12:15:48,Solitary Companion (blue),2,0
192,Enigma,2024-05-23T12:15:48,Spectral Manifestations (blue),1,0
192,Enigma,2024-05-23T12:15:48,Stir the Pot (blue),1,0
192,Enigma,2024-05-23T12:15:48,The Grain that Tips the Scale (blue),1,0
192,Enigma,2024-05-23T12:15:48,Vengeful Apparition (blue),2,0
192,Enigma,2024-05-23T12:15:48,Aqua Seeing Shell,1,1
192,Enigma,2024-05-23T12:15:48,Heirloom of Rabbit Hide,1,1
192,Enigma,2024-05-23T12:15:48,Koi Blessed Kimono,1,1
192,Enigma,2024-05-23T12:15:48,Skyhold Keikoi,1,1
192,Enigma,2024-05-23T12:15:48,Skywalker Keikoi,1,1
193,Zen,2024-05-23T14:17:19,Aspect of Tiger: Body (red),2,0
193,Zen,2024-05-23T14:17:19,Battlefront Bastion (red),1,0
193,Zen,2024-05-23T14:17:19,Biting Breeze (red),1,0
193,Zen,2024-05-23T14:17:19,Breed Anger (red),1,0
193,Zen,2024-05-23T14:17:19,Companion of the Claw (red),1,0
193,Zen,2024-05-23T14:17:19,Fact-Finding Mission (red),1,0
193,Zen,2024-05-23T14:17:19,Harmony of the Hunt (red),3,0
193,Zen,2024-05-23T14:17:19,Tiger Form Incantation (red),1,0
193,Zen,2024-05-23T14:17:19,Untamed (red),1,0
193,Zen,2024-05-23T14:17:19,Gravekeeping (yellow),1,0
193,Zen,2024-05-23T14:17:19,Pouncing Qi (yellow),1,0
193,Zen,2024-05-23T14:17:19,Aspect of Tiger: Mind (blue),1,0
193,Zen,2024-05-23T14:17:19,Biting Breeze (blue),1,0
193,Zen,2024-05-23T14:17:19,Companion of the Claw (blue),2,0
193,Zen,2024-05-23T14:17:19,Droplet (blue),1,0
193,Zen,2024-05-23T14:17:19,First Tenet of Chi: Tide (blue),1,0
193,Zen,2024-05-23T14:17:19,Harmony of the Hunt (blue),1,0
193,Zen,2024-05-23T14:17:19,Homage to Ancestors (blue),1,0
193,Zen,2024-05-23T14:17:19,Nimblism (blue),1,0
193,Zen,2024-05-23T14:17:19,Pouncing Qi (blue),2,0
193,Zen,2024-05-23T14:17:19,"Rising Sun, Setting Moon (blue)",2,0
193,Zen,2024-05-23T14:17:19,Tiger Form Incantation (blue),1,0
193,Zen,2024-05-23T14:17:19,Untamed (blue),3,0
193,Zen,2024-05-23T14:17:19,Aqua Laps,1,1
193,Zen,2024-05-23T14:17:19,Mask of Wizened Whiskers,1,1
193,Zen,2024-05-23T14:17:19,Skybody Keikoi,1,1
193,Zen,2024-05-23T14:17:19,Skyhold Keikoi,1,1
193,Zen,2024-05-23T14:17:19,Stride of Reprisal,1,1
194,Enigma,2024-05-23T14:51:03,Battlefront Bastion (red),1,0
194,Enigma,2024-05-23T14:51:03,Blanch (red),1,0
194,Enigma,2024-05-23T14:51:03,Haunting Specter (red),1,0
194,Enigma,2024-05-23T14:51:03,Sigil of Solitude (red),1,0
194,Enigma,2024-05-23T14:51:03,Spectral Manifestations (red),2,0
194,Enigma,2024-05-23T14:51:03,Vengeful Apparition (red),1,0
194,Enigma,2024-05-23T14:51:03,Waxing Specter (red),3,0
194,Enigma,2024-05-23T14:51:03,Fact-Finding Mission (yellow),2,0
194,Enigma,2024-05-23T14:51:03,Moon Chakra (yellow),1,0
194,Enigma,2024-05-23T14:51:03,Nimble Strike (yellow),1,0
194,Enigma,2024-05-23T14:51:03,Nimblism (yellow),1,0
194,Enigma,2024-05-23T14:51:03,Vengeful Apparition (yellow),1,0
194,Enigma,2024-05-23T14:51:03,A Drop in the Ocean (blue),1,0
194,Enigma,2024-05-23T14:51:03,Attune with Cosmic Vibrations (blue),1,0
194,Enigma,2024-05-23T14:51:03,Deep Blue Sea (blue),1,0
194,Enigma,2024-05-23T14:51:03,Haunting Specter (blue),1,0
194,Enigma,2024-05-23T14:51:03,Haze Shelter (blue),2,0
194,Enigma,2024-05-23T14:51:03,Homage to Ancestors (blue),1,0
194,Enigma,2024-05-23T14:51:03,Nimblism (blue),1,0
194,Enigma,2024-05-23T14:51:03,"Rising Sun, Setting Moon (blue)",1,0
194,Enigma,2024-05-23T14:51:03,Rising Tide (blue),1,0
194,Enigma,2024-05-23T14:51:03,Sigil of Solitude (blue),2,0
194,Enigma,2024-05-23T14:51:03,Single Minded Determination (blue),2,0
194,Enigma,2024-05-23T14:51:03,Solitary Companion (blue),1,0
194,Enigma,2024-05-23T14:51:03,Vengeful Apparition (blue),2,0
194,Enigma,2024-05-23T14:51:03,Waning Vengeance (blue),1,0
194,Enigma,2024-05-23T14:51:03,Waxing Specter (blue),1,0
194,Enigma,2024-05-23T14:51:03,Wounding Blow (blue),1,0
194,Enigma,2024-05-23T14:51:03,Skybody Keikoi,1,1
194,Enigma,2024-05-23T14:51:03,Skycrest Keikoi,1,1
194,Enigma,2024-05-23T14:51:03,Skywalker Keikoi,1,1
194,Enigma,2024-05-23T14:51:03,Truths Retold,1,1
194,Enigma,2024-05-23T14:51:03,Uphold Tradition,1,1
195,Zen,2024-05-23T17:44:20,Battlefront Bastion (red),2,0
195,Zen,2024-05-23T17:44:20,Biting Breeze (red),2,0
195,Zen,2024-05-23T17:44:20,Breed Anger (red),1,0
195,Zen,2024-05-23T17:44:20,Emissary of Wind (red),1,0
195,Zen,2024-05-23T17:44:20,Pouncing Qi (red),2,0
195,Zen,2024-05-23T17:44:20,Qi Unleashed (red),1,0
195,Zen,2024-05-23T17:44:20,Tiger Form Incantation (red),3,0
195,Zen,2024-05-23T17:44:20,Untamed (red),1,0
195,Zen,2024-05-23T17:44:20,Wounding Blow (red),1,0
195,Zen,2024-05-23T17:44:20,Biting Breeze (yellow),1,0
195,Zen,2024-05-23T17:44:20,Harmony of the Hunt (yellow),1,0
195,Zen,2024-05-23T17:44:20,Pouncing Qi (yellow),1,0
195,Zen,2024-05-23T17:44:20,Tiger Form Incantation (yellow),1,0
195,Zen,2024-05-23T17:44:20,Untamed (yellow),2,0
195,Zen,2024-05-23T17:44:20,Aspect of Tiger: Mind (blue),1,0
195,Zen,2024-05-23T17:44:20,Breed Anger (blue),1,0
195,Zen,2024-05-23T17:44:20,Evasive Leap (blue),1,0
195,Zen,2024-05-23T17:44:20,First Tenet of Chi: Tide (blue),1,0
195,Zen,2024-05-23T17:44:20,Harmony of the Hunt (blue),2,0
195,Zen,2024-05-23T17:44:20,Levels of Enlightenment (blue),1,0
195,Zen,2024-05-23T17:44:20,Nimble Strike (blue),1,0
195,Zen,2024-05-23T17:44:20,Pouncing Qi (blue),2,0
195,Zen,2024-05-23T17:44:20,The Grain that Tips the Scale (blue),2,0
195,Zen,2024-05-23T17:44:20,Tidal Surge (blue),1,0
195,Zen,2024-05-23T17:44:20,Tiger Form Incantation (blue),1,0
195,Zen,2024-05-23T17:44:20,Water the Seeds (blue),2,0
195,Zen,2024-05-23T17:44:20,Wind Chakra (blue),1,0
195,Zen,2024-05-23T17:44:20,Mask of Wizened Whiskers,1,1
195,Zen,2024-05-23T17:44:20,Stride of Reprisal,1,1
195,Zen,2024-05-23T17:44:20,Waves of Aqua Marine,1,1
196,Enigma,2024-05-23T17:58:04,Astral Etchings (red),1,0
196,Enigma,2024-05-23T17:58:04,Battlefront Bastion (red),2,0
196,Enigma,2024-05-23T17:58:04,Evasive Leap (red),2,0
196,Enigma,2024-05-23T17:58:04,Haze Shelter (red),2,0
196,Enigma,2024-05-23T17:58:04,Spectral Manifestations (red),1,0
196,Enigma,2024-05-23T17:58:04,Waning Vengeance (red),1,0
196,Enigma,2024-05-23T17:58:04,Waxing Specter (red),1,0
196,Enigma,2024-05-23T17:58:04,Astral Etchings (yellow),2,0
196,Enigma,2024-05-23T17:58:04,Spectral Manifestations (yellow),1,0
196,Enigma,2024-05-23T17:58:04,Waning Vengeance (yellow),1,0
196,Enigma,2024-05-23T17:58:04,A Drop in the Ocean (blue),2,0
196,Enigma,2024-05-23T17:58:04,Attune with Cosmic Vibrations (blue),1,0
196,Enigma,2024-05-23T17:58:04,Deep Blue Sea (blue),2,0
196,Enigma,2024-05-23T17:58:04,Essence of Ancestry: Mind (blue),1,0
196,Enigma,2024-05-23T17:58:04,First Tenet of Chi: Moon (blue),1,0
196,Enigma,2024-05-23T17:58:04,First Tenet of Chi: Tide (blue),1,0
196,Enigma,2024-05-23T17:58:04,First Tenet of Chi: Wind (blue),1,0
196,Enigma,2024-05-23T17:58:04,Haze Shelter (blue),3,0
196,Enigma,2024-05-23T17:58:04,Path Well Traveled (blue),1,0
196,Enigma,2024-05-23T17:58:04,Preserve Tradition (blue),1,0
196,Enigma,2024-05-23T17:58:04,"Rising Sun, Setting Moon (blue)",1,0
196,Enigma,2024-05-23T17:58:04,Sigil of Solitude (blue),1,0
196,Enigma,2024-05-23T17:58:04,Single Minded Determination (blue),1,0
196,Enigma,2024-05-23T17:58:04,Spectral Manifestations (blue),1,0
196,Enigma,2024-05-23T17:58:04,Tidal Surge (blue),1,0
196,Enigma,2024-05-23T17:58:04,Vengeful Apparition (blue),1,0
196,Enigma,2024-05-23T17:58:04,Waning Vengeance (blue),1,0
196,Enigma,2024-05-23T17:58:04,Aqua Laps,1,1
196,Enigma,2024-05-23T17:58:04,Skybody Keikoi,1,1
196,Enigma,2024-05-23T17:58:04,Truths Retold,1,1
196,Enigma,2024-05-23T17:58:04,Uphold Tradition,1,1
197,Nuu,2024-05-23T21:54:33,Art of Desire: Body (red),1,0
197,Nuu,2024-05-23T21:54:33,Double Trouble (red),1,0
197,Nuu,2024-05-23T21:54:33,Emissary of Tides (red),1,0
197,Nuu,2024-05-23T21:54:33,Hiss (red),2,0
197,Nuu,2024-05-23T21:54:33,Impulsive Desire (red),1,0
197,Nuu,2024-05-23T21:54:33,Intimate Inducement (red),1,0
197,Nuu,2024-05-23T21:54:33,Pick to Pieces (red),1,0
197,Nuu,2024-05-23T21:54:33,Venomous Bite (red),3,0
197,Nuu,2024-05-23T21:54:33,Battlefront Bastion (yellow),1,0
197,Nuu,2024-05-23T21:54:33,Bonds of Memory (yellow),1,0
197,Nuu,2024-05-23T21:54:33,Desires of Flesh (yellow),1,0
197,Nuu,2024-05-23T21:54:33,Double Trouble (yellow),1,0
197,Nuu,2024-05-23T21:54:33,Impulsive Desire (yellow),1,0
197,Nuu,2024-05-23T21:54:33,Intimate Inducement (yellow),1,0
197,Nuu,2024-05-23T21:54:33,Mind's Desire (yellow),1,0
197,Nuu,2024-05-23T21:54:33,Pick to Pieces (yellow),1,0
197,Nuu,2024-05-23T21:54:33,Battlefront Bastion (blue),2,0
197,Nuu,2024-05-23T21:54:33,Bonds of Memory (blue),1,0
197,Nuu,2024-05-23T21:54:33,Fact-Finding Mission (blue),1,0
197,Nuu,2024-05-23T21:54:33,First Tenet of Chi: Wind (blue),1,0
197,Nuu,2024-05-23T21:54:33,Hiss (blue),4,0
197,Nuu,2024-05-23T21:54:33,Homage to Ancestors (blue),1,0
197,Nuu,2024-05-23T21:54:33,Impulsive Desire (blue),1,0
197,Nuu,2024-05-23T21:54:33,Intimate Inducement (blue),1,0
197,Nuu,2024-05-23T21:54:33,Levels of Enlightenment (blue),1,0
197,Nuu,2024-05-23T21:54:33,Nimblism (blue),1,0
197,Nuu,2024-05-23T21:54:33,Pass Over (blue),1,0
197,Nuu,2024-05-23T21:54:33,Pick to Pieces (blue),2,0
197,Nuu,2024-05-23T21:54:33,Venomous Bite (blue),2,0
197,Nuu,2024-05-23T21:54:33,Aqua Seeing Shell,1,1
197,Nuu,2024-05-23T21:54:33,Arousing Wave,1,1
197,Nuu,2024-05-23T21:54:33,Undertow Stilettos,1,1
198,Nuu,2024-05-23T22:05:37,Bonds of Attraction (red),1,0
198,Nuu,2024-05-23T22:05:37,Hiss (red),2,0
198,Nuu,2024-05-23T22:05:37,Intimate Inducement (red),2,0
198,Nuu,2024-05-23T22:05:37,Pick to Pieces (red),2,0
198,Nuu,2024-05-23T22:05:37,Siren's Call (red),1,0
198,Nuu,2024-05-23T22:05:37,Venomous Bite (red),2,0
198,Nuu,2024-05-23T22:05:37,Art of Desire: Soul (yellow),1,0
198,Nuu,2024-05-23T22:05:37,Bonds of Memory (yellow),1,0
198,Nuu,2024-05-23T22:05:37,Desires of Flesh (yellow),1,0
198,Nuu,2024-05-23T22:05:37,Evasive Leap (yellow),1,0
198,Nuu,2024-05-23T22:05:37,Nimble Strike (yellow),1,0
198,Nuu,2024-05-23T22:05:37,Pick to Pieces (yellow),2,0
198,Nuu,2024-05-23T22:05:37,Art of Desire: Mind (blue),2,0
198,Nuu,2024-05-23T22:05:37,Bonds of Agony (blue),1,0
198,Nuu,2024-05-23T22:05:37,Deep Blue Sea (blue),1,0
198,Nuu,2024-05-23T22:05:37,Desires of Flesh (blue),2,0
198,Nuu,2024-05-23T22:05:37,Double Trouble (blue),2,0
198,Nuu,2024-05-23T22:05:37,Hiss (blue),2,0
198,Nuu,2024-05-23T22:05:37,Homage to Ancestors (blue),1,0
198,Nuu,2024-05-23T22:05:37,Impulsive Desire (blue),1,0
198,Nuu,2024-05-23T22:05:37,Mind's Desire (blue),2,0
198,Nuu,2024-05-23T22:05:37,Nimblism (blue),1,0
198,Nuu,2024-05-23T22:05:37,"Rising Sun, Setting Moon (blue)",1,0
198,Nuu,2024-05-23T22:05:37,Stir the Pot (blue),1,0
198,Nuu,2024-05-23T22:05:37,Tidal Surge (blue),1,0
198,Nuu,2024-05-23T22:05:37,Venomous Bite (blue),2,0
198,Nuu,2024-05-23T22:05:37,Aqua Seeing Shell,1,1
198,Nuu,2024-05-23T22:05:37,Arousing Wave,1,1
198,Nuu,2024-05-23T22:05:37,Skybody Keikoi,1,1
199,Enigma,2024-05-24T01:11:57,Essence of Ancestry: Body (red),1,0
199,Enigma,2024-05-24T01:11:57,Evasive Leap (red),1,0
199,Enigma,2024-05-24T01:11:57,Haunting Specter (red),1,0
199,Enigma,2024-05-24T01:11:57,Haze Shelter (red),1,0
199,Enigma,2024-05-24T01:11:57,Moon Chakra (red),1,0
199,Enigma,2024-05-24T01:11:57,Sigil of Solitude (red),2,0
199,Enigma,2024-05-24T01:11:57,Single Minded Determination (red),1,0
199,Enigma,2024-05-24T01:11:57,Solitary Companion (red),1,0
199,Enigma,2024-05-24T01:11:57,Spectral Manifestations (red),2,0
199,Enigma,2024-05-24T01:11:57,Vengeful Apparition (red),1,0
199,Enigma,2024-05-24T01:11:57,Waning Vengeance (red),2,0
199,Enigma,2024-05-24T01:11:57,Waxing Specter (red),2,0
199,Enigma,2024-05-24T01:11:57,Haunting Specter (yellow),1,0
199,Enigma,2024-05-24T01:11:57,Solitary Companion (yellow),1,0
199,Enigma,2024-05-24T01:11:57,Waning Vengeance (yellow),1,0
199,Enigma,2024-05-24T01:11:57,A Drop in the Ocean (blue),1,0
199,Enigma,2024-05-24T01:11:57,Astral Etchings (blue),1,0
199,Enigma,2024-05-24T01:11:57,Battlefront Bastion (blue),1,0
199,Enigma,2024-05-24T01:11:57,Cosmic Awakening (blue),1,0
199,Enigma,2024-05-24T01:11:57,First Tenet of Chi: Tide (blue),1,0
199,Enigma,2024-05-24T01:11:57,First Tenet of Chi: Wind (blue),1,0
199,Enigma,2024-05-24T01:11:57,Second Tenet of Chi: Wind (blue),1,0
199,Enigma,2024-05-24T01:11:57,Sigil of Solitude (blue),5,0
199,Enigma,2024-05-24T01:11:57,Single Minded Determination (blue),2,0
199,Enigma,2024-05-24T01:11:57,Spectral Manifestations (blue),1,0
199,Enigma,2024-05-24T01:11:57,Vengeful Apparition (blue),3,0
199,Enigma,2024-05-24T01:11:57,Skybody Keikoi,1,1
199,Enigma,2024-05-24T01:11:57,Skywalker Keikoi,1,1
199,Enigma,2024-05-24T01:11:57,Truths Retold,1,1
199,Enigma,2024-05-24T01:11:57,Uphold Tradition,1,1
200,Zen,2024-05-24T02:54:45,Aspect of Tiger: Body (red),1,0
200,Zen,2024-05-24T02:54:45,Biting Breeze (red),3,0
200,Zen,2024-05-24T02:54:45,Blanch (red),1,0
200,Zen,2024-05-24T02:54:45,Breed Anger (red),1,0
200,Zen,2024-05-24T02:54:45,Companion of the Claw (red),1,0
200,Zen,2024-05-24T02:54:45,Flex Claws (red),2,0
200,Zen,2024-05-24T02:54:45,Pouncing Qi (red),1,0
200,Zen,2024-05-24T02:54:45,Tiger Form Incantation (red),2,0
200,Zen,2024-05-24T02:54:45,Tooth and Claw (red),1,0
200,Zen,2024-05-24T02:54:45,Untamed (red),2,0
200,Zen,2024-05-24T02:54:45,Wind Chakra (red),1,0
200,Zen,2024-05-24T02:54:45,Biting Breeze (yellow),1,0
200,Zen,2024-05-24T02:54:45,Harmony of the Hunt (yellow),1,0
200,Zen,2024-05-24T02:54:45,Nimble Strike (yellow),1,0
200,Zen,2024-05-24T02:54:45,Tiger Form Incantation (yellow),1,0
200,Zen,2024-05-24T02:54:45,Untamed (yellow),1,0
200,Zen,2024-05-24T02:54:45,Biting Breeze (blue),1,0
200,Zen,2024-05-24T02:54:45,Breed Anger (blue),2,0
200,Zen,2024-05-24T02:54:45,First Tenet of Chi: Moon (blue),1,0
200,Zen,2024-05-24T02:54:45,First Tenet of Chi: Tide (blue),2,0
200,Zen,2024-05-24T02:54:45,Flex Claws (blue),1,0
200,Zen,2024-05-24T02:54:45,Pouncing Qi (blue),1,0
200,Zen,2024-05-24T02:54:45,Preserve Tradition (blue),1,0
200,Zen,2024-05-24T02:54:45,Spillover (blue),1,0
200,Zen,2024-05-24T02:54:45,Tiger Form Incantation (blue),2,0
200,Zen,2024-05-24T02:54:45,Heirloom of Tiger Hide,1,1
200,Zen,2024-05-24T02:54:45,Skycrest Keikoi,1,1
200,Zen,2024-05-24T02:54:45,Skyhold Keikoi,1,1
200,Zen,2024-05-24T02:54:45,Stride of Reprisal,1,1
201,Zen,2024-05-24T04:57:17,Biting Breeze (red),1,0
201,Zen,2024-05-24T04:57:17,Blessing of Qi (red),1,0
201,Zen,2024-05-24T04:57:17,Breed Anger (red),1,0
201,Zen,2024-05-24T04:57:17,Companion of the Claw (red),1,0
201,Zen,2024-05-24T04:57:17,Flex Claws (red),2,0
201,Zen,2024-05-24T04:57:17,Harmony of the Hunt (red),1,0
201,Zen,2024-05-24T04:57:17,Pouncing Qi (red),2,0
201,Zen,2024-05-24T04:57:17,Tiger Form Incantation (red),3,0
201,Zen,2024-05-24T04:57:17,Water the Seeds (red),1,0
201,Zen,2024-05-24T04:57:17,Blanch (yellow),1,0
201,Zen,2024-05-24T04:57:17,Companion of the Claw (yellow),1,0
201,Zen,2024-05-24T04:57:17,Fact-Finding Mission (yellow),1,0
201,Zen,2024-05-24T04:57:17,Harmony of the Hunt (yellow),1,0
201,Zen,2024-05-24T04:57:17,Maul (yellow),1,0
201,Zen,2024-05-24T04:57:17,Tiger Form Incantation (yellow),1,0
201,Zen,2024-05-24T04:57:17,Wind Chakra (yellow),1,0
201,Zen,2024-05-24T04:57:17,Aspect of Tiger: Mind (blue),1,0
201,Zen,2024-05-24T04:57:17,Blessing of Qi (blue),2,0
201,Zen,2024-05-24T04:57:17,Breed Anger (blue),1,0
201,Zen,2024-05-24T04:57:17,Fact-Finding Mission (blue),1,0
201,Zen,2024-05-24T04:57:17,First Tenet of Chi: Moon (blue),1,0
201,Zen,2024-05-24T04:57:17,Homage to Ancestors (blue),1,0
201,Zen,2024-05-24T04:57:17,Pouncing Qi (blue),1,0
201,Zen,2024-05-24T04:57:17,Qi Unleashed (blue),1,0
201,Zen,2024-05-24T04:57:17,"Rising Sun, Setting Moon (blue)",1,0
201,Zen,2024-05-24T04:57:17,Tiger Form Incantation (blue),2,0
201,Zen,2024-05-24T04:57:17,Untamed (blue),2,0
201,Zen,2024-05-24T04:57:17,Wounding Blow (blue),1,0
201,Zen,2024-05-24T04:57:17,Heirloom of Tiger Hide,1,1
201,Zen,2024-05-24T04:57:17,Mask of Wizened Whiskers,1,1
201,Zen,2024-05-24T04:57:17,Skyhold Keikoi,1,1
202,Zen,2024-05-24T06:22:21,Biting Breeze (red),1,0
202,Zen,2024-05-24T06:22:21,Breed Anger (red),1,0
202,Zen,2024-05-24T06:22:21,Companion of the Claw (red),1,0
202,Zen,2024-05-24T06:22:21,Emissary of Tides (red),1,0
202,Zen,2024-05-24T06:22:21,Fact-Finding Mission (red),1,0
202,Zen,2024-05-24T06:22:21,Flex Claws (red),1,0
202,Zen,2024-05-24T06:22:21,Harmony of the Hunt (red),3,0
202,Zen,2024-05-24T06:22:21,Pouncing Qi (red),1,0
202,Zen,2024-05-24T06:22:21,Tiger Form Incantation (red),2,0
202,Zen,2024-05-24T06:22:21,Breed Anger (yellow),1,0
202,Zen,2024-05-24T06:22:21,Companion of the Claw (yellow),1,0
202,Zen,2024-05-24T06:22:21,Pouncing Qi (yellow),1,0
202,Zen,2024-05-24T06:22:21,Untamed (yellow),1,0
202,Zen,2024-05-24T06:22:21,Biting Breeze (blue),1,0
202,Zen,2024-05-24T06:22:21,Breed Anger (blue),1,0
202,Zen,2024-05-24T06:22:21,Companion of the Claw (blue),1,0
202,Zen,2024-05-24T06:22:21,Droplet (blue),1,0
202,Zen,2024-05-24T06:22:21,First Tenet of Chi: Wind (blue),1,0
202,Zen,2024-05-24T06:22:21,Flex Claws (blue),1,0
202,Zen,2024-05-24T06:22:21,Path Well Traveled (blue),1,0
202,Zen,2024-05-24T06:22:21,Pouncing Qi (blue),1,0
202,Zen,2024-05-24T06:22:21,Preserve Tradition (blue),1,0
202,Zen,2024-05-24T06:22:21,Rising Tide (blue),1,0
202,Zen,2024-05-24T06:22:21,Second Tenet of Chi: Moon (blue),1,0
202,Zen,2024-05-24T06:22:21,Stir the Pot (blue),1,0
202,Zen,2024-05-24T06:22:21,Tidal Surge (blue),1,0
202,Zen,2024-05-24T06:22:21,Tiger Form Incantation (blue),1,0
202,Zen,2024-05-24T06:22:21,Untamed (blue),1,0
202,Zen,2024-05-24T06:22:21,Wind Chakra (blue),1,0
202,Zen,2024-05-24T06:22:21,Wounding Blow (blue),1,0
202,Zen,2024-05-24T06:22:21,Mask of Wizened Whiskers,1,1
202,Zen,2024-05-24T06:22:21,Skybody Keikoi,1,1
202,Zen,2024-05-24T06:22:21,Skyhold Keikoi,1,1
202,Zen,2024-05-24T06:22:21,Skywalker Keikoi,1,1
203,Enigma,2024-05-24T09:08:46,Battlefront Bastion (red),1,0
203,Enigma,2024-05-24T09:08:46,Evasive Leap (red),1,0
203,Enigma,2024-05-24T09:08:46,Haunting Specter (red),1,0
203,Enigma,2024-05-24T09:08:46,Haze Shelter (red),1,0
203,Enigma,2024-05-24T09:08:46,Sigil of Solitude (red),1,0
203,Enigma,2024-05-24T09:08:46,Spectral Manifestations (red),1,0
203,Enigma,2024-05-24T09:08:46,Vengeful Apparition (red),2,0
203,Enigma,2024-05-24T09:08:46,Waxing Specter (red),2,0
203,Enigma,2024-05-24T09:08:46,Battlefront Bastion (yellow),2,0
203,Enigma,2024-05-24T09:08:46,Fact-Finding Mission (yellow),2,0
203,Enigma,2024-05-24T09:08:46,Gravekeeping (yellow),1,0
203,Enigma,2024-05-24T09:08:46,Restless Coalescence (yellow),1,0
203,Enigma,2024-05-24T09:08:46,Spectral Manifestations (yellow),1,0
203,Enigma,2024-05-24T09:08:46,Waning Vengeance (yellow),1,0
203,Enigma,2024-05-24T09:08:46,A Drop in the Ocean (blue),2,0
203,Enigma,2024-05-24T09:08:46,Battlefront Bastion (blue),1,0
203,Enigma,2024-05-24T09:08:46,Droplet (blue),1,0
203,Enigma,2024-05-24T09:08:46,Essence of Ancestry: Mind (blue),1,0
203,Enigma,2024-05-24T09:08:46,First Tenet of Chi: Moon (blue),2,0
203,Enigma,2024-05-24T09:08:46,First Tenet of Chi: Wind (blue),2,0
203,Enigma,2024-05-24T09:08:46,Haze Shelter (blue),1,0
203,Enigma,2024-05-24T09:08:46,Homage to Ancestors (blue),1,0
203,Enigma,2024-05-24T09:08:46,Nimble Strike (blue),1,0
203,Enigma,2024-05-24T09:08:46,Pass Over (blue),1,0
203,Enigma,2024-05-24T09:08:46,Spectral Manifestations (blue),1,0
203,Enigma,2024-05-24T09:08:46,Spillover (blue),1,0
203,Enigma,2024-05-24T09:08:46,Tidal Surge (blue),1,0
203,Enigma,2024-05-24T09:08:46,Wounding Blow (blue),1,0
203,Enigma,2024-05-24T09:08:46,Koi Blessed Kimono,1,1
203,Enigma,2024-05-24T09:08:46,Skywalker Keikoi,1,1
203,Enigma,2024-05-24T09:08:46,Truths Retold,1,1
204,Nuu,2024-05-24T17:13:09,Bonds of Attraction (red),2,0
204,Nuu,2024-05-24T17:13:09,Bonds of Memory (red),2,0
204,Nuu,2024-05-24T17:13:09,Double Trouble (red),1,0
204,Nuu,2024-05-24T17:13:09,Fact-Finding Mission (red),1,0
204,Nuu,2024-05-24T17:13:09,Hiss (red),2,0
204,Nuu,2024-05-24T17:13:09,Impulsive Desire (red),1,0
204,Nuu,2024-05-24T17:13:09,Mind's Desire (red),1,0
204,Nuu,2024-05-24T17:13:09,Nimble Strike (red),1,0
204,Nuu,2024-05-24T17:13:09,Pick to Pieces (red),1,0
204,Nuu,2024-05-24T17:13:09,Tide Chakra (red),1,0
204,Nuu,2024-05-24T17:13:09,Venomous Bite (red),1,0
204,Nuu,2024-05-24T17:13:09,Bonds of Memory (yellow),1,0
204,Nuu,2024-05-24T17:13:09,Desires of Flesh (yellow),1,0
204,Nuu,2024-05-24T17:13:09,Double Trouble (yellow),1,0
204,Nuu,2024-05-24T17:13:09,Venomous Bite (yellow),1,0
204,Nuu,2024-05-24T17:13:09,Bonds of Memory (blue),2,0
204,Nuu,2024-05-24T17:13:09,Desires of Flesh (blue),1,0
204,Nuu,2024-05-24T17:13:09,Double Trouble (blue),1,0
204,Nuu,2024-05-24T17:13:09,First Tenet of Chi: Moon (blue),1,0
204,Nuu,2024-05-24T17:13:09,First Tenet of Chi: Wind (blue),1,0
204,Nuu,2024-05-24T17:13:09,Homage to Ancestors (blue),2,0
204,Nuu,2024-05-24T17:13:09,Intimate Inducement (blue),1,0
204,Nuu,2024-05-24T17:13:09,Nimblism (blue),1,0
204,Nuu,2024-05-24T17:13:09,Spillover (blue),2,0
204,Nuu,2024-05-24T17:13:09,Stir the Pot (blue),1,0
204,Nuu,2024-05-24T17:13:09,Tide Chakra (blue),1,0
204,Nuu,2024-05-24T17:13:09,Venomous Bite (blue),2,0
204,Nuu,2024-05-24T17:13:09,Water the Seeds (blue),1,0
204,Nuu,2024-05-24T17:13:09,Skybody Keikoi,1,1
204,Nuu,2024-05-24T17:13:09,Skycrest Keikoi,1,1
204,Nuu,2024-05-24T17:13:09,Undertow Stilettos,1,1
204,Nuu,2024-05-24T17:13:09,Waves of Aqua Marine,1,1
205,Zen,2024-05-24T18:48:27,Battlefront Bastion (red),1,0
205,Zen,2024-05-24T18:48:27,Breed Anger (red),1,0
205,Zen,2024-05-24T18:48:27,Companion of the Claw (red),1,0
205,Zen,2024-05-24T18:48:27,Flex Claws (red),1,0
205,Zen,2024-05-24T18:48:27,Harmony of the Hunt (red),1,0
205,Zen,2024-05-24T18:48:27,Pouncing Qi (red),1,0
205,Zen,2024-05-24T18:48:27,Tiger Form Incantation (red),3,0
205,Zen,2024-05-24T18:48:27,Untamed (red),2,0
205,Zen,2024-05-24T18:48:27,Wounding Blow (red),1,0
205,Zen,2024-05-24T18:48:27,Breed Anger (yellow),1,0
205,Zen,2024-05-24T18:48:27,Companion of the Claw (yellow),1,0
205,Zen,2024-05-24T18:48:27,Harmony of the Hunt (yellow),2,0
205,Zen,2024-05-24T18:48:27,Pouncing Qi (yellow),2,0
205,Zen,2024-05-24T18:48:27,Aspect of Tiger: Mind (blue),1,0
205,Zen,2024-05-24T18:48:27,Blessing of Qi (blue),1,0
205,Zen,2024-05-24T18:48:27,Breed Anger (blue),1,0
205,Zen,2024-05-24T18:48:27,First Tenet of Chi: Moon (blue),2,0
205,Zen,2024-05-24T18:48:27,First Tenet of Chi: Tide (blue),1,0
205,Zen,2024-05-24T18:48:27,Harmony of the Hunt (blue),2,0
205,Zen,2024-05-24T18:48:27,Pouncing Qi (blue),2,0
205,Zen,2024-05-24T18:48:27,Qi Unleashed (blue),1,0
205,Zen,2024-05-24T18:48:27,Spillover (blue),2,0
205,Zen,2024-05-24T18:48:27,Stir the Pot (blue),1,0
205,Zen,2024-05-24T18:48:27,Territorial Domain (blue),1,0
205,Zen,2024-05-24T18:48:27,Tiger Form Incantation (blue),2,0
205,Zen,2024-05-24T18:48:27,Wide Blue Yonder (blue),1,0
205,Zen,2024-05-24T18:48:27,Wind Chakra (blue),1,0
205,Zen,2024-05-24T18:48:27,Mask of Wizened Whiskers,1,1
205,Zen,2024-05-24T18:48:27,Skybody Keikoi,1,1
205,Zen,2024-05-24T18:48:27,Skyhold Keikoi,1,1
205,Zen,2024-05-24T18:48:27,Stride of Reprisal,1,1
206,Enigma,2024-05-24T21:33:17,Battlefront Bastion (red),1,0
206,Enigma,2024-05-24T21:33:17,Emissary of Wind (red),1,0
206,Enigma,2024-05-24T21:33:17,Evasive Leap (red),1,0
206,Enigma,2024-05-24T21:33:17,Haunting Specter (red),1,0
206,Enigma,2024-05-24T21:33:17,Spectral Manifestations (red),1,0
206,Enigma,2024-05-24T21:33:17,Vengeful Apparition (red),2,0
206,Enigma,2024-05-24T21:33:17,Waxing Specter (red),1,0
206,Enigma,2024-05-24T21:33:17,Battlefront Bastion (yellow),1,0
206,Enigma,2024-05-24T21:33:17,Sigil of Solitude (yellow),1,0
206,Enigma,2024-05-24T21:33:17,Battlefront Bastion (blue),2,0
206,Enigma,2024-05-24T21:33:17,Essence of Ancestry: Mind (blue),2,0
206,Enigma,2024-05-24T21:33:17,Fact-Finding Mission (blue),1,0
206,Enigma,2024-05-24T21:33:17,First Tenet of Chi: Moon (blue),1,0
206,Enigma,2024-05-24T21:33:17,Haunting Specter (blue),1,0
206,Enigma,2024-05-24T21:33:17,Manifestation of Miragai (blue),1,0
206,Enigma,2024-05-24T21:33:17,Nimble Strike (blue),1,0
206,Enigma,2024-05-24T21:33:17,Preserve Tradition (blue),1,0
206,Enigma,2024-05-24T21:33:17,"Rising Sun, Setting Moon (blue)",2,0
206,Enigma,2024-05-24T21:33:17,Rowdy Locals (blue),1,0
206,Enigma,2024-05-24T21:33:17,Second Tenet of Chi: Wind (blue),1,0
206,Enigma,2024-05-24T21:33:17,Sigil of Solitude (blue),1,0
206,Enigma,2024-05-24T21:33:17,Solitary Companion (blue),2,0
206,Enigma,2024-05-24T21:33:17,Spectral Manifestations (blue),2,0
206,Enigma,2024-05-24T21:33:17,Spillover (blue),1,0
206,Enigma,2024-05-24T21:33:17,The Grain that Tips the Scale (blue),2,0
206,Enigma,2024-05-24T21:33:17,Tidal Surge (blue),1,0
206,Enigma,2024-05-24T21:33:17,Water the Seeds (blue),1,0
206,Enigma,2024-05-24T21:33:17,Wide Blue Yonder (blue),1,0
206,Enigma,2024-05-24T21:33:17,Koi Blessed Kimono,1,1
206,Enigma,2024-05-24T21:33:17,Truths Retold,1,1
206,Enigma,2024-05-24T21:33:17,Uphold Tradition,1,1
207,Zen,2024-05-24T23:26:50,Battlefront Bastion (red),1,0
207,Zen,2024-05-24T23:26:50,Blessing of Qi (red),2,0
207,Zen,2024-05-24T23:26:50,Breed Anger (red),2,0
207,Zen,2024-05-24T23:26:50,Chase the Tail (red),1,0
207,Zen,2024-05-24T23:26:50,Flex Claws (red),2,0
207,Zen,2024-05-24T23:26:50,Harmony of the Hunt (red),1,0
207,Zen,2024-05-24T23:26:50,Nimblism (red),1,0
207,Zen,2024-05-24T23:26:50,Pouncing Qi (red),3,0
207,Zen,2024-05-24T23:26:50,Tiger Form Incantation (red),2,0
207,Zen,2024-05-24T23:26:50,Tooth and Claw (red),1,0
207,Zen,2024-05-24T23:26:50,Untamed (red),2,0
207,Zen,2024-05-24T23:26:50,Biting Breeze (yellow),1,0
207,Zen,2024-05-24T23:26:50,Biting Breeze (blue),2,0
207,Zen,2024-05-24T23:26:50,Breed Anger (blue),1,0
207,Zen,2024-05-24T23:26:50,Companion of the Claw (blue),2,0
207,Zen,2024-05-24T23:26:50,First Tenet of Chi: Moon (blue),1,0
207,Zen,2024-05-24T23:26:50,Flex Claws (blue),1,0
207,Zen,2024-05-24T23:26:50,Harmony of the Hunt (blue),2,0
207,Zen,2024-05-24T23:26:50,Homage to Ancestors (blue),2,0
207,Zen,2024-05-24T23:26:50,Pouncing Qi (blue),3,0
207,Zen,2024-05-24T23:26:50,Qi Unleashed (blue),1,0
207,Zen,2024-05-24T23:26:50,Second Tenet of Chi: Tide (blue),1,0
207,Zen,2024-05-24T23:26:50,Stir the Pot (blue),1,0
207,Zen,2024-05-24T23:26:50,Tiger Form Incantation (blue),2,0
207,Zen,2024-05-24T23:26:50,Heirloom of Tiger Hide,1,1
207,Zen,2024-05-24T23:26:50,Mask of Wizened Whiskers,1,1
207,Zen,2024-05-24T23:26:50,Skyhold Keikoi,1,1
207,Zen,2024-05-24T23:26:50,Stride of Reprisal,1,1
208,Enigma,2024-05-25T05:33:01,"10,000 Year Reunion (red)",1,0
208,Enigma,2024-05-25T05:33:01,Astral Etchings (red),1,0
208,Enigma,2024-05-25T05:33:01,Emissary of Tides (red),1,0
208,Enigma,2024-05-25T05:33:01,Evasive Leap (red),1,0
208,Enigma,2024-05-25T05:33:01,Moon Chakra (red),1,0
208,Enigma,2024-05-25T05:33:01,Sigil of Solitude (red),2,0
208,Enigma,2024-05-25T05:33:01,Single Minded Determination (red),1,0
208,Enigma,2024-05-25T05:33:01,Waning Vengeance (red),1,0
208,Enigma,2024-05-25T05:33:01,Waxing Specter (red),2,0
208,Enigma,2024-05-25T05:33:01,Astral Etchings (yellow),2,0
208,Enigma,2024-05-25T05:33:01,Battlefront Bastion (yellow),1,0
208,Enigma,2024-05-25T05:33:01,Moon Chakra (yellow),1,0
208,Enigma,2024-05-25T05:33:01,Sigil of Solitude (yellow),1,0
208,Enigma,2024-05-25T05:33:01,Single Minded Determination (yellow),2,0
208,Enigma,2024-05-25T05:33:01,Vengeful Apparition (yellow),1,0
208,Enigma,2024-05-25T05:33:01,Water the Seeds (yellow),1,0
208,Enigma,2024-05-25T05:33:01,A Drop in the Ocean (blue),1,0
208,Enigma,2024-05-25T05:33:01,Battlefront Bastion (blue),1,0
208,Enigma,2024-05-25T05:33:01,Droplet (blue),1,0
208,Enigma,2024-05-25T05:33:01,First Tenet of Chi: Moon (blue),2,0
208,Enigma,2024-05-25T05:33:01,Gravekeeping (blue),1,0
208,Enigma,2024-05-25T05:33:01,Homage to Ancestors (blue),2,0
208,Enigma,2024-05-25T05:33:01,Manifestation of Miragai (blue),1,0
208,Enigma,2024-05-25T05:33:01,"Rising Sun, Setting Moon (blue)",1,0
208,Enigma,2024-05-25T05:33:01,Second Tenet of Chi: Moon (blue),1,0
208,Enigma,2024-05-25T05:33:01,Sigil of Solitude (blue),1,0
208,Enigma,2024-05-25T05:33:01,Single Minded Determination (blue),1,0
208,Enigma,2024-05-25T05:33:01,Solitary Companion (blue),1,0
208,Enigma,2024-05-25T05:33:01,Vengeful Apparition (blue),2,0
208,Enigma,2024-05-25T05:33:01,Koi Blessed Kimono,1,1
208,Enigma,2024-05-25T05:33:01,Skyhold Keikoi,1,1
208,Enigma,2024-05-25T05:33:01,Skywalker Keikoi,1,1
208,Enigma,2024-05-25T05:33:01,Truths Retold,1,1
209,Enigma,2024-05-25T19:53:45,Astral Etchings (red),1,0
209,Enigma,2024-05-25T19:53:45,Haze Shelter (red),2,0
209,Enigma,2024-05-25T19:53:45,Sigil of Solitude (red),2,0
209,Enigma,2024-05-25T19:53:45,Single Minded Determination (red),1,0
209,Enigma,2024-05-25T19:53:45,Solitary Companion (red),2,0
209,Enigma,2024-05-25T19:53:45,Vengeful Apparition (red),2,0
209,Enigma,2024-05-25T19:53:45,Waning Vengeance (red),1,0
209,Enigma,2024-05-25T19:53:45,Waxing Specter (red),2,0
209,Enigma,2024-05-25T19:53:45,Wounding Blow (red),1,0
209,Enigma,2024-05-25T19:53:45,Fact-Finding Mission (yellow),1,0
209,Enigma,2024-05-25T19:53:45,Single Minded Determination (yellow),1,0
209,Enigma,2024-05-25T19:53:45,Vengeful Apparition (yellow),1,0
209,Enigma,2024-05-25T19:53:45,Waning Vengeance (yellow),2,0
209,Enigma,2024-05-25T19:53:45,A Drop in the Ocean (blue),1,0
209,Enigma,2024-05-25T19:53:45,Battlefront Bastion (blue),1,0
209,Enigma,2024-05-25T19:53:45,Cosmic Awakening (blue),1,0
209,Enigma,2024-05-25T19:53:45,First Tenet of Chi: Wind (blue),1,0
209,Enigma,2024-05-25T19:53:45,Homage to Ancestors (blue),1,0
209,Enigma,2024-05-25T19:53:45,Single Minded Determination (blue),2,0
209,Enigma,2024-05-25T19:53:45,Solitary Companion (blue),1,0
209,Enigma,2024-05-25T19:53:45,Tidal Surge (blue),1,0
209,Enigma,2024-05-25T19:53:45,Waning Vengeance (blue),1,0
209,Enigma,2024-05-25T19:53:45,Wash Away (blue),1,0
209,Enigma,2024-05-25T19:53:45,Waxing Specter (blue),2,0
209,Enigma,2024-05-25T19:53:45,Wounding Blow (blue),2,0
209,Enigma,2024-05-25T19:53:45,Skybody Keikoi,1,1
209,Enigma,2024-05-25T19:53:45,Skywalker Keikoi,1,1
209,Enigma,2024-05-25T19:53:45,Uphold Tradition,1,1
210,Zen,2024-05-26T01:59:09,Biting Breeze (red),1,0
210,Zen,2024-05-26T01:59:09,Blessing of Qi (red),1,0
210,Zen,2024-05-26T01:59:09,Companion of the Claw (red),1,0
210,Zen,2024-05-26T01:59:09,Emissary of Tides (red),1,0
210,Zen,2024-05-26T01:59:09,Flex Claws (red),1,0
210,Zen,2024-05-26T01:59:09,Pouncing Qi (red),1,0
210,Zen,2024-05-26T01:59:09,Qi Unleashed (red),1,0
210,Zen,2024-05-26T01:59:09,Wounding Blow (red),1,0
210,Zen,2024-05-26T01:59:09,Biting Breeze (yellow),1,0
210,Zen,2024-05-26T01:59:09,Breed Anger (yellow),1,0
210,Zen,2024-05-26T01:59:09,Companion of the Claw (yellow),1,0
210,Zen,2024-05-26T01:59:09,Gravekeeping (yellow),2,0
210,Zen,2024-05-26T01:59:09,Water the Seeds (yellow),2,0
210,Zen,2024-05-26T01:59:09,Wind Chakra (yellow),1,0
210,Zen,2024-05-26T01:59:09,Biting Breeze (blue),1,0
210,Zen,2024-05-26T01:59:09,Blessing of Qi (blue),1,0
210,Zen,2024-05-26T01:59:09,Breed Anger (blue),1,0
210,Zen,2024-05-26T01:59:09,Companion of the Claw (blue),1,0
210,Zen,2024-05-26T01:59:09,Deep Blue Sea (blue),1,0
210,Zen,2024-05-26T01:59:09,Droplet (blue),1,0
210,Zen,2024-05-26T01:59:09,Evasive Leap (blue),1,0
210,Zen,2024-05-26T01:59:09,Fact-Finding Mission (blue),1,0
210,Zen,2024-05-26T01:59:09,First Tenet of Chi: Moon (blue),1,0
210,Zen,2024-05-26T01:59:09,Harmony of the Hunt (blue),2,0
210,Zen,2024-05-26T01:59:09,Homage to Ancestors (blue),3,0
210,Zen,2024-05-26T01:59:09,Orihon of Mystic Tenets (blue),1,0
210,Zen,2024-05-26T01:59:09,Pass Over (blue),2,0
210,Zen,2024-05-26T01:59:09,"Rising Sun, Setting Moon (blue)",1,0
210,Zen,2024-05-26T01:59:09,Wounding Blow (blue),1,0
210,Zen,2024-05-26T01:59:09,Heirloom of Tiger Hide,1,1
210,Zen,2024-05-26T01:59:09,Mask of Wizened Whiskers,1,1
210,Zen,2024-05-26T01:59:09,Skybody Keikoi,1,1
210,Zen,2024-05-26T01:59:09,Skyhold Keikoi,1,1
210,Zen,2024-05-26T01:59:09,Skywalker Keikoi,1,1
210,Zen,2024-05-26T01:59:09,Stride of Reprisal,1,1
211,Zen,2024-05-26T09:07:49,Biting Breeze (red),2,0
211,Zen,2024-05-26T09:07:49,Blessing of Qi (red),1,0
211,Zen,2024-05-26T09:07:49,Breed Anger (red),1,0
211,Zen,2024-05-26T09:07:49,Companion of the Claw (red),2,0
211,Zen,2024-05-26T09:07:49,Flex Claws (red),3,0
211,Zen,2024-05-26T09:07:49,Harmony of the Hunt (red),2,0
211,Zen,2024-05-26T09:07:49,Nimble Strike (red),1,0
211,Zen,2024-05-26T09:07:49,Pouncing Qi (red),2,0
211,Zen,2024-05-26T09:07:49,Qi Unleashed (red),1,0
211,Zen,2024-05-26T09:07:49,Untamed (red),3,0
211,Zen,2024-05-26T09:07:49,Biting Breeze (yellow),1,0
211,Zen,2024-05-26T09:07:49,Breed Anger (yellow),1,0
211,Zen,2024-05-26T09:07:49,Fact-Finding Mission (yellow),1,0
211,Zen,2024-05-26T09:07:49,Maul (yellow),1,0
211,Zen,2024-05-26T09:07:49,Nimblism (yellow),1,0
211,Zen,2024-05-26T09:07:49,Qi Unleashed (yellow),1,0
211,Zen,2024-05-26T09:07:49,Tiger Form Incantation (yellow),2,0
211,Zen,2024-05-26T09:07:49,A Drop in the Ocean (blue),1,0
211,Zen,2024-05-26T09:07:49,Biting Breeze (blue),1,0
211,Zen,2024-05-26T09:07:49,Breed Anger (blue),1,0
211,Zen,2024-05-26T09:07:49,Companion of the Claw (blue),1,0
211,Zen,2024-05-26T09:07:49,First Tenet of Chi: Moon (blue),1,0
211,Zen,2024-05-26T09:07:49,Flex Claws (blue),1,0
211,Zen,2024-05-26T09:07:49,Harmony of the Hunt (blue),1,0
211,Zen,2024-05-26T09:07:49,Pouncing Qi (blue),1,0
211,Zen,2024-05-26T09:07:49,Preserve Tradition (blue),1,0
211,Zen,2024-05-26T09:07:49,Rowdy Locals (blue),1,0
211,Zen,2024-05-26T09:07:49,Tiger Form Incantation (blue),1,0
211,Zen,2024-05-26T09:07:49,Untamed (blue),2,0
211,Zen,2024-05-26T09:07:49,Wind Chakra (blue),1,0
211,Zen,2024-05-26T09:07:49,Mask of Wizened Whiskers,1,1
211,Zen,2024-05-26T09:07:49,Stride of Reprisal,1,1
212,Nuu,2024-05-26T13:13:35,Battlefront Bastion (red),1,0
212,Nuu,2024-05-26T13:13:35,Blanch (red),2,0
212,Nuu,2024-05-26T13:13:35,Desires of Flesh (red),4,0
212,Nuu,2024-05-26T13:13:35,Hiss (red),2,0
212,Nuu,2024-05-26T13:13:35,Intimate Inducement (red),1,0
212,Nuu,2024-05-26T13:13:35,Nimble Strike (red),1,0
212,Nuu,2024-05-26T13:13:35,Pick to Pieces (red),2,0
212,Nuu,2024-05-26T13:13:35,Blanch (yellow),1,0
212,Nuu,2024-05-26T13:13:35,Hiss (yellow),2,0
212,Nuu,2024-05-26T13:13:35,Intimate Inducement (yellow),1,0
212,Nuu,2024-05-26T13:13:35,Pick to Pieces (yellow),1,0
212,Nuu,2024-05-26T13:13:35,Venomous Bite (yellow),1,0
212,Nuu,2024-05-26T13:13:35,Wounding Blow (yellow),1,0
212,Nuu,2024-05-26T13:13:35,Big Blue Sky (blue),1,0
212,Nuu,2024-05-26T13:13:35,Desires of Flesh (blue),1,0
212,Nuu,2024-05-26T13:13:35,Double Trouble (blue),1,0
212,Nuu,2024-05-26T13:13:35,First Tenet of Chi: Moon (blue),2,0
212,Nuu,2024-05-26T13:13:35,First Tenet of Chi: Tide (blue),1,0
212,Nuu,2024-05-26T13:13:35,Homage to Ancestors (blue),1,0
212,Nuu,2024-05-26T13:13:35,Intimate Inducement (blue),2,0
212,Nuu,2024-05-26T13:13:35,Nimble Strike (blue),2,0
212,Nuu,2024-05-26T13:13:35,Preserve Tradition (blue),1,0
212,Nuu,2024-05-26T13:13:35,Stir the Pot (blue),1,0
212,Nuu,2024-05-26T13:13:35,Tidal Surge (blue),1,0
212,Nuu,2024-05-26T13:13:35,Tide Chakra (blue),1,0
212,Nuu,2024-05-26T13:13:35,Arousing Wave,1,1
212,Nuu,2024-05-26T13:13:35,Skybody Keikoi,1,1
212,Nuu,2024-05-26T13:13:35,Undertow Stilettos,1,1
213,Nuu,2024-05-26T23:44:17,Bonds of Attraction (red),1,0
213,Nuu,2024-05-26T23:44:17,Bonds of Memory (red),2,0
213,Nuu,2024-05-26T23:44:17,Desires of Flesh (red),3,0
213,Nuu,2024-05-26T23:44:17,Double Trouble (red),1,0
213,Nuu,2024-05-26T23:44:17,Emissary of Wind (red),1,0
213,Nuu,2024-05-26T23:44:17,Impulsive Desire (red),1,0
213,Nuu,2024-05-26T23:44:17,Intimate Inducement (red),1,0
213,Nuu,2024-05-26T23:44:17,Mind's Desire (red),1,0
213,Nuu,2024-05-26T23:44:17,Nimblism (red),1,0
213,Nuu,2024-05-26T23:44:17,Siren's Call (red),1,0
213,Nuu,2024-05-26T23:44:17,Venomous Bite (red),2,0
213,Nuu,2024-05-26T23:44:17,Art of Desire: Soul (yellow),1,0
213,Nuu,2024-05-26T23:44:17,Bonds of Attraction (yellow),1,0
213,Nuu,2024-05-26T23:44:17,Impulsive Desire (yellow),1,0
213,Nuu,2024-05-26T23:44:17,Pick to Pieces (yellow),1,0
213,Nuu,2024-05-26T23:44:17,Venomous Bite (yellow),2,0
213,Nuu,2024-05-26T23:44:17,Art of Desire: Mind (blue),1,0
213,Nuu,2024-05-26T23:44:17,Deep Blue Sea (blue),1,0
213,Nuu,2024-05-26T23:44:17,Desires of Flesh (blue),2,0
213,Nuu,2024-05-26T23:44:17,Double Trouble (blue),1,0
213,Nuu,2024-05-26T23:44:17,Impulsive Desire (blue),2,0
213,Nuu,2024-05-26T23:44:17,Intimate Inducement (blue),2,0
213,Nuu,2024-05-26T23:44:17,Mind's Desire (blue),1,0
213,Nuu,2024-05-26T23:44:17,Pass Over (blue),1,0
213,Nuu,2024-05-26T23:44:17,Pick to Pieces (blue),1,0
213,Nuu,2024-05-26T23:44:17,Stir the Pot (blue),1,0
213,Nuu,2024-05-26T23:44:17,Venomous Bite (blue),2,0
213,Nuu,2024-05-26T23:44:17,Wash Away (blue),1,0
213,Nuu,2024-05-26T23:44:17,Arousing Wave,1,1
213,Nuu,2024-05-26T23:44:17,Skycrest Keikoi,1,1
213,Nuu,2024-05-26T23:44:17,Undertow Stilettos,1,1
214,Nuu,2024-05-22T13:26:41,Art of Desire: Body (red),2,0
214,Nuu,2024-05-22T13:26:41,Battlefront Bastion (red),1,0
214,Nuu,2024-05-22T13:26:41,Bonds of Attraction (red),1,0
214,Nuu,2024-05-22T13:26:41,Bonds of Memory (red),2,0
214,Nuu,2024-05-22T13:26:41,Desires of Flesh (red),1,0
214,Nuu,2024-05-22T13:26:41,Evasive Leap (red),2,0
214,Nuu,2024-05-22T13:26:41,Hiss (red),1,0
214,Nuu,2024-05-22T13:26:41,Pick to Pieces (red),2,0
214,Nuu,2024-05-22T13:26:41,Venomous Bite (red),2,0
214,Nuu,2024-05-22T13:26:41,Bonds of Attraction (yellow),1,0
214,Nuu,2024-05-22T13:26:41,Bonds of Memory (yellow),1,0
214,Nuu,2024-05-22T13:26:41,Fact-Finding Mission (yellow),1,0
214,Nuu,2024-05-22T13:26:41,Hiss (yellow),1,0
214,Nuu,2024-05-22T13:26:41,Art of Desire: Mind (blue),1,0
214,Nuu,2024-05-22T13:26:41,Attune with Cosmic Vibrations (blue),1,0
214,Nuu,2024-05-22T13:26:41,Big Blue Sky (blue),1,0
214,Nuu,2024-05-22T13:26:41,Bonds of Memory (blue),2,0
214,Nuu,2024-05-22T13:26:41,Desires of Flesh (blue),1,0
214,Nuu,2024-05-22T13:26:41,First Tenet of Chi: Wind (blue),1,0
214,Nuu,2024-05-22T13:26:41,Impulsive Desire (blue),1,0
214,Nuu,2024-05-22T13:26:41,Intimate Inducement (blue),1,0
214,Nuu,2024-05-22T13:26:41,Pass Over (blue),1,0
214,Nuu,2024-05-22T13:26:41,Pick to Pieces (blue),1,0
214,Nuu,2024-05-22T13:26:41,Stir the Pot (blue),2,0
214,Nuu,2024-05-22T13:26:41,Wash Away (blue),1,0
214,Nuu,2024-05-22T13:26:41,Aqua Laps,1,1
214,Nuu,2024-05-22T13:26:41,Arousing Wave,1,1
214,Nuu,2024-05-22T13:26:41,Skybody Keikoi,1,1
214,Nuu,2024-05-22T13:26:41,Skyhold Keikoi,1,1
214,Nuu,2024-05-22T13:26:41,Waves of Aqua Marine,1,1
215,Zen,2024-05-22T13:57:23,Biting Breeze (red),4,0
215,Zen,2024-05-22T13:57:23,Breed Anger (red),1,0
215,Zen,2024-05-22T13:57:23,Flex Claws (red),2,0
215,Zen,2024-05-22T13:57:23,Harmony of the Hunt (red),3,0
215,Zen,2024-05-22T13:57:23,Pouncing Qi (red),2,0
215,Zen,2024-05-22T13:57:23,Tiger Form Incantation (red),1,0
215,Zen,2024-05-22T13:57:23,Tooth and Claw (red),1,0
215,Zen,2024-05-22T13:57:23,Untamed (red),2,0
215,Zen,2024-05-22T13:57:23,Aspect of Tiger: Soul (yellow),1,0
215,Zen,2024-05-22T13:57:23,Breed Anger (yellow),1,0
215,Zen,2024-05-22T13:57:23,Companion of the Claw (yellow),1,0
215,Zen,2024-05-22T13:57:23,Nimblism (yellow),1,0
215,Zen,2024-05-22T13:57:23,Tiger Form Incantation (yellow),2,0
215,Zen,2024-05-22T13:57:23,Untamed (yellow),1,0
215,Zen,2024-05-22T13:57:23,Biting Breeze (blue),2,0
215,Zen,2024-05-22T13:57:23,Breed Anger (blue),1,0
215,Zen,2024-05-22T13:57:23,Harmony of the Hunt (blue),2,0
215,Zen,2024-05-22T13:57:23,Nimble Strike (blue),1,0
215,Zen,2024-05-22T13:57:23,Pouncing Qi (blue),2,0
215,Zen,2024-05-22T13:57:23,Qi Unleashed (blue),1,0
215,Zen,2024-05-22T13:57:23,"Rising Sun, Setting Moon (blue)",1,0
215,Zen,2024-05-22T13:57:23,Sacred Art: Jade Tiger Domain (blue),1,0
215,Zen,2024-05-22T13:57:23,Tiger Form Incantation (blue),1,0
215,Zen,2024-05-22T13:57:23,Koi Blessed Kimono,1,1
215,Zen,2024-05-22T13:57:23,Skyhold Keikoi,1,1
215,Zen,2024-05-22T13:57:23,Skywalker Keikoi,1,1
215,Zen,2024-05-22T13:57:23,Stride of Reprisal,1,1
216,Zen,2024-05-22T15:43:45,Breed Anger (red),2,0
216,Zen,2024-05-22T15:43:45,Companion of the Claw (red),1,0
216,Zen,2024-05-22T15:43:45,Emissary of Tides (red),1,0
216,Zen,2024-05-22T15:43:45,Flex Claws (red),1,0
216,Zen,2024-05-22T15:43:45,Harmony of the Hunt (red),1,0
216,Zen,2024-05-22T15:43:45,Pouncing Qi (red),1,0
216,Zen,2024-05-22T15:43:45,Tiger Form Incantation (red),2,0
216,Zen,2024-05-22T15:43:45,Untamed (red),2,0
216,Zen,2024-05-22T15:43:45,Water the Seeds (red),1,0
216,Zen,2024-05-22T15:43:45,Aspect of Tiger: Soul (yellow),2,0
216,Zen,2024-05-22T15:43:45,Battlefront Bastion (yellow),1,0
216,Zen,2024-05-22T15:43:45,Breed Anger (yellow),1,0
216,Zen,2024-05-22T15:43:45,Harmony of the Hunt (yellow),1,0
216,Zen,2024-05-22T15:43:45,Tiger Form Incantation (yellow),2,0
216,Zen,2024-05-22T15:43:45,Untamed (yellow),1,0
216,Zen,2024-05-22T15:43:45,Biting Breeze (blue),1,0
216,Zen,2024-05-22T15:43:45,Blanch (blue),1,0
216,Zen,2024-05-22T15:43:45,Breed Anger (blue),1,0
216,Zen,2024-05-22T15:43:45,Companion of the Claw (blue),1,0
216,Zen,2024-05-22T15:43:45,Droplet (blue),1,0
216,Zen,2024-05-22T15:43:45,First Tenet of Chi: Tide (blue),1,0
216,Zen,2024-05-22T15:43:45,Preserve Tradition (blue),1,0
216,Zen,2024-05-22T15:43:45,Qi Unleashed (blue),2,0
216,Zen,2024-05-22T15:43:45,Rising Tide (blue),1,0
216,Zen,2024-05-22T15:43:45,The Grain that Tips the Scale (blue),1,0
216,Zen,2024-05-22T15:43:45,Tidal Surge (blue),1,0
216,Zen,2024-05-22T15:43:45,Tiger Form Incantation (blue),1,0
216,Zen,2024-05-22T15:43:45,Untamed (blue),2,0
216,Zen,2024-05-22T15:43:45,Water the Seeds (blue),1,0
216,Zen,2024-05-22T15:43:45,Wind Chakra (blue),1,0
216,Zen,2024-05-22T15:43:45,Wounding Blow (blue),1,0
216,Zen,2024-05-22T15:43:45,Koi Blessed Kimono,1,1
216,Zen,2024-05-22T15:43:45,Skycrest Keikoi,1,1
216,Zen,2024-05-22T15:43:45,Skyhold Keikoi,1,1
216,Zen,2024-05-22T15:43:45,Stride of Reprisal,1,1
217,Zen,2024-05-22T15:58:13,Battlefront Bastion (red),1,0
217,Zen,2024-05-22T15:58:13,Biting Breeze (red),1,0
217,Zen,2024-05-22T15:58:13,Blessing of Qi (red),1,0
217,Zen,2024-05-22T15:58:13,Breed Anger (red),1,0
217,Zen,2024-05-22T15:58:13,Companion of the Claw (red),2,0
217,Zen,2024-05-22T15:58:13,Fact-Finding Mission (red),1,0
217,Zen,2024-05-22T15:58:13,Flex Claws (red),1,0
217,Zen,2024-05-22T15:58:13,Gravekeeping (red),1,0
217,Zen,2024-05-22T15:58:13,Harmony of the Hunt (red),1,0
217,Zen,2024-05-22T15:58:13,Qi Unleashed (red),1,0
217,Zen,2024-05-22T15:58:13,Battlefront Bastion (yellow),1,0
217,Zen,2024-05-22T15:58:13,Biting Breeze (yellow),1,0
217,Zen,2024-05-22T15:58:13,Tiger Form Incantation (yellow),1,0
217,Zen,2024-05-22T15:58:13,Attune with Cosmic Vibrations (blue),2,0
217,Zen,2024-05-22T15:58:13,Battlefront Bastion (blue),1,0
217,Zen,2024-05-22T15:58:13,Biting Breeze (blue),1,0
217,Zen,2024-05-22T15:58:13,Breed Anger (blue),1,0
217,Zen,2024-05-22T15:58:13,Companion of the Claw (blue),1,0
217,Zen,2024-05-22T15:58:13,First Tenet of Chi: Moon (blue),1,0
217,Zen,2024-05-22T15:58:13,Flex Claws (blue),1,0
217,Zen,2024-05-22T15:58:13,Harmony of the Hunt (blue),1,0
217,Zen,2024-05-22T15:58:13,Homage to Ancestors (blue),1,0
217,Zen,2024-05-22T15:58:13,Pouncing Qi (blue),1,0
217,Zen,2024-05-22T15:58:13,Preserve Tradition (blue),1,0
217,Zen,2024-05-22T15:58:13,Spillover (blue),1,0
217,Zen,2024-05-22T15:58:13,Tiger Form Incantation (blue),1,0
217,Zen,2024-05-22T15:58:13,Untamed (blue),1,0
217,Zen,2024-05-22T15:58:13,Wind Chakra (blue),1,0
217,Zen,2024-05-22T15:58:13,Skycrest Keikoi,1,1
217,Zen,2024-05-22T15:58:13,Stride of Reprisal,1,1
218,Zen,2024-05-22T17:20:41,Breed Anger (red),2,0
218,Zen,2024-05-22T17:20:41,Companion of the Claw (red),1,0
218,Zen,2024-05-22T17:20:41,Evasive Leap (red),1,0
218,Zen,2024-05-22T17:20:41,Fact-Finding Mission (red),1,0
218,Zen,2024-05-22T17:20:41,Flex Claws (red),1,0
218,Zen,2024-05-22T17:20:41,Harmony of the Hunt (red),1,0
218,Zen,2024-05-22T17:20:41,Pouncing Qi (red),2,0
218,Zen,2024-05-22T17:20:41,Wounding Blow (red),1,0
218,Zen,2024-05-22T17:20:41,Biting Breeze (yellow),2,0
218,Zen,2024-05-22T17:20:41,Evasive Leap (yellow),1,0
218,Zen,2024-05-22T17:20:41,Flex Claws (yellow),1,0
218,Zen,2024-05-22T17:20:41,Harmony of the Hunt (yellow),1,0
218,Zen,2024-05-22T17:20:41,Qi Unleashed (yellow),1,0
218,Zen,2024-05-22T17:20:41,Tiger Form Incantation (yellow),1,0
218,Zen,2024-05-22T17:20:41,Untamed (yellow),2,0
218,Zen,2024-05-22T17:20:41,Wounding Blow (yellow),2,0
218,Zen,2024-05-22T17:20:41,Aspect of Tiger: Mind (blue),1,0
218,Zen,2024-05-22T17:20:41,Biting Breeze (blue),1,0
218,Zen,2024-05-22T17:20:41,Breed Anger (blue),1,0
218,Zen,2024-05-22T17:20:41,First Tenet of Chi: Moon (blue),2,0
218,Zen,2024-05-22T17:20:41,Flex Claws (blue),2,0
218,Zen,2024-05-22T17:20:41,Harmony of the Hunt (blue),1,0
218,Zen,2024-05-22T17:20:41,Pouncing Qi (blue),1,0
218,Zen,2024-05-22T17:20:41,Qi Unleashed (blue),1,0
218,Zen,2024-05-22T17:20:41,"Rising Sun, Setting Moon (blue)",1,0
218,Zen,2024-05-22T17:20:41,The Grain that Tips the Scale (blue),1,0
218,Zen,2024-05-22T17:20:41,Tiger Form Incantation (blue),2,0
218,Zen,2024-05-22T17:20:41,Untamed (blue),1,0
218,Zen,2024-05-22T17:20:41,Wind Chakra (blue),1,0
218,Zen,2024-05-22T17:20:41,Koi Blessed Kimono,1,1
218,Zen,2024-05-22T17:20:41,Mask of Wizened Whiskers,1,1
218,Zen,2024-05-22T17:20:41,Skyhold Keikoi,1,1
218,Zen,2024-05-22T17:20:41,Stride of Reprisal,1,1
219,Nuu,2024-05-22T20:21:27,Art of Desire: Body (red),2,0
219,Nuu,2024-05-22T20:21:27,Bonds of Memory (red),1,0
219,Nuu,2024-05-22T20:21:27,Desires of Flesh (red),1,0
219,Nuu,2024-05-22T20:21:27,Double Trouble (red),1,0
219,Nuu,2024-05-22T20:21:27,Evasive Leap (red),1,0
219,Nuu,2024-05-22T20:21:27,Hiss (red),3,0
219,Nuu,2024-05-22T20:21:27,Impulsive Desire (red),2,0
219,Nuu,2024-05-22T20:21:27,Intimate Inducement (red),2,0
219,Nuu,2024-05-22T20:21:27,Mind's Desire (red),2,0
219,Nuu,2024-05-22T20:21:27,Pick to Pieces (red),1,0
219,Nuu,2024-05-22T20:21:27,Tide Chakra (red),1,0
219,Nuu,2024-05-22T20:21:27,Bonds of Attraction (yellow),1,0
219,Nuu,2024-05-22T20:21:27,Desires of Flesh (yellow),1,0
219,Nuu,2024-05-22T20:21:27,Double Trouble (yellow),1,0
219,Nuu,2024-05-22T20:21:27,Venomous Bite (yellow),2,0
219,Nuu,2024-05-22T20:21:27,Art of Desire: Mind (blue),1,0
219,Nuu,2024-05-22T20:21:27,Bonds of Agony (blue),1,0
219,Nuu,2024-05-22T20:21:27,Desires of Flesh (blue),1,0
219,Nuu,2024-05-22T20:21:27,First Tenet of Chi: Wind (blue),1,0
219,Nuu,2024-05-22T20:21:27,Hiss (blue),2,0
219,Nuu,2024-05-22T20:21:27,Impulsive Desire (blue),1,0
219,Nuu,2024-05-22T20:21:27,Intimate Inducement (blue),2,0
219,Nuu,2024-05-22T20:21:27,Mind's Desire (blue),1,0
219,Nuu,2024-05-22T20:21:27,Pass Over (blue),1,0
219,Nuu,2024-05-22T20:21:27,Path Well Traveled (blue),2,0
219,Nuu,2024-05-22T20:21:27,Pick to Pieces (blue),1,0
219,Nuu,2024-05-22T20:21:27,Stir the Pot (blue),1,0
219,Nuu,2024-05-22T20:21:27,Aqua Laps,1,1
219,Nuu,2024-05-22T20:21:27,Arousing Wave,1,1
219,Nuu,2024-05-22T20:21:27,Heirloom of Snake Hide,1,1
220,Zen,2024-06-03T20:23:22,Companion of the Claw (red),1,0
220,Zen,2024-06-03T20:23:22,Evasive Leap (red),1,0
220,Zen,2024-06-03T20:23:22,Harmony of the Hunt (red),1,0
220,Zen,2024-06-03T20:23:22,Nimble Strike (red),1,0
220,Zen,2024-06-03T20:23:22,Pouncing Qi (red),1,0
220,Zen,2024-06-03T20:23:22,Qi Unleashed (red),1,0
220,Zen,2024-06-03T20:23:22,Tiger Form Incantation (red),2,0
220,Zen,2024-06-03T20:23:22,Tooth and Claw (red),1,0
220,Zen,2024-06-03T20:23:22,Water the Seeds (red),1,0
220,Zen,2024-06-03T20:23:22,Battlefront Bastion (yellow),1,0
220,Zen,2024-06-03T20:23:22,Blanch (yellow),1,0
220,Zen,2024-06-03T20:23:22,Blessing of Qi (yellow),1,0
220,Zen,2024-06-03T20:23:22,Gravekeeping (yellow),1,0
220,Zen,2024-06-03T20:23:22,Nimblism (yellow),1,0
220,Zen,2024-06-03T20:23:22,Pouncing Qi (yellow),1,0
220,Zen,2024-06-03T20:23:22,Tiger Form Incantation (yellow),1,0
220,Zen,2024-06-03T20:23:22,Untamed (yellow),1,0
220,Zen,2024-06-03T20:23:22,Wind Chakra (yellow),1,0
220,Zen,2024-06-03T20:23:22,Biting Breeze (blue),2,0
220,Zen,2024-06-03T20:23:22,Blessing of Qi (blue),1,0
220,Zen,2024-06-03T20:23:22,Breed Anger (blue),1,0
220,Zen,2024-06-03T20:23:22,Droplet (blue),1,0
220,Zen,2024-06-03T20:23:22,Fact-Finding Mission (blue),1,0
220,Zen,2024-06-03T20:23:22,First Tenet of Chi: Tide (blue),1,0
220,Zen,2024-06-03T20:23:22,Flex Claws (blue),1,0
220,Zen,2024-06-03T20:23:22,Harmony of the Hunt (blue),1,0
220,Zen,2024-06-03T20:23:22,Pouncing Qi (blue),3,0
220,Zen,2024-06-03T20:23:22,Preserve Tradition (blue),1,0
220,Zen,2024-06-03T20:23:22,Tiger Form Incantation (blue),1,0
220,Zen,2024-06-03T20:23:22,Untamed (blue),1,0
220,Zen,2024-06-03T20:23:22,Wash Away (blue),1,0
220,Zen,2024-06-03T20:23:22,Heirloom of Tiger Hide,1,1
220,Zen,2024-06-03T20:23:22,Mask of Wizened Whiskers,1,1
220,Zen,2024-06-03T20:23:22,Skywalker Keikoi,1,1
220,Zen,2024-06-03T20:23:22,Waves of Aqua Marine,1,1
221,Zen,2024-06-04T16:06:21,Biting Breeze (red),2,0
221,Zen,2024-06-04T16:06:21,Breed Anger (red),2,0
221,Zen,2024-06-04T16:06:21,Companion of the Claw (red),1,0
221,Zen,2024-06-04T16:06:21,Emissary of Wind (red),1,0
221,Zen,2024-06-04T16:06:21,Flex Claws (red),1,0
221,Zen,2024-06-04T16:06:21,Harmony of the Hunt (red),1,0
221,Zen,2024-06-04T16:06:21,Nimble Strike (red),1,0
221,Zen,2024-06-04T16:06:21,Pouncing Qi (red),2,0
221,Zen,2024-06-04T16:06:21,Tiger Form Incantation (red),1,0
221,Zen,2024-06-04T16:06:21,Untamed (red),3,0
221,Zen,2024-06-04T16:06:21,Blanch (yellow),1,0
221,Zen,2024-06-04T16:06:21,Companion of the Claw (yellow),1,0
221,Zen,2024-06-04T16:06:21,Gravekeeping (yellow),1,0
221,Zen,2024-06-04T16:06:21,Harmony of the Hunt (yellow),1,0
221,Zen,2024-06-04T16:06:21,Untamed (yellow),1,0
221,Zen,2024-06-04T16:06:21,Wind Chakra (yellow),1,0
221,Zen,2024-06-04T16:06:21,A Drop in the Ocean (blue),1,0
221,Zen,2024-06-04T16:06:21,Biting Breeze (blue),1,0
221,Zen,2024-06-04T16:06:21,Companion of the Claw (blue),4,0
221,Zen,2024-06-04T16:06:21,Droplet (blue),1,0
221,Zen,2024-06-04T16:06:21,Flex Claws (blue),1,0
221,Zen,2024-06-04T16:06:21,Harmony of the Hunt (blue),1,0
221,Zen,2024-06-04T16:06:21,Homage to Ancestors (blue),1,0
221,Zen,2024-06-04T16:06:21,Pouncing Qi (blue),1,0
221,Zen,2024-06-04T16:06:21,Tiger Form Incantation (blue),3,0
221,Zen,2024-06-04T16:06:21,Untamed (blue),1,0
221,Zen,2024-06-04T16:06:21,Wind Chakra (blue),1,0
221,Zen,2024-06-04T16:06:21,Wounding Blow (blue),1,0
221,Zen,2024-06-04T16:06:21,Aqua Seeing Shell,1,1
221,Zen,2024-06-04T16:06:21,Koi Blessed Kimono,1,1
221,Zen,2024-06-04T16:06:21,Skyhold Keikoi,1,1
222,Nuu,2024-06-04T16:56:38,Art of Desire: Body (red),1,0
222,Nuu,2024-06-04T16:56:38,Battlefront Bastion (red),1,0
222,Nuu,2024-06-04T16:56:38,Desires of Flesh (red),1,0
222,Nuu,2024-06-04T16:56:38,Hiss (red),1,0
222,Nuu,2024-06-04T16:56:38,Impulsive Desire (red),1,0
222,Nuu,2024-06-04T16:56:38,Intimate Inducement (red),2,0
222,Nuu,2024-06-04T16:56:38,Just a Nick (red),1,0
222,Nuu,2024-06-04T16:56:38,Mind's Desire (red),1,0
222,Nuu,2024-06-04T16:56:38,Venomous Bite (red),2,0
222,Nuu,2024-06-04T16:56:38,Gravekeeping (yellow),1,0
222,Nuu,2024-06-04T16:56:38,Impulsive Desire (yellow),1,0
222,Nuu,2024-06-04T16:56:38,Intimate Inducement (yellow),1,0
222,Nuu,2024-06-04T16:56:38,Pick to Pieces (yellow),1,0
222,Nuu,2024-06-04T16:56:38,Venomous Bite (yellow),1,0
222,Nuu,2024-06-04T16:56:38,Art of Desire: Mind (blue),1,0
222,Nuu,2024-06-04T16:56:38,Bonds of Attraction (blue),1,0
222,Nuu,2024-06-04T16:56:38,Bonds of Memory (blue),1,0
222,Nuu,2024-06-04T16:56:38,Desires of Flesh (blue),3,0
222,Nuu,2024-06-04T16:56:38,Fact-Finding Mission (blue),1,0
222,Nuu,2024-06-04T16:56:38,First Tenet of Chi: Wind (blue),2,0
222,Nuu,2024-06-04T16:56:38,Gravekeeping (blue),1,0
222,Nuu,2024-06-04T16:56:38,Hiss (blue),1,0
222,Nuu,2024-06-04T16:56:38,Impulsive Desire (blue),1,0
222,Nuu,2024-06-04T16:56:38,Intimate Inducement (blue),1,0
222,Nuu,2024-06-04T16:56:38,Pass Over (blue),1,0
222,Nuu,2024-06-04T16:56:38,Pick to Pieces (blue),3,0
222,Nuu,2024-06-04T16:56:38,Stir the Pot (blue),1,0
222,Nuu,2024-06-04T16:56:38,Arousing Wave,1,1
222,Nuu,2024-06-04T16:56:38,Heirloom of Snake Hide,1,1
222,Nuu,2024-06-04T16:56:38,Skybody Keikoi,1,1
222,Nuu,2024-06-04T16:56:38,Undertow Stilettos,1,1
223,Enigma,2024-06-05T06:44:39,Astral Etchings (red),1,0
223,Enigma,2024-06-05T06:44:39,Essence of Ancestry: Body (red),1,0
223,Enigma,2024-06-05T06:44:39,Haze Shelter (red),2,0
223,Enigma,2024-06-05T06:44:39,Solitary Companion (red),1,0
223,Enigma,2024-06-05T06:44:39,Spectral Manifestations (red),3,0
223,Enigma,2024-06-05T06:44:39,Vengeful Apparition (red),1,0
223,Enigma,2024-06-05T06:44:39,Waning Vengeance (red),3,0
223,Enigma,2024-06-05T06:44:39,Waxing Specter (red),4,0
223,Enigma,2024-06-05T06:44:39,Single Minded Determination (yellow),2,0
223,Enigma,2024-06-05T06:44:39,Spectral Manifestations (yellow),1,0
223,Enigma,2024-06-05T06:44:39,Vengeful Apparition (yellow),2,0
223,Enigma,2024-06-05T06:44:39,Waning Vengeance (yellow),1,0
223,Enigma,2024-06-05T06:44:39,A Drop in the Ocean (blue),1,0
223,Enigma,2024-06-05T06:44:39,Astral Etchings (blue),1,0
223,Enigma,2024-06-05T06:44:39,Dense Blue Mist (blue),1,0
223,Enigma,2024-06-05T06:44:39,First Tenet of Chi: Moon (blue),2,0
223,Enigma,2024-06-05T06:44:39,First Tenet of Chi: Wind (blue),1,0
223,Enigma,2024-06-05T06:44:39,Homage to Ancestors (blue),1,0
223,Enigma,2024-06-05T06:44:39,Pass Over (blue),1,0
223,Enigma,2024-06-05T06:44:39,Path Well Traveled (blue),1,0
223,Enigma,2024-06-05T06:44:39,Rising Tide (blue),1,0
223,Enigma,2024-06-05T06:44:39,Second Tenet of Chi: Wind (blue),1,0
223,Enigma,2024-06-05T06:44:39,Spectral Manifestations (blue),1,0
223,Enigma,2024-06-05T06:44:39,The Grain that Tips the Scale (blue),1,0
223,Enigma,2024-06-05T06:44:39,Vengeful Apparition (blue),2,0
223,Enigma,2024-06-05T06:44:39,Waning Vengeance (blue),1,0
223,Enigma,2024-06-05T06:44:39,Koi Blessed Kimono,1,1
223,Enigma,2024-06-05T06:44:39,Skywalker Keikoi,1,1
223,Enigma,2024-06-05T06:44:39,Uphold Tradition,1,1
224,Enigma,2024-06-05T06:50:30,Battlefront Bastion (red),2,0
224,Enigma,2024-06-05T06:50:30,Blanch (red),1,0
224,Enigma,2024-06-05T06:50:30,Emissary of Moon (red),1,0
224,Enigma,2024-06-05T06:50:30,Emissary of Tides (red),1,0
224,Enigma,2024-06-05T06:50:30,Emissary of Wind (red),2,0
224,Enigma,2024-06-05T06:50:30,Moon Chakra (red),1,0
224,Enigma,2024-06-05T06:50:30,Spectral Manifestations (red),2,0
224,Enigma,2024-06-05T06:50:30,Waxing Specter (red),3,0
224,Enigma,2024-06-05T06:50:30,Astral Etchings (yellow),2,0
224,Enigma,2024-06-05T06:50:30,Battlefront Bastion (yellow),2,0
224,Enigma,2024-06-05T06:50:30,Essence of Ancestry: Soul (yellow),1,0
224,Enigma,2024-06-05T06:50:30,Gravekeeping (yellow),1,0
224,Enigma,2024-06-05T06:50:30,Haze Shelter (yellow),1,0
224,Enigma,2024-06-05T06:50:30,Spectral Manifestations (yellow),1,0
224,Enigma,2024-06-05T06:50:30,A Drop in the Ocean (blue),1,0
224,Enigma,2024-06-05T06:50:30,Battlefront Bastion (blue),2,0
224,Enigma,2024-06-05T06:50:30,Essence of Ancestry: Mind (blue),1,0
224,Enigma,2024-06-05T06:50:30,Haunting Specter (blue),1,0
224,Enigma,2024-06-05T06:50:30,Homage to Ancestors (blue),2,0
224,Enigma,2024-06-05T06:50:30,Pass Over (blue),1,0
224,Enigma,2024-06-05T06:50:30,Preserve Tradition (blue),1,0
224,Enigma,2024-06-05T06:50:30,Rising Tide (blue),1,0
224,Enigma,2024-06-05T06:50:30,Second Tenet of Chi: Tide (blue),1,0
224,Enigma,2024-06-05T06:50:30,Single Minded Determination (blue),1,0
224,Enigma,2024-06-05T06:50:30,Spectral Manifestations (blue),1,0
224,Enigma,2024-06-05T06:50:30,Tidal Surge (blue),1,0
224,Enigma,2024-06-05T06:50:30,Unravel Aggression (blue),1,0
224,Enigma,2024-06-05T06:50:30,Wounding Blow (blue),1,0
224,Enigma,2024-06-05T06:50:30,Koi Blessed Kimono,1,1
224,Enigma,2024-06-05T06:50:30,Skywalker Keikoi,1,1
224,Enigma,2024-06-05T06:50:30,Truths Retold,1,1
224,Enigma,2024-06-05T06:50:30,Uphold Tradition,1,1
225,Zen,2024-06-05T10:31:25,Aspect of Tiger: Body (red),1,0
225,Zen,2024-06-05T10:31:25,Biting Breeze (red),3,0
225,Zen,2024-06-05T10:31:25,Breed Anger (red),3,0
225,Zen,2024-06-05T10:31:25,Emissary of Moon (red),1,0
225,Zen,2024-06-05T10:31:25,Emissary of Tides (red),1,0
225,Zen,2024-06-05T10:31:25,Flex Claws (red),2,0
225,Zen,2024-06-05T10:31:25,Pouncing Qi (red),1,0
225,Zen,2024-06-05T10:31:25,Tiger Form Incantation (red),1,0
225,Zen,2024-06-05T10:31:25,Untamed (red),1,0
225,Zen,2024-06-05T10:31:25,Water the Seeds (red),2,0
225,Zen,2024-06-05T10:31:25,Wounding Blow (red),1,0
225,Zen,2024-06-05T10:31:25,Aspect of Tiger: Soul (yellow),1,0
225,Zen,2024-06-05T10:31:25,Blanch (yellow),1,0
225,Zen,2024-06-05T10:31:25,Tiger Form Incantation (yellow),1,0
225,Zen,2024-06-05T10:31:25,Battlefront Bastion (blue),1,0
225,Zen,2024-06-05T10:31:25,Companion of the Claw (blue),1,0
225,Zen,2024-06-05T10:31:25,First Tenet of Chi: Moon (blue),1,0
225,Zen,2024-06-05T10:31:25,Flex Claws (blue),1,0
225,Zen,2024-06-05T10:31:25,Pouncing Qi (blue),2,0
225,Zen,2024-06-05T10:31:25,Rising Tide (blue),1,0
225,Zen,2024-06-05T10:31:25,Shifting Winds of the Mystic Beast (blue),1,0
225,Zen,2024-06-05T10:31:25,Territorial Domain (blue),1,0
225,Zen,2024-06-05T10:31:25,Untamed (blue),1,0
225,Zen,2024-06-05T10:31:25,Wind Chakra (blue),1,0
225,Zen,2024-06-05T10:31:25,Wounding Blow (blue),1,0
225,Zen,2024-06-05T10:31:25,Skybody Keikoi,1,1
225,Zen,2024-06-05T10:31:25,Skycrest Keikoi,1,1
225,Zen,2024-06-05T10:31:25,Stride of Reprisal,1,1
225,Zen,2024-06-05T10:31:25,Waves of Aqua Marine,1,1
226,Enigma,2024-06-05T11:26:11,Astral Etchings (red),2,0
226,Enigma,2024-06-05T11:26:11,Haunting Specter (red),1,0
226,Enigma,2024-06-05T11:26:11,Haze Shelter (red),3,0
226,Enigma,2024-06-05T11:26:11,Single Minded Determination (red),1,0
226,Enigma,2024-06-05T11:26:11,Solitary Companion (red),1,0
226,Enigma,2024-06-05T11:26:11,Vengeful Apparition (red),1,0
226,Enigma,2024-06-05T11:26:11,Waning Vengeance (red),3,0
226,Enigma,2024-06-05T11:26:11,Waxing Specter (red),1,0
226,Enigma,2024-06-05T11:26:11,Haunting Specter (yellow),1,0
226,Enigma,2024-06-05T11:26:11,Deep Blue Sea (blue),1,0
226,Enigma,2024-06-05T11:26:11,Droplet (blue),1,0
226,Enigma,2024-06-05T11:26:11,Essence of Ancestry: Mind (blue),1,0
226,Enigma,2024-06-05T11:26:11,First Tenet of Chi: Tide (blue),2,0
226,Enigma,2024-06-05T11:26:11,Haunting Specter (blue),1,0
226,Enigma,2024-06-05T11:26:11,Haze Shelter (blue),1,0
226,Enigma,2024-06-05T11:26:11,Homage to Ancestors (blue),2,0
226,Enigma,2024-06-05T11:26:11,Path Well Traveled (blue),1,0
226,Enigma,2024-06-05T11:26:11,Second Tenet of Chi: Moon (blue),1,0
226,Enigma,2024-06-05T11:26:11,Sigil of Solitude (blue),2,0
226,Enigma,2024-06-05T11:26:11,Single Minded Determination (blue),3,0
226,Enigma,2024-06-05T11:26:11,Spectral Manifestations (blue),1,0
226,Enigma,2024-06-05T11:26:11,Stir the Pot (blue),1,0
226,Enigma,2024-06-05T11:26:11,Vengeful Apparition (blue),1,0
226,Enigma,2024-06-05T11:26:11,Waning Vengeance (blue),3,0
226,Enigma,2024-06-05T11:26:11,Waxing Specter (blue),1,0
226,Enigma,2024-06-05T11:26:11,Aqua Laps,1,1
226,Enigma,2024-06-05T11:26:11,Aqua Seeing Shell,1,1
226,Enigma,2024-06-05T11:26:11,Uphold Tradition,1,1
227,Zen,2024-06-05T12:50:51,Aspect of Tiger: Body (red),1,0
227,Zen,2024-06-05T12:50:51,Battlefront Bastion (red),2,0
227,Zen,2024-06-05T12:50:51,Biting Breeze (red),2,0
227,Zen,2024-06-05T12:50:51,Breed Anger (red),1,0
227,Zen,2024-06-05T12:50:51,Companion of the Claw (red),1,0
227,Zen,2024-06-05T12:50:51,Flex Claws (red),2,0
227,Zen,2024-06-05T12:50:51,Gravekeeping (red),1,0
227,Zen,2024-06-05T12:50:51,Pouncing Qi (red),2,0
227,Zen,2024-06-05T12:50:51,Untamed (red),1,0
227,Zen,2024-06-05T12:50:51,Water the Seeds (red),1,0
227,Zen,2024-06-05T12:50:51,Wind Chakra (red),1,0
227,Zen,2024-06-05T12:50:51,Battlefront Bastion (yellow),1,0
227,Zen,2024-06-05T12:50:51,Fact-Finding Mission (yellow),1,0
227,Zen,2024-06-05T12:50:51,Flex Claws (yellow),1,0
227,Zen,2024-06-05T12:50:51,Wind Chakra (yellow),1,0
227,Zen,2024-06-05T12:50:51,Biting Breeze (blue),2,0
227,Zen,2024-06-05T12:50:51,Breed Anger (blue),1,0
227,Zen,2024-06-05T12:50:51,Companion of the Claw (blue),1,0
227,Zen,2024-06-05T12:50:51,First Tenet of Chi: Tide (blue),1,0
227,Zen,2024-06-05T12:50:51,Harmony of the Hunt (blue),2,0
227,Zen,2024-06-05T12:50:51,Pass Over (blue),2,0
227,Zen,2024-06-05T12:50:51,Pouncing Qi (blue),2,0
227,Zen,2024-06-05T12:50:51,Shifting Winds of the Mystic Beast (blue),1,0
227,Zen,2024-06-05T12:50:51,Territorial Domain (blue),1,0
227,Zen,2024-06-05T12:50:51,Water the Seeds (blue),1,0
227,Zen,2024-06-05T12:50:51,Heirloom of Tiger Hide,1,1
227,Zen,2024-06-05T12:50:51,Mask of Wizened Whiskers,1,1
227,Zen,2024-06-05T12:50:51,Skybody Keikoi,1,1
227,Zen,2024-06-05T12:50:51,Skyhold Keikoi,1,1
227,Zen,2024-06-05T12:50:51,Stride of Reprisal,1,1
228,Enigma,2024-06-05T14:16:32,Blanch (red),2,0
228,Enigma,2024-06-05T14:16:32,Emissary of Moon (red),1,0
228,Enigma,2024-06-05T14:16:32,Evasive Leap (red),1,0
228,Enigma,2024-06-05T14:16:32,Moon Chakra (red),1,0
228,Enigma,2024-06-05T14:16:32,Sigil of Solitude (red),2,0
228,Enigma,2024-06-05T14:16:32,Solitary Companion (red),1,0
228,Enigma,2024-06-05T14:16:32,Vengeful Apparition (red),1,0
228,Enigma,2024-06-05T14:16:32,Waxing Specter (red),3,0
228,Enigma,2024-06-05T14:16:32,Astral Etchings (yellow),1,0
228,Enigma,2024-06-05T14:16:32,Battlefront Bastion (yellow),1,0
228,Enigma,2024-06-05T14:16:32,Haze Shelter (yellow),1,0
228,Enigma,2024-06-05T14:16:32,Vengeful Apparition (yellow),1,0
228,Enigma,2024-06-05T14:16:32,Waxing Specter (yellow),1,0
228,Enigma,2024-06-05T14:16:32,A Drop in the Ocean (blue),2,0
228,Enigma,2024-06-05T14:16:32,First Tenet of Chi: Moon (blue),1,0
228,Enigma,2024-06-05T14:16:32,First Tenet of Chi: Tide (blue),1,0
228,Enigma,2024-06-05T14:16:32,Haze Shelter (blue),1,0
228,Enigma,2024-06-05T14:16:32,Path Well Traveled (blue),2,0
228,Enigma,2024-06-05T14:16:32,Rising Tide (blue),3,0
228,Enigma,2024-06-05T14:16:32,Single Minded Determination (blue),2,0
228,Enigma,2024-06-05T14:16:32,Spectral Manifestations (blue),1,0
228,Enigma,2024-06-05T14:16:32,Vengeful Apparition (blue),1,0
228,Enigma,2024-06-05T14:16:32,Wash Away (blue),2,0
228,Enigma,2024-06-05T14:16:32,Waxing Specter (blue),1,0
228,Enigma,2024-06-05T14:16:32,Heirloom of Rabbit Hide,1,1
228,Enigma,2024-06-05T14:16:32,Skycrest Keikoi,1,1
228,Enigma,2024-06-05T14:16:32,Skyhold Keikoi,1,1
229,Enigma,2024-06-05T15:28:48,"10,000 Year Reunion (red)",1,0
229,Enigma,2024-06-05T15:28:48,Astral Etchings (red),1,0
229,Enigma,2024-06-05T15:28:48,Blanch (red),1,0
229,Enigma,2024-06-05T15:28:48,Haze Shelter (red),1,0
229,Enigma,2024-06-05T15:28:48,Moon Chakra (red),1,0
229,Enigma,2024-06-05T15:28:48,Sigil of Solitude (red),2,0
229,Enigma,2024-06-05T15:28:48,Solitary Companion (red),2,0
229,Enigma,2024-06-05T15:28:48,Spectral Manifestations (red),1,0
229,Enigma,2024-06-05T15:28:48,Vengeful Apparition (red),2,0
229,Enigma,2024-06-05T15:28:48,Waxing Specter (red),2,0
229,Enigma,2024-06-05T15:28:48,Battlefront Bastion (yellow),1,0
229,Enigma,2024-06-05T15:28:48,Essence of Ancestry: Soul (yellow),1,0
229,Enigma,2024-06-05T15:28:48,Evasive Leap (yellow),1,0
229,Enigma,2024-06-05T15:28:48,Restless Coalescence (yellow),1,0
229,Enigma,2024-06-05T15:28:48,Sigil of Solitude (yellow),1,0
229,Enigma,2024-06-05T15:28:48,Solitary Companion (yellow),1,0
229,Enigma,2024-06-05T15:28:48,Spectral Manifestations (yellow),1,0
229,Enigma,2024-06-05T15:28:48,Vengeful Apparition (yellow),1,0
229,Enigma,2024-06-05T15:28:48,Astral Etchings (blue),1,0
229,Enigma,2024-06-05T15:28:48,Battlefront Bastion (blue),1,0
229,Enigma,2024-06-05T15:28:48,Droplet (blue),1,0
229,Enigma,2024-06-05T15:28:48,Essence of Ancestry: Mind (blue),1,0
229,Enigma,2024-06-05T15:28:48,Haze Shelter (blue),1,0
229,Enigma,2024-06-05T15:28:48,Homage to Ancestors (blue),1,0
229,Enigma,2024-06-05T15:28:48,Moon Chakra (blue),1,0
229,Enigma,2024-06-05T15:28:48,Pass Over (blue),1,0
229,Enigma,2024-06-05T15:28:48,Preserve Tradition (blue),1,0
229,Enigma,2024-06-05T15:28:48,Rage Specter (blue),1,0
229,Enigma,2024-06-05T15:28:48,Second Tenet of Chi: Moon (blue),1,0
229,Enigma,2024-06-05T15:28:48,Second Tenet of Chi: Tide (blue),1,0
229,Enigma,2024-06-05T15:28:48,Sigil of Solitude (blue),2,0
229,Enigma,2024-06-05T15:28:48,Spectral Manifestations (blue),1,0
229,Enigma,2024-06-05T15:28:48,Vengeful Apparition (blue),1,0
229,Enigma,2024-06-05T15:28:48,Koi Blessed Kimono,1,1
229,Enigma,2024-06-05T15:28:48,Skywalker Keikoi,1,1
229,Enigma,2024-06-05T15:28:48,Uphold Tradition,1,1
230,Enigma,2024-06-05T16:13:41,Astral Etchings (red),1,0
230,Enigma,2024-06-05T16:13:41,Blanch (red),1,0
230,Enigma,2024-06-05T16:13:41,Emissary of Wind (red),1,0
230,Enigma,2024-06-05T16:13:41,Evasive Leap (red),1,0
230,Enigma,2024-06-05T16:13:41,Haze Shelter (red),1,0
230,Enigma,2024-06-05T16:13:41,Sigil of Solitude (red),1,0
230,Enigma,2024-06-05T16:13:41,Spectral Manifestations (red),1,0
230,Enigma,2024-06-05T16:13:41,The Weakest Link (red),1,0
230,Enigma,2024-06-05T16:13:41,Vengeful Apparition (red),3,0
230,Enigma,2024-06-05T16:13:41,Waxing Specter (red),1,0
230,Enigma,2024-06-05T16:13:41,Blanch (yellow),1,0
230,Enigma,2024-06-05T16:13:41,Haze Shelter (yellow),2,0
230,Enigma,2024-06-05T16:13:41,Sigil of Solitude (yellow),1,0
230,Enigma,2024-06-05T16:13:41,Solitary Companion (yellow),1,0
230,Enigma,2024-06-05T16:13:41,A Drop in the Ocean (blue),1,0
230,Enigma,2024-06-05T16:13:41,Deep Blue Sea (blue),1,0
230,Enigma,2024-06-05T16:13:41,Gravekeeping (blue),1,0
230,Enigma,2024-06-05T16:13:41,Haunting Specter (blue),1,0
230,Enigma,2024-06-05T16:13:41,Haze Shelter (blue),1,0
230,Enigma,2024-06-05T16:13:41,Moon Chakra (blue),1,0
230,Enigma,2024-06-05T16:13:41,Path Well Traveled (blue),1,0
230,Enigma,2024-06-05T16:13:41,Rising Tide (blue),1,0
230,Enigma,2024-06-05T16:13:41,Sigil of Solitude (blue),1,0
230,Enigma,2024-06-05T16:13:41,Single Minded Determination (blue),3,0
230,Enigma,2024-06-05T16:13:41,Solitary Companion (blue),1,0
230,Enigma,2024-06-05T16:13:41,Spillover (blue),1,0
230,Enigma,2024-06-05T16:13:41,Stir the Pot (blue),1,0
230,Enigma,2024-06-05T16:13:41,The Grain that Tips the Scale (blue),1,0
230,Enigma,2024-06-05T16:13:41,Waning Vengeance (blue),1,0
230,Enigma,2024-06-05T16:13:41,Waxing Specter (blue),1,0
230,Enigma,2024-06-05T16:13:41,Wide Blue Yonder (blue),1,0
230,Enigma,2024-06-05T16:13:41,Skybody Keikoi,1,1
230,Enigma,2024-06-05T16:13:41,Skyhold Keikoi,1,1
230,Enigma,2024-06-05T16:13:41,Skywalker Keikoi,1,1
230,Enigma,2024-06-05T16:13:41,Truths Retold,1,1
231,Enigma,2024-06-05T16:44:26,Astral Etchings (red),1,0
231,Enigma,2024-06-05T16:44:26,Battlefront Bastion (red),1,0
231,Enigma,2024-06-05T16:44:26,Essence of Ancestry: Body (red),3,0
231,Enigma,2024-06-05T16:44:26,Haze Shelter (red),2,0
231,Enigma,2024-06-05T16:44:26,Sigil of Solitude (red),1,0
231,Enigma,2024-06-05T16:44:26,Single Minded Determination (red),1,0
231,Enigma,2024-06-05T16:44:26,Spectral Manifestations (red),2,0
231,Enigma,2024-06-05T16:44:26,Waxing Specter (red),1,0
231,Enigma,2024-06-05T16:44:26,Astral Etchings (yellow),1,0
231,Enigma,2024-06-05T16:44:26,Battlefront Bastion (yellow),2,0
231,Enigma,2024-06-05T16:44:26,Essence of Ancestry: Soul (yellow),1,0
231,Enigma,2024-06-05T16:44:26,Spectral Manifestations (yellow),1,0
231,Enigma,2024-06-05T16:44:26,Waxing Specter (yellow),2,0
231,Enigma,2024-06-05T16:44:26,A Drop in the Ocean (blue),2,0
231,Enigma,2024-06-05T16:44:26,Cosmic Awakening (blue),1,0
231,Enigma,2024-06-05T16:44:26,Droplet (blue),1,0
231,Enigma,2024-06-05T16:44:26,Homage to Ancestors (blue),1,0
231,Enigma,2024-06-05T16:44:26,Nimblism (blue),1,0
231,Enigma,2024-06-05T16:44:26,"Rising Sun, Setting Moon (blue)",1,0
231,Enigma,2024-06-05T16:44:26,Single Minded Determination (blue),1,0
231,Enigma,2024-06-05T16:44:26,Solitary Companion (blue),1,0
231,Enigma,2024-06-05T16:44:26,Spectral Manifestations (blue),4,0
231,Enigma,2024-06-05T16:44:26,Vengeful Apparition (blue),1,0
231,Enigma,2024-06-05T16:44:26,Wash Away (blue),1,0
231,Enigma,2024-06-05T16:44:26,Waxing Specter (blue),1,0
231,Enigma,2024-06-05T16:44:26,Skybody Keikoi,1,1
231,Enigma,2024-06-05T16:44:26,Skycrest Keikoi,1,1
231,Enigma,2024-06-05T16:44:26,Skyhold Keikoi,1,1
231,Enigma,2024-06-05T16:44:26,Skywalker Keikoi,1,1
231,Enigma,2024-06-05T16:44:26,Truths Retold,1,1
231,Enigma,2024-06-05T16:44:26,Uphold Tradition,1,1
232,Enigma,2024-06-05T17:34:07,Battlefront Bastion (red),1,0
232,Enigma,2024-06-05T17:34:07,Blanch (red),2,0
232,Enigma,2024-06-05T17:34:07,Solitary Companion (red),3,0
232,Enigma,2024-06-05T17:34:07,Spectral Manifestations (red),1,0
232,Enigma,2024-06-05T17:34:07,Vengeful Apparition (red),2,0
232,Enigma,2024-06-05T17:34:07,Waning Vengeance (red),1,0
232,Enigma,2024-06-05T17:34:07,Waxing Specter (red),1,0
232,Enigma,2024-06-05T17:34:07,Essence of Ancestry: Soul (yellow),1,0
232,Enigma,2024-06-05T17:34:07,Evasive Leap (yellow),1,0
232,Enigma,2024-06-05T17:34:07,Haze Shelter (yellow),1,0
232,Enigma,2024-06-05T17:34:07,Vengeful Apparition (yellow),2,0
232,Enigma,2024-06-05T17:34:07,A Drop in the Ocean (blue),2,0
232,Enigma,2024-06-05T17:34:07,Battlefront Bastion (blue),1,0
232,Enigma,2024-06-05T17:34:07,First Tenet of Chi: Moon (blue),3,0
232,Enigma,2024-06-05T17:34:07,First Tenet of Chi: Tide (blue),2,0
232,Enigma,2024-06-05T17:34:07,Haze Shelter (blue),1,0
232,Enigma,2024-06-05T17:34:07,Moon Chakra (blue),1,0
232,Enigma,2024-06-05T17:34:07,Preserve Tradition (blue),1,0
232,Enigma,2024-06-05T17:34:07,"Rising Sun, Setting Moon (blue)",1,0
232,Enigma,2024-06-05T17:34:07,Single Minded Determination (blue),1,0
232,Enigma,2024-06-05T17:34:07,Stir the Pot (blue),1,0
232,Enigma,2024-06-05T17:34:07,Tidal Surge (blue),1,0
232,Enigma,2024-06-05T17:34:07,Vengeful Apparition (blue),1,0
232,Enigma,2024-06-05T17:34:07,Wounding Blow (blue),1,0
232,Enigma,2024-06-05T17:34:07,Skybody Keikoi,1,1
232,Enigma,2024-06-05T17:34:07,Skywalker Keikoi,1,1
232,Enigma,2024-06-05T17:34:07,Truths Retold,1,1
233,Zen,2024-06-05T17:53:32,Battlefront Bastion (red),1,0
233,Zen,2024-06-05T17:53:32,Biting Breeze (red),1,0
233,Zen,2024-06-05T17:53:32,Breed Anger (red),1,0
233,Zen,2024-06-05T17:53:32,Companion of the Claw (red),1,0
233,Zen,2024-06-05T17:53:32,Emissary of Moon (red),1,0
233,Zen,2024-06-05T17:53:32,Flex Claws (red),1,0
233,Zen,2024-06-05T17:53:32,Harmony of the Hunt (red),1,0
233,Zen,2024-06-05T17:53:32,Nimble Strike (red),1,0
233,Zen,2024-06-05T17:53:32,Tooth and Claw (red),1,0
233,Zen,2024-06-05T17:53:32,Water the Seeds (red),1,0
233,Zen,2024-06-05T17:53:32,Biting Breeze (yellow),1,0
233,Zen,2024-06-05T17:53:32,Breed Anger (yellow),2,0
233,Zen,2024-06-05T17:53:32,Harmony of the Hunt (yellow),1,0
233,Zen,2024-06-05T17:53:32,Nimblism (yellow),1,0
233,Zen,2024-06-05T17:53:32,Pouncing Qi (yellow),1,0
233,Zen,2024-06-05T17:53:32,Qi Unleashed (yellow),1,0
233,Zen,2024-06-05T17:53:32,Aspect of Tiger: Mind (blue),1,0
233,Zen,2024-06-05T17:53:32,Blessing of Qi (blue),1,0
233,Zen,2024-06-05T17:53:32,Companion of the Claw (blue),3,0
233,Zen,2024-06-05T17:53:32,Droplet (blue),1,0
233,Zen,2024-06-05T17:53:32,Harmony of the Hunt (blue),2,0
233,Zen,2024-06-05T17:53:32,Nimblism (blue),1,0
233,Zen,2024-06-05T17:53:32,Pouncing Qi (blue),2,0
233,Zen,2024-06-05T17:53:32,"Rising Sun, Setting Moon (blue)",1,0
233,Zen,2024-06-05T17:53:32,Rising Tide (blue),1,0
233,Zen,2024-06-05T17:53:32,Tiger Form Incantation (blue),1,0
233,Zen,2024-06-05T17:53:32,Aqua Seeing Shell,1,1
233,Zen,2024-06-05T17:53:32,Koi Blessed Kimono,1,1
233,Zen,2024-06-05T17:53:32,Mask of Wizened Whiskers,1,1
233,Zen,2024-06-05T17:53:32,Skyhold Keikoi,1,1
233,Zen,2024-06-05T17:53:32,Stride of Reprisal,1,1
234,Enigma,2024-06-05T18:59:45,Evasive Leap (red),2,0
234,Enigma,2024-06-05T18:59:45,Sigil of Solitude (red),2,0
234,Enigma,2024-06-05T18:59:45,Solitary Companion (red),1,0
234,Enigma,2024-06-05T18:59:45,Spectral Manifestations (red),1,0
234,Enigma,2024-06-05T18:59:45,Vengeful Apparition (red),1,0
234,Enigma,2024-06-05T18:59:45,Waning Vengeance (red),3,0
234,Enigma,2024-06-05T18:59:45,Waxing Specter (red),1,0
234,Enigma,2024-06-05T18:59:45,Essence of Ancestry: Soul (yellow),1,0
234,Enigma,2024-06-05T18:59:45,Evasive Leap (yellow),1,0
234,Enigma,2024-06-05T18:59:45,Moon Chakra (yellow),1,0
234,Enigma,2024-06-05T18:59:45,Nimble Strike (yellow),1,0
234,Enigma,2024-06-05T18:59:45,Restless Coalescence (yellow),1,0
234,Enigma,2024-06-05T18:59:45,Waxing Specter (yellow),1,0
234,Enigma,2024-06-05T18:59:45,A Drop in the Ocean (blue),1,0
234,Enigma,2024-06-05T18:59:45,Battlefront Bastion (blue),1,0
234,Enigma,2024-06-05T18:59:45,Big Blue Sky (blue),1,0
234,Enigma,2024-06-05T18:59:45,Essence of Ancestry: Mind (blue),1,0
234,Enigma,2024-06-05T18:59:45,First Tenet of Chi: Tide (blue),1,0
234,Enigma,2024-06-05T18:59:45,First Tenet of Chi: Wind (blue),1,0
234,Enigma,2024-06-05T18:59:45,Haunting Specter (blue),1,0
234,Enigma,2024-06-05T18:59:45,Pass Over (blue),2,0
234,Enigma,2024-06-05T18:59:45,Second Tenet of Chi: Wind (blue),1,0
234,Enigma,2024-06-05T18:59:45,Sigil of Solitude (blue),2,0
234,Enigma,2024-06-05T18:59:45,Spectral Manifestations (blue),1,0
234,Enigma,2024-06-05T18:59:45,Spillover (blue),2,0
234,Enigma,2024-06-05T18:59:45,Stir the Pot (blue),1,0
234,Enigma,2024-06-05T18:59:45,Vengeful Apparition (blue),2,0
234,Enigma,2024-06-05T18:59:45,Waning Vengeance (blue),1,0
234,Enigma,2024-06-05T18:59:45,Wounding Blow (blue),1,0
234,Enigma,2024-06-05T18:59:45,Skybody Keikoi,1,1
234,Enigma,2024-06-05T18:59:45,Skycrest Keikoi,1,1
234,Enigma,2024-06-05T18:59:45,Uphold Tradition,1,1
235,Nuu,2024-06-05T20:02:21,Desires of Flesh (red),1,0
235,Nuu,2024-06-05T20:02:21,Emissary of Moon (red),1,0
235,Nuu,2024-06-05T20:02:21,Emissary of Tides (red),1,0
235,Nuu,2024-06-05T20:02:21,Fact-Finding Mission (red),2,0
235,Nuu,2024-06-05T20:02:21,Hiss (red),1,0
235,Nuu,2024-06-05T20:02:21,Intimate Inducement (red),1,0
235,Nuu,2024-06-05T20:02:21,Mind's Desire (red),1,0
235,Nuu,2024-06-05T20:02:21,Nimblism (red),1,0
235,Nuu,2024-06-05T20:02:21,Pick to Pieces (red),1,0
235,Nuu,2024-06-05T20:02:21,Venomous Bite (red),1,0
235,Nuu,2024-06-05T20:02:21,Wounding Blow (red),1,0
235,Nuu,2024-06-05T20:02:21,Art of Desire: Soul (yellow),1,0
235,Nuu,2024-06-05T20:02:21,Desires of Flesh (yellow),1,0
235,Nuu,2024-06-05T20:02:21,Impulsive Desire (yellow),1,0
235,Nuu,2024-06-05T20:02:21,Pick to Pieces (yellow),1,0
235,Nuu,2024-06-05T20:02:21,Venomous Bite (yellow),2,0
235,Nuu,2024-06-05T20:02:21,Art of Desire: Mind (blue),2,0
235,Nuu,2024-06-05T20:02:21,Bonds of Memory (blue),1,0
235,Nuu,2024-06-05T20:02:21,Droplet (blue),1,0
235,Nuu,2024-06-05T20:02:21,First Tenet of Chi: Moon (blue),2,0
235,Nuu,2024-06-05T20:02:21,Impulsive Desire (blue),1,0
235,Nuu,2024-06-05T20:02:21,Path Well Traveled (blue),1,0
235,Nuu,2024-06-05T20:02:21,Second Tenet of Chi: Tide (blue),1,0
235,Nuu,2024-06-05T20:02:21,Second Tenet of Chi: Wind (blue),1,0
235,Nuu,2024-06-05T20:02:21,The Grain that Tips the Scale (blue),1,0
235,Nuu,2024-06-05T20:02:21,Tidal Surge (blue),1,0
235,Nuu,2024-06-05T20:02:21,Tide Chakra (blue),1,0
235,Nuu,2024-06-05T20:02:21,Venomous Bite (blue),1,0
235,Nuu,2024-06-05T20:02:21,Water the Seeds (blue),1,0
235,Nuu,2024-06-05T20:02:21,Arousing Wave,1,1
235,Nuu,2024-06-05T20:02:21,Heirloom of Snake Hide,1,1
235,Nuu,2024-06-05T20:02:21,Skycrest Keikoi,1,1
235,Nuu,2024-06-05T20:02:21,Undertow Stilettos,1,1
236,Zen,2024-06-05T20:53:39,Aspect of Tiger: Body (red),1,0
236,Zen,2024-06-05T20:53:39,Biting Breeze (red),3,0
236,Zen,2024-06-05T20:53:39,Blessing of Qi (red),1,0
236,Zen,2024-06-05T20:53:39,Breed Anger (red),2,0
236,Zen,2024-06-05T20:53:39,Evasive Leap (red),1,0
236,Zen,2024-06-05T20:53:39,Fact-Finding Mission (red),1,0
236,Zen,2024-06-05T20:53:39,Flex Claws (red),1,0
236,Zen,2024-06-05T20:53:39,Nimblism (red),1,0
236,Zen,2024-06-05T20:53:39,Pouncing Qi (red),2,0
236,Zen,2024-06-05T20:53:39,Nimble Strike (yellow),1,0
236,Zen,2024-06-05T20:53:39,Pouncing Qi (yellow),2,0
236,Zen,2024-06-05T20:53:39,Biting Breeze (blue),1,0
236,Zen,2024-06-05T20:53:39,Breed Anger (blue),3,0
236,Zen,2024-06-05T20:53:39,Companion of the Claw (blue),1,0
236,Zen,2024-06-05T20:53:39,Evasive Leap (blue),1,0
236,Zen,2024-06-05T20:53:39,Fact-Finding Mission (blue),1,0
236,Zen,2024-06-05T20:53:39,First Tenet of Chi: Moon (blue),1,0
236,Zen,2024-06-05T20:53:39,Flex Claws (blue),2,0
236,Zen,2024-06-05T20:53:39,Harmony of the Hunt (blue),1,0
236,Zen,2024-06-05T20:53:39,Preserve Tradition (blue),1,0
236,Zen,2024-06-05T20:53:39,Qi Unleashed (blue),1,0
236,Zen,2024-06-05T20:53:39,"Rising Sun, Setting Moon (blue)",1,0
236,Zen,2024-06-05T20:53:39,Stir the Pot (blue),2,0
236,Zen,2024-06-05T20:53:39,Untamed (blue),1,0
236,Zen,2024-06-05T20:53:39,Wounding Blow (blue),2,0
236,Zen,2024-06-05T20:53:39,Mask of Wizened Whiskers,1,1
236,Zen,2024-06-05T20:53:39,Stride of Reprisal,1,1
237,Zen,2024-06-05T21:59:20,Aspect of Tiger: Body (red),1,0
237,Zen,2024-06-05T21:59:20,Battlefront Bastion (red),2,0
237,Zen,2024-06-05T21:59:20,Biting Breeze (red),1,0
237,Zen,2024-06-05T21:59:20,Breed Anger (red),2,0
237,Zen,2024-06-05T21:59:20,Companion of the Claw (red),1,0
237,Zen,2024-06-05T21:59:20,Fact-Finding Mission (red),1,0
237,Zen,2024-06-05T21:59:20,Flex Claws (red),1,0
237,Zen,2024-06-05T21:59:20,Pouncing Qi (red),1,0
237,Zen,2024-06-05T21:59:20,Qi Unleashed (red),1,0
237,Zen,2024-06-05T21:59:20,Untamed (red),2,0
237,Zen,2024-06-05T21:59:20,Water the Seeds (red),1,0
237,Zen,2024-06-05T21:59:20,Wind Chakra (red),1,0
237,Zen,2024-06-05T21:59:20,Biting Breeze (yellow),2,0
237,Zen,2024-06-05T21:59:20,Blanch (yellow),1,0
237,Zen,2024-06-05T21:59:20,Breed Anger (yellow),1,0
237,Zen,2024-06-05T21:59:20,Pouncing Qi (yellow),1,0
237,Zen,2024-06-05T21:59:20,Untamed (yellow),1,0
237,Zen,2024-06-05T21:59:20,Aspect of Tiger: Mind (blue),1,0
237,Zen,2024-06-05T21:59:20,Battlefront Bastion (blue),1,0
237,Zen,2024-06-05T21:59:20,Big Blue Sky (blue),1,0
237,Zen,2024-06-05T21:59:20,Biting Breeze (blue),2,0
237,Zen,2024-06-05T21:59:20,Droplet (blue),1,0
237,Zen,2024-06-05T21:59:20,Evasive Leap (blue),1,0
237,Zen,2024-06-05T21:59:20,First Tenet of Chi: Wind (blue),1,0
237,Zen,2024-06-05T21:59:20,Flex Claws (blue),2,0
237,Zen,2024-06-05T21:59:20,Harmony of the Hunt (blue),3,0
237,Zen,2024-06-05T21:59:20,Preserve Tradition (blue),1,0
237,Zen,2024-06-05T21:59:20,"Rising Sun, Setting Moon (blue)",2,0
237,Zen,2024-06-05T21:59:20,Spillover (blue),1,0
237,Zen,2024-06-05T21:59:20,Wash Away (blue),1,0
237,Zen,2024-06-05T21:59:20,Koi Blessed Kimono,1,1
237,Zen,2024-06-05T21:59:20,Skycrest Keikoi,1,1
238,Zen,2024-06-05T22:12:12,Biting Breeze (red),3,0
238,Zen,2024-06-05T22:12:12,Breed Anger (red),1,0
238,Zen,2024-06-05T22:12:12,Companion of the Claw (red),2,0
238,Zen,2024-06-05T22:12:12,Emissary of Moon (red),1,0
238,Zen,2024-06-05T22:12:12,Emissary of Tides (red),1,0
238,Zen,2024-06-05T22:12:12,Gravekeeping (red),1,0
238,Zen,2024-06-05T22:12:12,Harmony of the Hunt (red),1,0
238,Zen,2024-06-05T22:12:12,Qi Unleashed (red),1,0
238,Zen,2024-06-05T22:12:12,Wounding Blow (red),1,0
238,Zen,2024-06-05T22:12:12,Battlefront Bastion (yellow),1,0
238,Zen,2024-06-05T22:12:12,Biting Breeze (yellow),2,0
238,Zen,2024-06-05T22:12:12,Blanch (yellow),1,0
238,Zen,2024-06-05T22:12:12,Evasive Leap (yellow),2,0
238,Zen,2024-06-05T22:12:12,Gravekeeping (yellow),1,0
238,Zen,2024-06-05T22:12:12,Pouncing Qi (yellow),2,0
238,Zen,2024-06-05T22:12:12,Wind Chakra (yellow),1,0
238,Zen,2024-06-05T22:12:12,Biting Breeze (blue),1,0
238,Zen,2024-06-05T22:12:12,Blessing of Qi (blue),1,0
238,Zen,2024-06-05T22:12:12,Breed Anger (blue),2,0
238,Zen,2024-06-05T22:12:12,Companion of the Claw (blue),1,0
238,Zen,2024-06-05T22:12:12,Droplet (blue),1,0
238,Zen,2024-06-05T22:12:12,Fact-Finding Mission (blue),1,0
238,Zen,2024-06-05T22:12:12,Flex Claws (blue),2,0
238,Zen,2024-06-05T22:12:12,Pass Over (blue),1,0
238,Zen,2024-06-05T22:12:12,Path Well Traveled (blue),1,0
238,Zen,2024-06-05T22:12:12,Stir the Pot (blue),1,0
238,Zen,2024-06-05T22:12:12,Untamed (blue),1,0
238,Zen,2024-06-05T22:12:12,Wide Blue Yonder (blue),1,0
238,Zen,2024-06-05T22:12:12,Skybody Keikoi,1,1
238,Zen,2024-06-05T22:12:12,Stride of Reprisal,1,1
239,Zen,2024-06-05T23:21:36,Blanch (red),1,0
239,Zen,2024-06-05T23:21:36,Blessing of Qi (red),1,0
239,Zen,2024-06-05T23:21:36,Fact-Finding Mission (red),2,0
239,Zen,2024-06-05T23:21:36,Harmony of the Hunt (red),1,0
239,Zen,2024-06-05T23:21:36,Pouncing Qi (red),1,0
239,Zen,2024-06-05T23:21:36,Qi Unleashed (red),1,0
239,Zen,2024-06-05T23:21:36,Tiger Form Incantation (red),1,0
239,Zen,2024-06-05T23:21:36,Wounding Blow (red),1,0
239,Zen,2024-06-05T23:21:36,Battlefront Bastion (yellow),1,0
239,Zen,2024-06-05T23:21:36,Biting Breeze (yellow),1,0
239,Zen,2024-06-05T23:21:36,Tiger Form Incantation (yellow),1,0
239,Zen,2024-06-05T23:21:36,Wounding Blow (yellow),1,0
239,Zen,2024-06-05T23:21:36,Biting Breeze (blue),1,0
239,Zen,2024-06-05T23:21:36,Companion of the Claw (blue),1,0
239,Zen,2024-06-05T23:21:36,Deep Blue Sea (blue),1,0
239,Zen,2024-06-05T23:21:36,Droplet (blue),1,0
239,Zen,2024-06-05T23:21:36,Flex Claws (blue),1,0
239,Zen,2024-06-05T23:21:36,Path Well Traveled (blue),2,0
239,Zen,2024-06-05T23:21:36,Pouncing Qi (blue),1,0
239,Zen,2024-06-05T23:21:36,Preserve Tradition (blue),2,0
239,Zen,2024-06-05T23:21:36,"Rising Sun, Setting Moon (blue)",1,0
239,Zen,2024-06-05T23:21:36,Rising Tide (blue),1,0
239,Zen,2024-06-05T23:21:36,Sacred Art: Jade Tiger Domain (blue),1,0
239,Zen,2024-06-05T23:21:36,Tidal Surge (blue),1,0
239,Zen,2024-06-05T23:21:36,Tiger Form Incantation (blue),2,0
239,Zen,2024-06-05T23:21:36,Untamed (blue),1,0
239,Zen,2024-06-05T23:21:36,Wind Chakra (blue),2,0
239,Zen,2024-06-05T23:21:36,Skybody Keikoi,1,1
239,Zen,2024-06-05T23:21:36,Stride of Reprisal,1,1
240,Zen,2024-06-05T23:48:05,Aspect of Tiger: Body (red),1,0
240,Zen,2024-06-05T23:48:05,Blessing of Qi (red),1,0
240,Zen,2024-06-05T23:48:05,Companion of the Claw (red),2,0
240,Zen,2024-06-05T23:48:05,Emissary of Moon (red),1,0
240,Zen,2024-06-05T23:48:05,Harmony of the Hunt (red),1,0
240,Zen,2024-06-05T23:48:05,Pouncing Qi (red),1,0
240,Zen,2024-06-05T23:48:05,Qi Unleashed (red),1,0
240,Zen,2024-06-05T23:48:05,Tiger Form Incantation (red),1,0
240,Zen,2024-06-05T23:48:05,Untamed (red),1,0
240,Zen,2024-06-05T23:48:05,Biting Breeze (yellow),1,0
240,Zen,2024-06-05T23:48:05,Blessing of Qi (yellow),2,0
240,Zen,2024-06-05T23:48:05,Harmony of the Hunt (yellow),1,0
240,Zen,2024-06-05T23:48:05,Tiger Form Incantation (yellow),1,0
240,Zen,2024-06-05T23:48:05,A Drop in the Ocean (blue),1,0
240,Zen,2024-06-05T23:48:05,Breed Anger (blue),2,0
240,Zen,2024-06-05T23:48:05,Companion of the Claw (blue),1,0
240,Zen,2024-06-05T23:48:05,Flex Claws (blue),2,0
240,Zen,2024-06-05T23:48:05,Nimblism (blue),1,0
240,Zen,2024-06-05T23:48:05,Pouncing Qi (blue),2,0
240,Zen,2024-06-05T23:48:05,"Rising Sun, Setting Moon (blue)",1,0
240,Zen,2024-06-05T23:48:05,Territorial Domain (blue),1,0
240,Zen,2024-06-05T23:48:05,The Grain that Tips the Scale (blue),1,0
240,Zen,2024-06-05T23:48:05,Tiger Form Incantation (blue),1,0
240,Zen,2024-06-05T23:48:05,Unravel Aggression (blue),1,0
240,Zen,2024-06-05T23:48:05,Untamed (blue),1,0
240,Zen,2024-06-05T23:48:05,Wide Blue Yonder (blue),1,0
240,Zen,2024-06-05T23:48:05,Skycrest Keikoi,1,1
240,Zen,2024-06-05T23:48:05,Skyhold Keikoi,1,1
240,Zen,2024-06-05T23:48:05,Stride of Reprisal,1,1
240,Zen,2024-06-05T23:48:05,Waves of Aqua Marine,1,1
241,Enigma,2024-06-05T23:58:07,Blanch (red),1,0
241,Enigma,2024-06-05T23:58:07,Essence of Ancestry: Body (red),1,0
241,Enigma,2024-06-05T23:58:07,Evasive Leap (red),1,0
241,Enigma,2024-06-05T23:58:07,Haze Shelter (red),1,0
241,Enigma,2024-06-05T23:58:07,Solitary Companion (red),1,0
241,Enigma,2024-06-05T23:58:07,Spectral Manifestations (red),1,0
241,Enigma,2024-06-05T23:58:07,Vengeful Apparition (red),1,0
241,Enigma,2024-06-05T23:58:07,Waning Vengeance (red),2,0
241,Enigma,2024-06-05T23:58:07,Waxing Specter (red),1,0
241,Enigma,2024-06-05T23:58:07,Battlefront Bastion (yellow),1,0
241,Enigma,2024-06-05T23:58:07,Haunting Specter (yellow),1,0
241,Enigma,2024-06-05T23:58:07,Haze Shelter (yellow),1,0
241,Enigma,2024-06-05T23:58:07,Moon Chakra (yellow),1,0
241,Enigma,2024-06-05T23:58:07,Solitary Companion (yellow),2,0
241,Enigma,2024-06-05T23:58:07,Waning Vengeance (yellow),1,0
241,Enigma,2024-06-05T23:58:07,Waxing Specter (yellow),1,0
241,Enigma,2024-06-05T23:58:07,A Drop in the Ocean (blue),2,0
241,Enigma,2024-06-05T23:58:07,Battlefront Bastion (blue),1,0
241,Enigma,2024-06-05T23:58:07,First Tenet of Chi: Moon (blue),1,0
241,Enigma,2024-06-05T23:58:07,Haze Shelter (blue),1,0
241,Enigma,2024-06-05T23:58:07,Homage to Ancestors (blue),2,0
241,Enigma,2024-06-05T23:58:07,Manifestation of Miragai (blue),1,0
241,Enigma,2024-06-05T23:58:07,Moon Chakra (blue),1,0
241,Enigma,2024-06-05T23:58:07,Sigil of Solitude (blue),1,0
241,Enigma,2024-06-05T23:58:07,Solitary Companion (blue),2,0
241,Enigma,2024-06-05T23:58:07,The Grain that Tips the Scale (blue),1,0
241,Enigma,2024-06-05T23:58:07,Unravel Aggression (blue),1,0
241,Enigma,2024-06-05T23:58:07,Waning Vengeance (blue),1,0
241,Enigma,2024-06-05T23:58:07,Wash Away (blue),1,0
241,Enigma,2024-06-05T23:58:07,Wounding Blow (blue),2,0
241,Enigma,2024-06-05T23:58:07,Heirloom of Rabbit Hide,1,1
241,Enigma,2024-06-05T23:58:07,Skybody Keikoi,1,1
241,Enigma,2024-06-05T23:58:07,Skywalker Keikoi,1,1
241,Enigma,2024-06-05T23:58:07,Truths Retold,1,1
241,Enigma,2024-06-05T23:58:07,Uphold Tradition,1,1
242,Zen,2024-06-06T00:48:50,Aspect of Tiger: Body (red),1,0
242,Zen,2024-06-06T00:48:50,Biting Breeze (red),1,0
242,Zen,2024-06-06T00:48:50,Breed Anger (red),3,0
242,Zen,2024-06-06T00:48:50,Flex Claws (red),1,0
242,Zen,2024-06-06T00:48:50,Harmony of the Hunt (red),2,0
242,Zen,2024-06-06T00:48:50,Nimble Strike (red),3,0
242,Zen,2024-06-06T00:48:50,Nimblism (red),2,0
242,Zen,2024-06-06T00:48:50,Pouncing Qi (red),3,0
242,Zen,2024-06-06T00:48:50,Tiger Form Incantation (red),1,0
242,Zen,2024-06-06T00:48:50,Untamed (red),2,0
242,Zen,2024-06-06T00:48:50,Aspect of Tiger: Soul (yellow),1,0
242,Zen,2024-06-06T00:48:50,Biting Breeze (yellow),1,0
242,Zen,2024-06-06T00:48:50,Evasive Leap (yellow),1,0
242,Zen,2024-06-06T00:48:50,Tiger Form Incantation (yellow),1,0
242,Zen,2024-06-06T00:48:50,Wind Chakra (yellow),1,0
242,Zen,2024-06-06T00:48:50,Battlefront Bastion (blue),1,0
242,Zen,2024-06-06T00:48:50,Biting Breeze (blue),2,0
242,Zen,2024-06-06T00:48:50,Breed Anger (blue),3,0
242,Zen,2024-06-06T00:48:50,Companion of the Claw (blue),1,0
242,Zen,2024-06-06T00:48:50,Flex Claws (blue),1,0
242,Zen,2024-06-06T00:48:50,Harmony of the Hunt (blue),1,0
242,Zen,2024-06-06T00:48:50,Pouncing Qi (blue),1,0
242,Zen,2024-06-06T00:48:50,Preserve Tradition (blue),1,0
242,Zen,2024-06-06T00:48:50,Tiger Form Incantation (blue),1,0
242,Zen,2024-06-06T00:48:50,Heirloom of Tiger Hide,1,1
242,Zen,2024-06-06T00:48:50,Koi Blessed Kimono,1,1
242,Zen,2024-06-06T00:48:50,Stride of Reprisal,1,1
243,Zen,2024-06-06T02:22:06,Battlefront Bastion (red),1,0
243,Zen,2024-06-06T02:22:06,Blanch (red),1,0
243,Zen,2024-06-06T02:22:06,Companion of the Claw (red),1,0
243,Zen,2024-06-06T02:22:06,Emissary of Tides (red),2,0
243,Zen,2024-06-06T02:22:06,Emissary of Wind (red),1,0
243,Zen,2024-06-06T02:22:06,Gravekeeping (red),1,0
243,Zen,2024-06-06T02:22:06,Harmony of the Hunt (red),1,0
243,Zen,2024-06-06T02:22:06,Nimble Strike (red),1,0
243,Zen,2024-06-06T02:22:06,Nimblism (red),1,0
243,Zen,2024-06-06T02:22:06,Tiger Form Incantation (red),1,0
243,Zen,2024-06-06T02:22:06,Untamed (red),1,0
243,Zen,2024-06-06T02:22:06,Wounding Blow (red),1,0
243,Zen,2024-06-06T02:22:06,Fact-Finding Mission (yellow),1,0
243,Zen,2024-06-06T02:22:06,Harmony of the Hunt (yellow),2,0
243,Zen,2024-06-06T02:22:06,Nimblism (yellow),1,0
243,Zen,2024-06-06T02:22:06,Biting Breeze (blue),1,0
243,Zen,2024-06-06T02:22:06,Breed Anger (blue),2,0
243,Zen,2024-06-06T02:22:06,Companion of the Claw (blue),3,0
243,Zen,2024-06-06T02:22:06,Fact-Finding Mission (blue),1,0
243,Zen,2024-06-06T02:22:06,Flex Claws (blue),2,0
243,Zen,2024-06-06T02:22:06,Homage to Ancestors (blue),1,0
243,Zen,2024-06-06T02:22:06,Pouncing Qi (blue),1,0
243,Zen,2024-06-06T02:22:06,"Rising Sun, Setting Moon (blue)",1,0
243,Zen,2024-06-06T02:22:06,Second Tenet of Chi: Tide (blue),1,0
243,Zen,2024-06-06T02:22:06,Untamed (blue),1,0
243,Zen,2024-06-06T02:22:06,Wounding Blow (blue),2,0
243,Zen,2024-06-06T02:22:06,Mask of Wizened Whiskers,1,1
243,Zen,2024-06-06T02:22:06,Skybody Keikoi,1,1
243,Zen,2024-06-06T02:22:06,Skyhold Keikoi,1,1
243,Zen,2024-06-06T02:22:06,Stride of Reprisal,1,1
244,Zen,2024-06-06T02:27:31,Aspect of Tiger: Body (red),1,0
244,Zen,2024-06-06T02:27:31,Biting Breeze (red),3,0
244,Zen,2024-06-06T02:27:31,Breed Anger (red),1,0
244,Zen,2024-06-06T02:27:31,Companion of the Claw (red),2,0
244,Zen,2024-06-06T02:27:31,Emissary of Wind (red),1,0
244,Zen,2024-06-06T02:27:31,Flex Claws (red),1,0
244,Zen,2024-06-06T02:27:31,Harmony of the Hunt (red),1,0
244,Zen,2024-06-06T02:27:31,Pouncing Qi (red),2,0
244,Zen,2024-06-06T02:27:31,Qi Unleashed (red),2,0
244,Zen,2024-06-06T02:27:31,Tiger Form Incantation (red),3,0
244,Zen,2024-06-06T02:27:31,Untamed (red),1,0
244,Zen,2024-06-06T02:27:31,Wounding Blow (red),1,0
244,Zen,2024-06-06T02:27:31,Battlefront Bastion (yellow),1,0
244,Zen,2024-06-06T02:27:31,Breed Anger (yellow),1,0
244,Zen,2024-06-06T02:27:31,Evasive Leap (yellow),1,0
244,Zen,2024-06-06T02:27:31,Flex Claws (yellow),1,0
244,Zen,2024-06-06T02:27:31,Untamed (yellow),1,0
244,Zen,2024-06-06T02:27:31,A Drop in the Ocean (blue),1,0
244,Zen,2024-06-06T02:27:31,Blessing of Qi (blue),1,0
244,Zen,2024-06-06T02:27:31,Breed Anger (blue),1,0
244,Zen,2024-06-06T02:27:31,Companion of the Claw (blue),2,0
244,Zen,2024-06-06T02:27:31,Flex Claws (blue),1,0
244,Zen,2024-06-06T02:27:31,Homage to Ancestors (blue),2,0
244,Zen,2024-06-06T02:27:31,Pouncing Qi (blue),2,0
244,Zen,2024-06-06T02:27:31,Territorial Domain (blue),1,0
244,Zen,2024-06-06T02:27:31,Tiger Form Incantation (blue),2,0
244,Zen,2024-06-06T02:27:31,Heirloom of Tiger Hide,1,1
244,Zen,2024-06-06T02:27:31,Mask of Wizened Whiskers,1,1
244,Zen,2024-06-06T02:27:31,Skybody Keikoi,1,1
244,Zen,2024-06-06T02:27:31,Skyhold Keikoi,1,1
244,Zen,2024-06-06T02:27:31,Skywalker Keikoi,1,1
245,Nuu,2024-06-06T03:01:11,Art of Desire: Body (red),2,0
245,Nuu,2024-06-06T03:01:11,Bonds of Memory (red),1,0
245,Nuu,2024-06-06T03:01:11,Desires of Flesh (red),2,0
245,Nuu,2024-06-06T03:01:11,Double Trouble (red),1,0
245,Nuu,2024-06-06T03:01:11,Emissary of Wind (red),1,0
245,Nuu,2024-06-06T03:01:11,Hiss (red),1,0
245,Nuu,2024-06-06T03:01:11,Nimblism (red),2,0
245,Nuu,2024-06-06T03:01:11,Wounding Blow (red),1,0
245,Nuu,2024-06-06T03:01:11,Art of Desire: Soul (yellow),1,0
245,Nuu,2024-06-06T03:01:11,Bonds of Attraction (yellow),1,0
245,Nuu,2024-06-06T03:01:11,Bonds of Memory (yellow),1,0
245,Nuu,2024-06-06T03:01:11,Fact-Finding Mission (yellow),1,0
245,Nuu,2024-06-06T03:01:11,Hiss (yellow),1,0
245,Nuu,2024-06-06T03:01:11,Intimate Inducement (yellow),1,0
245,Nuu,2024-06-06T03:01:11,Mind's Desire (yellow),1,0
245,Nuu,2024-06-06T03:01:11,Pick to Pieces (yellow),1,0
245,Nuu,2024-06-06T03:01:11,First Tenet of Chi: Moon (blue),1,0
245,Nuu,2024-06-06T03:01:11,First Tenet of Chi: Tide (blue),1,0
245,Nuu,2024-06-06T03:01:11,Hiss (blue),2,0
245,Nuu,2024-06-06T03:01:11,Homage to Ancestors (blue),1,0
245,Nuu,2024-06-06T03:01:11,Impulsive Desire (blue),1,0
245,Nuu,2024-06-06T03:01:11,Intimate Inducement (blue),2,0
245,Nuu,2024-06-06T03:01:11,Mind's Desire (blue),1,0
245,Nuu,2024-06-06T03:01:11,Path Well Traveled (blue),1,0
245,Nuu,2024-06-06T03:01:11,Pick to Pieces (blue),1,0
245,Nuu,2024-06-06T03:01:11,Preserve Tradition (blue),1,0
245,Nuu,2024-06-06T03:01:11,Rising Tide (blue),1,0
245,Nuu,2024-06-06T03:01:11,Wide Blue Yonder (blue),1,0
245,Nuu,2024-06-06T03:01:11,Aqua Laps,1,1
245,Nuu,2024-06-06T03:01:11,Koi Blessed Kimono,1,1
245,Nuu,2024-06-06T03:01:11,Skycrest Keikoi,1,1
246,Nuu,2024-06-06T03:08:09,Battlefront Bastion (red),1,0
246,Nuu,2024-06-06T03:08:09,Bonds of Memory (red),1,0
246,Nuu,2024-06-06T03:08:09,Fact-Finding Mission (red),1,0
246,Nuu,2024-06-06T03:08:09,Just a Nick (red),1,0
246,Nuu,2024-06-06T03:08:09,Pick to Pieces (red),1,0
246,Nuu,2024-06-06T03:08:09,Venomous Bite (red),1,0
246,Nuu,2024-06-06T03:08:09,Bonds of Attraction (yellow),1,0
246,Nuu,2024-06-06T03:08:09,Cracked Bauble (yellow),1,0
246,Nuu,2024-06-06T03:08:09,Double Trouble (yellow),1,0
246,Nuu,2024-06-06T03:08:09,Nimble Strike (yellow),1,0
246,Nuu,2024-06-06T03:08:09,Pick to Pieces (yellow),1,0
246,Nuu,2024-06-06T03:08:09,Tide Chakra (yellow),1,0
246,Nuu,2024-06-06T03:08:09,Venomous Bite (yellow),1,0
246,Nuu,2024-06-06T03:08:09,Art of Desire: Mind (blue),1,0
246,Nuu,2024-06-06T03:08:09,Bonds of Attraction (blue),1,0
246,Nuu,2024-06-06T03:08:09,Bonds of Memory (blue),1,0
246,Nuu,2024-06-06T03:08:09,Double Trouble (blue),1,0
246,Nuu,2024-06-06T03:08:09,Hiss (blue),1,0
246,Nuu,2024-06-06T03:08:09,Homage to Ancestors (blue),1,0
246,Nuu,2024-06-06T03:08:09,Impulsive Desire (blue),1,0
246,Nuu,2024-06-06T03:08:09,Intimate Inducement (blue),1,0
246,Nuu,2024-06-06T03:08:09,Pass Over (blue),1,0
246,Nuu,2024-06-06T03:08:09,Pick to Pieces (blue),2,0
246,Nuu,2024-06-06T03:08:09,Rising Tide (blue),1,0
246,Nuu,2024-06-06T03:08:09,Spillover (blue),1,0
246,Nuu,2024-06-06T03:08:09,The Grain that Tips the Scale (blue),2,0
246,Nuu,2024-06-06T03:08:09,Tidal Surge (blue),1,0
246,Nuu,2024-06-06T03:08:09,Tide Chakra (blue),1,0
246,Nuu,2024-06-06T03:08:09,Aqua Laps,1,1
246,Nuu,2024-06-06T03:08:09,Heirloom of Snake Hide,1,1
246,Nuu,2024-06-06T03:08:09,Skybody Keikoi,1,1
246,Nuu,2024-06-06T03:08:09,Waves of Aqua Marine,1,1
247,Zen,2024-06-06T04:14:49,Blanch (red),1,0
247,Zen,2024-06-06T04:14:49,Blessing of Qi (red),1,0
247,Zen,2024-06-06T04:14:49,Breed Anger (red),1,0
247,Zen,2024-06-06T04:14:49,Companion of the Claw (red),1,0
247,Zen,2024-06-06T04:14:49,Emissary of Wind (red),1,0
247,Zen,2024-06-06T04:14:49,Fact-Finding Mission (red),1,0
247,Zen,2024-06-06T04:14:49,Flex Claws (red),2,0
247,Zen,2024-06-06T04:14:49,Harmony of the Hunt (red),2,0
247,Zen,2024-06-06T04:14:49,Pouncing Qi (red),1,0
247,Zen,2024-06-06T04:14:49,Tiger Form Incantation (red),2,0
247,Zen,2024-06-06T04:14:49,Untamed (red),2,0
247,Zen,2024-06-06T04:14:49,Breed Anger (yellow),1,0
247,Zen,2024-06-06T04:14:49,Companion of the Claw (yellow),1,0
247,Zen,2024-06-06T04:14:49,Aspect of Tiger: Mind (blue),1,0
247,Zen,2024-06-06T04:14:49,Blessing of Qi (blue),1,0
247,Zen,2024-06-06T04:14:49,Companion of the Claw (blue),1,0
247,Zen,2024-06-06T04:14:49,Droplet (blue),1,0
247,Zen,2024-06-06T04:14:49,Evasive Leap (blue),1,0
247,Zen,2024-06-06T04:14:49,Harmony of the Hunt (blue),2,0
247,Zen,2024-06-06T04:14:49,Preserve Tradition (blue),2,0
247,Zen,2024-06-06T04:14:49,Rowdy Locals (blue),1,0
247,Zen,2024-06-06T04:14:49,Second Tenet of Chi: Moon (blue),1,0
247,Zen,2024-06-06T04:14:49,Stir the Pot (blue),1,0
247,Zen,2024-06-06T04:14:49,Tiger Form Incantation (blue),2,0
247,Zen,2024-06-06T04:14:49,Untamed (blue),1,0
247,Zen,2024-06-06T04:14:49,Water the Seeds (blue),2,0
247,Zen,2024-06-06T04:14:49,Wounding Blow (blue),1,0
247,Zen,2024-06-06T04:14:49,Aqua Laps,1,1
247,Zen,2024-06-06T04:14:49,Koi Blessed Kimono,1,1
247,Zen,2024-06-06T04:14:49,Skycrest Keikoi,1,1
247,Zen,2024-06-06T04:14:49,Skyhold Keikoi,1,1
248,Enigma,2024-06-06T08:33:55,Astral Etchings (red),1,0
248,Enigma,2024-06-06T08:33:55,Haze Shelter (red),3,0
248,Enigma,2024-06-06T08:33:55,Sigil of Solitude (red),2,0
248,Enigma,2024-06-06T08:33:55,Single Minded Determination (red),2,0
248,Enigma,2024-06-06T08:33:55,Solitary Companion (red),1,0
248,Enigma,2024-06-06T08:33:55,Vengeful Apparition (red),2,0
248,Enigma,2024-06-06T08:33:55,Waning Vengeance (red),1,0
248,Enigma,2024-06-06T08:33:55,Waxing Specter (red),2,0
248,Enigma,2024-06-06T08:33:55,A Drop in the Ocean (blue),1,0
248,Enigma,2024-06-06T08:33:55,First Tenet of Chi: Moon (blue),1,0
248,Enigma,2024-06-06T08:33:55,First Tenet of Chi: Tide (blue),1,0
248,Enigma,2024-06-06T08:33:55,First Tenet of Chi: Wind (blue),1,0
248,Enigma,2024-06-06T08:33:55,Haze Shelter (blue),1,0
248,Enigma,2024-06-06T08:33:55,Preserve Tradition (blue),1,0
248,Enigma,2024-06-06T08:33:55,Sigil of Solitude (blue),4,0
248,Enigma,2024-06-06T08:33:55,Single Minded Determination (blue),3,0
248,Enigma,2024-06-06T08:33:55,Spectral Manifestations (blue),2,0
248,Enigma,2024-06-06T08:33:55,Stir the Pot (blue),1,0
248,Enigma,2024-06-06T08:33:55,Vengeful Apparition (blue),3,0
248,Enigma,2024-06-06T08:33:55,Wide Blue Yonder (blue),1,0
248,Enigma,2024-06-06T08:33:55,Koi Blessed Kimono,1,1
248,Enigma,2024-06-06T08:33:55,Skywalker Keikoi,1,1
248,Enigma,2024-06-06T08:33:55,Truths Retold,1,1
248,Enigma,2024-06-06T08:33:55,Uphold Tradition,1,1
249,Zen,2024-06-06T10:06:57,Battlefront Bastion (red),1,0
249,Zen,2024-06-06T10:06:57,Biting Breeze (red),1,0
249,Zen,2024-06-06T10:06:57,Breed Anger (red),1,0
249,Zen,2024-06-06T10:06:57,Companion of the Claw (red),1,0
249,Zen,2024-06-06T10:06:57,Flex Claws (red),2,0
249,Zen,2024-06-06T10:06:57,Gravekeeping (red),1,0
249,Zen,2024-06-06T10:06:57,Harmony of the Hunt (red),2,0
249,Zen,2024-06-06T10:06:57,Nimble Strike (red),1,0
249,Zen,2024-06-06T10:06:57,Pouncing Qi (red),1,0
249,Zen,2024-06-06T10:06:57,Tiger Form Incantation (red),2,0
249,Zen,2024-06-06T10:06:57,Wounding Blow (red),1,0
249,Zen,2024-06-06T10:06:57,Aspect of Tiger: Soul (yellow),1,0
249,Zen,2024-06-06T10:06:57,Biting Breeze (yellow),1,0
249,Zen,2024-06-06T10:06:57,Blessing of Qi (yellow),1,0
249,Zen,2024-06-06T10:06:57,Evasive Leap (yellow),1,0
249,Zen,2024-06-06T10:06:57,Maul (yellow),1,0
249,Zen,2024-06-06T10:06:57,Pouncing Qi (yellow),1,0
249,Zen,2024-06-06T10:06:57,Wounding Blow (yellow),1,0
249,Zen,2024-06-06T10:06:57,A Drop in the Ocean (blue),1,0
249,Zen,2024-06-06T10:06:57,Battlefront Bastion (blue),2,0
249,Zen,2024-06-06T10:06:57,Big Blue Sky (blue),1,0
249,Zen,2024-06-06T10:06:57,Biting Breeze (blue),1,0
249,Zen,2024-06-06T10:06:57,Breed Anger (blue),2,0
249,Zen,2024-06-06T10:06:57,Cosmic Awakening (blue),1,0
249,Zen,2024-06-06T10:06:57,First Tenet of Chi: Wind (blue),1,0
249,Zen,2024-06-06T10:06:57,Flex Claws (blue),2,0
249,Zen,2024-06-06T10:06:57,Preserve Tradition (blue),1,0
249,Zen,2024-06-06T10:06:57,Rising Tide (blue),2,0
249,Zen,2024-06-06T10:06:57,Tiger Form Incantation (blue),2,0
249,Zen,2024-06-06T10:06:57,Heirloom of Tiger Hide,1,1
249,Zen,2024-06-06T10:06:57,Koi Blessed Kimono,1,1
249,Zen,2024-06-06T10:06:57,Mask of Wizened Whiskers,1,1
249,Zen,2024-06-06T10:06:57,Skyhold Keikoi,1,1
249,Zen,2024-06-06T10:06:57,Stride of Reprisal,1,1
250,Zen,2024-06-09T16:27:14,Aspect of Tiger: Body (red),1,0
250,Zen,2024-06-09T16:27:14,Biting Breeze (red),2,0
250,Zen,2024-06-09T16:27:14,Blessing of Qi (red),1,0
250,Zen,2024-06-09T16:27:14,Breed Anger (red),3,0
250,Zen,2024-06-09T16:27:14,Flex Claws (red),1,0
250,Zen,2024-06-09T16:27:14,Harmony of the Hunt (red),2,0
250,Zen,2024-06-09T16:27:14,Pouncing Qi (red),2,0
250,Zen,2024-06-09T16:27:14,Tiger Form Incantation (red),2,0
250,Zen,2024-06-09T16:27:14,Aspect of Tiger: Soul (yellow),1,0
250,Zen,2024-06-09T16:27:14,Biting Breeze (yellow),1,0
250,Zen,2024-06-09T16:27:14,Breed Anger (yellow),1,0
250,Zen,2024-06-09T16:27:14,Maul (yellow),1,0
250,Zen,2024-06-09T16:27:14,Pouncing Qi (yellow),1,0
250,Zen,2024-06-09T16:27:14,Qi Unleashed (yellow),1,0
250,Zen,2024-06-09T16:27:14,Tiger Form Incantation (yellow),2,0
250,Zen,2024-06-09T16:27:14,Wind Chakra (yellow),1,0
250,Zen,2024-06-09T16:27:14,Droplet (blue),2,0
250,Zen,2024-06-09T16:27:14,Flex Claws (blue),2,0
250,Zen,2024-06-09T16:27:14,Pouncing Qi (blue),2,0
250,Zen,2024-06-09T16:27:14,Tiger Form Incantation (blue),3,0
250,Zen,2024-06-09T16:27:14,Untamed (blue),1,0
250,Zen,2024-06-09T16:27:14,Wash Away (blue),1,0
250,Zen,2024-06-09T16:27:14,Water the Seeds (blue),1,0
250,Zen,2024-06-09T16:27:14,Wind Chakra (blue),1,0
250,Zen,2024-06-09T16:27:14,Wounding Blow (blue),1,0
250,Zen,2024-06-09T16:27:14,Heirloom of Tiger Hide,1,1
250,Zen,2024-06-09T16:27:14,Mask of Wizened Whiskers,1,1
250,Zen,2024-06-09T16:27:14,Stride of Reprisal,1,1
251,Nuu,2024-06-09T16:29:25,Battlefront Bastion (red),1,0
251,Nuu,2024-06-09T16:29:25,Bonds of Attraction (red),1,0
251,Nuu,2024-06-09T16:29:25,Bonds of Memory (red),2,0
251,Nuu,2024-06-09T16:29:25,Desires of Flesh (red),2,0
251,Nuu,2024-06-09T16:29:25,Hiss (red),1,0
251,Nuu,2024-06-09T16:29:25,Impulsive Desire (red),1,0
251,Nuu,2024-06-09T16:29:25,Intimate Inducement (red),2,0
251,Nuu,2024-06-09T16:29:25,Mind's Desire (red),1,0
251,Nuu,2024-06-09T16:29:25,Pick to Pieces (red),1,0
251,Nuu,2024-06-09T16:29:25,Art of Desire: Soul (yellow),1,0
251,Nuu,2024-06-09T16:29:25,Battlefront Bastion (yellow),1,0
251,Nuu,2024-06-09T16:29:25,Bonds of Attraction (yellow),1,0
251,Nuu,2024-06-09T16:29:25,Bonds of Memory (yellow),1,0
251,Nuu,2024-06-09T16:29:25,Pick to Pieces (yellow),2,0
251,Nuu,2024-06-09T16:29:25,Bonds of Attraction (blue),2,0
251,Nuu,2024-06-09T16:29:25,Bonds of Memory (blue),2,0
251,Nuu,2024-06-09T16:29:25,Desires of Flesh (blue),1,0
251,Nuu,2024-06-09T16:29:25,Fact-Finding Mission (blue),1,0
251,Nuu,2024-06-09T16:29:25,First Tenet of Chi: Wind (blue),1,0
251,Nuu,2024-06-09T16:29:25,Hiss (blue),1,0
251,Nuu,2024-06-09T16:29:25,Impulsive Desire (blue),1,0
251,Nuu,2024-06-09T16:29:25,Mind's Desire (blue),2,0
251,Nuu,2024-06-09T16:29:25,Path Well Traveled (blue),1,0
251,Nuu,2024-06-09T16:29:25,Preserve Tradition (blue),1,0
251,Nuu,2024-06-09T16:29:25,"Rising Sun, Setting Moon (blue)",1,0
251,Nuu,2024-06-09T16:29:25,Spillover (blue),1,0
251,Nuu,2024-06-09T16:29:25,Venomous Bite (blue),2,0
251,Nuu,2024-06-09T16:29:25,Water the Seeds (blue),1,0
251,Nuu,2024-06-09T16:29:25,Heirloom of Snake Hide,1,1
251,Nuu,2024-06-09T16:29:25,Skybody Keikoi,1,1
251,Nuu,2024-06-09T16:29:25,Skycrest Keikoi,1,1
251,Nuu,2024-06-09T16:29:25,Undertow Stilettos,1,1
252,Enigma,2024-06-09T16:52:47,Blanch (red),1,0
252,Enigma,2024-06-09T16:52:47,Fact-Finding Mission (red),1,0
252,Enigma,2024-06-09T16:52:47,Haunting Specter (red),1,0
252,Enigma,2024-06-09T16:52:47,Haze Shelter (red),1,0
252,Enigma,2024-06-09T16:52:47,Nimble Strike (red),1,0
252,Enigma,2024-06-09T16:52:47,Sigil of Solitude (red),1,0
252,Enigma,2024-06-09T16:52:47,Single Minded Determination (red),1,0
252,Enigma,2024-06-09T16:52:47,Vengeful Apparition (red),1,0
252,Enigma,2024-06-09T16:52:47,Waxing Specter (red),1,0
252,Enigma,2024-06-09T16:52:47,Astral Etchings (yellow),1,0
252,Enigma,2024-06-09T16:52:47,Blanch (yellow),1,0
252,Enigma,2024-06-09T16:52:47,Solitary Companion (yellow),2,0
252,Enigma,2024-06-09T16:52:47,Waxing Specter (yellow),1,0
252,Enigma,2024-06-09T16:52:47,Astral Etchings (blue),2,0
252,Enigma,2024-06-09T16:52:47,Deep Blue Sea (blue),1,0
252,Enigma,2024-06-09T16:52:47,Evasive Leap (blue),1,0
252,Enigma,2024-06-09T16:52:47,First Tenet of Chi: Tide (blue),1,0
252,Enigma,2024-06-09T16:52:47,First Tenet of Chi: Wind (blue),1,0
252,Enigma,2024-06-09T16:52:47,Gravekeeping (blue),1,0
252,Enigma,2024-06-09T16:52:47,Haunting Specter (blue),1,0
252,Enigma,2024-06-09T16:52:47,Homage to Ancestors (blue),1,0
252,Enigma,2024-06-09T16:52:47,Moon Chakra (blue),1,0
252,Enigma,2024-06-09T16:52:47,Nimblism (blue),1,0
252,Enigma,2024-06-09T16:52:47,Orihon of Mystic Tenets (blue),1,0
252,Enigma,2024-06-09T16:52:47,Path Well Traveled (blue),1,0
252,Enigma,2024-06-09T16:52:47,Rage Specter (blue),1,0
252,Enigma,2024-06-09T16:52:47,Rising Tide (blue),1,0
252,Enigma,2024-06-09T16:52:47,Second Tenet of Chi: Wind (blue),1,0
252,Enigma,2024-06-09T16:52:47,Single Minded Determination (blue),1,0
252,Enigma,2024-06-09T16:52:47,Stir the Pot (blue),1,0
252,Enigma,2024-06-09T16:52:47,Vengeful Apparition (blue),1,0
252,Enigma,2024-06-09T16:52:47,Waning Vengeance (blue),1,0
252,Enigma,2024-06-09T16:52:47,Wash Away (blue),2,0
252,Enigma,2024-06-09T16:52:47,Waxing Specter (blue),1,0
252,Enigma,2024-06-09T16:52:47,Aqua Laps,1,1
252,Enigma,2024-06-09T16:52:47,Heirloom of Rabbit Hide,1,1
252,Enigma,2024-06-09T16:52:47,Skyhold Keikoi,1,1
253,Nuu,2024-06-09T18:18:24,Bonds of Memory (red),1,0
253,Nuu,2024-06-09T18:18:24,Desires of Flesh (red),3,0
253,Nuu,2024-06-09T18:18:24,Hiss (red),2,0
253,Nuu,2024-06-09T18:18:24,Impulsive Desire (red),1,0
253,Nuu,2024-06-09T18:18:24,Mind's Desire (red),2,0
253,Nuu,2024-06-09T18:18:24,Pick to Pieces (red),2,0
253,Nuu,2024-06-09T18:18:24,Desires of Flesh (yellow),2,0
253,Nuu,2024-06-09T18:18:24,Hiss (yellow),1,0
253,Nuu,2024-06-09T18:18:24,Intimate Inducement (yellow),1,0
253,Nuu,2024-06-09T18:18:24,Pick to Pieces (yellow),1,0
253,Nuu,2024-06-09T18:18:24,Art of Desire: Mind (blue),1,0
253,Nuu,2024-06-09T18:18:24,Bonds of Memory (blue),1,0
253,Nuu,2024-06-09T18:18:24,Desires of Flesh (blue),3,0
253,Nuu,2024-06-09T18:18:24,Double Trouble (blue),1,0
253,Nuu,2024-06-09T18:18:24,Hiss (blue),1,0
253,Nuu,2024-06-09T18:18:24,Homage to Ancestors (blue),1,0
253,Nuu,2024-06-09T18:18:24,Impulsive Desire (blue),1,0
253,Nuu,2024-06-09T18:18:24,Intimate Inducement (blue),1,0
253,Nuu,2024-06-09T18:18:24,Mind's Desire (blue),1,0
253,Nuu,2024-06-09T18:18:24,Pass Over (blue),1,0
253,Nuu,2024-06-09T18:18:24,Pick to Pieces (blue),1,0
253,Nuu,2024-06-09T18:18:24,Rising Tide (blue),1,0
253,Nuu,2024-06-09T18:18:24,Sacred Art: Undercurrent Desires (blue),1,0
253,Nuu,2024-06-09T18:18:24,Spillover (blue),1,0
253,Nuu,2024-06-09T18:18:24,Stir the Pot (blue),1,0
253,Nuu,2024-06-09T18:18:24,Venomous Bite (blue),2,0
253,Nuu,2024-06-09T18:18:24,Wide Blue Yonder (blue),1,0
253,Nuu,2024-06-09T18:18:24,Arousing Wave,1,1
253,Nuu,2024-06-09T18:18:24,Skybody Keikoi,1,1
253,Nuu,2024-06-09T18:18:24,Skycrest Keikoi,1,1
253,Nuu,2024-06-09T18:18:24,Undertow Stilettos,1,1
254,Zen,2024-06-09T18:30:15,Aspect of Tiger: Body (red),1,0
254,Zen,2024-06-09T18:30:15,Battlefront Bastion (red),1,0
254,Zen,2024-06-09T18:30:15,Biting Breeze (red),1,0
254,Zen,2024-06-09T18:30:15,Emissary of Moon (red),1,0
254,Zen,2024-06-09T18:30:15,Flex Claws (red),1,0
254,Zen,2024-06-09T18:30:15,Harmony of the Hunt (red),2,0
254,Zen,2024-06-09T18:30:15,Pouncing Qi (red),1,0
254,Zen,2024-06-09T18:30:15,Tiger Form Incantation (red),1,0
254,Zen,2024-06-09T18:30:15,Untamed (red),1,0
254,Zen,2024-06-09T18:30:15,Battlefront Bastion (yellow),2,0
254,Zen,2024-06-09T18:30:15,Biting Breeze (yellow),1,0
254,Zen,2024-06-09T18:30:15,Breed Anger (yellow),1,0
254,Zen,2024-06-09T18:30:15,Nimblism (yellow),1,0
254,Zen,2024-06-09T18:30:15,Untamed (yellow),1,0
254,Zen,2024-06-09T18:30:15,Biting Breeze (blue),1,0
254,Zen,2024-06-09T18:30:15,Breed Anger (blue),1,0
254,Zen,2024-06-09T18:30:15,Droplet (blue),1,0
254,Zen,2024-06-09T18:30:15,First Tenet of Chi: Tide (blue),3,0
254,Zen,2024-06-09T18:30:15,Harmony of the Hunt (blue),1,0
254,Zen,2024-06-09T18:30:15,Homage to Ancestors (blue),1,0
254,Zen,2024-06-09T18:30:15,Path Well Traveled (blue),2,0
254,Zen,2024-06-09T18:30:15,Preserve Tradition (blue),1,0
254,Zen,2024-06-09T18:30:15,Spillover (blue),3,0
254,Zen,2024-06-09T18:30:15,Tiger Form Incantation (blue),2,0
254,Zen,2024-06-09T18:30:15,Untamed (blue),3,0
254,Zen,2024-06-09T18:30:15,Koi Blessed Kimono,1,1
254,Zen,2024-06-09T18:30:15,Mask of Wizened Whiskers,1,1
255,Enigma,2024-06-09T19:35:35,Essence of Ancestry: Body (red),1,0
255,Enigma,2024-06-09T19:35:35,Sigil of Solitude (red),2,0
255,Enigma,2024-06-09T19:35:35,Single Minded Determination (red),1,0
255,Enigma,2024-06-09T19:35:35,Solitary Companion (red),1,0
255,Enigma,2024-06-09T19:35:35,Spectral Manifestations (red),2,0
255,Enigma,2024-06-09T19:35:35,Vengeful Apparition (red),1,0
255,Enigma,2024-06-09T19:35:35,Waning Vengeance (red),1,0
255,Enigma,2024-06-09T19:35:35,Waxing Specter (red),2,0
255,Enigma,2024-06-09T19:35:35,Astral Etchings (yellow),2,0
255,Enigma,2024-06-09T19:35:35,Blanch (yellow),1,0
255,Enigma,2024-06-09T19:35:35,Evasive Leap (yellow),1,0
255,Enigma,2024-06-09T19:35:35,Single Minded Determination (yellow),1,0
255,Enigma,2024-06-09T19:35:35,Vengeful Apparition (yellow),1,0
255,Enigma,2024-06-09T19:35:35,Waning Vengeance (yellow),1,0
255,Enigma,2024-06-09T19:35:35,Dense Blue Mist (blue),1,0
255,Enigma,2024-06-09T19:35:35,First Tenet of Chi: Tide (blue),1,0
255,Enigma,2024-06-09T19:35:35,Haunting Specter (blue),1,0
255,Enigma,2024-06-09T19:35:35,Haze Shelter (blue),2,0
255,Enigma,2024-06-09T19:35:35,Homage to Ancestors (blue),2,0
255,Enigma,2024-06-09T19:35:35,Nimblism (blue),1,0
255,Enigma,2024-06-09T19:35:35,"Rising Sun, Setting Moon (blue)",1,0
255,Enigma,2024-06-09T19:35:35,Rising Tide (blue),1,0
255,Enigma,2024-06-09T19:35:35,Second Tenet of Chi: Tide (blue),1,0
255,Enigma,2024-06-09T19:35:35,Sigil of Solitude (blue),1,0
255,Enigma,2024-06-09T19:35:35,Single Minded Determination (blue),2,0
255,Enigma,2024-06-09T19:35:35,Solitary Companion (blue),1,0
255,Enigma,2024-06-09T19:35:35,Spectral Manifestations (blue),1,0
255,Enigma,2024-06-09T19:35:35,Stir the Pot (blue),1,0
255,Enigma,2024-06-09T19:35:35,Waxing Specter (blue),1,0
255,Enigma,2024-06-09T19:35:35,Aqua Seeing Shell,1,1
255,Enigma,2024-06-09T19:35:35,Skybody Keikoi,1,1
255,Enigma,2024-06-09T19:35:35,Skywalker Keikoi,1,1
255,Enigma,2024-06-09T19:35:35,Truths Retold,1,1
256,Zen,2024-06-09T20:08:25,Aspect of Tiger: Body (red),1,0
256,Zen,2024-06-09T20:08:25,Battlefront Bastion (red),1,0
256,Zen,2024-06-09T20:08:25,Breed Anger (red),1,0
256,Zen,2024-06-09T20:08:25,Companion of the Claw (red),1,0
256,Zen,2024-06-09T20:08:25,Flex Claws (red),2,0
256,Zen,2024-06-09T20:08:25,Harmony of the Hunt (red),1,0
256,Zen,2024-06-09T20:08:25,Pouncing Qi (red),1,0
256,Zen,2024-06-09T20:08:25,Wounding Blow (red),2,0
256,Zen,2024-06-09T20:08:25,Biting Breeze (yellow),1,0
256,Zen,2024-06-09T20:08:25,Blessing of Qi (yellow),2,0
256,Zen,2024-06-09T20:08:25,Evasive Leap (yellow),1,0
256,Zen,2024-06-09T20:08:25,Harmony of the Hunt (yellow),1,0
256,Zen,2024-06-09T20:08:25,Biting Breeze (blue),2,0
256,Zen,2024-06-09T20:08:25,Breed Anger (blue),1,0
256,Zen,2024-06-09T20:08:25,Droplet (blue),2,0
256,Zen,2024-06-09T20:08:25,First Tenet of Chi: Tide (blue),2,0
256,Zen,2024-06-09T20:08:25,First Tenet of Chi: Wind (blue),1,0
256,Zen,2024-06-09T20:08:25,Flex Claws (blue),1,0
256,Zen,2024-06-09T20:08:25,Gravekeeping (blue),1,0
256,Zen,2024-06-09T20:08:25,Harmony of the Hunt (blue),1,0
256,Zen,2024-06-09T20:08:25,Pouncing Qi (blue),1,0
256,Zen,2024-06-09T20:08:25,Preserve Tradition (blue),1,0
256,Zen,2024-06-09T20:08:25,Rising Tide (blue),1,0
256,Zen,2024-06-09T20:08:25,The Grain that Tips the Scale (blue),1,0
256,Zen,2024-06-09T20:08:25,Tidal Surge (blue),2,0
256,Zen,2024-06-09T20:08:25,Untamed (blue),1,0
256,Zen,2024-06-09T20:08:25,Wash Away (blue),1,0
256,Zen,2024-06-09T20:08:25,Water the Seeds (blue),1,0
256,Zen,2024-06-09T20:08:25,Heirloom of Tiger Hide,1,1
256,Zen,2024-06-09T20:08:25,Stride of Reprisal,1,1
256,Zen,2024-06-09T20:08:25,Waves of Aqua Marine,1,1
257,Zen,2024-06-09T21:02:58,Biting Breeze (red),1,0
257,Zen,2024-06-09T21:02:58,Breed Anger (red),1,0
257,Zen,2024-06-09T21:02:58,Companion of the Claw (red),2,0
257,Zen,2024-06-09T21:02:58,Flex Claws (red),1,0
257,Zen,2024-06-09T21:02:58,Harmony of the Hunt (red),1,0
257,Zen,2024-06-09T21:02:58,Nimblism (red),1,0
257,Zen,2024-06-09T21:02:58,Pouncing Qi (red),2,0
257,Zen,2024-06-09T21:02:58,Qi Unleashed (red),1,0
257,Zen,2024-06-09T21:02:58,Tiger Form Incantation (red),2,0
257,Zen,2024-06-09T21:02:58,Untamed (red),2,0
257,Zen,2024-06-09T21:02:58,Water the Seeds (red),1,0
257,Zen,2024-06-09T21:02:58,Breed Anger (yellow),1,0
257,Zen,2024-06-09T21:02:58,Flex Claws (yellow),1,0
257,Zen,2024-06-09T21:02:58,Maul (yellow),1,0
257,Zen,2024-06-09T21:02:58,Pouncing Qi (yellow),1,0
257,Zen,2024-06-09T21:02:58,Aspect of Tiger: Mind (blue),1,0
257,Zen,2024-06-09T21:02:58,Biting Breeze (blue),1,0
257,Zen,2024-06-09T21:02:58,Breed Anger (blue),1,0
257,Zen,2024-06-09T21:02:58,Companion of the Claw (blue),1,0
257,Zen,2024-06-09T21:02:58,Droplet (blue),1,0
257,Zen,2024-06-09T21:02:58,Evasive Leap (blue),1,0
257,Zen,2024-06-09T21:02:58,Flex Claws (blue),1,0
257,Zen,2024-06-09T21:02:58,Harmony of the Hunt (blue),2,0
257,Zen,2024-06-09T21:02:58,Pouncing Qi (blue),2,0
257,Zen,2024-06-09T21:02:58,"Rising Sun, Setting Moon (blue)",1,0
257,Zen,2024-06-09T21:02:58,The Grain that Tips the Scale (blue),1,0
257,Zen,2024-06-09T21:02:58,Tiger Form Incantation (blue),2,0
257,Zen,2024-06-09T21:02:58,Untamed (blue),2,0
257,Zen,2024-06-09T21:02:58,Water the Seeds (blue),1,0
257,Zen,2024-06-09T21:02:58,Mask of Wizened Whiskers,1,1
257,Zen,2024-06-09T21:02:58,Stride of Reprisal,1,1
258,Enigma,2024-06-09T21:03:18,Essence of Ancestry: Body (red),1,0
258,Enigma,2024-06-09T21:03:18,Evasive Leap (red),1,0
258,Enigma,2024-06-09T21:03:18,Fact-Finding Mission (red),1,0
258,Enigma,2024-06-09T21:03:18,Haunting Specter (red),1,0
258,Enigma,2024-06-09T21:03:18,Haze Shelter (red),2,0
258,Enigma,2024-06-09T21:03:18,Sigil of Solitude (red),1,0
258,Enigma,2024-06-09T21:03:18,Single Minded Determination (red),1,0
258,Enigma,2024-06-09T21:03:18,Spectral Manifestations (red),1,0
258,Enigma,2024-06-09T21:03:18,Water the Seeds (red),1,0
258,Enigma,2024-06-09T21:03:18,Waxing Specter (red),1,0
258,Enigma,2024-06-09T21:03:18,Battlefront Bastion (yellow),1,0
258,Enigma,2024-06-09T21:03:18,Essence of Ancestry: Soul (yellow),1,0
258,Enigma,2024-06-09T21:03:18,Haunting Specter (yellow),1,0
258,Enigma,2024-06-09T21:03:18,Single Minded Determination (yellow),1,0
258,Enigma,2024-06-09T21:03:18,Waning Vengeance (yellow),1,0
258,Enigma,2024-06-09T21:03:18,Waxing Specter (yellow),1,0
258,Enigma,2024-06-09T21:03:18,A Drop in the Ocean (blue),1,0
258,Enigma,2024-06-09T21:03:18,Battlefront Bastion (blue),1,0
258,Enigma,2024-06-09T21:03:18,Essence of Ancestry: Mind (blue),2,0
258,Enigma,2024-06-09T21:03:18,First Tenet of Chi: Tide (blue),2,0
258,Enigma,2024-06-09T21:03:18,First Tenet of Chi: Wind (blue),1,0
258,Enigma,2024-06-09T21:03:18,Haunting Specter (blue),1,0
258,Enigma,2024-06-09T21:03:18,Manifestation of Miragai (blue),1,0
258,Enigma,2024-06-09T21:03:18,Pass Over (blue),1,0
258,Enigma,2024-06-09T21:03:18,Rage Specter (blue),1,0
258,Enigma,2024-06-09T21:03:18,"Rising Sun, Setting Moon (blue)",1,0
258,Enigma,2024-06-09T21:03:18,Rising Tide (blue),1,0
258,Enigma,2024-06-09T21:03:18,Sigil of Solitude (blue),1,0
258,Enigma,2024-06-09T21:03:18,Solitary Companion (blue),1,0
258,Enigma,2024-06-09T21:03:18,Spillover (blue),2,0
258,Enigma,2024-06-09T21:03:18,The Grain that Tips the Scale (blue),1,0
258,Enigma,2024-06-09T21:03:18,Vengeful Apparition (blue),1,0
258,Enigma,2024-06-09T21:03:18,Wash Away (blue),1,0
258,Enigma,2024-06-09T21:03:18,Waxing Specter (blue),1,0
258,Enigma,2024-06-09T21:03:18,Wounding Blow (blue),1,0
258,Enigma,2024-06-09T21:03:18,Aqua Laps,1,1
258,Enigma,2024-06-09T21:03:18,Skybody Keikoi,1,1
259,Nuu,2024-06-09T22:40:18,Bonds of Memory (red),1,0
259,Nuu,2024-06-09T22:40:18,Emissary of Tides (red),1,0
259,Nuu,2024-06-09T22:40:18,Gravekeeping (red),1,0
259,Nuu,2024-06-09T22:40:18,Hiss (red),1,0
259,Nuu,2024-06-09T22:40:18,Pick to Pieces (red),1,0
259,Nuu,2024-06-09T22:40:18,Siren's Call (red),1,0
259,Nuu,2024-06-09T22:40:18,Art of Desire: Soul (yellow),1,0
259,Nuu,2024-06-09T22:40:18,Bonds of Attraction (yellow),1,0
259,Nuu,2024-06-09T22:40:18,Desires of Flesh (yellow),2,0
259,Nuu,2024-06-09T22:40:18,Double Trouble (yellow),1,0
259,Nuu,2024-06-09T22:40:18,Impulsive Desire (yellow),1,0
259,Nuu,2024-06-09T22:40:18,Desires of Flesh (blue),1,0
259,Nuu,2024-06-09T22:40:18,Evasive Leap (blue),1,0
259,Nuu,2024-06-09T22:40:18,First Tenet of Chi: Moon (blue),1,0
259,Nuu,2024-06-09T22:40:18,First Tenet of Chi: Tide (blue),1,0
259,Nuu,2024-06-09T22:40:18,First Tenet of Chi: Wind (blue),1,0
259,Nuu,2024-06-09T22:40:18,Hiss (blue),3,0
259,Nuu,2024-06-09T22:40:18,Homage to Ancestors (blue),1,0
259,Nuu,2024-06-09T22:40:18,Path Well Traveled (blue),3,0
259,Nuu,2024-06-09T22:40:18,Rising Tide (blue),5,0
259,Nuu,2024-06-09T22:40:18,Spillover (blue),2,0
259,Nuu,2024-06-09T22:40:18,The Grain that Tips the Scale (blue),1,0
259,Nuu,2024-06-09T22:40:18,Tidal Surge (blue),2,0
259,Nuu,2024-06-09T22:40:18,Wash Away (blue),1,0
259,Nuu,2024-06-09T22:40:18,Wide Blue Yonder (blue),1,0
259,Nuu,2024-06-09T22:40:18,Wounding Blow (blue),1,0
259,Nuu,2024-06-09T22:40:18,Koi Blessed Kimono,1,1
259,Nuu,2024-06-09T22:40:18,Skybody Keikoi,1,1
259,Nuu,2024-06-09T22:40:18,Undertow Stilettos,1,1
259,Nuu,2024-06-09T22:40:18,Waves of Aqua Marine,1,1
260,Nuu,2024-06-09T23:26:18,Desires of Flesh (red),2,0
260,Nuu,2024-06-09T23:26:18,Double Trouble (red),1,0
260,Nuu,2024-06-09T23:26:18,Hiss (red),1,0
260,Nuu,2024-06-09T23:26:18,Impulsive Desire (red),1,0
260,Nuu,2024-06-09T23:26:18,Intimate Inducement (red),3,0
260,Nuu,2024-06-09T23:26:18,Just a Nick (red),1,0
260,Nuu,2024-06-09T23:26:18,Nimblism (red),1,0
260,Nuu,2024-06-09T23:26:18,Pick to Pieces (red),2,0
260,Nuu,2024-06-09T23:26:18,Venomous Bite (red),1,0
260,Nuu,2024-06-09T23:26:18,Desires of Flesh (yellow),1,0
260,Nuu,2024-06-09T23:26:18,Nimble Strike (yellow),1,0
260,Nuu,2024-06-09T23:26:18,Bonds of Memory (blue),1,0
260,Nuu,2024-06-09T23:26:18,Desires of Flesh (blue),1,0
260,Nuu,2024-06-09T23:26:18,First Tenet of Chi: Wind (blue),1,0
260,Nuu,2024-06-09T23:26:18,Gravekeeping (blue),1,0
260,Nuu,2024-06-09T23:26:18,Hiss (blue),2,0
260,Nuu,2024-06-09T23:26:18,Impulsive Desire (blue),1,0
260,Nuu,2024-06-09T23:26:18,Mind's Desire (blue),3,0
260,Nuu,2024-06-09T23:26:18,Pass Over (blue),1,0
260,Nuu,2024-06-09T23:26:18,Path Well Traveled (blue),1,0
260,Nuu,2024-06-09T23:26:18,Persuasive Prognosis (blue),1,0
260,Nuu,2024-06-09T23:26:18,Pick to Pieces (blue),2,0
260,Nuu,2024-06-09T23:26:18,Rising Tide (blue),1,0
260,Nuu,2024-06-09T23:26:18,The Grain that Tips the Scale (blue),1,0
260,Nuu,2024-06-09T23:26:18,Venomous Bite (blue),1,0
260,Nuu,2024-06-09T23:26:18,Wash Away (blue),1,0
260,Nuu,2024-06-09T23:26:18,Wide Blue Yonder (blue),1,0
260,Nuu,2024-06-09T23:26:18,Arousing Wave,1,1
260,Nuu,2024-06-09T23:26:18,Undertow Stilettos,1,1
261,Zen,2024-06-09T23:42:48,Biting Breeze (red),1,0
261,Zen,2024-06-09T23:42:48,Blessing of Qi (red),1,0
261,Zen,2024-06-09T23:42:48,Breed Anger (red),2,0
261,Zen,2024-06-09T23:42:48,Companion of the Claw (red),2,0
261,Zen,2024-06-09T23:42:48,Emissary of Wind (red),1,0
261,Zen,2024-06-09T23:42:48,Flex Claws (red),1,0
261,Zen,2024-06-09T23:42:48,Pouncing Qi (red),2,0
261,Zen,2024-06-09T23:42:48,Qi Unleashed (red),1,0
261,Zen,2024-06-09T23:42:48,Tiger Form Incantation (red),3,0
261,Zen,2024-06-09T23:42:48,Untamed (red),2,0
261,Zen,2024-06-09T23:42:48,Flex Claws (yellow),1,0
261,Zen,2024-06-09T23:42:48,Harmony of the Hunt (yellow),1,0
261,Zen,2024-06-09T23:42:48,Pouncing Qi (yellow),1,0
261,Zen,2024-06-09T23:42:48,Qi Unleashed (yellow),1,0
261,Zen,2024-06-09T23:42:48,Wind Chakra (yellow),1,0
261,Zen,2024-06-09T23:42:48,Biting Breeze (blue),1,0
261,Zen,2024-06-09T23:42:48,Blessing of Qi (blue),2,0
261,Zen,2024-06-09T23:42:48,Companion of the Claw (blue),1,0
261,Zen,2024-06-09T23:42:48,First Tenet of Chi: Tide (blue),1,0
261,Zen,2024-06-09T23:42:48,Pouncing Qi (blue),2,0
261,Zen,2024-06-09T23:42:48,The Grain that Tips the Scale (blue),2,0
261,Zen,2024-06-09T23:42:48,Tiger Form Incantation (blue),1,0
261,Zen,2024-06-09T23:42:48,Untamed (blue),1,0
261,Zen,2024-06-09T23:42:48,Wind Chakra (blue),1,0
261,Zen,2024-06-09T23:42:48,Wounding Blow (blue),1,0
261,Zen,2024-06-09T23:42:48,Koi Blessed Kimono,1,1
261,Zen,2024-06-09T23:42:48,Mask of Wizened Whiskers,1,1
261,Zen,2024-06-09T23:42:48,Skybody Keikoi,1,1
261,Zen,2024-06-09T23:42:48,Skyhold Keikoi,1,1
261,Zen,2024-06-09T23:42:48,Stride of Reprisal,1,1
262,Enigma,2024-06-10T00:04:25,Battlefront Bastion (red),1,0
262,Enigma,2024-06-10T00:04:25,Evasive Leap (red),1,0
262,Enigma,2024-06-10T00:04:25,Fact-Finding Mission (red),1,0
262,Enigma,2024-06-10T00:04:25,Single Minded Determination (red),1,0
262,Enigma,2024-06-10T00:04:25,Spectral Manifestations (red),2,0
262,Enigma,2024-06-10T00:04:25,Vengeful Apparition (red),1,0
262,Enigma,2024-06-10T00:04:25,Waning Vengeance (red),2,0
262,Enigma,2024-06-10T00:04:25,Waxing Specter (red),2,0
262,Enigma,2024-06-10T00:04:25,Haunting Specter (yellow),1,0
262,Enigma,2024-06-10T00:04:25,Moon Chakra (yellow),1,0
262,Enigma,2024-06-10T00:04:25,Nimblism (yellow),1,0
262,Enigma,2024-06-10T00:04:25,Solitary Companion (yellow),2,0
262,Enigma,2024-06-10T00:04:25,Waning Vengeance (yellow),1,0
262,Enigma,2024-06-10T00:04:25,A Drop in the Ocean (blue),2,0
262,Enigma,2024-06-10T00:04:25,Battlefront Bastion (blue),1,0
262,Enigma,2024-06-10T00:04:25,Essence of Ancestry: Mind (blue),2,0
262,Enigma,2024-06-10T00:04:25,First Tenet of Chi: Tide (blue),2,0
262,Enigma,2024-06-10T00:04:25,Haunting Specter (blue),1,0
262,Enigma,2024-06-10T00:04:25,Homage to Ancestors (blue),1,0
262,Enigma,2024-06-10T00:04:25,Second Tenet of Chi: Wind (blue),1,0
262,Enigma,2024-06-10T00:04:25,Single Minded Determination (blue),1,0
262,Enigma,2024-06-10T00:04:25,Spectral Manifestations (blue),2,0
262,Enigma,2024-06-10T00:04:25,Stir the Pot (blue),2,0
262,Enigma,2024-06-10T00:04:25,Vengeful Apparition (blue),2,0
262,Enigma,2024-06-10T00:04:25,Waning Vengeance (blue),1,0
262,Enigma,2024-06-10T00:04:25,Waxing Specter (blue),2,0
262,Enigma,2024-06-10T00:04:25,Skybody Keikoi,1,1
262,Enigma,2024-06-10T00:04:25,Skycrest Keikoi,1,1
262,Enigma,2024-06-10T00:04:25,Skywalker Keikoi,1,1
263,Nuu,2024-06-10T00:24:11,Battlefront Bastion (red),1,0
263,Nuu,2024-06-10T00:24:11,Bonds of Attraction (red),1,0
263,Nuu,2024-06-10T00:24:11,Bonds of Memory (red),2,0
263,Nuu,2024-06-10T00:24:11,Desires of Flesh (red),1,0
263,Nuu,2024-06-10T00:24:11,Double Trouble (red),2,0
263,Nuu,2024-06-10T00:24:11,Impulsive Desire (red),1,0
263,Nuu,2024-06-10T00:24:11,Intimate Inducement (red),1,0
263,Nuu,2024-06-10T00:24:11,Mind's Desire (red),1,0
263,Nuu,2024-06-10T00:24:11,Venomous Bite (red),1,0
263,Nuu,2024-06-10T00:24:11,Wounding Blow (red),1,0
263,Nuu,2024-06-10T00:24:11,Art of Desire: Soul (yellow),1,0
263,Nuu,2024-06-10T00:24:11,Blanch (yellow),1,0
263,Nuu,2024-06-10T00:24:11,Bonds of Attraction (yellow),1,0
263,Nuu,2024-06-10T00:24:11,Gorgon's Gaze (yellow),1,0
263,Nuu,2024-06-10T00:24:11,Intimate Inducement (yellow),1,0
263,Nuu,2024-06-10T00:24:11,Blanch (blue),1,0
263,Nuu,2024-06-10T00:24:11,Bonds of Attraction (blue),1,0
263,Nuu,2024-06-10T00:24:11,Droplet (blue),1,0
263,Nuu,2024-06-10T00:24:11,Hiss (blue),1,0
263,Nuu,2024-06-10T00:24:11,Levels of Enlightenment (blue),1,0
263,Nuu,2024-06-10T00:24:11,Mind's Desire (blue),1,0
263,Nuu,2024-06-10T00:24:11,Nimblism (blue),1,0
263,Nuu,2024-06-10T00:24:11,"Rising Sun, Setting Moon (blue)",1,0
263,Nuu,2024-06-10T00:24:11,Rising Tide (blue),2,0
263,Nuu,2024-06-10T00:24:11,The Grain that Tips the Scale (blue),2,0
263,Nuu,2024-06-10T00:24:11,Tidal Surge (blue),1,0
263,Nuu,2024-06-10T00:24:11,Venomous Bite (blue),1,0
263,Nuu,2024-06-10T00:24:11,Wide Blue Yonder (blue),1,0
263,Nuu,2024-06-10T00:24:11,Aqua Laps,1,1
263,Nuu,2024-06-10T00:24:11,Koi Blessed Kimono,1,1
263,Nuu,2024-06-10T00:24:11,Skycrest Keikoi,1,1
263,Nuu,2024-06-10T00:24:11,Waves of Aqua Marine,1,1
264,Zen,2024-06-10T02:03:23,Biting Breeze (red),1,0
264,Zen,2024-06-10T02:03:23,Blanch (red),1,0
264,Zen,2024-06-10T02:03:23,Blessing of Qi (red),1,0
264,Zen,2024-06-10T02:03:23,Breed Anger (red),1,0
264,Zen,2024-06-10T02:03:23,Emissary of Moon (red),1,0
264,Zen,2024-06-10T02:03:23,Fact-Finding Mission (red),1,0
264,Zen,2024-06-10T02:03:23,Nimble Strike (red),1,0
264,Zen,2024-06-10T02:03:23,Nimblism (red),2,0
264,Zen,2024-06-10T02:03:23,Water the Seeds (red),1,0
264,Zen,2024-06-10T02:03:23,Battlefront Bastion (yellow),1,0
264,Zen,2024-06-10T02:03:23,Biting Breeze (yellow),1,0
264,Zen,2024-06-10T02:03:23,Companion of the Claw (yellow),1,0
264,Zen,2024-06-10T02:03:23,Evasive Leap (yellow),1,0
264,Zen,2024-06-10T02:03:23,Flex Claws (yellow),1,0
264,Zen,2024-06-10T02:03:23,Nimble Strike (yellow),1,0
264,Zen,2024-06-10T02:03:23,Nimblism (yellow),2,0
264,Zen,2024-06-10T02:03:23,Pouncing Qi (yellow),1,0
264,Zen,2024-06-10T02:03:23,Water the Seeds (yellow),1,0
264,Zen,2024-06-10T02:03:23,Companion of the Claw (blue),1,0
264,Zen,2024-06-10T02:03:23,Fact-Finding Mission (blue),1,0
264,Zen,2024-06-10T02:03:23,First Tenet of Chi: Tide (blue),1,0
264,Zen,2024-06-10T02:03:23,Harmony of the Hunt (blue),2,0
264,Zen,2024-06-10T02:03:23,Nimble Strike (blue),1,0
264,Zen,2024-06-10T02:03:23,Nimblism (blue),1,0
264,Zen,2024-06-10T02:03:23,Path Well Traveled (blue),1,0
264,Zen,2024-06-10T02:03:23,Qi Unleashed (blue),1,0
264,Zen,2024-06-10T02:03:23,Rising Tide (blue),2,0
264,Zen,2024-06-10T02:03:23,The Grain that Tips the Scale (blue),2,0
264,Zen,2024-06-10T02:03:23,Untamed (blue),1,0
264,Zen,2024-06-10T02:03:23,Water the Seeds (blue),1,0
264,Zen,2024-06-10T02:03:23,Mask of Wizened Whiskers,1,1
264,Zen,2024-06-10T02:03:23,Skybody Keikoi,1,1
264,Zen,2024-06-10T02:03:23,Skyhold Keikoi,1,1
264,Zen,2024-06-10T02:03:23,Stride of Reprisal,1,1
265,Nuu,2024-06-10T02:06:28,Bonds of Memory (red),2,0
265,Nuu,2024-06-10T02:06:28,Desires of Flesh (red),1,0
265,Nuu,2024-06-10T02:06:28,Double Trouble (red),1,0
265,Nuu,2024-06-10T02:06:28,Fact-Finding Mission (red),2,0
265,Nuu,2024-06-10T02:06:28,Gravekeeping (red),1,0
265,Nuu,2024-06-10T02:06:28,Intimate Inducement (red),1,0
265,Nuu,2024-06-10T02:06:28,Pick to Pieces (red),1,0
265,Nuu,2024-06-10T02:06:28,Cracked Bauble (yellow),3,0
265,Nuu,2024-06-10T02:06:28,Hiss (yellow),1,0
265,Nuu,2024-06-10T02:06:28,Venomous Bite (yellow),1,0
265,Nuu,2024-06-10T02:06:28,Water the Seeds (yellow),1,0
265,Nuu,2024-06-10T02:06:28,Bonds of Attraction (blue),1,0
265,Nuu,2024-06-10T02:06:28,Bonds of Memory (blue),2,0
265,Nuu,2024-06-10T02:06:28,First Tenet of Chi: Moon (blue),1,0
265,Nuu,2024-06-10T02:06:28,Hiss (blue),1,0
265,Nuu,2024-06-10T02:06:28,Intimate Inducement (blue),1,0
265,Nuu,2024-06-10T02:06:28,Mind's Desire (blue),1,0
265,Nuu,2024-06-10T02:06:28,"Rising Sun, Setting Moon (blue)",1,0
265,Nuu,2024-06-10T02:06:28,Rising Tide (blue),1,0
265,Nuu,2024-06-10T02:06:28,Rowdy Locals (blue),1,0
265,Nuu,2024-06-10T02:06:28,Spillover (blue),1,0
265,Nuu,2024-06-10T02:06:28,The Grain that Tips the Scale (blue),1,0
265,Nuu,2024-06-10T02:06:28,Tidal Surge (blue),1,0
265,Nuu,2024-06-10T02:06:28,Tide Chakra (blue),1,0
265,Nuu,2024-06-10T02:06:28,Venomous Bite (blue),1,0
265,Nuu,2024-06-10T02:06:28,Aqua Seeing Shell,1,1
265,Nuu,2024-06-10T02:06:28,Heirloom of Snake Hide,1,1
265,Nuu,2024-06-10T02:06:28,Undertow Stilettos,1,1
265,Nuu,2024-06-10T02:06:28,Waves of Aqua Marine,1,1
266,Enigma,2024-06-10T02:51:27,Astral Etchings (red),3,0
266,Enigma,2024-06-10T02:51:27,Haze Shelter (red),2,0
266,Enigma,2024-06-10T02:51:27,Single Minded Determination (red),2,0
266,Enigma,2024-06-10T02:51:27,Solitary Companion (red),1,0
266,Enigma,2024-06-10T02:51:27,Spectral Manifestations (red),1,0
266,Enigma,2024-06-10T02:51:27,Waning Vengeance (red),3,0
266,Enigma,2024-06-10T02:51:27,Waxing Specter (red),1,0
266,Enigma,2024-06-10T02:51:27,Restless Coalescence (yellow),1,0
266,Enigma,2024-06-10T02:51:27,Spectral Manifestations (yellow),1,0
266,Enigma,2024-06-10T02:51:27,Blanch (blue),2,0
266,Enigma,2024-06-10T02:51:27,First Tenet of Chi: Tide (blue),1,0
266,Enigma,2024-06-10T02:51:27,Homage to Ancestors (blue),1,0
266,Enigma,2024-06-10T02:51:27,Manifestation of Miragai (blue),1,0
266,Enigma,2024-06-10T02:51:27,Path Well Traveled (blue),1,0
266,Enigma,2024-06-10T02:51:27,Preserve Tradition (blue),1,0
266,Enigma,2024-06-10T02:51:27,Rising Tide (blue),1,0
266,Enigma,2024-06-10T02:51:27,Second Tenet of Chi: Tide (blue),1,0
266,Enigma,2024-06-10T02:51:27,Spillover (blue),2,0
266,Enigma,2024-06-10T02:51:27,Vengeful Apparition (blue),3,0
266,Enigma,2024-06-10T02:51:27,Wounding Blow (blue),1,0
266,Enigma,2024-06-10T02:51:27,Skywalker Keikoi,1,1
266,Enigma,2024-06-10T02:51:27,Truths Retold,1,1
266,Enigma,2024-06-10T02:51:27,Uphold Tradition,1,1
267,Nuu,2024-06-10T03:33:34,Battlefront Bastion (red),1,0
267,Nuu,2024-06-10T03:33:34,Bonds of Memory (red),2,0
267,Nuu,2024-06-10T03:33:34,Emissary of Moon (red),1,0
267,Nuu,2024-06-10T03:33:34,Hiss (red),3,0
267,Nuu,2024-06-10T03:33:34,Impulsive Desire (red),1,0
267,Nuu,2024-06-10T03:33:34,Nimble Strike (red),1,0
267,Nuu,2024-06-10T03:33:34,Nimblism (red),1,0
267,Nuu,2024-06-10T03:33:34,Pick to Pieces (red),3,0
267,Nuu,2024-06-10T03:33:34,Tide Chakra (red),1,0
267,Nuu,2024-06-10T03:33:34,Venomous Bite (red),2,0
267,Nuu,2024-06-10T03:33:34,Hiss (yellow),1,0
267,Nuu,2024-06-10T03:33:34,Intimate Inducement (yellow),1,0
267,Nuu,2024-06-10T03:33:34,Mind's Desire (yellow),1,0
267,Nuu,2024-06-10T03:33:34,Pick to Pieces (yellow),1,0
267,Nuu,2024-06-10T03:33:34,Art of Desire: Mind (blue),3,0
267,Nuu,2024-06-10T03:33:34,Bonds of Agony (blue),1,0
267,Nuu,2024-06-10T03:33:34,Bonds of Memory (blue),1,0
267,Nuu,2024-06-10T03:33:34,Desires of Flesh (blue),3,0
267,Nuu,2024-06-10T03:33:34,Hiss (blue),1,0
267,Nuu,2024-06-10T03:33:34,Impulsive Desire (blue),1,0
267,Nuu,2024-06-10T03:33:34,Mind's Desire (blue),2,0
267,Nuu,2024-06-10T03:33:34,Path Well Traveled (blue),1,0
267,Nuu,2024-06-10T03:33:34,Sacred Art: Undercurrent Desires (blue),1,0
267,Nuu,2024-06-10T03:33:34,Second Tenet of Chi: Wind (blue),1,0
267,Nuu,2024-06-10T03:33:34,Stir the Pot (blue),1,0
267,Nuu,2024-06-10T03:33:34,Wide Blue Yonder (blue),1,0
267,Nuu,2024-06-10T03:33:34,Heirloom of Snake Hide,1,1
267,Nuu,2024-06-10T03:33:34,Skycrest Keikoi,1,1
267,Nuu,2024-06-10T03:33:34,Skyhold Keikoi,1,1
268,Zen,2024-06-10T04:12:46,Biting Breeze (red),4,0
268,Zen,2024-06-10T04:12:46,Blessing of Qi (red),1,0
268,Zen,2024-06-10T04:12:46,Breed Anger (red),1,0
268,Zen,2024-06-10T04:12:46,Emissary of Moon (red),1,0
268,Zen,2024-06-10T04:12:46,Emissary of Tides (red),1,0
268,Zen,2024-06-10T04:12:46,Fact-Finding Mission (red),1,0
268,Zen,2024-06-10T04:12:46,Flex Claws (red),1,0
268,Zen,2024-06-10T04:12:46,Harmony of the Hunt (red),3,0
268,Zen,2024-06-10T04:12:46,Pouncing Qi (red),1,0
268,Zen,2024-06-10T04:12:46,Tiger Form Incantation (red),1,0
268,Zen,2024-06-10T04:12:46,Untamed (red),3,0
268,Zen,2024-06-10T04:12:46,Harmony of the Hunt (yellow),2,0
268,Zen,2024-06-10T04:12:46,Aspect of Tiger: Mind (blue),2,0
268,Zen,2024-06-10T04:12:46,Biting Breeze (blue),3,0
268,Zen,2024-06-10T04:12:46,Breed Anger (blue),1,0
268,Zen,2024-06-10T04:12:46,Companion of the Claw (blue),2,0
268,Zen,2024-06-10T04:12:46,Fact-Finding Mission (blue),1,0
268,Zen,2024-06-10T04:12:46,Flex Claws (blue),1,0
268,Zen,2024-06-10T04:12:46,Harmony of the Hunt (blue),1,0
268,Zen,2024-06-10T04:12:46,Pouncing Qi (blue),1,0
268,Zen,2024-06-10T04:12:46,Second Tenet of Chi: Tide (blue),1,0
268,Zen,2024-06-10T04:12:46,Tidal Surge (blue),1,0
268,Zen,2024-06-10T04:12:46,Tiger Form Incantation (blue),1,0
268,Zen,2024-06-10T04:12:46,Untamed (blue),1,0
268,Zen,2024-06-10T04:12:46,Water the Seeds (blue),1,0
268,Zen,2024-06-10T04:12:46,Wind Chakra (blue),1,0
268,Zen,2024-06-10T04:12:46,Heirloom of Tiger Hide,1,1
268,Zen,2024-06-10T04:12:46,Skycrest Keikoi,1,1
269,Nuu,2024-06-10T05:03:59,Bonds of Memory (red),1,0
269,Nuu,2024-06-10T05:03:59,Gravekeeping (red),1,0
269,Nuu,2024-06-10T05:03:59,Hiss (red),1,0
269,Nuu,2024-06-10T05:03:59,Mind's Desire (red),2,0
269,Nuu,2024-06-10T05:03:59,Pick to Pieces (red),1,0
269,Nuu,2024-06-10T05:03:59,Venomous Bite (red),1,0
269,Nuu,2024-06-10T05:03:59,Art of Desire: Soul (yellow),1,0
269,Nuu,2024-06-10T05:03:59,Battlefront Bastion (yellow),1,0
269,Nuu,2024-06-10T05:03:59,Bonds of Memory (yellow),1,0
269,Nuu,2024-06-10T05:03:59,Desires of Flesh (yellow),1,0
269,Nuu,2024-06-10T05:03:59,Hiss (yellow),1,0
269,Nuu,2024-06-10T05:03:59,Impulsive Desire (yellow),1,0
269,Nuu,2024-06-10T05:03:59,Intimate Inducement (yellow),1,0
269,Nuu,2024-06-10T05:03:59,Mind's Desire (yellow),1,0
269,Nuu,2024-06-10T05:03:59,Battlefront Bastion (blue),1,0
269,Nuu,2024-06-10T05:03:59,Bonds of Memory (blue),1,0
269,Nuu,2024-06-10T05:03:59,Evasive Leap (blue),1,0
269,Nuu,2024-06-10T05:03:59,Fact-Finding Mission (blue),1,0
269,Nuu,2024-06-10T05:03:59,Gravekeeping (blue),1,0
269,Nuu,2024-06-10T05:03:59,Levels of Enlightenment (blue),1,0
269,Nuu,2024-06-10T05:03:59,Pass Over (blue),1,0
269,Nuu,2024-06-10T05:03:59,Persuasive Prognosis (blue),1,0
269,Nuu,2024-06-10T05:03:59,Pick to Pieces (blue),1,0
269,Nuu,2024-06-10T05:03:59,Spillover (blue),1,0
269,Nuu,2024-06-10T05:03:59,Venomous Bite (blue),2,0
269,Nuu,2024-06-10T05:03:59,Wash Away (blue),2,0
269,Nuu,2024-06-10T05:03:59,Water the Seeds (blue),1,0
269,Nuu,2024-06-10T05:03:59,Wounding Blow (blue),1,0
269,Nuu,2024-06-10T05:03:59,Aqua Laps,1,1
269,Nuu,2024-06-10T05:03:59,Arousing Wave,1,1
269,Nuu,2024-06-10T05:03:59,Skybody Keikoi,1,1
269,Nuu,2024-06-10T05:03:59,Skycrest Keikoi,1,1
270,Enigma,2024-06-10T08:23:47,Haunting Specter (red),1,0
270,Enigma,2024-06-10T08:23:47,Haze Shelter (red),2,0
270,Enigma,2024-06-10T08:23:47,Moon Chakra (red),2,0
270,Enigma,2024-06-10T08:23:47,Sigil of Solitude (red),1,0
270,Enigma,2024-06-10T08:23:47,Single Minded Determination (red),2,0
270,Enigma,2024-06-10T08:23:47,Solitary Companion (red),1,0
270,Enigma,2024-06-10T08:23:47,Vengeful Apparition (red),2,0
270,Enigma,2024-06-10T08:23:47,Waxing Specter (red),2,0
270,Enigma,2024-06-10T08:23:47,Astral Etchings (yellow),1,0
270,Enigma,2024-06-10T08:23:47,Battlefront Bastion (yellow),1,0
270,Enigma,2024-06-10T08:23:47,Single Minded Determination (yellow),1,0
270,Enigma,2024-06-10T08:23:47,A Drop in the Ocean (blue),3,0
270,Enigma,2024-06-10T08:23:47,Astral Etchings (blue),1,0
270,Enigma,2024-06-10T08:23:47,Deep Blue Sea (blue),1,0
270,Enigma,2024-06-10T08:23:47,Essence of Ancestry: Mind (blue),1,0
270,Enigma,2024-06-10T08:23:47,First Tenet of Chi: Moon (blue),1,0
270,Enigma,2024-06-10T08:23:47,First Tenet of Chi: Tide (blue),1,0
270,Enigma,2024-06-10T08:23:47,Homage to Ancestors (blue),2,0
270,Enigma,2024-06-10T08:23:47,Moon Chakra (blue),2,0
270,Enigma,2024-06-10T08:23:47,Single Minded Determination (blue),3,0
270,Enigma,2024-06-10T08:23:47,Solitary Companion (blue),2,0
270,Enigma,2024-06-10T08:23:47,Spectral Manifestations (blue),2,0
270,Enigma,2024-06-10T08:23:47,Vengeful Apparition (blue),2,0
270,Enigma,2024-06-10T08:23:47,Wash Away (blue),1,0
270,Enigma,2024-06-10T08:23:47,Wounding Blow (blue),1,0
270,Enigma,2024-06-10T08:23:47,Heirloom of Rabbit Hide,1,1
270,Enigma,2024-06-10T08:23:47,Skywalker Keikoi,1,1
270,Enigma,2024-06-10T08:23:47,Truths Retold,1,1
271,Enigma,2024-06-10T10:22:49,Battlefront Bastion (red),1,0
271,Enigma,2024-06-10T10:22:49,Evasive Leap (red),1,0
271,Enigma,2024-06-10T10:22:49,Moon Chakra (red),1,0
271,Enigma,2024-06-10T10:22:49,Single Minded Determination (red),1,0
271,Enigma,2024-06-10T10:22:49,Spectral Manifestations (red),2,0
271,Enigma,2024-06-10T10:22:49,Vengeful Apparition (red),1,0
271,Enigma,2024-06-10T10:22:49,Waning Vengeance (red),3,0
271,Enigma,2024-06-10T10:22:49,Waxing Specter (red),1,0
271,Enigma,2024-06-10T10:22:49,Prismatic Leyline (yellow),1,0
271,Enigma,2024-06-10T10:22:49,Sigil of Solitude (yellow),1,0
271,Enigma,2024-06-10T10:22:49,Single Minded Determination (yellow),1,0
271,Enigma,2024-06-10T10:22:49,Waning Vengeance (yellow),1,0
271,Enigma,2024-06-10T10:22:49,Battlefront Bastion (blue),1,0
271,Enigma,2024-06-10T10:22:49,Essence of Ancestry: Mind (blue),2,0
271,Enigma,2024-06-10T10:22:49,First Tenet of Chi: Moon (blue),1,0
271,Enigma,2024-06-10T10:22:49,First Tenet of Chi: Tide (blue),1,0
271,Enigma,2024-06-10T10:22:49,First Tenet of Chi: Wind (blue),1,0
271,Enigma,2024-06-10T10:22:49,Gravekeeping (blue),1,0
271,Enigma,2024-06-10T10:22:49,Path Well Traveled (blue),2,0
271,Enigma,2024-06-10T10:22:49,Second Tenet of Chi: Moon (blue),1,0
271,Enigma,2024-06-10T10:22:49,Second Tenet of Chi: Tide (blue),1,0
271,Enigma,2024-06-10T10:22:49,Single Minded Determination (blue),3,0
271,Enigma,2024-06-10T10:22:49,Solitary Companion (blue),1,0
271,Enigma,2024-06-10T10:22:49,Spillover (blue),2,0
271,Enigma,2024-06-10T10:22:49,Stir the Pot (blue),1,0
271,Enigma,2024-06-10T10:22:49,Vengeful Apparition (blue),1,0
271,Enigma,2024-06-10T10:22:49,Wash Away (blue),2,0
271,Enigma,2024-06-10T10:22:49,Wide Blue Yonder (blue),1,0
271,Enigma,2024-06-10T10:22:49,Aqua Seeing Shell,1,1
271,Enigma,2024-06-10T10:22:49,Heirloom of Rabbit Hide,1,1
271,Enigma,2024-06-10T10:22:49,Uphold Tradition,1,1
272,Nuu,2024-06-10T13:50:34,Blanch (red),1,0
272,Nuu,2024-06-10T13:50:34,Bonds of Attraction (red),1,0
272,Nuu,2024-06-10T13:50:34,Hiss (red),2,0
272,Nuu,2024-06-10T13:50:34,Intimate Inducement (red),2,0
272,Nuu,2024-06-10T13:50:34,Mind's Desire (red),2,0
272,Nuu,2024-06-10T13:50:34,Nimble Strike (red),1,0
272,Nuu,2024-06-10T13:50:34,Nimblism (red),1,0
272,Nuu,2024-06-10T13:50:34,Tide Chakra (red),2,0
272,Nuu,2024-06-10T13:50:34,Venomous Bite (red),1,0
272,Nuu,2024-06-10T13:50:34,Bonds of Attraction (yellow),1,0
272,Nuu,2024-06-10T13:50:34,Bonds of Memory (yellow),1,0
272,Nuu,2024-06-10T13:50:34,Desires of Flesh (yellow),2,0
272,Nuu,2024-06-10T13:50:34,Mind's Desire (yellow),1,0
272,Nuu,2024-06-10T13:50:34,Nimblism (yellow),2,0
272,Nuu,2024-06-10T13:50:34,A Drop in the Ocean (blue),1,0
272,Nuu,2024-06-10T13:50:34,Art of Desire: Mind (blue),2,0
272,Nuu,2024-06-10T13:50:34,Bonds of Agony (blue),1,0
272,Nuu,2024-06-10T13:50:34,Bonds of Attraction (blue),1,0
272,Nuu,2024-06-10T13:50:34,Bonds of Memory (blue),1,0
272,Nuu,2024-06-10T13:50:34,Desires of Flesh (blue),1,0
272,Nuu,2024-06-10T13:50:34,Double Trouble (blue),1,0
272,Nuu,2024-06-10T13:50:34,First Tenet of Chi: Wind (blue),1,0
272,Nuu,2024-06-10T13:50:34,Hiss (blue),1,0
272,Nuu,2024-06-10T13:50:34,Intimate Inducement (blue),1,0
272,Nuu,2024-06-10T13:50:34,Nimble Strike (blue),1,0
272,Nuu,2024-06-10T13:50:34,Pick to Pieces (blue),1,0
272,Nuu,2024-06-10T13:50:34,Rowdy Locals (blue),1,0
272,Nuu,2024-06-10T13:50:34,Spillover (blue),1,0
272,Nuu,2024-06-10T13:50:34,Venomous Bite (blue),1,0
272,Nuu,2024-06-10T13:50:34,Arousing Wave,1,1
272,Nuu,2024-06-10T13:50:34,Heirloom of Snake Hide,1,1
272,Nuu,2024-06-10T13:50:34,Skycrest Keikoi,1,1
272,Nuu,2024-06-10T13:50:34,Undertow Stilettos,1,1
273,Enigma,2024-06-10T16:12:22,Battlefront Bastion (red),1,0
273,Enigma,2024-06-10T16:12:22,Emissary of Wind (red),1,0
273,Enigma,2024-06-10T16:12:22,Essence of Ancestry: Body (red),1,0
273,Enigma,2024-06-10T16:12:22,Haze Shelter (red),1,0
273,Enigma,2024-06-10T16:12:22,Sigil of Solitude (red),1,0
273,Enigma,2024-06-10T16:12:22,Solitary Companion (red),2,0
273,Enigma,2024-06-10T16:12:22,Spectral Manifestations (red),3,0
273,Enigma,2024-06-10T16:12:22,Vengeful Apparition (red),1,0
273,Enigma,2024-06-10T16:12:22,Waning Vengeance (red),3,0
273,Enigma,2024-06-10T16:12:22,Waxing Specter (red),1,0
273,Enigma,2024-06-10T16:12:22,Astral Etchings (yellow),1,0
273,Enigma,2024-06-10T16:12:22,Battlefront Bastion (yellow),2,0
273,Enigma,2024-06-10T16:12:22,Single Minded Determination (yellow),1,0
273,Enigma,2024-06-10T16:12:22,Spectral Manifestations (yellow),1,0
273,Enigma,2024-06-10T16:12:22,Vengeful Apparition (yellow),1,0
273,Enigma,2024-06-10T16:12:22,Waxing Specter (yellow),1,0
273,Enigma,2024-06-10T16:12:22,A Drop in the Ocean (blue),3,0
273,Enigma,2024-06-10T16:12:22,Deep Blue Sea (blue),1,0
273,Enigma,2024-06-10T16:12:22,Essence of Ancestry: Mind (blue),1,0
273,Enigma,2024-06-10T16:12:22,First Tenet of Chi: Moon (blue),1,0
273,Enigma,2024-06-10T16:12:22,First Tenet of Chi: Wind (blue),1,0
273,Enigma,2024-06-10T16:12:22,Moon Chakra (blue),1,0
273,Enigma,2024-06-10T16:12:22,Nimblism (blue),1,0
273,Enigma,2024-06-10T16:12:22,Pass Over (blue),1,0
273,Enigma,2024-06-10T16:12:22,Second Tenet of Chi: Tide (blue),1,0
273,Enigma,2024-06-10T16:12:22,Sigil of Solitude (blue),1,0
273,Enigma,2024-06-10T16:12:22,Single Minded Determination (blue),1,0
273,Enigma,2024-06-10T16:12:22,Tidal Surge (blue),1,0
273,Enigma,2024-06-10T16:12:22,Waning Vengeance (blue),1,0
273,Enigma,2024-06-10T16:12:22,Wounding Blow (blue),1,0
273,Enigma,2024-06-10T16:12:22,Heirloom of Rabbit Hide,1,1
273,Enigma,2024-06-10T16:12:22,Skycrest Keikoi,1,1
273,Enigma,2024-06-10T16:12:22,Uphold Tradition,1,1
274,Zen,2024-06-10T16:34:16,Biting Breeze (red),2,0
274,Zen,2024-06-10T16:34:16,Breed Anger (red),1,0
274,Zen,2024-06-10T16:34:16,Companion of the Claw (red),2,0
274,Zen,2024-06-10T16:34:16,Flex Claws (red),1,0
274,Zen,2024-06-10T16:34:16,Qi Unleashed (red),1,0
274,Zen,2024-06-10T16:34:16,Tiger Form Incantation (red),2,0
274,Zen,2024-06-10T16:34:16,Battlefront Bastion (yellow),1,0
274,Zen,2024-06-10T16:34:16,Blanch (yellow),1,0
274,Zen,2024-06-10T16:34:16,Companion of the Claw (yellow),1,0
274,Zen,2024-06-10T16:34:16,Qi Unleashed (yellow),1,0
274,Zen,2024-06-10T16:34:16,Tiger Form Incantation (yellow),1,0
274,Zen,2024-06-10T16:34:16,Aspect of Tiger: Mind (blue),1,0
274,Zen,2024-06-10T16:34:16,Biting Breeze (blue),2,0
274,Zen,2024-06-10T16:34:16,Breed Anger (blue),2,0
274,Zen,2024-06-10T16:34:16,Companion of the Claw (blue),3,0
274,Zen,2024-06-10T16:34:16,Harmony of the Hunt (blue),1,0
274,Zen,2024-06-10T16:34:16,Nimble Strike (blue),1,0
274,Zen,2024-06-10T16:34:16,Pouncing Qi (blue),2,0
274,Zen,2024-06-10T16:34:16,Rising Tide (blue),2,0
274,Zen,2024-06-10T16:34:16,Tiger Form Incantation (blue),3,0
274,Zen,2024-06-10T16:34:16,Untamed (blue),1,0
274,Zen,2024-06-10T16:34:16,Heirloom of Tiger Hide,1,1
274,Zen,2024-06-10T16:34:16,Koi Blessed Kimono,1,1
274,Zen,2024-06-10T16:34:16,Mask of Wizened Whiskers,1,1
274,Zen,2024-06-10T16:34:16,Stride of Reprisal,1,1
275,Zen,2024-06-10T16:53:46,Breed Anger (red),2,0
275,Zen,2024-06-10T16:53:46,Flex Claws (red),1,0
275,Zen,2024-06-10T16:53:46,Gravekeeping (red),1,0
275,Zen,2024-06-10T16:53:46,Pouncing Qi (red),1,0
275,Zen,2024-06-10T16:53:46,Untamed (red),2,0
275,Zen,2024-06-10T16:53:46,Water the Seeds (red),1,0
275,Zen,2024-06-10T16:53:46,Wounding Blow (red),1,0
275,Zen,2024-06-10T16:53:46,Companion of the Claw (yellow),1,0
275,Zen,2024-06-10T16:53:46,Fact-Finding Mission (yellow),1,0
275,Zen,2024-06-10T16:53:46,Harmony of the Hunt (yellow),1,0
275,Zen,2024-06-10T16:53:46,Qi Unleashed (yellow),1,0
275,Zen,2024-06-10T16:53:46,Biting Breeze (blue),1,0
275,Zen,2024-06-10T16:53:46,Blessing of Qi (blue),1,0
275,Zen,2024-06-10T16:53:46,Breed Anger (blue),1,0
275,Zen,2024-06-10T16:53:46,Fact-Finding Mission (blue),1,0
275,Zen,2024-06-10T16:53:46,First Tenet of Chi: Moon (blue),1,0
275,Zen,2024-06-10T16:53:46,First Tenet of Chi: Tide (blue),2,0
275,Zen,2024-06-10T16:53:46,First Tenet of Chi: Wind (blue),1,0
275,Zen,2024-06-10T16:53:46,Flex Claws (blue),1,0
275,Zen,2024-06-10T16:53:46,Gravekeeping (blue),1,0
275,Zen,2024-06-10T16:53:46,Homage to Ancestors (blue),1,0
275,Zen,2024-06-10T16:53:46,Nimblism (blue),1,0
275,Zen,2024-06-10T16:53:46,Path Well Traveled (blue),1,0
275,Zen,2024-06-10T16:53:46,Pouncing Qi (blue),1,0
275,Zen,2024-06-10T16:53:46,Qi Unleashed (blue),1,0
275,Zen,2024-06-10T16:53:46,"Rising Sun, Setting Moon (blue)",1,0
275,Zen,2024-06-10T16:53:46,Rising Tide (blue),2,0
275,Zen,2024-06-10T16:53:46,Spillover (blue),2,0
275,Zen,2024-06-10T16:53:46,Tidal Surge (blue),1,0
275,Zen,2024-06-10T16:53:46,Untamed (blue),1,0
275,Zen,2024-06-10T16:53:46,Heirloom of Tiger Hide,1,1
275,Zen,2024-06-10T16:53:46,Mask of Wizened Whiskers,1,1
275,Zen,2024-06-10T16:53:46,Stride of Reprisal,1,1
276,Zen,2024-06-10T18:02:48,Biting Breeze (red),1,0
276,Zen,2024-06-10T18:02:48,Blanch (red),1,0
276,Zen,2024-06-10T18:02:48,Breed Anger (red),1,0
276,Zen,2024-06-10T18:02:48,Emissary of Tides (red),1,0
276,Zen,2024-06-10T18:02:48,Flex Claws (red),1,0
276,Zen,2024-06-10T18:02:48,Pouncing Qi (red),2,0
276,Zen,2024-06-10T18:02:48,Tiger Form Incantation (red),1,0
276,Zen,2024-06-10T18:02:48,Aspect of Tiger: Soul (yellow),1,0
276,Zen,2024-06-10T18:02:48,Breed Anger (yellow),1,0
276,Zen,2024-06-10T18:02:48,Harmony of the Hunt (yellow),2,0
276,Zen,2024-06-10T18:02:48,Nimble Strike (yellow),2,0
276,Zen,2024-06-10T18:02:48,Nimblism (yellow),1,0
276,Zen,2024-06-10T18:02:48,Tiger Form Incantation (yellow),1,0
276,Zen,2024-06-10T18:02:48,Untamed (yellow),1,0
276,Zen,2024-06-10T18:02:48,Water the Seeds (yellow),1,0
276,Zen,2024-06-10T18:02:48,A Drop in the Ocean (blue),1,0
276,Zen,2024-06-10T18:02:48,Biting Breeze (blue),1,0
276,Zen,2024-06-10T18:02:48,Breed Anger (blue),1,0
276,Zen,2024-06-10T18:02:48,Companion of the Claw (blue),2,0
276,Zen,2024-06-10T18:02:48,Flex Claws (blue),1,0
276,Zen,2024-06-10T18:02:48,Harmony of the Hunt (blue),1,0
276,Zen,2024-06-10T18:02:48,Pouncing Qi (blue),2,0
276,Zen,2024-06-10T18:02:48,Preserve Tradition (blue),1,0
276,Zen,2024-06-10T18:02:48,The Grain that Tips the Scale (blue),1,0
276,Zen,2024-06-10T18:02:48,Tiger Form Incantation (blue),2,0
276,Zen,2024-06-10T18:02:48,Untamed (blue),2,0
276,Zen,2024-06-10T18:02:48,Aqua Seeing Shell,1,1
276,Zen,2024-06-10T18:02:48,Heirloom of Tiger Hide,1,1
276,Zen,2024-06-10T18:02:48,Mask of Wizened Whiskers,1,1
276,Zen,2024-06-10T18:02:48,Skycrest Keikoi,1,1
276,Zen,2024-06-10T18:02:48,Stride of Reprisal,1,1
276,Zen,2024-06-10T18:02:48,Waves of Aqua Marine,1,1
277,Zen,2024-06-10T18:06:38,Biting Breeze (red),1,0
277,Zen,2024-06-10T18:06:38,Harmony of the Hunt (red),1,0
277,Zen,2024-06-10T18:06:38,Nimble Strike (red),2,0
277,Zen,2024-06-10T18:06:38,Pouncing Qi (red),1,0
277,Zen,2024-06-10T18:06:38,Tiger Form Incantation (red),2,0
277,Zen,2024-06-10T18:06:38,Untamed (red),3,0
277,Zen,2024-06-10T18:06:38,Water the Seeds (red),1,0
277,Zen,2024-06-10T18:06:38,Battlefront Bastion (yellow),1,0
277,Zen,2024-06-10T18:06:38,Fact-Finding Mission (yellow),1,0
277,Zen,2024-06-10T18:06:38,Harmony of the Hunt (yellow),1,0
277,Zen,2024-06-10T18:06:38,Pouncing Qi (yellow),1,0
277,Zen,2024-06-10T18:06:38,Wind Chakra (yellow),2,0
277,Zen,2024-06-10T18:06:38,Droplet (blue),2,0
277,Zen,2024-06-10T18:06:38,First Tenet of Chi: Tide (blue),1,0
277,Zen,2024-06-10T18:06:38,Harmony of the Hunt (blue),2,0
277,Zen,2024-06-10T18:06:38,Homage to Ancestors (blue),1,0
277,Zen,2024-06-10T18:06:38,Path Well Traveled (blue),1,0
277,Zen,2024-06-10T18:06:38,Preserve Tradition (blue),1,0
277,Zen,2024-06-10T18:06:38,Qi Unleashed (blue),1,0
277,Zen,2024-06-10T18:06:38,Rising Tide (blue),1,0
277,Zen,2024-06-10T18:06:38,Untamed (blue),1,0
277,Zen,2024-06-10T18:06:38,Water the Seeds (blue),1,0
277,Zen,2024-06-10T18:06:38,Wind Chakra (blue),1,0
277,Zen,2024-06-10T18:06:38,Wounding Blow (blue),1,0
277,Zen,2024-06-10T18:06:38,Skybody Keikoi,1,1
277,Zen,2024-06-10T18:06:38,Skyhold Keikoi,1,1
277,Zen,2024-06-10T18:06:38,Stride of Reprisal,1,1
278,Enigma,2024-06-10T19:51:22,Battlefront Bastion (red),1,0
278,Enigma,2024-06-10T19:51:22,Emissary of Wind (red),2,0
278,Enigma,2024-06-10T19:51:22,Essence of Ancestry: Body (red),1,0
278,Enigma,2024-06-10T19:51:22,Evasive Leap (red),1,0
278,Enigma,2024-06-10T19:51:22,Fact-Finding Mission (red),1,0
278,Enigma,2024-06-10T19:51:22,Nimble Strike (red),3,0
278,Enigma,2024-06-10T19:51:22,Nimblism (red),2,0
278,Enigma,2024-06-10T19:51:22,Spectral Manifestations (red),1,0
278,Enigma,2024-06-10T19:51:22,Water the Seeds (red),2,0
278,Enigma,2024-06-10T19:51:22,Sigil of Solitude (yellow),1,0
278,Enigma,2024-06-10T19:51:22,Single Minded Determination (yellow),1,0
278,Enigma,2024-06-10T19:51:22,Vengeful Apparition (yellow),1,0
278,Enigma,2024-06-10T19:51:22,Wounding Blow (yellow),1,0
278,Enigma,2024-06-10T19:51:22,Droplet (blue),3,0
278,Enigma,2024-06-10T19:51:22,First Tenet of Chi: Moon (blue),1,0
278,Enigma,2024-06-10T19:51:22,First Tenet of Chi: Tide (blue),1,0
278,Enigma,2024-06-10T19:51:22,First Tenet of Chi: Wind (blue),2,0
278,Enigma,2024-06-10T19:51:22,Nimblism (blue),1,0
278,Enigma,2024-06-10T19:51:22,Path Well Traveled (blue),1,0
278,Enigma,2024-06-10T19:51:22,Rising Tide (blue),1,0
278,Enigma,2024-06-10T19:51:22,Second Tenet of Chi: Moon (blue),1,0
278,Enigma,2024-06-10T19:51:22,Second Tenet of Chi: Tide (blue),1,0
278,Enigma,2024-06-10T19:51:22,Sigil of Solitude (blue),1,0
278,Enigma,2024-06-10T19:51:22,Spillover (blue),2,0
278,Enigma,2024-06-10T19:51:22,Tidal Surge (blue),1,0
278,Enigma,2024-06-10T19:51:22,Water the Seeds (blue),1,0
278,Enigma,2024-06-10T19:51:22,Wounding Blow (blue),1,0
278,Enigma,2024-06-10T19:51:22,Heirloom of Rabbit Hide,1,1
278,Enigma,2024-06-10T19:51:22,Skycrest Keikoi,1,1
279,Zen,2024-06-10T21:48:09,Biting Breeze (red),2,0
279,Zen,2024-06-10T21:48:09,Companion of the Claw (red),1,0
279,Zen,2024-06-10T21:48:09,Flex Claws (red),4,0
279,Zen,2024-06-10T21:48:09,Harmony of the Hunt (red),1,0
279,Zen,2024-06-10T21:48:09,Nimblism (red),1,0
279,Zen,2024-06-10T21:48:09,Pouncing Qi (red),2,0
279,Zen,2024-06-10T21:48:09,Tiger Form Incantation (red),1,0
279,Zen,2024-06-10T21:48:09,Untamed (red),3,0
279,Zen,2024-06-10T21:48:09,Wind Chakra (red),1,0
279,Zen,2024-06-10T21:48:09,Biting Breeze (yellow),1,0
279,Zen,2024-06-10T21:48:09,Breed Anger (yellow),1,0
279,Zen,2024-06-10T21:48:09,Flex Claws (yellow),1,0
279,Zen,2024-06-10T21:48:09,Wind Chakra (yellow),1,0
279,Zen,2024-06-10T21:48:09,Aspect of Tiger: Mind (blue),1,0
279,Zen,2024-06-10T21:48:09,Biting Breeze (blue),3,0
279,Zen,2024-06-10T21:48:09,Breed Anger (blue),1,0
279,Zen,2024-06-10T21:48:09,First Tenet of Chi: Moon (blue),1,0
279,Zen,2024-06-10T21:48:09,First Tenet of Chi: Tide (blue),2,0
279,Zen,2024-06-10T21:48:09,First Tenet of Chi: Wind (blue),1,0
279,Zen,2024-06-10T21:48:09,Harmony of the Hunt (blue),2,0
279,Zen,2024-06-10T21:48:09,Nimblism (blue),1,0
279,Zen,2024-06-10T21:48:09,Path Well Traveled (blue),1,0
279,Zen,2024-06-10T21:48:09,Pouncing Qi (blue),2,0
279,Zen,2024-06-10T21:48:09,"Rising Sun, Setting Moon (blue)",1,0
279,Zen,2024-06-10T21:48:09,Koi Blessed Kimono,1,1
279,Zen,2024-06-10T21:48:09,Stride of Reprisal,1,1
280,Zen,2024-06-10T21:51:09,Biting Breeze (red),1,0
280,Zen,2024-06-10T21:51:09,Harmony of the Hunt (red),1,0
280,Zen,2024-06-10T21:51:09,Nimble Strike (red),2,0
280,Zen,2024-06-10T21:51:09,Pouncing Qi (red),1,0
280,Zen,2024-06-10T21:51:09,Tiger Form Incantation (red),2,0
280,Zen,2024-06-10T21:51:09,Untamed (red),3,0
280,Zen,2024-06-10T21:51:09,Water the Seeds (red),1,0
280,Zen,2024-06-10T21:51:09,Battlefront Bastion (yellow),1,0
280,Zen,2024-06-10T21:51:09,Fact-Finding Mission (yellow),1,0
280,Zen,2024-06-10T21:51:09,Harmony of the Hunt (yellow),1,0
280,Zen,2024-06-10T21:51:09,Pouncing Qi (yellow),1,0
280,Zen,2024-06-10T21:51:09,Wind Chakra (yellow),2,0
280,Zen,2024-06-10T21:51:09,Droplet (blue),2,0
280,Zen,2024-06-10T21:51:09,First Tenet of Chi: Tide (blue),1,0
280,Zen,2024-06-10T21:51:09,Harmony of the Hunt (blue),2,0
280,Zen,2024-06-10T21:51:09,Homage to Ancestors (blue),1,0
280,Zen,2024-06-10T21:51:09,Path Well Traveled (blue),1,0
280,Zen,2024-06-10T21:51:09,Preserve Tradition (blue),1,0
280,Zen,2024-06-10T21:51:09,Qi Unleashed (blue),1,0
280,Zen,2024-06-10T21:51:09,Rising Tide (blue),1,0
280,Zen,2024-06-10T21:51:09,Untamed (blue),1,0
280,Zen,2024-06-10T21:51:09,Water the Seeds (blue),1,0
280,Zen,2024-06-10T21:51:09,Wind Chakra (blue),1,0
280,Zen,2024-06-10T21:51:09,Wounding Blow (blue),1,0
280,Zen,2024-06-10T21:51:09,Skybody Keikoi,1,1
280,Zen,2024-06-10T21:51:09,Skyhold Keikoi,1,1
280,Zen,2024-06-10T21:51:09,Stride of Reprisal,1,1
281,Zen,2024-06-10T22:35:52,Aspect of Tiger: Body (red),1,0
281,Zen,2024-06-10T22:35:52,Biting Breeze (red),2,0
281,Zen,2024-06-10T22:35:52,Blanch (red),1,0
281,Zen,2024-06-10T22:35:52,Blessing of Qi (red),1,0
281,Zen,2024-06-10T22:35:52,Breed Anger (red),1,0
281,Zen,2024-06-10T22:35:52,Companion of the Claw (red),1,0
281,Zen,2024-06-10T22:35:52,Flex Claws (red),2,0
281,Zen,2024-06-10T22:35:52,Harmony of the Hunt (red),1,0
281,Zen,2024-06-10T22:35:52,Nimble Strike (red),2,0
281,Zen,2024-06-10T22:35:52,Pouncing Qi (red),1,0
281,Zen,2024-06-10T22:35:52,Tiger Form Incantation (red),2,0
281,Zen,2024-06-10T22:35:52,Untamed (red),1,0
281,Zen,2024-06-10T22:35:52,Breed Anger (yellow),1,0
281,Zen,2024-06-10T22:35:52,Harmony of the Hunt (yellow),1,0
281,Zen,2024-06-10T22:35:52,Nimble Strike (yellow),1,0
281,Zen,2024-06-10T22:35:52,Nimblism (yellow),2,0
281,Zen,2024-06-10T22:35:52,Pouncing Qi (yellow),1,0
281,Zen,2024-06-10T22:35:52,Tiger Form Incantation (yellow),1,0
281,Zen,2024-06-10T22:35:52,Biting Breeze (blue),1,0
281,Zen,2024-06-10T22:35:52,Breed Anger (blue),2,0
281,Zen,2024-06-10T22:35:52,Companion of the Claw (blue),1,0
281,Zen,2024-06-10T22:35:52,Harmony of the Hunt (blue),2,0
281,Zen,2024-06-10T22:35:52,Pouncing Qi (blue),2,0
281,Zen,2024-06-10T22:35:52,Preserve Tradition (blue),1,0
281,Zen,2024-06-10T22:35:52,The Grain that Tips the Scale (blue),1,0
281,Zen,2024-06-10T22:35:52,Tiger Form Incantation (blue),1,0
281,Zen,2024-06-10T22:35:52,Untamed (blue),1,0
281,Zen,2024-06-10T22:35:52,Koi Blessed Kimono,1,1
281,Zen,2024-06-10T22:35:52,Mask of Wizened Whiskers,1,1
281,Zen,2024-06-10T22:35:52,Skyhold Keikoi,1,1
281,Zen,2024-06-10T22:35:52,Skywalker Keikoi,1,1
282,Nuu,2024-06-11T01:30:15,Art of Desire: Body (red),1,0
282,Nuu,2024-06-11T01:30:15,Battlefront Bastion (red),1,0
282,Nuu,2024-06-11T01:30:15,Bonds of Memory (red),2,0
282,Nuu,2024-06-11T01:30:15,Hiss (red),2,0
282,Nuu,2024-06-11T01:30:15,Impulsive Desire (red),1,0
282,Nuu,2024-06-11T01:30:15,Mind's Desire (red),2,0
282,Nuu,2024-06-11T01:30:15,Pick to Pieces (red),2,0
282,Nuu,2024-06-11T01:30:15,Venomous Bite (red),1,0
282,Nuu,2024-06-11T01:30:15,Art of Desire: Soul (yellow),1,0
282,Nuu,2024-06-11T01:30:15,Desires of Flesh (yellow),1,0
282,Nuu,2024-06-11T01:30:15,Pick to Pieces (yellow),1,0
282,Nuu,2024-06-11T01:30:15,Venomous Bite (yellow),2,0
282,Nuu,2024-06-11T01:30:15,Art of Desire: Mind (blue),1,0
282,Nuu,2024-06-11T01:30:15,Bonds of Attraction (blue),1,0
282,Nuu,2024-06-11T01:30:15,Bonds of Memory (blue),1,0
282,Nuu,2024-06-11T01:30:15,Desires of Flesh (blue),2,0
282,Nuu,2024-06-11T01:30:15,Double Trouble (blue),1,0
282,Nuu,2024-06-11T01:30:15,Hiss (blue),1,0
282,Nuu,2024-06-11T01:30:15,Homage to Ancestors (blue),1,0
282,Nuu,2024-06-11T01:30:15,Intimate Inducement (blue),1,0
282,Nuu,2024-06-11T01:30:15,Mind's Desire (blue),1,0
282,Nuu,2024-06-11T01:30:15,Persuasive Prognosis (blue),1,0
282,Nuu,2024-06-11T01:30:15,Pick to Pieces (blue),2,0
282,Nuu,2024-06-11T01:30:15,Preserve Tradition (blue),1,0
282,Nuu,2024-06-11T01:30:15,Spillover (blue),1,0
282,Nuu,2024-06-11T01:30:15,The Grain that Tips the Scale (blue),1,0
282,Nuu,2024-06-11T01:30:15,Venomous Bite (blue),1,0
282,Nuu,2024-06-11T01:30:15,Koi Blessed Kimono,1,1
282,Nuu,2024-06-11T01:30:15,Skycrest Keikoi,1,1
282,Nuu,2024-06-11T01:30:15,Undertow Stilettos,1,1
283,Enigma,2024-06-11T04:49:37,Astral Etchings (red),1,0
283,Enigma,2024-06-11T04:49:37,Battlefront Bastion (red),2,0
283,Enigma,2024-06-11T04:49:37,Haze Shelter (red),1,0
283,Enigma,2024-06-11T04:49:37,Moon Chakra (red),1,0
283,Enigma,2024-06-11T04:49:37,Sigil of Solitude (red),2,0
283,Enigma,2024-06-11T04:49:37,Single Minded Determination (red),1,0
283,Enigma,2024-06-11T04:49:37,Solitary Companion (red),2,0
283,Enigma,2024-06-11T04:49:37,Waning Vengeance (red),2,0
283,Enigma,2024-06-11T04:49:37,Waxing Specter (red),1,0
283,Enigma,2024-06-11T04:49:37,Gravekeeping (yellow),1,0
283,Enigma,2024-06-11T04:49:37,Moon Chakra (yellow),1,0
283,Enigma,2024-06-11T04:49:37,Sigil of Solitude (yellow),1,0
283,Enigma,2024-06-11T04:49:37,Single Minded Determination (yellow),1,0
283,Enigma,2024-06-11T04:49:37,Solitary Companion (yellow),1,0
283,Enigma,2024-06-11T04:49:37,Spectral Manifestations (yellow),2,0
283,Enigma,2024-06-11T04:49:37,Waxing Specter (yellow),1,0
283,Enigma,2024-06-11T04:49:37,A Drop in the Ocean (blue),2,0
283,Enigma,2024-06-11T04:49:37,First Tenet of Chi: Moon (blue),1,0
283,Enigma,2024-06-11T04:49:37,Haze Shelter (blue),1,0
283,Enigma,2024-06-11T04:49:37,Homage to Ancestors (blue),1,0
283,Enigma,2024-06-11T04:49:37,Preserve Tradition (blue),1,0
283,Enigma,2024-06-11T04:49:37,Rising Tide (blue),2,0
283,Enigma,2024-06-11T04:49:37,Second Tenet of Chi: Tide (blue),1,0
283,Enigma,2024-06-11T04:49:37,Spectral Manifestations (blue),1,0
283,Enigma,2024-06-11T04:49:37,Spillover (blue),1,0
283,Enigma,2024-06-11T04:49:37,Stir the Pot (blue),1,0
283,Enigma,2024-06-11T04:49:37,Tidal Surge (blue),1,0
283,Enigma,2024-06-11T04:49:37,Vengeful Apparition (blue),1,0
283,Enigma,2024-06-11T04:49:37,Waning Vengeance (blue),2,0
283,Enigma,2024-06-11T04:49:37,Wash Away (blue),1,0
283,Enigma,2024-06-11T04:49:37,Aqua Laps,1,1
283,Enigma,2024-06-11T04:49:37,Aqua Seeing Shell,1,1
283,Enigma,2024-06-11T04:49:37,Koi Blessed Kimono,1,1
283,Enigma,2024-06-11T04:49:37,Uphold Tradition,1,1
284,Enigma,2024-06-11T12:23:05,Emissary of Wind (red),1,0
284,Enigma,2024-06-11T12:23:05,Essence of Ancestry: Body (red),1,0
284,Enigma,2024-06-11T12:23:05,Evasive Leap (red),1,0
284,Enigma,2024-06-11T12:23:05,Fact-Finding Mission (red),1,0
284,Enigma,2024-06-11T12:23:05,Haze Shelter (red),2,0
284,Enigma,2024-06-11T12:23:05,Sigil of Solitude (red),1,0
284,Enigma,2024-06-11T12:23:05,Single Minded Determination (red),1,0
284,Enigma,2024-06-11T12:23:05,Solitary Companion (red),3,0
284,Enigma,2024-06-11T12:23:05,Spectral Manifestations (red),2,0
284,Enigma,2024-06-11T12:23:05,Waning Vengeance (red),2,0
284,Enigma,2024-06-11T12:23:05,Waxing Specter (red),1,0
284,Enigma,2024-06-11T12:23:05,Astral Etchings (yellow),1,0
284,Enigma,2024-06-11T12:23:05,Battlefront Bastion (yellow),1,0
284,Enigma,2024-06-11T12:23:05,Evasive Leap (yellow),1,0
284,Enigma,2024-06-11T12:23:05,Spectral Manifestations (yellow),1,0
284,Enigma,2024-06-11T12:23:05,Vengeful Apparition (yellow),1,0
284,Enigma,2024-06-11T12:23:05,Big Blue Sky (blue),1,0
284,Enigma,2024-06-11T12:23:05,First Tenet of Chi: Tide (blue),1,0
284,Enigma,2024-06-11T12:23:05,Preserve Tradition (blue),2,0
284,Enigma,2024-06-11T12:23:05,Sigil of Solitude (blue),2,0
284,Enigma,2024-06-11T12:23:05,Single Minded Determination (blue),1,0
284,Enigma,2024-06-11T12:23:05,Solitary Companion (blue),1,0
284,Enigma,2024-06-11T12:23:05,Spectral Manifestations (blue),1,0
284,Enigma,2024-06-11T12:23:05,Vengeful Apparition (blue),3,0
284,Enigma,2024-06-11T12:23:05,Wash Away (blue),1,0
284,Enigma,2024-06-11T12:23:05,Wounding Blow (blue),2,0
284,Enigma,2024-06-11T12:23:05,Aqua Seeing Shell,1,1
284,Enigma,2024-06-11T12:23:05,Skyhold Keikoi,1,1
284,Enigma,2024-06-11T12:23:05,Uphold Tradition,1,1
285,Nuu,2024-06-11T12:49:45,Bonds of Memory (red),2,0
285,Nuu,2024-06-11T12:49:45,Desires of Flesh (red),1,0
285,Nuu,2024-06-11T12:49:45,Double Trouble (red),2,0
285,Nuu,2024-06-11T12:49:45,Hiss (red),1,0
285,Nuu,2024-06-11T12:49:45,Impulsive Desire (red),1,0
285,Nuu,2024-06-11T12:49:45,Just a Nick (red),1,0
285,Nuu,2024-06-11T12:49:45,Pick to Pieces (red),1,0
285,Nuu,2024-06-11T12:49:45,Venomous Bite (red),3,0
285,Nuu,2024-06-11T12:49:45,Double Trouble (yellow),1,0
285,Nuu,2024-06-11T12:49:45,Pick to Pieces (yellow),1,0
285,Nuu,2024-06-11T12:49:45,Water the Seeds (yellow),1,0
285,Nuu,2024-06-11T12:49:45,A Drop in the Ocean (blue),1,0
285,Nuu,2024-06-11T12:49:45,Big Blue Sky (blue),1,0
285,Nuu,2024-06-11T12:49:45,Double Trouble (blue),1,0
285,Nuu,2024-06-11T12:49:45,Droplet (blue),2,0
285,Nuu,2024-06-11T12:49:45,Hiss (blue),2,0
285,Nuu,2024-06-11T12:49:45,Impulsive Desire (blue),1,0
285,Nuu,2024-06-11T12:49:45,Intimate Inducement (blue),1,0
285,Nuu,2024-06-11T12:49:45,Mind's Desire (blue),1,0
285,Nuu,2024-06-11T12:49:45,Nimblism (blue),1,0
285,Nuu,2024-06-11T12:49:45,Pass Over (blue),1,0
285,Nuu,2024-06-11T12:49:45,Preserve Tradition (blue),1,0
285,Nuu,2024-06-11T12:49:45,Rising Tide (blue),1,0
285,Nuu,2024-06-11T12:49:45,Stir the Pot (blue),1,0
285,Nuu,2024-06-11T12:49:45,Tidal Surge (blue),1,0
285,Nuu,2024-06-11T12:49:45,Tide Chakra (blue),1,0
285,Nuu,2024-06-11T12:49:45,Wounding Blow (blue),1,0
285,Nuu,2024-06-11T12:49:45,Aqua Laps,1,1
285,Nuu,2024-06-11T12:49:45,Arousing Wave,1,1
285,Nuu,2024-06-11T12:49:45,Koi Blessed Kimono,1,1
285,Nuu,2024-06-11T12:49:45,Skybody Keikoi,1,1
286,Nuu,2024-06-11T15:24:51,Bonds of Memory (red),2,0
286,Nuu,2024-06-11T15:24:51,Desires of Flesh (red),1,0
286,Nuu,2024-06-11T15:24:51,Hiss (red),2,0
286,Nuu,2024-06-11T15:24:51,Intimate Inducement (red),2,0
286,Nuu,2024-06-11T15:24:51,Venomous Bite (red),2,0
286,Nuu,2024-06-11T15:24:51,Bonds of Attraction (yellow),1,0
286,Nuu,2024-06-11T15:24:51,Hiss (yellow),1,0
286,Nuu,2024-06-11T15:24:51,Impulsive Desire (yellow),2,0
286,Nuu,2024-06-11T15:24:51,Battlefront Bastion (blue),1,0
286,Nuu,2024-06-11T15:24:51,Blanch (blue),1,0
286,Nuu,2024-06-11T15:24:51,Bonds of Attraction (blue),1,0
286,Nuu,2024-06-11T15:24:51,Bonds of Memory (blue),2,0
286,Nuu,2024-06-11T15:24:51,Desires of Flesh (blue),1,0
286,Nuu,2024-06-11T15:24:51,Double Trouble (blue),2,0
286,Nuu,2024-06-11T15:24:51,Droplet (blue),1,0
286,Nuu,2024-06-11T15:24:51,First Tenet of Chi: Tide (blue),2,0
286,Nuu,2024-06-11T15:24:51,Homage to Ancestors (blue),1,0
286,Nuu,2024-06-11T15:24:51,Levels of Enlightenment (blue),1,0
286,Nuu,2024-06-11T15:24:51,Mind's Desire (blue),1,0
286,Nuu,2024-06-11T15:24:51,Path Well Traveled (blue),1,0
286,Nuu,2024-06-11T15:24:51,Pick to Pieces (blue),1,0
286,Nuu,2024-06-11T15:24:51,Preserve Tradition (blue),1,0
286,Nuu,2024-06-11T15:24:51,Rising Tide (blue),1,0
286,Nuu,2024-06-11T15:24:51,Second Tenet of Chi: Wind (blue),1,0
286,Nuu,2024-06-11T15:24:51,Stir the Pot (blue),1,0
286,Nuu,2024-06-11T15:24:51,Wash Away (blue),1,0
286,Nuu,2024-06-11T15:24:51,Aqua Laps,1,1
286,Nuu,2024-06-11T15:24:51,Heirloom of Snake Hide,1,1
286,Nuu,2024-06-11T15:24:51,Skybody Keikoi,1,1
286,Nuu,2024-06-11T15:24:51,Skycrest Keikoi,1,1
286,Nuu,2024-06-11T15:24:51,Waves of Aqua Marine,1,1
287,Enigma,2024-06-11T18:13:45,Emissary of Moon (red),1,0
287,Enigma,2024-06-11T18:13:45,Haze Shelter (red),3,0
287,Enigma,2024-06-11T18:13:45,Sigil of Solitude (red),1,0
287,Enigma,2024-06-11T18:13:45,Single Minded Determination (red),1,0
287,Enigma,2024-06-11T18:13:45,Spectral Manifestations (red),2,0
287,Enigma,2024-06-11T18:13:45,Water the Seeds (red),1,0
287,Enigma,2024-06-11T18:13:45,Waxing Specter (red),1,0
287,Enigma,2024-06-11T18:13:45,Fact-Finding Mission (yellow),1,0
287,Enigma,2024-06-11T18:13:45,Sigil of Solitude (yellow),1,0
287,Enigma,2024-06-11T18:13:45,Wounding Blow (yellow),1,0
287,Enigma,2024-06-11T18:13:45,A Drop in the Ocean (blue),4,0
287,Enigma,2024-06-11T18:13:45,Astral Etchings (blue),1,0
287,Enigma,2024-06-11T18:13:45,Big Blue Sky (blue),1,0
287,Enigma,2024-06-11T18:13:45,Deep Blue Sea (blue),1,0
287,Enigma,2024-06-11T18:13:45,First Tenet of Chi: Moon (blue),1,0
287,Enigma,2024-06-11T18:13:45,First Tenet of Chi: Wind (blue),2,0
287,Enigma,2024-06-11T18:13:45,Homage to Ancestors (blue),1,0
287,Enigma,2024-06-11T18:13:45,Moon Chakra (blue),1,0
287,Enigma,2024-06-11T18:13:45,Nimblism (blue),1,0
287,Enigma,2024-06-11T18:13:45,Preserve Tradition (blue),1,0
287,Enigma,2024-06-11T18:13:45,Single Minded Determination (blue),1,0
287,Enigma,2024-06-11T18:13:45,Solitary Companion (blue),2,0
287,Enigma,2024-06-11T18:13:45,Spillover (blue),1,0
287,Enigma,2024-06-11T18:13:45,Water the Seeds (blue),1,0
287,Enigma,2024-06-11T18:13:45,Waxing Specter (blue),2,0
287,Enigma,2024-06-11T18:13:45,Wide Blue Yonder (blue),2,0
287,Enigma,2024-06-11T18:13:45,Aqua Seeing Shell,1,1
287,Enigma,2024-06-11T18:13:45,Skybody Keikoi,1,1
287,Enigma,2024-06-11T18:13:45,Skywalker Keikoi,1,1
287,Enigma,2024-06-11T18:13:45,Uphold Tradition,1,1
288,Nuu,2024-06-11T19:06:42,Battlefront Bastion (red),1,0
288,Nuu,2024-06-11T19:06:42,Blanch (red),1,0
288,Nuu,2024-06-11T19:06:42,Bonds of Attraction (red),1,0
288,Nuu,2024-06-11T19:06:42,Bonds of Memory (red),2,0
288,Nuu,2024-06-11T19:06:42,Double Trouble (red),1,0
288,Nuu,2024-06-11T19:06:42,Evasive Leap (red),1,0
288,Nuu,2024-06-11T19:06:42,Hiss (red),1,0
288,Nuu,2024-06-11T19:06:42,Impulsive Desire (red),3,0
288,Nuu,2024-06-11T19:06:42,Mind's Desire (red),1,0
288,Nuu,2024-06-11T19:06:42,Pick to Pieces (red),2,0
288,Nuu,2024-06-11T19:06:42,Tide Chakra (red),1,0
288,Nuu,2024-06-11T19:06:42,Venomous Bite (red),1,0
288,Nuu,2024-06-11T19:06:42,Wounding Blow (red),1,0
288,Nuu,2024-06-11T19:06:42,Battlefront Bastion (yellow),1,0
288,Nuu,2024-06-11T19:06:42,Bonds of Memory (yellow),2,0
288,Nuu,2024-06-11T19:06:42,Desires of Flesh (yellow),2,0
288,Nuu,2024-06-11T19:06:42,Hiss (yellow),1,0
288,Nuu,2024-06-11T19:06:42,Pick to Pieces (yellow),1,0
288,Nuu,2024-06-11T19:06:42,Venomous Bite (yellow),1,0
288,Nuu,2024-06-11T19:06:42,Bonds of Attraction (blue),1,0
288,Nuu,2024-06-11T19:06:42,Bonds of Memory (blue),1,0
288,Nuu,2024-06-11T19:06:42,Desires of Flesh (blue),1,0
288,Nuu,2024-06-11T19:06:42,Hiss (blue),1,0
288,Nuu,2024-06-11T19:06:42,Impulsive Desire (blue),2,0
288,Nuu,2024-06-11T19:06:42,Intimate Inducement (blue),1,0
288,Nuu,2024-06-11T19:06:42,Pass Over (blue),1,0
288,Nuu,2024-06-11T19:06:42,Stir the Pot (blue),1,0
288,Nuu,2024-06-11T19:06:42,The Grain that Tips the Scale (blue),1,0
288,Nuu,2024-06-11T19:06:42,Tide Chakra (blue),1,0
288,Nuu,2024-06-11T19:06:42,Venomous Bite (blue),1,0
288,Nuu,2024-06-11T19:06:42,Arousing Wave,1,1
288,Nuu,2024-06-11T19:06:42,Heirloom of Snake Hide,1,1
289,Zen,2024-06-11T21:09:08,Aspect of Tiger: Body (red),1,0
289,Zen,2024-06-11T21:09:08,Battlefront Bastion (red),1,0
289,Zen,2024-06-11T21:09:08,Biting Breeze (red),1,0
289,Zen,2024-06-11T21:09:08,Breed Anger (red),1,0
289,Zen,2024-06-11T21:09:08,Fact-Finding Mission (red),1,0
289,Zen,2024-06-11T21:09:08,Harmony of the Hunt (red),2,0
289,Zen,2024-06-11T21:09:08,Nimble Strike (red),1,0
289,Zen,2024-06-11T21:09:08,Nimblism (red),1,0
289,Zen,2024-06-11T21:09:08,Tiger Form Incantation (red),2,0
289,Zen,2024-06-11T21:09:08,Untamed (red),1,0
289,Zen,2024-06-11T21:09:08,Water the Seeds (red),2,0
289,Zen,2024-06-11T21:09:08,Wind Chakra (red),2,0
289,Zen,2024-06-11T21:09:08,Aspect of Tiger: Soul (yellow),1,0
289,Zen,2024-06-11T21:09:08,Blessing of Qi (yellow),2,0
289,Zen,2024-06-11T21:09:08,Breed Anger (yellow),1,0
289,Zen,2024-06-11T21:09:08,Tiger Form Incantation (yellow),1,0
289,Zen,2024-06-11T21:09:08,Water the Seeds (yellow),1,0
289,Zen,2024-06-11T21:09:08,Biting Breeze (blue),2,0
289,Zen,2024-06-11T21:09:08,Breed Anger (blue),1,0
289,Zen,2024-06-11T21:09:08,First Tenet of Chi: Tide (blue),1,0
289,Zen,2024-06-11T21:09:08,Harmony of the Hunt (blue),2,0
289,Zen,2024-06-11T21:09:08,Pouncing Qi (blue),1,0
289,Zen,2024-06-11T21:09:08,Spillover (blue),1,0
289,Zen,2024-06-11T21:09:08,Tiger Form Incantation (blue),1,0
289,Zen,2024-06-11T21:09:08,Untamed (blue),2,0
289,Zen,2024-06-11T21:09:08,Wounding Blow (blue),2,0
289,Zen,2024-06-11T21:09:08,Aqua Seeing Shell,1,1
289,Zen,2024-06-11T21:09:08,Heirloom of Tiger Hide,1,1
289,Zen,2024-06-11T21:09:08,Skybody Keikoi,1,1
289,Zen,2024-06-11T21:09:08,Stride of Reprisal,1,1
290,Zen,2024-06-11T21:42:57,Breed Anger (red),2,0
290,Zen,2024-06-11T21:42:57,Companion of the Claw (red),1,0
290,Zen,2024-06-11T21:42:57,Emissary of Tides (red),1,0
290,Zen,2024-06-11T21:42:57,Evasive Leap (red),1,0
290,Zen,2024-06-11T21:42:57,Flex Claws (red),2,0
290,Zen,2024-06-11T21:42:57,Harmony of the Hunt (red),1,0
290,Zen,2024-06-11T21:42:57,Pouncing Qi (red),1,0
290,Zen,2024-06-11T21:42:57,Qi Unleashed (red),1,0
290,Zen,2024-06-11T21:42:57,Tiger Form Incantation (red),2,0
290,Zen,2024-06-11T21:42:57,Untamed (red),1,0
290,Zen,2024-06-11T21:42:57,Wind Chakra (red),1,0
290,Zen,2024-06-11T21:42:57,Wounding Blow (red),1,0
290,Zen,2024-06-11T21:42:57,Companion of the Claw (yellow),1,0
290,Zen,2024-06-11T21:42:57,Fact-Finding Mission (yellow),1,0
290,Zen,2024-06-11T21:42:57,Tiger Form Incantation (yellow),1,0
290,Zen,2024-06-11T21:42:57,Wounding Blow (yellow),1,0
290,Zen,2024-06-11T21:42:57,Biting Breeze (blue),1,0
290,Zen,2024-06-11T21:42:57,Companion of the Claw (blue),1,0
290,Zen,2024-06-11T21:42:57,First Tenet of Chi: Moon (blue),1,0
290,Zen,2024-06-11T21:42:57,Flex Claws (blue),3,0
290,Zen,2024-06-11T21:42:57,Harmony of the Hunt (blue),1,0
290,Zen,2024-06-11T21:42:57,Homage to Ancestors (blue),1,0
290,Zen,2024-06-11T21:42:57,Path Well Traveled (blue),1,0
290,Zen,2024-06-11T21:42:57,Pouncing Qi (blue),3,0
290,Zen,2024-06-11T21:42:57,Preserve Tradition (blue),1,0
290,Zen,2024-06-11T21:42:57,Qi Unleashed (blue),1,0
290,Zen,2024-06-11T21:42:57,"Rising Sun, Setting Moon (blue)",1,0
290,Zen,2024-06-11T21:42:57,The Grain that Tips the Scale (blue),1,0
290,Zen,2024-06-11T21:42:57,Tiger Form Incantation (blue),1,0
290,Zen,2024-06-11T21:42:57,Heirloom of Tiger Hide,1,1
290,Zen,2024-06-11T21:42:57,Skyhold Keikoi,1,1
290,Zen,2024-06-11T21:42:57,Stride of Reprisal,1,1
291,Nuu,2024-06-11T23:41:47,Bonds of Attraction (red),1,0
291,Nuu,2024-06-11T23:41:47,Bonds of Memory (red),1,0
291,Nuu,2024-06-11T23:41:47,Double Trouble (red),1,0
291,Nuu,2024-06-11T23:41:47,Impulsive Desire (red),2,0
291,Nuu,2024-06-11T23:41:47,Intimate Inducement (red),1,0
291,Nuu,2024-06-11T23:41:47,Just a Nick (red),1,0
291,Nuu,2024-06-11T23:41:47,Mind's Desire (red),1,0
291,Nuu,2024-06-11T23:41:47,Pick to Pieces (red),2,0
291,Nuu,2024-06-11T23:41:47,Venomous Bite (red),1,0
291,Nuu,2024-06-11T23:41:47,Wounding Blow (red),1,0
291,Nuu,2024-06-11T23:41:47,Bonds of Attraction (yellow),1,0
291,Nuu,2024-06-11T23:41:47,Double Trouble (yellow),1,0
291,Nuu,2024-06-11T23:41:47,Mind's Desire (yellow),1,0
291,Nuu,2024-06-11T23:41:47,Blanch (blue),1,0
291,Nuu,2024-06-11T23:41:47,Bonds of Memory (blue),1,0
291,Nuu,2024-06-11T23:41:47,Desires of Flesh (blue),2,0
291,Nuu,2024-06-11T23:41:47,First Tenet of Chi: Moon (blue),1,0
291,Nuu,2024-06-11T23:41:47,Homage to Ancestors (blue),1,0
291,Nuu,2024-06-11T23:41:47,Impulsive Desire (blue),1,0
291,Nuu,2024-06-11T23:41:47,Intimate Inducement (blue),2,0
291,Nuu,2024-06-11T23:41:47,Mind's Desire (blue),2,0
291,Nuu,2024-06-11T23:41:47,Pass Over (blue),1,0
291,Nuu,2024-06-11T23:41:47,Path Well Traveled (blue),2,0
291,Nuu,2024-06-11T23:41:47,Pick to Pieces (blue),1,0
291,Nuu,2024-06-11T23:41:47,Venomous Bite (blue),1,0
291,Nuu,2024-06-11T23:41:47,Wash Away (blue),1,0
291,Nuu,2024-06-11T23:41:47,Wounding Blow (blue),1,0
291,Nuu,2024-06-11T23:41:47,Arousing Wave,1,1
291,Nuu,2024-06-11T23:41:47,Skycrest Keikoi,1,1
291,Nuu,2024-06-11T23:41:47,Undertow Stilettos,1,1
292,Zen,2024-06-12T00:55:27,Biting Breeze (red),3,0
292,Zen,2024-06-12T00:55:27,Blanch (red),2,0
292,Zen,2024-06-12T00:55:27,Breed Anger (red),3,0
292,Zen,2024-06-12T00:55:27,Evasive Leap (red),1,0
292,Zen,2024-06-12T00:55:27,Flex Claws (red),1,0
292,Zen,2024-06-12T00:55:27,Harmony of the Hunt (red),1,0
292,Zen,2024-06-12T00:55:27,Pouncing Qi (red),2,0
292,Zen,2024-06-12T00:55:27,Qi Unleashed (red),1,0
292,Zen,2024-06-12T00:55:27,Tiger Form Incantation (red),2,0
292,Zen,2024-06-12T00:55:27,Untamed (yellow),1,0
292,Zen,2024-06-12T00:55:27,Aspect of Tiger: Mind (blue),1,0
292,Zen,2024-06-12T00:55:27,Biting Breeze (blue),1,0
292,Zen,2024-06-12T00:55:27,Breed Anger (blue),1,0
292,Zen,2024-06-12T00:55:27,Companion of the Claw (blue),1,0
292,Zen,2024-06-12T00:55:27,Droplet (blue),2,0
292,Zen,2024-06-12T00:55:27,Flex Claws (blue),1,0
292,Zen,2024-06-12T00:55:27,Harmony of the Hunt (blue),2,0
292,Zen,2024-06-12T00:55:27,Homage to Ancestors (blue),1,0
292,Zen,2024-06-12T00:55:27,Pass Over (blue),1,0
292,Zen,2024-06-12T00:55:27,Path Well Traveled (blue),1,0
292,Zen,2024-06-12T00:55:27,Pouncing Qi (blue),2,0
292,Zen,2024-06-12T00:55:27,Spillover (blue),1,0
292,Zen,2024-06-12T00:55:27,Stir the Pot (blue),1,0
292,Zen,2024-06-12T00:55:27,Tiger Form Incantation (blue),2,0
292,Zen,2024-06-12T00:55:27,Untamed (blue),1,0
292,Zen,2024-06-12T00:55:27,Wind Chakra (blue),1,0
292,Zen,2024-06-12T00:55:27,Heirloom of Tiger Hide,1,1
292,Zen,2024-06-12T00:55:27,Koi Blessed Kimono,1,1
292,Zen,2024-06-12T00:55:27,Mask of Wizened Whiskers,1,1
292,Zen,2024-06-12T00:55:27,Skyhold Keikoi,1,1
292,Zen,2024-06-12T00:55:27,Stride of Reprisal,1,1
293,Enigma,2024-06-12T02:00:43,Astral Etchings (red),1,0
293,Enigma,2024-06-12T02:00:43,Haze Shelter (red),3,0
293,Enigma,2024-06-12T02:00:43,Single Minded Determination (red),1,0
293,Enigma,2024-06-12T02:00:43,Vengeful Apparition (red),2,0
293,Enigma,2024-06-12T02:00:43,Waning Vengeance (red),2,0
293,Enigma,2024-06-12T02:00:43,Waxing Specter (red),1,0
293,Enigma,2024-06-12T02:00:43,Fact-Finding Mission (yellow),1,0
293,Enigma,2024-06-12T02:00:43,Haze Shelter (yellow),1,0
293,Enigma,2024-06-12T02:00:43,Single Minded Determination (yellow),1,0
293,Enigma,2024-06-12T02:00:43,Waxing Specter (yellow),2,0
293,Enigma,2024-06-12T02:00:43,Astral Etchings (blue),1,0
293,Enigma,2024-06-12T02:00:43,Blanch (blue),1,0
293,Enigma,2024-06-12T02:00:43,Dense Blue Mist (blue),1,0
293,Enigma,2024-06-12T02:00:43,Evasive Leap (blue),1,0
293,Enigma,2024-06-12T02:00:43,Fact-Finding Mission (blue),1,0
293,Enigma,2024-06-12T02:00:43,First Tenet of Chi: Moon (blue),1,0
293,Enigma,2024-06-12T02:00:43,First Tenet of Chi: Wind (blue),2,0
293,Enigma,2024-06-12T02:00:43,Haunting Specter (blue),1,0
293,Enigma,2024-06-12T02:00:43,Path Well Traveled (blue),2,0
293,Enigma,2024-06-12T02:00:43,Rage Specter (blue),1,0
293,Enigma,2024-06-12T02:00:43,Sigil of Solitude (blue),1,0
293,Enigma,2024-06-12T02:00:43,Solitary Companion (blue),2,0
293,Enigma,2024-06-12T02:00:43,Spectral Manifestations (blue),2,0
293,Enigma,2024-06-12T02:00:43,The Grain that Tips the Scale (blue),1,0
293,Enigma,2024-06-12T02:00:43,Tidal Surge (blue),1,0
293,Enigma,2024-06-12T02:00:43,Wash Away (blue),1,0
293,Enigma,2024-06-12T02:00:43,Koi Blessed Kimono,1,1
293,Enigma,2024-06-12T02:00:43,Skyhold Keikoi,1,1
293,Enigma,2024-06-12T02:00:43,Skywalker Keikoi,1,1
293,Enigma,2024-06-12T02:00:43,Truths Retold,1,1
294,Enigma,2024-06-12T05:48:29,"10,000 Year Reunion (red)",1,0
294,Enigma,2024-06-12T05:48:29,Astral Etchings (red),1,0
294,Enigma,2024-06-12T05:48:29,Battlefront Bastion (red),1,0
294,Enigma,2024-06-12T05:48:29,Haze Shelter (red),1,0
294,Enigma,2024-06-12T05:48:29,Solitary Companion (red),2,0
294,Enigma,2024-06-12T05:48:29,Spectral Manifestations (red),1,0
294,Enigma,2024-06-12T05:48:29,Vengeful Apparition (red),2,0
294,Enigma,2024-06-12T05:48:29,Waning Vengeance (red),2,0
294,Enigma,2024-06-12T05:48:29,Waxing Specter (red),1,0
294,Enigma,2024-06-12T05:48:29,Wounding Blow (red),1,0
294,Enigma,2024-06-12T05:48:29,Astral Etchings (yellow),1,0
294,Enigma,2024-06-12T05:48:29,Battlefront Bastion (yellow),3,0
294,Enigma,2024-06-12T05:48:29,Sigil of Solitude (yellow),1,0
294,Enigma,2024-06-12T05:48:29,Spectral Manifestations (yellow),1,0
294,Enigma,2024-06-12T05:48:29,Waxing Specter (yellow),1,0
294,Enigma,2024-06-12T05:48:29,A Drop in the Ocean (blue),2,0
294,Enigma,2024-06-12T05:48:29,Astral Etchings (blue),1,0
294,Enigma,2024-06-12T05:48:29,Droplet (blue),1,0
294,Enigma,2024-06-12T05:48:29,First Tenet of Chi: Moon (blue),1,0
294,Enigma,2024-06-12T05:48:29,Haze Shelter (blue),1,0
294,Enigma,2024-06-12T05:48:29,Nimblism (blue),1,0
294,Enigma,2024-06-12T05:48:29,Path Well Traveled (blue),1,0
294,Enigma,2024-06-12T05:48:29,"Rising Sun, Setting Moon (blue)",1,0
294,Enigma,2024-06-12T05:48:29,Sigil of Solitude (blue),1,0
294,Enigma,2024-06-12T05:48:29,Single Minded Determination (blue),1,0
294,Enigma,2024-06-12T05:48:29,Stir the Pot (blue),1,0
294,Enigma,2024-06-12T05:48:29,Vengeful Apparition (blue),1,0
294,Enigma,2024-06-12T05:48:29,Waning Vengeance (blue),1,0
294,Enigma,2024-06-12T05:48:29,Wounding Blow (blue),2,0
294,Enigma,2024-06-12T05:48:29,Aqua Seeing Shell,1,1
294,Enigma,2024-06-12T05:48:29,Heirloom of Rabbit Hide,1,1
294,Enigma,2024-06-12T05:48:29,Skywalker Keikoi,1,1
294,Enigma,2024-06-12T05:48:29,Truths Retold,1,1
295,Zen,2024-06-12T05:57:55,Biting Breeze (red),2,0
295,Zen,2024-06-12T05:57:55,Companion of the Claw (red),1,0
295,Zen,2024-06-12T05:57:55,Flex Claws (red),2,0
295,Zen,2024-06-12T05:57:55,Harmony of the Hunt (red),1,0
295,Zen,2024-06-12T05:57:55,Pouncing Qi (red),1,0
295,Zen,2024-06-12T05:57:55,Tiger Form Incantation (red),2,0
295,Zen,2024-06-12T05:57:55,Untamed (red),1,0
295,Zen,2024-06-12T05:57:55,Water the Seeds (red),1,0
295,Zen,2024-06-12T05:57:55,Wounding Blow (red),1,0
295,Zen,2024-06-12T05:57:55,Companion of the Claw (yellow),1,0
295,Zen,2024-06-12T05:57:55,Flex Claws (yellow),1,0
295,Zen,2024-06-12T05:57:55,Harmony of the Hunt (yellow),1,0
295,Zen,2024-06-12T05:57:55,Nimble Strike (yellow),1,0
295,Zen,2024-06-12T05:57:55,Pouncing Qi (yellow),1,0
295,Zen,2024-06-12T05:57:55,Tiger Form Incantation (yellow),1,0
295,Zen,2024-06-12T05:57:55,Wounding Blow (yellow),2,0
295,Zen,2024-06-12T05:57:55,A Drop in the Ocean (blue),1,0
295,Zen,2024-06-12T05:57:55,Aspect of Tiger: Mind (blue),1,0
295,Zen,2024-06-12T05:57:55,Blessing of Qi (blue),1,0
295,Zen,2024-06-12T05:57:55,Breed Anger (blue),1,0
295,Zen,2024-06-12T05:57:55,Companion of the Claw (blue),1,0
295,Zen,2024-06-12T05:57:55,Droplet (blue),1,0
295,Zen,2024-06-12T05:57:55,Evasive Leap (blue),1,0
295,Zen,2024-06-12T05:57:55,First Tenet of Chi: Wind (blue),1,0
295,Zen,2024-06-12T05:57:55,Flex Claws (blue),1,0
295,Zen,2024-06-12T05:57:55,Homage to Ancestors (blue),1,0
295,Zen,2024-06-12T05:57:55,Pouncing Qi (blue),1,0
295,Zen,2024-06-12T05:57:55,Second Tenet of Chi: Moon (blue),1,0
295,Zen,2024-06-12T05:57:55,Untamed (blue),2,0
295,Zen,2024-06-12T05:57:55,Koi Blessed Kimono,1,1
295,Zen,2024-06-12T05:57:55,Mask of Wizened Whiskers,1,1
295,Zen,2024-06-12T05:57:55,Stride of Reprisal,1,1
296,Nuu,2024-06-12T12:20:14,Art of Desire: Body (red),1,0
296,Nuu,2024-06-12T12:20:14,Blanch (red),1,0
296,Nuu,2024-06-12T12:20:14,Fact-Finding Mission (red),1,0
296,Nuu,2024-06-12T12:20:14,Hiss (red),2,0
296,Nuu,2024-06-12T12:20:14,Impulsive Desire (red),3,0
296,Nuu,2024-06-12T12:20:14,Intimate Inducement (red),1,0
296,Nuu,2024-06-12T12:20:14,Mind's Desire (red),1,0
296,Nuu,2024-06-12T12:20:14,Pick to Pieces (red),2,0
296,Nuu,2024-06-12T12:20:14,Wounding Blow (red),1,0
296,Nuu,2024-06-12T12:20:14,Desires of Flesh (yellow),2,0
296,Nuu,2024-06-12T12:20:14,Double Trouble (yellow),2,0
296,Nuu,2024-06-12T12:20:14,Gravekeeping (yellow),1,0
296,Nuu,2024-06-12T12:20:14,Intimate Inducement (yellow),1,0
296,Nuu,2024-06-12T12:20:14,Mind's Desire (yellow),1,0
296,Nuu,2024-06-12T12:20:14,Venomous Bite (yellow),1,0
296,Nuu,2024-06-12T12:20:14,Art of Desire: Mind (blue),2,0
296,Nuu,2024-06-12T12:20:14,Bonds of Attraction (blue),1,0
296,Nuu,2024-06-12T12:20:14,Bonds of Memory (blue),2,0
296,Nuu,2024-06-12T12:20:14,Desires of Flesh (blue),1,0
296,Nuu,2024-06-12T12:20:14,Hiss (blue),1,0
296,Nuu,2024-06-12T12:20:14,Intimate Inducement (blue),3,0
296,Nuu,2024-06-12T12:20:14,Mind's Desire (blue),1,0
296,Nuu,2024-06-12T12:20:14,Path Well Traveled (blue),1,0
296,Nuu,2024-06-12T12:20:14,"Rising Sun, Setting Moon (blue)",1,0
296,Nuu,2024-06-12T12:20:14,Spillover (blue),1,0
296,Nuu,2024-06-12T12:20:14,The Grain that Tips the Scale (blue),1,0
296,Nuu,2024-06-12T12:20:14,Venomous Bite (blue),1,0
296,Nuu,2024-06-12T12:20:14,Skybody Keikoi,1,1
296,Nuu,2024-06-12T12:20:14,Skyhold Keikoi,1,1
296,Nuu,2024-06-12T12:20:14,Undertow Stilettos,1,1
297,Zen,2024-06-12T13:58:32,Biting Breeze (red),1,0
297,Zen,2024-06-12T13:58:32,Blanch (red),1,0
297,Zen,2024-06-12T13:58:32,Chase the Tail (red),1,0
297,Zen,2024-06-12T13:58:32,Companion of the Claw (red),2,0
297,Zen,2024-06-12T13:58:32,Emissary of Moon (red),1,0
297,Zen,2024-06-12T13:58:32,Emissary of Tides (red),1,0
297,Zen,2024-06-12T13:58:32,Harmony of the Hunt (red),1,0
297,Zen,2024-06-12T13:58:32,Nimble Strike (red),1,0
297,Zen,2024-06-12T13:58:32,Pouncing Qi (red),1,0
297,Zen,2024-06-12T13:58:32,Tiger Form Incantation (red),1,0
297,Zen,2024-06-12T13:58:32,Wounding Blow (red),1,0
297,Zen,2024-06-12T13:58:32,Aspect of Tiger: Soul (yellow),1,0
297,Zen,2024-06-12T13:58:32,Biting Breeze (yellow),1,0
297,Zen,2024-06-12T13:58:32,Evasive Leap (yellow),1,0
297,Zen,2024-06-12T13:58:32,Pouncing Qi (yellow),1,0
297,Zen,2024-06-12T13:58:32,Wounding Blow (yellow),1,0
297,Zen,2024-06-12T13:58:32,Biting Breeze (blue),1,0
297,Zen,2024-06-12T13:58:32,Blessing of Qi (blue),1,0
297,Zen,2024-06-12T13:58:32,Dense Blue Mist (blue),1,0
297,Zen,2024-06-12T13:58:32,Evasive Leap (blue),1,0
297,Zen,2024-06-12T13:58:32,First Tenet of Chi: Moon (blue),1,0
297,Zen,2024-06-12T13:58:32,Flex Claws (blue),1,0
297,Zen,2024-06-12T13:58:32,Gravekeeping (blue),1,0
297,Zen,2024-06-12T13:58:32,Harmony of the Hunt (blue),1,0
297,Zen,2024-06-12T13:58:32,Nimble Strike (blue),1,0
297,Zen,2024-06-12T13:58:32,Pouncing Qi (blue),1,0
297,Zen,2024-06-12T13:58:32,Preserve Tradition (blue),3,0
297,Zen,2024-06-12T13:58:32,Second Tenet of Chi: Tide (blue),1,0
297,Zen,2024-06-12T13:58:32,Shifting Winds of the Mystic Beast (blue),1,0
297,Zen,2024-06-12T13:58:32,Spillover (blue),1,0
297,Zen,2024-06-12T13:58:32,The Grain that Tips the Scale (blue),1,0
297,Zen,2024-06-12T13:58:32,Untamed (blue),1,0
297,Zen,2024-06-12T13:58:32,Wash Away (blue),1,0
297,Zen,2024-06-12T13:58:32,Mask of Wizened Whiskers,1,1
297,Zen,2024-06-12T13:58:32,Skybody Keikoi,1,1
297,Zen,2024-06-12T13:58:32,Skyhold Keikoi,1,1
298,Enigma,2024-06-06T18:07:40,Astral Etchings (red),1,0
298,Enigma,2024-06-06T18:07:40,Haze Shelter (red),3,0
298,Enigma,2024-06-06T18:07:40,Sigil of Solitude (red),1,0
298,Enigma,2024-06-06T18:07:40,Single Minded Determination (red),1,0
298,Enigma,2024-06-06T18:07:40,Waning Vengeance (red),1,0
298,Enigma,2024-06-06T18:07:40,Waxing Specter (red),3,0
298,Enigma,2024-06-06T18:07:40,Gravekeeping (yellow),1,0
298,Enigma,2024-06-06T18:07:40,Solitary Companion (yellow),1,0
298,Enigma,2024-06-06T18:07:40,Waxing Specter (yellow),1,0
298,Enigma,2024-06-06T18:07:40,Astral Etchings (blue),1,0
298,Enigma,2024-06-06T18:07:40,Big Blue Sky (blue),1,0
298,Enigma,2024-06-06T18:07:40,Droplet (blue),1,0
298,Enigma,2024-06-06T18:07:40,Fact-Finding Mission (blue),2,0
298,Enigma,2024-06-06T18:07:40,First Tenet of Chi: Tide (blue),3,0
298,Enigma,2024-06-06T18:07:40,Haunting Specter (blue),1,0
298,Enigma,2024-06-06T18:07:40,"Rising Sun, Setting Moon (blue)",1,0
298,Enigma,2024-06-06T18:07:40,Rising Tide (blue),1,0
298,Enigma,2024-06-06T18:07:40,Second Tenet of Chi: Moon (blue),1,0
298,Enigma,2024-06-06T18:07:40,Solitary Companion (blue),3,0
298,Enigma,2024-06-06T18:07:40,The Grain that Tips the Scale (blue),1,0
298,Enigma,2024-06-06T18:07:40,Tidal Surge (blue),1,0
298,Enigma,2024-06-06T18:07:40,Vengeful Apparition (blue),1,0
298,Enigma,2024-06-06T18:07:40,Waning Vengeance (blue),1,0
298,Enigma,2024-06-06T18:07:40,Wash Away (blue),2,0
298,Enigma,2024-06-06T18:07:40,Wounding Blow (blue),1,0
298,Enigma,2024-06-06T18:07:40,Skybody Keikoi,1,1
298,Enigma,2024-06-06T18:07:40,Skycrest Keikoi,1,1
298,Enigma,2024-06-06T18:07:40,Skywalker Keikoi,1,1
298,Enigma,2024-06-06T18:07:40,Truths Retold,1,1
298,Enigma,2024-06-06T18:07:40,Uphold Tradition,1,1
299,Zen,2024-06-06T19:09:48,Blessing of Qi (red),1,0
299,Zen,2024-06-06T19:09:48,Breed Anger (red),3,0
299,Zen,2024-06-06T19:09:48,Emissary of Tides (red),1,0
299,Zen,2024-06-06T19:09:48,Emissary of Wind (red),1,0
299,Zen,2024-06-06T19:09:48,Evasive Leap (red),1,0
299,Zen,2024-06-06T19:09:48,Pouncing Qi (red),1,0
299,Zen,2024-06-06T19:09:48,Tiger Form Incantation (red),1,0
299,Zen,2024-06-06T19:09:48,Untamed (red),2,0
299,Zen,2024-06-06T19:09:48,Wind Chakra (red),1,0
299,Zen,2024-06-06T19:09:48,Wounding Blow (red),1,0
299,Zen,2024-06-06T19:09:48,Blessing of Qi (yellow),1,0
299,Zen,2024-06-06T19:09:48,Companion of the Claw (yellow),1,0
299,Zen,2024-06-06T19:09:48,Flex Claws (yellow),1,0
299,Zen,2024-06-06T19:09:48,Pouncing Qi (yellow),1,0
299,Zen,2024-06-06T19:09:48,Untamed (yellow),1,0
299,Zen,2024-06-06T19:09:48,Biting Breeze (blue),1,0
299,Zen,2024-06-06T19:09:48,Breed Anger (blue),1,0
299,Zen,2024-06-06T19:09:48,Companion of the Claw (blue),2,0
299,Zen,2024-06-06T19:09:48,Droplet (blue),1,0
299,Zen,2024-06-06T19:09:48,First Tenet of Chi: Moon (blue),2,0
299,Zen,2024-06-06T19:09:48,Harmony of the Hunt (blue),1,0
299,Zen,2024-06-06T19:09:48,Pouncing Qi (blue),1,0
299,Zen,2024-06-06T19:09:48,Second Tenet of Chi: Tide (blue),2,0
299,Zen,2024-06-06T19:09:48,Territorial Domain (blue),1,0
299,Zen,2024-06-06T19:09:48,Tidal Surge (blue),1,0
299,Zen,2024-06-06T19:09:48,Tiger Form Incantation (blue),2,0
299,Zen,2024-06-06T19:09:48,Heirloom of Tiger Hide,1,1
299,Zen,2024-06-06T19:09:48,Mask of Wizened Whiskers,1,1
299,Zen,2024-06-06T19:09:48,Stride of Reprisal,1,1
300,Enigma,2024-06-06T21:44:28,Astral Etchings (red),1,0
300,Enigma,2024-06-06T21:44:28,Haze Shelter (red),1,0
300,Enigma,2024-06-06T21:44:28,Solitary Companion (red),1,0
300,Enigma,2024-06-06T21:44:28,Spectral Manifestations (red),3,0
300,Enigma,2024-06-06T21:44:28,Three Visits (red),1,0
300,Enigma,2024-06-06T21:44:28,Vengeful Apparition (red),2,0
300,Enigma,2024-06-06T21:44:28,Waxing Specter (red),2,0
300,Enigma,2024-06-06T21:44:28,Battlefront Bastion (yellow),1,0
300,Enigma,2024-06-06T21:44:28,Haunting Specter (yellow),1,0
300,Enigma,2024-06-06T21:44:28,Single Minded Determination (yellow),2,0
300,Enigma,2024-06-06T21:44:28,Vengeful Apparition (yellow),2,0
300,Enigma,2024-06-06T21:44:28,Waning Vengeance (yellow),1,0
300,Enigma,2024-06-06T21:44:28,Waxing Specter (yellow),1,0
300,Enigma,2024-06-06T21:44:28,Wounding Blow (yellow),2,0
300,Enigma,2024-06-06T21:44:28,Astral Etchings (blue),1,0
300,Enigma,2024-06-06T21:44:28,Battlefront Bastion (blue),1,0
300,Enigma,2024-06-06T21:44:28,Essence of Ancestry: Mind (blue),1,0
300,Enigma,2024-06-06T21:44:28,Evasive Leap (blue),1,0
300,Enigma,2024-06-06T21:44:28,First Tenet of Chi: Moon (blue),1,0
300,Enigma,2024-06-06T21:44:28,First Tenet of Chi: Tide (blue),1,0
300,Enigma,2024-06-06T21:44:28,Homage to Ancestors (blue),1,0
300,Enigma,2024-06-06T21:44:28,Preserve Tradition (blue),2,0
300,Enigma,2024-06-06T21:44:28,"Rising Sun, Setting Moon (blue)",1,0
300,Enigma,2024-06-06T21:44:28,Solitary Companion (blue),1,0
300,Enigma,2024-06-06T21:44:28,Stir the Pot (blue),1,0
300,Enigma,2024-06-06T21:44:28,The Grain that Tips the Scale (blue),1,0
300,Enigma,2024-06-06T21:44:28,Waxing Specter (blue),2,0
300,Enigma,2024-06-06T21:44:28,Wounding Blow (blue),1,0
300,Enigma,2024-06-06T21:44:28,Koi Blessed Kimono,1,1
300,Enigma,2024-06-06T21:44:28,Skywalker Keikoi,1,1
300,Enigma,2024-06-06T21:44:28,Truths Retold,1,1
301,Nuu,2024-06-06T22:05:53,Blanch (red),1,0
301,Nuu,2024-06-06T22:05:53,Desires of Flesh (red),4,0
301,Nuu,2024-06-06T22:05:53,Emissary of Wind (red),1,0
301,Nuu,2024-06-06T22:05:53,Hiss (red),1,0
301,Nuu,2024-06-06T22:05:53,Nimblism (red),1,0
301,Nuu,2024-06-06T22:05:53,Pick to Pieces (red),1,0
301,Nuu,2024-06-06T22:05:53,Water the Seeds (red),1,0
301,Nuu,2024-06-06T22:05:53,Bonds of Memory (yellow),1,0
301,Nuu,2024-06-06T22:05:53,Desires of Flesh (yellow),1,0
301,Nuu,2024-06-06T22:05:53,Gravekeeping (yellow),1,0
301,Nuu,2024-06-06T22:05:53,Pick to Pieces (yellow),1,0
301,Nuu,2024-06-06T22:05:53,Venomous Bite (yellow),1,0
301,Nuu,2024-06-06T22:05:53,Art of Desire: Mind (blue),1,0
301,Nuu,2024-06-06T22:05:53,Big Blue Sky (blue),1,0
301,Nuu,2024-06-06T22:05:53,Bonds of Attraction (blue),1,0
301,Nuu,2024-06-06T22:05:53,Gravekeeping (blue),1,0
301,Nuu,2024-06-06T22:05:53,Hiss (blue),1,0
301,Nuu,2024-06-06T22:05:53,Impulsive Desire (blue),2,0
301,Nuu,2024-06-06T22:05:53,Intimate Inducement (blue),2,0
301,Nuu,2024-06-06T22:05:53,Path Well Traveled (blue),1,0
301,Nuu,2024-06-06T22:05:53,Pick to Pieces (blue),2,0
301,Nuu,2024-06-06T22:05:53,Preserve Tradition (blue),1,0
301,Nuu,2024-06-06T22:05:53,"Rising Sun, Setting Moon (blue)",1,0
301,Nuu,2024-06-06T22:05:53,Second Tenet of Chi: Wind (blue),1,0
301,Nuu,2024-06-06T22:05:53,Tidal Surge (blue),1,0
301,Nuu,2024-06-06T22:05:53,Venomous Bite (blue),1,0
301,Nuu,2024-06-06T22:05:53,Arousing Wave,1,1
301,Nuu,2024-06-06T22:05:53,Koi Blessed Kimono,1,1
301,Nuu,2024-06-06T22:05:53,Undertow Stilettos,1,1
302,Zen,2024-06-06T22:12:48,Aspect of Tiger: Body (red),1,0
302,Zen,2024-06-06T22:12:48,Battlefront Bastion (red),1,0
302,Zen,2024-06-06T22:12:48,Biting Breeze (red),1,0
302,Zen,2024-06-06T22:12:48,Breed Anger (red),1,0
302,Zen,2024-06-06T22:12:48,Emissary of Wind (red),1,0
302,Zen,2024-06-06T22:12:48,Fact-Finding Mission (red),1,0
302,Zen,2024-06-06T22:12:48,Flex Claws (red),1,0
302,Zen,2024-06-06T22:12:48,Gravekeeping (red),1,0
302,Zen,2024-06-06T22:12:48,Nimble Strike (red),1,0
302,Zen,2024-06-06T22:12:48,Pouncing Qi (red),1,0
302,Zen,2024-06-06T22:12:48,The Weakest Link (red),1,0
302,Zen,2024-06-06T22:12:48,Tiger Form Incantation (red),2,0
302,Zen,2024-06-06T22:12:48,Untamed (red),2,0
302,Zen,2024-06-06T22:12:48,Aspect of Tiger: Soul (yellow),1,0
302,Zen,2024-06-06T22:12:48,Biting Breeze (yellow),1,0
302,Zen,2024-06-06T22:12:48,Tiger Form Incantation (yellow),1,0
302,Zen,2024-06-06T22:12:48,Wind Chakra (yellow),1,0
302,Zen,2024-06-06T22:12:48,Aspect of Tiger: Mind (blue),1,0
302,Zen,2024-06-06T22:12:48,Battlefront Bastion (blue),1,0
302,Zen,2024-06-06T22:12:48,Droplet (blue),1,0
302,Zen,2024-06-06T22:12:48,Harmony of the Hunt (blue),2,0
302,Zen,2024-06-06T22:12:48,Nimblism (blue),1,0
302,Zen,2024-06-06T22:12:48,Pouncing Qi (blue),1,0
302,Zen,2024-06-06T22:12:48,Preserve Tradition (blue),2,0
302,Zen,2024-06-06T22:12:48,Qi Unleashed (blue),1,0
302,Zen,2024-06-06T22:12:48,Spillover (blue),1,0
302,Zen,2024-06-06T22:12:48,Tiger Form Incantation (blue),2,0
302,Zen,2024-06-06T22:12:48,Untamed (blue),1,0
302,Zen,2024-06-06T22:12:48,Wide Blue Yonder (blue),1,0
302,Zen,2024-06-06T22:12:48,Heirloom of Tiger Hide,1,1
302,Zen,2024-06-06T22:12:48,Mask of Wizened Whiskers,1,1
302,Zen,2024-06-06T22:12:48,Skyhold Keikoi,1,1
302,Zen,2024-06-06T22:12:48,Stride of Reprisal,1,1
303,Zen,2024-06-06T23:18:43,Aspect of Tiger: Body (red),1,0
303,Zen,2024-06-06T23:18:43,Battlefront Bastion (red),2,0
303,Zen,2024-06-06T23:18:43,Blessing of Qi (red),1,0
303,Zen,2024-06-06T23:18:43,Emissary of Tides (red),1,0
303,Zen,2024-06-06T23:18:43,Fact-Finding Mission (red),1,0
303,Zen,2024-06-06T23:18:43,Harmony of the Hunt (red),2,0
303,Zen,2024-06-06T23:18:43,Pouncing Qi (red),2,0
303,Zen,2024-06-06T23:18:43,Untamed (red),1,0
303,Zen,2024-06-06T23:18:43,Wounding Blow (red),1,0
303,Zen,2024-06-06T23:18:43,Companion of the Claw (yellow),1,0
303,Zen,2024-06-06T23:18:43,Cracked Bauble (yellow),1,0
303,Zen,2024-06-06T23:18:43,Tiger Form Incantation (yellow),1,0
303,Zen,2024-06-06T23:18:43,Untamed (yellow),1,0
303,Zen,2024-06-06T23:18:43,A Drop in the Ocean (blue),1,0
303,Zen,2024-06-06T23:18:43,Biting Breeze (blue),1,0
303,Zen,2024-06-06T23:18:43,Fact-Finding Mission (blue),1,0
303,Zen,2024-06-06T23:18:43,Harmony of the Hunt (blue),1,0
303,Zen,2024-06-06T23:18:43,Homage to Ancestors (blue),1,0
303,Zen,2024-06-06T23:18:43,Nimblism (blue),1,0
303,Zen,2024-06-06T23:18:43,Pouncing Qi (blue),1,0
303,Zen,2024-06-06T23:18:43,Preserve Tradition (blue),2,0
303,Zen,2024-06-06T23:18:43,Qi Unleashed (blue),1,0
303,Zen,2024-06-06T23:18:43,Rising Tide (blue),1,0
303,Zen,2024-06-06T23:18:43,Second Tenet of Chi: Moon (blue),1,0
303,Zen,2024-06-06T23:18:43,Tiger Form Incantation (blue),2,0
303,Zen,2024-06-06T23:18:43,Heirloom of Tiger Hide,1,1
303,Zen,2024-06-06T23:18:43,Koi Blessed Kimono,1,1
303,Zen,2024-06-06T23:18:43,Mask of Wizened Whiskers,1,1
303,Zen,2024-06-06T23:18:43,Skywalker Keikoi,1,1
304,Nuu,2024-06-07T02:22:26,Bonds of Memory (red),3,0
304,Nuu,2024-06-07T02:22:26,Hiss (red),1,0
304,Nuu,2024-06-07T02:22:26,Impulsive Desire (red),2,0
304,Nuu,2024-06-07T02:22:26,Pick to Pieces (red),2,0
304,Nuu,2024-06-07T02:22:26,Venomous Bite (red),2,0
304,Nuu,2024-06-07T02:22:26,Water the Seeds (red),2,0
304,Nuu,2024-06-07T02:22:26,Wounding Blow (red),1,0
304,Nuu,2024-06-07T02:22:26,Gorgon's Gaze (yellow),1,0
304,Nuu,2024-06-07T02:22:26,Pick to Pieces (yellow),2,0
304,Nuu,2024-06-07T02:22:26,Venomous Bite (yellow),1,0
304,Nuu,2024-06-07T02:22:26,Art of Desire: Mind (blue),1,0
304,Nuu,2024-06-07T02:22:26,Bonds of Attraction (blue),1,0
304,Nuu,2024-06-07T02:22:26,Bonds of Memory (blue),1,0
304,Nuu,2024-06-07T02:22:26,Desires of Flesh (blue),2,0
304,Nuu,2024-06-07T02:22:26,Hiss (blue),2,0
304,Nuu,2024-06-07T02:22:26,Impulsive Desire (blue),1,0
304,Nuu,2024-06-07T02:22:26,Intimate Inducement (blue),1,0
304,Nuu,2024-06-07T02:22:26,Mind's Desire (blue),2,0
304,Nuu,2024-06-07T02:22:26,Pass Over (blue),1,0
304,Nuu,2024-06-07T02:22:26,Path Well Traveled (blue),1,0
304,Nuu,2024-06-07T02:22:26,Pick to Pieces (blue),2,0
304,Nuu,2024-06-07T02:22:26,"Rising Sun, Setting Moon (blue)",1,0
304,Nuu,2024-06-07T02:22:26,Tide Chakra (blue),1,0
304,Nuu,2024-06-07T02:22:26,Water the Seeds (blue),1,0
304,Nuu,2024-06-07T02:22:26,Wounding Blow (blue),1,0
304,Nuu,2024-06-07T02:22:26,Aqua Laps,1,1
304,Nuu,2024-06-07T02:22:26,Aqua Seeing Shell,1,1
304,Nuu,2024-06-07T02:22:26,Arousing Wave,1,1
304,Nuu,2024-06-07T02:22:26,Heirloom of Snake Hide,1,1
305,Nuu,2024-06-07T03:09:48,Battlefront Bastion (red),2,0
305,Nuu,2024-06-07T03:09:48,Bonds of Memory (red),2,0
305,Nuu,2024-06-07T03:09:48,Desires of Flesh (red),1,0
305,Nuu,2024-06-07T03:09:48,Evasive Leap (red),1,0
305,Nuu,2024-06-07T03:09:48,Hiss (red),2,0
305,Nuu,2024-06-07T03:09:48,Impulsive Desire (red),2,0
305,Nuu,2024-06-07T03:09:48,Venomous Bite (red),2,0
305,Nuu,2024-06-07T03:09:48,Art of Desire: Soul (yellow),1,0
305,Nuu,2024-06-07T03:09:48,Bonds of Memory (yellow),1,0
305,Nuu,2024-06-07T03:09:48,Double Trouble (yellow),2,0
305,Nuu,2024-06-07T03:09:48,Hiss (yellow),1,0
305,Nuu,2024-06-07T03:09:48,Intimate Inducement (yellow),1,0
305,Nuu,2024-06-07T03:09:48,Mind's Desire (yellow),1,0
305,Nuu,2024-06-07T03:09:48,Art of Desire: Mind (blue),1,0
305,Nuu,2024-06-07T03:09:48,Bonds of Memory (blue),1,0
305,Nuu,2024-06-07T03:09:48,Desires of Flesh (blue),1,0
305,Nuu,2024-06-07T03:09:48,Intimate Inducement (blue),1,0
305,Nuu,2024-06-07T03:09:48,Mind's Desire (blue),2,0
305,Nuu,2024-06-07T03:09:48,Path Well Traveled (blue),1,0
305,Nuu,2024-06-07T03:09:48,Pick to Pieces (blue),1,0
305,Nuu,2024-06-07T03:09:48,Rising Tide (blue),1,0
305,Nuu,2024-06-07T03:09:48,Spillover (blue),3,0
305,Nuu,2024-06-07T03:09:48,The Grain that Tips the Scale (blue),1,0
305,Nuu,2024-06-07T03:09:48,Wash Away (blue),1,0
305,Nuu,2024-06-07T03:09:48,Aqua Laps,1,1
305,Nuu,2024-06-07T03:09:48,Skybody Keikoi,1,1
305,Nuu,2024-06-07T03:09:48,Skycrest Keikoi,1,1
305,Nuu,2024-06-07T03:09:48,Waves of Aqua Marine,1,1
306,Enigma,2024-06-07T05:41:58,Astral Etchings (red),2,0
306,Enigma,2024-06-07T05:41:58,Blanch (red),1,0
306,Enigma,2024-06-07T05:41:58,Emissary of Tides (red),1,0
306,Enigma,2024-06-07T05:41:58,Evasive Leap (red),2,0
306,Enigma,2024-06-07T05:41:58,Fact-Finding Mission (red),1,0
306,Enigma,2024-06-07T05:41:58,Haze Shelter (red),1,0
306,Enigma,2024-06-07T05:41:58,Moon Chakra (red),1,0
306,Enigma,2024-06-07T05:41:58,Nimble Strike (red),1,0
306,Enigma,2024-06-07T05:41:58,Nimblism (red),1,0
306,Enigma,2024-06-07T05:41:58,Sigil of Solitude (red),1,0
306,Enigma,2024-06-07T05:41:58,Vengeful Apparition (red),1,0
306,Enigma,2024-06-07T05:41:58,Moon Chakra (yellow),1,0
306,Enigma,2024-06-07T05:41:58,Sigil of Solitude (yellow),1,0
306,Enigma,2024-06-07T05:41:58,Single Minded Determination (yellow),1,0
306,Enigma,2024-06-07T05:41:58,Vengeful Apparition (yellow),1,0
306,Enigma,2024-06-07T05:41:58,A Drop in the Ocean (blue),1,0
306,Enigma,2024-06-07T05:41:58,Attune with Cosmic Vibrations (blue),1,0
306,Enigma,2024-06-07T05:41:58,Battlefront Bastion (blue),1,0
306,Enigma,2024-06-07T05:41:58,First Tenet of Chi: Moon (blue),2,0
306,Enigma,2024-06-07T05:41:58,Gravekeeping (blue),1,0
306,Enigma,2024-06-07T05:41:58,Preserve Tradition (blue),1,0
306,Enigma,2024-06-07T05:41:58,"Rising Sun, Setting Moon (blue)",1,0
306,Enigma,2024-06-07T05:41:58,Sigil of Solitude (blue),2,0
306,Enigma,2024-06-07T05:41:58,Single Minded Determination (blue),1,0
306,Enigma,2024-06-07T05:41:58,Solitary Companion (blue),1,0
306,Enigma,2024-06-07T05:41:58,Spillover (blue),1,0
306,Enigma,2024-06-07T05:41:58,Stir the Pot (blue),1,0
306,Enigma,2024-06-07T05:41:58,Vengeful Apparition (blue),2,0
306,Enigma,2024-06-07T05:41:58,Waning Vengeance (blue),1,0
306,Enigma,2024-06-07T05:41:58,Wash Away (blue),1,0
306,Enigma,2024-06-07T05:41:58,Wounding Blow (blue),2,0
306,Enigma,2024-06-07T05:41:58,Skybody Keikoi,1,1
306,Enigma,2024-06-07T05:41:58,Skywalker Keikoi,1,1
306,Enigma,2024-06-07T05:41:58,Truths Retold,1,1
306,Enigma,2024-06-07T05:41:58,Uphold Tradition,1,1
307,Nuu,2024-06-07T06:21:31,Art of Desire: Body (red),2,0
307,Nuu,2024-06-07T06:21:31,Bonds of Memory (red),2,0
307,Nuu,2024-06-07T06:21:31,Desires of Flesh (red),2,0
307,Nuu,2024-06-07T06:21:31,Double Trouble (red),1,0
307,Nuu,2024-06-07T06:21:31,Fact-Finding Mission (red),1,0
307,Nuu,2024-06-07T06:21:31,Gravekeeping (red),1,0
307,Nuu,2024-06-07T06:21:31,Hiss (red),1,0
307,Nuu,2024-06-07T06:21:31,Pick to Pieces (red),2,0
307,Nuu,2024-06-07T06:21:31,Tide Chakra (red),1,0
307,Nuu,2024-06-07T06:21:31,Water the Seeds (red),1,0
307,Nuu,2024-06-07T06:21:31,Battlefront Bastion (yellow),1,0
307,Nuu,2024-06-07T06:21:31,Desires of Flesh (yellow),1,0
307,Nuu,2024-06-07T06:21:31,Hiss (yellow),1,0
307,Nuu,2024-06-07T06:21:31,Pick to Pieces (yellow),2,0
307,Nuu,2024-06-07T06:21:31,Wounding Blow (yellow),1,0
307,Nuu,2024-06-07T06:21:31,Battlefront Bastion (blue),1,0
307,Nuu,2024-06-07T06:21:31,Bonds of Agony (blue),1,0
307,Nuu,2024-06-07T06:21:31,Desires of Flesh (blue),1,0
307,Nuu,2024-06-07T06:21:31,Hiss (blue),2,0
307,Nuu,2024-06-07T06:21:31,Intimate Inducement (blue),2,0
307,Nuu,2024-06-07T06:21:31,Mind's Desire (blue),1,0
307,Nuu,2024-06-07T06:21:31,Nimblism (blue),1,0
307,Nuu,2024-06-07T06:21:31,Pass Over (blue),1,0
307,Nuu,2024-06-07T06:21:31,Path Well Traveled (blue),1,0
307,Nuu,2024-06-07T06:21:31,Pick to Pieces (blue),1,0
307,Nuu,2024-06-07T06:21:31,Sacred Art: Undercurrent Desires (blue),1,0
307,Nuu,2024-06-07T06:21:31,Tidal Surge (blue),1,0
307,Nuu,2024-06-07T06:21:31,Tide Chakra (blue),2,0
307,Nuu,2024-06-07T06:21:31,Venomous Bite (blue),1,0
307,Nuu,2024-06-07T06:21:31,Koi Blessed Kimono,1,1
307,Nuu,2024-06-07T06:21:31,Skyhold Keikoi,1,1
307,Nuu,2024-06-07T06:21:31,Undertow Stilettos,1,1
308,Zen,2024-06-07T06:43:54,Biting Breeze (red),1,0
308,Zen,2024-06-07T06:43:54,Blessing of Qi (red),1,0
308,Zen,2024-06-07T06:43:54,Companion of the Claw (red),1,0
308,Zen,2024-06-07T06:43:54,Flex Claws (red),1,0
308,Zen,2024-06-07T06:43:54,Harmony of the Hunt (red),1,0
308,Zen,2024-06-07T06:43:54,Pouncing Qi (red),1,0
308,Zen,2024-06-07T06:43:54,Tiger Form Incantation (red),1,0
308,Zen,2024-06-07T06:43:54,Untamed (red),1,0
308,Zen,2024-06-07T06:43:54,Biting Breeze (yellow),1,0
308,Zen,2024-06-07T06:43:54,Breed Anger (yellow),1,0
308,Zen,2024-06-07T06:43:54,Qi Unleashed (yellow),3,0
308,Zen,2024-06-07T06:43:54,Tiger Form Incantation (yellow),1,0
308,Zen,2024-06-07T06:43:54,Untamed (yellow),1,0
308,Zen,2024-06-07T06:43:54,Aspect of Tiger: Mind (blue),2,0
308,Zen,2024-06-07T06:43:54,Biting Breeze (blue),1,0
308,Zen,2024-06-07T06:43:54,Companion of the Claw (blue),3,0
308,Zen,2024-06-07T06:43:54,Evasive Leap (blue),1,0
308,Zen,2024-06-07T06:43:54,Flex Claws (blue),3,0
308,Zen,2024-06-07T06:43:54,Harmony of the Hunt (blue),1,0
308,Zen,2024-06-07T06:43:54,Pass Over (blue),1,0
308,Zen,2024-06-07T06:43:54,Path Well Traveled (blue),1,0
308,Zen,2024-06-07T06:43:54,Pouncing Qi (blue),1,0
308,Zen,2024-06-07T06:43:54,Qi Unleashed (blue),1,0
308,Zen,2024-06-07T06:43:54,Shifting Winds of the Mystic Beast (blue),1,0
308,Zen,2024-06-07T06:43:54,The Grain that Tips the Scale (blue),1,0
308,Zen,2024-06-07T06:43:54,Tidal Surge (blue),1,0
308,Zen,2024-06-07T06:43:54,Tiger Form Incantation (blue),1,0
308,Zen,2024-06-07T06:43:54,Untamed (blue),3,0
308,Zen,2024-06-07T06:43:54,Koi Blessed Kimono,1,1
308,Zen,2024-06-07T06:43:54,Mask of Wizened Whiskers,1,1
308,Zen,2024-06-07T06:43:54,Skyhold Keikoi,1,1
308,Zen,2024-06-07T06:43:54,Stride of Reprisal,1,1
309,Nuu,2024-06-07T10:44:21,Art of Desire: Body (red),1,0
309,Nuu,2024-06-07T10:44:21,Blanch (red),1,0
309,Nuu,2024-06-07T10:44:21,Bonds of Memory (red),2,0
309,Nuu,2024-06-07T10:44:21,Double Trouble (red),1,0
309,Nuu,2024-06-07T10:44:21,Evasive Leap (red),1,0
309,Nuu,2024-06-07T10:44:21,Hiss (red),1,0
309,Nuu,2024-06-07T10:44:21,Impulsive Desire (red),1,0
309,Nuu,2024-06-07T10:44:21,Intimate Inducement (red),1,0
309,Nuu,2024-06-07T10:44:21,Pick to Pieces (red),1,0
309,Nuu,2024-06-07T10:44:21,Siren's Call (red),1,0
309,Nuu,2024-06-07T10:44:21,Venomous Bite (red),1,0
309,Nuu,2024-06-07T10:44:21,Wounding Blow (red),1,0
309,Nuu,2024-06-07T10:44:21,Bonds of Memory (yellow),2,0
309,Nuu,2024-06-07T10:44:21,Desires of Flesh (yellow),1,0
309,Nuu,2024-06-07T10:44:21,Evasive Leap (yellow),1,0
309,Nuu,2024-06-07T10:44:21,Gravekeeping (yellow),1,0
309,Nuu,2024-06-07T10:44:21,Battlefront Bastion (blue),1,0
309,Nuu,2024-06-07T10:44:21,Bonds of Memory (blue),1,0
309,Nuu,2024-06-07T10:44:21,Deep Blue Sea (blue),1,0
309,Nuu,2024-06-07T10:44:21,Desires of Flesh (blue),1,0
309,Nuu,2024-06-07T10:44:21,Fact-Finding Mission (blue),1,0
309,Nuu,2024-06-07T10:44:21,First Tenet of Chi: Wind (blue),1,0
309,Nuu,2024-06-07T10:44:21,Hiss (blue),3,0
309,Nuu,2024-06-07T10:44:21,Mind's Desire (blue),2,0
309,Nuu,2024-06-07T10:44:21,Pass Over (blue),2,0
309,Nuu,2024-06-07T10:44:21,Pick to Pieces (blue),1,0
309,Nuu,2024-06-07T10:44:21,Venomous Bite (blue),2,0
309,Nuu,2024-06-07T10:44:21,Koi Blessed Kimono,1,1
309,Nuu,2024-06-07T10:44:21,Skyhold Keikoi,1,1
310,Enigma,2024-06-07T15:15:15,Emissary of Wind (red),1,0
310,Enigma,2024-06-07T15:15:15,Haunting Specter (red),1,0
310,Enigma,2024-06-07T15:15:15,Haze Shelter (red),1,0
310,Enigma,2024-06-07T15:15:15,Sigil of Solitude (red),1,0
310,Enigma,2024-06-07T15:15:15,Solitary Companion (red),1,0
310,Enigma,2024-06-07T15:15:15,Waning Vengeance (red),1,0
310,Enigma,2024-06-07T15:15:15,Astral Etchings (yellow),1,0
310,Enigma,2024-06-07T15:15:15,Fact-Finding Mission (yellow),1,0
310,Enigma,2024-06-07T15:15:15,Haze Shelter (yellow),1,0
310,Enigma,2024-06-07T15:15:15,Nimble Strike (yellow),1,0
310,Enigma,2024-06-07T15:15:15,Vengeful Apparition (yellow),1,0
310,Enigma,2024-06-07T15:15:15,Battlefront Bastion (blue),1,0
310,Enigma,2024-06-07T15:15:15,Blanch (blue),1,0
310,Enigma,2024-06-07T15:15:15,Evasive Leap (blue),1,0
310,Enigma,2024-06-07T15:15:15,First Tenet of Chi: Moon (blue),1,0
310,Enigma,2024-06-07T15:15:15,First Tenet of Chi: Tide (blue),1,0
310,Enigma,2024-06-07T15:15:15,Haze Shelter (blue),1,0
310,Enigma,2024-06-07T15:15:15,Moon Chakra (blue),1,0
310,Enigma,2024-06-07T15:15:15,Preserve Tradition (blue),1,0
310,Enigma,2024-06-07T15:15:15,"Rising Sun, Setting Moon (blue)",2,0
310,Enigma,2024-06-07T15:15:15,Sacred Art: Immortal Lunar Shrine (blue),1,0
310,Enigma,2024-06-07T15:15:15,Second Tenet of Chi: Wind (blue),1,0
310,Enigma,2024-06-07T15:15:15,Single Minded Determination (blue),2,0
310,Enigma,2024-06-07T15:15:15,Solitary Companion (blue),1,0
310,Enigma,2024-06-07T15:15:15,Spillover (blue),1,0
310,Enigma,2024-06-07T15:15:15,The Grain that Tips the Scale (blue),1,0
310,Enigma,2024-06-07T15:15:15,Wide Blue Yonder (blue),1,0
310,Enigma,2024-06-07T15:15:15,Wounding Blow (blue),1,0
310,Enigma,2024-06-07T15:15:15,Koi Blessed Kimono,1,1
310,Enigma,2024-06-07T15:15:15,Skywalker Keikoi,1,1
310,Enigma,2024-06-07T15:15:15,Truths Retold,1,1
310,Enigma,2024-06-07T15:15:15,Uphold Tradition,1,1
311,Zen,2024-06-07T16:15:27,Biting Breeze (red),2,0
311,Zen,2024-06-07T16:15:27,Breed Anger (red),1,0
311,Zen,2024-06-07T16:15:27,Companion of the Claw (red),2,0
311,Zen,2024-06-07T16:15:27,Pouncing Qi (red),2,0
311,Zen,2024-06-07T16:15:27,Tiger Form Incantation (red),3,0
311,Zen,2024-06-07T16:15:27,Untamed (red),1,0
311,Zen,2024-06-07T16:15:27,Water the Seeds (red),2,0
311,Zen,2024-06-07T16:15:27,Wind Chakra (red),1,0
311,Zen,2024-06-07T16:15:27,Aspect of Tiger: Soul (yellow),1,0
311,Zen,2024-06-07T16:15:27,Breed Anger (yellow),1,0
311,Zen,2024-06-07T16:15:27,Harmony of the Hunt (yellow),1,0
311,Zen,2024-06-07T16:15:27,Nimblism (yellow),1,0
311,Zen,2024-06-07T16:15:27,Qi Unleashed (yellow),1,0
311,Zen,2024-06-07T16:15:27,Tiger Form Incantation (yellow),1,0
311,Zen,2024-06-07T16:15:27,Wounding Blow (yellow),1,0
311,Zen,2024-06-07T16:15:27,Aspect of Tiger: Mind (blue),1,0
311,Zen,2024-06-07T16:15:27,Biting Breeze (blue),1,0
311,Zen,2024-06-07T16:15:27,Breed Anger (blue),1,0
311,Zen,2024-06-07T16:15:27,Companion of the Claw (blue),2,0
311,Zen,2024-06-07T16:15:27,Harmony of the Hunt (blue),1,0
311,Zen,2024-06-07T16:15:27,Path Well Traveled (blue),1,0
311,Zen,2024-06-07T16:15:27,Pouncing Qi (blue),1,0
311,Zen,2024-06-07T16:15:27,Preserve Tradition (blue),1,0
311,Zen,2024-06-07T16:15:27,The Grain that Tips the Scale (blue),1,0
311,Zen,2024-06-07T16:15:27,Tiger Form Incantation (blue),1,0
311,Zen,2024-06-07T16:15:27,Wide Blue Yonder (blue),1,0
311,Zen,2024-06-07T16:15:27,Wind Chakra (blue),1,0
311,Zen,2024-06-07T16:15:27,Koi Blessed Kimono,1,1
311,Zen,2024-06-07T16:15:27,Mask of Wizened Whiskers,1,1
311,Zen,2024-06-07T16:15:27,Stride of Reprisal,1,1
311,Zen,2024-06-07T16:15:27,Waves of Aqua Marine,1,1
312,Enigma,2024-06-07T17:38:54,Sigil of Solitude (red),2,0
312,Enigma,2024-06-07T17:38:54,Single Minded Determination (red),1,0
312,Enigma,2024-06-07T17:38:54,Solitary Companion (red),2,0
312,Enigma,2024-06-07T17:38:54,Spectral Manifestations (red),3,0
312,Enigma,2024-06-07T17:38:54,Vengeful Apparition (red),1,0
312,Enigma,2024-06-07T17:38:54,Waning Vengeance (red),2,0
312,Enigma,2024-06-07T17:38:54,Water the Seeds (red),1,0
312,Enigma,2024-06-07T17:38:54,Waxing Specter (red),1,0
312,Enigma,2024-06-07T17:38:54,Battlefront Bastion (yellow),1,0
312,Enigma,2024-06-07T17:38:54,Evasive Leap (yellow),1,0
312,Enigma,2024-06-07T17:38:54,Fact-Finding Mission (yellow),1,0
312,Enigma,2024-06-07T17:38:54,Battlefront Bastion (blue),1,0
312,Enigma,2024-06-07T17:38:54,Big Blue Sky (blue),1,0
312,Enigma,2024-06-07T17:38:54,Evasive Leap (blue),2,0
312,Enigma,2024-06-07T17:38:54,Haze Shelter (blue),1,0
312,Enigma,2024-06-07T17:38:54,Pass Over (blue),1,0
312,Enigma,2024-06-07T17:38:54,Path Well Traveled (blue),1,0
312,Enigma,2024-06-07T17:38:54,"Rising Sun, Setting Moon (blue)",1,0
312,Enigma,2024-06-07T17:38:54,Second Tenet of Chi: Tide (blue),1,0
312,Enigma,2024-06-07T17:38:54,Single Minded Determination (blue),1,0
312,Enigma,2024-06-07T17:38:54,Solitary Companion (blue),2,0
312,Enigma,2024-06-07T17:38:54,Spillover (blue),1,0
312,Enigma,2024-06-07T17:38:54,The Grain that Tips the Scale (blue),1,0
312,Enigma,2024-06-07T17:38:54,Vengeful Apparition (blue),4,0
312,Enigma,2024-06-07T17:38:54,Waning Vengeance (blue),1,0
312,Enigma,2024-06-07T17:38:54,Waxing Specter (blue),2,0
312,Enigma,2024-06-07T17:38:54,Skybody Keikoi,1,1
312,Enigma,2024-06-07T17:38:54,Skywalker Keikoi,1,1
312,Enigma,2024-06-07T17:38:54,Uphold Tradition,1,1
313,Enigma,2024-06-07T20:51:40,Haze Shelter (red),2,0
313,Enigma,2024-06-07T20:51:40,Moon Chakra (red),1,0
313,Enigma,2024-06-07T20:51:40,Spectral Manifestations (red),2,0
313,Enigma,2024-06-07T20:51:40,Waning Vengeance (red),2,0
313,Enigma,2024-06-07T20:51:40,Waxing Specter (red),1,0
313,Enigma,2024-06-07T20:51:40,Astral Etchings (yellow),1,0
313,Enigma,2024-06-07T20:51:40,Battlefront Bastion (yellow),1,0
313,Enigma,2024-06-07T20:51:40,Single Minded Determination (yellow),1,0
313,Enigma,2024-06-07T20:51:40,Vengeful Apparition (yellow),1,0
313,Enigma,2024-06-07T20:51:40,Waning Vengeance (yellow),1,0
313,Enigma,2024-06-07T20:51:40,A Drop in the Ocean (blue),3,0
313,Enigma,2024-06-07T20:51:40,Big Blue Sky (blue),1,0
313,Enigma,2024-06-07T20:51:40,Fact-Finding Mission (blue),1,0
313,Enigma,2024-06-07T20:51:40,Haze Shelter (blue),2,0
313,Enigma,2024-06-07T20:51:40,Nimble Strike (blue),1,0
313,Enigma,2024-06-07T20:51:40,Nimblism (blue),1,0
313,Enigma,2024-06-07T20:51:40,Preserve Tradition (blue),1,0
313,Enigma,2024-06-07T20:51:40,Rising Tide (blue),1,0
313,Enigma,2024-06-07T20:51:40,Sigil of Solitude (blue),1,0
313,Enigma,2024-06-07T20:51:40,Solitary Companion (blue),2,0
313,Enigma,2024-06-07T20:51:40,Spectral Manifestations (blue),2,0
313,Enigma,2024-06-07T20:51:40,Spillover (blue),2,0
313,Enigma,2024-06-07T20:51:40,Stir the Pot (blue),1,0
313,Enigma,2024-06-07T20:51:40,Tidal Surge (blue),1,0
313,Enigma,2024-06-07T20:51:40,Vengeful Apparition (blue),1,0
313,Enigma,2024-06-07T20:51:40,Waning Vengeance (blue),2,0
313,Enigma,2024-06-07T20:51:40,Wash Away (blue),2,0
313,Enigma,2024-06-07T20:51:40,Waxing Specter (blue),1,0
313,Enigma,2024-06-07T20:51:40,Wounding Blow (blue),1,0
313,Enigma,2024-06-07T20:51:40,Heirloom of Rabbit Hide,1,1
313,Enigma,2024-06-07T20:51:40,Uphold Tradition,1,1
314,Nuu,2024-06-07T20:59:41,Bonds of Memory (red),1,0
314,Nuu,2024-06-07T20:59:41,Desires of Flesh (red),2,0
314,Nuu,2024-06-07T20:59:41,Double Trouble (red),2,0
314,Nuu,2024-06-07T20:59:41,Hiss (red),1,0
314,Nuu,2024-06-07T20:59:41,Intimate Inducement (red),1,0
314,Nuu,2024-06-07T20:59:41,Mind's Desire (red),2,0
314,Nuu,2024-06-07T20:59:41,Pick to Pieces (red),1,0
314,Nuu,2024-06-07T20:59:41,Venomous Bite (red),1,0
314,Nuu,2024-06-07T20:59:41,Wounding Blow (red),1,0
314,Nuu,2024-06-07T20:59:41,Battlefront Bastion (yellow),1,0
314,Nuu,2024-06-07T20:59:41,Double Trouble (yellow),1,0
314,Nuu,2024-06-07T20:59:41,Hiss (yellow),2,0
314,Nuu,2024-06-07T20:59:41,Impulsive Desire (yellow),1,0
314,Nuu,2024-06-07T20:59:41,Mind's Desire (yellow),1,0
314,Nuu,2024-06-07T20:59:41,Pick to Pieces (yellow),1,0
314,Nuu,2024-06-07T20:59:41,Tide Chakra (yellow),1,0
314,Nuu,2024-06-07T20:59:41,Venomous Bite (yellow),1,0
314,Nuu,2024-06-07T20:59:41,Bonds of Memory (blue),2,0
314,Nuu,2024-06-07T20:59:41,Double Trouble (blue),1,0
314,Nuu,2024-06-07T20:59:41,Fact-Finding Mission (blue),2,0
314,Nuu,2024-06-07T20:59:41,Impulsive Desire (blue),3,0
314,Nuu,2024-06-07T20:59:41,Intimate Inducement (blue),1,0
314,Nuu,2024-06-07T20:59:41,Mind's Desire (blue),2,0
314,Nuu,2024-06-07T20:59:41,Path Well Traveled (blue),1,0
314,Nuu,2024-06-07T20:59:41,Pick to Pieces (blue),1,0
314,Nuu,2024-06-07T20:59:41,Spillover (blue),1,0
314,Nuu,2024-06-07T20:59:41,Venomous Bite (blue),1,0
314,Nuu,2024-06-07T20:59:41,Arousing Wave,1,1
314,Nuu,2024-06-07T20:59:41,Skybody Keikoi,1,1
314,Nuu,2024-06-07T20:59:41,Skycrest Keikoi,1,1
315,Zen,2024-06-07T21:37:38,Biting Breeze (red),2,0
315,Zen,2024-06-07T21:37:38,Blanch (red),1,0
315,Zen,2024-06-07T21:37:38,Emissary of Wind (red),1,0
315,Zen,2024-06-07T21:37:38,Evasive Leap (red),2,0
315,Zen,2024-06-07T21:37:38,Harmony of the Hunt (red),2,0
315,Zen,2024-06-07T21:37:38,Nimble Strike (red),1,0
315,Zen,2024-06-07T21:37:38,Tooth and Claw (red),1,0
315,Zen,2024-06-07T21:37:38,Water the Seeds (red),1,0
315,Zen,2024-06-07T21:37:38,Blanch (yellow),1,0
315,Zen,2024-06-07T21:37:38,Nimblism (yellow),1,0
315,Zen,2024-06-07T21:37:38,Battlefront Bastion (blue),1,0
315,Zen,2024-06-07T21:37:38,Breed Anger (blue),1,0
315,Zen,2024-06-07T21:37:38,Companion of the Claw (blue),1,0
315,Zen,2024-06-07T21:37:38,Droplet (blue),1,0
315,Zen,2024-06-07T21:37:38,First Tenet of Chi: Moon (blue),2,0
315,Zen,2024-06-07T21:37:38,First Tenet of Chi: Tide (blue),1,0
315,Zen,2024-06-07T21:37:38,Pass Over (blue),1,0
315,Zen,2024-06-07T21:37:38,Pouncing Qi (blue),2,0
315,Zen,2024-06-07T21:37:38,Preserve Tradition (blue),1,0
315,Zen,2024-06-07T21:37:38,Rising Tide (blue),1,0
315,Zen,2024-06-07T21:37:38,Spillover (blue),1,0
315,Zen,2024-06-07T21:37:38,Stir the Pot (blue),2,0
315,Zen,2024-06-07T21:37:38,Tidal Surge (blue),1,0
315,Zen,2024-06-07T21:37:38,Wounding Blow (blue),1,0
315,Zen,2024-06-07T21:37:38,Koi Blessed Kimono,1,1
315,Zen,2024-06-07T21:37:38,Skybody Keikoi,1,1
315,Zen,2024-06-07T21:37:38,Skycrest Keikoi,1,1
315,Zen,2024-06-07T21:37:38,Skyhold Keikoi,1,1
315,Zen,2024-06-07T21:37:38,Stride of Reprisal,1,1
316,Zen,2024-06-07T23:01:49,Aspect of Tiger: Body (red),1,0
316,Zen,2024-06-07T23:01:49,Biting Breeze (red),1,0
316,Zen,2024-06-07T23:01:49,Blessing of Qi (red),1,0
316,Zen,2024-06-07T23:01:49,Breed Anger (red),1,0
316,Zen,2024-06-07T23:01:49,Flex Claws (red),2,0
316,Zen,2024-06-07T23:01:49,Harmony of the Hunt (red),2,0
316,Zen,2024-06-07T23:01:49,Pouncing Qi (red),2,0
316,Zen,2024-06-07T23:01:49,Tiger Form Incantation (red),3,0
316,Zen,2024-06-07T23:01:49,Untamed (red),2,0
316,Zen,2024-06-07T23:01:49,Wounding Blow (red),1,0
316,Zen,2024-06-07T23:01:49,Aspect of Tiger: Soul (yellow),1,0
316,Zen,2024-06-07T23:01:49,Biting Breeze (yellow),1,0
316,Zen,2024-06-07T23:01:49,Breed Anger (yellow),1,0
316,Zen,2024-06-07T23:01:49,Harmony of the Hunt (yellow),1,0
316,Zen,2024-06-07T23:01:49,Pouncing Qi (yellow),1,0
316,Zen,2024-06-07T23:01:49,Wounding Blow (yellow),1,0
316,Zen,2024-06-07T23:01:49,Breed Anger (blue),1,0
316,Zen,2024-06-07T23:01:49,First Tenet of Chi: Moon (blue),1,0
316,Zen,2024-06-07T23:01:49,Flex Claws (blue),1,0
316,Zen,2024-06-07T23:01:49,Harmony of the Hunt (blue),2,0
316,Zen,2024-06-07T23:01:49,Pass Over (blue),1,0
316,Zen,2024-06-07T23:01:49,Pouncing Qi (blue),1,0
316,Zen,2024-06-07T23:01:49,Preserve Tradition (blue),1,0
316,Zen,2024-06-07T23:01:49,Stir the Pot (blue),1,0
316,Zen,2024-06-07T23:01:49,Tiger Form Incantation (blue),1,0
316,Zen,2024-06-07T23:01:49,Untamed (blue),3,0
316,Zen,2024-06-07T23:01:49,Wounding Blow (blue),1,0
316,Zen,2024-06-07T23:01:49,Mask of Wizened Whiskers,1,1
316,Zen,2024-06-07T23:01:49,Skybody Keikoi,1,1
316,Zen,2024-06-07T23:01:49,Skywalker Keikoi,1,1
316,Zen,2024-06-07T23:01:49,Stride of Reprisal,1,1
317,Nuu,2024-06-08T00:30:17,Art of Desire: Body (red),1,0
317,Nuu,2024-06-08T00:30:17,Desires of Flesh (red),1,0
317,Nuu,2024-06-08T00:30:17,Double Trouble (red),2,0
317,Nuu,2024-06-08T00:30:17,Hiss (red),2,0
317,Nuu,2024-06-08T00:30:17,Impulsive Desire (red),1,0
317,Nuu,2024-06-08T00:30:17,Nimble Strike (red),2,0
317,Nuu,2024-06-08T00:30:17,Nimblism (red),2,0
317,Nuu,2024-06-08T00:30:17,Siren's Call (red),1,0
317,Nuu,2024-06-08T00:30:17,Tide Chakra (red),1,0
317,Nuu,2024-06-08T00:30:17,Venomous Bite (red),1,0
317,Nuu,2024-06-08T00:30:17,Bonds of Attraction (yellow),1,0
317,Nuu,2024-06-08T00:30:17,Intimate Inducement (yellow),2,0
317,Nuu,2024-06-08T00:30:17,Mind's Desire (yellow),1,0
317,Nuu,2024-06-08T00:30:17,Venomous Bite (yellow),1,0
317,Nuu,2024-06-08T00:30:17,Battlefront Bastion (blue),1,0
317,Nuu,2024-06-08T00:30:17,Bonds of Memory (blue),1,0
317,Nuu,2024-06-08T00:30:17,Desires of Flesh (blue),2,0
317,Nuu,2024-06-08T00:30:17,Homage to Ancestors (blue),1,0
317,Nuu,2024-06-08T00:30:17,Impulsive Desire (blue),1,0
317,Nuu,2024-06-08T00:30:17,Intimate Inducement (blue),1,0
317,Nuu,2024-06-08T00:30:17,Levels of Enlightenment (blue),1,0
317,Nuu,2024-06-08T00:30:17,Path Well Traveled (blue),1,0
317,Nuu,2024-06-08T00:30:17,Preserve Tradition (blue),1,0
317,Nuu,2024-06-08T00:30:17,Rising Tide (blue),1,0
317,Nuu,2024-06-08T00:30:17,Second Tenet of Chi: Wind (blue),1,0
317,Nuu,2024-06-08T00:30:17,Venomous Bite (blue),1,0
317,Nuu,2024-06-08T00:30:17,Water the Seeds (blue),1,0
317,Nuu,2024-06-08T00:30:17,Skybody Keikoi,1,1
317,Nuu,2024-06-08T00:30:17,Skycrest Keikoi,1,1
317,Nuu,2024-06-08T00:30:17,Undertow Stilettos,1,1
318,Zen,2024-06-08T01:19:19,Battlefront Bastion (red),1,0
318,Zen,2024-06-08T01:19:19,Biting Breeze (red),1,0
318,Zen,2024-06-08T01:19:19,Breed Anger (red),1,0
318,Zen,2024-06-08T01:19:19,Companion of the Claw (red),2,0
318,Zen,2024-06-08T01:19:19,Flex Claws (red),1,0
318,Zen,2024-06-08T01:19:19,Harmony of the Hunt (red),3,0
318,Zen,2024-06-08T01:19:19,Pouncing Qi (red),2,0
318,Zen,2024-06-08T01:19:19,Untamed (red),1,0
318,Zen,2024-06-08T01:19:19,Aspect of Tiger: Soul (yellow),1,0
318,Zen,2024-06-08T01:19:19,Biting Breeze (yellow),1,0
318,Zen,2024-06-08T01:19:19,Breed Anger (yellow),1,0
318,Zen,2024-06-08T01:19:19,Companion of the Claw (yellow),1,0
318,Zen,2024-06-08T01:19:19,Fact-Finding Mission (yellow),1,0
318,Zen,2024-06-08T01:19:19,Flex Claws (yellow),1,0
318,Zen,2024-06-08T01:19:19,Pouncing Qi (yellow),1,0
318,Zen,2024-06-08T01:19:19,Tiger Form Incantation (yellow),2,0
318,Zen,2024-06-08T01:19:19,Untamed (yellow),1,0
318,Zen,2024-06-08T01:19:19,Aspect of Tiger: Mind (blue),1,0
318,Zen,2024-06-08T01:19:19,Battlefront Bastion (blue),1,0
318,Zen,2024-06-08T01:19:19,Biting Breeze (blue),1,0
318,Zen,2024-06-08T01:19:19,Breed Anger (blue),2,0
318,Zen,2024-06-08T01:19:19,Companion of the Claw (blue),1,0
318,Zen,2024-06-08T01:19:19,Cosmic Awakening (blue),1,0
318,Zen,2024-06-08T01:19:19,Harmony of the Hunt (blue),3,0
318,Zen,2024-06-08T01:19:19,Pouncing Qi (blue),2,0
318,Zen,2024-06-08T01:19:19,Stir the Pot (blue),2,0
318,Zen,2024-06-08T01:19:19,The Grain that Tips the Scale (blue),1,0
318,Zen,2024-06-08T01:19:19,Tiger Form Incantation (blue),1,0
318,Zen,2024-06-08T01:19:19,Wash Away (blue),1,0
318,Zen,2024-06-08T01:19:19,Aqua Seeing Shell,1,1
318,Zen,2024-06-08T01:19:19,Heirloom of Tiger Hide,1,1
319,Zen,2024-06-08T02:52:38,Aspect of Tiger: Body (red),1,0
319,Zen,2024-06-08T02:52:38,Breed Anger (red),4,0
319,Zen,2024-06-08T02:52:38,Companion of the Claw (red),1,0
319,Zen,2024-06-08T02:52:38,Flex Claws (red),2,0
319,Zen,2024-06-08T02:52:38,Pouncing Qi (red),1,0
319,Zen,2024-06-08T02:52:38,Untamed (red),1,0
319,Zen,2024-06-08T02:52:38,Wind Chakra (red),1,0
319,Zen,2024-06-08T02:52:38,Wounding Blow (red),2,0
319,Zen,2024-06-08T02:52:38,Aspect of Tiger: Soul (yellow),1,0
319,Zen,2024-06-08T02:52:38,Biting Breeze (yellow),1,0
319,Zen,2024-06-08T02:52:38,Blessing of Qi (yellow),1,0
319,Zen,2024-06-08T02:52:38,Companion of the Claw (yellow),1,0
319,Zen,2024-06-08T02:52:38,Flex Claws (yellow),1,0
319,Zen,2024-06-08T02:52:38,Untamed (yellow),1,0
319,Zen,2024-06-08T02:52:38,Wounding Blow (yellow),1,0
319,Zen,2024-06-08T02:52:38,Attune with Cosmic Vibrations (blue),1,0
319,Zen,2024-06-08T02:52:38,Battlefront Bastion (blue),1,0
319,Zen,2024-06-08T02:52:38,Biting Breeze (blue),1,0
319,Zen,2024-06-08T02:52:38,Companion of the Claw (blue),1,0
319,Zen,2024-06-08T02:52:38,Droplet (blue),1,0
319,Zen,2024-06-08T02:52:38,First Tenet of Chi: Moon (blue),1,0
319,Zen,2024-06-08T02:52:38,Harmony of the Hunt (blue),1,0
319,Zen,2024-06-08T02:52:38,Pouncing Qi (blue),2,0
319,Zen,2024-06-08T02:52:38,Preserve Tradition (blue),1,0
319,Zen,2024-06-08T02:52:38,Stir the Pot (blue),2,0
319,Zen,2024-06-08T02:52:38,Tiger Form Incantation (blue),2,0
319,Zen,2024-06-08T02:52:38,Untamed (blue),1,0
319,Zen,2024-06-08T02:52:38,Wounding Blow (blue),1,0
319,Zen,2024-06-08T02:52:38,Mask of Wizened Whiskers,1,1
319,Zen,2024-06-08T02:52:38,Skyhold Keikoi,1,1
320,Enigma,2024-06-08T14:12:40,Astral Etchings (red),1,0
320,Enigma,2024-06-08T14:12:40,Emissary of Moon (red),1,0
320,Enigma,2024-06-08T14:12:40,Haunting Specter (red),1,0
320,Enigma,2024-06-08T14:12:40,Sigil of Solitude (red),2,0
320,Enigma,2024-06-08T14:12:40,Single Minded Determination (red),1,0
320,Enigma,2024-06-08T14:12:40,Spectral Manifestations (red),2,0
320,Enigma,2024-06-08T14:12:40,Waning Vengeance (red),1,0
320,Enigma,2024-06-08T14:12:40,Battlefront Bastion (yellow),1,0
320,Enigma,2024-06-08T14:12:40,Sigil of Solitude (yellow),1,0
320,Enigma,2024-06-08T14:12:40,Solitary Companion (yellow),1,0
320,Enigma,2024-06-08T14:12:40,Spectral Manifestations (yellow),1,0
320,Enigma,2024-06-08T14:12:40,Waxing Specter (yellow),1,0
320,Enigma,2024-06-08T14:12:40,A Drop in the Ocean (blue),3,0
320,Enigma,2024-06-08T14:12:40,Battlefront Bastion (blue),1,0
320,Enigma,2024-06-08T14:12:40,Essence of Ancestry: Mind (blue),1,0
320,Enigma,2024-06-08T14:12:40,First Tenet of Chi: Moon (blue),1,0
320,Enigma,2024-06-08T14:12:40,First Tenet of Chi: Tide (blue),1,0
320,Enigma,2024-06-08T14:12:40,Haze Shelter (blue),1,0
320,Enigma,2024-06-08T14:12:40,Homage to Ancestors (blue),1,0
320,Enigma,2024-06-08T14:12:40,Preserve Tradition (blue),1,0
320,Enigma,2024-06-08T14:12:40,Second Tenet of Chi: Tide (blue),1,0
320,Enigma,2024-06-08T14:12:40,Second Tenet of Chi: Wind (blue),1,0
320,Enigma,2024-06-08T14:12:40,Single Minded Determination (blue),2,0
320,Enigma,2024-06-08T14:12:40,Spectral Manifestations (blue),1,0
320,Enigma,2024-06-08T14:12:40,Stir the Pot (blue),1,0
320,Enigma,2024-06-08T14:12:40,Tidal Surge (blue),2,0
320,Enigma,2024-06-08T14:12:40,Wash Away (blue),1,0
320,Enigma,2024-06-08T14:12:40,Wounding Blow (blue),2,0
320,Enigma,2024-06-08T14:12:40,Skybody Keikoi,1,1
320,Enigma,2024-06-08T14:12:40,Skycrest Keikoi,1,1
320,Enigma,2024-06-08T14:12:40,Skywalker Keikoi,1,1
320,Enigma,2024-06-08T14:12:40,Uphold Tradition,1,1
321,Nuu,2024-06-08T15:51:28,Art of Desire: Body (red),1,0
321,Nuu,2024-06-08T15:51:28,Blanch (red),1,0
321,Nuu,2024-06-08T15:51:28,Bonds of Memory (red),2,0
321,Nuu,2024-06-08T15:51:28,Desires of Flesh (red),2,0
321,Nuu,2024-06-08T15:51:28,Emissary of Moon (red),1,0
321,Nuu,2024-06-08T15:51:28,Emissary of Tides (red),1,0
321,Nuu,2024-06-08T15:51:28,Emissary of Wind (red),1,0
321,Nuu,2024-06-08T15:51:28,Evasive Leap (red),1,0
321,Nuu,2024-06-08T15:51:28,Hiss (red),1,0
321,Nuu,2024-06-08T15:51:28,Mind's Desire (red),1,0
321,Nuu,2024-06-08T15:51:28,Pick to Pieces (red),1,0
321,Nuu,2024-06-08T15:51:28,Tide Chakra (yellow),1,0
321,Nuu,2024-06-08T15:51:28,Venomous Bite (yellow),1,0
321,Nuu,2024-06-08T15:51:28,Bonds of Attraction (blue),1,0
321,Nuu,2024-06-08T15:51:28,Desires of Flesh (blue),1,0
321,Nuu,2024-06-08T15:51:28,First Tenet of Chi: Moon (blue),1,0
321,Nuu,2024-06-08T15:51:28,Impulsive Desire (blue),1,0
321,Nuu,2024-06-08T15:51:28,Intimate Inducement (blue),2,0
321,Nuu,2024-06-08T15:51:28,Mind's Desire (blue),1,0
321,Nuu,2024-06-08T15:51:28,Pass Over (blue),2,0
321,Nuu,2024-06-08T15:51:28,"Rising Sun, Setting Moon (blue)",1,0
321,Nuu,2024-06-08T15:51:28,Sacred Art: Undercurrent Desires (blue),1,0
321,Nuu,2024-06-08T15:51:28,Tidal Surge (blue),1,0
321,Nuu,2024-06-08T15:51:28,Venomous Bite (blue),2,0
321,Nuu,2024-06-08T15:51:28,Water the Seeds (blue),1,0
321,Nuu,2024-06-08T15:51:28,Wounding Blow (blue),1,0
321,Nuu,2024-06-08T15:51:28,Arousing Wave,1,1
321,Nuu,2024-06-08T15:51:28,Heirloom of Snake Hide,1,1
321,Nuu,2024-06-08T15:51:28,Skybody Keikoi,1,1
321,Nuu,2024-06-08T15:51:28,Skycrest Keikoi,1,1
321,Nuu,2024-06-08T15:51:28,Undertow Stilettos,1,1
322,Nuu,2024-06-08T16:40:05,Art of Desire: Body (red),2,0
322,Nuu,2024-06-08T16:40:05,Desires of Flesh (red),3,0
322,Nuu,2024-06-08T16:40:05,Emissary of Tides (red),1,0
322,Nuu,2024-06-08T16:40:05,Gravekeeping (red),1,0
322,Nuu,2024-06-08T16:40:05,Impulsive Desire (red),1,0
322,Nuu,2024-06-08T16:40:05,Intimate Inducement (red),2,0
322,Nuu,2024-06-08T16:40:05,Pick to Pieces (red),1,0
322,Nuu,2024-06-08T16:40:05,Venomous Bite (red),1,0
322,Nuu,2024-06-08T16:40:05,Blanch (yellow),1,0
322,Nuu,2024-06-08T16:40:05,Desires of Flesh (yellow),2,0
322,Nuu,2024-06-08T16:40:05,Evasive Leap (yellow),1,0
322,Nuu,2024-06-08T16:40:05,Hiss (yellow),1,0
322,Nuu,2024-06-08T16:40:05,Intimate Inducement (yellow),2,0
322,Nuu,2024-06-08T16:40:05,Mind's Desire (yellow),1,0
322,Nuu,2024-06-08T16:40:05,Venomous Bite (yellow),1,0
322,Nuu,2024-06-08T16:40:05,Bonds of Attraction (blue),1,0
322,Nuu,2024-06-08T16:40:05,Desires of Flesh (blue),2,0
322,Nuu,2024-06-08T16:40:05,Impulsive Desire (blue),2,0
322,Nuu,2024-06-08T16:40:05,Intimate Inducement (blue),3,0
322,Nuu,2024-06-08T16:40:05,Mind's Desire (blue),2,0
322,Nuu,2024-06-08T16:40:05,Path Well Traveled (blue),1,0
322,Nuu,2024-06-08T16:40:05,Pick to Pieces (blue),1,0
322,Nuu,2024-06-08T16:40:05,Arousing Wave,1,1
322,Nuu,2024-06-08T16:40:05,Heirloom of Snake Hide,1,1
322,Nuu,2024-06-08T16:40:05,Skycrest Keikoi,1,1
322,Nuu,2024-06-08T16:40:05,Skywalker Keikoi,1,1
322,Nuu,2024-06-08T16:40:05,Undertow Stilettos,1,1
323,Nuu,2024-06-08T17:30:45,Battlefront Bastion (red),1,0
323,Nuu,2024-06-08T17:30:45,Bonds of Memory (red),1,0
323,Nuu,2024-06-08T17:30:45,Desires of Flesh (red),2,0
323,Nuu,2024-06-08T17:30:45,Emissary of Tides (red),1,0
323,Nuu,2024-06-08T17:30:45,Evasive Leap (red),2,0
323,Nuu,2024-06-08T17:30:45,Hiss (red),3,0
323,Nuu,2024-06-08T17:30:45,Impulsive Desire (red),2,0
323,Nuu,2024-06-08T17:30:45,Pick to Pieces (red),1,0
323,Nuu,2024-06-08T17:30:45,Venomous Bite (red),2,0
323,Nuu,2024-06-08T17:30:45,Battlefront Bastion (yellow),1,0
323,Nuu,2024-06-08T17:30:45,Bonds of Attraction (yellow),1,0
323,Nuu,2024-06-08T17:30:45,Desires of Flesh (yellow),2,0
323,Nuu,2024-06-08T17:30:45,Hiss (yellow),1,0
323,Nuu,2024-06-08T17:30:45,Intimate Inducement (yellow),1,0
323,Nuu,2024-06-08T17:30:45,Pick to Pieces (yellow),1,0
323,Nuu,2024-06-08T17:30:45,Tide Chakra (yellow),1,0
323,Nuu,2024-06-08T17:30:45,Art of Desire: Mind (blue),1,0
323,Nuu,2024-06-08T17:30:45,Bonds of Memory (blue),1,0
323,Nuu,2024-06-08T17:30:45,Desires of Flesh (blue),1,0
323,Nuu,2024-06-08T17:30:45,First Tenet of Chi: Moon (blue),1,0
323,Nuu,2024-06-08T17:30:45,Hiss (blue),1,0
323,Nuu,2024-06-08T17:30:45,Impulsive Desire (blue),1,0
323,Nuu,2024-06-08T17:30:45,Intimate Inducement (blue),1,0
323,Nuu,2024-06-08T17:30:45,Pass Over (blue),1,0
323,Nuu,2024-06-08T17:30:45,Pick to Pieces (blue),1,0
323,Nuu,2024-06-08T17:30:45,Preserve Tradition (blue),1,0
323,Nuu,2024-06-08T17:30:45,"Rising Sun, Setting Moon (blue)",1,0
323,Nuu,2024-06-08T17:30:45,The Grain that Tips the Scale (blue),1,0
323,Nuu,2024-06-08T17:30:45,Water the Seeds (blue),1,0
323,Nuu,2024-06-08T17:30:45,Wounding Blow (blue),1,0
323,Nuu,2024-06-08T17:30:45,Arousing Wave,1,1
323,Nuu,2024-06-08T17:30:45,Skycrest Keikoi,1,1
323,Nuu,2024-06-08T17:30:45,Undertow Stilettos,1,1
324,Zen,2024-06-08T18:12:31,Battlefront Bastion (red),2,0
324,Zen,2024-06-08T18:12:31,Biting Breeze (red),1,0
324,Zen,2024-06-08T18:12:31,Blanch (red),1,0
324,Zen,2024-06-08T18:12:31,Companion of the Claw (red),1,0
324,Zen,2024-06-08T18:12:31,Harmony of the Hunt (red),1,0
324,Zen,2024-06-08T18:12:31,Pouncing Qi (red),2,0
324,Zen,2024-06-08T18:12:31,Water the Seeds (red),1,0
324,Zen,2024-06-08T18:12:31,Biting Breeze (yellow),1,0
324,Zen,2024-06-08T18:12:31,Blessing of Qi (yellow),1,0
324,Zen,2024-06-08T18:12:31,Gravekeeping (yellow),1,0
324,Zen,2024-06-08T18:12:31,Biting Breeze (blue),1,0
324,Zen,2024-06-08T18:12:31,Breed Anger (blue),1,0
324,Zen,2024-06-08T18:12:31,First Tenet of Chi: Moon (blue),1,0
324,Zen,2024-06-08T18:12:31,First Tenet of Chi: Tide (blue),1,0
324,Zen,2024-06-08T18:12:31,First Tenet of Chi: Wind (blue),1,0
324,Zen,2024-06-08T18:12:31,Flex Claws (blue),1,0
324,Zen,2024-06-08T18:12:31,Pass Over (blue),1,0
324,Zen,2024-06-08T18:12:31,Path Well Traveled (blue),1,0
324,Zen,2024-06-08T18:12:31,Pouncing Qi (blue),1,0
324,Zen,2024-06-08T18:12:31,Preserve Tradition (blue),1,0
324,Zen,2024-06-08T18:12:31,"Rising Sun, Setting Moon (blue)",1,0
324,Zen,2024-06-08T18:12:31,Rising Tide (blue),3,0
324,Zen,2024-06-08T18:12:31,Spillover (blue),2,0
324,Zen,2024-06-08T18:12:31,Tiger Form Incantation (blue),1,0
324,Zen,2024-06-08T18:12:31,Wide Blue Yonder (blue),1,0
324,Zen,2024-06-08T18:12:31,Wounding Blow (blue),1,0
324,Zen,2024-06-08T18:12:31,Aqua Seeing Shell,1,1
324,Zen,2024-06-08T18:12:31,Skybody Keikoi,1,1
324,Zen,2024-06-08T18:12:31,Skyhold Keikoi,1,1
324,Zen,2024-06-08T18:12:31,Skywalker Keikoi,1,1
325,Nuu,2024-06-08T19:36:21,Battlefront Bastion (red),2,0
325,Nuu,2024-06-08T19:36:21,Bonds of Memory (red),2,0
325,Nuu,2024-06-08T19:36:21,Desires of Flesh (red),1,0
325,Nuu,2024-06-08T19:36:21,Double Trouble (red),1,0
325,Nuu,2024-06-08T19:36:21,Fact-Finding Mission (red),2,0
325,Nuu,2024-06-08T19:36:21,Hiss (red),1,0
325,Nuu,2024-06-08T19:36:21,Venomous Bite (red),2,0
325,Nuu,2024-06-08T19:36:21,Water the Seeds (red),1,0
325,Nuu,2024-06-08T19:36:21,Wounding Blow (red),1,0
325,Nuu,2024-06-08T19:36:21,Battlefront Bastion (yellow),1,0
325,Nuu,2024-06-08T19:36:21,Bonds of Memory (yellow),1,0
325,Nuu,2024-06-08T19:36:21,Desires of Flesh (yellow),2,0
325,Nuu,2024-06-08T19:36:21,Mind's Desire (yellow),1,0
325,Nuu,2024-06-08T19:36:21,Bonds of Memory (blue),1,0
325,Nuu,2024-06-08T19:36:21,Desires of Flesh (blue),3,0
325,Nuu,2024-06-08T19:36:21,Droplet (blue),3,0
325,Nuu,2024-06-08T19:36:21,Fact-Finding Mission (blue),1,0
325,Nuu,2024-06-08T19:36:21,First Tenet of Chi: Tide (blue),1,0
325,Nuu,2024-06-08T19:36:21,Impulsive Desire (blue),1,0
325,Nuu,2024-06-08T19:36:21,Intimate Inducement (blue),1,0
325,Nuu,2024-06-08T19:36:21,Mind's Desire (blue),2,0
325,Nuu,2024-06-08T19:36:21,Path Well Traveled (blue),1,0
325,Nuu,2024-06-08T19:36:21,Pick to Pieces (blue),2,0
325,Nuu,2024-06-08T19:36:21,Preserve Tradition (blue),1,0
325,Nuu,2024-06-08T19:36:21,Rising Tide (blue),1,0
325,Nuu,2024-06-08T19:36:21,Aqua Laps,1,1
325,Nuu,2024-06-08T19:36:21,Skybody Keikoi,1,1
325,Nuu,2024-06-08T19:36:21,Skycrest Keikoi,1,1
326,Zen,2024-06-08T21:29:32,Biting Breeze (red),1,0
326,Zen,2024-06-08T21:29:32,Companion of the Claw (red),1,0
326,Zen,2024-06-08T21:29:32,Harmony of the Hunt (red),2,0
326,Zen,2024-06-08T21:29:32,Nimble Strike (red),1,0
326,Zen,2024-06-08T21:29:32,Pouncing Qi (red),2,0
326,Zen,2024-06-08T21:29:32,Tiger Form Incantation (red),1,0
326,Zen,2024-06-08T21:29:32,Untamed (red),2,0
326,Zen,2024-06-08T21:29:32,Wind Chakra (red),1,0
326,Zen,2024-06-08T21:29:32,Fact-Finding Mission (yellow),1,0
326,Zen,2024-06-08T21:29:32,Nimblism (yellow),1,0
326,Zen,2024-06-08T21:29:32,Pouncing Qi (yellow),1,0
326,Zen,2024-06-08T21:29:32,Tiger Form Incantation (yellow),1,0
326,Zen,2024-06-08T21:29:32,Aspect of Tiger: Mind (blue),1,0
326,Zen,2024-06-08T21:29:32,Biting Breeze (blue),1,0
326,Zen,2024-06-08T21:29:32,Companion of the Claw (blue),1,0
326,Zen,2024-06-08T21:29:32,Droplet (blue),1,0
326,Zen,2024-06-08T21:29:32,Evasive Leap (blue),1,0
326,Zen,2024-06-08T21:29:32,First Tenet of Chi: Moon (blue),1,0
326,Zen,2024-06-08T21:29:32,Nimblism (blue),1,0
326,Zen,2024-06-08T21:29:32,Pouncing Qi (blue),1,0
326,Zen,2024-06-08T21:29:32,Preserve Tradition (blue),1,0
326,Zen,2024-06-08T21:29:32,Stir the Pot (blue),1,0
326,Zen,2024-06-08T21:29:32,The Grain that Tips the Scale (blue),1,0
326,Zen,2024-06-08T21:29:32,Tidal Surge (blue),1,0
326,Zen,2024-06-08T21:29:32,Tiger Form Incantation (blue),1,0
326,Zen,2024-06-08T21:29:32,Untamed (blue),2,0
326,Zen,2024-06-08T21:29:32,Water the Seeds (blue),2,0
326,Zen,2024-06-08T21:29:32,Aqua Seeing Shell,1,1
326,Zen,2024-06-08T21:29:32,Koi Blessed Kimono,1,1
326,Zen,2024-06-08T21:29:32,Skywalker Keikoi,1,1
327,Zen,2024-06-08T22:05:37,Aspect of Tiger: Body (red),1,0
327,Zen,2024-06-08T22:05:37,Biting Breeze (red),1,0
327,Zen,2024-06-08T22:05:37,Breed Anger (red),1,0
327,Zen,2024-06-08T22:05:37,Companion of the Claw (red),2,0
327,Zen,2024-06-08T22:05:37,Emissary of Moon (red),1,0
327,Zen,2024-06-08T22:05:37,Flex Claws (red),1,0
327,Zen,2024-06-08T22:05:37,Pouncing Qi (red),2,0
327,Zen,2024-06-08T22:05:37,Tiger Form Incantation (red),1,0
327,Zen,2024-06-08T22:05:37,Untamed (red),1,0
327,Zen,2024-06-08T22:05:37,Battlefront Bastion (yellow),1,0
327,Zen,2024-06-08T22:05:37,Cracked Bauble (yellow),1,0
327,Zen,2024-06-08T22:05:37,Harmony of the Hunt (yellow),2,0
327,Zen,2024-06-08T22:05:37,Nimble Strike (yellow),1,0
327,Zen,2024-06-08T22:05:37,Biting Breeze (blue),1,0
327,Zen,2024-06-08T22:05:37,First Tenet of Chi: Moon (blue),1,0
327,Zen,2024-06-08T22:05:37,First Tenet of Chi: Tide (blue),1,0
327,Zen,2024-06-08T22:05:37,Harmony of the Hunt (blue),1,0
327,Zen,2024-06-08T22:05:37,Levels of Enlightenment (blue),1,0
327,Zen,2024-06-08T22:05:37,Preserve Tradition (blue),1,0
327,Zen,2024-06-08T22:05:37,"Rising Sun, Setting Moon (blue)",1,0
327,Zen,2024-06-08T22:05:37,Spillover (blue),1,0
327,Zen,2024-06-08T22:05:37,Untamed (blue),2,0
327,Zen,2024-06-08T22:05:37,Water the Seeds (blue),1,0
327,Zen,2024-06-08T22:05:37,Wide Blue Yonder (blue),1,0
327,Zen,2024-06-08T22:05:37,Wind Chakra (blue),2,0
327,Zen,2024-06-08T22:05:37,Koi Blessed Kimono,1,1
327,Zen,2024-06-08T22:05:37,Mask of Wizened Whiskers,1,1
327,Zen,2024-06-08T22:05:37,Skyhold Keikoi,1,1
327,Zen,2024-06-08T22:05:37,Stride of Reprisal,1,1
328,Zen,2024-06-08T23:24:00,Biting Breeze (red),2,0
328,Zen,2024-06-08T23:24:00,Breed Anger (red),1,0
328,Zen,2024-06-08T23:24:00,Flex Claws (red),1,0
328,Zen,2024-06-08T23:24:00,Tiger Form Incantation (red),3,0
328,Zen,2024-06-08T23:24:00,Untamed (red),2,0
328,Zen,2024-06-08T23:24:00,Water the Seeds (red),2,0
328,Zen,2024-06-08T23:24:00,Battlefront Bastion (yellow),1,0
328,Zen,2024-06-08T23:24:00,Biting Breeze (yellow),1,0
328,Zen,2024-06-08T23:24:00,Blessing of Qi (yellow),1,0
328,Zen,2024-06-08T23:24:00,Breed Anger (yellow),1,0
328,Zen,2024-06-08T23:24:00,Companion of the Claw (yellow),1,0
328,Zen,2024-06-08T23:24:00,Evasive Leap (yellow),1,0
328,Zen,2024-06-08T23:24:00,Pouncing Qi (yellow),1,0
328,Zen,2024-06-08T23:24:00,Tiger Form Incantation (yellow),1,0
328,Zen,2024-06-08T23:24:00,Untamed (yellow),1,0
328,Zen,2024-06-08T23:24:00,Battlefront Bastion (blue),1,0
328,Zen,2024-06-08T23:24:00,Biting Breeze (blue),1,0
328,Zen,2024-06-08T23:24:00,Blanch (blue),1,0
328,Zen,2024-06-08T23:24:00,Breed Anger (blue),2,0
328,Zen,2024-06-08T23:24:00,Companion of the Claw (blue),1,0
328,Zen,2024-06-08T23:24:00,Deep Blue Sea (blue),1,0
328,Zen,2024-06-08T23:24:00,Evasive Leap (blue),1,0
328,Zen,2024-06-08T23:24:00,First Tenet of Chi: Moon (blue),1,0
328,Zen,2024-06-08T23:24:00,First Tenet of Chi: Tide (blue),1,0
328,Zen,2024-06-08T23:24:00,Pouncing Qi (blue),3,0
328,Zen,2024-06-08T23:24:00,Second Tenet of Chi: Wind (blue),1,0
328,Zen,2024-06-08T23:24:00,Untamed (blue),2,0
328,Zen,2024-06-08T23:24:00,Skybody Keikoi,1,1
328,Zen,2024-06-08T23:24:00,Skycrest Keikoi,1,1
328,Zen,2024-06-08T23:24:00,Stride of Reprisal,1,1
329,Enigma,2024-06-09T00:44:27,Battlefront Bastion (red),1,0
329,Enigma,2024-06-09T00:44:27,Essence of Ancestry: Body (red),1,0
329,Enigma,2024-06-09T00:44:27,Fact-Finding Mission (red),1,0
329,Enigma,2024-06-09T00:44:27,Haze Shelter (red),1,0
329,Enigma,2024-06-09T00:44:27,Sigil of Solitude (red),1,0
329,Enigma,2024-06-09T00:44:27,Spectral Manifestations (red),1,0
329,Enigma,2024-06-09T00:44:27,Waning Vengeance (red),1,0
329,Enigma,2024-06-09T00:44:27,Waxing Specter (red),1,0
329,Enigma,2024-06-09T00:44:27,Battlefront Bastion (yellow),2,0
329,Enigma,2024-06-09T00:44:27,Essence of Ancestry: Soul (yellow),1,0
329,Enigma,2024-06-09T00:44:27,Gravekeeping (yellow),1,0
329,Enigma,2024-06-09T00:44:27,Haze Shelter (yellow),1,0
329,Enigma,2024-06-09T00:44:27,Spectral Manifestations (yellow),1,0
329,Enigma,2024-06-09T00:44:27,A Drop in the Ocean (blue),3,0
329,Enigma,2024-06-09T00:44:27,Battlefront Bastion (blue),2,0
329,Enigma,2024-06-09T00:44:27,First Tenet of Chi: Wind (blue),1,0
329,Enigma,2024-06-09T00:44:27,Preserve Tradition (blue),1,0
329,Enigma,2024-06-09T00:44:27,Sigil of Solitude (blue),2,0
329,Enigma,2024-06-09T00:44:27,Spectral Manifestations (blue),1,0
329,Enigma,2024-06-09T00:44:27,Stir the Pot (blue),1,0
329,Enigma,2024-06-09T00:44:27,Tidal Surge (blue),1,0
329,Enigma,2024-06-09T00:44:27,Vengeful Apparition (blue),1,0
329,Enigma,2024-06-09T00:44:27,Wash Away (blue),2,0
329,Enigma,2024-06-09T00:44:27,Waxing Specter (blue),1,0
329,Enigma,2024-06-09T00:44:27,Wide Blue Yonder (blue),2,0
329,Enigma,2024-06-09T00:44:27,Heirloom of Rabbit Hide,1,1
329,Enigma,2024-06-09T00:44:27,Skycrest Keikoi,1,1
329,Enigma,2024-06-09T00:44:27,Skyhold Keikoi,1,1
329,Enigma,2024-06-09T00:44:27,Skywalker Keikoi,1,1
329,Enigma,2024-06-09T00:44:27,Truths Retold,1,1
330,Enigma,2024-06-09T00:58:24,"10,000 Year Reunion (red)",1,0
330,Enigma,2024-06-09T00:58:24,Gravekeeping (red),1,0
330,Enigma,2024-06-09T00:58:24,Haze Shelter (red),1,0
330,Enigma,2024-06-09T00:58:24,Solitary Companion (red),1,0
330,Enigma,2024-06-09T00:58:24,Vengeful Apparition (red),1,0
330,Enigma,2024-06-09T00:58:24,Waxing Specter (red),1,0
330,Enigma,2024-06-09T00:58:24,Battlefront Bastion (yellow),3,0
330,Enigma,2024-06-09T00:58:24,Fact-Finding Mission (yellow),1,0
330,Enigma,2024-06-09T00:58:24,Haze Shelter (yellow),1,0
330,Enigma,2024-06-09T00:58:24,Single Minded Determination (yellow),1,0
330,Enigma,2024-06-09T00:58:24,Waning Vengeance (yellow),2,0
330,Enigma,2024-06-09T00:58:24,Waxing Specter (yellow),1,0
330,Enigma,2024-06-09T00:58:24,A Drop in the Ocean (blue),1,0
330,Enigma,2024-06-09T00:58:24,Attune with Cosmic Vibrations (blue),1,0
330,Enigma,2024-06-09T00:58:24,Battlefront Bastion (blue),1,0
330,Enigma,2024-06-09T00:58:24,Evasive Leap (blue),1,0
330,Enigma,2024-06-09T00:58:24,First Tenet of Chi: Wind (blue),1,0
330,Enigma,2024-06-09T00:58:24,Pass Over (blue),1,0
330,Enigma,2024-06-09T00:58:24,"Rising Sun, Setting Moon (blue)",1,0
330,Enigma,2024-06-09T00:58:24,Sacred Art: Immortal Lunar Shrine (blue),1,0
330,Enigma,2024-06-09T00:58:24,Second Tenet of Chi: Moon (blue),1,0
330,Enigma,2024-06-09T00:58:24,Sigil of Solitude (blue),1,0
330,Enigma,2024-06-09T00:58:24,Solitary Companion (blue),1,0
330,Enigma,2024-06-09T00:58:24,The Grain that Tips the Scale (blue),1,0
330,Enigma,2024-06-09T00:58:24,Waning Vengeance (blue),1,0
330,Enigma,2024-06-09T00:58:24,Wash Away (blue),2,0
330,Enigma,2024-06-09T00:58:24,Waxing Specter (blue),2,0
330,Enigma,2024-06-09T00:58:24,Wounding Blow (blue),1,0
330,Enigma,2024-06-09T00:58:24,Skybody Keikoi,1,1
330,Enigma,2024-06-09T00:58:24,Skycrest Keikoi,1,1
330,Enigma,2024-06-09T00:58:24,Skywalker Keikoi,1,1
331,Enigma,2024-06-09T01:45:02,Astral Etchings (red),1,0
331,Enigma,2024-06-09T01:45:02,Emissary of Moon (red),2,0
331,Enigma,2024-06-09T01:45:02,Haunting Specter (red),1,0
331,Enigma,2024-06-09T01:45:02,Solitary Companion (red),1,0
331,Enigma,2024-06-09T01:45:02,Spectral Manifestations (red),1,0
331,Enigma,2024-06-09T01:45:02,Vengeful Apparition (red),1,0
331,Enigma,2024-06-09T01:45:02,Waning Vengeance (red),1,0
331,Enigma,2024-06-09T01:45:02,Astral Etchings (yellow),1,0
331,Enigma,2024-06-09T01:45:02,Battlefront Bastion (yellow),1,0
331,Enigma,2024-06-09T01:45:02,Single Minded Determination (yellow),1,0
331,Enigma,2024-06-09T01:45:02,Vengeful Apparition (yellow),1,0
331,Enigma,2024-06-09T01:45:02,Waning Vengeance (yellow),2,0
331,Enigma,2024-06-09T01:45:02,Waxing Specter (yellow),1,0
331,Enigma,2024-06-09T01:45:02,A Drop in the Ocean (blue),2,0
331,Enigma,2024-06-09T01:45:02,Astral Etchings (blue),1,0
331,Enigma,2024-06-09T01:45:02,Battlefront Bastion (blue),1,0
331,Enigma,2024-06-09T01:45:02,Droplet (blue),1,0
331,Enigma,2024-06-09T01:45:02,Fact-Finding Mission (blue),1,0
331,Enigma,2024-06-09T01:45:02,First Tenet of Chi: Moon (blue),1,0
331,Enigma,2024-06-09T01:45:02,Homage to Ancestors (blue),2,0
331,Enigma,2024-06-09T01:45:02,Path Well Traveled (blue),2,0
331,Enigma,2024-06-09T01:45:02,Single Minded Determination (blue),2,0
331,Enigma,2024-06-09T01:45:02,Solitary Companion (blue),1,0
331,Enigma,2024-06-09T01:45:02,Tidal Surge (blue),1,0
331,Enigma,2024-06-09T01:45:02,Vengeful Apparition (blue),3,0
331,Enigma,2024-06-09T01:45:02,Waxing Specter (blue),1,0
331,Enigma,2024-06-09T01:45:02,Skybody Keikoi,1,1
331,Enigma,2024-06-09T01:45:02,Skywalker Keikoi,1,1
331,Enigma,2024-06-09T01:45:02,Truths Retold,1,1
332,Nuu,2024-06-09T02:01:15,Bonds of Attraction (red),2,0
332,Nuu,2024-06-09T02:01:15,Bonds of Memory (red),1,0
332,Nuu,2024-06-09T02:01:15,Desires of Flesh (red),2,0
332,Nuu,2024-06-09T02:01:15,Double Trouble (red),1,0
332,Nuu,2024-06-09T02:01:15,Fact-Finding Mission (red),1,0
332,Nuu,2024-06-09T02:01:15,Gravekeeping (red),1,0
332,Nuu,2024-06-09T02:01:15,Hiss (red),2,0
332,Nuu,2024-06-09T02:01:15,Mind's Desire (red),1,0
332,Nuu,2024-06-09T02:01:15,Pick to Pieces (red),1,0
332,Nuu,2024-06-09T02:01:15,Venomous Bite (red),1,0
332,Nuu,2024-06-09T02:01:15,Double Trouble (yellow),1,0
332,Nuu,2024-06-09T02:01:15,Impulsive Desire (yellow),1,0
332,Nuu,2024-06-09T02:01:15,Intimate Inducement (yellow),1,0
332,Nuu,2024-06-09T02:01:15,Mind's Desire (yellow),1,0
332,Nuu,2024-06-09T02:01:15,Water the Seeds (yellow),1,0
332,Nuu,2024-06-09T02:01:15,Bonds of Memory (blue),1,0
332,Nuu,2024-06-09T02:01:15,Desires of Flesh (blue),2,0
332,Nuu,2024-06-09T02:01:15,Droplet (blue),2,0
332,Nuu,2024-06-09T02:01:15,First Tenet of Chi: Tide (blue),3,0
332,Nuu,2024-06-09T02:01:15,Hiss (blue),1,0
332,Nuu,2024-06-09T02:01:15,Impulsive Desire (blue),2,0
332,Nuu,2024-06-09T02:01:15,Intimate Inducement (blue),1,0
332,Nuu,2024-06-09T02:01:15,Pick to Pieces (blue),1,0
332,Nuu,2024-06-09T02:01:15,The Grain that Tips the Scale (blue),1,0
332,Nuu,2024-06-09T02:01:15,Venomous Bite (blue),1,0
332,Nuu,2024-06-09T02:01:15,Wounding Blow (blue),1,0
332,Nuu,2024-06-09T02:01:15,Koi Blessed Kimono,1,1
332,Nuu,2024-06-09T02:01:15,Skycrest Keikoi,1,1
332,Nuu,2024-06-09T02:01:15,Skyhold Keikoi,1,1
332,Nuu,2024-06-09T02:01:15,Undertow Stilettos,1,1
333,Enigma,2024-06-09T03:59:28,Haze Shelter (red),2,0
333,Enigma,2024-06-09T03:59:28,Moon Chakra (red),1,0
333,Enigma,2024-06-09T03:59:28,Solitary Companion (red),1,0
333,Enigma,2024-06-09T03:59:28,Spectral Manifestations (red),1,0
333,Enigma,2024-06-09T03:59:28,Vengeful Apparition (red),1,0
333,Enigma,2024-06-09T03:59:28,Waning Vengeance (red),1,0
333,Enigma,2024-06-09T03:59:28,Waxing Specter (red),1,0
333,Enigma,2024-06-09T03:59:28,Battlefront Bastion (yellow),1,0
333,Enigma,2024-06-09T03:59:28,Blanch (yellow),1,0
333,Enigma,2024-06-09T03:59:28,Haunting Specter (yellow),1,0
333,Enigma,2024-06-09T03:59:28,Haze Shelter (yellow),1,0
333,Enigma,2024-06-09T03:59:28,Moon Chakra (yellow),1,0
333,Enigma,2024-06-09T03:59:28,Restless Coalescence (yellow),1,0
333,Enigma,2024-06-09T03:59:28,Solitary Companion (yellow),1,0
333,Enigma,2024-06-09T03:59:28,Spectral Manifestations (yellow),1,0
333,Enigma,2024-06-09T03:59:28,Waning Vengeance (yellow),1,0
333,Enigma,2024-06-09T03:59:28,A Drop in the Ocean (blue),2,0
333,Enigma,2024-06-09T03:59:28,Evasive Leap (blue),1,0
333,Enigma,2024-06-09T03:59:28,Fact-Finding Mission (blue),1,0
333,Enigma,2024-06-09T03:59:28,First Tenet of Chi: Moon (blue),2,0
333,Enigma,2024-06-09T03:59:28,First Tenet of Chi: Tide (blue),1,0
333,Enigma,2024-06-09T03:59:28,Haunting Specter (blue),1,0
333,Enigma,2024-06-09T03:59:28,Haze Shelter (blue),1,0
333,Enigma,2024-06-09T03:59:28,Homage to Ancestors (blue),2,0
333,Enigma,2024-06-09T03:59:28,Preserve Tradition (blue),1,0
333,Enigma,2024-06-09T03:59:28,Second Tenet of Chi: Wind (blue),1,0
333,Enigma,2024-06-09T03:59:28,Spectral Manifestations (blue),1,0
333,Enigma,2024-06-09T03:59:28,Stir the Pot (blue),1,0
333,Enigma,2024-06-09T03:59:28,Waning Vengeance (blue),1,0
333,Enigma,2024-06-09T03:59:28,Waxing Specter (blue),2,0
333,Enigma,2024-06-09T03:59:28,Aqua Laps,1,1
333,Enigma,2024-06-09T03:59:28,Skybody Keikoi,1,1
333,Enigma,2024-06-09T03:59:28,Truths Retold,1,1
333,Enigma,2024-06-09T03:59:28,Uphold Tradition,1,1
334,Enigma,2024-06-09T04:42:04,Battlefront Bastion (red),1,0
334,Enigma,2024-06-09T04:42:04,Essence of Ancestry: Body (red),2,0
334,Enigma,2024-06-09T04:42:04,Evasive Leap (red),1,0
334,Enigma,2024-06-09T04:42:04,Haze Shelter (red),2,0
334,Enigma,2024-06-09T04:42:04,Moon Chakra (red),1,0
334,Enigma,2024-06-09T04:42:04,Sigil of Solitude (red),1,0
334,Enigma,2024-06-09T04:42:04,Single Minded Determination (red),2,0
334,Enigma,2024-06-09T04:42:04,Solitary Companion (red),1,0
334,Enigma,2024-06-09T04:42:04,Spectral Manifestations (red),1,0
334,Enigma,2024-06-09T04:42:04,Vengeful Apparition (red),1,0
334,Enigma,2024-06-09T04:42:04,Wounding Blow (red),1,0
334,Enigma,2024-06-09T04:42:04,Single Minded Determination (yellow),2,0
334,Enigma,2024-06-09T04:42:04,Spectral Manifestations (yellow),1,0
334,Enigma,2024-06-09T04:42:04,Waning Vengeance (yellow),1,0
334,Enigma,2024-06-09T04:42:04,A Drop in the Ocean (blue),1,0
334,Enigma,2024-06-09T04:42:04,Battlefront Bastion (blue),1,0
334,Enigma,2024-06-09T04:42:04,Blanch (blue),1,0
334,Enigma,2024-06-09T04:42:04,Fact-Finding Mission (blue),2,0
334,Enigma,2024-06-09T04:42:04,First Tenet of Chi: Moon (blue),1,0
334,Enigma,2024-06-09T04:42:04,First Tenet of Chi: Tide (blue),1,0
334,Enigma,2024-06-09T04:42:04,Haze Shelter (blue),1,0
334,Enigma,2024-06-09T04:42:04,Homage to Ancestors (blue),1,0
334,Enigma,2024-06-09T04:42:04,Sigil of Solitude (blue),1,0
334,Enigma,2024-06-09T04:42:04,Single Minded Determination (blue),1,0
334,Enigma,2024-06-09T04:42:04,Spectral Manifestations (blue),1,0
334,Enigma,2024-06-09T04:42:04,Stir the Pot (blue),1,0
334,Enigma,2024-06-09T04:42:04,Wash Away (blue),3,0
334,Enigma,2024-06-09T04:42:04,Aqua Laps,1,1
334,Enigma,2024-06-09T04:42:04,Skybody Keikoi,1,1
334,Enigma,2024-06-09T04:42:04,Skycrest Keikoi,1,1
334,Enigma,2024-06-09T04:42:04,Uphold Tradition,1,1
335,Enigma,2024-06-09T06:37:10,Blanch (red),1,0
335,Enigma,2024-06-09T06:37:10,Emissary of Moon (red),1,0
335,Enigma,2024-06-09T06:37:10,Evasive Leap (red),1,0
335,Enigma,2024-06-09T06:37:10,Fact-Finding Mission (red),1,0
335,Enigma,2024-06-09T06:37:10,Haunting Specter (red),3,0
335,Enigma,2024-06-09T06:37:10,Haze Shelter (red),1,0
335,Enigma,2024-06-09T06:37:10,Sigil of Solitude (red),3,0
335,Enigma,2024-06-09T06:37:10,Solitary Companion (red),1,0
335,Enigma,2024-06-09T06:37:10,Spectral Manifestations (red),1,0
335,Enigma,2024-06-09T06:37:10,Waxing Specter (red),2,0
335,Enigma,2024-06-09T06:37:10,Astral Etchings (yellow),1,0
335,Enigma,2024-06-09T06:37:10,Battlefront Bastion (yellow),2,0
335,Enigma,2024-06-09T06:37:10,Spectral Manifestations (yellow),1,0
335,Enigma,2024-06-09T06:37:10,Waxing Specter (yellow),1,0
335,Enigma,2024-06-09T06:37:10,A Drop in the Ocean (blue),2,0
335,Enigma,2024-06-09T06:37:10,Battlefront Bastion (blue),1,0
335,Enigma,2024-06-09T06:37:10,First Tenet of Chi: Moon (blue),1,0
335,Enigma,2024-06-09T06:37:10,First Tenet of Chi: Tide (blue),1,0
335,Enigma,2024-06-09T06:37:10,First Tenet of Chi: Wind (blue),1,0
335,Enigma,2024-06-09T06:37:10,Haze Shelter (blue),1,0
335,Enigma,2024-06-09T06:37:10,Homage to Ancestors (blue),1,0
335,Enigma,2024-06-09T06:37:10,Manifestation of Miragai (blue),1,0
335,Enigma,2024-06-09T06:37:10,Sacred Art: Immortal Lunar Shrine (blue),1,0
335,Enigma,2024-06-09T06:37:10,Solitary Companion (blue),1,0
335,Enigma,2024-06-09T06:37:10,Tidal Surge (blue),1,0
335,Enigma,2024-06-09T06:37:10,Vengeful Apparition (blue),2,0
335,Enigma,2024-06-09T06:37:10,Wash Away (blue),1,0
335,Enigma,2024-06-09T06:37:10,Water the Seeds (blue),1,0
335,Enigma,2024-06-09T06:37:10,Waxing Specter (blue),3,0
335,Enigma,2024-06-09T06:37:10,Wounding Blow (blue),1,0
335,Enigma,2024-06-09T06:37:10,Koi Blessed Kimono,1,1
335,Enigma,2024-06-09T06:37:10,Skycrest Keikoi,1,1
336,Zen,2024-06-12T15:24:58,Biting Breeze (red),1,0
336,Zen,2024-06-12T15:24:58,Companion of the Claw (red),3,0
336,Zen,2024-06-12T15:24:58,Evasive Leap (red),1,0
336,Zen,2024-06-12T15:24:58,Nimble Strike (red),1,0
336,Zen,2024-06-12T15:24:58,Pouncing Qi (red),1,0
336,Zen,2024-06-12T15:24:58,Tiger Form Incantation (red),2,0
336,Zen,2024-06-12T15:24:58,Untamed (red),2,0
336,Zen,2024-06-12T15:24:58,Water the Seeds (red),1,0
336,Zen,2024-06-12T15:24:58,Battlefront Bastion (yellow),1,0
336,Zen,2024-06-12T15:24:58,Evasive Leap (yellow),1,0
336,Zen,2024-06-12T15:24:58,Flex Claws (yellow),1,0
336,Zen,2024-06-12T15:24:58,Nimblism (yellow),1,0
336,Zen,2024-06-12T15:24:58,Qi Unleashed (yellow),1,0
336,Zen,2024-06-12T15:24:58,Wind Chakra (yellow),1,0
336,Zen,2024-06-12T15:24:58,A Drop in the Ocean (blue),1,0
336,Zen,2024-06-12T15:24:58,Aspect of Tiger: Mind (blue),1,0
336,Zen,2024-06-12T15:24:58,Battlefront Bastion (blue),2,0
336,Zen,2024-06-12T15:24:58,Droplet (blue),2,0
336,Zen,2024-06-12T15:24:58,First Tenet of Chi: Tide (blue),1,0
336,Zen,2024-06-12T15:24:58,Harmony of the Hunt (blue),2,0
336,Zen,2024-06-12T15:24:58,Path Well Traveled (blue),1,0
336,Zen,2024-06-12T15:24:58,Pouncing Qi (blue),2,0
336,Zen,2024-06-12T15:24:58,Preserve Tradition (blue),1,0
336,Zen,2024-06-12T15:24:58,Rising Tide (blue),1,0
336,Zen,2024-06-12T15:24:58,Untamed (blue),1,0
336,Zen,2024-06-12T15:24:58,Water the Seeds (blue),1,0
336,Zen,2024-06-12T15:24:58,Wounding Blow (blue),1,0
336,Zen,2024-06-12T15:24:58,Heirloom of Tiger Hide,1,1
336,Zen,2024-06-12T15:24:58,Skycrest Keikoi,1,1
336,Zen,2024-06-12T15:24:58,Stride of Reprisal,1,1
337,Zen,2024-06-12T18:42:27,Blanch (red),1,0
337,Zen,2024-06-12T18:42:27,Breed Anger (red),2,0
337,Zen,2024-06-12T18:42:27,Chase the Tail (red),1,0
337,Zen,2024-06-12T18:42:27,Companion of the Claw (red),2,0
337,Zen,2024-06-12T18:42:27,Emissary of Tides (red),1,0
337,Zen,2024-06-12T18:42:27,Flex Claws (red),1,0
337,Zen,2024-06-12T18:42:27,Nimblism (red),1,0
337,Zen,2024-06-12T18:42:27,Pouncing Qi (red),1,0
337,Zen,2024-06-12T18:42:27,Tiger Form Incantation (red),2,0
337,Zen,2024-06-12T18:42:27,Untamed (red),2,0
337,Zen,2024-06-12T18:42:27,Water the Seeds (red),2,0
337,Zen,2024-06-12T18:42:27,Biting Breeze (yellow),1,0
337,Zen,2024-06-12T18:42:27,Companion of the Claw (yellow),2,0
337,Zen,2024-06-12T18:42:27,Evasive Leap (yellow),1,0
337,Zen,2024-06-12T18:42:27,Maul (yellow),1,0
337,Zen,2024-06-12T18:42:27,Qi Unleashed (yellow),1,0
337,Zen,2024-06-12T18:42:27,Wind Chakra (yellow),1,0
337,Zen,2024-06-12T18:42:27,Aspect of Tiger: Mind (blue),1,0
337,Zen,2024-06-12T18:42:27,Biting Breeze (blue),1,0
337,Zen,2024-06-12T18:42:27,Companion of the Claw (blue),1,0
337,Zen,2024-06-12T18:42:27,Droplet (blue),1,0
337,Zen,2024-06-12T18:42:27,First Tenet of Chi: Moon (blue),1,0
337,Zen,2024-06-12T18:42:27,First Tenet of Chi: Tide (blue),1,0
337,Zen,2024-06-12T18:42:27,Flex Claws (blue),2,0
337,Zen,2024-06-12T18:42:27,Homage to Ancestors (blue),1,0
337,Zen,2024-06-12T18:42:27,Pouncing Qi (blue),1,0
337,Zen,2024-06-12T18:42:27,Preserve Tradition (blue),1,0
337,Zen,2024-06-12T18:42:27,Second Tenet of Chi: Moon (blue),1,0
337,Zen,2024-06-12T18:42:27,Spillover (blue),1,0
337,Zen,2024-06-12T18:42:27,Water the Seeds (blue),1,0
337,Zen,2024-06-12T18:42:27,Mask of Wizened Whiskers,1,1
337,Zen,2024-06-12T18:42:27,Skyhold Keikoi,1,1
338,Nuu,2024-06-12T19:51:46,Battlefront Bastion (red),1,0
338,Nuu,2024-06-12T19:51:46,Desires of Flesh (red),3,0
338,Nuu,2024-06-12T19:51:46,Hiss (red),1,0
338,Nuu,2024-06-12T19:51:46,Impulsive Desire (red),1,0
338,Nuu,2024-06-12T19:51:46,Venomous Bite (red),1,0
338,Nuu,2024-06-12T19:51:46,Art of Desire: Soul (yellow),1,0
338,Nuu,2024-06-12T19:51:46,Fact-Finding Mission (yellow),1,0
338,Nuu,2024-06-12T19:51:46,Pick to Pieces (yellow),2,0
338,Nuu,2024-06-12T19:51:46,Venomous Bite (yellow),1,0
338,Nuu,2024-06-12T19:51:46,Desires of Flesh (blue),3,0
338,Nuu,2024-06-12T19:51:46,Droplet (blue),1,0
338,Nuu,2024-06-12T19:51:46,Impulsive Desire (blue),3,0
338,Nuu,2024-06-12T19:51:46,Intimate Inducement (blue),2,0
338,Nuu,2024-06-12T19:51:46,Mind's Desire (blue),1,0
338,Nuu,2024-06-12T19:51:46,Path Well Traveled (blue),2,0
338,Nuu,2024-06-12T19:51:46,Pick to Pieces (blue),2,0
338,Nuu,2024-06-12T19:51:46,Preserve Tradition (blue),1,0
338,Nuu,2024-06-12T19:51:46,Spillover (blue),1,0
338,Nuu,2024-06-12T19:51:46,Tidal Surge (blue),1,0
338,Nuu,2024-06-12T19:51:46,Unravel Aggression (blue),1,0
338,Nuu,2024-06-12T19:51:46,Venomous Bite (blue),1,0
338,Nuu,2024-06-12T19:51:46,Wounding Blow (blue),1,0
338,Nuu,2024-06-12T19:51:46,Aqua Laps,1,1
338,Nuu,2024-06-12T19:51:46,Arousing Wave,1,1
338,Nuu,2024-06-12T19:51:46,Skycrest Keikoi,1,1
338,Nuu,2024-06-12T19:51:46,Skywalker Keikoi,1,1
339,Enigma,2024-06-12T20:46:18,Astral Etchings (red),1,0
339,Enigma,2024-06-12T20:46:18,Battlefront Bastion (red),1,0
339,Enigma,2024-06-12T20:46:18,Essence of Ancestry: Body (red),1,0
339,Enigma,2024-06-12T20:46:18,Evasive Leap (red),1,0
339,Enigma,2024-06-12T20:46:18,Fact-Finding Mission (red),1,0
339,Enigma,2024-06-12T20:46:18,Haunting Specter (red),1,0
339,Enigma,2024-06-12T20:46:18,Haze Shelter (red),2,0
339,Enigma,2024-06-12T20:46:18,Sigil of Solitude (red),1,0
339,Enigma,2024-06-12T20:46:18,Single Minded Determination (red),2,0
339,Enigma,2024-06-12T20:46:18,Spectral Manifestations (red),1,0
339,Enigma,2024-06-12T20:46:18,Vengeful Apparition (red),1,0
339,Enigma,2024-06-12T20:46:18,Waning Vengeance (red),1,0
339,Enigma,2024-06-12T20:46:18,Battlefront Bastion (yellow),1,0
339,Enigma,2024-06-12T20:46:18,Single Minded Determination (yellow),1,0
339,Enigma,2024-06-12T20:46:18,Solitary Companion (yellow),1,0
339,Enigma,2024-06-12T20:46:18,Spectral Manifestations (yellow),1,0
339,Enigma,2024-06-12T20:46:18,Vengeful Apparition (yellow),1,0
339,Enigma,2024-06-12T20:46:18,Waxing Specter (yellow),1,0
339,Enigma,2024-06-12T20:46:18,A Drop in the Ocean (blue),2,0
339,Enigma,2024-06-12T20:46:18,Big Blue Sky (blue),1,0
339,Enigma,2024-06-12T20:46:18,First Tenet of Chi: Tide (blue),1,0
339,Enigma,2024-06-12T20:46:18,First Tenet of Chi: Wind (blue),1,0
339,Enigma,2024-06-12T20:46:18,Haunting Specter (blue),1,0
339,Enigma,2024-06-12T20:46:18,Preserve Tradition (blue),2,0
339,Enigma,2024-06-12T20:46:18,Single Minded Determination (blue),1,0
339,Enigma,2024-06-12T20:46:18,Spectral Manifestations (blue),2,0
339,Enigma,2024-06-12T20:46:18,Vengeful Apparition (blue),3,0
339,Enigma,2024-06-12T20:46:18,Wash Away (blue),1,0
339,Enigma,2024-06-12T20:46:18,Waxing Specter (blue),1,0
339,Enigma,2024-06-12T20:46:18,Koi Blessed Kimono,1,1
339,Enigma,2024-06-12T20:46:18,Skyhold Keikoi,1,1
339,Enigma,2024-06-12T20:46:18,Skywalker Keikoi,1,1
339,Enigma,2024-06-12T20:46:18,Truths Retold,1,1
340,Enigma,2024-06-12T20:47:22,Essence of Ancestry: Body (red),1,0
340,Enigma,2024-06-12T20:47:22,Evasive Leap (red),1,0
340,Enigma,2024-06-12T20:47:22,Spectral Manifestations (red),1,0
340,Enigma,2024-06-12T20:47:22,Vengeful Apparition (red),3,0
340,Enigma,2024-06-12T20:47:22,Waning Vengeance (red),1,0
340,Enigma,2024-06-12T20:47:22,Waxing Specter (red),1,0
340,Enigma,2024-06-12T20:47:22,Wounding Blow (red),1,0
340,Enigma,2024-06-12T20:47:22,Astral Etchings (yellow),2,0
340,Enigma,2024-06-12T20:47:22,Haunting Specter (yellow),1,0
340,Enigma,2024-06-12T20:47:22,Single Minded Determination (yellow),1,0
340,Enigma,2024-06-12T20:47:22,Water the Seeds (yellow),1,0
340,Enigma,2024-06-12T20:47:22,A Drop in the Ocean (blue),2,0
340,Enigma,2024-06-12T20:47:22,Battlefront Bastion (blue),1,0
340,Enigma,2024-06-12T20:47:22,First Tenet of Chi: Tide (blue),1,0
340,Enigma,2024-06-12T20:47:22,Homage to Ancestors (blue),2,0
340,Enigma,2024-06-12T20:47:22,Preserve Tradition (blue),1,0
340,Enigma,2024-06-12T20:47:22,Rising Tide (blue),2,0
340,Enigma,2024-06-12T20:47:22,Second Tenet of Chi: Moon (blue),1,0
340,Enigma,2024-06-12T20:47:22,Second Tenet of Chi: Tide (blue),1,0
340,Enigma,2024-06-12T20:47:22,Solitary Companion (blue),1,0
340,Enigma,2024-06-12T20:47:22,Spillover (blue),1,0
340,Enigma,2024-06-12T20:47:22,Stir the Pot (blue),3,0
340,Enigma,2024-06-12T20:47:22,Tidal Surge (blue),1,0
340,Enigma,2024-06-12T20:47:22,Wash Away (blue),1,0
340,Enigma,2024-06-12T20:47:22,Water the Seeds (blue),1,0
340,Enigma,2024-06-12T20:47:22,Wounding Blow (blue),1,0
340,Enigma,2024-06-12T20:47:22,Aqua Laps,1,1
340,Enigma,2024-06-12T20:47:22,Koi Blessed Kimono,1,1
340,Enigma,2024-06-12T20:47:22,Skycrest Keikoi,1,1
340,Enigma,2024-06-12T20:47:22,Skyhold Keikoi,1,1
341,Enigma,2024-06-12T21:51:17,Astral Etchings (red),1,0
341,Enigma,2024-06-12T21:51:17,Blanch (red),1,0
341,Enigma,2024-06-12T21:51:17,Haze Shelter (red),1,0
341,Enigma,2024-06-12T21:51:17,Single Minded Determination (red),1,0
341,Enigma,2024-06-12T21:51:17,Solitary Companion (red),3,0
341,Enigma,2024-06-12T21:51:17,Spectral Manifestations (red),2,0
341,Enigma,2024-06-12T21:51:17,Waning Vengeance (red),2,0
341,Enigma,2024-06-12T21:51:17,Waxing Specter (red),2,0
341,Enigma,2024-06-12T21:51:17,Astral Etchings (yellow),1,0
341,Enigma,2024-06-12T21:51:17,Haze Shelter (yellow),1,0
341,Enigma,2024-06-12T21:51:17,Single Minded Determination (yellow),1,0
341,Enigma,2024-06-12T21:51:17,Spectral Manifestations (yellow),1,0
341,Enigma,2024-06-12T21:51:17,Vengeful Apparition (yellow),1,0
341,Enigma,2024-06-12T21:51:17,Waning Vengeance (yellow),1,0
341,Enigma,2024-06-12T21:51:17,A Drop in the Ocean (blue),1,0
341,Enigma,2024-06-12T21:51:17,Battlefront Bastion (blue),1,0
341,Enigma,2024-06-12T21:51:17,Essence of Ancestry: Mind (blue),1,0
341,Enigma,2024-06-12T21:51:17,First Tenet of Chi: Moon (blue),1,0
341,Enigma,2024-06-12T21:51:17,First Tenet of Chi: Tide (blue),1,0
341,Enigma,2024-06-12T21:51:17,Haze Shelter (blue),2,0
341,Enigma,2024-06-12T21:51:17,Homage to Ancestors (blue),1,0
341,Enigma,2024-06-12T21:51:17,Pass Over (blue),1,0
341,Enigma,2024-06-12T21:51:17,Sigil of Solitude (blue),1,0
341,Enigma,2024-06-12T21:51:17,Single Minded Determination (blue),1,0
341,Enigma,2024-06-12T21:51:17,Solitary Companion (blue),2,0
341,Enigma,2024-06-12T21:51:17,Stir the Pot (blue),1,0
341,Enigma,2024-06-12T21:51:17,Vengeful Apparition (blue),1,0
341,Enigma,2024-06-12T21:51:17,Waning Vengeance (blue),1,0
341,Enigma,2024-06-12T21:51:17,Waxing Specter (blue),1,0
341,Enigma,2024-06-12T21:51:17,Wounding Blow (blue),1,0
341,Enigma,2024-06-12T21:51:17,Aqua Seeing Shell,1,1
341,Enigma,2024-06-12T21:51:17,Koi Blessed Kimono,1,1
341,Enigma,2024-06-12T21:51:17,Skyhold Keikoi,1,1
341,Enigma,2024-06-12T21:51:17,Skywalker Keikoi,1,1
341,Enigma,2024-06-12T21:51:17,Uphold Tradition,1,1
342,Enigma,2024-06-12T22:48:55,Single Minded Determination (red),1,0
342,Enigma,2024-06-12T22:48:55,Solitary Companion (red),1,0
342,Enigma,2024-06-12T22:48:55,Spectral Manifestations (red),2,0
342,Enigma,2024-06-12T22:48:55,Waning Vengeance (red),2,0
342,Enigma,2024-06-12T22:48:55,Waxing Specter (red),1,0
342,Enigma,2024-06-12T22:48:55,Wounding Blow (red),1,0
342,Enigma,2024-06-12T22:48:55,Battlefront Bastion (yellow),2,0
342,Enigma,2024-06-12T22:48:55,Blanch (yellow),1,0
342,Enigma,2024-06-12T22:48:55,Essence of Ancestry: Soul (yellow),1,0
342,Enigma,2024-06-12T22:48:55,Evasive Leap (yellow),1,0
342,Enigma,2024-06-12T22:48:55,Haunting Specter (yellow),1,0
342,Enigma,2024-06-12T22:48:55,Nimble Strike (yellow),1,0
342,Enigma,2024-06-12T22:48:55,Sigil of Solitude (yellow),1,0
342,Enigma,2024-06-12T22:48:55,Single Minded Determination (yellow),1,0
342,Enigma,2024-06-12T22:48:55,Vengeful Apparition (yellow),1,0
342,Enigma,2024-06-12T22:48:55,Waxing Specter (yellow),2,0
342,Enigma,2024-06-12T22:48:55,A Drop in the Ocean (blue),1,0
342,Enigma,2024-06-12T22:48:55,Astral Etchings (blue),1,0
342,Enigma,2024-06-12T22:48:55,First Tenet of Chi: Moon (blue),1,0
342,Enigma,2024-06-12T22:48:55,First Tenet of Chi: Wind (blue),1,0
342,Enigma,2024-06-12T22:48:55,Pass Over (blue),1,0
342,Enigma,2024-06-12T22:48:55,Preserve Tradition (blue),1,0
342,Enigma,2024-06-12T22:48:55,"Rising Sun, Setting Moon (blue)",1,0
342,Enigma,2024-06-12T22:48:55,Sigil of Solitude (blue),1,0
342,Enigma,2024-06-12T22:48:55,Single Minded Determination (blue),1,0
342,Enigma,2024-06-12T22:48:55,Solitary Companion (blue),1,0
342,Enigma,2024-06-12T22:48:55,The Grain that Tips the Scale (blue),1,0
342,Enigma,2024-06-12T22:48:55,Tidal Surge (blue),1,0
342,Enigma,2024-06-12T22:48:55,Vengeful Apparition (blue),1,0
342,Enigma,2024-06-12T22:48:55,Wash Away (blue),1,0
342,Enigma,2024-06-12T22:48:55,Wounding Blow (blue),2,0
342,Enigma,2024-06-12T22:48:55,Skybody Keikoi,1,1
342,Enigma,2024-06-12T22:48:55,Skyhold Keikoi,1,1
342,Enigma,2024-06-12T22:48:55,Skywalker Keikoi,1,1
342,Enigma,2024-06-12T22:48:55,Truths Retold,1,1
343,Nuu,2024-06-13T01:21:02,Bonds of Memory (red),1,0
343,Nuu,2024-06-13T01:21:02,Desires of Flesh (red),3,0
343,Nuu,2024-06-13T01:21:02,Evasive Leap (red),1,0
343,Nuu,2024-06-13T01:21:02,Gravekeeping (red),1,0
343,Nuu,2024-06-13T01:21:02,Hiss (red),1,0
343,Nuu,2024-06-13T01:21:02,Intimate Inducement (red),1,0
343,Nuu,2024-06-13T01:21:02,Mind's Desire (red),1,0
343,Nuu,2024-06-13T01:21:02,Nimble Strike (red),2,0
343,Nuu,2024-06-13T01:21:02,Nimblism (red),1,0
343,Nuu,2024-06-13T01:21:02,Venomous Bite (red),1,0
343,Nuu,2024-06-13T01:21:02,Desires of Flesh (yellow),1,0
343,Nuu,2024-06-13T01:21:02,Evasive Leap (yellow),1,0
343,Nuu,2024-06-13T01:21:02,Desires of Flesh (blue),1,0
343,Nuu,2024-06-13T01:21:02,First Tenet of Chi: Wind (blue),1,0
343,Nuu,2024-06-13T01:21:02,Hiss (blue),1,0
343,Nuu,2024-06-13T01:21:02,Homage to Ancestors (blue),1,0
343,Nuu,2024-06-13T01:21:02,Nimblism (blue),1,0
343,Nuu,2024-06-13T01:21:02,Pass Over (blue),1,0
343,Nuu,2024-06-13T01:21:02,Path Well Traveled (blue),1,0
343,Nuu,2024-06-13T01:21:02,Pick to Pieces (blue),2,0
343,Nuu,2024-06-13T01:21:02,Sacred Art: Undercurrent Desires (blue),1,0
343,Nuu,2024-06-13T01:21:02,Spillover (blue),2,0
343,Nuu,2024-06-13T01:21:02,The Grain that Tips the Scale (blue),2,0
343,Nuu,2024-06-13T01:21:02,Venomous Bite (blue),2,0
343,Nuu,2024-06-13T01:21:02,Wash Away (blue),1,0
343,Nuu,2024-06-13T01:21:02,Aqua Seeing Shell,1,1
344,Zen,2024-06-13T02:42:35,Aspect of Tiger: Body (red),1,0
344,Zen,2024-06-13T02:42:35,Battlefront Bastion (red),1,0
344,Zen,2024-06-13T02:42:35,Blessing of Qi (red),1,0
344,Zen,2024-06-13T02:42:35,Breed Anger (red),2,0
344,Zen,2024-06-13T02:42:35,Companion of the Claw (red),1,0
344,Zen,2024-06-13T02:42:35,Flex Claws (red),3,0
344,Zen,2024-06-13T02:42:35,Harmony of the Hunt (red),1,0
344,Zen,2024-06-13T02:42:35,Pouncing Qi (red),2,0
344,Zen,2024-06-13T02:42:35,Tiger Form Incantation (red),2,0
344,Zen,2024-06-13T02:42:35,Untamed (red),1,0
344,Zen,2024-06-13T02:42:35,Companion of the Claw (yellow),1,0
344,Zen,2024-06-13T02:42:35,Pouncing Qi (yellow),1,0
344,Zen,2024-06-13T02:42:35,Tiger Form Incantation (yellow),1,0
344,Zen,2024-06-13T02:42:35,Untamed (yellow),1,0
344,Zen,2024-06-13T02:42:35,Biting Breeze (blue),1,0
344,Zen,2024-06-13T02:42:35,Breed Anger (blue),1,0
344,Zen,2024-06-13T02:42:35,Companion of the Claw (blue),2,0
344,Zen,2024-06-13T02:42:35,First Tenet of Chi: Wind (blue),2,0
344,Zen,2024-06-13T02:42:35,Harmony of the Hunt (blue),2,0
344,Zen,2024-06-13T02:42:35,Pouncing Qi (blue),2,0
344,Zen,2024-06-13T02:42:35,Qi Unleashed (blue),1,0
344,Zen,2024-06-13T02:42:35,"Rising Sun, Setting Moon (blue)",1,0
344,Zen,2024-06-13T02:42:35,The Grain that Tips the Scale (blue),1,0
344,Zen,2024-06-13T02:42:35,Tidal Surge (blue),1,0
344,Zen,2024-06-13T02:42:35,Tiger Form Incantation (blue),1,0
344,Zen,2024-06-13T02:42:35,Wash Away (blue),1,0
344,Zen,2024-06-13T02:42:35,Wide Blue Yonder (blue),1,0
344,Zen,2024-06-13T02:42:35,Heirloom of Tiger Hide,1,1
344,Zen,2024-06-13T02:42:35,Mask of Wizened Whiskers,1,1
344,Zen,2024-06-13T02:42:35,Skyhold Keikoi,1,1
344,Zen,2024-06-13T02:42:35,Stride of Reprisal,1,1
345,Zen,2024-06-13T03:59:33,Biting Breeze (red),2,0
345,Zen,2024-06-13T03:59:33,Breed Anger (red),3,0
345,Zen,2024-06-13T03:59:33,Companion of the Claw (red),1,0
345,Zen,2024-06-13T03:59:33,Fact-Finding Mission (red),1,0
345,Zen,2024-06-13T03:59:33,Flex Claws (red),3,0
345,Zen,2024-06-13T03:59:33,Harmony of the Hunt (red),1,0
345,Zen,2024-06-13T03:59:33,Pouncing Qi (red),1,0
345,Zen,2024-06-13T03:59:33,Tiger Form Incantation (red),2,0
345,Zen,2024-06-13T03:59:33,Aspect of Tiger: Soul (yellow),1,0
345,Zen,2024-06-13T03:59:33,Evasive Leap (yellow),2,0
345,Zen,2024-06-13T03:59:33,Harmony of the Hunt (yellow),1,0
345,Zen,2024-06-13T03:59:33,Pouncing Qi (yellow),1,0
345,Zen,2024-06-13T03:59:33,Qi Unleashed (yellow),1,0
345,Zen,2024-06-13T03:59:33,Tiger Form Incantation (yellow),1,0
345,Zen,2024-06-13T03:59:33,Untamed (yellow),1,0
345,Zen,2024-06-13T03:59:33,A Drop in the Ocean (blue),1,0
345,Zen,2024-06-13T03:59:33,Blessing of Qi (blue),1,0
345,Zen,2024-06-13T03:59:33,Breed Anger (blue),1,0
345,Zen,2024-06-13T03:59:33,First Tenet of Chi: Moon (blue),1,0
345,Zen,2024-06-13T03:59:33,First Tenet of Chi: Wind (blue),2,0
345,Zen,2024-06-13T03:59:33,Flex Claws (blue),1,0
345,Zen,2024-06-13T03:59:33,Harmony of the Hunt (blue),1,0
345,Zen,2024-06-13T03:59:33,Pouncing Qi (blue),1,0
345,Zen,2024-06-13T03:59:33,Preserve Tradition (blue),1,0
345,Zen,2024-06-13T03:59:33,Territorial Domain (blue),1,0
345,Zen,2024-06-13T03:59:33,Tiger Form Incantation (blue),2,0
345,Zen,2024-06-13T03:59:33,Untamed (blue),2,0
345,Zen,2024-06-13T03:59:33,Wounding Blow (blue),1,0
345,Zen,2024-06-13T03:59:33,Koi Blessed Kimono,1,1
345,Zen,2024-06-13T03:59:33,Skybody Keikoi,1,1
345,Zen,2024-06-13T03:59:33,Skyhold Keikoi,1,1
345,Zen,2024-06-13T03:59:33,Stride of Reprisal,1,1
346,Enigma,2024-06-13T06:01:42,Emissary of Wind (red),1,0
346,Enigma,2024-06-13T06:01:42,Gravekeeping (red),1,0
346,Enigma,2024-06-13T06:01:42,Haze Shelter (red),1,0
346,Enigma,2024-06-13T06:01:42,Sigil of Solitude (red),1,0
346,Enigma,2024-06-13T06:01:42,Single Minded Determination (red),1,0
346,Enigma,2024-06-13T06:01:42,Spectral Manifestations (red),2,0
346,Enigma,2024-06-13T06:01:42,Waning Vengeance (red),1,0
346,Enigma,2024-06-13T06:01:42,Waxing Specter (red),1,0
346,Enigma,2024-06-13T06:01:42,Battlefront Bastion (yellow),1,0
346,Enigma,2024-06-13T06:01:42,Haunting Specter (yellow),1,0
346,Enigma,2024-06-13T06:01:42,Spectral Manifestations (yellow),1,0
346,Enigma,2024-06-13T06:01:42,A Drop in the Ocean (blue),1,0
346,Enigma,2024-06-13T06:01:42,Droplet (blue),1,0
346,Enigma,2024-06-13T06:01:42,First Tenet of Chi: Wind (blue),1,0
346,Enigma,2024-06-13T06:01:42,Haze Shelter (blue),1,0
346,Enigma,2024-06-13T06:01:42,Homage to Ancestors (blue),1,0
346,Enigma,2024-06-13T06:01:42,Levels of Enlightenment (blue),1,0
346,Enigma,2024-06-13T06:01:42,Preserve Tradition (blue),1,0
346,Enigma,2024-06-13T06:01:42,Rising Tide (blue),1,0
346,Enigma,2024-06-13T06:01:42,Sacred Art: Immortal Lunar Shrine (blue),1,0
346,Enigma,2024-06-13T06:01:42,Sigil of Solitude (blue),1,0
346,Enigma,2024-06-13T06:01:42,Single Minded Determination (blue),1,0
346,Enigma,2024-06-13T06:01:42,Spectral Manifestations (blue),1,0
346,Enigma,2024-06-13T06:01:42,The Grain that Tips the Scale (blue),1,0
346,Enigma,2024-06-13T06:01:42,Tidal Surge (blue),1,0
346,Enigma,2024-06-13T06:01:42,Vengeful Apparition (blue),1,0
346,Enigma,2024-06-13T06:01:42,Wash Away (blue),1,0
346,Enigma,2024-06-13T06:01:42,Waxing Specter (blue),1,0
346,Enigma,2024-06-13T06:01:42,Wounding Blow (blue),1,0
346,Enigma,2024-06-13T06:01:42,Aqua Laps,1,1
346,Enigma,2024-06-13T06:01:42,Koi Blessed Kimono,1,1
346,Enigma,2024-06-13T06:01:42,Uphold Tradition,1,1
347,Enigma,2024-06-13T17:22:54,Fact-Finding Mission (red),1,0
347,Enigma,2024-06-13T17:22:54,Moon Chakra (red),2,0
347,Enigma,2024-06-13T17:22:54,Sigil of Solitude (red),1,0
347,Enigma,2024-06-13T17:22:54,Solitary Companion (red),2,0
347,Enigma,2024-06-13T17:22:54,Spectral Manifestations (red),1,0
347,Enigma,2024-06-13T17:22:54,Waning Vengeance (red),2,0
347,Enigma,2024-06-13T17:22:54,Waxing Specter (red),3,0
347,Enigma,2024-06-13T17:22:54,Wounding Blow (red),1,0
347,Enigma,2024-06-13T17:22:54,Single Minded Determination (yellow),2,0
347,Enigma,2024-06-13T17:22:54,Spectral Manifestations (yellow),2,0
347,Enigma,2024-06-13T17:22:54,Waning Vengeance (yellow),1,0
347,Enigma,2024-06-13T17:22:54,Wounding Blow (yellow),1,0
347,Enigma,2024-06-13T17:22:54,A Drop in the Ocean (blue),1,0
347,Enigma,2024-06-13T17:22:54,Blanch (blue),1,0
347,Enigma,2024-06-13T17:22:54,Droplet (blue),1,0
347,Enigma,2024-06-13T17:22:54,Fact-Finding Mission (blue),1,0
347,Enigma,2024-06-13T17:22:54,First Tenet of Chi: Tide (blue),1,0
347,Enigma,2024-06-13T17:22:54,First Tenet of Chi: Wind (blue),3,0
347,Enigma,2024-06-13T17:22:54,Path Well Traveled (blue),1,0
347,Enigma,2024-06-13T17:22:54,Preserve Tradition (blue),1,0
347,Enigma,2024-06-13T17:22:54,Rage Specter (blue),1,0
347,Enigma,2024-06-13T17:22:54,"Rising Sun, Setting Moon (blue)",1,0
347,Enigma,2024-06-13T17:22:54,Single Minded Determination (blue),1,0
347,Enigma,2024-06-13T17:22:54,The Grain that Tips the Scale (blue),1,0
347,Enigma,2024-06-13T17:22:54,Vengeful Apparition (blue),1,0
347,Enigma,2024-06-13T17:22:54,Aqua Seeing Shell,1,1
347,Enigma,2024-06-13T17:22:54,Skybody Keikoi,1,1
347,Enigma,2024-06-13T17:22:54,Skycrest Keikoi,1,1
347,Enigma,2024-06-13T17:22:54,Skyhold Keikoi,1,1
347,Enigma,2024-06-13T17:22:54,Skywalker Keikoi,1,1
347,Enigma,2024-06-13T17:22:54,Uphold Tradition,1,1
348,Zen,2024-06-13T17:40:26,Aspect of Tiger: Body (red),2,0
348,Zen,2024-06-13T17:40:26,Biting Breeze (red),1,0
348,Zen,2024-06-13T17:40:26,Blessing of Qi (red),2,0
348,Zen,2024-06-13T17:40:26,Companion of the Claw (red),1,0
348,Zen,2024-06-13T17:40:26,Flex Claws (red),1,0
348,Zen,2024-06-13T17:40:26,Harmony of the Hunt (red),1,0
348,Zen,2024-06-13T17:40:26,Pouncing Qi (red),1,0
348,Zen,2024-06-13T17:40:26,Qi Unleashed (red),1,0
348,Zen,2024-06-13T17:40:26,Tiger Form Incantation (red),1,0
348,Zen,2024-06-13T17:40:26,Untamed (red),1,0
348,Zen,2024-06-13T17:40:26,Water the Seeds (red),1,0
348,Zen,2024-06-13T17:40:26,Wind Chakra (red),2,0
348,Zen,2024-06-13T17:40:26,Companion of the Claw (blue),1,0
348,Zen,2024-06-13T17:40:26,First Tenet of Chi: Moon (blue),2,0
348,Zen,2024-06-13T17:40:26,First Tenet of Chi: Tide (blue),1,0
348,Zen,2024-06-13T17:40:26,Harmony of the Hunt (blue),1,0
348,Zen,2024-06-13T17:40:26,Homage to Ancestors (blue),1,0
348,Zen,2024-06-13T17:40:26,"Rising Sun, Setting Moon (blue)",1,0
348,Zen,2024-06-13T17:40:26,Rising Tide (blue),1,0
348,Zen,2024-06-13T17:40:26,Second Tenet of Chi: Moon (blue),1,0
348,Zen,2024-06-13T17:40:26,Second Tenet of Chi: Tide (blue),1,0
348,Zen,2024-06-13T17:40:26,Second Tenet of Chi: Wind (blue),1,0
348,Zen,2024-06-13T17:40:26,Tiger Form Incantation (blue),1,0
348,Zen,2024-06-13T17:40:26,Untamed (blue),1,0
348,Zen,2024-06-13T17:40:26,Water the Seeds (blue),1,0
348,Zen,2024-06-13T17:40:26,Wide Blue Yonder (blue),1,0
348,Zen,2024-06-13T17:40:26,Wind Chakra (blue),1,0
348,Zen,2024-06-13T17:40:26,Heirloom of Tiger Hide,1,1
348,Zen,2024-06-13T17:40:26,Koi Blessed Kimono,1,1
348,Zen,2024-06-13T17:40:26,Skycrest Keikoi,1,1
348,Zen,2024-06-13T17:40:26,Skyhold Keikoi,1,1
349,Zen,2024-06-13T18:23:44,Battlefront Bastion (red),1,0
349,Zen,2024-06-13T18:23:44,Biting Breeze (red),1,0
349,Zen,2024-06-13T18:23:44,Breed Anger (red),1,0
349,Zen,2024-06-13T18:23:44,Companion of the Claw (red),2,0
349,Zen,2024-06-13T18:23:44,Emissary of Tides (red),1,0
349,Zen,2024-06-13T18:23:44,Emissary of Wind (red),1,0
349,Zen,2024-06-13T18:23:44,Evasive Leap (red),1,0
349,Zen,2024-06-13T18:23:44,Fact-Finding Mission (red),1,0
349,Zen,2024-06-13T18:23:44,Flex Claws (red),1,0
349,Zen,2024-06-13T18:23:44,Pouncing Qi (red),1,0
349,Zen,2024-06-13T18:23:44,Tiger Form Incantation (red),1,0
349,Zen,2024-06-13T18:23:44,Untamed (red),1,0
349,Zen,2024-06-13T18:23:44,Wounding Blow (red),1,0
349,Zen,2024-06-13T18:23:44,Breed Anger (yellow),1,0
349,Zen,2024-06-13T18:23:44,Evasive Leap (yellow),1,0
349,Zen,2024-06-13T18:23:44,Flex Claws (yellow),1,0
349,Zen,2024-06-13T18:23:44,Harmony of the Hunt (yellow),1,0
349,Zen,2024-06-13T18:23:44,Untamed (yellow),2,0
349,Zen,2024-06-13T18:23:44,Biting Breeze (blue),1,0
349,Zen,2024-06-13T18:23:44,Breed Anger (blue),2,0
349,Zen,2024-06-13T18:23:44,Companion of the Claw (blue),1,0
349,Zen,2024-06-13T18:23:44,Evasive Leap (blue),1,0
349,Zen,2024-06-13T18:23:44,Harmony of the Hunt (blue),2,0
349,Zen,2024-06-13T18:23:44,Homage to Ancestors (blue),1,0
349,Zen,2024-06-13T18:23:44,Pouncing Qi (blue),2,0
349,Zen,2024-06-13T18:23:44,Preserve Tradition (blue),1,0
349,Zen,2024-06-13T18:23:44,The Grain that Tips the Scale (blue),2,0
349,Zen,2024-06-13T18:23:44,Tiger Form Incantation (blue),2,0
349,Zen,2024-06-13T18:23:44,Untamed (blue),2,0
349,Zen,2024-06-13T18:23:44,Wind Chakra (blue),1,0
349,Zen,2024-06-13T18:23:44,Mask of Wizened Whiskers,1,1
349,Zen,2024-06-13T18:23:44,Skybody Keikoi,1,1
349,Zen,2024-06-13T18:23:44,Stride of Reprisal,1,1
350,Enigma,2024-06-13T20:32:50,Battlefront Bastion (red),1,0
350,Enigma,2024-06-13T20:32:50,Blanch (red),1,0
350,Enigma,2024-06-13T20:32:50,Emissary of Wind (red),1,0
350,Enigma,2024-06-13T20:32:50,Essence of Ancestry: Body (red),1,0
350,Enigma,2024-06-13T20:32:50,Evasive Leap (red),2,0
350,Enigma,2024-06-13T20:32:50,Sigil of Solitude (red),1,0
350,Enigma,2024-06-13T20:32:50,Single Minded Determination (red),2,0
350,Enigma,2024-06-13T20:32:50,Solitary Companion (red),1,0
350,Enigma,2024-06-13T20:32:50,Spectral Manifestations (red),1,0
350,Enigma,2024-06-13T20:32:50,Vengeful Apparition (red),1,0
350,Enigma,2024-06-13T20:32:50,Waning Vengeance (red),1,0
350,Enigma,2024-06-13T20:32:50,Waxing Specter (red),3,0
350,Enigma,2024-06-13T20:32:50,Astral Etchings (yellow),1,0
350,Enigma,2024-06-13T20:32:50,Haze Shelter (yellow),1,0
350,Enigma,2024-06-13T20:32:50,Sigil of Solitude (yellow),1,0
350,Enigma,2024-06-13T20:32:50,Waning Vengeance (yellow),1,0
350,Enigma,2024-06-13T20:32:50,Big Blue Sky (blue),1,0
350,Enigma,2024-06-13T20:32:50,Homage to Ancestors (blue),1,0
350,Enigma,2024-06-13T20:32:50,Moon Chakra (blue),1,0
350,Enigma,2024-06-13T20:32:50,Preserve Tradition (blue),2,0
350,Enigma,2024-06-13T20:32:50,Second Tenet of Chi: Tide (blue),1,0
350,Enigma,2024-06-13T20:32:50,Sigil of Solitude (blue),2,0
350,Enigma,2024-06-13T20:32:50,Single Minded Determination (blue),1,0
350,Enigma,2024-06-13T20:32:50,Spectral Manifestations (blue),1,0
350,Enigma,2024-06-13T20:32:50,Spillover (blue),1,0
350,Enigma,2024-06-13T20:32:50,The Grain that Tips the Scale (blue),1,0
350,Enigma,2024-06-13T20:32:50,Waning Vengeance (blue),1,0
350,Enigma,2024-06-13T20:32:50,Wash Away (blue),2,0
350,Enigma,2024-06-13T20:32:50,Waxing Specter (blue),1,0
350,Enigma,2024-06-13T20:32:50,Wide Blue Yonder (blue),1,0
350,Enigma,2024-06-13T20:32:50,Aqua Laps,1,1
350,Enigma,2024-06-13T20:32:50,Aqua Seeing Shell,1,1
350,Enigma,2024-06-13T20:32:50,Skybody Keikoi,1,1
350,Enigma,2024-06-13T20:32:50,Truths Retold,1,1
351,Nuu,2024-06-13T20:35:41,Bonds of Memory (red),1,0
351,Nuu,2024-06-13T20:35:41,Desires of Flesh (red),3,0
351,Nuu,2024-06-13T20:35:41,Double Trouble (red),1,0
351,Nuu,2024-06-13T20:35:41,Emissary of Wind (red),1,0
351,Nuu,2024-06-13T20:35:41,Impulsive Desire (red),1,0
351,Nuu,2024-06-13T20:35:41,Intimate Inducement (red),1,0
351,Nuu,2024-06-13T20:35:41,Just a Nick (red),1,0
351,Nuu,2024-06-13T20:35:41,Pick to Pieces (red),2,0
351,Nuu,2024-06-13T20:35:41,Tide Chakra (red),1,0
351,Nuu,2024-06-13T20:35:41,Venomous Bite (red),2,0
351,Nuu,2024-06-13T20:35:41,Intimate Inducement (yellow),1,0
351,Nuu,2024-06-13T20:35:41,Tide Chakra (yellow),1,0
351,Nuu,2024-06-13T20:35:41,Venomous Bite (yellow),1,0
351,Nuu,2024-06-13T20:35:41,Bonds of Memory (blue),4,0
351,Nuu,2024-06-13T20:35:41,Deep Blue Sea (blue),1,0
351,Nuu,2024-06-13T20:35:41,Desires of Flesh (blue),1,0
351,Nuu,2024-06-13T20:35:41,Hiss (blue),1,0
351,Nuu,2024-06-13T20:35:41,Homage to Ancestors (blue),1,0
351,Nuu,2024-06-13T20:35:41,Impulsive Desire (blue),1,0
351,Nuu,2024-06-13T20:35:41,Path Well Traveled (blue),1,0
351,Nuu,2024-06-13T20:35:41,Persuasive Prognosis (blue),1,0
351,Nuu,2024-06-13T20:35:41,Pick to Pieces (blue),1,0
351,Nuu,2024-06-13T20:35:41,Rising Tide (blue),1,0
351,Nuu,2024-06-13T20:35:41,Second Tenet of Chi: Moon (blue),1,0
351,Nuu,2024-06-13T20:35:41,Tidal Surge (blue),1,0
351,Nuu,2024-06-13T20:35:41,Tide Chakra (blue),1,0
351,Nuu,2024-06-13T20:35:41,Venomous Bite (blue),2,0
351,Nuu,2024-06-13T20:35:41,Arousing Wave,1,1
351,Nuu,2024-06-13T20:35:41,Skybody Keikoi,1,1
351,Nuu,2024-06-13T20:35:41,Skyhold Keikoi,1,1
351,Nuu,2024-06-13T20:35:41,Skywalker Keikoi,1,1
352,Nuu,2024-06-13T22:15:43,Battlefront Bastion (red),1,0
352,Nuu,2024-06-13T22:15:43,Blanch (red),1,0
352,Nuu,2024-06-13T22:15:43,Bonds of Memory (red),4,0
352,Nuu,2024-06-13T22:15:43,Desires of Flesh (red),1,0
352,Nuu,2024-06-13T22:15:43,Double Trouble (red),1,0
352,Nuu,2024-06-13T22:15:43,Hiss (red),1,0
352,Nuu,2024-06-13T22:15:43,Venomous Bite (red),2,0
352,Nuu,2024-06-13T22:15:43,Blanch (yellow),1,0
352,Nuu,2024-06-13T22:15:43,Bonds of Memory (yellow),1,0
352,Nuu,2024-06-13T22:15:43,Double Trouble (yellow),1,0
352,Nuu,2024-06-13T22:15:43,Wounding Blow (yellow),1,0
352,Nuu,2024-06-13T22:15:43,Bonds of Memory (blue),1,0
352,Nuu,2024-06-13T22:15:43,Desires of Flesh (blue),3,0
352,Nuu,2024-06-13T22:15:43,Double Trouble (blue),1,0
352,Nuu,2024-06-13T22:15:43,Evasive Leap (blue),1,0
352,Nuu,2024-06-13T22:15:43,Fact-Finding Mission (blue),1,0
352,Nuu,2024-06-13T22:15:43,First Tenet of Chi: Tide (blue),1,0
352,Nuu,2024-06-13T22:15:43,Hiss (blue),1,0
352,Nuu,2024-06-13T22:15:43,Intimate Inducement (blue),4,0
352,Nuu,2024-06-13T22:15:43,Mind's Desire (blue),1,0
352,Nuu,2024-06-13T22:15:43,Pass Over (blue),1,0
352,Nuu,2024-06-13T22:15:43,Path Well Traveled (blue),1,0
352,Nuu,2024-06-13T22:15:43,Spillover (blue),2,0
352,Nuu,2024-06-13T22:15:43,Venomous Bite (blue),1,0
352,Nuu,2024-06-13T22:15:43,Water the Seeds (blue),1,0
352,Nuu,2024-06-13T22:15:43,Arousing Wave,1,1
352,Nuu,2024-06-13T22:15:43,Skybody Keikoi,1,1
352,Nuu,2024-06-13T22:15:43,Skycrest Keikoi,1,1
352,Nuu,2024-06-13T22:15:43,Undertow Stilettos,1,1
353,Enigma,2024-06-14T03:20:34,Astral Etchings (red),2,0
353,Enigma,2024-06-14T03:20:34,Battlefront Bastion (red),2,0
353,Enigma,2024-06-14T03:20:34,Blanch (red),1,0
353,Enigma,2024-06-14T03:20:34,Haze Shelter (red),1,0
353,Enigma,2024-06-14T03:20:34,Vengeful Apparition (red),2,0
353,Enigma,2024-06-14T03:20:34,Waning Vengeance (red),2,0
353,Enigma,2024-06-14T03:20:34,Waxing Specter (red),1,0
353,Enigma,2024-06-14T03:20:34,Haze Shelter (yellow),1,0
353,Enigma,2024-06-14T03:20:34,Sigil of Solitude (yellow),1,0
353,Enigma,2024-06-14T03:20:34,Spectral Manifestations (yellow),1,0
353,Enigma,2024-06-14T03:20:34,Vengeful Apparition (yellow),2,0
353,Enigma,2024-06-14T03:20:34,Waning Vengeance (yellow),1,0
353,Enigma,2024-06-14T03:20:34,Waxing Specter (yellow),1,0
353,Enigma,2024-06-14T03:20:34,A Drop in the Ocean (blue),2,0
353,Enigma,2024-06-14T03:20:34,Battlefront Bastion (blue),1,0
353,Enigma,2024-06-14T03:20:34,Fact-Finding Mission (blue),1,0
353,Enigma,2024-06-14T03:20:34,First Tenet of Chi: Tide (blue),1,0
353,Enigma,2024-06-14T03:20:34,First Tenet of Chi: Wind (blue),2,0
353,Enigma,2024-06-14T03:20:34,Homage to Ancestors (blue),2,0
353,Enigma,2024-06-14T03:20:34,Preserve Tradition (blue),1,0
353,Enigma,2024-06-14T03:20:34,Second Tenet of Chi: Moon (blue),1,0
353,Enigma,2024-06-14T03:20:34,Second Tenet of Chi: Wind (blue),1,0
353,Enigma,2024-06-14T03:20:34,Sigil of Solitude (blue),1,0
353,Enigma,2024-06-14T03:20:34,Single Minded Determination (blue),1,0
353,Enigma,2024-06-14T03:20:34,Spectral Manifestations (blue),2,0
353,Enigma,2024-06-14T03:20:34,Vengeful Apparition (blue),2,0
353,Enigma,2024-06-14T03:20:34,Wash Away (blue),1,0
353,Enigma,2024-06-14T03:20:34,Skybody Keikoi,1,1
353,Enigma,2024-06-14T03:20:34,Truths Retold,1,1
353,Enigma,2024-06-14T03:20:34,Uphold Tradition,1,1
354,Nuu,2024-06-15T01:53:58,Bonds of Memory (red),1,0
354,Nuu,2024-06-15T01:53:58,Desires of Flesh (red),2,0
354,Nuu,2024-06-15T01:53:58,Hiss (red),2,0
354,Nuu,2024-06-15T01:53:58,Mind's Desire (red),2,0
354,Nuu,2024-06-15T01:53:58,Pick to Pieces (red),2,0
354,Nuu,2024-06-15T01:53:58,Venomous Bite (red),2,0
354,Nuu,2024-06-15T01:53:58,Wounding Blow (red),1,0
354,Nuu,2024-06-15T01:53:58,Art of Desire: Soul (yellow),1,0
354,Nuu,2024-06-15T01:53:58,Battlefront Bastion (yellow),1,0
354,Nuu,2024-06-15T01:53:58,Evasive Leap (yellow),1,0
354,Nuu,2024-06-15T01:53:58,Hiss (yellow),1,0
354,Nuu,2024-06-15T01:53:58,Intimate Inducement (yellow),1,0
354,Nuu,2024-06-15T01:53:58,Venomous Bite (yellow),1,0
354,Nuu,2024-06-15T01:53:58,Battlefront Bastion (blue),1,0
354,Nuu,2024-06-15T01:53:58,Bonds of Memory (blue),1,0
354,Nuu,2024-06-15T01:53:58,Desires of Flesh (blue),1,0
354,Nuu,2024-06-15T01:53:58,First Tenet of Chi: Tide (blue),1,0
354,Nuu,2024-06-15T01:53:58,Hiss (blue),1,0
354,Nuu,2024-06-15T01:53:58,Homage to Ancestors (blue),1,0
354,Nuu,2024-06-15T01:53:58,Intimate Inducement (blue),2,0
354,Nuu,2024-06-15T01:53:58,Mind's Desire (blue),1,0
354,Nuu,2024-06-15T01:53:58,Path Well Traveled (blue),1,0
354,Nuu,2024-06-15T01:53:58,Pick to Pieces (blue),1,0
354,Nuu,2024-06-15T01:53:58,Second Tenet of Chi: Wind (blue),1,0
354,Nuu,2024-06-15T01:53:58,Stir the Pot (blue),1,0
354,Nuu,2024-06-15T01:53:58,Water the Seeds (blue),2,0
354,Nuu,2024-06-15T01:53:58,Wide Blue Yonder (blue),1,0
354,Nuu,2024-06-15T01:53:58,Wounding Blow (blue),1,0
354,Nuu,2024-06-15T01:53:58,Arousing Wave,1,1
354,Nuu,2024-06-15T01:53:58,Heirloom of Snake Hide,1,1
354,Nuu,2024-06-15T01:53:58,Skywalker Keikoi,1,1
355,Nuu,2024-06-15T01:53:58,Bonds of Memory (red),1,0
355,Nuu,2024-06-15T01:53:58,Desires of Flesh (red),2,0
355,Nuu,2024-06-15T01:53:58,Hiss (red),2,0
355,Nuu,2024-06-15T01:53:58,Mind's Desire (red),2,0
355,Nuu,2024-06-15T01:53:58,Pick to Pieces (red),2,0
355,Nuu,2024-06-15T01:53:58,Venomous Bite (red),2,0
355,Nuu,2024-06-15T01:53:58,Wounding Blow (red),1,0
355,Nuu,2024-06-15T01:53:58,Art of Desire: Soul (yellow),1,0
355,Nuu,2024-06-15T01:53:58,Battlefront Bastion (yellow),1,0
355,Nuu,2024-06-15T01:53:58,Evasive Leap (yellow),1,0
355,Nuu,2024-06-15T01:53:58,Hiss (yellow),1,0
355,Nuu,2024-06-15T01:53:58,Intimate Inducement (yellow),1,0
355,Nuu,2024-06-15T01:53:58,Venomous Bite (yellow),1,0
355,Nuu,2024-06-15T01:53:58,Battlefront Bastion (blue),1,0
355,Nuu,2024-06-15T01:53:58,Bonds of Memory (blue),1,0
355,Nuu,2024-06-15T01:53:58,Desires of Flesh (blue),1,0
355,Nuu,2024-06-15T01:53:58,First Tenet of Chi: Tide (blue),1,0
355,Nuu,2024-06-15T01:53:58,Hiss (blue),1,0
355,Nuu,2024-06-15T01:53:58,Homage to Ancestors (blue),1,0
355,Nuu,2024-06-15T01:53:58,Intimate Inducement (blue),2,0
355,Nuu,2024-06-15T01:53:58,Mind's Desire (blue),1,0
355,Nuu,2024-06-15T01:53:58,Path Well Traveled (blue),1,0
355,Nuu,2024-06-15T01:53:58,Pick to Pieces (blue),1,0
355,Nuu,2024-06-15T01:53:58,Second Tenet of Chi: Wind (blue),1,0
355,Nuu,2024-06-15T01:53:58,Stir the Pot (blue),1,0
355,Nuu,2024-06-15T01:53:58,Water the Seeds (blue),2,0
355,Nuu,2024-06-15T01:53:58,Wide Blue Yonder (blue),1,0
355,Nuu,2024-06-15T01:53:58,Wounding Blow (blue),1,0
355,Nuu,2024-06-15T01:53:58,Arousing Wave,1,1
355,Nuu,2024-06-15T01:53:58,Heirloom of Snake Hide,1,1
355,Nuu,2024-06-15T01:53:58,Skywalker Keikoi,1,1
356,Zen,2024-06-15T12:14:16,Aspect of Tiger: Body (red),1,0
356,Zen,2024-06-15T12:14:16,Biting Breeze (red),1,0
356,Zen,2024-06-15T12:14:16,Breed Anger (red),1,0
356,Zen,2024-06-15T12:14:16,Flex Claws (red),1,0
356,Zen,2024-06-15T12:14:16,Harmony of the Hunt (red),2,0
356,Zen,2024-06-15T12:14:16,Nimble Strike (red),1,0
356,Zen,2024-06-15T12:14:16,Pouncing Qi (red),1,0
356,Zen,2024-06-15T12:14:16,Untamed (red),1,0
356,Zen,2024-06-15T12:14:16,Wind Chakra (red),1,0
356,Zen,2024-06-15T12:14:16,Battlefront Bastion (yellow),1,0
356,Zen,2024-06-15T12:14:16,Flex Claws (yellow),1,0
356,Zen,2024-06-15T12:14:16,Harmony of the Hunt (yellow),1,0
356,Zen,2024-06-15T12:14:16,Prismatic Leyline (yellow),1,0
356,Zen,2024-06-15T12:14:16,Untamed (yellow),2,0
356,Zen,2024-06-15T12:14:16,Aspect of Tiger: Mind (blue),1,0
356,Zen,2024-06-15T12:14:16,Biting Breeze (blue),1,0
356,Zen,2024-06-15T12:14:16,Companion of the Claw (blue),1,0
356,Zen,2024-06-15T12:14:16,Droplet (blue),2,0
356,Zen,2024-06-15T12:14:16,Harmony of the Hunt (blue),1,0
356,Zen,2024-06-15T12:14:16,Nimblism (blue),1,0
356,Zen,2024-06-15T12:14:16,Path Well Traveled (blue),2,0
356,Zen,2024-06-15T12:14:16,Pouncing Qi (blue),1,0
356,Zen,2024-06-15T12:14:16,Rising Tide (blue),1,0
356,Zen,2024-06-15T12:14:16,Shifting Winds of the Mystic Beast (blue),1,0
356,Zen,2024-06-15T12:14:16,Spillover (blue),1,0
356,Zen,2024-06-15T12:14:16,Stir the Pot (blue),1,0
356,Zen,2024-06-15T12:14:16,Tidal Surge (blue),2,0
356,Zen,2024-06-15T12:14:16,Tiger Form Incantation (blue),1,0
356,Zen,2024-06-15T12:14:16,Untamed (blue),2,0
356,Zen,2024-06-15T12:14:16,Skybody Keikoi,1,1
356,Zen,2024-06-15T12:14:16,Skycrest Keikoi,1,1
356,Zen,2024-06-15T12:14:16,Skyhold Keikoi,1,1
357,Zen,2024-06-15T17:04:49,Battlefront Bastion (red),1,0
357,Zen,2024-06-15T17:04:49,Biting Breeze (red),2,0
357,Zen,2024-06-15T17:04:49,Breed Anger (red),1,0
357,Zen,2024-06-15T17:04:49,Companion of the Claw (red),1,0
357,Zen,2024-06-15T17:04:49,Emissary of Moon (red),1,0
357,Zen,2024-06-15T17:04:49,Flex Claws (red),2,0
357,Zen,2024-06-15T17:04:49,Harmony of the Hunt (red),2,0
357,Zen,2024-06-15T17:04:49,Qi Unleashed (red),1,0
357,Zen,2024-06-15T17:04:49,Untamed (red),1,0
357,Zen,2024-06-15T17:04:49,Biting Breeze (yellow),1,0
357,Zen,2024-06-15T17:04:49,Flex Claws (yellow),1,0
357,Zen,2024-06-15T17:04:49,Harmony of the Hunt (yellow),1,0
357,Zen,2024-06-15T17:04:49,Pouncing Qi (yellow),1,0
357,Zen,2024-06-15T17:04:49,Qi Unleashed (yellow),1,0
357,Zen,2024-06-15T17:04:49,Attune with Cosmic Vibrations (blue),1,0
357,Zen,2024-06-15T17:04:49,Biting Breeze (blue),1,0
357,Zen,2024-06-15T17:04:49,Breed Anger (blue),1,0
357,Zen,2024-06-15T17:04:49,First Tenet of Chi: Tide (blue),1,0
357,Zen,2024-06-15T17:04:49,First Tenet of Chi: Wind (blue),1,0
357,Zen,2024-06-15T17:04:49,Flex Claws (blue),1,0
357,Zen,2024-06-15T17:04:49,Harmony of the Hunt (blue),2,0
357,Zen,2024-06-15T17:04:49,Nimblism (blue),1,0
357,Zen,2024-06-15T17:04:49,Path Well Traveled (blue),1,0
357,Zen,2024-06-15T17:04:49,Pouncing Qi (blue),2,0
357,Zen,2024-06-15T17:04:49,Rising Tide (blue),1,0
357,Zen,2024-06-15T17:04:49,Stir the Pot (blue),1,0
357,Zen,2024-06-15T17:04:49,Tiger Form Incantation (blue),1,0
357,Zen,2024-06-15T17:04:49,Untamed (blue),1,0
357,Zen,2024-06-15T17:04:49,Wind Chakra (blue),1,0
357,Zen,2024-06-15T17:04:49,Koi Blessed Kimono,1,1
357,Zen,2024-06-15T17:04:49,Mask of Wizened Whiskers,1,1
357,Zen,2024-06-15T17:04:49,Skyhold Keikoi,1,1
357,Zen,2024-06-15T17:04:49,Stride of Reprisal,1,1
358,Enigma,2024-06-15T23:33:43,Astral Etchings (red),2,0
358,Enigma,2024-06-15T23:33:43,Battlefront Bastion (red),1,0
358,Enigma,2024-06-15T23:33:43,Essence of Ancestry: Body (red),1,0
358,Enigma,2024-06-15T23:33:43,Haze Shelter (red),1,0
358,Enigma,2024-06-15T23:33:43,Moon Chakra (red),1,0
358,Enigma,2024-06-15T23:33:43,Sigil of Solitude (red),1,0
358,Enigma,2024-06-15T23:33:43,Single Minded Determination (red),1,0
358,Enigma,2024-06-15T23:33:43,Vengeful Apparition (red),1,0
358,Enigma,2024-06-15T23:33:43,Haunting Specter (yellow),1,0
358,Enigma,2024-06-15T23:33:43,Haze Shelter (yellow),1,0
358,Enigma,2024-06-15T23:33:43,Nimble Strike (yellow),1,0
358,Enigma,2024-06-15T23:33:43,Solitary Companion (yellow),1,0
358,Enigma,2024-06-15T23:33:43,Spectral Manifestations (yellow),1,0
358,Enigma,2024-06-15T23:33:43,A Drop in the Ocean (blue),1,0
358,Enigma,2024-06-15T23:33:43,Essence of Ancestry: Mind (blue),1,0
358,Enigma,2024-06-15T23:33:43,First Tenet of Chi: Moon (blue),2,0
358,Enigma,2024-06-15T23:33:43,First Tenet of Chi: Wind (blue),1,0
358,Enigma,2024-06-15T23:33:43,"Rising Sun, Setting Moon (blue)",3,0
358,Enigma,2024-06-15T23:33:43,Sigil of Solitude (blue),1,0
358,Enigma,2024-06-15T23:33:43,Solitary Companion (blue),1,0
358,Enigma,2024-06-15T23:33:43,Spectral Manifestations (blue),1,0
358,Enigma,2024-06-15T23:33:43,Waning Vengeance (blue),3,0
358,Enigma,2024-06-15T23:33:43,Wash Away (blue),2,0
358,Enigma,2024-06-15T23:33:43,Water the Seeds (blue),2,0
358,Enigma,2024-06-15T23:33:43,Waxing Specter (blue),1,0
358,Enigma,2024-06-15T23:33:43,Wounding Blow (blue),1,0
358,Enigma,2024-06-15T23:33:43,Heirloom of Rabbit Hide,1,1
358,Enigma,2024-06-15T23:33:43,Koi Blessed Kimono,1,1
358,Enigma,2024-06-15T23:33:43,Skycrest Keikoi,1,1
358,Enigma,2024-06-15T23:33:43,Skyhold Keikoi,1,1
358,Enigma,2024-06-15T23:33:43,Skywalker Keikoi,1,1
359,Zen,2024-06-16T19:37:27,Aspect of Tiger: Body (red),1,0
359,Zen,2024-06-16T19:37:27,Breed Anger (red),1,0
359,Zen,2024-06-16T19:37:27,Companion of the Claw (red),2,0
359,Zen,2024-06-16T19:37:27,Flex Claws (red),2,0
359,Zen,2024-06-16T19:37:27,Harmony of the Hunt (red),3,0
359,Zen,2024-06-16T19:37:27,Pouncing Qi (red),1,0
359,Zen,2024-06-16T19:37:27,Untamed (red),1,0
359,Zen,2024-06-16T19:37:27,Wind Chakra (red),1,0
359,Zen,2024-06-16T19:37:27,Biting Breeze (yellow),1,0
359,Zen,2024-06-16T19:37:27,Flex Claws (yellow),1,0
359,Zen,2024-06-16T19:37:27,Harmony of the Hunt (yellow),2,0
359,Zen,2024-06-16T19:37:27,Biting Breeze (blue),3,0
359,Zen,2024-06-16T19:37:27,Blessing of Qi (blue),1,0
359,Zen,2024-06-16T19:37:27,Breed Anger (blue),2,0
359,Zen,2024-06-16T19:37:27,Companion of the Claw (blue),1,0
359,Zen,2024-06-16T19:37:27,First Tenet of Chi: Moon (blue),1,0
359,Zen,2024-06-16T19:37:27,Harmony of the Hunt (blue),1,0
359,Zen,2024-06-16T19:37:27,Nimble Strike (blue),1,0
359,Zen,2024-06-16T19:37:27,Pass Over (blue),1,0
359,Zen,2024-06-16T19:37:27,Pouncing Qi (blue),1,0
359,Zen,2024-06-16T19:37:27,Preserve Tradition (blue),1,0
359,Zen,2024-06-16T19:37:27,Qi Unleashed (blue),1,0
359,Zen,2024-06-16T19:37:27,Tidal Surge (blue),1,0
359,Zen,2024-06-16T19:37:27,Tiger Form Incantation (blue),1,0
359,Zen,2024-06-16T19:37:27,Untamed (blue),1,0
359,Zen,2024-06-16T19:37:27,Aqua Laps,1,1
359,Zen,2024-06-16T19:37:27,Aqua Seeing Shell,1,1
359,Zen,2024-06-16T19:37:27,Heirloom of Tiger Hide,1,1
359,Zen,2024-06-16T19:37:27,Mask of Wizened Whiskers,1,1
359,Zen,2024-06-16T19:37:27,Skyhold Keikoi,1,1
360,Nuu,2024-06-16T20:32:31,Bonds of Attraction (red),1,0
360,Nuu,2024-06-16T20:32:31,Bonds of Memory (red),4,0
360,Nuu,2024-06-16T20:32:31,Desires of Flesh (red),2,0
360,Nuu,2024-06-16T20:32:31,Hiss (red),1,0
360,Nuu,2024-06-16T20:32:31,Tide Chakra (red),1,0
360,Nuu,2024-06-16T20:32:31,Venomous Bite (red),1,0
360,Nuu,2024-06-16T20:32:31,Battlefront Bastion (yellow),1,0
360,Nuu,2024-06-16T20:32:31,Bonds of Memory (yellow),1,0
360,Nuu,2024-06-16T20:32:31,Desires of Flesh (yellow),1,0
360,Nuu,2024-06-16T20:32:31,Mind's Desire (yellow),1,0
360,Nuu,2024-06-16T20:32:31,Tide Chakra (yellow),2,0
360,Nuu,2024-06-16T20:32:31,Bonds of Memory (blue),2,0
360,Nuu,2024-06-16T20:32:31,Desires of Flesh (blue),1,0
360,Nuu,2024-06-16T20:32:31,Double Trouble (blue),1,0
360,Nuu,2024-06-16T20:32:31,Evasive Leap (blue),1,0
360,Nuu,2024-06-16T20:32:31,Impulsive Desire (blue),1,0
360,Nuu,2024-06-16T20:32:31,Intimate Inducement (blue),1,0
360,Nuu,2024-06-16T20:32:31,Mind's Desire (blue),1,0
360,Nuu,2024-06-16T20:32:31,Path Well Traveled (blue),2,0
360,Nuu,2024-06-16T20:32:31,Rising Tide (blue),1,0
360,Nuu,2024-06-16T20:32:31,Spillover (blue),2,0
360,Nuu,2024-06-16T20:32:31,Unravel Aggression (blue),1,0
360,Nuu,2024-06-16T20:32:31,Venomous Bite (blue),1,0
360,Nuu,2024-06-16T20:32:31,Wash Away (blue),1,0
360,Nuu,2024-06-16T20:32:31,Aqua Seeing Shell,1,1
360,Nuu,2024-06-16T20:32:31,Arousing Wave,1,1
360,Nuu,2024-06-16T20:32:31,Koi Blessed Kimono,1,1
360,Nuu,2024-06-16T20:32:31,Undertow Stilettos,1,1
361,Zen,2024-06-16T21:02:00,Aspect of Tiger: Body (red),1,0
361,Zen,2024-06-16T21:02:00,Biting Breeze (red),2,0
361,Zen,2024-06-16T21:02:00,Blessing of Qi (red),1,0
361,Zen,2024-06-16T21:02:00,Companion of the Claw (red),2,0
361,Zen,2024-06-16T21:02:00,Emissary of Wind (red),1,0
361,Zen,2024-06-16T21:02:00,Flex Claws (red),1,0
361,Zen,2024-06-16T21:02:00,Nimblism (red),1,0
361,Zen,2024-06-16T21:02:00,Untamed (red),1,0
361,Zen,2024-06-16T21:02:00,Blessing of Qi (yellow),1,0
361,Zen,2024-06-16T21:02:00,Breed Anger (yellow),1,0
361,Zen,2024-06-16T21:02:00,Flex Claws (yellow),1,0
361,Zen,2024-06-16T21:02:00,Qi Unleashed (yellow),1,0
361,Zen,2024-06-16T21:02:00,Wounding Blow (yellow),1,0
361,Zen,2024-06-16T21:02:00,Biting Breeze (blue),2,0
361,Zen,2024-06-16T21:02:00,Blessing of Qi (blue),1,0
361,Zen,2024-06-16T21:02:00,Droplet (blue),2,0
361,Zen,2024-06-16T21:02:00,Fact-Finding Mission (blue),1,0
361,Zen,2024-06-16T21:02:00,Flex Claws (blue),3,0
361,Zen,2024-06-16T21:02:00,Pouncing Qi (blue),1,0
361,Zen,2024-06-16T21:02:00,Preserve Tradition (blue),2,0
361,Zen,2024-06-16T21:02:00,"Rising Sun, Setting Moon (blue)",1,0
361,Zen,2024-06-16T21:02:00,The Grain that Tips the Scale (blue),1,0
361,Zen,2024-06-16T21:02:00,Wash Away (blue),2,0
361,Zen,2024-06-16T21:02:00,Water the Seeds (blue),1,0
361,Zen,2024-06-16T21:02:00,Wide Blue Yonder (blue),1,0
361,Zen,2024-06-16T21:02:00,Wind Chakra (blue),1,0
361,Zen,2024-06-16T21:02:00,Koi Blessed Kimono,1,1
361,Zen,2024-06-16T21:02:00,Skycrest Keikoi,1,1
361,Zen,2024-06-16T21:02:00,Stride of Reprisal,1,1
362,Nuu,2024-06-16T21:53:44,Art of Desire: Body (red),1,0
362,Nuu,2024-06-16T21:53:44,Bonds of Memory (red),1,0
362,Nuu,2024-06-16T21:53:44,Double Trouble (red),2,0
362,Nuu,2024-06-16T21:53:44,Hiss (red),1,0
362,Nuu,2024-06-16T21:53:44,Just a Nick (red),1,0
362,Nuu,2024-06-16T21:53:44,Mind's Desire (red),3,0
362,Nuu,2024-06-16T21:53:44,Nimble Strike (red),1,0
362,Nuu,2024-06-16T21:53:44,Nimblism (red),1,0
362,Nuu,2024-06-16T21:53:44,Pick to Pieces (red),2,0
362,Nuu,2024-06-16T21:53:44,Venomous Bite (red),1,0
362,Nuu,2024-06-16T21:53:44,A Drop in the Ocean (blue),1,0
362,Nuu,2024-06-16T21:53:44,Bonds of Attraction (blue),2,0
362,Nuu,2024-06-16T21:53:44,Deep Blue Sea (blue),2,0
362,Nuu,2024-06-16T21:53:44,Desires of Flesh (blue),1,0
362,Nuu,2024-06-16T21:53:44,Double Trouble (blue),1,0
362,Nuu,2024-06-16T21:53:44,Evasive Leap (blue),1,0
362,Nuu,2024-06-16T21:53:44,Fact-Finding Mission (blue),1,0
362,Nuu,2024-06-16T21:53:44,First Tenet of Chi: Tide (blue),1,0
362,Nuu,2024-06-16T21:53:44,Hiss (blue),2,0
362,Nuu,2024-06-16T21:53:44,Impulsive Desire (blue),1,0
362,Nuu,2024-06-16T21:53:44,Mind's Desire (blue),2,0
362,Nuu,2024-06-16T21:53:44,Nimblism (blue),1,0
362,Nuu,2024-06-16T21:53:44,Path Well Traveled (blue),2,0
362,Nuu,2024-06-16T21:53:44,Pick to Pieces (blue),1,0
362,Nuu,2024-06-16T21:53:44,Preserve Tradition (blue),1,0
362,Nuu,2024-06-16T21:53:44,Tidal Surge (blue),1,0
362,Nuu,2024-06-16T21:53:44,Wide Blue Yonder (blue),1,0
362,Nuu,2024-06-16T21:53:44,Aqua Laps,1,1
362,Nuu,2024-06-16T21:53:44,Aqua Seeing Shell,1,1
362,Nuu,2024-06-16T21:53:44,Skybody Keikoi,1,1
363,Nuu,2024-06-17T01:30:45,Bonds of Memory (red),1,0
363,Nuu,2024-06-17T01:30:45,Gravekeeping (red),1,0
363,Nuu,2024-06-17T01:30:45,Hiss (red),1,0
363,Nuu,2024-06-17T01:30:45,Impulsive Desire (red),2,0
363,Nuu,2024-06-17T01:30:45,Intimate Inducement (red),1,0
363,Nuu,2024-06-17T01:30:45,Pick to Pieces (red),2,0
363,Nuu,2024-06-17T01:30:45,Venomous Bite (red),2,0
363,Nuu,2024-06-17T01:30:45,Blanch (yellow),1,0
363,Nuu,2024-06-17T01:30:45,Impulsive Desire (yellow),1,0
363,Nuu,2024-06-17T01:30:45,Pick to Pieces (yellow),1,0
363,Nuu,2024-06-17T01:30:45,Tide Chakra (yellow),2,0
363,Nuu,2024-06-17T01:30:45,Venomous Bite (yellow),1,0
363,Nuu,2024-06-17T01:30:45,Bonds of Memory (blue),1,0
363,Nuu,2024-06-17T01:30:45,Desires of Flesh (blue),1,0
363,Nuu,2024-06-17T01:30:45,Double Trouble (blue),1,0
363,Nuu,2024-06-17T01:30:45,First Tenet of Chi: Moon (blue),1,0
363,Nuu,2024-06-17T01:30:45,First Tenet of Chi: Tide (blue),1,0
363,Nuu,2024-06-17T01:30:45,First Tenet of Chi: Wind (blue),1,0
363,Nuu,2024-06-17T01:30:45,Gravekeeping (blue),1,0
363,Nuu,2024-06-17T01:30:45,Homage to Ancestors (blue),1,0
363,Nuu,2024-06-17T01:30:45,Impulsive Desire (blue),1,0
363,Nuu,2024-06-17T01:30:45,Intimate Inducement (blue),1,0
363,Nuu,2024-06-17T01:30:45,Pass Over (blue),1,0
363,Nuu,2024-06-17T01:30:45,Pick to Pieces (blue),2,0
363,Nuu,2024-06-17T01:30:45,"Rising Sun, Setting Moon (blue)",1,0
363,Nuu,2024-06-17T01:30:45,Spillover (blue),1,0
363,Nuu,2024-06-17T01:30:45,Tidal Surge (blue),1,0
363,Nuu,2024-06-17T01:30:45,Arousing Wave,1,1
363,Nuu,2024-06-17T01:30:45,Skybody Keikoi,1,1
363,Nuu,2024-06-17T01:30:45,Skywalker Keikoi,1,1
364,Zen,2024-06-17T01:58:41,Biting Breeze (red),1,0
364,Zen,2024-06-17T01:58:41,Breed Anger (red),1,0
364,Zen,2024-06-17T01:58:41,Companion of the Claw (red),2,0
364,Zen,2024-06-17T01:58:41,Pouncing Qi (red),1,0
364,Zen,2024-06-17T01:58:41,Tiger Form Incantation (red),2,0
364,Zen,2024-06-17T01:58:41,Untamed (red),1,0
364,Zen,2024-06-17T01:58:41,Wounding Blow (red),1,0
364,Zen,2024-06-17T01:58:41,Aspect of Tiger: Soul (yellow),1,0
364,Zen,2024-06-17T01:58:41,Companion of the Claw (yellow),1,0
364,Zen,2024-06-17T01:58:41,Evasive Leap (yellow),1,0
364,Zen,2024-06-17T01:58:41,Flex Claws (yellow),1,0
364,Zen,2024-06-17T01:58:41,Pouncing Qi (yellow),1,0
364,Zen,2024-06-17T01:58:41,Qi Unleashed (yellow),1,0
364,Zen,2024-06-17T01:58:41,Tiger Form Incantation (yellow),1,0
364,Zen,2024-06-17T01:58:41,Wind Chakra (yellow),1,0
364,Zen,2024-06-17T01:58:41,Companion of the Claw (blue),1,0
364,Zen,2024-06-17T01:58:41,First Tenet of Chi: Tide (blue),1,0
364,Zen,2024-06-17T01:58:41,First Tenet of Chi: Wind (blue),1,0
364,Zen,2024-06-17T01:58:41,Flex Claws (blue),2,0
364,Zen,2024-06-17T01:58:41,Harmony of the Hunt (blue),1,0
364,Zen,2024-06-17T01:58:41,Nimble Strike (blue),1,0
364,Zen,2024-06-17T01:58:41,Pouncing Qi (blue),1,0
364,Zen,2024-06-17T01:58:41,Preserve Tradition (blue),1,0
364,Zen,2024-06-17T01:58:41,"Rising Sun, Setting Moon (blue)",1,0
364,Zen,2024-06-17T01:58:41,Rising Tide (blue),1,0
364,Zen,2024-06-17T01:58:41,The Grain that Tips the Scale (blue),1,0
364,Zen,2024-06-17T01:58:41,Tiger Form Incantation (blue),2,0
364,Zen,2024-06-17T01:58:41,Wash Away (blue),1,0
364,Zen,2024-06-17T01:58:41,Wind Chakra (blue),1,0
364,Zen,2024-06-17T01:58:41,Aqua Laps,1,1
364,Zen,2024-06-17T01:58:41,Stride of Reprisal,1,1
365,Zen,2024-06-17T04:37:39,Blanch (red),1,0
365,Zen,2024-06-17T04:37:39,Breed Anger (red),1,0
365,Zen,2024-06-17T04:37:39,Companion of the Claw (red),2,0
365,Zen,2024-06-17T04:37:39,Emissary of Tides (red),1,0
365,Zen,2024-06-17T04:37:39,Flex Claws (red),1,0
365,Zen,2024-06-17T04:37:39,Pouncing Qi (red),2,0
365,Zen,2024-06-17T04:37:39,Tiger Form Incantation (red),2,0
365,Zen,2024-06-17T04:37:39,Untamed (red),1,0
365,Zen,2024-06-17T04:37:39,Wind Chakra (red),1,0
365,Zen,2024-06-17T04:37:39,Wounding Blow (red),1,0
365,Zen,2024-06-17T04:37:39,Battlefront Bastion (yellow),1,0
365,Zen,2024-06-17T04:37:39,Companion of the Claw (yellow),1,0
365,Zen,2024-06-17T04:37:39,Flex Claws (yellow),1,0
365,Zen,2024-06-17T04:37:39,Gravekeeping (yellow),1,0
365,Zen,2024-06-17T04:37:39,Pouncing Qi (yellow),1,0
365,Zen,2024-06-17T04:37:39,Qi Unleashed (yellow),1,0
365,Zen,2024-06-17T04:37:39,Untamed (yellow),1,0
365,Zen,2024-06-17T04:37:39,Aspect of Tiger: Mind (blue),1,0
365,Zen,2024-06-17T04:37:39,Biting Breeze (blue),1,0
365,Zen,2024-06-17T04:37:39,Companion of the Claw (blue),1,0
365,Zen,2024-06-17T04:37:39,First Tenet of Chi: Moon (blue),2,0
365,Zen,2024-06-17T04:37:39,First Tenet of Chi: Wind (blue),1,0
365,Zen,2024-06-17T04:37:39,Flex Claws (blue),2,0
365,Zen,2024-06-17T04:37:39,Gravekeeping (blue),1,0
365,Zen,2024-06-17T04:37:39,Pouncing Qi (blue),2,0
365,Zen,2024-06-17T04:37:39,Preserve Tradition (blue),1,0
365,Zen,2024-06-17T04:37:39,Stir the Pot (blue),3,0
365,Zen,2024-06-17T04:37:39,Tiger Form Incantation (blue),2,0
365,Zen,2024-06-17T04:37:39,Wash Away (blue),2,0
365,Zen,2024-06-17T04:37:39,Wind Chakra (blue),1,0
365,Zen,2024-06-17T04:37:39,Wounding Blow (blue),1,0
365,Zen,2024-06-17T04:37:39,Stride of Reprisal,1,1
366,Nuu,2024-06-17T14:54:56,Art of Desire: Body (red),1,0
366,Nuu,2024-06-17T14:54:56,Bonds of Memory (red),2,0
366,Nuu,2024-06-17T14:54:56,Desires of Flesh (red),1,0
366,Nuu,2024-06-17T14:54:56,Double Trouble (red),1,0
366,Nuu,2024-06-17T14:54:56,Impulsive Desire (red),1,0
366,Nuu,2024-06-17T14:54:56,Intimate Inducement (red),1,0
366,Nuu,2024-06-17T14:54:56,Mind's Desire (red),2,0
366,Nuu,2024-06-17T14:54:56,Pick to Pieces (red),1,0
366,Nuu,2024-06-17T14:54:56,Tide Chakra (red),2,0
366,Nuu,2024-06-17T14:54:56,Venomous Bite (red),3,0
366,Nuu,2024-06-17T14:54:56,Water the Seeds (red),1,0
366,Nuu,2024-06-17T14:54:56,Wounding Blow (red),1,0
366,Nuu,2024-06-17T14:54:56,Bonds of Memory (yellow),1,0
366,Nuu,2024-06-17T14:54:56,Desires of Flesh (yellow),2,0
366,Nuu,2024-06-17T14:54:56,Double Trouble (yellow),1,0
366,Nuu,2024-06-17T14:54:56,Hiss (yellow),1,0
366,Nuu,2024-06-17T14:54:56,Mind's Desire (yellow),1,0
366,Nuu,2024-06-17T14:54:56,Nimblism (yellow),1,0
366,Nuu,2024-06-17T14:54:56,Pick to Pieces (yellow),1,0
366,Nuu,2024-06-17T14:54:56,A Drop in the Ocean (blue),2,0
366,Nuu,2024-06-17T14:54:56,Bonds of Attraction (blue),2,0
366,Nuu,2024-06-17T14:54:56,Bonds of Memory (blue),1,0
366,Nuu,2024-06-17T14:54:56,Desires of Flesh (blue),1,0
366,Nuu,2024-06-17T14:54:56,Hiss (blue),1,0
366,Nuu,2024-06-17T14:54:56,Homage to Ancestors (blue),1,0
366,Nuu,2024-06-17T14:54:56,Impulsive Desire (blue),1,0
366,Nuu,2024-06-17T14:54:56,Intimate Inducement (blue),1,0
366,Nuu,2024-06-17T14:54:56,Pick to Pieces (blue),1,0
366,Nuu,2024-06-17T14:54:56,Venomous Bite (blue),2,0
366,Nuu,2024-06-17T14:54:56,Wounding Blow (blue),1,0
366,Nuu,2024-06-17T14:54:56,Arousing Wave,1,1
366,Nuu,2024-06-17T14:54:56,Skybody Keikoi,1,1
367,Nuu,2024-06-17T15:47:03,Battlefront Bastion (red),2,0
367,Nuu,2024-06-17T15:47:03,Hiss (red),3,0
367,Nuu,2024-06-17T15:47:03,Impulsive Desire (red),2,0
367,Nuu,2024-06-17T15:47:03,Intimate Inducement (red),1,0
367,Nuu,2024-06-17T15:47:03,Pick to Pieces (red),2,0
367,Nuu,2024-06-17T15:47:03,Venomous Bite (red),3,0
367,Nuu,2024-06-17T15:47:03,Art of Desire: Soul (yellow),1,0
367,Nuu,2024-06-17T15:47:03,Bonds of Attraction (yellow),2,0
367,Nuu,2024-06-17T15:47:03,Mind's Desire (yellow),2,0
367,Nuu,2024-06-17T15:47:03,Pick to Pieces (yellow),1,0
367,Nuu,2024-06-17T15:47:03,Evasive Leap (blue),1,0
367,Nuu,2024-06-17T15:47:03,First Tenet of Chi: Moon (blue),1,0
367,Nuu,2024-06-17T15:47:03,First Tenet of Chi: Tide (blue),1,0
367,Nuu,2024-06-17T15:47:03,Hiss (blue),1,0
367,Nuu,2024-06-17T15:47:03,Impulsive Desire (blue),2,0
367,Nuu,2024-06-17T15:47:03,Nimblism (blue),1,0
367,Nuu,2024-06-17T15:47:03,Stir the Pot (blue),1,0
367,Nuu,2024-06-17T15:47:03,The Grain that Tips the Scale (blue),1,0
367,Nuu,2024-06-17T15:47:03,Unravel Aggression (blue),1,0
367,Nuu,2024-06-17T15:47:03,Venomous Bite (blue),1,0
367,Nuu,2024-06-17T15:47:03,Wounding Blow (blue),1,0
367,Nuu,2024-06-17T15:47:03,Arousing Wave,1,1
367,Nuu,2024-06-17T15:47:03,Koi Blessed Kimono,1,1
367,Nuu,2024-06-17T15:47:03,Skycrest Keikoi,1,1
367,Nuu,2024-06-17T15:47:03,Skywalker Keikoi,1,1
368,Nuu,2024-06-17T16:52:54,Bonds of Memory (red),3,0
368,Nuu,2024-06-17T16:52:54,Hiss (red),1,0
368,Nuu,2024-06-17T16:52:54,Impulsive Desire (red),1,0
368,Nuu,2024-06-17T16:52:54,Mind's Desire (red),1,0
368,Nuu,2024-06-17T16:52:54,Nimblism (red),2,0
368,Nuu,2024-06-17T16:52:54,Tide Chakra (red),1,0
368,Nuu,2024-06-17T16:52:54,Bonds of Memory (yellow),1,0
368,Nuu,2024-06-17T16:52:54,Hiss (yellow),1,0
368,Nuu,2024-06-17T16:52:54,Pick to Pieces (yellow),1,0
368,Nuu,2024-06-17T16:52:54,Venomous Bite (yellow),1,0
368,Nuu,2024-06-17T16:52:54,Water the Seeds (yellow),1,0
368,Nuu,2024-06-17T16:52:54,Bonds of Attraction (blue),1,0
368,Nuu,2024-06-17T16:52:54,Bonds of Memory (blue),1,0
368,Nuu,2024-06-17T16:52:54,Desires of Flesh (blue),1,0
368,Nuu,2024-06-17T16:52:54,Droplet (blue),1,0
368,Nuu,2024-06-17T16:52:54,First Tenet of Chi: Tide (blue),1,0
368,Nuu,2024-06-17T16:52:54,First Tenet of Chi: Wind (blue),1,0
368,Nuu,2024-06-17T16:52:54,Homage to Ancestors (blue),2,0
368,Nuu,2024-06-17T16:52:54,Impulsive Desire (blue),3,0
368,Nuu,2024-06-17T16:52:54,Mind's Desire (blue),1,0
368,Nuu,2024-06-17T16:52:54,Pick to Pieces (blue),1,0
368,Nuu,2024-06-17T16:52:54,The Grain that Tips the Scale (blue),1,0
368,Nuu,2024-06-17T16:52:54,Tide Chakra (blue),1,0
368,Nuu,2024-06-17T16:52:54,Unravel Aggression (blue),1,0
368,Nuu,2024-06-17T16:52:54,Aqua Seeing Shell,1,1
368,Nuu,2024-06-17T16:52:54,Skybody Keikoi,1,1
368,Nuu,2024-06-17T16:52:54,Waves of Aqua Marine,1,1
369,Enigma,2024-06-17T20:04:59,Battlefront Bastion (red),1,0
369,Enigma,2024-06-17T20:04:59,Emissary of Tides (red),1,0
369,Enigma,2024-06-17T20:04:59,Haunting Specter (red),1,0
369,Enigma,2024-06-17T20:04:59,Sigil of Solitude (red),1,0
369,Enigma,2024-06-17T20:04:59,Spectral Manifestations (red),1,0
369,Enigma,2024-06-17T20:04:59,Gravekeeping (yellow),1,0
369,Enigma,2024-06-17T20:04:59,Haze Shelter (yellow),1,0
369,Enigma,2024-06-17T20:04:59,Solitary Companion (yellow),1,0
369,Enigma,2024-06-17T20:04:59,Spectral Manifestations (yellow),2,0
369,Enigma,2024-06-17T20:04:59,Waning Vengeance (yellow),1,0
369,Enigma,2024-06-17T20:04:59,Waxing Specter (yellow),1,0
369,Enigma,2024-06-17T20:04:59,Astral Etchings (blue),1,0
369,Enigma,2024-06-17T20:04:59,Battlefront Bastion (blue),1,0
369,Enigma,2024-06-17T20:04:59,Blanch (blue),2,0
369,Enigma,2024-06-17T20:04:59,Droplet (blue),1,0
369,Enigma,2024-06-17T20:04:59,First Tenet of Chi: Tide (blue),3,0
369,Enigma,2024-06-17T20:04:59,Path Well Traveled (blue),2,0
369,Enigma,2024-06-17T20:04:59,Preserve Tradition (blue),1,0
369,Enigma,2024-06-17T20:04:59,Rising Tide (blue),2,0
369,Enigma,2024-06-17T20:04:59,Single Minded Determination (blue),1,0
369,Enigma,2024-06-17T20:04:59,Solitary Companion (blue),2,0
369,Enigma,2024-06-17T20:04:59,Spectral Manifestations (blue),1,0
369,Enigma,2024-06-17T20:04:59,Spillover (blue),2,0
369,Enigma,2024-06-17T20:04:59,Stir the Pot (blue),1,0
369,Enigma,2024-06-17T20:04:59,Waning Vengeance (blue),1,0
369,Enigma,2024-06-17T20:04:59,Wash Away (blue),1,0
369,Enigma,2024-06-17T20:04:59,Waxing Specter (blue),1,0
369,Enigma,2024-06-17T20:04:59,Heirloom of Rabbit Hide,1,1
369,Enigma,2024-06-17T20:04:59,Uphold Tradition,1,1
370,Zen,2024-06-17T21:30:12,Biting Breeze (red),1,0
370,Zen,2024-06-17T21:30:12,Companion of the Claw (red),1,0
370,Zen,2024-06-17T21:30:12,Flex Claws (red),1,0
370,Zen,2024-06-17T21:30:12,Gravekeeping (red),1,0
370,Zen,2024-06-17T21:30:12,Harmony of the Hunt (red),1,0
370,Zen,2024-06-17T21:30:12,Nimblism (red),1,0
370,Zen,2024-06-17T21:30:12,Untamed (red),1,0
370,Zen,2024-06-17T21:30:12,Water the Seeds (red),1,0
370,Zen,2024-06-17T21:30:12,Wounding Blow (red),2,0
370,Zen,2024-06-17T21:30:12,Biting Breeze (yellow),1,0
370,Zen,2024-06-17T21:30:12,Flex Claws (yellow),1,0
370,Zen,2024-06-17T21:30:12,Nimble Strike (yellow),1,0
370,Zen,2024-06-17T21:30:12,Nimblism (yellow),1,0
370,Zen,2024-06-17T21:30:12,Qi Unleashed (yellow),1,0
370,Zen,2024-06-17T21:30:12,Tiger Form Incantation (yellow),1,0
370,Zen,2024-06-17T21:30:12,Untamed (yellow),1,0
370,Zen,2024-06-17T21:30:12,Biting Breeze (blue),1,0
370,Zen,2024-06-17T21:30:12,Blanch (blue),1,0
370,Zen,2024-06-17T21:30:12,Evasive Leap (blue),1,0
370,Zen,2024-06-17T21:30:12,First Tenet of Chi: Moon (blue),1,0
370,Zen,2024-06-17T21:30:12,First Tenet of Chi: Tide (blue),1,0
370,Zen,2024-06-17T21:30:12,First Tenet of Chi: Wind (blue),2,0
370,Zen,2024-06-17T21:30:12,Flex Claws (blue),1,0
370,Zen,2024-06-17T21:30:12,Levels of Enlightenment (blue),1,0
370,Zen,2024-06-17T21:30:12,Nimble Strike (blue),1,0
370,Zen,2024-06-17T21:30:12,Path Well Traveled (blue),1,0
370,Zen,2024-06-17T21:30:12,Spillover (blue),2,0
370,Zen,2024-06-17T21:30:12,Tiger Form Incantation (blue),1,0
370,Zen,2024-06-17T21:30:12,Untamed (blue),1,0
370,Zen,2024-06-17T21:30:12,Aqua Seeing Shell,1,1
370,Zen,2024-06-17T21:30:12,Heirloom of Tiger Hide,1,1
370,Zen,2024-06-17T21:30:12,Mask of Wizened Whiskers,1,1
370,Zen,2024-06-17T21:30:12,Skyhold Keikoi,1,1
370,Zen,2024-06-17T21:30:12,Stride of Reprisal,1,1
370,Zen,2024-06-17T21:30:12,Waves of Aqua Marine,1,1
371,Zen,2024-06-18T02:30:21,Battlefront Bastion (red),1,0
371,Zen,2024-06-18T02:30:21,Biting Breeze (red),1,0
371,Zen,2024-06-18T02:30:21,Emissary of Tides (red),1,0
371,Zen,2024-06-18T02:30:21,Harmony of the Hunt (red),4,0
371,Zen,2024-06-18T02:30:21,Pouncing Qi (red),1,0
371,Zen,2024-06-18T02:30:21,Tiger Form Incantation (red),1,0
371,Zen,2024-06-18T02:30:21,Untamed (red),1,0
371,Zen,2024-06-18T02:30:21,Wind Chakra (red),1,0
371,Zen,2024-06-18T02:30:21,Wounding Blow (red),1,0
371,Zen,2024-06-18T02:30:21,Biting Breeze (yellow),1,0
371,Zen,2024-06-18T02:30:21,Blessing of Qi (yellow),1,0
371,Zen,2024-06-18T02:30:21,Fact-Finding Mission (yellow),1,0
371,Zen,2024-06-18T02:30:21,Gravekeeping (yellow),1,0
371,Zen,2024-06-18T02:30:21,Nimblism (yellow),1,0
371,Zen,2024-06-18T02:30:21,Biting Breeze (blue),1,0
371,Zen,2024-06-18T02:30:21,Blessing of Qi (blue),2,0
371,Zen,2024-06-18T02:30:21,Breed Anger (blue),1,0
371,Zen,2024-06-18T02:30:21,Companion of the Claw (blue),1,0
371,Zen,2024-06-18T02:30:21,Evasive Leap (blue),1,0
371,Zen,2024-06-18T02:30:21,Flex Claws (blue),1,0
371,Zen,2024-06-18T02:30:21,Pouncing Qi (blue),1,0
371,Zen,2024-06-18T02:30:21,Second Tenet of Chi: Wind (blue),1,0
371,Zen,2024-06-18T02:30:21,Stir the Pot (blue),1,0
371,Zen,2024-06-18T02:30:21,The Grain that Tips the Scale (blue),1,0
371,Zen,2024-06-18T02:30:21,Tiger Form Incantation (blue),1,0
371,Zen,2024-06-18T02:30:21,Untamed (blue),2,0
371,Zen,2024-06-18T02:30:21,Wind Chakra (blue),1,0
371,Zen,2024-06-18T02:30:21,Heirloom of Tiger Hide,1,1
371,Zen,2024-06-18T02:30:21,Skyhold Keikoi,1,1
371,Zen,2024-06-18T02:30:21,Stride of Reprisal,1,1
372,Nuu,2024-06-18T03:15:09,Art of Desire: Body (red),1,0
372,Nuu,2024-06-18T03:15:09,Battlefront Bastion (red),1,0
372,Nuu,2024-06-18T03:15:09,Bonds of Memory (red),2,0
372,Nuu,2024-06-18T03:15:09,Desires of Flesh (red),1,0
372,Nuu,2024-06-18T03:15:09,Fact-Finding Mission (red),1,0
372,Nuu,2024-06-18T03:15:09,Hiss (red),2,0
372,Nuu,2024-06-18T03:15:09,Just a Nick (red),1,0
372,Nuu,2024-06-18T03:15:09,Nimble Strike (red),1,0
372,Nuu,2024-06-18T03:15:09,Nimblism (red),1,0
372,Nuu,2024-06-18T03:15:09,Pick to Pieces (red),1,0
372,Nuu,2024-06-18T03:15:09,Tide Chakra (red),1,0
372,Nuu,2024-06-18T03:15:09,Venomous Bite (red),2,0
372,Nuu,2024-06-18T03:15:09,Bonds of Attraction (yellow),1,0
372,Nuu,2024-06-18T03:15:09,Evasive Leap (yellow),1,0
372,Nuu,2024-06-18T03:15:09,Gravekeeping (yellow),1,0
372,Nuu,2024-06-18T03:15:09,Pick to Pieces (yellow),1,0
372,Nuu,2024-06-18T03:15:09,Venomous Bite (yellow),1,0
372,Nuu,2024-06-18T03:15:09,Art of Desire: Mind (blue),1,0
372,Nuu,2024-06-18T03:15:09,Bonds of Agony (blue),1,0
372,Nuu,2024-06-18T03:15:09,Bonds of Attraction (blue),1,0
372,Nuu,2024-06-18T03:15:09,Bonds of Memory (blue),3,0
372,Nuu,2024-06-18T03:15:09,Desires of Flesh (blue),1,0
372,Nuu,2024-06-18T03:15:09,Double Trouble (blue),1,0
372,Nuu,2024-06-18T03:15:09,Impulsive Desire (blue),1,0
372,Nuu,2024-06-18T03:15:09,Intimate Inducement (blue),1,0
372,Nuu,2024-06-18T03:15:09,Mind's Desire (blue),2,0
372,Nuu,2024-06-18T03:15:09,Pick to Pieces (blue),2,0
372,Nuu,2024-06-18T03:15:09,Preserve Tradition (blue),1,0
372,Nuu,2024-06-18T03:15:09,Sacred Art: Undercurrent Desires (blue),1,0
372,Nuu,2024-06-18T03:15:09,Stir the Pot (blue),1,0
372,Nuu,2024-06-18T03:15:09,Aqua Laps,1,1
372,Nuu,2024-06-18T03:15:09,Heirloom of Snake Hide,1,1
373,Enigma,2024-06-18T03:15:29,Battlefront Bastion (red),1,0
373,Enigma,2024-06-18T03:15:29,Evasive Leap (red),2,0
373,Enigma,2024-06-18T03:15:29,Single Minded Determination (red),1,0
373,Enigma,2024-06-18T03:15:29,Spectral Manifestations (red),2,0
373,Enigma,2024-06-18T03:15:29,Vengeful Apparition (red),1,0
373,Enigma,2024-06-18T03:15:29,Waning Vengeance (red),4,0
373,Enigma,2024-06-18T03:15:29,Battlefront Bastion (yellow),1,0
373,Enigma,2024-06-18T03:15:29,Evasive Leap (yellow),1,0
373,Enigma,2024-06-18T03:15:29,Fact-Finding Mission (yellow),1,0
373,Enigma,2024-06-18T03:15:29,Haunting Specter (yellow),1,0
373,Enigma,2024-06-18T03:15:29,Waxing Specter (yellow),1,0
373,Enigma,2024-06-18T03:15:29,A Drop in the Ocean (blue),2,0
373,Enigma,2024-06-18T03:15:29,Astral Etchings (blue),1,0
373,Enigma,2024-06-18T03:15:29,Attune with Cosmic Vibrations (blue),1,0
373,Enigma,2024-06-18T03:15:29,Battlefront Bastion (blue),1,0
373,Enigma,2024-06-18T03:15:29,Big Blue Sky (blue),1,0
373,Enigma,2024-06-18T03:15:29,Blanch (blue),1,0
373,Enigma,2024-06-18T03:15:29,First Tenet of Chi: Moon (blue),2,0
373,Enigma,2024-06-18T03:15:29,First Tenet of Chi: Wind (blue),1,0
373,Enigma,2024-06-18T03:15:29,Haunting Specter (blue),1,0
373,Enigma,2024-06-18T03:15:29,Haze Shelter (blue),1,0
373,Enigma,2024-06-18T03:15:29,Homage to Ancestors (blue),1,0
373,Enigma,2024-06-18T03:15:29,Preserve Tradition (blue),1,0
373,Enigma,2024-06-18T03:15:29,Sigil of Solitude (blue),1,0
373,Enigma,2024-06-18T03:15:29,Single Minded Determination (blue),1,0
373,Enigma,2024-06-18T03:15:29,Solitary Companion (blue),2,0
373,Enigma,2024-06-18T03:15:29,Spectral Manifestations (blue),1,0
373,Enigma,2024-06-18T03:15:29,Waning Vengeance (blue),2,0
373,Enigma,2024-06-18T03:15:29,Wash Away (blue),1,0
373,Enigma,2024-06-18T03:15:29,Skybody Keikoi,1,1
373,Enigma,2024-06-18T03:15:29,Skycrest Keikoi,1,1
373,Enigma,2024-06-18T03:15:29,Uphold Tradition,1,1
374,Nuu,2024-06-18T07:37:00,Battlefront Bastion (red),1,0
374,Nuu,2024-06-18T07:37:00,Desires of Flesh (red),2,0
374,Nuu,2024-06-18T07:37:00,Emissary of Moon (red),1,0
374,Nuu,2024-06-18T07:37:00,Fact-Finding Mission (red),1,0
374,Nuu,2024-06-18T07:37:00,Hiss (red),1,0
374,Nuu,2024-06-18T07:37:00,Impulsive Desire (red),1,0
374,Nuu,2024-06-18T07:37:00,Just a Nick (red),1,0
374,Nuu,2024-06-18T07:37:00,Mind's Desire (red),2,0
374,Nuu,2024-06-18T07:37:00,Nimble Strike (red),1,0
374,Nuu,2024-06-18T07:37:00,Nimblism (red),1,0
374,Nuu,2024-06-18T07:37:00,Venomous Bite (red),1,0
374,Nuu,2024-06-18T07:37:00,Battlefront Bastion (yellow),1,0
374,Nuu,2024-06-18T07:37:00,Hiss (yellow),1,0
374,Nuu,2024-06-18T07:37:00,Nimblism (yellow),1,0
374,Nuu,2024-06-18T07:37:00,Venomous Bite (yellow),1,0
374,Nuu,2024-06-18T07:37:00,Bonds of Agony (blue),1,0
374,Nuu,2024-06-18T07:37:00,Bonds of Memory (blue),1,0
374,Nuu,2024-06-18T07:37:00,Evasive Leap (blue),1,0
374,Nuu,2024-06-18T07:37:00,First Tenet of Chi: Moon (blue),1,0
374,Nuu,2024-06-18T07:37:00,First Tenet of Chi: Tide (blue),1,0
374,Nuu,2024-06-18T07:37:00,First Tenet of Chi: Wind (blue),1,0
374,Nuu,2024-06-18T07:37:00,Impulsive Desire (blue),1,0
374,Nuu,2024-06-18T07:37:00,Mind's Desire (blue),1,0
374,Nuu,2024-06-18T07:37:00,Nimble Strike (blue),1,0
374,Nuu,2024-06-18T07:37:00,Nimblism (blue),1,0
374,Nuu,2024-06-18T07:37:00,Pick to Pieces (blue),2,0
374,Nuu,2024-06-18T07:37:00,Stir the Pot (blue),1,0
374,Nuu,2024-06-18T07:37:00,The Grain that Tips the Scale (blue),1,0
374,Nuu,2024-06-18T07:37:00,Wide Blue Yonder (blue),1,0
374,Nuu,2024-06-18T07:37:00,Skybody Keikoi,1,1
374,Nuu,2024-06-18T07:37:00,Skycrest Keikoi,1,1
374,Nuu,2024-06-18T07:37:00,Undertow Stilettos,1,1
374,Nuu,2024-06-18T07:37:00,Waves of Aqua Marine,1,1
375,Enigma,2024-06-18T08:30:30,Evasive Leap (red),2,0
375,Enigma,2024-06-18T08:30:30,Moon Chakra (red),1,0
375,Enigma,2024-06-18T08:30:30,Solitary Companion (red),1,0
375,Enigma,2024-06-18T08:30:30,Spectral Manifestations (red),2,0
375,Enigma,2024-06-18T08:30:30,Waning Vengeance (red),1,0
375,Enigma,2024-06-18T08:30:30,Waxing Specter (red),1,0
375,Enigma,2024-06-18T08:30:30,Wounding Blow (red),1,0
375,Enigma,2024-06-18T08:30:30,Fact-Finding Mission (yellow),1,0
375,Enigma,2024-06-18T08:30:30,Vengeful Apparition (yellow),1,0
375,Enigma,2024-06-18T08:30:30,Astral Etchings (blue),1,0
375,Enigma,2024-06-18T08:30:30,Battlefront Bastion (blue),1,0
375,Enigma,2024-06-18T08:30:30,Blanch (blue),1,0
375,Enigma,2024-06-18T08:30:30,Evasive Leap (blue),1,0
375,Enigma,2024-06-18T08:30:30,First Tenet of Chi: Moon (blue),1,0
375,Enigma,2024-06-18T08:30:30,First Tenet of Chi: Tide (blue),1,0
375,Enigma,2024-06-18T08:30:30,Haunting Specter (blue),1,0
375,Enigma,2024-06-18T08:30:30,Manifestation of Miragai (blue),1,0
375,Enigma,2024-06-18T08:30:30,Path Well Traveled (blue),1,0
375,Enigma,2024-06-18T08:30:30,"Rising Sun, Setting Moon (blue)",1,0
375,Enigma,2024-06-18T08:30:30,Rising Tide (blue),1,0
375,Enigma,2024-06-18T08:30:30,Second Tenet of Chi: Moon (blue),1,0
375,Enigma,2024-06-18T08:30:30,Sigil of Solitude (blue),2,0
375,Enigma,2024-06-18T08:30:30,Single Minded Determination (blue),1,0
375,Enigma,2024-06-18T08:30:30,Stir the Pot (blue),1,0
375,Enigma,2024-06-18T08:30:30,Tidal Surge (blue),2,0
375,Enigma,2024-06-18T08:30:30,Vengeful Apparition (blue),1,0
375,Enigma,2024-06-18T08:30:30,Water the Seeds (blue),1,0
375,Enigma,2024-06-18T08:30:30,Wounding Blow (blue),1,0
375,Enigma,2024-06-18T08:30:30,Heirloom of Rabbit Hide,1,1
375,Enigma,2024-06-18T08:30:30,Koi Blessed Kimono,1,1
375,Enigma,2024-06-18T08:30:30,Skywalker Keikoi,1,1
375,Enigma,2024-06-18T08:30:30,Truths Retold,1,1
376,Zen,2024-06-18T12:53:03,Biting Breeze (red),1,0
376,Zen,2024-06-18T12:53:03,Blanch (red),1,0
376,Zen,2024-06-18T12:53:03,Breed Anger (red),2,0
376,Zen,2024-06-18T12:53:03,Companion of the Claw (red),1,0
376,Zen,2024-06-18T12:53:03,Emissary of Moon (red),1,0
376,Zen,2024-06-18T12:53:03,Harmony of the Hunt (red),1,0
376,Zen,2024-06-18T12:53:03,Nimble Strike (red),1,0
376,Zen,2024-06-18T12:53:03,Nimblism (red),1,0
376,Zen,2024-06-18T12:53:03,Tiger Form Incantation (red),2,0
376,Zen,2024-06-18T12:53:03,Tooth and Claw (red),1,0
376,Zen,2024-06-18T12:53:03,Untamed (red),1,0
376,Zen,2024-06-18T12:53:03,Wind Chakra (red),1,0
376,Zen,2024-06-18T12:53:03,Battlefront Bastion (yellow),1,0
376,Zen,2024-06-18T12:53:03,Biting Breeze (yellow),1,0
376,Zen,2024-06-18T12:53:03,Breed Anger (yellow),1,0
376,Zen,2024-06-18T12:53:03,Fact-Finding Mission (yellow),1,0
376,Zen,2024-06-18T12:53:03,Untamed (yellow),1,0
376,Zen,2024-06-18T12:53:03,Wind Chakra (yellow),1,0
376,Zen,2024-06-18T12:53:03,A Drop in the Ocean (blue),2,0
376,Zen,2024-06-18T12:53:03,Blanch (blue),1,0
376,Zen,2024-06-18T12:53:03,Breed Anger (blue),1,0
376,Zen,2024-06-18T12:53:03,First Tenet of Chi: Moon (blue),1,0
376,Zen,2024-06-18T12:53:03,Flex Claws (blue),2,0
376,Zen,2024-06-18T12:53:03,Path Well Traveled (blue),1,0
376,Zen,2024-06-18T12:53:03,Pouncing Qi (blue),1,0
376,Zen,2024-06-18T12:53:03,Preserve Tradition (blue),1,0
376,Zen,2024-06-18T12:53:03,Second Tenet of Chi: Tide (blue),1,0
376,Zen,2024-06-18T12:53:03,Tiger Form Incantation (blue),1,0
376,Zen,2024-06-18T12:53:03,Untamed (blue),3,0
376,Zen,2024-06-18T12:53:03,Wash Away (blue),1,0
376,Zen,2024-06-18T12:53:03,Wind Chakra (blue),1,0
376,Zen,2024-06-18T12:53:03,Aqua Laps,1,1
376,Zen,2024-06-18T12:53:03,Skybody Keikoi,1,1
376,Zen,2024-06-18T12:53:03,Skyhold Keikoi,1,1
377,Zen,2024-06-18T14:11:53,Aspect of Tiger: Body (red),1,0
377,Zen,2024-06-18T14:11:53,Breed Anger (red),2,0
377,Zen,2024-06-18T14:11:53,Harmony of the Hunt (red),2,0
377,Zen,2024-06-18T14:11:53,Pouncing Qi (red),1,0
377,Zen,2024-06-18T14:11:53,Qi Unleashed (red),1,0
377,Zen,2024-06-18T14:11:53,Tiger Form Incantation (red),1,0
377,Zen,2024-06-18T14:11:53,Untamed (red),2,0
377,Zen,2024-06-18T14:11:53,Wind Chakra (red),1,0
377,Zen,2024-06-18T14:11:53,Wounding Blow (red),1,0
377,Zen,2024-06-18T14:11:53,Aspect of Tiger: Soul (yellow),1,0
377,Zen,2024-06-18T14:11:53,Battlefront Bastion (yellow),1,0
377,Zen,2024-06-18T14:11:53,Breed Anger (yellow),1,0
377,Zen,2024-06-18T14:11:53,Harmony of the Hunt (yellow),1,0
377,Zen,2024-06-18T14:11:53,Nimble Strike (yellow),1,0
377,Zen,2024-06-18T14:11:53,Pouncing Qi (yellow),1,0
377,Zen,2024-06-18T14:11:53,Aspect of Tiger: Mind (blue),1,0
377,Zen,2024-06-18T14:11:53,Biting Breeze (blue),1,0
377,Zen,2024-06-18T14:11:53,Breed Anger (blue),2,0
377,Zen,2024-06-18T14:11:53,First Tenet of Chi: Tide (blue),2,0
377,Zen,2024-06-18T14:11:53,First Tenet of Chi: Wind (blue),2,0
377,Zen,2024-06-18T14:11:53,Pouncing Qi (blue),1,0
377,Zen,2024-06-18T14:11:53,Preserve Tradition (blue),1,0
377,Zen,2024-06-18T14:11:53,"Rising Sun, Setting Moon (blue)",1,0
377,Zen,2024-06-18T14:11:53,Sacred Art: Jade Tiger Domain (blue),1,0
377,Zen,2024-06-18T14:11:53,Shifting Winds of the Mystic Beast (blue),1,0
377,Zen,2024-06-18T14:11:53,Spillover (blue),1,0
377,Zen,2024-06-18T14:11:53,Tidal Surge (blue),2,0
377,Zen,2024-06-18T14:11:53,Tiger Form Incantation (blue),1,0
377,Zen,2024-06-18T14:11:53,Heirloom of Tiger Hide,1,1
377,Zen,2024-06-18T14:11:53,Mask of Wizened Whiskers,1,1
377,Zen,2024-06-18T14:11:53,Skyhold Keikoi,1,1
377,Zen,2024-06-18T14:11:53,Stride of Reprisal,1,1
378,Zen,2024-06-18T15:34:38,Biting Breeze (red),1,0
378,Zen,2024-06-18T15:34:38,Companion of the Claw (red),3,0
378,Zen,2024-06-18T15:34:38,Flex Claws (red),1,0
378,Zen,2024-06-18T15:34:38,Pouncing Qi (red),2,0
378,Zen,2024-06-18T15:34:38,Tiger Form Incantation (red),1,0
378,Zen,2024-06-18T15:34:38,Untamed (red),2,0
378,Zen,2024-06-18T15:34:38,Wind Chakra (red),1,0
378,Zen,2024-06-18T15:34:38,Biting Breeze (yellow),2,0
378,Zen,2024-06-18T15:34:38,Evasive Leap (yellow),1,0
378,Zen,2024-06-18T15:34:38,Tiger Form Incantation (yellow),1,0
378,Zen,2024-06-18T15:34:38,Untamed (yellow),1,0
378,Zen,2024-06-18T15:34:38,Wounding Blow (yellow),2,0
378,Zen,2024-06-18T15:34:38,Battlefront Bastion (blue),1,0
378,Zen,2024-06-18T15:34:38,Biting Breeze (blue),1,0
378,Zen,2024-06-18T15:34:38,Companion of the Claw (blue),2,0
378,Zen,2024-06-18T15:34:38,Evasive Leap (blue),2,0
378,Zen,2024-06-18T15:34:38,Flex Claws (blue),1,0
378,Zen,2024-06-18T15:34:38,Harmony of the Hunt (blue),2,0
378,Zen,2024-06-18T15:34:38,Homage to Ancestors (blue),1,0
378,Zen,2024-06-18T15:34:38,Preserve Tradition (blue),1,0
378,Zen,2024-06-18T15:34:38,Tiger Form Incantation (blue),1,0
378,Zen,2024-06-18T15:34:38,Untamed (blue),2,0
378,Zen,2024-06-18T15:34:38,Wind Chakra (blue),1,0
378,Zen,2024-06-18T15:34:38,Wounding Blow (blue),1,0
378,Zen,2024-06-18T15:34:38,Heirloom of Tiger Hide,1,1
378,Zen,2024-06-18T15:34:38,Mask of Wizened Whiskers,1,1
378,Zen,2024-06-18T15:34:38,Skyhold Keikoi,1,1
378,Zen,2024-06-18T15:34:38,Stride of Reprisal,1,1
378,Zen,2024-06-18T15:34:38,Waves of Aqua Marine,1,1
379,Enigma,2024-06-18T20:31:46,Battlefront Bastion (red),1,0
379,Enigma,2024-06-18T20:31:46,Haze Shelter (red),1,0
379,Enigma,2024-06-18T20:31:46,Nimble Strike (red),1,0
379,Enigma,2024-06-18T20:31:46,Nimblism (red),1,0
379,Enigma,2024-06-18T20:31:46,Vengeful Apparition (red),1,0
379,Enigma,2024-06-18T20:31:46,Waxing Specter (red),1,0
379,Enigma,2024-06-18T20:31:46,Wounding Blow (red),1,0
379,Enigma,2024-06-18T20:31:46,Battlefront Bastion (yellow),1,0
379,Enigma,2024-06-18T20:31:46,Essence of Ancestry: Soul (yellow),1,0
379,Enigma,2024-06-18T20:31:46,Evasive Leap (yellow),1,0
379,Enigma,2024-06-18T20:31:46,Vengeful Apparition (yellow),1,0
379,Enigma,2024-06-18T20:31:46,Waning Vengeance (yellow),1,0
379,Enigma,2024-06-18T20:31:46,Waxing Specter (yellow),2,0
379,Enigma,2024-06-18T20:31:46,A Drop in the Ocean (blue),1,0
379,Enigma,2024-06-18T20:31:46,Battlefront Bastion (blue),1,0
379,Enigma,2024-06-18T20:31:46,Droplet (blue),1,0
379,Enigma,2024-06-18T20:31:46,Fact-Finding Mission (blue),1,0
379,Enigma,2024-06-18T20:31:46,First Tenet of Chi: Moon (blue),1,0
379,Enigma,2024-06-18T20:31:46,First Tenet of Chi: Tide (blue),1,0
379,Enigma,2024-06-18T20:31:46,First Tenet of Chi: Wind (blue),1,0
379,Enigma,2024-06-18T20:31:46,Homage to Ancestors (blue),1,0
379,Enigma,2024-06-18T20:31:46,Path Well Traveled (blue),1,0
379,Enigma,2024-06-18T20:31:46,Second Tenet of Chi: Tide (blue),1,0
379,Enigma,2024-06-18T20:31:46,Second Tenet of Chi: Wind (blue),2,0
379,Enigma,2024-06-18T20:31:46,Sigil of Solitude (blue),1,0
379,Enigma,2024-06-18T20:31:46,Single Minded Determination (blue),3,0
379,Enigma,2024-06-18T20:31:46,Spectral Manifestations (blue),1,0
379,Enigma,2024-06-18T20:31:46,Wash Away (blue),2,0
379,Enigma,2024-06-18T20:31:46,Wounding Blow (blue),2,0
379,Enigma,2024-06-18T20:31:46,Koi Blessed Kimono,1,1
379,Enigma,2024-06-18T20:31:46,Skycrest Keikoi,1,1
379,Enigma,2024-06-18T20:31:46,Truths Retold,1,1
380,Zen,2024-06-18T21:13:02,Biting Breeze (red),1,0
380,Zen,2024-06-18T21:13:02,Breed Anger (red),2,0
380,Zen,2024-06-18T21:13:02,Companion of the Claw (red),1,0
380,Zen,2024-06-18T21:13:02,Flex Claws (red),2,0
380,Zen,2024-06-18T21:13:02,Harmony of the Hunt (red),1,0
380,Zen,2024-06-18T21:13:02,Pouncing Qi (red),1,0
380,Zen,2024-06-18T21:13:02,Tiger Form Incantation (red),1,0
380,Zen,2024-06-18T21:13:02,Untamed (red),2,0
380,Zen,2024-06-18T21:13:02,Wind Chakra (red),2,0
380,Zen,2024-06-18T21:13:02,Aspect of Tiger: Soul (yellow),1,0
380,Zen,2024-06-18T21:13:02,Untamed (yellow),1,0
380,Zen,2024-06-18T21:13:02,A Drop in the Ocean (blue),1,0
380,Zen,2024-06-18T21:13:02,Breed Anger (blue),2,0
380,Zen,2024-06-18T21:13:02,Droplet (blue),1,0
380,Zen,2024-06-18T21:13:02,Flex Claws (blue),2,0
380,Zen,2024-06-18T21:13:02,Pass Over (blue),1,0
380,Zen,2024-06-18T21:13:02,Pouncing Qi (blue),1,0
380,Zen,2024-06-18T21:13:02,Preserve Tradition (blue),1,0
380,Zen,2024-06-18T21:13:02,"Rising Sun, Setting Moon (blue)",1,0
380,Zen,2024-06-18T21:13:02,Spillover (blue),2,0
380,Zen,2024-06-18T21:13:02,Tiger Form Incantation (blue),2,0
380,Zen,2024-06-18T21:13:02,Untamed (blue),3,0
380,Zen,2024-06-18T21:13:02,Water the Seeds (blue),1,0
380,Zen,2024-06-18T21:13:02,Wind Chakra (blue),1,0
380,Zen,2024-06-18T21:13:02,Heirloom of Tiger Hide,1,1
380,Zen,2024-06-18T21:13:02,Skyhold Keikoi,1,1
380,Zen,2024-06-18T21:13:02,Stride of Reprisal,1,1
381,Nuu,2024-06-18T22:20:46,Art of Desire: Body (red),1,0
381,Nuu,2024-06-18T22:20:46,Double Trouble (red),1,0
381,Nuu,2024-06-18T22:20:46,Evasive Leap (red),1,0
381,Nuu,2024-06-18T22:20:46,Hiss (red),1,0
381,Nuu,2024-06-18T22:20:46,Impulsive Desire (red),1,0
381,Nuu,2024-06-18T22:20:46,Nimble Strike (red),2,0
381,Nuu,2024-06-18T22:20:46,Venomous Bite (red),1,0
381,Nuu,2024-06-18T22:20:46,Water the Seeds (red),1,0
381,Nuu,2024-06-18T22:20:46,Art of Desire: Soul (yellow),2,0
381,Nuu,2024-06-18T22:20:46,Battlefront Bastion (yellow),1,0
381,Nuu,2024-06-18T22:20:46,Intimate Inducement (yellow),1,0
381,Nuu,2024-06-18T22:20:46,Nimblism (yellow),1,0
381,Nuu,2024-06-18T22:20:46,Pick to Pieces (yellow),1,0
381,Nuu,2024-06-18T22:20:46,Venomous Bite (yellow),1,0
381,Nuu,2024-06-18T22:20:46,Water the Seeds (yellow),1,0
381,Nuu,2024-06-18T22:20:46,Bonds of Memory (blue),1,0
381,Nuu,2024-06-18T22:20:46,Droplet (blue),1,0
381,Nuu,2024-06-18T22:20:46,Fact-Finding Mission (blue),1,0
381,Nuu,2024-06-18T22:20:46,Hiss (blue),2,0
381,Nuu,2024-06-18T22:20:46,Impulsive Desire (blue),1,0
381,Nuu,2024-06-18T22:20:46,Intimate Inducement (blue),1,0
381,Nuu,2024-06-18T22:20:46,Mind's Desire (blue),2,0
381,Nuu,2024-06-18T22:20:46,Nimblism (blue),1,0
381,Nuu,2024-06-18T22:20:46,Pass Over (blue),1,0
381,Nuu,2024-06-18T22:20:46,Pick to Pieces (blue),1,0
381,Nuu,2024-06-18T22:20:46,"Rising Sun, Setting Moon (blue)",1,0
381,Nuu,2024-06-18T22:20:46,Rising Tide (blue),2,0
381,Nuu,2024-06-18T22:20:46,Rowdy Locals (blue),1,0
381,Nuu,2024-06-18T22:20:46,Stir the Pot (blue),1,0
381,Nuu,2024-06-18T22:20:46,Venomous Bite (blue),1,0
381,Nuu,2024-06-18T22:20:46,Aqua Laps,1,1
381,Nuu,2024-06-18T22:20:46,Arousing Wave,1,1
381,Nuu,2024-06-18T22:20:46,Koi Blessed Kimono,1,1
382,Enigma,2024-06-18T22:26:09,Battlefront Bastion (red),1,0
382,Enigma,2024-06-18T22:26:09,Evasive Leap (red),3,0
382,Enigma,2024-06-18T22:26:09,Haze Shelter (red),1,0
382,Enigma,2024-06-18T22:26:09,Sigil of Solitude (red),1,0
382,Enigma,2024-06-18T22:26:09,Spectral Manifestations (red),1,0
382,Enigma,2024-06-18T22:26:09,Waning Vengeance (red),2,0
382,Enigma,2024-06-18T22:26:09,Wounding Blow (red),1,0
382,Enigma,2024-06-18T22:26:09,Battlefront Bastion (yellow),2,0
382,Enigma,2024-06-18T22:26:09,Blanch (yellow),2,0
382,Enigma,2024-06-18T22:26:09,Essence of Ancestry: Soul (yellow),1,0
382,Enigma,2024-06-18T22:26:09,Evasive Leap (yellow),1,0
382,Enigma,2024-06-18T22:26:09,Sigil of Solitude (yellow),1,0
382,Enigma,2024-06-18T22:26:09,Vengeful Apparition (yellow),2,0
382,Enigma,2024-06-18T22:26:09,Waning Vengeance (yellow),1,0
382,Enigma,2024-06-18T22:26:09,A Drop in the Ocean (blue),1,0
382,Enigma,2024-06-18T22:26:09,Big Blue Sky (blue),1,0
382,Enigma,2024-06-18T22:26:09,Evasive Leap (blue),1,0
382,Enigma,2024-06-18T22:26:09,Fact-Finding Mission (blue),1,0
382,Enigma,2024-06-18T22:26:09,Haze Shelter (blue),1,0
382,Enigma,2024-06-18T22:26:09,Pass Over (blue),1,0
382,Enigma,2024-06-18T22:26:09,Preserve Tradition (blue),1,0
382,Enigma,2024-06-18T22:26:09,Rising Tide (blue),1,0
382,Enigma,2024-06-18T22:26:09,Sigil of Solitude (blue),1,0
382,Enigma,2024-06-18T22:26:09,Solitary Companion (blue),1,0
382,Enigma,2024-06-18T22:26:09,Vengeful Apparition (blue),2,0
382,Enigma,2024-06-18T22:26:09,Wash Away (blue),1,0
382,Enigma,2024-06-18T22:26:09,Wide Blue Yonder (blue),1,0
382,Enigma,2024-06-18T22:26:09,Wounding Blow (blue),3,0
382,Enigma,2024-06-18T22:26:09,Skybody Keikoi,1,1
382,Enigma,2024-06-18T22:26:09,Skywalker Keikoi,1,1
382,Enigma,2024-06-18T22:26:09,Truths Retold,1,1
382,Enigma,2024-06-18T22:26:09,Uphold Tradition,1,1
383,Nuu,2024-06-19T02:32:20,Battlefront Bastion (red),1,0
383,Nuu,2024-06-19T02:32:20,Bonds of Memory (red),1,0
383,Nuu,2024-06-19T02:32:20,Desires of Flesh (red),1,0
383,Nuu,2024-06-19T02:32:20,Double Trouble (red),2,0
383,Nuu,2024-06-19T02:32:20,Emissary of Moon (red),1,0
383,Nuu,2024-06-19T02:32:20,Impulsive Desire (red),2,0
383,Nuu,2024-06-19T02:32:20,Intimate Inducement (red),2,0
383,Nuu,2024-06-19T02:32:20,Mind's Desire (red),2,0
383,Nuu,2024-06-19T02:32:20,Pick to Pieces (red),1,0
383,Nuu,2024-06-19T02:32:20,Venomous Bite (red),4,0
383,Nuu,2024-06-19T02:32:20,Wounding Blow (red),1,0
383,Nuu,2024-06-19T02:32:20,Art of Desire: Mind (blue),1,0
383,Nuu,2024-06-19T02:32:20,Battlefront Bastion (blue),1,0
383,Nuu,2024-06-19T02:32:20,Bonds of Attraction (blue),1,0
383,Nuu,2024-06-19T02:32:20,Hiss (blue),1,0
383,Nuu,2024-06-19T02:32:20,Homage to Ancestors (blue),1,0
383,Nuu,2024-06-19T02:32:20,Intimate Inducement (blue),2,0
383,Nuu,2024-06-19T02:32:20,Mind's Desire (blue),3,0
383,Nuu,2024-06-19T02:32:20,Pass Over (blue),1,0
383,Nuu,2024-06-19T02:32:20,Pick to Pieces (blue),2,0
383,Nuu,2024-06-19T02:32:20,Preserve Tradition (blue),1,0
383,Nuu,2024-06-19T02:32:20,Second Tenet of Chi: Wind (blue),1,0
383,Nuu,2024-06-19T02:32:20,Venomous Bite (blue),1,0
383,Nuu,2024-06-19T02:32:20,Arousing Wave,1,1
383,Nuu,2024-06-19T02:32:20,Heirloom of Snake Hide,1,1
383,Nuu,2024-06-19T02:32:20,Skybody Keikoi,1,1
383,Nuu,2024-06-19T02:32:20,Skycrest Keikoi,1,1
384,Enigma,2024-06-19T11:36:34,Evasive Leap (red),1,0
384,Enigma,2024-06-19T11:36:34,Haze Shelter (red),1,0
384,Enigma,2024-06-19T11:36:34,Moon Chakra (red),1,0
384,Enigma,2024-06-19T11:36:34,Sigil of Solitude (red),1,0
384,Enigma,2024-06-19T11:36:34,Spectral Manifestations (red),2,0
384,Enigma,2024-06-19T11:36:34,Vengeful Apparition (red),1,0
384,Enigma,2024-06-19T11:36:34,Waning Vengeance (red),1,0
384,Enigma,2024-06-19T11:36:34,Waxing Specter (red),2,0
384,Enigma,2024-06-19T11:36:34,Sigil of Solitude (yellow),1,0
384,Enigma,2024-06-19T11:36:34,Solitary Companion (yellow),1,0
384,Enigma,2024-06-19T11:36:34,Spectral Manifestations (yellow),2,0
384,Enigma,2024-06-19T11:36:34,Vengeful Apparition (yellow),1,0
384,Enigma,2024-06-19T11:36:34,Waning Vengeance (yellow),1,0
384,Enigma,2024-06-19T11:36:34,Waxing Specter (yellow),2,0
384,Enigma,2024-06-19T11:36:34,Pass Over (blue),1,0
384,Enigma,2024-06-19T11:36:34,"Rising Sun, Setting Moon (blue)",2,0
384,Enigma,2024-06-19T11:36:34,Single Minded Determination (blue),1,0
384,Enigma,2024-06-19T11:36:34,Solitary Companion (blue),2,0
384,Enigma,2024-06-19T11:36:34,Spectral Manifestations (blue),3,0
384,Enigma,2024-06-19T11:36:34,Stir the Pot (blue),2,0
384,Enigma,2024-06-19T11:36:34,Vengeful Apparition (blue),2,0
384,Enigma,2024-06-19T11:36:34,Wash Away (blue),4,0
384,Enigma,2024-06-19T11:36:34,Waxing Specter (blue),1,0
384,Enigma,2024-06-19T11:36:34,Skybody Keikoi,1,1
384,Enigma,2024-06-19T11:36:34,Skywalker Keikoi,1,1
384,Enigma,2024-06-19T11:36:34,Truths Retold,1,1
384,Enigma,2024-06-19T11:36:34,Uphold Tradition,1,1
385,Enigma,2024-06-19T12:56:28,Battlefront Bastion (red),1,0
385,Enigma,2024-06-19T12:56:28,Blanch (red),1,0
385,Enigma,2024-06-19T12:56:28,Essence of Ancestry: Body (red),1,0
385,Enigma,2024-06-19T12:56:28,Haze Shelter (red),2,0
385,Enigma,2024-06-19T12:56:28,Nimble Strike (red),1,0
385,Enigma,2024-06-19T12:56:28,Sigil of Solitude (red),1,0
385,Enigma,2024-06-19T12:56:28,Single Minded Determination (red),1,0
385,Enigma,2024-06-19T12:56:28,Vengeful Apparition (red),2,0
385,Enigma,2024-06-19T12:56:28,Waxing Specter (red),1,0
385,Enigma,2024-06-19T12:56:28,Evasive Leap (yellow),1,0
385,Enigma,2024-06-19T12:56:28,Fact-Finding Mission (yellow),1,0
385,Enigma,2024-06-19T12:56:28,Haze Shelter (yellow),1,0
385,Enigma,2024-06-19T12:56:28,Sigil of Solitude (yellow),1,0
385,Enigma,2024-06-19T12:56:28,Solitary Companion (yellow),1,0
385,Enigma,2024-06-19T12:56:28,Spectral Manifestations (yellow),1,0
385,Enigma,2024-06-19T12:56:28,A Drop in the Ocean (blue),2,0
385,Enigma,2024-06-19T12:56:28,Droplet (blue),1,0
385,Enigma,2024-06-19T12:56:28,Essence of Ancestry: Mind (blue),1,0
385,Enigma,2024-06-19T12:56:28,Evasive Leap (blue),1,0
385,Enigma,2024-06-19T12:56:28,First Tenet of Chi: Tide (blue),3,0
385,Enigma,2024-06-19T12:56:28,First Tenet of Chi: Wind (blue),2,0
385,Enigma,2024-06-19T12:56:28,Path Well Traveled (blue),3,0
385,Enigma,2024-06-19T12:56:28,Rising Tide (blue),1,0
385,Enigma,2024-06-19T12:56:28,Solitary Companion (blue),1,0
385,Enigma,2024-06-19T12:56:28,Spillover (blue),1,0
385,Enigma,2024-06-19T12:56:28,The Grain that Tips the Scale (blue),1,0
385,Enigma,2024-06-19T12:56:28,Tidal Surge (blue),2,0
385,Enigma,2024-06-19T12:56:28,Skybody Keikoi,1,1
385,Enigma,2024-06-19T12:56:28,Skycrest Keikoi,1,1
385,Enigma,2024-06-19T12:56:28,Skywalker Keikoi,1,1
386,Nuu,2024-06-19T20:23:50,Blanch (red),1,0
386,Nuu,2024-06-19T20:23:50,Bonds of Memory (red),1,0
386,Nuu,2024-06-19T20:23:50,Desires of Flesh (red),1,0
386,Nuu,2024-06-19T20:23:50,Evasive Leap (red),3,0
386,Nuu,2024-06-19T20:23:50,Fact-Finding Mission (red),1,0
386,Nuu,2024-06-19T20:23:50,Hiss (red),2,0
386,Nuu,2024-06-19T20:23:50,Impulsive Desire (red),1,0
386,Nuu,2024-06-19T20:23:50,Venomous Bite (red),1,0
386,Nuu,2024-06-19T20:23:50,Battlefront Bastion (yellow),1,0
386,Nuu,2024-06-19T20:23:50,Bonds of Memory (yellow),2,0
386,Nuu,2024-06-19T20:23:50,Evasive Leap (yellow),1,0
386,Nuu,2024-06-19T20:23:50,Wounding Blow (yellow),1,0
386,Nuu,2024-06-19T20:23:50,A Drop in the Ocean (blue),1,0
386,Nuu,2024-06-19T20:23:50,Art of Desire: Mind (blue),1,0
386,Nuu,2024-06-19T20:23:50,Battlefront Bastion (blue),1,0
386,Nuu,2024-06-19T20:23:50,Bonds of Attraction (blue),1,0
386,Nuu,2024-06-19T20:23:50,Bonds of Memory (blue),2,0
386,Nuu,2024-06-19T20:23:50,Cosmic Awakening (blue),1,0
386,Nuu,2024-06-19T20:23:50,First Tenet of Chi: Tide (blue),1,0
386,Nuu,2024-06-19T20:23:50,Gravekeeping (blue),1,0
386,Nuu,2024-06-19T20:23:50,Hiss (blue),1,0
386,Nuu,2024-06-19T20:23:50,Homage to Ancestors (blue),1,0
386,Nuu,2024-06-19T20:23:50,Intimate Inducement (blue),1,0
386,Nuu,2024-06-19T20:23:50,Path Well Traveled (blue),1,0
386,Nuu,2024-06-19T20:23:50,Pick to Pieces (blue),1,0
386,Nuu,2024-06-19T20:23:50,The Grain that Tips the Scale (blue),1,0
386,Nuu,2024-06-19T20:23:50,Tidal Surge (blue),1,0
386,Nuu,2024-06-19T20:23:50,Venomous Bite (blue),1,0
386,Nuu,2024-06-19T20:23:50,Wounding Blow (blue),1,0
386,Nuu,2024-06-19T20:23:50,Skybody Keikoi,1,1
386,Nuu,2024-06-19T20:23:50,Undertow Stilettos,1,1
386,Nuu,2024-06-19T20:23:50,Waves of Aqua Marine,1,1
387,Zen,2024-06-20T00:19:39,Biting Breeze (red),1,0
387,Zen,2024-06-20T00:19:39,Breed Anger (red),2,0
387,Zen,2024-06-20T00:19:39,Chase the Tail (red),1,0
387,Zen,2024-06-20T00:19:39,Pouncing Qi (red),1,0
387,Zen,2024-06-20T00:19:39,Tooth and Claw (red),1,0
387,Zen,2024-06-20T00:19:39,Untamed (red),1,0
387,Zen,2024-06-20T00:19:39,Water the Seeds (red),1,0
387,Zen,2024-06-20T00:19:39,Wounding Blow (red),1,0
387,Zen,2024-06-20T00:19:39,Breed Anger (yellow),1,0
387,Zen,2024-06-20T00:19:39,Maul (yellow),1,0
387,Zen,2024-06-20T00:19:39,Pouncing Qi (yellow),1,0
387,Zen,2024-06-20T00:19:39,Breed Anger (blue),2,0
387,Zen,2024-06-20T00:19:39,First Tenet of Chi: Wind (blue),1,0
387,Zen,2024-06-20T00:19:39,Flex Claws (blue),1,0
387,Zen,2024-06-20T00:19:39,Harmony of the Hunt (blue),1,0
387,Zen,2024-06-20T00:19:39,Nimblism (blue),1,0
387,Zen,2024-06-20T00:19:39,Pouncing Qi (blue),2,0
387,Zen,2024-06-20T00:19:39,Preserve Tradition (blue),2,0
387,Zen,2024-06-20T00:19:39,Second Tenet of Chi: Tide (blue),1,0
387,Zen,2024-06-20T00:19:39,Spillover (blue),1,0
387,Zen,2024-06-20T00:19:39,Tiger Form Incantation (blue),1,0
387,Zen,2024-06-20T00:19:39,Untamed (blue),2,0
387,Zen,2024-06-20T00:19:39,Water the Seeds (blue),1,0
387,Zen,2024-06-20T00:19:39,Wounding Blow (blue),2,0
387,Zen,2024-06-20T00:19:39,Mask of Wizened Whiskers,1,1
387,Zen,2024-06-20T00:19:39,Skybody Keikoi,1,1
387,Zen,2024-06-20T00:19:39,Skyhold Keikoi,1,1
387,Zen,2024-06-20T00:19:39,Stride of Reprisal,1,1
388,Enigma,2024-06-20T03:41:06,"10,000 Year Reunion (red)",1,0
388,Enigma,2024-06-20T03:41:06,Evasive Leap (red),3,0
388,Enigma,2024-06-20T03:41:06,Haze Shelter (red),1,0
388,Enigma,2024-06-20T03:41:06,Sigil of Solitude (red),3,0
388,Enigma,2024-06-20T03:41:06,Spectral Manifestations (red),1,0
388,Enigma,2024-06-20T03:41:06,Three Visits (red),1,0
388,Enigma,2024-06-20T03:41:06,Vengeful Apparition (red),1,0
388,Enigma,2024-06-20T03:41:06,Battlefront Bastion (yellow),1,0
388,Enigma,2024-06-20T03:41:06,A Drop in the Ocean (blue),1,0
388,Enigma,2024-06-20T03:41:06,Battlefront Bastion (blue),1,0
388,Enigma,2024-06-20T03:41:06,Big Blue Sky (blue),1,0
388,Enigma,2024-06-20T03:41:06,Droplet (blue),1,0
388,Enigma,2024-06-20T03:41:06,Essence of Ancestry: Mind (blue),1,0
388,Enigma,2024-06-20T03:41:06,Fact-Finding Mission (blue),1,0
388,Enigma,2024-06-20T03:41:06,First Tenet of Chi: Moon (blue),1,0
388,Enigma,2024-06-20T03:41:06,First Tenet of Chi: Tide (blue),1,0
388,Enigma,2024-06-20T03:41:06,First Tenet of Chi: Wind (blue),1,0
388,Enigma,2024-06-20T03:41:06,Homage to Ancestors (blue),1,0
388,Enigma,2024-06-20T03:41:06,Moon Chakra (blue),1,0
388,Enigma,2024-06-20T03:41:06,Path Well Traveled (blue),1,0
388,Enigma,2024-06-20T03:41:06,"Rising Sun, Setting Moon (blue)",1,0
388,Enigma,2024-06-20T03:41:06,Sigil of Solitude (blue),2,0
388,Enigma,2024-06-20T03:41:06,Single Minded Determination (blue),2,0
388,Enigma,2024-06-20T03:41:06,Solitary Companion (blue),1,0
388,Enigma,2024-06-20T03:41:06,Spectral Manifestations (blue),2,0
388,Enigma,2024-06-20T03:41:06,Tidal Surge (blue),1,0
388,Enigma,2024-06-20T03:41:06,Vengeful Apparition (blue),2,0
388,Enigma,2024-06-20T03:41:06,Waning Vengeance (blue),2,0
388,Enigma,2024-06-20T03:41:06,Waxing Specter (blue),1,0
388,Enigma,2024-06-20T03:41:06,Aqua Laps,1,1
388,Enigma,2024-06-20T03:41:06,Skybody Keikoi,1,1
388,Enigma,2024-06-20T03:41:06,Skyhold Keikoi,1,1
388,Enigma,2024-06-20T03:41:06,Truths Retold,1,1
389,Zen,2024-06-20T09:16:49,Aspect of Tiger: Body (red),1,0
389,Zen,2024-06-20T09:16:49,Battlefront Bastion (red),1,0
389,Zen,2024-06-20T09:16:49,Blanch (red),1,0
389,Zen,2024-06-20T09:16:49,Companion of the Claw (red),2,0
389,Zen,2024-06-20T09:16:49,Evasive Leap (red),1,0
389,Zen,2024-06-20T09:16:49,Flex Claws (red),1,0
389,Zen,2024-06-20T09:16:49,Gravekeeping (red),1,0
389,Zen,2024-06-20T09:16:49,Harmony of the Hunt (red),3,0
389,Zen,2024-06-20T09:16:49,Nimble Strike (red),1,0
389,Zen,2024-06-20T09:16:49,Pouncing Qi (red),1,0
389,Zen,2024-06-20T09:16:49,Tooth and Claw (red),1,0
389,Zen,2024-06-20T09:16:49,Aspect of Tiger: Soul (yellow),1,0
389,Zen,2024-06-20T09:16:49,Fact-Finding Mission (yellow),1,0
389,Zen,2024-06-20T09:16:49,Flex Claws (yellow),2,0
389,Zen,2024-06-20T09:16:49,Aspect of Tiger: Mind (blue),1,0
389,Zen,2024-06-20T09:16:49,Battlefront Bastion (blue),1,0
389,Zen,2024-06-20T09:16:49,Blessing of Qi (blue),1,0
389,Zen,2024-06-20T09:16:49,Breed Anger (blue),1,0
389,Zen,2024-06-20T09:16:49,First Tenet of Chi: Wind (blue),2,0
389,Zen,2024-06-20T09:16:49,Nimblism (blue),2,0
389,Zen,2024-06-20T09:16:49,"Rising Sun, Setting Moon (blue)",1,0
389,Zen,2024-06-20T09:16:49,Tiger Form Incantation (blue),2,0
389,Zen,2024-06-20T09:16:49,Water the Seeds (blue),1,0
389,Zen,2024-06-20T09:16:49,Aqua Seeing Shell,1,1
389,Zen,2024-06-20T09:16:49,Heirloom of Tiger Hide,1,1
389,Zen,2024-06-20T09:16:49,Koi Blessed Kimono,1,1
389,Zen,2024-06-20T09:16:49,Skyhold Keikoi,1,1
389,Zen,2024-06-20T09:16:49,Skywalker Keikoi,1,1
390,Zen,2024-06-20T11:16:45,Battlefront Bastion (red),1,0
390,Zen,2024-06-20T11:16:45,Biting Breeze (red),4,0
390,Zen,2024-06-20T11:16:45,Breed Anger (red),1,0
390,Zen,2024-06-20T11:16:45,Chase the Tail (red),1,0
390,Zen,2024-06-20T11:16:45,Companion of the Claw (red),1,0
390,Zen,2024-06-20T11:16:45,Flex Claws (red),2,0
390,Zen,2024-06-20T11:16:45,Harmony of the Hunt (red),2,0
390,Zen,2024-06-20T11:16:45,Qi Unleashed (red),1,0
390,Zen,2024-06-20T11:16:45,Tiger Form Incantation (red),1,0
390,Zen,2024-06-20T11:16:45,Tooth and Claw (red),1,0
390,Zen,2024-06-20T11:16:45,Untamed (red),1,0
390,Zen,2024-06-20T11:16:45,Wind Chakra (red),1,0
390,Zen,2024-06-20T11:16:45,Blessing of Qi (yellow),1,0
390,Zen,2024-06-20T11:16:45,Breed Anger (yellow),1,0
390,Zen,2024-06-20T11:16:45,Harmony of the Hunt (yellow),1,0
390,Zen,2024-06-20T11:16:45,Biting Breeze (blue),3,0
390,Zen,2024-06-20T11:16:45,Breed Anger (blue),1,0
390,Zen,2024-06-20T11:16:45,Companion of the Claw (blue),2,0
390,Zen,2024-06-20T11:16:45,Cosmic Awakening (blue),1,0
390,Zen,2024-06-20T11:16:45,First Tenet of Chi: Tide (blue),1,0
390,Zen,2024-06-20T11:16:45,Homage to Ancestors (blue),1,0
390,Zen,2024-06-20T11:16:45,"Rising Sun, Setting Moon (blue)",2,0
390,Zen,2024-06-20T11:16:45,Rising Tide (blue),1,0
390,Zen,2024-06-20T11:16:45,Sacred Art: Jade Tiger Domain (blue),1,0
390,Zen,2024-06-20T11:16:45,Tiger Form Incantation (blue),2,0
390,Zen,2024-06-20T11:16:45,Wind Chakra (blue),2,0
390,Zen,2024-06-20T11:16:45,Skybody Keikoi,1,1
390,Zen,2024-06-20T11:16:45,Stride of Reprisal,1,1
390,Zen,2024-06-20T11:16:45,Waves of Aqua Marine,1,1
391,Zen,2024-06-20T15:30:10,Biting Breeze (red),1,0
391,Zen,2024-06-20T15:30:10,Blessing of Qi (red),1,0
391,Zen,2024-06-20T15:30:10,Breed Anger (red),2,0
391,Zen,2024-06-20T15:30:10,Companion of the Claw (red),1,0
391,Zen,2024-06-20T15:30:10,Fact-Finding Mission (red),1,0
391,Zen,2024-06-20T15:30:10,Flex Claws (red),2,0
391,Zen,2024-06-20T15:30:10,Harmony of the Hunt (red),1,0
391,Zen,2024-06-20T15:30:10,Nimble Strike (red),1,0
391,Zen,2024-06-20T15:30:10,Pouncing Qi (red),1,0
391,Zen,2024-06-20T15:30:10,Untamed (red),1,0
391,Zen,2024-06-20T15:30:10,Companion of the Claw (yellow),1,0
391,Zen,2024-06-20T15:30:10,Evasive Leap (yellow),1,0
391,Zen,2024-06-20T15:30:10,Fact-Finding Mission (yellow),1,0
391,Zen,2024-06-20T15:30:10,Flex Claws (yellow),1,0
391,Zen,2024-06-20T15:30:10,Harmony of the Hunt (yellow),1,0
391,Zen,2024-06-20T15:30:10,Nimblism (yellow),1,0
391,Zen,2024-06-20T15:30:10,Pouncing Qi (yellow),1,0
391,Zen,2024-06-20T15:30:10,Qi Unleashed (yellow),1,0
391,Zen,2024-06-20T15:30:10,Wounding Blow (yellow),1,0
391,Zen,2024-06-20T15:30:10,Battlefront Bastion (blue),1,0
391,Zen,2024-06-20T15:30:10,Biting Breeze (blue),1,0
391,Zen,2024-06-20T15:30:10,Blessing of Qi (blue),1,0
391,Zen,2024-06-20T15:30:10,First Tenet of Chi: Moon (blue),1,0
391,Zen,2024-06-20T15:30:10,Flex Claws (blue),1,0
391,Zen,2024-06-20T15:30:10,Harmony of the Hunt (blue),1,0
391,Zen,2024-06-20T15:30:10,Homage to Ancestors (blue),1,0
391,Zen,2024-06-20T15:30:10,Nimble Strike (blue),1,0
391,Zen,2024-06-20T15:30:10,Nimblism (blue),1,0
391,Zen,2024-06-20T15:30:10,Pouncing Qi (blue),1,0
391,Zen,2024-06-20T15:30:10,"Rising Sun, Setting Moon (blue)",1,0
391,Zen,2024-06-20T15:30:10,Tidal Surge (blue),1,0
391,Zen,2024-06-20T15:30:10,Heirloom of Tiger Hide,1,1
391,Zen,2024-06-20T15:30:10,Mask of Wizened Whiskers,1,1
391,Zen,2024-06-20T15:30:10,Skyhold Keikoi,1,1
391,Zen,2024-06-20T15:30:10,Skywalker Keikoi,1,1
392,Nuu,2024-06-20T18:43:21,Art of Desire: Body (red),2,0
392,Nuu,2024-06-20T18:43:21,Bonds of Memory (red),1,0
392,Nuu,2024-06-20T18:43:21,Desires of Flesh (red),2,0
392,Nuu,2024-06-20T18:43:21,Double Trouble (red),1,0
392,Nuu,2024-06-20T18:43:21,Hiss (red),2,0
392,Nuu,2024-06-20T18:43:21,Mind's Desire (red),2,0
392,Nuu,2024-06-20T18:43:21,Pick to Pieces (red),3,0
392,Nuu,2024-06-20T18:43:21,Tide Chakra (red),1,0
392,Nuu,2024-06-20T18:43:21,Venomous Bite (red),3,0
392,Nuu,2024-06-20T18:43:21,Desires of Flesh (yellow),1,0
392,Nuu,2024-06-20T18:43:21,Double Trouble (yellow),1,0
392,Nuu,2024-06-20T18:43:21,Intimate Inducement (yellow),1,0
392,Nuu,2024-06-20T18:43:21,Venomous Bite (yellow),1,0
392,Nuu,2024-06-20T18:43:21,Art of Desire: Mind (blue),1,0
392,Nuu,2024-06-20T18:43:21,Bonds of Memory (blue),3,0
392,Nuu,2024-06-20T18:43:21,Desires of Flesh (blue),1,0
392,Nuu,2024-06-20T18:43:21,Hiss (blue),1,0
392,Nuu,2024-06-20T18:43:21,Impulsive Desire (blue),1,0
392,Nuu,2024-06-20T18:43:21,Intimate Inducement (blue),1,0
392,Nuu,2024-06-20T18:43:21,Path Well Traveled (blue),1,0
392,Nuu,2024-06-20T18:43:21,Persuasive Prognosis (blue),1,0
392,Nuu,2024-06-20T18:43:21,Pick to Pieces (blue),1,0
392,Nuu,2024-06-20T18:43:21,Preserve Tradition (blue),1,0
392,Nuu,2024-06-20T18:43:21,Stir the Pot (blue),1,0
392,Nuu,2024-06-20T18:43:21,Venomous Bite (blue),2,0
392,Nuu,2024-06-20T18:43:21,Aqua Laps,1,1
392,Nuu,2024-06-20T18:43:21,Arousing Wave,1,1
392,Nuu,2024-06-20T18:43:21,Heirloom of Snake Hide,1,1
392,Nuu,2024-06-20T18:43:21,Skybody Keikoi,1,1
393,Zen,2024-06-20T20:14:28,Battlefront Bastion (red),1,0
393,Zen,2024-06-20T20:14:28,Fact-Finding Mission (red),1,0
393,Zen,2024-06-20T20:14:28,Harmony of the Hunt (red),1,0
393,Zen,2024-06-20T20:14:28,Pouncing Qi (red),1,0
393,Zen,2024-06-20T20:14:28,Qi Unleashed (red),2,0
393,Zen,2024-06-20T20:14:28,Blanch (yellow),2,0
393,Zen,2024-06-20T20:14:28,Tiger Form Incantation (yellow),1,0
393,Zen,2024-06-20T20:14:28,Battlefront Bastion (blue),1,0
393,Zen,2024-06-20T20:14:28,Biting Breeze (blue),1,0
393,Zen,2024-06-20T20:14:28,Blessing of Qi (blue),1,0
393,Zen,2024-06-20T20:14:28,Fact-Finding Mission (blue),1,0
393,Zen,2024-06-20T20:14:28,First Tenet of Chi: Moon (blue),1,0
393,Zen,2024-06-20T20:14:28,First Tenet of Chi: Tide (blue),1,0
393,Zen,2024-06-20T20:14:28,Nimblism (blue),1,0
393,Zen,2024-06-20T20:14:28,Orihon of Mystic Tenets (blue),1,0
393,Zen,2024-06-20T20:14:28,Path Well Traveled (blue),2,0
393,Zen,2024-06-20T20:14:28,Preserve Tradition (blue),2,0
393,Zen,2024-06-20T20:14:28,Second Tenet of Chi: Tide (blue),1,0
393,Zen,2024-06-20T20:14:28,Second Tenet of Chi: Wind (blue),1,0
393,Zen,2024-06-20T20:14:28,Spillover (blue),1,0
393,Zen,2024-06-20T20:14:28,Territorial Domain (blue),1,0
393,Zen,2024-06-20T20:14:28,The Grain that Tips the Scale (blue),1,0
393,Zen,2024-06-20T20:14:28,Tidal Surge (blue),1,0
393,Zen,2024-06-20T20:14:28,Tiger Form Incantation (blue),1,0
393,Zen,2024-06-20T20:14:28,Untamed (blue),1,0
393,Zen,2024-06-20T20:14:28,Wide Blue Yonder (blue),1,0
393,Zen,2024-06-20T20:14:28,Wounding Blow (blue),1,0
393,Zen,2024-06-20T20:14:28,Koi Blessed Kimono,1,1
393,Zen,2024-06-20T20:14:28,Stride of Reprisal,1,1
394,Enigma,2024-06-20T20:14:52,Battlefront Bastion (red),1,0
394,Enigma,2024-06-20T20:14:52,Fact-Finding Mission (red),1,0
394,Enigma,2024-06-20T20:14:52,Nimble Strike (red),1,0
394,Enigma,2024-06-20T20:14:52,Sigil of Solitude (red),1,0
394,Enigma,2024-06-20T20:14:52,Single Minded Determination (red),2,0
394,Enigma,2024-06-20T20:14:52,Spectral Manifestations (red),2,0
394,Enigma,2024-06-20T20:14:52,Waning Vengeance (red),1,0
394,Enigma,2024-06-20T20:14:52,Waxing Specter (red),1,0
394,Enigma,2024-06-20T20:14:52,Haze Shelter (yellow),1,0
394,Enigma,2024-06-20T20:14:52,Restless Coalescence (yellow),1,0
394,Enigma,2024-06-20T20:14:52,Spectral Manifestations (yellow),1,0
394,Enigma,2024-06-20T20:14:52,Waning Vengeance (yellow),1,0
394,Enigma,2024-06-20T20:14:52,Wounding Blow (yellow),1,0
394,Enigma,2024-06-20T20:14:52,Battlefront Bastion (blue),1,0
394,Enigma,2024-06-20T20:14:52,Big Blue Sky (blue),1,0
394,Enigma,2024-06-20T20:14:52,Fact-Finding Mission (blue),1,0
394,Enigma,2024-06-20T20:14:52,First Tenet of Chi: Moon (blue),1,0
394,Enigma,2024-06-20T20:14:52,First Tenet of Chi: Wind (blue),1,0
394,Enigma,2024-06-20T20:14:52,Homage to Ancestors (blue),1,0
394,Enigma,2024-06-20T20:14:52,Moon Chakra (blue),1,0
394,Enigma,2024-06-20T20:14:52,Preserve Tradition (blue),1,0
394,Enigma,2024-06-20T20:14:52,"Rising Sun, Setting Moon (blue)",1,0
394,Enigma,2024-06-20T20:14:52,Second Tenet of Chi: Moon (blue),1,0
394,Enigma,2024-06-20T20:14:52,Second Tenet of Chi: Wind (blue),1,0
394,Enigma,2024-06-20T20:14:52,Single Minded Determination (blue),1,0
394,Enigma,2024-06-20T20:14:52,Solitary Companion (blue),1,0
394,Enigma,2024-06-20T20:14:52,Spillover (blue),1,0
394,Enigma,2024-06-20T20:14:52,Vengeful Apparition (blue),2,0
394,Enigma,2024-06-20T20:14:52,Water the Seeds (blue),1,0
394,Enigma,2024-06-20T20:14:52,Wide Blue Yonder (blue),1,0
394,Enigma,2024-06-20T20:14:52,Wounding Blow (blue),1,0
394,Enigma,2024-06-20T20:14:52,Aqua Seeing Shell,1,1
394,Enigma,2024-06-20T20:14:52,Skybody Keikoi,1,1
394,Enigma,2024-06-20T20:14:52,Skywalker Keikoi,1,1
394,Enigma,2024-06-20T20:14:52,Uphold Tradition,1,1
395,Enigma,2024-06-20T23:40:18,Astral Etchings (red),1,0
395,Enigma,2024-06-20T23:40:18,Spectral Manifestations (red),2,0
395,Enigma,2024-06-20T23:40:18,Vengeful Apparition (red),1,0
395,Enigma,2024-06-20T23:40:18,Battlefront Bastion (yellow),1,0
395,Enigma,2024-06-20T23:40:18,Moon Chakra (yellow),1,0
395,Enigma,2024-06-20T23:40:18,Sigil of Solitude (yellow),1,0
395,Enigma,2024-06-20T23:40:18,Solitary Companion (yellow),1,0
395,Enigma,2024-06-20T23:40:18,Waning Vengeance (yellow),1,0
395,Enigma,2024-06-20T23:40:18,A Drop in the Ocean (blue),1,0
395,Enigma,2024-06-20T23:40:18,Astral Etchings (blue),2,0
395,Enigma,2024-06-20T23:40:18,Battlefront Bastion (blue),1,0
395,Enigma,2024-06-20T23:40:18,Droplet (blue),1,0
395,Enigma,2024-06-20T23:40:18,Fact-Finding Mission (blue),1,0
395,Enigma,2024-06-20T23:40:18,First Tenet of Chi: Tide (blue),1,0
395,Enigma,2024-06-20T23:40:18,First Tenet of Chi: Wind (blue),1,0
395,Enigma,2024-06-20T23:40:18,Haunting Specter (blue),2,0
395,Enigma,2024-06-20T23:40:18,Homage to Ancestors (blue),1,0
395,Enigma,2024-06-20T23:40:18,Rising Tide (blue),1,0
395,Enigma,2024-06-20T23:40:18,Sacred Art: Immortal Lunar Shrine (blue),1,0
395,Enigma,2024-06-20T23:40:18,Second Tenet of Chi: Tide (blue),1,0
395,Enigma,2024-06-20T23:40:18,Solitary Companion (blue),1,0
395,Enigma,2024-06-20T23:40:18,Stir the Pot (blue),1,0
395,Enigma,2024-06-20T23:40:18,Vengeful Apparition (blue),1,0
395,Enigma,2024-06-20T23:40:18,Waning Vengeance (blue),3,0
395,Enigma,2024-06-20T23:40:18,Wash Away (blue),2,0
395,Enigma,2024-06-20T23:40:18,Water the Seeds (blue),1,0
395,Enigma,2024-06-20T23:40:18,Waxing Specter (blue),1,0
395,Enigma,2024-06-20T23:40:18,Wounding Blow (blue),2,0
395,Enigma,2024-06-20T23:40:18,Aqua Laps,1,1
395,Enigma,2024-06-20T23:40:18,Skybody Keikoi,1,1
395,Enigma,2024-06-20T23:40:18,Truths Retold,1,1
395,Enigma,2024-06-20T23:40:18,Uphold Tradition,1,1
395,Enigma,2024-06-20T23:40:18,Waves of Aqua Marine,1,1
396,Zen,2024-06-21T06:42:47,Breed Anger (red),1,0
396,Zen,2024-06-21T06:42:47,Chase the Tail (red),1,0
396,Zen,2024-06-21T06:42:47,Companion of the Claw (red),1,0
396,Zen,2024-06-21T06:42:47,Emissary of Tides (red),1,0
396,Zen,2024-06-21T06:42:47,Gravekeeping (red),1,0
396,Zen,2024-06-21T06:42:47,Harmony of the Hunt (red),1,0
396,Zen,2024-06-21T06:42:47,Nimble Strike (red),1,0
396,Zen,2024-06-21T06:42:47,Tiger Form Incantation (red),1,0
396,Zen,2024-06-21T06:42:47,Battlefront Bastion (yellow),1,0
396,Zen,2024-06-21T06:42:47,Companion of the Claw (yellow),1,0
396,Zen,2024-06-21T06:42:47,Evasive Leap (yellow),1,0
396,Zen,2024-06-21T06:42:47,Nimble Strike (yellow),1,0
396,Zen,2024-06-21T06:42:47,Pouncing Qi (yellow),2,0
396,Zen,2024-06-21T06:42:47,Untamed (yellow),1,0
396,Zen,2024-06-21T06:42:47,Water the Seeds (yellow),1,0
396,Zen,2024-06-21T06:42:47,Wind Chakra (yellow),1,0
396,Zen,2024-06-21T06:42:47,Aspect of Tiger: Mind (blue),2,0
396,Zen,2024-06-21T06:42:47,Biting Breeze (blue),1,0
396,Zen,2024-06-21T06:42:47,Droplet (blue),1,0
396,Zen,2024-06-21T06:42:47,Flex Claws (blue),1,0
396,Zen,2024-06-21T06:42:47,Gravekeeping (blue),1,0
396,Zen,2024-06-21T06:42:47,Harmony of the Hunt (blue),1,0
396,Zen,2024-06-21T06:42:47,Preserve Tradition (blue),1,0
396,Zen,2024-06-21T06:42:47,Qi Unleashed (blue),1,0
396,Zen,2024-06-21T06:42:47,Rising Tide (blue),1,0
396,Zen,2024-06-21T06:42:47,Stir the Pot (blue),1,0
396,Zen,2024-06-21T06:42:47,Territorial Domain (blue),1,0
396,Zen,2024-06-21T06:42:47,The Grain that Tips the Scale (blue),1,0
396,Zen,2024-06-21T06:42:47,Tidal Surge (blue),1,0
396,Zen,2024-06-21T06:42:47,Untamed (blue),2,0
396,Zen,2024-06-21T06:42:47,Wide Blue Yonder (blue),1,0
396,Zen,2024-06-21T06:42:47,Wind Chakra (blue),1,0
396,Zen,2024-06-21T06:42:47,Mask of Wizened Whiskers,1,1
396,Zen,2024-06-21T06:42:47,Skybody Keikoi,1,1
396,Zen,2024-06-21T06:42:47,Skyhold Keikoi,1,1
396,Zen,2024-06-21T06:42:47,Stride of Reprisal,1,1
397,Enigma,2024-06-21T09:00:06,Astral Etchings (red),1,0
397,Enigma,2024-06-21T09:00:06,Evasive Leap (red),1,0
397,Enigma,2024-06-21T09:00:06,Haze Shelter (red),1,0
397,Enigma,2024-06-21T09:00:06,Single Minded Determination (red),1,0
397,Enigma,2024-06-21T09:00:06,Solitary Companion (red),1,0
397,Enigma,2024-06-21T09:00:06,Spectral Manifestations (red),2,0
397,Enigma,2024-06-21T09:00:06,Waning Vengeance (red),2,0
397,Enigma,2024-06-21T09:00:06,Waxing Specter (red),1,0
397,Enigma,2024-06-21T09:00:06,Astral Etchings (yellow),1,0
397,Enigma,2024-06-21T09:00:06,Battlefront Bastion (yellow),1,0
397,Enigma,2024-06-21T09:00:06,Fact-Finding Mission (yellow),1,0
397,Enigma,2024-06-21T09:00:06,Single Minded Determination (yellow),1,0
397,Enigma,2024-06-21T09:00:06,Waning Vengeance (yellow),2,0
397,Enigma,2024-06-21T09:00:06,Water the Seeds (yellow),1,0
397,Enigma,2024-06-21T09:00:06,A Drop in the Ocean (blue),1,0
397,Enigma,2024-06-21T09:00:06,First Tenet of Chi: Tide (blue),1,0
397,Enigma,2024-06-21T09:00:06,Haze Shelter (blue),1,0
397,Enigma,2024-06-21T09:00:06,Moon Chakra (blue),1,0
397,Enigma,2024-06-21T09:00:06,Path Well Traveled (blue),1,0
397,Enigma,2024-06-21T09:00:06,"Rising Sun, Setting Moon (blue)",1,0
397,Enigma,2024-06-21T09:00:06,Second Tenet of Chi: Wind (blue),2,0
397,Enigma,2024-06-21T09:00:06,Single Minded Determination (blue),1,0
397,Enigma,2024-06-21T09:00:06,Spectral Manifestations (blue),3,0
397,Enigma,2024-06-21T09:00:06,Spillover (blue),1,0
397,Enigma,2024-06-21T09:00:06,The Grain that Tips the Scale (blue),1,0
397,Enigma,2024-06-21T09:00:06,Water the Seeds (blue),1,0
397,Enigma,2024-06-21T09:00:06,Wide Blue Yonder (blue),2,0
397,Enigma,2024-06-21T09:00:06,Wounding Blow (blue),1,0
397,Enigma,2024-06-21T09:00:06,Koi Blessed Kimono,1,1
397,Enigma,2024-06-21T09:00:06,Skybody Keikoi,1,1
397,Enigma,2024-06-21T09:00:06,Truths Retold,1,1
397,Enigma,2024-06-21T09:00:06,Uphold Tradition,1,1
398,Nuu,2024-06-21T09:35:00,Art of Desire: Body (red),1,0
398,Nuu,2024-06-21T09:35:00,Bonds of Memory (red),1,0
398,Nuu,2024-06-21T09:35:00,Double Trouble (red),1,0
398,Nuu,2024-06-21T09:35:00,Emissary of Wind (red),1,0
398,Nuu,2024-06-21T09:35:00,Evasive Leap (red),1,0
398,Nuu,2024-06-21T09:35:00,Gravekeeping (red),1,0
398,Nuu,2024-06-21T09:35:00,Hiss (red),1,0
398,Nuu,2024-06-21T09:35:00,Impulsive Desire (red),2,0
398,Nuu,2024-06-21T09:35:00,Mind's Desire (red),2,0
398,Nuu,2024-06-21T09:35:00,Pick to Pieces (red),2,0
398,Nuu,2024-06-21T09:35:00,Venomous Bite (red),2,0
398,Nuu,2024-06-21T09:35:00,Battlefront Bastion (yellow),1,0
398,Nuu,2024-06-21T09:35:00,Bonds of Attraction (yellow),1,0
398,Nuu,2024-06-21T09:35:00,Impulsive Desire (yellow),1,0
398,Nuu,2024-06-21T09:35:00,Mind's Desire (yellow),1,0
398,Nuu,2024-06-21T09:35:00,Bonds of Memory (blue),3,0
398,Nuu,2024-06-21T09:35:00,Double Trouble (blue),1,0
398,Nuu,2024-06-21T09:35:00,Fact-Finding Mission (blue),1,0
398,Nuu,2024-06-21T09:35:00,Impulsive Desire (blue),1,0
398,Nuu,2024-06-21T09:35:00,Intimate Inducement (blue),1,0
398,Nuu,2024-06-21T09:35:00,Mind's Desire (blue),1,0
398,Nuu,2024-06-21T09:35:00,Preserve Tradition (blue),1,0
398,Nuu,2024-06-21T09:35:00,"Rising Sun, Setting Moon (blue)",1,0
398,Nuu,2024-06-21T09:35:00,The Grain that Tips the Scale (blue),1,0
398,Nuu,2024-06-21T09:35:00,Tide Chakra (blue),1,0
398,Nuu,2024-06-21T09:35:00,Venomous Bite (blue),1,0
398,Nuu,2024-06-21T09:35:00,Wide Blue Yonder (blue),1,0
398,Nuu,2024-06-21T09:35:00,Wounding Blow (blue),1,0
398,Nuu,2024-06-21T09:35:00,Arousing Wave,1,1
398,Nuu,2024-06-21T09:35:00,Heirloom of Snake Hide,1,1
398,Nuu,2024-06-21T09:35:00,Koi Blessed Kimono,1,1
398,Nuu,2024-06-21T09:35:00,Skycrest Keikoi,1,1
398,Nuu,2024-06-21T09:35:00,Skywalker Keikoi,1,1
399,Nuu,2024-06-21T14:20:06,Battlefront Bastion (red),1,0
399,Nuu,2024-06-21T14:20:06,Bonds of Memory (red),1,0
399,Nuu,2024-06-21T14:20:06,Fact-Finding Mission (red),2,0
399,Nuu,2024-06-21T14:20:06,Hiss (red),1,0
399,Nuu,2024-06-21T14:20:06,Impulsive Desire (red),2,0
399,Nuu,2024-06-21T14:20:06,Intimate Inducement (red),1,0
399,Nuu,2024-06-21T14:20:06,Mind's Desire (red),1,0
399,Nuu,2024-06-21T14:20:06,Pick to Pieces (red),1,0
399,Nuu,2024-06-21T14:20:06,Venomous Bite (red),1,0
399,Nuu,2024-06-21T14:20:06,Water the Seeds (red),1,0
399,Nuu,2024-06-21T14:20:06,Bonds of Attraction (yellow),1,0
399,Nuu,2024-06-21T14:20:06,Fact-Finding Mission (yellow),1,0
399,Nuu,2024-06-21T14:20:06,Hiss (yellow),1,0
399,Nuu,2024-06-21T14:20:06,Intimate Inducement (yellow),1,0
399,Nuu,2024-06-21T14:20:06,Mind's Desire (yellow),1,0
399,Nuu,2024-06-21T14:20:06,Pick to Pieces (yellow),1,0
399,Nuu,2024-06-21T14:20:06,Venomous Bite (yellow),1,0
399,Nuu,2024-06-21T14:20:06,Art of Desire: Mind (blue),1,0
399,Nuu,2024-06-21T14:20:06,Bonds of Agony (blue),1,0
399,Nuu,2024-06-21T14:20:06,Deep Blue Sea (blue),1,0
399,Nuu,2024-06-21T14:20:06,Desires of Flesh (blue),2,0
399,Nuu,2024-06-21T14:20:06,Double Trouble (blue),1,0
399,Nuu,2024-06-21T14:20:06,First Tenet of Chi: Wind (blue),1,0
399,Nuu,2024-06-21T14:20:06,Hiss (blue),1,0
399,Nuu,2024-06-21T14:20:06,Homage to Ancestors (blue),2,0
399,Nuu,2024-06-21T14:20:06,Impulsive Desire (blue),2,0
399,Nuu,2024-06-21T14:20:06,Nimblism (blue),1,0
399,Nuu,2024-06-21T14:20:06,Pick to Pieces (blue),1,0
399,Nuu,2024-06-21T14:20:06,"Rising Sun, Setting Moon (blue)",1,0
399,Nuu,2024-06-21T14:20:06,Tide Chakra (blue),1,0
399,Nuu,2024-06-21T14:20:06,Wash Away (blue),1,0
399,Nuu,2024-06-21T14:20:06,Water the Seeds (blue),2,0
399,Nuu,2024-06-21T14:20:06,Arousing Wave,1,1
399,Nuu,2024-06-21T14:20:06,Skybody Keikoi,1,1
399,Nuu,2024-06-21T14:20:06,Skycrest Keikoi,1,1
400,Zen,2024-06-21T15:45:00,Biting Breeze (red),1,0
400,Zen,2024-06-21T15:45:00,Breed Anger (red),1,0
400,Zen,2024-06-21T15:45:00,Companion of the Claw (red),2,0
400,Zen,2024-06-21T15:45:00,Flex Claws (red),1,0
400,Zen,2024-06-21T15:45:00,Harmony of the Hunt (red),1,0
400,Zen,2024-06-21T15:45:00,Pouncing Qi (red),2,0
400,Zen,2024-06-21T15:45:00,Tiger Form Incantation (red),1,0
400,Zen,2024-06-21T15:45:00,Untamed (red),3,0
400,Zen,2024-06-21T15:45:00,Tiger Form Incantation (yellow),1,0
400,Zen,2024-06-21T15:45:00,Battlefront Bastion (blue),1,0
400,Zen,2024-06-21T15:45:00,Biting Breeze (blue),2,0
400,Zen,2024-06-21T15:45:00,Blanch (blue),1,0
400,Zen,2024-06-21T15:45:00,Breed Anger (blue),1,0
400,Zen,2024-06-21T15:45:00,Companion of the Claw (blue),1,0
400,Zen,2024-06-21T15:45:00,Droplet (blue),1,0
400,Zen,2024-06-21T15:45:00,Harmony of the Hunt (blue),1,0
400,Zen,2024-06-21T15:45:00,Path Well Traveled (blue),3,0
400,Zen,2024-06-21T15:45:00,Pouncing Qi (blue),2,0
400,Zen,2024-06-21T15:45:00,Rising Tide (blue),1,0
400,Zen,2024-06-21T15:45:00,Tidal Surge (blue),2,0
400,Zen,2024-06-21T15:45:00,Tiger Form Incantation (blue),2,0
400,Zen,2024-06-21T15:45:00,Koi Blessed Kimono,1,1
400,Zen,2024-06-21T15:45:00,Mask of Wizened Whiskers,1,1
400,Zen,2024-06-21T15:45:00,Skyhold Keikoi,1,1
401,Enigma,2024-06-21T16:55:23,Astral Etchings (red),1,0
401,Enigma,2024-06-21T16:55:23,Battlefront Bastion (red),1,0
401,Enigma,2024-06-21T16:55:23,Blanch (red),1,0
401,Enigma,2024-06-21T16:55:23,Evasive Leap (red),1,0
401,Enigma,2024-06-21T16:55:23,Haze Shelter (red),2,0
401,Enigma,2024-06-21T16:55:23,Sigil of Solitude (red),1,0
401,Enigma,2024-06-21T16:55:23,Solitary Companion (red),1,0
401,Enigma,2024-06-21T16:55:23,Waning Vengeance (red),1,0
401,Enigma,2024-06-21T16:55:23,Waxing Specter (red),1,0
401,Enigma,2024-06-21T16:55:23,Battlefront Bastion (yellow),2,0
401,Enigma,2024-06-21T16:55:23,Evasive Leap (yellow),1,0
401,Enigma,2024-06-21T16:55:23,Moon Chakra (yellow),1,0
401,Enigma,2024-06-21T16:55:23,Waning Vengeance (yellow),1,0
401,Enigma,2024-06-21T16:55:23,Waxing Specter (yellow),1,0
401,Enigma,2024-06-21T16:55:23,Astral Etchings (blue),1,0
401,Enigma,2024-06-21T16:55:23,Battlefront Bastion (blue),1,0
401,Enigma,2024-06-21T16:55:23,Essence of Ancestry: Mind (blue),2,0
401,Enigma,2024-06-21T16:55:23,First Tenet of Chi: Moon (blue),1,0
401,Enigma,2024-06-21T16:55:23,First Tenet of Chi: Tide (blue),2,0
401,Enigma,2024-06-21T16:55:23,First Tenet of Chi: Wind (blue),2,0
401,Enigma,2024-06-21T16:55:23,Gravekeeping (blue),1,0
401,Enigma,2024-06-21T16:55:23,Haunting Specter (blue),1,0
401,Enigma,2024-06-21T16:55:23,Haze Shelter (blue),1,0
401,Enigma,2024-06-21T16:55:23,Pass Over (blue),2,0
401,Enigma,2024-06-21T16:55:23,Path Well Traveled (blue),1,0
401,Enigma,2024-06-21T16:55:23,Second Tenet of Chi: Moon (blue),1,0
401,Enigma,2024-06-21T16:55:23,Second Tenet of Chi: Tide (blue),1,0
401,Enigma,2024-06-21T16:55:23,Single Minded Determination (blue),1,0
401,Enigma,2024-06-21T16:55:23,Heirloom of Rabbit Hide,1,1
401,Enigma,2024-06-21T16:55:23,Skycrest Keikoi,1,1
401,Enigma,2024-06-21T16:55:23,Skywalker Keikoi,1,1
401,Enigma,2024-06-21T16:55:23,Waves of Aqua Marine,1,1
402,Zen,2024-06-21T17:03:17,Biting Breeze (red),1,0
402,Zen,2024-06-21T17:03:17,Companion of the Claw (red),2,0
402,Zen,2024-06-21T17:03:17,Flex Claws (red),1,0
402,Zen,2024-06-21T17:03:17,Pouncing Qi (red),1,0
402,Zen,2024-06-21T17:03:17,Tiger Form Incantation (red),1,0
402,Zen,2024-06-21T17:03:17,Tooth and Claw (red),1,0
402,Zen,2024-06-21T17:03:17,Untamed (red),1,0
402,Zen,2024-06-21T17:03:17,Wounding Blow (red),1,0
402,Zen,2024-06-21T17:03:17,Battlefront Bastion (yellow),1,0
402,Zen,2024-06-21T17:03:17,Flex Claws (yellow),1,0
402,Zen,2024-06-21T17:03:17,Maul (yellow),1,0
402,Zen,2024-06-21T17:03:17,Qi Unleashed (yellow),1,0
402,Zen,2024-06-21T17:03:17,Tiger Form Incantation (yellow),2,0
402,Zen,2024-06-21T17:03:17,Untamed (yellow),2,0
402,Zen,2024-06-21T17:03:17,Aspect of Tiger: Mind (blue),1,0
402,Zen,2024-06-21T17:03:17,Biting Breeze (blue),1,0
402,Zen,2024-06-21T17:03:17,Breed Anger (blue),1,0
402,Zen,2024-06-21T17:03:17,Companion of the Claw (blue),1,0
402,Zen,2024-06-21T17:03:17,Droplet (blue),1,0
402,Zen,2024-06-21T17:03:17,First Tenet of Chi: Moon (blue),1,0
402,Zen,2024-06-21T17:03:17,First Tenet of Chi: Tide (blue),1,0
402,Zen,2024-06-21T17:03:17,Pouncing Qi (blue),2,0
402,Zen,2024-06-21T17:03:17,Qi Unleashed (blue),1,0
402,Zen,2024-06-21T17:03:17,"Rising Sun, Setting Moon (blue)",1,0
402,Zen,2024-06-21T17:03:17,Rising Tide (blue),2,0
402,Zen,2024-06-21T17:03:17,Spillover (blue),1,0
402,Zen,2024-06-21T17:03:17,Tiger Form Incantation (blue),1,0
402,Zen,2024-06-21T17:03:17,Mask of Wizened Whiskers,1,1
402,Zen,2024-06-21T17:03:17,Skybody Keikoi,1,1
402,Zen,2024-06-21T17:03:17,Skyhold Keikoi,1,1
402,Zen,2024-06-21T17:03:17,Waves of Aqua Marine,1,1
403,Zen,2024-06-21T23:21:08,Biting Breeze (red),1,0
403,Zen,2024-06-21T23:21:08,Breed Anger (red),1,0
403,Zen,2024-06-21T23:21:08,Harmony of the Hunt (red),3,0
403,Zen,2024-06-21T23:21:08,Nimblism (red),1,0
403,Zen,2024-06-21T23:21:08,Qi Unleashed (red),1,0
403,Zen,2024-06-21T23:21:08,Untamed (red),3,0
403,Zen,2024-06-21T23:21:08,Water the Seeds (red),2,0
403,Zen,2024-06-21T23:21:08,Biting Breeze (yellow),1,0
403,Zen,2024-06-21T23:21:08,Breed Anger (yellow),1,0
403,Zen,2024-06-21T23:21:08,Qi Unleashed (yellow),1,0
403,Zen,2024-06-21T23:21:08,Tiger Form Incantation (yellow),1,0
403,Zen,2024-06-21T23:21:08,Water the Seeds (yellow),1,0
403,Zen,2024-06-21T23:21:08,Wounding Blow (yellow),1,0
403,Zen,2024-06-21T23:21:08,Biting Breeze (blue),1,0
403,Zen,2024-06-21T23:21:08,Breed Anger (blue),2,0
403,Zen,2024-06-21T23:21:08,First Tenet of Chi: Moon (blue),1,0
403,Zen,2024-06-21T23:21:08,First Tenet of Chi: Wind (blue),1,0
403,Zen,2024-06-21T23:21:08,Flex Claws (blue),1,0
403,Zen,2024-06-21T23:21:08,Harmony of the Hunt (blue),1,0
403,Zen,2024-06-21T23:21:08,Pouncing Qi (blue),1,0
403,Zen,2024-06-21T23:21:08,"Rising Sun, Setting Moon (blue)",1,0
403,Zen,2024-06-21T23:21:08,Rising Tide (blue),1,0
403,Zen,2024-06-21T23:21:08,Sacred Art: Jade Tiger Domain (blue),1,0
403,Zen,2024-06-21T23:21:08,Shifting Winds of the Mystic Beast (blue),1,0
403,Zen,2024-06-21T23:21:08,Tiger Form Incantation (blue),2,0
403,Zen,2024-06-21T23:21:08,Wind Chakra (blue),1,0
403,Zen,2024-06-21T23:21:08,Wounding Blow (blue),1,0
403,Zen,2024-06-21T23:21:08,Mask of Wizened Whiskers,1,1
403,Zen,2024-06-21T23:21:08,Skycrest Keikoi,1,1
403,Zen,2024-06-21T23:21:08,Skyhold Keikoi,1,1
403,Zen,2024-06-21T23:21:08,Skywalker Keikoi,1,1
403,Zen,2024-06-21T23:21:08,Stride of Reprisal,1,1
404,Enigma,2024-06-22T06:26:03,Battlefront Bastion (red),1,0
404,Enigma,2024-06-22T06:26:03,Evasive Leap (red),1,0
404,Enigma,2024-06-22T06:26:03,Fact-Finding Mission (red),1,0
404,Enigma,2024-06-22T06:26:03,Haunting Specter (red),1,0
404,Enigma,2024-06-22T06:26:03,Haze Shelter (red),1,0
404,Enigma,2024-06-22T06:26:03,Sigil of Solitude (red),1,0
404,Enigma,2024-06-22T06:26:03,Single Minded Determination (red),1,0
404,Enigma,2024-06-22T06:26:03,Solitary Companion (red),1,0
404,Enigma,2024-06-22T06:26:03,Spectral Manifestations (red),1,0
404,Enigma,2024-06-22T06:26:03,Waning Vengeance (red),2,0
404,Enigma,2024-06-22T06:26:03,Waxing Specter (red),1,0
404,Enigma,2024-06-22T06:26:03,Essence of Ancestry: Soul (yellow),1,0
404,Enigma,2024-06-22T06:26:03,Haze Shelter (yellow),1,0
404,Enigma,2024-06-22T06:26:03,Sigil of Solitude (yellow),2,0
404,Enigma,2024-06-22T06:26:03,Single Minded Determination (yellow),1,0
404,Enigma,2024-06-22T06:26:03,Essence of Ancestry: Mind (blue),1,0
404,Enigma,2024-06-22T06:26:03,Haunting Specter (blue),1,0
404,Enigma,2024-06-22T06:26:03,Haze Shelter (blue),1,0
404,Enigma,2024-06-22T06:26:03,Homage to Ancestors (blue),2,0
404,Enigma,2024-06-22T06:26:03,Path Well Traveled (blue),1,0
404,Enigma,2024-06-22T06:26:03,Preserve Tradition (blue),1,0
404,Enigma,2024-06-22T06:26:03,Second Tenet of Chi: Tide (blue),1,0
404,Enigma,2024-06-22T06:26:03,Second Tenet of Chi: Wind (blue),1,0
404,Enigma,2024-06-22T06:26:03,Sigil of Solitude (blue),1,0
404,Enigma,2024-06-22T06:26:03,Single Minded Determination (blue),1,0
404,Enigma,2024-06-22T06:26:03,Solitary Companion (blue),2,0
404,Enigma,2024-06-22T06:26:03,Tidal Surge (blue),1,0
404,Enigma,2024-06-22T06:26:03,Vengeful Apparition (blue),3,0
404,Enigma,2024-06-22T06:26:03,Waning Vengeance (blue),1,0
404,Enigma,2024-06-22T06:26:03,Wounding Blow (blue),1,0
404,Enigma,2024-06-22T06:26:03,Aqua Laps,1,1
404,Enigma,2024-06-22T06:26:03,Skybody Keikoi,1,1
404,Enigma,2024-06-22T06:26:03,Truths Retold,1,1
404,Enigma,2024-06-22T06:26:03,Uphold Tradition,1,1
405,Enigma,2024-06-22T06:44:21,Astral Etchings (red),1,0
405,Enigma,2024-06-22T06:44:21,Emissary of Wind (red),2,0
405,Enigma,2024-06-22T06:44:21,Haze Shelter (red),1,0
405,Enigma,2024-06-22T06:44:21,Moon Chakra (red),1,0
405,Enigma,2024-06-22T06:44:21,Solitary Companion (red),2,0
405,Enigma,2024-06-22T06:44:21,Spectral Manifestations (red),2,0
405,Enigma,2024-06-22T06:44:21,Three Visits (red),1,0
405,Enigma,2024-06-22T06:44:21,Vengeful Apparition (red),1,0
405,Enigma,2024-06-22T06:44:21,Waning Vengeance (red),3,0
405,Enigma,2024-06-22T06:44:21,Waxing Specter (red),1,0
405,Enigma,2024-06-22T06:44:21,Haunting Specter (yellow),1,0
405,Enigma,2024-06-22T06:44:21,Haze Shelter (yellow),1,0
405,Enigma,2024-06-22T06:44:21,Spectral Manifestations (yellow),1,0
405,Enigma,2024-06-22T06:44:21,Waxing Specter (yellow),1,0
405,Enigma,2024-06-22T06:44:21,A Drop in the Ocean (blue),3,0
405,Enigma,2024-06-22T06:44:21,First Tenet of Chi: Moon (blue),1,0
405,Enigma,2024-06-22T06:44:21,First Tenet of Chi: Tide (blue),1,0
405,Enigma,2024-06-22T06:44:21,Haze Shelter (blue),2,0
405,Enigma,2024-06-22T06:44:21,Homage to Ancestors (blue),1,0
405,Enigma,2024-06-22T06:44:21,Single Minded Determination (blue),1,0
405,Enigma,2024-06-22T06:44:21,Solitary Companion (blue),1,0
405,Enigma,2024-06-22T06:44:21,Spectral Manifestations (blue),2,0
405,Enigma,2024-06-22T06:44:21,The Grain that Tips the Scale (blue),1,0
405,Enigma,2024-06-22T06:44:21,Vengeful Apparition (blue),1,0
405,Enigma,2024-06-22T06:44:21,Wash Away (blue),1,0
405,Enigma,2024-06-22T06:44:21,Waxing Specter (blue),1,0
405,Enigma,2024-06-22T06:44:21,Wounding Blow (blue),1,0
405,Enigma,2024-06-22T06:44:21,Koi Blessed Kimono,1,1
405,Enigma,2024-06-22T06:44:21,Skycrest Keikoi,1,1
405,Enigma,2024-06-22T06:44:21,Uphold Tradition,1,1
406,Zen,2024-06-22T13:30:22,Aspect of Tiger: Body (red),1,0
406,Zen,2024-06-22T13:30:22,Biting Breeze (red),1,0
406,Zen,2024-06-22T13:30:22,Breed Anger (red),1,0
406,Zen,2024-06-22T13:30:22,Companion of the Claw (red),1,0
406,Zen,2024-06-22T13:30:22,Emissary of Moon (red),1,0
406,Zen,2024-06-22T13:30:22,Fact-Finding Mission (red),1,0
406,Zen,2024-06-22T13:30:22,Flex Claws (red),2,0
406,Zen,2024-06-22T13:30:22,Gravekeeping (red),1,0
406,Zen,2024-06-22T13:30:22,Harmony of the Hunt (red),1,0
406,Zen,2024-06-22T13:30:22,Nimble Strike (red),1,0
406,Zen,2024-06-22T13:30:22,Nimblism (red),1,0
406,Zen,2024-06-22T13:30:22,Untamed (red),2,0
406,Zen,2024-06-22T13:30:22,Water the Seeds (red),1,0
406,Zen,2024-06-22T13:30:22,Wounding Blow (red),1,0
406,Zen,2024-06-22T13:30:22,Companion of the Claw (yellow),1,0
406,Zen,2024-06-22T13:30:22,Flex Claws (yellow),1,0
406,Zen,2024-06-22T13:30:22,Harmony of the Hunt (yellow),1,0
406,Zen,2024-06-22T13:30:22,Water the Seeds (yellow),1,0
406,Zen,2024-06-22T13:30:22,Wind Chakra (yellow),1,0
406,Zen,2024-06-22T13:30:22,A Drop in the Ocean (blue),1,0
406,Zen,2024-06-22T13:30:22,Aspect of Tiger: Mind (blue),1,0
406,Zen,2024-06-22T13:30:22,Biting Breeze (blue),1,0
406,Zen,2024-06-22T13:30:22,Blanch (blue),1,0
406,Zen,2024-06-22T13:30:22,Breed Anger (blue),1,0
406,Zen,2024-06-22T13:30:22,Companion of the Claw (blue),1,0
406,Zen,2024-06-22T13:30:22,Droplet (blue),1,0
406,Zen,2024-06-22T13:30:22,First Tenet of Chi: Wind (blue),2,0
406,Zen,2024-06-22T13:30:22,Preserve Tradition (blue),1,0
406,Zen,2024-06-22T13:30:22,Qi Unleashed (blue),1,0
406,Zen,2024-06-22T13:30:22,The Grain that Tips the Scale (blue),1,0
406,Zen,2024-06-22T13:30:22,Wind Chakra (blue),1,0
406,Zen,2024-06-22T13:30:22,Koi Blessed Kimono,1,1
406,Zen,2024-06-22T13:30:22,Mask of Wizened Whiskers,1,1
406,Zen,2024-06-22T13:30:22,Skyhold Keikoi,1,1
407,Nuu,2024-06-22T18:02:37,Bonds of Attraction (red),1,0
407,Nuu,2024-06-22T18:02:37,Bonds of Memory (red),3,0
407,Nuu,2024-06-22T18:02:37,Double Trouble (red),1,0
407,Nuu,2024-06-22T18:02:37,Impulsive Desire (red),2,0
407,Nuu,2024-06-22T18:02:37,Intimate Inducement (red),2,0
407,Nuu,2024-06-22T18:02:37,Mind's Desire (red),1,0
407,Nuu,2024-06-22T18:02:37,Nimble Strike (red),1,0
407,Nuu,2024-06-22T18:02:37,Pick to Pieces (red),3,0
407,Nuu,2024-06-22T18:02:37,Venomous Bite (red),2,0
407,Nuu,2024-06-22T18:02:37,Water the Seeds (red),1,0
407,Nuu,2024-06-22T18:02:37,Art of Desire: Soul (yellow),1,0
407,Nuu,2024-06-22T18:02:37,Battlefront Bastion (yellow),1,0
407,Nuu,2024-06-22T18:02:37,Blanch (yellow),1,0
407,Nuu,2024-06-22T18:02:37,Impulsive Desire (yellow),1,0
407,Nuu,2024-06-22T18:02:37,Intimate Inducement (yellow),2,0
407,Nuu,2024-06-22T18:02:37,Attune with Cosmic Vibrations (blue),1,0
407,Nuu,2024-06-22T18:02:37,Battlefront Bastion (blue),1,0
407,Nuu,2024-06-22T18:02:37,Desires of Flesh (blue),1,0
407,Nuu,2024-06-22T18:02:37,First Tenet of Chi: Tide (blue),1,0
407,Nuu,2024-06-22T18:02:37,Hiss (blue),1,0
407,Nuu,2024-06-22T18:02:37,Impulsive Desire (blue),3,0
407,Nuu,2024-06-22T18:02:37,Nimblism (blue),1,0
407,Nuu,2024-06-22T18:02:37,Pass Over (blue),1,0
407,Nuu,2024-06-22T18:02:37,Sacred Art: Undercurrent Desires (blue),1,0
407,Nuu,2024-06-22T18:02:37,Venomous Bite (blue),1,0
407,Nuu,2024-06-22T18:02:37,Wash Away (blue),1,0
407,Nuu,2024-06-22T18:02:37,Arousing Wave,1,1
407,Nuu,2024-06-22T18:02:37,Heirloom of Snake Hide,1,1
407,Nuu,2024-06-22T18:02:37,Skycrest Keikoi,1,1
407,Nuu,2024-06-22T18:02:37,Undertow Stilettos,1,1
408,Nuu,2024-06-22T20:00:34,Desires of Flesh (red),2,0
408,Nuu,2024-06-22T20:00:34,Double Trouble (red),1,0
408,Nuu,2024-06-22T20:00:34,Emissary of Tides (red),1,0
408,Nuu,2024-06-22T20:00:34,Hiss (red),3,0
408,Nuu,2024-06-22T20:00:34,Impulsive Desire (red),3,0
408,Nuu,2024-06-22T20:00:34,Mind's Desire (red),1,0
408,Nuu,2024-06-22T20:00:34,Pick to Pieces (red),1,0
408,Nuu,2024-06-22T20:00:34,Tide Chakra (red),1,0
408,Nuu,2024-06-22T20:00:34,Venomous Bite (red),2,0
408,Nuu,2024-06-22T20:00:34,Double Trouble (yellow),2,0
408,Nuu,2024-06-22T20:00:34,Gorgon's Gaze (yellow),1,0
408,Nuu,2024-06-22T20:00:34,Hiss (yellow),1,0
408,Nuu,2024-06-22T20:00:34,Bonds of Memory (blue),2,0
408,Nuu,2024-06-22T20:00:34,Desires of Flesh (blue),1,0
408,Nuu,2024-06-22T20:00:34,First Tenet of Chi: Wind (blue),1,0
408,Nuu,2024-06-22T20:00:34,Hiss (blue),1,0
408,Nuu,2024-06-22T20:00:34,Impulsive Desire (blue),2,0
408,Nuu,2024-06-22T20:00:34,Intimate Inducement (blue),2,0
408,Nuu,2024-06-22T20:00:34,Path Well Traveled (blue),2,0
408,Nuu,2024-06-22T20:00:34,Pick to Pieces (blue),3,0
408,Nuu,2024-06-22T20:00:34,Sacred Art: Undercurrent Desires (blue),1,0
408,Nuu,2024-06-22T20:00:34,Venomous Bite (blue),1,0
408,Nuu,2024-06-22T20:00:34,Arousing Wave,1,1
408,Nuu,2024-06-22T20:00:34,Koi Blessed Kimono,1,1
408,Nuu,2024-06-22T20:00:34,Undertow Stilettos,1,1
409,Enigma,2024-06-22T20:44:42,Blanch (red),1,0
409,Enigma,2024-06-22T20:44:42,Essence of Ancestry: Body (red),1,0
409,Enigma,2024-06-22T20:44:42,Evasive Leap (red),1,0
409,Enigma,2024-06-22T20:44:42,Moon Chakra (red),2,0
409,Enigma,2024-06-22T20:44:42,Single Minded Determination (red),1,0
409,Enigma,2024-06-22T20:44:42,Solitary Companion (red),2,0
409,Enigma,2024-06-22T20:44:42,Spectral Manifestations (red),1,0
409,Enigma,2024-06-22T20:44:42,Waning Vengeance (red),1,0
409,Enigma,2024-06-22T20:44:42,Waxing Specter (red),1,0
409,Enigma,2024-06-22T20:44:42,Moon Chakra (yellow),1,0
409,Enigma,2024-06-22T20:44:42,Single Minded Determination (yellow),1,0
409,Enigma,2024-06-22T20:44:42,Vengeful Apparition (yellow),2,0
409,Enigma,2024-06-22T20:44:42,A Drop in the Ocean (blue),1,0
409,Enigma,2024-06-22T20:44:42,Cosmic Awakening (blue),1,0
409,Enigma,2024-06-22T20:44:42,Deep Blue Sea (blue),1,0
409,Enigma,2024-06-22T20:44:42,Haunting Specter (blue),1,0
409,Enigma,2024-06-22T20:44:42,Homage to Ancestors (blue),2,0
409,Enigma,2024-06-22T20:44:42,Moon Chakra (blue),1,0
409,Enigma,2024-06-22T20:44:42,Pass Over (blue),1,0
409,Enigma,2024-06-22T20:44:42,"Rising Sun, Setting Moon (blue)",1,0
409,Enigma,2024-06-22T20:44:42,Rising Tide (blue),1,0
409,Enigma,2024-06-22T20:44:42,Second Tenet of Chi: Tide (blue),1,0
409,Enigma,2024-06-22T20:44:42,Sigil of Solitude (blue),1,0
409,Enigma,2024-06-22T20:44:42,Single Minded Determination (blue),1,0
409,Enigma,2024-06-22T20:44:42,Solitary Companion (blue),1,0
409,Enigma,2024-06-22T20:44:42,Spectral Manifestations (blue),2,0
409,Enigma,2024-06-22T20:44:42,Vengeful Apparition (blue),1,0
409,Enigma,2024-06-22T20:44:42,Waning Vengeance (blue),1,0
409,Enigma,2024-06-22T20:44:42,Wash Away (blue),2,0
409,Enigma,2024-06-22T20:44:42,Waxing Specter (blue),1,0
409,Enigma,2024-06-22T20:44:42,Koi Blessed Kimono,1,1
409,Enigma,2024-06-22T20:44:42,Skywalker Keikoi,1,1
409,Enigma,2024-06-22T20:44:42,Truths Retold,1,1
409,Enigma,2024-06-22T20:44:42,Uphold Tradition,1,1
410,Enigma,2024-06-22T21:37:20,Astral Etchings (red),1,0
410,Enigma,2024-06-22T21:37:20,Haunting Specter (red),1,0
410,Enigma,2024-06-22T21:37:20,Sigil of Solitude (red),1,0
410,Enigma,2024-06-22T21:37:20,Vengeful Apparition (red),1,0
410,Enigma,2024-06-22T21:37:20,Waning Vengeance (red),1,0
410,Enigma,2024-06-22T21:37:20,Astral Etchings (yellow),1,0
410,Enigma,2024-06-22T21:37:20,Essence of Ancestry: Soul (yellow),2,0
410,Enigma,2024-06-22T21:37:20,Haunting Specter (yellow),1,0
410,Enigma,2024-06-22T21:37:20,Haze Shelter (yellow),1,0
410,Enigma,2024-06-22T21:37:20,Moon Chakra (yellow),1,0
410,Enigma,2024-06-22T21:37:20,Solitary Companion (yellow),1,0
410,Enigma,2024-06-22T21:37:20,Spectral Manifestations (yellow),2,0
410,Enigma,2024-06-22T21:37:20,Waning Vengeance (yellow),1,0
410,Enigma,2024-06-22T21:37:20,Wounding Blow (yellow),1,0
410,Enigma,2024-06-22T21:37:20,A Drop in the Ocean (blue),1,0
410,Enigma,2024-06-22T21:37:20,Deep Blue Sea (blue),1,0
410,Enigma,2024-06-22T21:37:20,Homage to Ancestors (blue),2,0
410,Enigma,2024-06-22T21:37:20,Moon Chakra (blue),1,0
410,Enigma,2024-06-22T21:37:20,Orihon of Mystic Tenets (blue),1,0
410,Enigma,2024-06-22T21:37:20,"Rising Sun, Setting Moon (blue)",2,0
410,Enigma,2024-06-22T21:37:20,Single Minded Determination (blue),2,0
410,Enigma,2024-06-22T21:37:20,Stir the Pot (blue),2,0
410,Enigma,2024-06-22T21:37:20,Waning Vengeance (blue),2,0
410,Enigma,2024-06-22T21:37:20,Wash Away (blue),1,0
410,Enigma,2024-06-22T21:37:20,Waxing Specter (blue),1,0
410,Enigma,2024-06-22T21:37:20,Heirloom of Rabbit Hide,1,1
410,Enigma,2024-06-22T21:37:20,Truths Retold,1,1
410,Enigma,2024-06-22T21:37:20,Uphold Tradition,1,1
411,Enigma,2024-06-22T23:04:18,Essence of Ancestry: Body (red),1,0
411,Enigma,2024-06-22T23:04:18,Evasive Leap (red),1,0
411,Enigma,2024-06-22T23:04:18,Haunting Specter (red),1,0
411,Enigma,2024-06-22T23:04:18,Haze Shelter (red),1,0
411,Enigma,2024-06-22T23:04:18,Sigil of Solitude (red),1,0
411,Enigma,2024-06-22T23:04:18,Solitary Companion (red),1,0
411,Enigma,2024-06-22T23:04:18,Spectral Manifestations (red),1,0
411,Enigma,2024-06-22T23:04:18,Vengeful Apparition (red),1,0
411,Enigma,2024-06-22T23:04:18,Waning Vengeance (red),2,0
411,Enigma,2024-06-22T23:04:18,Waxing Specter (red),3,0
411,Enigma,2024-06-22T23:04:18,Wounding Blow (red),1,0
411,Enigma,2024-06-22T23:04:18,Blanch (yellow),1,0
411,Enigma,2024-06-22T23:04:18,Haze Shelter (yellow),1,0
411,Enigma,2024-06-22T23:04:18,Vengeful Apparition (yellow),1,0
411,Enigma,2024-06-22T23:04:18,Waxing Specter (yellow),1,0
411,Enigma,2024-06-22T23:04:18,A Drop in the Ocean (blue),2,0
411,Enigma,2024-06-22T23:04:18,Big Blue Sky (blue),1,0
411,Enigma,2024-06-22T23:04:18,"Rising Sun, Setting Moon (blue)",2,0
411,Enigma,2024-06-22T23:04:18,Second Tenet of Chi: Moon (blue),1,0
411,Enigma,2024-06-22T23:04:18,Second Tenet of Chi: Wind (blue),1,0
411,Enigma,2024-06-22T23:04:18,Sigil of Solitude (blue),2,0
411,Enigma,2024-06-22T23:04:18,Single Minded Determination (blue),1,0
411,Enigma,2024-06-22T23:04:18,Spectral Manifestations (blue),2,0
411,Enigma,2024-06-22T23:04:18,Vengeful Apparition (blue),3,0
411,Enigma,2024-06-22T23:04:18,Koi Blessed Kimono,1,1
411,Enigma,2024-06-22T23:04:18,Skycrest Keikoi,1,1
411,Enigma,2024-06-22T23:04:18,Uphold Tradition,1,1
412,Enigma,2024-06-23T03:19:20,Battlefront Bastion (red),1,0
412,Enigma,2024-06-23T03:19:20,Essence of Ancestry: Body (red),2,0
412,Enigma,2024-06-23T03:19:20,Haze Shelter (red),1,0
412,Enigma,2024-06-23T03:19:20,Moon Chakra (red),1,0
412,Enigma,2024-06-23T03:19:20,Sigil of Solitude (red),1,0
412,Enigma,2024-06-23T03:19:20,Spectral Manifestations (red),1,0
412,Enigma,2024-06-23T03:19:20,Vengeful Apparition (red),1,0
412,Enigma,2024-06-23T03:19:20,Waning Vengeance (red),2,0
412,Enigma,2024-06-23T03:19:20,Waxing Specter (red),1,0
412,Enigma,2024-06-23T03:19:20,Astral Etchings (yellow),1,0
412,Enigma,2024-06-23T03:19:20,Battlefront Bastion (yellow),1,0
412,Enigma,2024-06-23T03:19:20,Essence of Ancestry: Soul (yellow),1,0
412,Enigma,2024-06-23T03:19:20,Haunting Specter (yellow),2,0
412,Enigma,2024-06-23T03:19:20,Moon Chakra (yellow),1,0
412,Enigma,2024-06-23T03:19:20,Sigil of Solitude (yellow),1,0
412,Enigma,2024-06-23T03:19:20,Solitary Companion (yellow),1,0
412,Enigma,2024-06-23T03:19:20,Waxing Specter (yellow),1,0
412,Enigma,2024-06-23T03:19:20,A Drop in the Ocean (blue),1,0
412,Enigma,2024-06-23T03:19:20,Battlefront Bastion (blue),1,0
412,Enigma,2024-06-23T03:19:20,Big Blue Sky (blue),1,0
412,Enigma,2024-06-23T03:19:20,Blanch (blue),1,0
412,Enigma,2024-06-23T03:19:20,Fact-Finding Mission (blue),1,0
412,Enigma,2024-06-23T03:19:20,Nimble Strike (blue),1,0
412,Enigma,2024-06-23T03:19:20,Preserve Tradition (blue),1,0
412,Enigma,2024-06-23T03:19:20,Single Minded Determination (blue),2,0
412,Enigma,2024-06-23T03:19:20,Wash Away (blue),1,0
412,Enigma,2024-06-23T03:19:20,Waxing Specter (blue),3,0
412,Enigma,2024-06-23T03:19:20,Wounding Blow (blue),1,0
412,Enigma,2024-06-23T03:19:20,Skybody Keikoi,1,1
412,Enigma,2024-06-23T03:19:20,Skycrest Keikoi,1,1
412,Enigma,2024-06-23T03:19:20,Skywalker Keikoi,1,1
412,Enigma,2024-06-23T03:19:20,Uphold Tradition,1,1
413,Zen,2024-06-23T15:00:05,Aspect of Tiger: Body (red),1,0
413,Zen,2024-06-23T15:00:05,Biting Breeze (red),1,0
413,Zen,2024-06-23T15:00:05,Companion of the Claw (red),1,0
413,Zen,2024-06-23T15:00:05,Flex Claws (red),2,0
413,Zen,2024-06-23T15:00:05,Harmony of the Hunt (red),1,0
413,Zen,2024-06-23T15:00:05,Pouncing Qi (red),1,0
413,Zen,2024-06-23T15:00:05,Tiger Form Incantation (red),2,0
413,Zen,2024-06-23T15:00:05,Untamed (red),2,0
413,Zen,2024-06-23T15:00:05,Wind Chakra (red),1,0
413,Zen,2024-06-23T15:00:05,Wounding Blow (red),1,0
413,Zen,2024-06-23T15:00:05,Biting Breeze (yellow),1,0
413,Zen,2024-06-23T15:00:05,Blessing of Qi (yellow),1,0
413,Zen,2024-06-23T15:00:05,Evasive Leap (yellow),1,0
413,Zen,2024-06-23T15:00:05,Fact-Finding Mission (yellow),1,0
413,Zen,2024-06-23T15:00:05,Pouncing Qi (yellow),1,0
413,Zen,2024-06-23T15:00:05,Untamed (yellow),1,0
413,Zen,2024-06-23T15:00:05,Wounding Blow (yellow),1,0
413,Zen,2024-06-23T15:00:05,Biting Breeze (blue),2,0
413,Zen,2024-06-23T15:00:05,First Tenet of Chi: Tide (blue),1,0
413,Zen,2024-06-23T15:00:05,Flex Claws (blue),1,0
413,Zen,2024-06-23T15:00:05,Harmony of the Hunt (blue),2,0
413,Zen,2024-06-23T15:00:05,Nimblism (blue),1,0
413,Zen,2024-06-23T15:00:05,Orihon of Mystic Tenets (blue),1,0
413,Zen,2024-06-23T15:00:05,Preserve Tradition (blue),1,0
413,Zen,2024-06-23T15:00:05,Sacred Art: Jade Tiger Domain (blue),1,0
413,Zen,2024-06-23T15:00:05,Second Tenet of Chi: Wind (blue),1,0
413,Zen,2024-06-23T15:00:05,Stir the Pot (blue),1,0
413,Zen,2024-06-23T15:00:05,Tiger Form Incantation (blue),1,0
413,Zen,2024-06-23T15:00:05,Untamed (blue),1,0
413,Zen,2024-06-23T15:00:05,Wind Chakra (blue),1,0
413,Zen,2024-06-23T15:00:05,Mask of Wizened Whiskers,1,1
413,Zen,2024-06-23T15:00:05,Skyhold Keikoi,1,1
413,Zen,2024-06-23T15:00:05,Stride of Reprisal,1,1
414,Zen,2024-06-23T18:30:05,Aspect of Tiger: Body (red),1,0
414,Zen,2024-06-23T18:30:05,Breed Anger (red),1,0
414,Zen,2024-06-23T18:30:05,Companion of the Claw (red),1,0
414,Zen,2024-06-23T18:30:05,Emissary of Wind (red),1,0
414,Zen,2024-06-23T18:30:05,Evasive Leap (red),1,0
414,Zen,2024-06-23T18:30:05,Flex Claws (red),1,0
414,Zen,2024-06-23T18:30:05,Harmony of the Hunt (red),1,0
414,Zen,2024-06-23T18:30:05,Pouncing Qi (red),1,0
414,Zen,2024-06-23T18:30:05,Tiger Form Incantation (red),1,0
414,Zen,2024-06-23T18:30:05,Untamed (red),1,0
414,Zen,2024-06-23T18:30:05,Wind Chakra (red),1,0
414,Zen,2024-06-23T18:30:05,Breed Anger (yellow),1,0
414,Zen,2024-06-23T18:30:05,Flex Claws (yellow),1,0
414,Zen,2024-06-23T18:30:05,Gravekeeping (yellow),1,0
414,Zen,2024-06-23T18:30:05,Maul (yellow),1,0
414,Zen,2024-06-23T18:30:05,Nimble Strike (yellow),1,0
414,Zen,2024-06-23T18:30:05,Qi Unleashed (yellow),1,0
414,Zen,2024-06-23T18:30:05,Wounding Blow (yellow),1,0
414,Zen,2024-06-23T18:30:05,A Drop in the Ocean (blue),2,0
414,Zen,2024-06-23T18:30:05,Aspect of Tiger: Mind (blue),2,0
414,Zen,2024-06-23T18:30:05,Breed Anger (blue),3,0
414,Zen,2024-06-23T18:30:05,Droplet (blue),1,0
414,Zen,2024-06-23T18:30:05,Fact-Finding Mission (blue),1,0
414,Zen,2024-06-23T18:30:05,Harmony of the Hunt (blue),1,0
414,Zen,2024-06-23T18:30:05,Nimble Strike (blue),1,0
414,Zen,2024-06-23T18:30:05,Nimblism (blue),1,0
414,Zen,2024-06-23T18:30:05,Qi Unleashed (blue),1,0
414,Zen,2024-06-23T18:30:05,"Rising Sun, Setting Moon (blue)",1,0
414,Zen,2024-06-23T18:30:05,Sacred Art: Jade Tiger Domain (blue),1,0
414,Zen,2024-06-23T18:30:05,Water the Seeds (blue),1,0
414,Zen,2024-06-23T18:30:05,Stride of Reprisal,1,1
415,Enigma,2024-06-23T19:04:11,Blanch (red),1,0
415,Enigma,2024-06-23T19:04:11,Evasive Leap (red),2,0
415,Enigma,2024-06-23T19:04:11,Fact-Finding Mission (red),1,0
415,Enigma,2024-06-23T19:04:11,Solitary Companion (red),1,0
415,Enigma,2024-06-23T19:04:11,Spectral Manifestations (red),1,0
415,Enigma,2024-06-23T19:04:11,Waning Vengeance (red),1,0
415,Enigma,2024-06-23T19:04:11,Waxing Specter (red),2,0
415,Enigma,2024-06-23T19:04:11,Essence of Ancestry: Soul (yellow),2,0
415,Enigma,2024-06-23T19:04:11,Haze Shelter (yellow),1,0
415,Enigma,2024-06-23T19:04:11,Sigil of Solitude (yellow),1,0
415,Enigma,2024-06-23T19:04:11,Single Minded Determination (yellow),1,0
415,Enigma,2024-06-23T19:04:11,Vengeful Apparition (yellow),1,0
415,Enigma,2024-06-23T19:04:11,A Drop in the Ocean (blue),1,0
415,Enigma,2024-06-23T19:04:11,Battlefront Bastion (blue),1,0
415,Enigma,2024-06-23T19:04:11,First Tenet of Chi: Tide (blue),1,0
415,Enigma,2024-06-23T19:04:11,First Tenet of Chi: Wind (blue),2,0
415,Enigma,2024-06-23T19:04:11,Haunting Specter (blue),2,0
415,Enigma,2024-06-23T19:04:11,Homage to Ancestors (blue),1,0
415,Enigma,2024-06-23T19:04:11,Moon Chakra (blue),1,0
415,Enigma,2024-06-23T19:04:11,Preserve Tradition (blue),1,0
415,Enigma,2024-06-23T19:04:11,Rising Tide (blue),1,0
415,Enigma,2024-06-23T19:04:11,Sigil of Solitude (blue),1,0
415,Enigma,2024-06-23T19:04:11,Single Minded Determination (blue),1,0
415,Enigma,2024-06-23T19:04:11,Spillover (blue),1,0
415,Enigma,2024-06-23T19:04:11,Stir the Pot (blue),1,0
415,Enigma,2024-06-23T19:04:11,Tidal Surge (blue),1,0
415,Enigma,2024-06-23T19:04:11,Waning Vengeance (blue),2,0
415,Enigma,2024-06-23T19:04:11,Wash Away (blue),1,0
415,Enigma,2024-06-23T19:04:11,Wounding Blow (blue),1,0
415,Enigma,2024-06-23T19:04:11,Koi Blessed Kimono,1,1
415,Enigma,2024-06-23T19:04:11,Skybody Keikoi,1,1
415,Enigma,2024-06-23T19:04:11,Skycrest Keikoi,1,1
415,Enigma,2024-06-23T19:04:11,Skyhold Keikoi,1,1
415,Enigma,2024-06-23T19:04:11,Uphold Tradition,1,1
416,Enigma,2024-06-23T19:04:25,Essence of Ancestry: Body (red),1,0
416,Enigma,2024-06-23T19:04:25,Moon Chakra (red),1,0
416,Enigma,2024-06-23T19:04:25,Single Minded Determination (red),1,0
416,Enigma,2024-06-23T19:04:25,Solitary Companion (red),1,0
416,Enigma,2024-06-23T19:04:25,Spectral Manifestations (red),1,0
416,Enigma,2024-06-23T19:04:25,Vengeful Apparition (red),1,0
416,Enigma,2024-06-23T19:04:25,Waning Vengeance (red),1,0
416,Enigma,2024-06-23T19:04:25,Waxing Specter (red),1,0
416,Enigma,2024-06-23T19:04:25,Battlefront Bastion (yellow),1,0
416,Enigma,2024-06-23T19:04:25,Essence of Ancestry: Soul (yellow),2,0
416,Enigma,2024-06-23T19:04:25,Fact-Finding Mission (yellow),1,0
416,Enigma,2024-06-23T19:04:25,Restless Coalescence (yellow),1,0
416,Enigma,2024-06-23T19:04:25,Sigil of Solitude (yellow),1,0
416,Enigma,2024-06-23T19:04:25,Spectral Manifestations (yellow),1,0
416,Enigma,2024-06-23T19:04:25,Vengeful Apparition (yellow),1,0
416,Enigma,2024-06-23T19:04:25,Waxing Specter (yellow),1,0
416,Enigma,2024-06-23T19:04:25,A Drop in the Ocean (blue),1,0
416,Enigma,2024-06-23T19:04:25,Evasive Leap (blue),1,0
416,Enigma,2024-06-23T19:04:25,First Tenet of Chi: Wind (blue),2,0
416,Enigma,2024-06-23T19:04:25,Haunting Specter (blue),1,0
416,Enigma,2024-06-23T19:04:25,Homage to Ancestors (blue),2,0
416,Enigma,2024-06-23T19:04:25,Moon Chakra (blue),1,0
416,Enigma,2024-06-23T19:04:25,Preserve Tradition (blue),1,0
416,Enigma,2024-06-23T19:04:25,Sacred Art: Immortal Lunar Shrine (blue),1,0
416,Enigma,2024-06-23T19:04:25,Second Tenet of Chi: Wind (blue),1,0
416,Enigma,2024-06-23T19:04:25,Sigil of Solitude (blue),1,0
416,Enigma,2024-06-23T19:04:25,Single Minded Determination (blue),2,0
416,Enigma,2024-06-23T19:04:25,Solitary Companion (blue),1,0
416,Enigma,2024-06-23T19:04:25,Spectral Manifestations (blue),1,0
416,Enigma,2024-06-23T19:04:25,Tidal Surge (blue),1,0
416,Enigma,2024-06-23T19:04:25,Vengeful Apparition (blue),1,0
416,Enigma,2024-06-23T19:04:25,Wash Away (blue),1,0
416,Enigma,2024-06-23T19:04:25,Water the Seeds (blue),1,0
416,Enigma,2024-06-23T19:04:25,Koi Blessed Kimono,1,1
416,Enigma,2024-06-23T19:04:25,Skywalker Keikoi,1,1
416,Enigma,2024-06-23T19:04:25,Truths Retold,1,1
416,Enigma,2024-06-23T19:04:25,Uphold Tradition,1,1
417,Enigma,2024-06-23T23:37:33,Battlefront Bastion (red),1,0
417,Enigma,2024-06-23T23:37:33,Evasive Leap (red),2,0
417,Enigma,2024-06-23T23:37:33,Fact-Finding Mission (red),1,0
417,Enigma,2024-06-23T23:37:33,Single Minded Determination (red),1,0
417,Enigma,2024-06-23T23:37:33,Solitary Companion (red),1,0
417,Enigma,2024-06-23T23:37:33,Spectral Manifestations (red),2,0
417,Enigma,2024-06-23T23:37:33,Waning Vengeance (red),1,0
417,Enigma,2024-06-23T23:37:33,Haze Shelter (yellow),1,0
417,Enigma,2024-06-23T23:37:33,Spectral Manifestations (yellow),1,0
417,Enigma,2024-06-23T23:37:33,A Drop in the Ocean (blue),2,0
417,Enigma,2024-06-23T23:37:33,Battlefront Bastion (blue),1,0
417,Enigma,2024-06-23T23:37:33,Essence of Ancestry: Mind (blue),1,0
417,Enigma,2024-06-23T23:37:33,First Tenet of Chi: Wind (blue),1,0
417,Enigma,2024-06-23T23:37:33,Moon Chakra (blue),1,0
417,Enigma,2024-06-23T23:37:33,Preserve Tradition (blue),1,0
417,Enigma,2024-06-23T23:37:33,Rising Tide (blue),1,0
417,Enigma,2024-06-23T23:37:33,Second Tenet of Chi: Tide (blue),1,0
417,Enigma,2024-06-23T23:37:33,Single Minded Determination (blue),1,0
417,Enigma,2024-06-23T23:37:33,Solitary Companion (blue),2,0
417,Enigma,2024-06-23T23:37:33,Spectral Manifestations (blue),1,0
417,Enigma,2024-06-23T23:37:33,Vengeful Apparition (blue),1,0
417,Enigma,2024-06-23T23:37:33,Waning Vengeance (blue),1,0
417,Enigma,2024-06-23T23:37:33,Wash Away (blue),1,0
417,Enigma,2024-06-23T23:37:33,Waxing Specter (blue),2,0
417,Enigma,2024-06-23T23:37:33,Wounding Blow (blue),1,0
417,Enigma,2024-06-23T23:37:33,Skybody Keikoi,1,1
417,Enigma,2024-06-23T23:37:33,Skywalker Keikoi,1,1
418,Nuu,2024-06-24T01:28:14,Art of Desire: Body (red),1,0
418,Nuu,2024-06-24T01:28:14,Battlefront Bastion (red),1,0
418,Nuu,2024-06-24T01:28:14,Bonds of Memory (red),1,0
418,Nuu,2024-06-24T01:28:14,Desires of Flesh (red),1,0
418,Nuu,2024-06-24T01:28:14,Hiss (red),1,0
418,Nuu,2024-06-24T01:28:14,Mind's Desire (red),1,0
418,Nuu,2024-06-24T01:28:14,Pick to Pieces (red),1,0
418,Nuu,2024-06-24T01:28:14,Venomous Bite (red),1,0
418,Nuu,2024-06-24T01:28:14,Water the Seeds (red),1,0
418,Nuu,2024-06-24T01:28:14,Battlefront Bastion (yellow),1,0
418,Nuu,2024-06-24T01:28:14,Desires of Flesh (yellow),1,0
418,Nuu,2024-06-24T01:28:14,Hiss (yellow),1,0
418,Nuu,2024-06-24T01:28:14,Pick to Pieces (yellow),1,0
418,Nuu,2024-06-24T01:28:14,Venomous Bite (yellow),1,0
418,Nuu,2024-06-24T01:28:14,Battlefront Bastion (blue),1,0
418,Nuu,2024-06-24T01:28:14,Big Blue Sky (blue),1,0
418,Nuu,2024-06-24T01:28:14,Bonds of Attraction (blue),1,0
418,Nuu,2024-06-24T01:28:14,Desires of Flesh (blue),2,0
418,Nuu,2024-06-24T01:28:14,Droplet (blue),1,0
418,Nuu,2024-06-24T01:28:14,Hiss (blue),2,0
418,Nuu,2024-06-24T01:28:14,Mind's Desire (blue),1,0
418,Nuu,2024-06-24T01:28:14,Path Well Traveled (blue),1,0
418,Nuu,2024-06-24T01:28:14,Preserve Tradition (blue),1,0
418,Nuu,2024-06-24T01:28:14,Spillover (blue),1,0
418,Nuu,2024-06-24T01:28:14,The Grain that Tips the Scale (blue),1,0
418,Nuu,2024-06-24T01:28:14,Tidal Surge (blue),1,0
418,Nuu,2024-06-24T01:28:14,Tide Chakra (blue),1,0
418,Nuu,2024-06-24T01:28:14,Wide Blue Yonder (blue),1,0
418,Nuu,2024-06-24T01:28:14,Wounding Blow (blue),2,0
418,Nuu,2024-06-24T01:28:14,Aqua Laps,1,1
418,Nuu,2024-06-24T01:28:14,Heirloom of Snake Hide,1,1
418,Nuu,2024-06-24T01:28:14,Skyhold Keikoi,1,1
419,Nuu,2024-06-24T02:53:42,Art of Desire: Body (red),1,0
419,Nuu,2024-06-24T02:53:42,Fact-Finding Mission (red),1,0
419,Nuu,2024-06-24T02:53:42,Hiss (red),1,0
419,Nuu,2024-06-24T02:53:42,Impulsive Desire (red),1,0
419,Nuu,2024-06-24T02:53:42,Mind's Desire (red),2,0
419,Nuu,2024-06-24T02:53:42,Pick to Pieces (red),2,0
419,Nuu,2024-06-24T02:53:42,Venomous Bite (red),1,0
419,Nuu,2024-06-24T02:53:42,Art of Desire: Soul (yellow),1,0
419,Nuu,2024-06-24T02:53:42,Battlefront Bastion (yellow),1,0
419,Nuu,2024-06-24T02:53:42,Bonds of Memory (yellow),1,0
419,Nuu,2024-06-24T02:53:42,Desires of Flesh (yellow),1,0
419,Nuu,2024-06-24T02:53:42,Gorgon's Gaze (yellow),1,0
419,Nuu,2024-06-24T02:53:42,Pick to Pieces (yellow),1,0
419,Nuu,2024-06-24T02:53:42,Venomous Bite (yellow),1,0
419,Nuu,2024-06-24T02:53:42,Blanch (blue),1,0
419,Nuu,2024-06-24T02:53:42,Bonds of Memory (blue),1,0
419,Nuu,2024-06-24T02:53:42,Deep Blue Sea (blue),1,0
419,Nuu,2024-06-24T02:53:42,Hiss (blue),2,0
419,Nuu,2024-06-24T02:53:42,Homage to Ancestors (blue),1,0
419,Nuu,2024-06-24T02:53:42,Mind's Desire (blue),3,0
419,Nuu,2024-06-24T02:53:42,"Rising Sun, Setting Moon (blue)",1,0
419,Nuu,2024-06-24T02:53:42,Second Tenet of Chi: Moon (blue),1,0
419,Nuu,2024-06-24T02:53:42,Second Tenet of Chi: Wind (blue),1,0
419,Nuu,2024-06-24T02:53:42,The Grain that Tips the Scale (blue),1,0
419,Nuu,2024-06-24T02:53:42,Tidal Surge (blue),1,0
419,Nuu,2024-06-24T02:53:42,Venomous Bite (blue),2,0
419,Nuu,2024-06-24T02:53:42,Water the Seeds (blue),1,0
419,Nuu,2024-06-24T02:53:42,Wounding Blow (blue),1,0
419,Nuu,2024-06-24T02:53:42,Aqua Seeing Shell,1,1
419,Nuu,2024-06-24T02:53:42,Arousing Wave,1,1
419,Nuu,2024-06-24T02:53:42,Koi Blessed Kimono,1,1
419,Nuu,2024-06-24T02:53:42,Skybody Keikoi,1,1
419,Nuu,2024-06-24T02:53:42,Undertow Stilettos,1,1
420,Nuu,2024-06-24T22:31:30,Bonds of Memory (red),2,0
420,Nuu,2024-06-24T22:31:30,Desires of Flesh (red),2,0
420,Nuu,2024-06-24T22:31:30,Evasive Leap (red),3,0
420,Nuu,2024-06-24T22:31:30,Hiss (red),1,0
420,Nuu,2024-06-24T22:31:30,Intimate Inducement (red),1,0
420,Nuu,2024-06-24T22:31:30,Mind's Desire (red),1,0
420,Nuu,2024-06-24T22:31:30,Tide Chakra (red),1,0
420,Nuu,2024-06-24T22:31:30,Venomous Bite (red),2,0
420,Nuu,2024-06-24T22:31:30,Bonds of Memory (yellow),1,0
420,Nuu,2024-06-24T22:31:30,Evasive Leap (yellow),1,0
420,Nuu,2024-06-24T22:31:30,Hiss (yellow),1,0
420,Nuu,2024-06-24T22:31:30,Impulsive Desire (yellow),1,0
420,Nuu,2024-06-24T22:31:30,Venomous Bite (yellow),1,0
420,Nuu,2024-06-24T22:31:30,Wounding Blow (yellow),1,0
420,Nuu,2024-06-24T22:31:30,Bonds of Agony (blue),1,0
420,Nuu,2024-06-24T22:31:30,Bonds of Memory (blue),2,0
420,Nuu,2024-06-24T22:31:30,Hiss (blue),2,0
420,Nuu,2024-06-24T22:31:30,Impulsive Desire (blue),1,0
420,Nuu,2024-06-24T22:31:30,Intimate Inducement (blue),2,0
420,Nuu,2024-06-24T22:31:30,Mind's Desire (blue),1,0
420,Nuu,2024-06-24T22:31:30,Persuasive Prognosis (blue),1,0
420,Nuu,2024-06-24T22:31:30,Pick to Pieces (blue),2,0
420,Nuu,2024-06-24T22:31:30,"Rising Sun, Setting Moon (blue)",1,0
420,Nuu,2024-06-24T22:31:30,Spillover (blue),1,0
420,Nuu,2024-06-24T22:31:30,The Grain that Tips the Scale (blue),1,0
420,Nuu,2024-06-24T22:31:30,Venomous Bite (blue),2,0
420,Nuu,2024-06-24T22:31:30,Arousing Wave,1,1
420,Nuu,2024-06-24T22:31:30,Heirloom of Snake Hide,1,1
421,Zen,2024-06-24T22:35:03,Biting Breeze (red),2,0
421,Zen,2024-06-24T22:35:03,Breed Anger (red),1,0
421,Zen,2024-06-24T22:35:03,Companion of the Claw (red),2,0
421,Zen,2024-06-24T22:35:03,Emissary of Moon (red),1,0
421,Zen,2024-06-24T22:35:03,Flex Claws (red),2,0
421,Zen,2024-06-24T22:35:03,Harmony of the Hunt (red),1,0
421,Zen,2024-06-24T22:35:03,Pouncing Qi (red),1,0
421,Zen,2024-06-24T22:35:03,Tiger Form Incantation (red),1,0
421,Zen,2024-06-24T22:35:03,Pouncing Qi (yellow),2,0
421,Zen,2024-06-24T22:35:03,Prismatic Leyline (yellow),1,0
421,Zen,2024-06-24T22:35:03,Untamed (yellow),1,0
421,Zen,2024-06-24T22:35:03,Wind Chakra (yellow),1,0
421,Zen,2024-06-24T22:35:03,Biting Breeze (blue),2,0
421,Zen,2024-06-24T22:35:03,Blessing of Qi (blue),1,0
421,Zen,2024-06-24T22:35:03,Companion of the Claw (blue),2,0
421,Zen,2024-06-24T22:35:03,Droplet (blue),1,0
421,Zen,2024-06-24T22:35:03,Flex Claws (blue),1,0
421,Zen,2024-06-24T22:35:03,Harmony of the Hunt (blue),1,0
421,Zen,2024-06-24T22:35:03,Homage to Ancestors (blue),1,0
421,Zen,2024-06-24T22:35:03,Pouncing Qi (blue),3,0
421,Zen,2024-06-24T22:35:03,Preserve Tradition (blue),1,0
421,Zen,2024-06-24T22:35:03,Qi Unleashed (blue),2,0
421,Zen,2024-06-24T22:35:03,Tiger Form Incantation (blue),1,0
421,Zen,2024-06-24T22:35:03,Untamed (blue),1,0
421,Zen,2024-06-24T22:35:03,Water the Seeds (blue),1,0
421,Zen,2024-06-24T22:35:03,Koi Blessed Kimono,1,1
421,Zen,2024-06-24T22:35:03,Mask of Wizened Whiskers,1,1
421,Zen,2024-06-24T22:35:03,Skywalker Keikoi,1,1
421,Zen,2024-06-24T22:35:03,Stride of Reprisal,1,1
421,Zen,2024-06-24T22:35:03,Waves of Aqua Marine,1,1
422,Zen,2024-06-25T12:41:49,Biting Breeze (red),1,0
422,Zen,2024-06-25T12:41:49,Blanch (red),1,0
422,Zen,2024-06-25T12:41:49,Breed Anger (red),2,0
422,Zen,2024-06-25T12:41:49,Emissary of Moon (red),1,0
422,Zen,2024-06-25T12:41:49,Fact-Finding Mission (red),1,0
422,Zen,2024-06-25T12:41:49,Flex Claws (red),4,0
422,Zen,2024-06-25T12:41:49,Harmony of the Hunt (red),1,0
422,Zen,2024-06-25T12:41:49,Pouncing Qi (red),1,0
422,Zen,2024-06-25T12:41:49,Tiger Form Incantation (red),3,0
422,Zen,2024-06-25T12:41:49,Tooth and Claw (red),1,0
422,Zen,2024-06-25T12:41:49,Untamed (red),3,0
422,Zen,2024-06-25T12:41:49,Wind Chakra (red),1,0
422,Zen,2024-06-25T12:41:49,Aspect of Tiger: Soul (yellow),1,0
422,Zen,2024-06-25T12:41:49,Blessing of Qi (yellow),1,0
422,Zen,2024-06-25T12:41:49,Breed Anger (yellow),1,0
422,Zen,2024-06-25T12:41:49,Maul (yellow),1,0
422,Zen,2024-06-25T12:41:49,Untamed (yellow),1,0
422,Zen,2024-06-25T12:41:49,Biting Breeze (blue),2,0
422,Zen,2024-06-25T12:41:49,Blessing of Qi (blue),1,0
422,Zen,2024-06-25T12:41:49,Breed Anger (blue),1,0
422,Zen,2024-06-25T12:41:49,Harmony of the Hunt (blue),1,0
422,Zen,2024-06-25T12:41:49,Pouncing Qi (blue),3,0
422,Zen,2024-06-25T12:41:49,Preserve Tradition (blue),1,0
422,Zen,2024-06-25T12:41:49,"Rising Sun, Setting Moon (blue)",1,0
422,Zen,2024-06-25T12:41:49,Tiger Form Incantation (blue),2,0
422,Zen,2024-06-25T12:41:49,Wind Chakra (blue),1,0
422,Zen,2024-06-25T12:41:49,Heirloom of Tiger Hide,1,1
422,Zen,2024-06-25T12:41:49,Stride of Reprisal,1,1
422,Zen,2024-06-25T12:41:49,Waves of Aqua Marine,1,1
423,Nuu,2024-06-25T17:41:52,Battlefront Bastion (red),1,0
423,Nuu,2024-06-25T17:41:52,Bonds of Memory (red),2,0
423,Nuu,2024-06-25T17:41:52,Desires of Flesh (red),1,0
423,Nuu,2024-06-25T17:41:52,Hiss (red),2,0
423,Nuu,2024-06-25T17:41:52,Intimate Inducement (red),1,0
423,Nuu,2024-06-25T17:41:52,Mind's Desire (red),3,0
423,Nuu,2024-06-25T17:41:52,Siren's Call (red),1,0
423,Nuu,2024-06-25T17:41:52,Venomous Bite (red),1,0
423,Nuu,2024-06-25T17:41:52,Wounding Blow (red),1,0
423,Nuu,2024-06-25T17:41:52,Battlefront Bastion (yellow),2,0
423,Nuu,2024-06-25T17:41:52,Desires of Flesh (yellow),1,0
423,Nuu,2024-06-25T17:41:52,Hiss (yellow),1,0
423,Nuu,2024-06-25T17:41:52,Intimate Inducement (yellow),1,0
423,Nuu,2024-06-25T17:41:52,Pick to Pieces (yellow),1,0
423,Nuu,2024-06-25T17:41:52,Venomous Bite (yellow),1,0
423,Nuu,2024-06-25T17:41:52,Bonds of Attraction (blue),1,0
423,Nuu,2024-06-25T17:41:52,Desires of Flesh (blue),1,0
423,Nuu,2024-06-25T17:41:52,Double Trouble (blue),1,0
423,Nuu,2024-06-25T17:41:52,Droplet (blue),1,0
423,Nuu,2024-06-25T17:41:52,Hiss (blue),2,0
423,Nuu,2024-06-25T17:41:52,Impulsive Desire (blue),1,0
423,Nuu,2024-06-25T17:41:52,Intimate Inducement (blue),3,0
423,Nuu,2024-06-25T17:41:52,Mind's Desire (blue),2,0
423,Nuu,2024-06-25T17:41:52,"Rising Sun, Setting Moon (blue)",1,0
423,Nuu,2024-06-25T17:41:52,The Grain that Tips the Scale (blue),1,0
423,Nuu,2024-06-25T17:41:52,Venomous Bite (blue),2,0
423,Nuu,2024-06-25T17:41:52,Arousing Wave,1,1
423,Nuu,2024-06-25T17:41:52,Skybody Keikoi,1,1
423,Nuu,2024-06-25T17:41:52,Skycrest Keikoi,1,1
423,Nuu,2024-06-25T17:41:52,Skyhold Keikoi,1,1
423,Nuu,2024-06-25T17:41:52,Undertow Stilettos,1,1
424,Zen,2024-06-25T19:07:38,Biting Breeze (red),2,0
424,Zen,2024-06-25T19:07:38,Blessing of Qi (red),1,0
424,Zen,2024-06-25T19:07:38,Breed Anger (red),1,0
424,Zen,2024-06-25T19:07:38,Chase the Tail (red),1,0
424,Zen,2024-06-25T19:07:38,Companion of the Claw (red),1,0
424,Zen,2024-06-25T19:07:38,Flex Claws (red),2,0
424,Zen,2024-06-25T19:07:38,Pouncing Qi (red),1,0
424,Zen,2024-06-25T19:07:38,Tiger Form Incantation (red),2,0
424,Zen,2024-06-25T19:07:38,Untamed (red),2,0
424,Zen,2024-06-25T19:07:38,Wind Chakra (red),1,0
424,Zen,2024-06-25T19:07:38,Aspect of Tiger: Soul (yellow),1,0
424,Zen,2024-06-25T19:07:38,Biting Breeze (yellow),1,0
424,Zen,2024-06-25T19:07:38,Blessing of Qi (yellow),1,0
424,Zen,2024-06-25T19:07:38,Companion of the Claw (yellow),1,0
424,Zen,2024-06-25T19:07:38,Fact-Finding Mission (yellow),1,0
424,Zen,2024-06-25T19:07:38,Flex Claws (yellow),1,0
424,Zen,2024-06-25T19:07:38,Biting Breeze (blue),1,0
424,Zen,2024-06-25T19:07:38,Blessing of Qi (blue),1,0
424,Zen,2024-06-25T19:07:38,Breed Anger (blue),3,0
424,Zen,2024-06-25T19:07:38,Companion of the Claw (blue),1,0
424,Zen,2024-06-25T19:07:38,Flex Claws (blue),1,0
424,Zen,2024-06-25T19:07:38,Homage to Ancestors (blue),1,0
424,Zen,2024-06-25T19:07:38,Pouncing Qi (blue),1,0
424,Zen,2024-06-25T19:07:38,Preserve Tradition (blue),1,0
424,Zen,2024-06-25T19:07:38,Qi Unleashed (blue),2,0
424,Zen,2024-06-25T19:07:38,Shifting Winds of the Mystic Beast (blue),1,0
424,Zen,2024-06-25T19:07:38,The Grain that Tips the Scale (blue),1,0
424,Zen,2024-06-25T19:07:38,Untamed (blue),3,0
424,Zen,2024-06-25T19:07:38,Wash Away (blue),1,0
424,Zen,2024-06-25T19:07:38,Skybody Keikoi,1,1
424,Zen,2024-06-25T19:07:38,Skycrest Keikoi,1,1
424,Zen,2024-06-25T19:07:38,Stride of Reprisal,1,1
425,Enigma,2024-06-25T19:44:36,Blanch (red),1,0
425,Enigma,2024-06-25T19:44:36,Essence of Ancestry: Body (red),1,0
425,Enigma,2024-06-25T19:44:36,Evasive Leap (red),1,0
425,Enigma,2024-06-25T19:44:36,Haze Shelter (red),2,0
425,Enigma,2024-06-25T19:44:36,Sigil of Solitude (red),1,0
425,Enigma,2024-06-25T19:44:36,Single Minded Determination (red),2,0
425,Enigma,2024-06-25T19:44:36,Spectral Manifestations (red),1,0
425,Enigma,2024-06-25T19:44:36,Waning Vengeance (red),2,0
425,Enigma,2024-06-25T19:44:36,Waxing Specter (red),1,0
425,Enigma,2024-06-25T19:44:36,Battlefront Bastion (yellow),2,0
425,Enigma,2024-06-25T19:44:36,Essence of Ancestry: Soul (yellow),1,0
425,Enigma,2024-06-25T19:44:36,Moon Chakra (yellow),1,0
425,Enigma,2024-06-25T19:44:36,Single Minded Determination (yellow),1,0
425,Enigma,2024-06-25T19:44:36,Waxing Specter (yellow),1,0
425,Enigma,2024-06-25T19:44:36,A Drop in the Ocean (blue),2,0
425,Enigma,2024-06-25T19:44:36,Astral Etchings (blue),2,0
425,Enigma,2024-06-25T19:44:36,Essence of Ancestry: Mind (blue),1,0
425,Enigma,2024-06-25T19:44:36,Homage to Ancestors (blue),1,0
425,Enigma,2024-06-25T19:44:36,"Rising Sun, Setting Moon (blue)",1,0
425,Enigma,2024-06-25T19:44:36,Sigil of Solitude (blue),1,0
425,Enigma,2024-06-25T19:44:36,Single Minded Determination (blue),2,0
425,Enigma,2024-06-25T19:44:36,Solitary Companion (blue),1,0
425,Enigma,2024-06-25T19:44:36,Unravel Aggression (blue),1,0
425,Enigma,2024-06-25T19:44:36,Vengeful Apparition (blue),1,0
425,Enigma,2024-06-25T19:44:36,Waning Vengeance (blue),1,0
425,Enigma,2024-06-25T19:44:36,Water the Seeds (blue),1,0
425,Enigma,2024-06-25T19:44:36,Wounding Blow (blue),1,0
425,Enigma,2024-06-25T19:44:36,Aqua Laps,1,1
425,Enigma,2024-06-25T19:44:36,Koi Blessed Kimono,1,1
425,Enigma,2024-06-25T19:44:36,Skybody Keikoi,1,1
425,Enigma,2024-06-25T19:44:36,Truths Retold,1,1
425,Enigma,2024-06-25T19:44:36,Uphold Tradition,1,1
425,Enigma,2024-06-25T19:44:36,Waves of Aqua Marine,1,1
426,Zen,2024-06-26T13:50:10,Biting Breeze (red),1,0
426,Zen,2024-06-26T13:50:10,Blessing of Qi (red),1,0
426,Zen,2024-06-26T13:50:10,Breed Anger (red),2,0
426,Zen,2024-06-26T13:50:10,Companion of the Claw (red),1,0
426,Zen,2024-06-26T13:50:10,Harmony of the Hunt (red),2,0
426,Zen,2024-06-26T13:50:10,Nimble Strike (red),1,0
426,Zen,2024-06-26T13:50:10,Pouncing Qi (red),2,0
426,Zen,2024-06-26T13:50:10,Qi Unleashed (red),1,0
426,Zen,2024-06-26T13:50:10,Tiger Form Incantation (red),1,0
426,Zen,2024-06-26T13:50:10,Untamed (red),1,0
426,Zen,2024-06-26T13:50:10,Water the Seeds (red),1,0
426,Zen,2024-06-26T13:50:10,Wind Chakra (red),2,0
426,Zen,2024-06-26T13:50:10,Breed Anger (yellow),1,0
426,Zen,2024-06-26T13:50:10,Companion of the Claw (yellow),1,0
426,Zen,2024-06-26T13:50:10,Tiger Form Incantation (yellow),1,0
426,Zen,2024-06-26T13:50:10,Aspect of Tiger: Mind (blue),2,0
426,Zen,2024-06-26T13:50:10,Blessing of Qi (blue),1,0
426,Zen,2024-06-26T13:50:10,Breed Anger (blue),3,0
426,Zen,2024-06-26T13:50:10,Companion of the Claw (blue),1,0
426,Zen,2024-06-26T13:50:10,Harmony of the Hunt (blue),1,0
426,Zen,2024-06-26T13:50:10,Pass Over (blue),1,0
426,Zen,2024-06-26T13:50:10,"Rising Sun, Setting Moon (blue)",1,0
426,Zen,2024-06-26T13:50:10,Rising Tide (blue),1,0
426,Zen,2024-06-26T13:50:10,Tiger Form Incantation (blue),2,0
426,Zen,2024-06-26T13:50:10,Untamed (blue),1,0
426,Zen,2024-06-26T13:50:10,Wind Chakra (blue),1,0
426,Zen,2024-06-26T13:50:10,Heirloom of Tiger Hide,1,1
426,Zen,2024-06-26T13:50:10,Skybody Keikoi,1,1
426,Zen,2024-06-26T13:50:10,Skycrest Keikoi,1,1
426,Zen,2024-06-26T13:50:10,Stride of Reprisal,1,1
426,Zen,2024-06-26T13:50:10,Waves of Aqua Marine,1,1
427,Enigma,2024-06-19T14:26:35,Essence of Ancestry: Body (red),1,0
427,Enigma,2024-06-19T14:26:35,Fact-Finding Mission (red),1,0
427,Enigma,2024-06-19T14:26:35,Sigil of Solitude (red),1,0
427,Enigma,2024-06-19T14:26:35,Single Minded Determination (red),2,0
427,Enigma,2024-06-19T14:26:35,Solitary Companion (red),1,0
427,Enigma,2024-06-19T14:26:35,Waxing Specter (red),1,0
427,Enigma,2024-06-19T14:26:35,Wounding Blow (red),1,0
427,Enigma,2024-06-19T14:26:35,Battlefront Bastion (yellow),1,0
427,Enigma,2024-06-19T14:26:35,Blanch (yellow),1,0
427,Enigma,2024-06-19T14:26:35,Fact-Finding Mission (yellow),1,0
427,Enigma,2024-06-19T14:26:35,Haunting Specter (yellow),2,0
427,Enigma,2024-06-19T14:26:35,Haze Shelter (yellow),1,0
427,Enigma,2024-06-19T14:26:35,Water the Seeds (yellow),1,0
427,Enigma,2024-06-19T14:26:35,A Drop in the Ocean (blue),2,0
427,Enigma,2024-06-19T14:26:35,Big Blue Sky (blue),2,0
427,Enigma,2024-06-19T14:26:35,First Tenet of Chi: Tide (blue),1,0
427,Enigma,2024-06-19T14:26:35,First Tenet of Chi: Wind (blue),2,0
427,Enigma,2024-06-19T14:26:35,Haze Shelter (blue),1,0
427,Enigma,2024-06-19T14:26:35,Homage to Ancestors (blue),2,0
427,Enigma,2024-06-19T14:26:35,Preserve Tradition (blue),1,0
427,Enigma,2024-06-19T14:26:35,Rising Tide (blue),2,0
427,Enigma,2024-06-19T14:26:35,Second Tenet of Chi: Wind (blue),2,0
427,Enigma,2024-06-19T14:26:35,Sigil of Solitude (blue),1,0
427,Enigma,2024-06-19T14:26:35,Single Minded Determination (blue),1,0
427,Enigma,2024-06-19T14:26:35,Spectral Manifestations (blue),1,0
427,Enigma,2024-06-19T14:26:35,Vengeful Apparition (blue),1,0
427,Enigma,2024-06-19T14:26:35,Wash Away (blue),1,0
427,Enigma,2024-06-19T14:26:35,Skybody Keikoi,1,1
427,Enigma,2024-06-19T14:26:35,Truths Retold,1,1
427,Enigma,2024-06-19T14:26:35,Uphold Tradition,1,1
428,Zen,2024-06-19T16:51:17,Breed Anger (red),1,0
428,Zen,2024-06-19T16:51:17,Emissary of Moon (red),2,0
428,Zen,2024-06-19T16:51:17,Fact-Finding Mission (red),1,0
428,Zen,2024-06-19T16:51:17,Flex Claws (red),2,0
428,Zen,2024-06-19T16:51:17,Nimble Strike (red),1,0
428,Zen,2024-06-19T16:51:17,Pouncing Qi (red),1,0
428,Zen,2024-06-19T16:51:17,Tiger Form Incantation (red),1,0
428,Zen,2024-06-19T16:51:17,Biting Breeze (yellow),3,0
428,Zen,2024-06-19T16:51:17,Blanch (yellow),1,0
428,Zen,2024-06-19T16:51:17,Companion of the Claw (yellow),1,0
428,Zen,2024-06-19T16:51:17,Fact-Finding Mission (yellow),1,0
428,Zen,2024-06-19T16:51:17,Pouncing Qi (yellow),1,0
428,Zen,2024-06-19T16:51:17,Qi Unleashed (yellow),1,0
428,Zen,2024-06-19T16:51:17,Tiger Form Incantation (yellow),1,0
428,Zen,2024-06-19T16:51:17,Untamed (yellow),1,0
428,Zen,2024-06-19T16:51:17,Water the Seeds (yellow),1,0
428,Zen,2024-06-19T16:51:17,Wounding Blow (yellow),1,0
428,Zen,2024-06-19T16:51:17,Biting Breeze (blue),1,0
428,Zen,2024-06-19T16:51:17,Breed Anger (blue),1,0
428,Zen,2024-06-19T16:51:17,Flex Claws (blue),1,0
428,Zen,2024-06-19T16:51:17,Pass Over (blue),1,0
428,Zen,2024-06-19T16:51:17,"Rising Sun, Setting Moon (blue)",2,0
428,Zen,2024-06-19T16:51:17,Rising Tide (blue),1,0
428,Zen,2024-06-19T16:51:17,Second Tenet of Chi: Tide (blue),1,0
428,Zen,2024-06-19T16:51:17,Stir the Pot (blue),1,0
428,Zen,2024-06-19T16:51:17,The Grain that Tips the Scale (blue),1,0
428,Zen,2024-06-19T16:51:17,Tiger Form Incantation (blue),1,0
428,Zen,2024-06-19T16:51:17,Water the Seeds (blue),1,0
428,Zen,2024-06-19T16:51:17,Wide Blue Yonder (blue),1,0
428,Zen,2024-06-19T16:51:17,Mask of Wizened Whiskers,1,1
428,Zen,2024-06-19T16:51:17,Skybody Keikoi,1,1
428,Zen,2024-06-19T16:51:17,Skyhold Keikoi,1,1
429,Nuu,2024-06-19T16:58:35,Bonds of Memory (red),1,0
429,Nuu,2024-06-19T16:58:35,Desires of Flesh (red),2,0
429,Nuu,2024-06-19T16:58:35,Double Trouble (red),2,0
429,Nuu,2024-06-19T16:58:35,Pick to Pieces (red),2,0
429,Nuu,2024-06-19T16:58:35,Venomous Bite (red),2,0
429,Nuu,2024-06-19T16:58:35,Battlefront Bastion (yellow),2,0
429,Nuu,2024-06-19T16:58:35,Blanch (yellow),1,0
429,Nuu,2024-06-19T16:58:35,Hiss (yellow),1,0
429,Nuu,2024-06-19T16:58:35,Impulsive Desire (yellow),1,0
429,Nuu,2024-06-19T16:58:35,Intimate Inducement (yellow),2,0
429,Nuu,2024-06-19T16:58:35,Blanch (blue),1,0
429,Nuu,2024-06-19T16:58:35,Bonds of Attraction (blue),1,0
429,Nuu,2024-06-19T16:58:35,Desires of Flesh (blue),2,0
429,Nuu,2024-06-19T16:58:35,Evasive Leap (blue),1,0
429,Nuu,2024-06-19T16:58:35,First Tenet of Chi: Moon (blue),1,0
429,Nuu,2024-06-19T16:58:35,Hiss (blue),1,0
429,Nuu,2024-06-19T16:58:35,Impulsive Desire (blue),1,0
429,Nuu,2024-06-19T16:58:35,Intimate Inducement (blue),2,0
429,Nuu,2024-06-19T16:58:35,Mind's Desire (blue),1,0
429,Nuu,2024-06-19T16:58:35,Pass Over (blue),2,0
429,Nuu,2024-06-19T16:58:35,Rising Tide (blue),1,0
429,Nuu,2024-06-19T16:58:35,Second Tenet of Chi: Moon (blue),1,0
429,Nuu,2024-06-19T16:58:35,Tidal Surge (blue),1,0
429,Nuu,2024-06-19T16:58:35,Aqua Laps,1,1
429,Nuu,2024-06-19T16:58:35,Arousing Wave,1,1
429,Nuu,2024-06-19T16:58:35,Skybody Keikoi,1,1
430,Zen,2024-06-19T18:05:35,Companion of the Claw (red),1,0
430,Zen,2024-06-19T18:05:35,Fact-Finding Mission (red),1,0
430,Zen,2024-06-19T18:05:35,Harmony of the Hunt (red),2,0
430,Zen,2024-06-19T18:05:35,Pouncing Qi (red),1,0
430,Zen,2024-06-19T18:05:35,Qi Unleashed (red),1,0
430,Zen,2024-06-19T18:05:35,Battlefront Bastion (yellow),1,0
430,Zen,2024-06-19T18:05:35,Harmony of the Hunt (yellow),1,0
430,Zen,2024-06-19T18:05:35,Nimble Strike (yellow),1,0
430,Zen,2024-06-19T18:05:35,Qi Unleashed (yellow),1,0
430,Zen,2024-06-19T18:05:35,Tiger Form Incantation (yellow),1,0
430,Zen,2024-06-19T18:05:35,Wind Chakra (yellow),1,0
430,Zen,2024-06-19T18:05:35,Wounding Blow (yellow),1,0
430,Zen,2024-06-19T18:05:35,Big Blue Sky (blue),1,0
430,Zen,2024-06-19T18:05:35,Biting Breeze (blue),2,0
430,Zen,2024-06-19T18:05:35,Droplet (blue),2,0
430,Zen,2024-06-19T18:05:35,Fact-Finding Mission (blue),2,0
430,Zen,2024-06-19T18:05:35,First Tenet of Chi: Wind (blue),1,0
430,Zen,2024-06-19T18:05:35,Homage to Ancestors (blue),2,0
430,Zen,2024-06-19T18:05:35,Nimblism (blue),1,0
430,Zen,2024-06-19T18:05:35,Pass Over (blue),1,0
430,Zen,2024-06-19T18:05:35,Path Well Traveled (blue),1,0
430,Zen,2024-06-19T18:05:35,Pouncing Qi (blue),1,0
430,Zen,2024-06-19T18:05:35,"Rising Sun, Setting Moon (blue)",1,0
430,Zen,2024-06-19T18:05:35,Second Tenet of Chi: Tide (blue),1,0
430,Zen,2024-06-19T18:05:35,Spillover (blue),2,0
430,Zen,2024-06-19T18:05:35,Tidal Surge (blue),1,0
430,Zen,2024-06-19T18:05:35,Tiger Form Incantation (blue),1,0
430,Zen,2024-06-19T18:05:35,Heirloom of Tiger Hide,1,1
430,Zen,2024-06-19T18:05:35,Mask of Wizened Whiskers,1,1
430,Zen,2024-06-19T18:05:35,Skyhold Keikoi,1,1
430,Zen,2024-06-19T18:05:35,Skywalker Keikoi,1,1
431,Enigma,2024-06-19T19:35:09,Emissary of Moon (red),1,0
431,Enigma,2024-06-19T19:35:09,Essence of Ancestry: Body (red),1,0
431,Enigma,2024-06-19T19:35:09,Fact-Finding Mission (red),1,0
431,Enigma,2024-06-19T19:35:09,Sigil of Solitude (red),1,0
431,Enigma,2024-06-19T19:35:09,Single Minded Determination (red),1,0
431,Enigma,2024-06-19T19:35:09,Solitary Companion (red),2,0
431,Enigma,2024-06-19T19:35:09,Spectral Manifestations (red),2,0
431,Enigma,2024-06-19T19:35:09,Vengeful Apparition (red),1,0
431,Enigma,2024-06-19T19:35:09,Waxing Specter (red),1,0
431,Enigma,2024-06-19T19:35:09,Astral Etchings (yellow),1,0
431,Enigma,2024-06-19T19:35:09,Battlefront Bastion (yellow),1,0
431,Enigma,2024-06-19T19:35:09,Vengeful Apparition (yellow),1,0
431,Enigma,2024-06-19T19:35:09,A Drop in the Ocean (blue),3,0
431,Enigma,2024-06-19T19:35:09,Astral Etchings (blue),1,0
431,Enigma,2024-06-19T19:35:09,Dense Blue Mist (blue),1,0
431,Enigma,2024-06-19T19:35:09,First Tenet of Chi: Tide (blue),1,0
431,Enigma,2024-06-19T19:35:09,Moon Chakra (blue),2,0
431,Enigma,2024-06-19T19:35:09,Nimblism (blue),1,0
431,Enigma,2024-06-19T19:35:09,Preserve Tradition (blue),1,0
431,Enigma,2024-06-19T19:35:09,Rising Tide (blue),1,0
431,Enigma,2024-06-19T19:35:09,Second Tenet of Chi: Moon (blue),1,0
431,Enigma,2024-06-19T19:35:09,Single Minded Determination (blue),1,0
431,Enigma,2024-06-19T19:35:09,Solitary Companion (blue),1,0
431,Enigma,2024-06-19T19:35:09,Stir the Pot (blue),1,0
431,Enigma,2024-06-19T19:35:09,Tidal Surge (blue),1,0
431,Enigma,2024-06-19T19:35:09,Vengeful Apparition (blue),1,0
431,Enigma,2024-06-19T19:35:09,Waning Vengeance (blue),2,0
431,Enigma,2024-06-19T19:35:09,Wash Away (blue),2,0
431,Enigma,2024-06-19T19:35:09,Wide Blue Yonder (blue),1,0
431,Enigma,2024-06-19T19:35:09,Wounding Blow (blue),1,0
431,Enigma,2024-06-19T19:35:09,Aqua Laps,1,1
431,Enigma,2024-06-19T19:35:09,Skybody Keikoi,1,1
431,Enigma,2024-06-19T19:35:09,Truths Retold,1,1
431,Enigma,2024-06-19T19:35:09,Uphold Tradition,1,1
432,Nuu,2024-06-26T17:33:34,Blanch (red),2,0
432,Nuu,2024-06-26T17:33:34,Bonds of Memory (red),2,0
432,Nuu,2024-06-26T17:33:34,Evasive Leap (red),1,0
432,Nuu,2024-06-26T17:33:34,Fact-Finding Mission (red),1,0
432,Nuu,2024-06-26T17:33:34,Gravekeeping (red),2,0
432,Nuu,2024-06-26T17:33:34,Hiss (red),1,0
432,Nuu,2024-06-26T17:33:34,Intimate Inducement (red),1,0
432,Nuu,2024-06-26T17:33:34,Nimblism (red),1,0
432,Nuu,2024-06-26T17:33:34,Pick to Pieces (red),2,0
432,Nuu,2024-06-26T17:33:34,Venomous Bite (red),1,0
432,Nuu,2024-06-26T17:33:34,Bonds of Attraction (yellow),1,0
432,Nuu,2024-06-26T17:33:34,Desires of Flesh (yellow),2,0
432,Nuu,2024-06-26T17:33:34,Evasive Leap (yellow),1,0
432,Nuu,2024-06-26T17:33:34,Gravekeeping (yellow),1,0
432,Nuu,2024-06-26T17:33:34,Mind's Desire (yellow),1,0
432,Nuu,2024-06-26T17:33:34,Nimble Strike (yellow),1,0
432,Nuu,2024-06-26T17:33:34,Pick to Pieces (yellow),1,0
432,Nuu,2024-06-26T17:33:34,Bonds of Attraction (blue),1,0
432,Nuu,2024-06-26T17:33:34,Bonds of Memory (blue),1,0
432,Nuu,2024-06-26T17:33:34,Desires of Flesh (blue),3,0
432,Nuu,2024-06-26T17:33:34,Fact-Finding Mission (blue),1,0
432,Nuu,2024-06-26T17:33:34,First Tenet of Chi: Tide (blue),1,0
432,Nuu,2024-06-26T17:33:34,Hiss (blue),1,0
432,Nuu,2024-06-26T17:33:34,Impulsive Desire (blue),2,0
432,Nuu,2024-06-26T17:33:34,Intimate Inducement (blue),2,0
432,Nuu,2024-06-26T17:33:34,Mind's Desire (blue),1,0
432,Nuu,2024-06-26T17:33:34,Pass Over (blue),3,0
432,Nuu,2024-06-26T17:33:34,Wounding Blow (blue),1,0
432,Nuu,2024-06-26T17:33:34,Aqua Laps,1,1
432,Nuu,2024-06-26T17:33:34,Heirloom of Snake Hide,1,1
432,Nuu,2024-06-26T17:33:34,Waves of Aqua Marine,1,1
433,Zen,2024-06-26T20:18:09,Battlefront Bastion (red),1,0
433,Zen,2024-06-26T20:18:09,Biting Breeze (red),1,0
433,Zen,2024-06-26T20:18:09,Breed Anger (red),1,0
433,Zen,2024-06-26T20:18:09,Companion of the Claw (red),2,0
433,Zen,2024-06-26T20:18:09,Emissary of Tides (red),1,0
433,Zen,2024-06-26T20:18:09,Flex Claws (red),1,0
433,Zen,2024-06-26T20:18:09,Gravekeeping (red),1,0
433,Zen,2024-06-26T20:18:09,Pouncing Qi (red),1,0
433,Zen,2024-06-26T20:18:09,Tiger Form Incantation (red),2,0
433,Zen,2024-06-26T20:18:09,Untamed (red),2,0
433,Zen,2024-06-26T20:18:09,Biting Breeze (yellow),1,0
433,Zen,2024-06-26T20:18:09,Blessing of Qi (yellow),1,0
433,Zen,2024-06-26T20:18:09,Flex Claws (yellow),1,0
433,Zen,2024-06-26T20:18:09,Qi Unleashed (yellow),1,0
433,Zen,2024-06-26T20:18:09,Wounding Blow (yellow),1,0
433,Zen,2024-06-26T20:18:09,Biting Breeze (blue),1,0
433,Zen,2024-06-26T20:18:09,Evasive Leap (blue),1,0
433,Zen,2024-06-26T20:18:09,First Tenet of Chi: Moon (blue),1,0
433,Zen,2024-06-26T20:18:09,Flex Claws (blue),2,0
433,Zen,2024-06-26T20:18:09,Homage to Ancestors (blue),1,0
433,Zen,2024-06-26T20:18:09,Path Well Traveled (blue),1,0
433,Zen,2024-06-26T20:18:09,Rising Tide (blue),3,0
433,Zen,2024-06-26T20:18:09,Second Tenet of Chi: Moon (blue),1,0
433,Zen,2024-06-26T20:18:09,Stir the Pot (blue),1,0
433,Zen,2024-06-26T20:18:09,Territorial Domain (blue),1,0
433,Zen,2024-06-26T20:18:09,Tiger Form Incantation (blue),1,0
433,Zen,2024-06-26T20:18:09,Untamed (blue),1,0
433,Zen,2024-06-26T20:18:09,Water the Seeds (blue),1,0
433,Zen,2024-06-26T20:18:09,Aqua Laps,1,1
433,Zen,2024-06-26T20:18:09,Heirloom of Tiger Hide,1,1
433,Zen,2024-06-26T20:18:09,Skycrest Keikoi,1,1
433,Zen,2024-06-26T20:18:09,Stride of Reprisal,1,1
434,Nuu,2024-06-26T20:37:37,Art of Desire: Body (red),1,0
434,Nuu,2024-06-26T20:37:37,Bonds of Memory (red),2,0
434,Nuu,2024-06-26T20:37:37,Hiss (red),3,0
434,Nuu,2024-06-26T20:37:37,Intimate Inducement (red),1,0
434,Nuu,2024-06-26T20:37:37,Pick to Pieces (red),2,0
434,Nuu,2024-06-26T20:37:37,Venomous Bite (red),1,0
434,Nuu,2024-06-26T20:37:37,Water the Seeds (red),1,0
434,Nuu,2024-06-26T20:37:37,Art of Desire: Soul (yellow),1,0
434,Nuu,2024-06-26T20:37:37,Battlefront Bastion (yellow),1,0
434,Nuu,2024-06-26T20:37:37,Double Trouble (yellow),1,0
434,Nuu,2024-06-26T20:37:37,Evasive Leap (yellow),1,0
434,Nuu,2024-06-26T20:37:37,Hiss (yellow),2,0
434,Nuu,2024-06-26T20:37:37,Impulsive Desire (yellow),1,0
434,Nuu,2024-06-26T20:37:37,Intimate Inducement (yellow),2,0
434,Nuu,2024-06-26T20:37:37,Pick to Pieces (yellow),2,0
434,Nuu,2024-06-26T20:37:37,Venomous Bite (yellow),1,0
434,Nuu,2024-06-26T20:37:37,Art of Desire: Mind (blue),2,0
434,Nuu,2024-06-26T20:37:37,Bonds of Attraction (blue),1,0
434,Nuu,2024-06-26T20:37:37,Bonds of Memory (blue),1,0
434,Nuu,2024-06-26T20:37:37,Deep Blue Sea (blue),1,0
434,Nuu,2024-06-26T20:37:37,Desires of Flesh (blue),2,0
434,Nuu,2024-06-26T20:37:37,Intimate Inducement (blue),1,0
434,Nuu,2024-06-26T20:37:37,Pass Over (blue),1,0
434,Nuu,2024-06-26T20:37:37,Pick to Pieces (blue),1,0
434,Nuu,2024-06-26T20:37:37,"Rising Sun, Setting Moon (blue)",1,0
434,Nuu,2024-06-26T20:37:37,Second Tenet of Chi: Tide (blue),1,0
434,Nuu,2024-06-26T20:37:37,Venomous Bite (blue),1,0
434,Nuu,2024-06-26T20:37:37,Aqua Seeing Shell,1,1
434,Nuu,2024-06-26T20:37:37,Heirloom of Snake Hide,1,1
434,Nuu,2024-06-26T20:37:37,Undertow Stilettos,1,1
435,Nuu,2024-06-26T20:45:13,Bonds of Attraction (red),1,0
435,Nuu,2024-06-26T20:45:13,Bonds of Memory (red),1,0
435,Nuu,2024-06-26T20:45:13,Evasive Leap (red),2,0
435,Nuu,2024-06-26T20:45:13,Impulsive Desire (red),1,0
435,Nuu,2024-06-26T20:45:13,Intimate Inducement (red),2,0
435,Nuu,2024-06-26T20:45:13,Mind's Desire (red),1,0
435,Nuu,2024-06-26T20:45:13,Art of Desire: Soul (yellow),1,0
435,Nuu,2024-06-26T20:45:13,Hiss (yellow),1,0
435,Nuu,2024-06-26T20:45:13,Nimblism (yellow),1,0
435,Nuu,2024-06-26T20:45:13,Venomous Bite (yellow),2,0
435,Nuu,2024-06-26T20:45:13,Art of Desire: Mind (blue),1,0
435,Nuu,2024-06-26T20:45:13,Battlefront Bastion (blue),1,0
435,Nuu,2024-06-26T20:45:13,Bonds of Agony (blue),1,0
435,Nuu,2024-06-26T20:45:13,Bonds of Attraction (blue),1,0
435,Nuu,2024-06-26T20:45:13,Bonds of Memory (blue),2,0
435,Nuu,2024-06-26T20:45:13,Dense Blue Mist (blue),1,0
435,Nuu,2024-06-26T20:45:13,Desires of Flesh (blue),2,0
435,Nuu,2024-06-26T20:45:13,Impulsive Desire (blue),1,0
435,Nuu,2024-06-26T20:45:13,Intimate Inducement (blue),2,0
435,Nuu,2024-06-26T20:45:13,Mind's Desire (blue),1,0
435,Nuu,2024-06-26T20:45:13,Pass Over (blue),1,0
435,Nuu,2024-06-26T20:45:13,Rising Tide (blue),1,0
435,Nuu,2024-06-26T20:45:13,Venomous Bite (blue),1,0
435,Nuu,2024-06-26T20:45:13,Wash Away (blue),1,0
435,Nuu,2024-06-26T20:45:13,Water the Seeds (blue),2,0
435,Nuu,2024-06-26T20:45:13,Aqua Laps,1,1
435,Nuu,2024-06-26T20:45:13,Aqua Seeing Shell,1,1
435,Nuu,2024-06-26T20:45:13,Heirloom of Snake Hide,1,1
435,Nuu,2024-06-26T20:45:13,Waves of Aqua Marine,1,1
436,Zen,2024-06-26T22:56:25,Aspect of Tiger: Body (red),1,0
436,Zen,2024-06-26T22:56:25,Battlefront Bastion (red),1,0
436,Zen,2024-06-26T22:56:25,Biting Breeze (red),2,0
436,Zen,2024-06-26T22:56:25,Blessing of Qi (red),1,0
436,Zen,2024-06-26T22:56:25,Companion of the Claw (red),1,0
436,Zen,2024-06-26T22:56:25,Emissary of Wind (red),1,0
436,Zen,2024-06-26T22:56:25,Flex Claws (red),2,0
436,Zen,2024-06-26T22:56:25,Harmony of the Hunt (red),1,0
436,Zen,2024-06-26T22:56:25,Pouncing Qi (red),2,0
436,Zen,2024-06-26T22:56:25,Tiger Form Incantation (red),2,0
436,Zen,2024-06-26T22:56:25,Water the Seeds (red),1,0
436,Zen,2024-06-26T22:56:25,Blessing of Qi (yellow),1,0
436,Zen,2024-06-26T22:56:25,Companion of the Claw (yellow),1,0
436,Zen,2024-06-26T22:56:25,Harmony of the Hunt (yellow),1,0
436,Zen,2024-06-26T22:56:25,Untamed (yellow),1,0
436,Zen,2024-06-26T22:56:25,Water the Seeds (yellow),1,0
436,Zen,2024-06-26T22:56:25,A Drop in the Ocean (blue),1,0
436,Zen,2024-06-26T22:56:25,Breed Anger (blue),1,0
436,Zen,2024-06-26T22:56:25,Companion of the Claw (blue),1,0
436,Zen,2024-06-26T22:56:25,Droplet (blue),1,0
436,Zen,2024-06-26T22:56:25,First Tenet of Chi: Moon (blue),1,0
436,Zen,2024-06-26T22:56:25,First Tenet of Chi: Tide (blue),1,0
436,Zen,2024-06-26T22:56:25,First Tenet of Chi: Wind (blue),1,0
436,Zen,2024-06-26T22:56:25,Flex Claws (blue),1,0
436,Zen,2024-06-26T22:56:25,Harmony of the Hunt (blue),1,0
436,Zen,2024-06-26T22:56:25,Pouncing Qi (blue),1,0
436,Zen,2024-06-26T22:56:25,Qi Unleashed (blue),1,0
436,Zen,2024-06-26T22:56:25,Stir the Pot (blue),1,0
436,Zen,2024-06-26T22:56:25,The Grain that Tips the Scale (blue),1,0
436,Zen,2024-06-26T22:56:25,Tidal Surge (blue),1,0
436,Zen,2024-06-26T22:56:25,Water the Seeds (blue),1,0
436,Zen,2024-06-26T22:56:25,Aqua Seeing Shell,1,1
436,Zen,2024-06-26T22:56:25,Stride of Reprisal,1,1
436,Zen,2024-06-26T22:56:25,Waves of Aqua Marine,1,1
437,Zen,2024-06-26T23:03:26,Aspect of Tiger: Body (red),2,0
437,Zen,2024-06-26T23:03:26,Biting Breeze (red),2,0
437,Zen,2024-06-26T23:03:26,Blessing of Qi (red),1,0
437,Zen,2024-06-26T23:03:26,Emissary of Moon (red),1,0
437,Zen,2024-06-26T23:03:26,Evasive Leap (red),2,0
437,Zen,2024-06-26T23:03:26,Fact-Finding Mission (red),2,0
437,Zen,2024-06-26T23:03:26,Gravekeeping (red),1,0
437,Zen,2024-06-26T23:03:26,Harmony of the Hunt (red),3,0
437,Zen,2024-06-26T23:03:26,Nimblism (red),1,0
437,Zen,2024-06-26T23:03:26,Pouncing Qi (red),1,0
437,Zen,2024-06-26T23:03:26,Untamed (red),1,0
437,Zen,2024-06-26T23:03:26,Wounding Blow (red),1,0
437,Zen,2024-06-26T23:03:26,Breed Anger (yellow),1,0
437,Zen,2024-06-26T23:03:26,Aspect of Tiger: Mind (blue),1,0
437,Zen,2024-06-26T23:03:26,Biting Breeze (blue),1,0
437,Zen,2024-06-26T23:03:26,Companion of the Claw (blue),1,0
437,Zen,2024-06-26T23:03:26,Fact-Finding Mission (blue),1,0
437,Zen,2024-06-26T23:03:26,First Tenet of Chi: Moon (blue),2,0
437,Zen,2024-06-26T23:03:26,Flex Claws (blue),1,0
437,Zen,2024-06-26T23:03:26,Harmony of the Hunt (blue),1,0
437,Zen,2024-06-26T23:03:26,Nimble Strike (blue),1,0
437,Zen,2024-06-26T23:03:26,Pouncing Qi (blue),2,0
437,Zen,2024-06-26T23:03:26,Qi Unleashed (blue),1,0
437,Zen,2024-06-26T23:03:26,"Rising Sun, Setting Moon (blue)",1,0
437,Zen,2024-06-26T23:03:26,Tiger Form Incantation (blue),1,0
437,Zen,2024-06-26T23:03:26,Untamed (blue),2,0
437,Zen,2024-06-26T23:03:26,Water the Seeds (blue),1,0
437,Zen,2024-06-26T23:03:26,Koi Blessed Kimono,1,1
437,Zen,2024-06-26T23:03:26,Skycrest Keikoi,1,1
437,Zen,2024-06-26T23:03:26,Skyhold Keikoi,1,1
437,Zen,2024-06-26T23:03:26,Skywalker Keikoi,1,1
438,Nuu,2024-06-26T23:30:27,Art of Desire: Body (red),2,0
438,Nuu,2024-06-26T23:30:27,Bonds of Memory (red),1,0
438,Nuu,2024-06-26T23:30:27,Desires of Flesh (red),2,0
438,Nuu,2024-06-26T23:30:27,Double Trouble (red),1,0
438,Nuu,2024-06-26T23:30:27,Fact-Finding Mission (red),1,0
438,Nuu,2024-06-26T23:30:27,Hiss (red),3,0
438,Nuu,2024-06-26T23:30:27,Intimate Inducement (red),3,0
438,Nuu,2024-06-26T23:30:27,Nimblism (red),1,0
438,Nuu,2024-06-26T23:30:27,Pick to Pieces (red),1,0
438,Nuu,2024-06-26T23:30:27,Battlefront Bastion (yellow),2,0
438,Nuu,2024-06-26T23:30:27,Intimate Inducement (yellow),1,0
438,Nuu,2024-06-26T23:30:27,Art of Desire: Mind (blue),2,0
438,Nuu,2024-06-26T23:30:27,Battlefront Bastion (blue),1,0
438,Nuu,2024-06-26T23:30:27,Bonds of Attraction (blue),1,0
438,Nuu,2024-06-26T23:30:27,Bonds of Memory (blue),1,0
438,Nuu,2024-06-26T23:30:27,Desires of Flesh (blue),3,0
438,Nuu,2024-06-26T23:30:27,Fact-Finding Mission (blue),1,0
438,Nuu,2024-06-26T23:30:27,Impulsive Desire (blue),1,0
438,Nuu,2024-06-26T23:30:27,Mind's Desire (blue),1,0
438,Nuu,2024-06-26T23:30:27,Pick to Pieces (blue),3,0
438,Nuu,2024-06-26T23:30:27,Preserve Tradition (blue),1,0
438,Nuu,2024-06-26T23:30:27,Sacred Art: Undercurrent Desires (blue),1,0
438,Nuu,2024-06-26T23:30:27,The Grain that Tips the Scale (blue),1,0
438,Nuu,2024-06-26T23:30:27,Venomous Bite (blue),1,0
438,Nuu,2024-06-26T23:30:27,Aqua Laps,1,1
438,Nuu,2024-06-26T23:30:27,Aqua Seeing Shell,1,1
438,Nuu,2024-06-26T23:30:27,Undertow Stilettos,1,1
439,Enigma,2024-06-27T05:18:07,Fact-Finding Mission (red),1,0
439,Enigma,2024-06-27T05:18:07,Haze Shelter (red),3,0
439,Enigma,2024-06-27T05:18:07,Sigil of Solitude (red),1,0
439,Enigma,2024-06-27T05:18:07,Solitary Companion (red),1,0
439,Enigma,2024-06-27T05:18:07,Spectral Manifestations (red),2,0
439,Enigma,2024-06-27T05:18:07,Vengeful Apparition (red),1,0
439,Enigma,2024-06-27T05:18:07,Waning Vengeance (red),2,0
439,Enigma,2024-06-27T05:18:07,Water the Seeds (red),1,0
439,Enigma,2024-06-27T05:18:07,Battlefront Bastion (yellow),2,0
439,Enigma,2024-06-27T05:18:07,Haze Shelter (yellow),1,0
439,Enigma,2024-06-27T05:18:07,Single Minded Determination (yellow),1,0
439,Enigma,2024-06-27T05:18:07,Solitary Companion (yellow),2,0
439,Enigma,2024-06-27T05:18:07,Spectral Manifestations (yellow),1,0
439,Enigma,2024-06-27T05:18:07,Astral Etchings (blue),1,0
439,Enigma,2024-06-27T05:18:07,Essence of Ancestry: Mind (blue),1,0
439,Enigma,2024-06-27T05:18:07,Pass Over (blue),1,0
439,Enigma,2024-06-27T05:18:07,Path Well Traveled (blue),1,0
439,Enigma,2024-06-27T05:18:07,Sigil of Solitude (blue),4,0
439,Enigma,2024-06-27T05:18:07,Spectral Manifestations (blue),3,0
439,Enigma,2024-06-27T05:18:07,The Grain that Tips the Scale (blue),1,0
439,Enigma,2024-06-27T05:18:07,Vengeful Apparition (blue),3,0
439,Enigma,2024-06-27T05:18:07,Waxing Specter (blue),1,0
439,Enigma,2024-06-27T05:18:07,Skybody Keikoi,1,1
439,Enigma,2024-06-27T05:18:07,Skywalker Keikoi,1,1
439,Enigma,2024-06-27T05:18:07,Truths Retold,1,1
440,Nuu,2024-06-27T10:58:18,Bonds of Memory (red),2,0
440,Nuu,2024-06-27T10:58:18,Double Trouble (red),1,0
440,Nuu,2024-06-27T10:58:18,Hiss (red),1,0
440,Nuu,2024-06-27T10:58:18,Mind's Desire (red),3,0
440,Nuu,2024-06-27T10:58:18,Pick to Pieces (red),2,0
440,Nuu,2024-06-27T10:58:18,Venomous Bite (red),3,0
440,Nuu,2024-06-27T10:58:18,Art of Desire: Soul (yellow),1,0
440,Nuu,2024-06-27T10:58:18,Desires of Flesh (yellow),2,0
440,Nuu,2024-06-27T10:58:18,Pick to Pieces (yellow),1,0
440,Nuu,2024-06-27T10:58:18,Prismatic Leyline (yellow),1,0
440,Nuu,2024-06-27T10:58:18,Bonds of Memory (blue),3,0
440,Nuu,2024-06-27T10:58:18,Droplet (blue),1,0
440,Nuu,2024-06-27T10:58:18,Hiss (blue),2,0
440,Nuu,2024-06-27T10:58:18,Impulsive Desire (blue),1,0
440,Nuu,2024-06-27T10:58:18,Intimate Inducement (blue),1,0
440,Nuu,2024-06-27T10:58:18,Mind's Desire (blue),1,0
440,Nuu,2024-06-27T10:58:18,Pass Over (blue),2,0
440,Nuu,2024-06-27T10:58:18,Pick to Pieces (blue),1,0
440,Nuu,2024-06-27T10:58:18,Spillover (blue),1,0
440,Nuu,2024-06-27T10:58:18,Koi Blessed Kimono,1,1
440,Nuu,2024-06-27T10:58:18,Skycrest Keikoi,1,1
440,Nuu,2024-06-27T10:58:18,Undertow Stilettos,1,1
441,Enigma,2024-06-27T14:08:50,Fact-Finding Mission (red),1,0
441,Enigma,2024-06-27T14:08:50,Haze Shelter (red),1,0
441,Enigma,2024-06-27T14:08:50,Single Minded Determination (red),1,0
441,Enigma,2024-06-27T14:08:50,Solitary Companion (red),1,0
441,Enigma,2024-06-27T14:08:50,Spectral Manifestations (red),1,0
441,Enigma,2024-06-27T14:08:50,Vengeful Apparition (red),1,0
441,Enigma,2024-06-27T14:08:50,Waning Vengeance (red),3,0
441,Enigma,2024-06-27T14:08:50,Sigil of Solitude (yellow),1,0
441,Enigma,2024-06-27T14:08:50,A Drop in the Ocean (blue),2,0
441,Enigma,2024-06-27T14:08:50,Deep Blue Sea (blue),1,0
441,Enigma,2024-06-27T14:08:50,Droplet (blue),1,0
441,Enigma,2024-06-27T14:08:50,Fact-Finding Mission (blue),1,0
441,Enigma,2024-06-27T14:08:50,First Tenet of Chi: Moon (blue),1,0
441,Enigma,2024-06-27T14:08:50,First Tenet of Chi: Tide (blue),2,0
441,Enigma,2024-06-27T14:08:50,First Tenet of Chi: Wind (blue),2,0
441,Enigma,2024-06-27T14:08:50,Haze Shelter (blue),1,0
441,Enigma,2024-06-27T14:08:50,Path Well Traveled (blue),1,0
441,Enigma,2024-06-27T14:08:50,Second Tenet of Chi: Moon (blue),1,0
441,Enigma,2024-06-27T14:08:50,Sigil of Solitude (blue),1,0
441,Enigma,2024-06-27T14:08:50,Solitary Companion (blue),1,0
441,Enigma,2024-06-27T14:08:50,Spectral Manifestations (blue),2,0
441,Enigma,2024-06-27T14:08:50,Spillover (blue),1,0
441,Enigma,2024-06-27T14:08:50,Stir the Pot (blue),1,0
441,Enigma,2024-06-27T14:08:50,The Grain that Tips the Scale (blue),1,0
441,Enigma,2024-06-27T14:08:50,Tidal Surge (blue),1,0
441,Enigma,2024-06-27T14:08:50,Vengeful Apparition (blue),1,0
441,Enigma,2024-06-27T14:08:50,Wash Away (blue),1,0
441,Enigma,2024-06-27T14:08:50,Skybody Keikoi,1,1
441,Enigma,2024-06-27T14:08:50,Skycrest Keikoi,1,1
441,Enigma,2024-06-27T14:08:50,Skyhold Keikoi,1,1
442,Nuu,2024-06-27T17:34:03,Art of Desire: Body (red),1,0
442,Nuu,2024-06-27T17:34:03,Bonds of Attraction (red),1,0
442,Nuu,2024-06-27T17:34:03,Hiss (red),1,0
442,Nuu,2024-06-27T17:34:03,Impulsive Desire (red),2,0
442,Nuu,2024-06-27T17:34:03,Intimate Inducement (red),1,0
442,Nuu,2024-06-27T17:34:03,Mind's Desire (red),1,0
442,Nuu,2024-06-27T17:34:03,Pick to Pieces (red),1,0
442,Nuu,2024-06-27T17:34:03,Battlefront Bastion (yellow),1,0
442,Nuu,2024-06-27T17:34:03,Desires of Flesh (yellow),1,0
442,Nuu,2024-06-27T17:34:03,Hiss (yellow),1,0
442,Nuu,2024-06-27T17:34:03,Intimate Inducement (yellow),1,0
442,Nuu,2024-06-27T17:34:03,Mind's Desire (yellow),1,0
442,Nuu,2024-06-27T17:34:03,Pick to Pieces (yellow),1,0
442,Nuu,2024-06-27T17:34:03,Venomous Bite (yellow),1,0
442,Nuu,2024-06-27T17:34:03,Water the Seeds (yellow),1,0
442,Nuu,2024-06-27T17:34:03,Wounding Blow (yellow),1,0
442,Nuu,2024-06-27T17:34:03,A Drop in the Ocean (blue),1,0
442,Nuu,2024-06-27T17:34:03,Art of Desire: Mind (blue),1,0
442,Nuu,2024-06-27T17:34:03,Bonds of Agony (blue),1,0
442,Nuu,2024-06-27T17:34:03,Bonds of Memory (blue),2,0
442,Nuu,2024-06-27T17:34:03,Desires of Flesh (blue),3,0
442,Nuu,2024-06-27T17:34:03,Fact-Finding Mission (blue),1,0
442,Nuu,2024-06-27T17:34:03,First Tenet of Chi: Tide (blue),1,0
442,Nuu,2024-06-27T17:34:03,Hiss (blue),1,0
442,Nuu,2024-06-27T17:34:03,Mind's Desire (blue),1,0
442,Nuu,2024-06-27T17:34:03,Path Well Traveled (blue),1,0
442,Nuu,2024-06-27T17:34:03,"Rising Sun, Setting Moon (blue)",1,0
442,Nuu,2024-06-27T17:34:03,Wash Away (blue),1,0
442,Nuu,2024-06-27T17:34:03,Heirloom of Snake Hide,1,1
442,Nuu,2024-06-27T17:34:03,Undertow Stilettos,1,1
442,Nuu,2024-06-27T17:34:03,Waves of Aqua Marine,1,1
443,Nuu,2024-06-27T20:11:04,Bonds of Attraction (red),1,0
443,Nuu,2024-06-27T20:11:04,Desires of Flesh (red),2,0
443,Nuu,2024-06-27T20:11:04,Evasive Leap (red),1,0
443,Nuu,2024-06-27T20:11:04,Impulsive Desire (red),1,0
443,Nuu,2024-06-27T20:11:04,Intimate Inducement (red),4,0
443,Nuu,2024-06-27T20:11:04,Pick to Pieces (red),1,0
443,Nuu,2024-06-27T20:11:04,Siren's Call (red),1,0
443,Nuu,2024-06-27T20:11:04,Bonds of Memory (yellow),1,0
443,Nuu,2024-06-27T20:11:04,Desires of Flesh (yellow),1,0
443,Nuu,2024-06-27T20:11:04,Double Trouble (yellow),1,0
443,Nuu,2024-06-27T20:11:04,Evasive Leap (yellow),2,0
443,Nuu,2024-06-27T20:11:04,Mind's Desire (yellow),2,0
443,Nuu,2024-06-27T20:11:04,Nimble Strike (yellow),1,0
443,Nuu,2024-06-27T20:11:04,Pick to Pieces (yellow),1,0
443,Nuu,2024-06-27T20:11:04,Venomous Bite (yellow),1,0
443,Nuu,2024-06-27T20:11:04,Battlefront Bastion (blue),1,0
443,Nuu,2024-06-27T20:11:04,Big Blue Sky (blue),1,0
443,Nuu,2024-06-27T20:11:04,Desires of Flesh (blue),1,0
443,Nuu,2024-06-27T20:11:04,Evasive Leap (blue),2,0
443,Nuu,2024-06-27T20:11:04,Gravekeeping (blue),1,0
443,Nuu,2024-06-27T20:11:04,Hiss (blue),1,0
443,Nuu,2024-06-27T20:11:04,Impulsive Desire (blue),1,0
443,Nuu,2024-06-27T20:11:04,Intimate Inducement (blue),1,0
443,Nuu,2024-06-27T20:11:04,Mind's Desire (blue),1,0
443,Nuu,2024-06-27T20:11:04,Nimble Strike (blue),1,0
443,Nuu,2024-06-27T20:11:04,Pass Over (blue),2,0
443,Nuu,2024-06-27T20:11:04,"Rising Sun, Setting Moon (blue)",1,0
443,Nuu,2024-06-27T20:11:04,Aqua Seeing Shell,1,1
443,Nuu,2024-06-27T20:11:04,Arousing Wave,1,1
443,Nuu,2024-06-27T20:11:04,Undertow Stilettos,1,1
444,Nuu,2024-06-27T23:17:51,Art of Desire: Body (red),2,0
444,Nuu,2024-06-27T23:17:51,Bonds of Memory (red),3,0
444,Nuu,2024-06-27T23:17:51,Desires of Flesh (red),1,0
444,Nuu,2024-06-27T23:17:51,Double Trouble (red),1,0
444,Nuu,2024-06-27T23:17:51,Emissary of Wind (red),1,0
444,Nuu,2024-06-27T23:17:51,Evasive Leap (red),1,0
444,Nuu,2024-06-27T23:17:51,Hiss (red),1,0
444,Nuu,2024-06-27T23:17:51,Impulsive Desire (red),1,0
444,Nuu,2024-06-27T23:17:51,Pick to Pieces (red),1,0
444,Nuu,2024-06-27T23:17:51,Venomous Bite (red),1,0
444,Nuu,2024-06-27T23:17:51,Water the Seeds (red),1,0
444,Nuu,2024-06-27T23:17:51,Wounding Blow (red),1,0
444,Nuu,2024-06-27T23:17:51,Battlefront Bastion (yellow),1,0
444,Nuu,2024-06-27T23:17:51,Bonds of Attraction (yellow),1,0
444,Nuu,2024-06-27T23:17:51,Bonds of Memory (yellow),1,0
444,Nuu,2024-06-27T23:17:51,Gravekeeping (yellow),1,0
444,Nuu,2024-06-27T23:17:51,Intimate Inducement (yellow),2,0
444,Nuu,2024-06-27T23:17:51,Venomous Bite (yellow),1,0
444,Nuu,2024-06-27T23:17:51,Wounding Blow (yellow),1,0
444,Nuu,2024-06-27T23:17:51,Bonds of Attraction (blue),1,0
444,Nuu,2024-06-27T23:17:51,Bonds of Memory (blue),1,0
444,Nuu,2024-06-27T23:17:51,Desires of Flesh (blue),1,0
444,Nuu,2024-06-27T23:17:51,First Tenet of Chi: Moon (blue),1,0
444,Nuu,2024-06-27T23:17:51,First Tenet of Chi: Tide (blue),1,0
444,Nuu,2024-06-27T23:17:51,Gravekeeping (blue),1,0
444,Nuu,2024-06-27T23:17:51,Homage to Ancestors (blue),1,0
444,Nuu,2024-06-27T23:17:51,Impulsive Desire (blue),1,0
444,Nuu,2024-06-27T23:17:51,Mind's Desire (blue),1,0
444,Nuu,2024-06-27T23:17:51,Pass Over (blue),1,0
444,Nuu,2024-06-27T23:17:51,Pick to Pieces (blue),1,0
444,Nuu,2024-06-27T23:17:51,The Grain that Tips the Scale (blue),1,0
444,Nuu,2024-06-27T23:17:51,Water the Seeds (blue),1,0
444,Nuu,2024-06-27T23:17:51,Aqua Seeing Shell,1,1
444,Nuu,2024-06-27T23:17:51,Heirloom of Snake Hide,1,1
444,Nuu,2024-06-27T23:17:51,Skyhold Keikoi,1,1
445,Zen,2024-06-28T05:43:38,Battlefront Bastion (red),1,0
445,Zen,2024-06-28T05:43:38,Companion of the Claw (red),1,0
445,Zen,2024-06-28T05:43:38,Gravekeeping (red),1,0
445,Zen,2024-06-28T05:43:38,Harmony of the Hunt (red),2,0
445,Zen,2024-06-28T05:43:38,Nimblism (red),1,0
445,Zen,2024-06-28T05:43:38,Pouncing Qi (red),1,0
445,Zen,2024-06-28T05:43:38,Tiger Form Incantation (red),2,0
445,Zen,2024-06-28T05:43:38,Untamed (red),3,0
445,Zen,2024-06-28T05:43:38,Pouncing Qi (yellow),1,0
445,Zen,2024-06-28T05:43:38,Untamed (yellow),1,0
445,Zen,2024-06-28T05:43:38,Aspect of Tiger: Mind (blue),1,0
445,Zen,2024-06-28T05:43:38,Biting Breeze (blue),3,0
445,Zen,2024-06-28T05:43:38,Breed Anger (blue),2,0
445,Zen,2024-06-28T05:43:38,Companion of the Claw (blue),2,0
445,Zen,2024-06-28T05:43:38,Deep Blue Sea (blue),1,0
445,Zen,2024-06-28T05:43:38,Droplet (blue),1,0
445,Zen,2024-06-28T05:43:38,First Tenet of Chi: Wind (blue),1,0
445,Zen,2024-06-28T05:43:38,Gravekeeping (blue),1,0
445,Zen,2024-06-28T05:43:38,Harmony of the Hunt (blue),2,0
445,Zen,2024-06-28T05:43:38,Nimble Strike (blue),1,0
445,Zen,2024-06-28T05:43:38,Pass Over (blue),1,0
445,Zen,2024-06-28T05:43:38,Path Well Traveled (blue),1,0
445,Zen,2024-06-28T05:43:38,Preserve Tradition (blue),1,0
445,Zen,2024-06-28T05:43:38,Second Tenet of Chi: Wind (blue),1,0
445,Zen,2024-06-28T05:43:38,Tiger Form Incantation (blue),1,0
445,Zen,2024-06-28T05:43:38,Untamed (blue),2,0
445,Zen,2024-06-28T05:43:38,Wounding Blow (blue),1,0
445,Zen,2024-06-28T05:43:38,Aqua Seeing Shell,1,1
445,Zen,2024-06-28T05:43:38,Skyhold Keikoi,1,1
445,Zen,2024-06-28T05:43:38,Stride of Reprisal,1,1
446,Zen,2024-06-28T07:36:01,Breed Anger (red),1,0
446,Zen,2024-06-28T07:36:01,Companion of the Claw (red),2,0
446,Zen,2024-06-28T07:36:01,Flex Claws (red),1,0
446,Zen,2024-06-28T07:36:01,Gravekeeping (red),1,0
446,Zen,2024-06-28T07:36:01,Harmony of the Hunt (red),1,0
446,Zen,2024-06-28T07:36:01,Nimble Strike (red),1,0
446,Zen,2024-06-28T07:36:01,The Weakest Link (red),1,0
446,Zen,2024-06-28T07:36:01,Untamed (red),2,0
446,Zen,2024-06-28T07:36:01,Wind Chakra (red),1,0
446,Zen,2024-06-28T07:36:01,Aspect of Tiger: Soul (yellow),1,0
446,Zen,2024-06-28T07:36:01,Battlefront Bastion (yellow),1,0
446,Zen,2024-06-28T07:36:01,Breed Anger (yellow),2,0
446,Zen,2024-06-28T07:36:01,Untamed (yellow),1,0
446,Zen,2024-06-28T07:36:01,Wind Chakra (yellow),2,0
446,Zen,2024-06-28T07:36:01,Aspect of Tiger: Mind (blue),2,0
446,Zen,2024-06-28T07:36:01,Biting Breeze (blue),1,0
446,Zen,2024-06-28T07:36:01,Blessing of Qi (blue),1,0
446,Zen,2024-06-28T07:36:01,Companion of the Claw (blue),2,0
446,Zen,2024-06-28T07:36:01,First Tenet of Chi: Tide (blue),1,0
446,Zen,2024-06-28T07:36:01,First Tenet of Chi: Wind (blue),1,0
446,Zen,2024-06-28T07:36:01,Harmony of the Hunt (blue),1,0
446,Zen,2024-06-28T07:36:01,Pouncing Qi (blue),2,0
446,Zen,2024-06-28T07:36:01,Preserve Tradition (blue),1,0
446,Zen,2024-06-28T07:36:01,Spillover (blue),1,0
446,Zen,2024-06-28T07:36:01,Stir the Pot (blue),1,0
446,Zen,2024-06-28T07:36:01,Tiger Form Incantation (blue),1,0
446,Zen,2024-06-28T07:36:01,Water the Seeds (blue),1,0
446,Zen,2024-06-28T07:36:01,Wide Blue Yonder (blue),1,0
446,Zen,2024-06-28T07:36:01,Mask of Wizened Whiskers,1,1
446,Zen,2024-06-28T07:36:01,Skyhold Keikoi,1,1
446,Zen,2024-06-28T07:36:01,Stride of Reprisal,1,1
447,Nuu,2024-06-28T12:09:21,Bonds of Memory (red),1,0
447,Nuu,2024-06-28T12:09:21,Fact-Finding Mission (red),1,0
447,Nuu,2024-06-28T12:09:21,Hiss (red),2,0
447,Nuu,2024-06-28T12:09:21,Impulsive Desire (red),1,0
447,Nuu,2024-06-28T12:09:21,Nimble Strike (red),1,0
447,Nuu,2024-06-28T12:09:21,Venomous Bite (red),1,0
447,Nuu,2024-06-28T12:09:21,Battlefront Bastion (yellow),1,0
447,Nuu,2024-06-28T12:09:21,Cracked Bauble (yellow),2,0
447,Nuu,2024-06-28T12:09:21,Double Trouble (yellow),1,0
447,Nuu,2024-06-28T12:09:21,Gravekeeping (yellow),1,0
447,Nuu,2024-06-28T12:09:21,Intimate Inducement (yellow),1,0
447,Nuu,2024-06-28T12:09:21,Pick to Pieces (yellow),2,0
447,Nuu,2024-06-28T12:09:21,Water the Seeds (yellow),1,0
447,Nuu,2024-06-28T12:09:21,A Drop in the Ocean (blue),1,0
447,Nuu,2024-06-28T12:09:21,Double Trouble (blue),1,0
447,Nuu,2024-06-28T12:09:21,First Tenet of Chi: Moon (blue),1,0
447,Nuu,2024-06-28T12:09:21,First Tenet of Chi: Tide (blue),1,0
447,Nuu,2024-06-28T12:09:21,Hiss (blue),1,0
447,Nuu,2024-06-28T12:09:21,Levels of Enlightenment (blue),1,0
447,Nuu,2024-06-28T12:09:21,Mind's Desire (blue),2,0
447,Nuu,2024-06-28T12:09:21,Nimblism (blue),2,0
447,Nuu,2024-06-28T12:09:21,Path Well Traveled (blue),1,0
447,Nuu,2024-06-28T12:09:21,Pick to Pieces (blue),1,0
447,Nuu,2024-06-28T12:09:21,Sacred Art: Undercurrent Desires (blue),1,0
447,Nuu,2024-06-28T12:09:21,Venomous Bite (blue),1,0
447,Nuu,2024-06-28T12:09:21,Aqua Laps,1,1
447,Nuu,2024-06-28T12:09:21,Koi Blessed Kimono,1,1
447,Nuu,2024-06-28T12:09:21,Waves of Aqua Marine,1,1
448,Nuu,2024-06-28T17:46:18,Art of Desire: Body (red),1,0
448,Nuu,2024-06-28T17:46:18,Desires of Flesh (red),1,0
448,Nuu,2024-06-28T17:46:18,Hiss (red),1,0
448,Nuu,2024-06-28T17:46:18,Impulsive Desire (red),2,0
448,Nuu,2024-06-28T17:46:18,Intimate Inducement (red),2,0
448,Nuu,2024-06-28T17:46:18,Mind's Desire (red),2,0
448,Nuu,2024-06-28T17:46:18,Nimble Strike (red),1,0
448,Nuu,2024-06-28T17:46:18,Pick to Pieces (red),1,0
448,Nuu,2024-06-28T17:46:18,Tide Chakra (red),1,0
448,Nuu,2024-06-28T17:46:18,Venomous Bite (red),2,0
448,Nuu,2024-06-28T17:46:18,Hiss (yellow),2,0
448,Nuu,2024-06-28T17:46:18,Mind's Desire (yellow),1,0
448,Nuu,2024-06-28T17:46:18,Pick to Pieces (yellow),1,0
448,Nuu,2024-06-28T17:46:18,Venomous Bite (yellow),2,0
448,Nuu,2024-06-28T17:46:18,Bonds of Memory (blue),2,0
448,Nuu,2024-06-28T17:46:18,Desires of Flesh (blue),1,0
448,Nuu,2024-06-28T17:46:18,First Tenet of Chi: Wind (blue),2,0
448,Nuu,2024-06-28T17:46:18,Hiss (blue),1,0
448,Nuu,2024-06-28T17:46:18,Homage to Ancestors (blue),1,0
448,Nuu,2024-06-28T17:46:18,Impulsive Desire (blue),2,0
448,Nuu,2024-06-28T17:46:18,Intimate Inducement (blue),1,0
448,Nuu,2024-06-28T17:46:18,Mind's Desire (blue),1,0
448,Nuu,2024-06-28T17:46:18,Pick to Pieces (blue),2,0
448,Nuu,2024-06-28T17:46:18,The Grain that Tips the Scale (blue),1,0
448,Nuu,2024-06-28T17:46:18,Venomous Bite (blue),2,0
448,Nuu,2024-06-28T17:46:18,Arousing Wave,1,1
448,Nuu,2024-06-28T17:46:18,Koi Blessed Kimono,1,1
448,Nuu,2024-06-28T17:46:18,Skycrest Keikoi,1,1
448,Nuu,2024-06-28T17:46:18,Undertow Stilettos,1,1
449,Enigma,2024-06-28T19:53:23,Battlefront Bastion (red),1,0
449,Enigma,2024-06-28T19:53:23,Evasive Leap (red),1,0
449,Enigma,2024-06-28T19:53:23,Single Minded Determination (red),2,0
449,Enigma,2024-06-28T19:53:23,Spectral Manifestations (red),1,0
449,Enigma,2024-06-28T19:53:23,Vengeful Apparition (red),1,0
449,Enigma,2024-06-28T19:53:23,Waning Vengeance (red),2,0
449,Enigma,2024-06-28T19:53:23,Waxing Specter (red),1,0
449,Enigma,2024-06-28T19:53:23,Battlefront Bastion (yellow),1,0
449,Enigma,2024-06-28T19:53:23,Essence of Ancestry: Soul (yellow),1,0
449,Enigma,2024-06-28T19:53:23,Moon Chakra (yellow),2,0
449,Enigma,2024-06-28T19:53:23,A Drop in the Ocean (blue),2,0
449,Enigma,2024-06-28T19:53:23,Astral Etchings (blue),1,0
449,Enigma,2024-06-28T19:53:23,Big Blue Sky (blue),1,0
449,Enigma,2024-06-28T19:53:23,Cosmic Awakening (blue),1,0
449,Enigma,2024-06-28T19:53:23,First Tenet of Chi: Moon (blue),2,0
449,Enigma,2024-06-28T19:53:23,First Tenet of Chi: Wind (blue),1,0
449,Enigma,2024-06-28T19:53:23,Preserve Tradition (blue),1,0
449,Enigma,2024-06-28T19:53:23,Second Tenet of Chi: Moon (blue),1,0
449,Enigma,2024-06-28T19:53:23,Sigil of Solitude (blue),1,0
449,Enigma,2024-06-28T19:53:23,Single Minded Determination (blue),2,0
449,Enigma,2024-06-28T19:53:23,Solitary Companion (blue),1,0
449,Enigma,2024-06-28T19:53:23,Spectral Manifestations (blue),1,0
449,Enigma,2024-06-28T19:53:23,Stir the Pot (blue),1,0
449,Enigma,2024-06-28T19:53:23,Vengeful Apparition (blue),1,0
449,Enigma,2024-06-28T19:53:23,Waning Vengeance (blue),1,0
449,Enigma,2024-06-28T19:53:23,Wash Away (blue),3,0
449,Enigma,2024-06-28T19:53:23,Koi Blessed Kimono,1,1
449,Enigma,2024-06-28T19:53:23,Truths Retold,1,1
449,Enigma,2024-06-28T19:53:23,Uphold Tradition,1,1
450,Zen,2024-06-28T21:17:09,Battlefront Bastion (red),1,0
450,Zen,2024-06-28T21:17:09,Biting Breeze (red),2,0
450,Zen,2024-06-28T21:17:09,Breed Anger (red),1,0
450,Zen,2024-06-28T21:17:09,Harmony of the Hunt (red),2,0
450,Zen,2024-06-28T21:17:09,Nimble Strike (red),1,0
450,Zen,2024-06-28T21:17:09,Tiger Form Incantation (red),2,0
450,Zen,2024-06-28T21:17:09,Untamed (red),1,0
450,Zen,2024-06-28T21:17:09,Biting Breeze (yellow),2,0
450,Zen,2024-06-28T21:17:09,Blessing of Qi (yellow),1,0
450,Zen,2024-06-28T21:17:09,Nimble Strike (yellow),1,0
450,Zen,2024-06-28T21:17:09,Nimblism (yellow),1,0
450,Zen,2024-06-28T21:17:09,Pouncing Qi (yellow),1,0
450,Zen,2024-06-28T21:17:09,Qi Unleashed (yellow),1,0
450,Zen,2024-06-28T21:17:09,Untamed (yellow),1,0
450,Zen,2024-06-28T21:17:09,Wounding Blow (yellow),1,0
450,Zen,2024-06-28T21:17:09,Biting Breeze (blue),1,0
450,Zen,2024-06-28T21:17:09,Breed Anger (blue),1,0
450,Zen,2024-06-28T21:17:09,Droplet (blue),2,0
450,Zen,2024-06-28T21:17:09,Fact-Finding Mission (blue),1,0
450,Zen,2024-06-28T21:17:09,Flex Claws (blue),2,0
450,Zen,2024-06-28T21:17:09,Gravekeeping (blue),1,0
450,Zen,2024-06-28T21:17:09,Harmony of the Hunt (blue),2,0
450,Zen,2024-06-28T21:17:09,Nimblism (blue),1,0
450,Zen,2024-06-28T21:17:09,Pass Over (blue),1,0
450,Zen,2024-06-28T21:17:09,Pouncing Qi (blue),1,0
450,Zen,2024-06-28T21:17:09,Preserve Tradition (blue),1,0
450,Zen,2024-06-28T21:17:09,Qi Unleashed (blue),1,0
450,Zen,2024-06-28T21:17:09,Rising Tide (blue),1,0
450,Zen,2024-06-28T21:17:09,Untamed (blue),1,0
450,Zen,2024-06-28T21:17:09,Aqua Laps,1,1
450,Zen,2024-06-28T21:17:09,Aqua Seeing Shell,1,1
450,Zen,2024-06-28T21:17:09,Heirloom of Tiger Hide,1,1
450,Zen,2024-06-28T21:17:09,Waves of Aqua Marine,1,1
451,Nuu,2024-06-28T22:49:20,Double Trouble (red),2,0
451,Nuu,2024-06-28T22:49:20,Evasive Leap (red),1,0
451,Nuu,2024-06-28T22:49:20,Fact-Finding Mission (red),1,0
451,Nuu,2024-06-28T22:49:20,Intimate Inducement (red),1,0
451,Nuu,2024-06-28T22:49:20,Pick to Pieces (red),1,0
451,Nuu,2024-06-28T22:49:20,Venomous Bite (red),1,0
451,Nuu,2024-06-28T22:49:20,Battlefront Bastion (yellow),1,0
451,Nuu,2024-06-28T22:49:20,Desires of Flesh (yellow),1,0
451,Nuu,2024-06-28T22:49:20,Fact-Finding Mission (yellow),1,0
451,Nuu,2024-06-28T22:49:20,Intimate Inducement (yellow),2,0
451,Nuu,2024-06-28T22:49:20,Bonds of Memory (blue),1,0
451,Nuu,2024-06-28T22:49:20,Cosmic Awakening (blue),1,0
451,Nuu,2024-06-28T22:49:20,Double Trouble (blue),1,0
451,Nuu,2024-06-28T22:49:20,Droplet (blue),1,0
451,Nuu,2024-06-28T22:49:20,Impulsive Desire (blue),2,0
451,Nuu,2024-06-28T22:49:20,Pass Over (blue),1,0
451,Nuu,2024-06-28T22:49:20,Path Well Traveled (blue),1,0
451,Nuu,2024-06-28T22:49:20,Preserve Tradition (blue),1,0
451,Nuu,2024-06-28T22:49:20,Rising Tide (blue),2,0
451,Nuu,2024-06-28T22:49:20,Second Tenet of Chi: Wind (blue),1,0
451,Nuu,2024-06-28T22:49:20,Tidal Surge (blue),3,0
451,Nuu,2024-06-28T22:49:20,Venomous Bite (blue),1,0
451,Nuu,2024-06-28T22:49:20,Water the Seeds (blue),2,0
451,Nuu,2024-06-28T22:49:20,Wounding Blow (blue),1,0
451,Nuu,2024-06-28T22:49:20,Arousing Wave,1,1
451,Nuu,2024-06-28T22:49:20,Koi Blessed Kimono,1,1
451,Nuu,2024-06-28T22:49:20,Undertow Stilettos,1,1
452,Zen,2024-06-29T01:49:39,Battlefront Bastion (red),1,0
452,Zen,2024-06-29T01:49:39,Blessing of Qi (red),1,0
452,Zen,2024-06-29T01:49:39,Companion of the Claw (red),1,0
452,Zen,2024-06-29T01:49:39,Fact-Finding Mission (red),1,0
452,Zen,2024-06-29T01:49:39,Flex Claws (red),1,0
452,Zen,2024-06-29T01:49:39,Harmony of the Hunt (red),1,0
452,Zen,2024-06-29T01:49:39,Pouncing Qi (red),1,0
452,Zen,2024-06-29T01:49:39,Tiger Form Incantation (red),1,0
452,Zen,2024-06-29T01:49:39,Untamed (red),2,0
452,Zen,2024-06-29T01:49:39,Battlefront Bastion (yellow),1,0
452,Zen,2024-06-29T01:49:39,Biting Breeze (yellow),1,0
452,Zen,2024-06-29T01:49:39,Companion of the Claw (yellow),1,0
452,Zen,2024-06-29T01:49:39,Maul (yellow),1,0
452,Zen,2024-06-29T01:49:39,Pouncing Qi (yellow),2,0
452,Zen,2024-06-29T01:49:39,Qi Unleashed (yellow),1,0
452,Zen,2024-06-29T01:49:39,Biting Breeze (blue),1,0
452,Zen,2024-06-29T01:49:39,Blessing of Qi (blue),1,0
452,Zen,2024-06-29T01:49:39,Breed Anger (blue),1,0
452,Zen,2024-06-29T01:49:39,Companion of the Claw (blue),4,0
452,Zen,2024-06-29T01:49:39,First Tenet of Chi: Moon (blue),1,0
452,Zen,2024-06-29T01:49:39,Path Well Traveled (blue),1,0
452,Zen,2024-06-29T01:49:39,Preserve Tradition (blue),1,0
452,Zen,2024-06-29T01:49:39,Second Tenet of Chi: Moon (blue),1,0
452,Zen,2024-06-29T01:49:39,Spillover (blue),1,0
452,Zen,2024-06-29T01:49:39,The Grain that Tips the Scale (blue),1,0
452,Zen,2024-06-29T01:49:39,Tiger Form Incantation (blue),2,0
452,Zen,2024-06-29T01:49:39,Untamed (blue),1,0
452,Zen,2024-06-29T01:49:39,Wash Away (blue),1,0
452,Zen,2024-06-29T01:49:39,Wounding Blow (blue),1,0
452,Zen,2024-06-29T01:49:39,Heirloom of Tiger Hide,1,1
452,Zen,2024-06-29T01:49:39,Stride of Reprisal,1,1
453,Nuu,2024-06-30T07:39:19,Bonds of Attraction (red),1,0
453,Nuu,2024-06-30T07:39:19,Bonds of Memory (red),2,0
453,Nuu,2024-06-30T07:39:19,Desires of Flesh (red),2,0
453,Nuu,2024-06-30T07:39:19,Emissary of Tides (red),1,0
453,Nuu,2024-06-30T07:39:19,Hiss (red),2,0
453,Nuu,2024-06-30T07:39:19,Impulsive Desire (red),1,0
453,Nuu,2024-06-30T07:39:19,Just a Nick (red),1,0
453,Nuu,2024-06-30T07:39:19,Mind's Desire (red),2,0
453,Nuu,2024-06-30T07:39:19,Venomous Bite (red),1,0
453,Nuu,2024-06-30T07:39:19,Art of Desire: Soul (yellow),1,0
453,Nuu,2024-06-30T07:39:19,Double Trouble (yellow),1,0
453,Nuu,2024-06-30T07:39:19,Bonds of Attraction (blue),1,0
453,Nuu,2024-06-30T07:39:19,Droplet (blue),1,0
453,Nuu,2024-06-30T07:39:19,Gravekeeping (blue),1,0
453,Nuu,2024-06-30T07:39:19,Intimate Inducement (blue),2,0
453,Nuu,2024-06-30T07:39:19,Nimblism (blue),1,0
453,Nuu,2024-06-30T07:39:19,Pass Over (blue),1,0
453,Nuu,2024-06-30T07:39:19,Persuasive Prognosis (blue),1,0
453,Nuu,2024-06-30T07:39:19,Pick to Pieces (blue),3,0
453,Nuu,2024-06-30T07:39:19,"Rising Sun, Setting Moon (blue)",1,0
453,Nuu,2024-06-30T07:39:19,Spillover (blue),1,0
453,Nuu,2024-06-30T07:39:19,The Grain that Tips the Scale (blue),1,0
453,Nuu,2024-06-30T07:39:19,Tidal Surge (blue),1,0
453,Nuu,2024-06-30T07:39:19,Koi Blessed Kimono,1,1
453,Nuu,2024-06-30T07:39:19,Skybody Keikoi,1,1
453,Nuu,2024-06-30T07:39:19,Waves of Aqua Marine,1,1
454,Nuu,2024-06-30T14:52:45,Art of Desire: Body (red),1,0
454,Nuu,2024-06-30T14:52:45,Blanch (red),1,0
454,Nuu,2024-06-30T14:52:45,Intimate Inducement (red),1,0
454,Nuu,2024-06-30T14:52:45,Mind's Desire (red),2,0
454,Nuu,2024-06-30T14:52:45,Pick to Pieces (red),2,0
454,Nuu,2024-06-30T14:52:45,Tide Chakra (red),1,0
454,Nuu,2024-06-30T14:52:45,Venomous Bite (red),4,0
454,Nuu,2024-06-30T14:52:45,Art of Desire: Soul (yellow),1,0
454,Nuu,2024-06-30T14:52:45,Desires of Flesh (yellow),1,0
454,Nuu,2024-06-30T14:52:45,Pick to Pieces (yellow),1,0
454,Nuu,2024-06-30T14:52:45,Art of Desire: Mind (blue),1,0
454,Nuu,2024-06-30T14:52:45,Bonds of Agony (blue),1,0
454,Nuu,2024-06-30T14:52:45,Desires of Flesh (blue),2,0
454,Nuu,2024-06-30T14:52:45,Double Trouble (blue),1,0
454,Nuu,2024-06-30T14:52:45,First Tenet of Chi: Tide (blue),1,0
454,Nuu,2024-06-30T14:52:45,Gravekeeping (blue),1,0
454,Nuu,2024-06-30T14:52:45,Hiss (blue),1,0
454,Nuu,2024-06-30T14:52:45,Impulsive Desire (blue),1,0
454,Nuu,2024-06-30T14:52:45,Intimate Inducement (blue),1,0
454,Nuu,2024-06-30T14:52:45,Mind's Desire (blue),2,0
454,Nuu,2024-06-30T14:52:45,Path Well Traveled (blue),2,0
454,Nuu,2024-06-30T14:52:45,Pick to Pieces (blue),3,0
454,Nuu,2024-06-30T14:52:45,Preserve Tradition (blue),1,0
454,Nuu,2024-06-30T14:52:45,Spillover (blue),1,0
454,Nuu,2024-06-30T14:52:45,Tidal Surge (blue),1,0
454,Nuu,2024-06-30T14:52:45,Aqua Seeing Shell,1,1
454,Nuu,2024-06-30T14:52:45,Undertow Stilettos,1,1
455,Zen,2024-06-30T17:12:59,Aspect of Tiger: Body (red),1,0
455,Zen,2024-06-30T17:12:59,Biting Breeze (red),2,0
455,Zen,2024-06-30T17:12:59,Breed Anger (red),1,0
455,Zen,2024-06-30T17:12:59,Emissary of Moon (red),1,0
455,Zen,2024-06-30T17:12:59,Flex Claws (red),1,0
455,Zen,2024-06-30T17:12:59,Harmony of the Hunt (red),1,0
455,Zen,2024-06-30T17:12:59,Pouncing Qi (red),1,0
455,Zen,2024-06-30T17:12:59,Tooth and Claw (red),1,0
455,Zen,2024-06-30T17:12:59,Untamed (red),1,0
455,Zen,2024-06-30T17:12:59,Biting Breeze (yellow),1,0
455,Zen,2024-06-30T17:12:59,Flex Claws (yellow),1,0
455,Zen,2024-06-30T17:12:59,Harmony of the Hunt (yellow),1,0
455,Zen,2024-06-30T17:12:59,Nimblism (yellow),1,0
455,Zen,2024-06-30T17:12:59,Pouncing Qi (yellow),1,0
455,Zen,2024-06-30T17:12:59,Wind Chakra (yellow),1,0
455,Zen,2024-06-30T17:12:59,Battlefront Bastion (blue),1,0
455,Zen,2024-06-30T17:12:59,Biting Breeze (blue),2,0
455,Zen,2024-06-30T17:12:59,Breed Anger (blue),1,0
455,Zen,2024-06-30T17:12:59,Droplet (blue),1,0
455,Zen,2024-06-30T17:12:59,Evasive Leap (blue),1,0
455,Zen,2024-06-30T17:12:59,First Tenet of Chi: Moon (blue),1,0
455,Zen,2024-06-30T17:12:59,Flex Claws (blue),2,0
455,Zen,2024-06-30T17:12:59,Nimblism (blue),1,0
455,Zen,2024-06-30T17:12:59,Pouncing Qi (blue),2,0
455,Zen,2024-06-30T17:12:59,Qi Unleashed (blue),1,0
455,Zen,2024-06-30T17:12:59,Rising Tide (blue),1,0
455,Zen,2024-06-30T17:12:59,Tiger Form Incantation (blue),2,0
455,Zen,2024-06-30T17:12:59,Untamed (blue),1,0
455,Zen,2024-06-30T17:12:59,Wind Chakra (blue),1,0
455,Zen,2024-06-30T17:12:59,Wounding Blow (blue),1,0
455,Zen,2024-06-30T17:12:59,Mask of Wizened Whiskers,1,1
455,Zen,2024-06-30T17:12:59,Skybody Keikoi,1,1
455,Zen,2024-06-30T17:12:59,Skywalker Keikoi,1,1
455,Zen,2024-06-30T17:12:59,Waves of Aqua Marine,1,1
456,Enigma,2024-06-30T22:50:29,Essence of Ancestry: Body (red),1,0
456,Enigma,2024-06-30T22:50:29,Evasive Leap (red),2,0
456,Enigma,2024-06-30T22:50:29,Haunting Specter (red),1,0
456,Enigma,2024-06-30T22:50:29,Moon Chakra (red),1,0
456,Enigma,2024-06-30T22:50:29,Sigil of Solitude (red),1,0
456,Enigma,2024-06-30T22:50:29,Spectral Manifestations (red),2,0
456,Enigma,2024-06-30T22:50:29,Vengeful Apparition (red),2,0
456,Enigma,2024-06-30T22:50:29,Waning Vengeance (red),2,0
456,Enigma,2024-06-30T22:50:29,Waxing Specter (red),2,0
456,Enigma,2024-06-30T22:50:29,Waxing Specter (yellow),1,0
456,Enigma,2024-06-30T22:50:29,Essence of Ancestry: Mind (blue),1,0
456,Enigma,2024-06-30T22:50:29,First Tenet of Chi: Moon (blue),2,0
456,Enigma,2024-06-30T22:50:29,Haze Shelter (blue),1,0
456,Enigma,2024-06-30T22:50:29,Homage to Ancestors (blue),2,0
456,Enigma,2024-06-30T22:50:29,Moon Chakra (blue),1,0
456,Enigma,2024-06-30T22:50:29,Sigil of Solitude (blue),2,0
456,Enigma,2024-06-30T22:50:29,Single Minded Determination (blue),2,0
456,Enigma,2024-06-30T22:50:29,Spectral Manifestations (blue),2,0
456,Enigma,2024-06-30T22:50:29,Spillover (blue),1,0
456,Enigma,2024-06-30T22:50:29,Stir the Pot (blue),1,0
456,Enigma,2024-06-30T22:50:29,Tidal Surge (blue),1,0
456,Enigma,2024-06-30T22:50:29,Vengeful Apparition (blue),1,0
456,Enigma,2024-06-30T22:50:29,Waning Vengeance (blue),1,0
456,Enigma,2024-06-30T22:50:29,Waxing Specter (blue),1,0
456,Enigma,2024-06-30T22:50:29,Wounding Blow (blue),1,0
456,Enigma,2024-06-30T22:50:29,Aqua Laps,1,1
456,Enigma,2024-06-30T22:50:29,Koi Blessed Kimono,1,1
456,Enigma,2024-06-30T22:50:29,Skybody Keikoi,1,1
456,Enigma,2024-06-30T22:50:29,Truths Retold,1,1
456,Enigma,2024-06-30T22:50:29,Uphold Tradition,1,1
457,Nuu,2024-07-01T17:15:01,Battlefront Bastion (red),1,0
457,Nuu,2024-07-01T17:15:01,Bonds of Memory (red),1,0
457,Nuu,2024-07-01T17:15:01,Desires of Flesh (red),2,0
457,Nuu,2024-07-01T17:15:01,Evasive Leap (red),1,0
457,Nuu,2024-07-01T17:15:01,Gravekeeping (red),1,0
457,Nuu,2024-07-01T17:15:01,Hiss (red),1,0
457,Nuu,2024-07-01T17:15:01,Impulsive Desire (red),2,0
457,Nuu,2024-07-01T17:15:01,Intimate Inducement (red),1,0
457,Nuu,2024-07-01T17:15:01,Mind's Desire (red),1,0
457,Nuu,2024-07-01T17:15:01,Pick to Pieces (red),1,0
457,Nuu,2024-07-01T17:15:01,Bonds of Attraction (yellow),1,0
457,Nuu,2024-07-01T17:15:01,Desires of Flesh (yellow),1,0
457,Nuu,2024-07-01T17:15:01,Double Trouble (yellow),2,0
457,Nuu,2024-07-01T17:15:01,Venomous Bite (yellow),1,0
457,Nuu,2024-07-01T17:15:01,Wounding Blow (yellow),1,0
457,Nuu,2024-07-01T17:15:01,Bonds of Memory (blue),2,0
457,Nuu,2024-07-01T17:15:01,Double Trouble (blue),1,0
457,Nuu,2024-07-01T17:15:01,First Tenet of Chi: Wind (blue),1,0
457,Nuu,2024-07-01T17:15:01,Impulsive Desire (blue),1,0
457,Nuu,2024-07-01T17:15:01,Intimate Inducement (blue),3,0
457,Nuu,2024-07-01T17:15:01,Levels of Enlightenment (blue),1,0
457,Nuu,2024-07-01T17:15:01,Mind's Desire (blue),2,0
457,Nuu,2024-07-01T17:15:01,Path Well Traveled (blue),1,0
457,Nuu,2024-07-01T17:15:01,Preserve Tradition (blue),1,0
457,Nuu,2024-07-01T17:15:01,Rising Tide (blue),1,0
457,Nuu,2024-07-01T17:15:01,Spillover (blue),1,0
457,Nuu,2024-07-01T17:15:01,Aqua Seeing Shell,1,1
457,Nuu,2024-07-01T17:15:01,Heirloom of Snake Hide,1,1
457,Nuu,2024-07-01T17:15:01,Skybody Keikoi,1,1
457,Nuu,2024-07-01T17:15:01,Skywalker Keikoi,1,1
458,Enigma,2024-07-01T18:50:26,Astral Etchings (red),1,0
458,Enigma,2024-07-01T18:50:26,Emissary of Wind (red),1,0
458,Enigma,2024-07-01T18:50:26,Haunting Specter (red),1,0
458,Enigma,2024-07-01T18:50:26,Haze Shelter (red),1,0
458,Enigma,2024-07-01T18:50:26,Nimble Strike (red),1,0
458,Enigma,2024-07-01T18:50:26,Waning Vengeance (red),1,0
458,Enigma,2024-07-01T18:50:26,Waxing Specter (red),1,0
458,Enigma,2024-07-01T18:50:26,Astral Etchings (yellow),1,0
458,Enigma,2024-07-01T18:50:26,Battlefront Bastion (yellow),1,0
458,Enigma,2024-07-01T18:50:26,Fact-Finding Mission (yellow),1,0
458,Enigma,2024-07-01T18:50:26,Spectral Manifestations (yellow),1,0
458,Enigma,2024-07-01T18:50:26,Vengeful Apparition (yellow),1,0
458,Enigma,2024-07-01T18:50:26,Water the Seeds (yellow),1,0
458,Enigma,2024-07-01T18:50:26,A Drop in the Ocean (blue),1,0
458,Enigma,2024-07-01T18:50:26,Astral Etchings (blue),1,0
458,Enigma,2024-07-01T18:50:26,Battlefront Bastion (blue),1,0
458,Enigma,2024-07-01T18:50:26,Essence of Ancestry: Mind (blue),1,0
458,Enigma,2024-07-01T18:50:26,First Tenet of Chi: Moon (blue),2,0
458,Enigma,2024-07-01T18:50:26,"Rising Sun, Setting Moon (blue)",1,0
458,Enigma,2024-07-01T18:50:26,Second Tenet of Chi: Moon (blue),1,0
458,Enigma,2024-07-01T18:50:26,Second Tenet of Chi: Wind (blue),1,0
458,Enigma,2024-07-01T18:50:26,Single Minded Determination (blue),1,0
458,Enigma,2024-07-01T18:50:26,Solitary Companion (blue),2,0
458,Enigma,2024-07-01T18:50:26,Spillover (blue),1,0
458,Enigma,2024-07-01T18:50:26,Stir the Pot (blue),1,0
458,Enigma,2024-07-01T18:50:26,The Grain that Tips the Scale (blue),1,0
458,Enigma,2024-07-01T18:50:26,Tidal Surge (blue),1,0
458,Enigma,2024-07-01T18:50:26,Vengeful Apparition (blue),1,0
458,Enigma,2024-07-01T18:50:26,Waning Vengeance (blue),1,0
458,Enigma,2024-07-01T18:50:26,Waxing Specter (blue),1,0
458,Enigma,2024-07-01T18:50:26,Heirloom of Rabbit Hide,1,1
458,Enigma,2024-07-01T18:50:26,Skybody Keikoi,1,1
458,Enigma,2024-07-01T18:50:26,Skyhold Keikoi,1,1
458,Enigma,2024-07-01T18:50:26,Skywalker Keikoi,1,1
458,Enigma,2024-07-01T18:50:26,Truths Retold,1,1
459,Enigma,2024-07-01T19:44:18,Astral Etchings (red),1,0
459,Enigma,2024-07-01T19:44:18,Essence of Ancestry: Body (red),1,0
459,Enigma,2024-07-01T19:44:18,Evasive Leap (red),1,0
459,Enigma,2024-07-01T19:44:18,Haunting Specter (red),1,0
459,Enigma,2024-07-01T19:44:18,Single Minded Determination (red),2,0
459,Enigma,2024-07-01T19:44:18,Solitary Companion (red),1,0
459,Enigma,2024-07-01T19:44:18,Vengeful Apparition (red),1,0
459,Enigma,2024-07-01T19:44:18,Waxing Specter (red),2,0
459,Enigma,2024-07-01T19:44:18,Astral Etchings (yellow),1,0
459,Enigma,2024-07-01T19:44:18,Battlefront Bastion (yellow),1,0
459,Enigma,2024-07-01T19:44:18,Essence of Ancestry: Soul (yellow),1,0
459,Enigma,2024-07-01T19:44:18,Single Minded Determination (yellow),1,0
459,Enigma,2024-07-01T19:44:18,Spectral Manifestations (yellow),1,0
459,Enigma,2024-07-01T19:44:18,Astral Etchings (blue),1,0
459,Enigma,2024-07-01T19:44:18,Droplet (blue),1,0
459,Enigma,2024-07-01T19:44:18,Essence of Ancestry: Mind (blue),1,0
459,Enigma,2024-07-01T19:44:18,First Tenet of Chi: Moon (blue),1,0
459,Enigma,2024-07-01T19:44:18,Haunting Specter (blue),1,0
459,Enigma,2024-07-01T19:44:18,Haze Shelter (blue),1,0
459,Enigma,2024-07-01T19:44:18,Nimble Strike (blue),1,0
459,Enigma,2024-07-01T19:44:18,Pass Over (blue),1,0
459,Enigma,2024-07-01T19:44:18,Path Well Traveled (blue),1,0
459,Enigma,2024-07-01T19:44:18,Preserve Tradition (blue),1,0
459,Enigma,2024-07-01T19:44:18,Second Tenet of Chi: Moon (blue),1,0
459,Enigma,2024-07-01T19:44:18,Second Tenet of Chi: Tide (blue),1,0
459,Enigma,2024-07-01T19:44:18,Sigil of Solitude (blue),1,0
459,Enigma,2024-07-01T19:44:18,Single Minded Determination (blue),2,0
459,Enigma,2024-07-01T19:44:18,Tidal Surge (blue),1,0
459,Enigma,2024-07-01T19:44:18,Vengeful Apparition (blue),1,0
459,Enigma,2024-07-01T19:44:18,Waning Vengeance (blue),2,0
459,Enigma,2024-07-01T19:44:18,Wash Away (blue),1,0
459,Enigma,2024-07-01T19:44:18,Water the Seeds (blue),1,0
459,Enigma,2024-07-01T19:44:18,Aqua Seeing Shell,1,1
459,Enigma,2024-07-01T19:44:18,Skybody Keikoi,1,1
459,Enigma,2024-07-01T19:44:18,Skywalker Keikoi,1,1
459,Enigma,2024-07-01T19:44:18,Uphold Tradition,1,1
460,Zen,2024-07-02T01:03:56,Biting Breeze (red),1,0
460,Zen,2024-07-02T01:03:56,Breed Anger (red),2,0
460,Zen,2024-07-02T01:03:56,Flex Claws (red),1,0
460,Zen,2024-07-02T01:03:56,Harmony of the Hunt (red),2,0
460,Zen,2024-07-02T01:03:56,Pouncing Qi (red),2,0
460,Zen,2024-07-02T01:03:56,Tiger Form Incantation (red),1,0
460,Zen,2024-07-02T01:03:56,Untamed (red),1,0
460,Zen,2024-07-02T01:03:56,Wounding Blow (red),2,0
460,Zen,2024-07-02T01:03:56,Aspect of Tiger: Soul (yellow),1,0
460,Zen,2024-07-02T01:03:56,Biting Breeze (yellow),1,0
460,Zen,2024-07-02T01:03:56,Evasive Leap (yellow),1,0
460,Zen,2024-07-02T01:03:56,Flex Claws (yellow),1,0
460,Zen,2024-07-02T01:03:56,Harmony of the Hunt (yellow),1,0
460,Zen,2024-07-02T01:03:56,Pouncing Qi (yellow),1,0
460,Zen,2024-07-02T01:03:56,Tiger Form Incantation (yellow),1,0
460,Zen,2024-07-02T01:03:56,A Drop in the Ocean (blue),1,0
460,Zen,2024-07-02T01:03:56,Biting Breeze (blue),2,0
460,Zen,2024-07-02T01:03:56,Breed Anger (blue),1,0
460,Zen,2024-07-02T01:03:56,Companion of the Claw (blue),3,0
460,Zen,2024-07-02T01:03:56,First Tenet of Chi: Wind (blue),2,0
460,Zen,2024-07-02T01:03:56,Homage to Ancestors (blue),1,0
460,Zen,2024-07-02T01:03:56,Pouncing Qi (blue),2,0
460,Zen,2024-07-02T01:03:56,Preserve Tradition (blue),1,0
460,Zen,2024-07-02T01:03:56,Tiger Form Incantation (blue),1,0
460,Zen,2024-07-02T01:03:56,Untamed (blue),1,0
460,Zen,2024-07-02T01:03:56,Water the Seeds (blue),1,0
460,Zen,2024-07-02T01:03:56,Mask of Wizened Whiskers,1,1
460,Zen,2024-07-02T01:03:56,Skybody Keikoi,1,1
460,Zen,2024-07-02T01:03:56,Stride of Reprisal,1,1
461,Enigma,2024-07-02T04:35:19,Battlefront Bastion (red),2,0
461,Enigma,2024-07-02T04:35:19,Emissary of Moon (red),1,0
461,Enigma,2024-07-02T04:35:19,Evasive Leap (red),2,0
461,Enigma,2024-07-02T04:35:19,Nimble Strike (red),1,0
461,Enigma,2024-07-02T04:35:19,Solitary Companion (red),1,0
461,Enigma,2024-07-02T04:35:19,Spectral Manifestations (red),1,0
461,Enigma,2024-07-02T04:35:19,Water the Seeds (red),1,0
461,Enigma,2024-07-02T04:35:19,Haunting Specter (yellow),1,0
461,Enigma,2024-07-02T04:35:19,Single Minded Determination (yellow),1,0
461,Enigma,2024-07-02T04:35:19,Vengeful Apparition (yellow),1,0
461,Enigma,2024-07-02T04:35:19,A Drop in the Ocean (blue),1,0
461,Enigma,2024-07-02T04:35:19,Droplet (blue),3,0
461,Enigma,2024-07-02T04:35:19,Essence of Ancestry: Mind (blue),1,0
461,Enigma,2024-07-02T04:35:19,Fact-Finding Mission (blue),1,0
461,Enigma,2024-07-02T04:35:19,First Tenet of Chi: Moon (blue),1,0
461,Enigma,2024-07-02T04:35:19,First Tenet of Chi: Tide (blue),1,0
461,Enigma,2024-07-02T04:35:19,Path Well Traveled (blue),2,0
461,Enigma,2024-07-02T04:35:19,Rising Tide (blue),1,0
461,Enigma,2024-07-02T04:35:19,Sigil of Solitude (blue),1,0
461,Enigma,2024-07-02T04:35:19,Spillover (blue),1,0
461,Enigma,2024-07-02T04:35:19,Stir the Pot (blue),2,0
461,Enigma,2024-07-02T04:35:19,The Grain that Tips the Scale (blue),1,0
461,Enigma,2024-07-02T04:35:19,Tidal Surge (blue),2,0
461,Enigma,2024-07-02T04:35:19,Wash Away (blue),1,0
461,Enigma,2024-07-02T04:35:19,Aqua Laps,1,1
461,Enigma,2024-07-02T04:35:19,Koi Blessed Kimono,1,1
461,Enigma,2024-07-02T04:35:19,Uphold Tradition,1,1
462,Nuu,2024-07-02T12:35:59,Art of Desire: Body (red),1,0
462,Nuu,2024-07-02T12:35:59,Desires of Flesh (red),3,0
462,Nuu,2024-07-02T12:35:59,Fact-Finding Mission (red),1,0
462,Nuu,2024-07-02T12:35:59,Intimate Inducement (red),2,0
462,Nuu,2024-07-02T12:35:59,Mind's Desire (red),1,0
462,Nuu,2024-07-02T12:35:59,Pick to Pieces (red),2,0
462,Nuu,2024-07-02T12:35:59,Tide Chakra (red),1,0
462,Nuu,2024-07-02T12:35:59,Water the Seeds (red),1,0
462,Nuu,2024-07-02T12:35:59,Evasive Leap (yellow),1,0
462,Nuu,2024-07-02T12:35:59,Hiss (yellow),1,0
462,Nuu,2024-07-02T12:35:59,Impulsive Desire (yellow),2,0
462,Nuu,2024-07-02T12:35:59,Art of Desire: Mind (blue),1,0
462,Nuu,2024-07-02T12:35:59,Bonds of Memory (blue),1,0
462,Nuu,2024-07-02T12:35:59,First Tenet of Chi: Moon (blue),1,0
462,Nuu,2024-07-02T12:35:59,First Tenet of Chi: Tide (blue),1,0
462,Nuu,2024-07-02T12:35:59,Gravekeeping (blue),1,0
462,Nuu,2024-07-02T12:35:59,Homage to Ancestors (blue),2,0
462,Nuu,2024-07-02T12:35:59,Intimate Inducement (blue),1,0
462,Nuu,2024-07-02T12:35:59,Mind's Desire (blue),1,0
462,Nuu,2024-07-02T12:35:59,Pass Over (blue),1,0
462,Nuu,2024-07-02T12:35:59,Rising Tide (blue),1,0
462,Nuu,2024-07-02T12:35:59,Tidal Surge (blue),1,0
462,Nuu,2024-07-02T12:35:59,Venomous Bite (blue),1,0
462,Nuu,2024-07-02T12:35:59,Water the Seeds (blue),1,0
462,Nuu,2024-07-02T12:35:59,Aqua Laps,1,1
462,Nuu,2024-07-02T12:35:59,Skybody Keikoi,1,1
462,Nuu,2024-07-02T12:35:59,Skycrest Keikoi,1,1
462,Nuu,2024-07-02T12:35:59,Waves of Aqua Marine,1,1
463,Zen,2024-07-02T13:41:45,Biting Breeze (red),1,0
463,Zen,2024-07-02T13:41:45,Companion of the Claw (red),3,0
463,Zen,2024-07-02T13:41:45,Emissary of Moon (red),1,0
463,Zen,2024-07-02T13:41:45,Emissary of Wind (red),1,0
463,Zen,2024-07-02T13:41:45,Flex Claws (red),2,0
463,Zen,2024-07-02T13:41:45,Harmony of the Hunt (red),2,0
463,Zen,2024-07-02T13:41:45,Nimble Strike (red),1,0
463,Zen,2024-07-02T13:41:45,Pouncing Qi (red),1,0
463,Zen,2024-07-02T13:41:45,Tiger Form Incantation (red),1,0
463,Zen,2024-07-02T13:41:45,Untamed (red),1,0
463,Zen,2024-07-02T13:41:45,Wounding Blow (red),1,0
463,Zen,2024-07-02T13:41:45,Battlefront Bastion (yellow),1,0
463,Zen,2024-07-02T13:41:45,Fact-Finding Mission (yellow),1,0
463,Zen,2024-07-02T13:41:45,Flex Claws (yellow),1,0
463,Zen,2024-07-02T13:41:45,Nimblism (yellow),1,0
463,Zen,2024-07-02T13:41:45,Wounding Blow (yellow),1,0
463,Zen,2024-07-02T13:41:45,Blessing of Qi (blue),1,0
463,Zen,2024-07-02T13:41:45,Companion of the Claw (blue),1,0
463,Zen,2024-07-02T13:41:45,Droplet (blue),1,0
463,Zen,2024-07-02T13:41:45,Flex Claws (blue),3,0
463,Zen,2024-07-02T13:41:45,Pouncing Qi (blue),2,0
463,Zen,2024-07-02T13:41:45,Qi Unleashed (blue),1,0
463,Zen,2024-07-02T13:41:45,Second Tenet of Chi: Wind (blue),1,0
463,Zen,2024-07-02T13:41:45,Stir the Pot (blue),2,0
463,Zen,2024-07-02T13:41:45,Untamed (blue),1,0
463,Zen,2024-07-02T13:41:45,Wounding Blow (blue),1,0
463,Zen,2024-07-02T13:41:45,Skycrest Keikoi,1,1
463,Zen,2024-07-02T13:41:45,Stride of Reprisal,1,1
464,Enigma,2024-07-02T16:37:11,Astral Etchings (red),1,0
464,Enigma,2024-07-02T16:37:11,Haze Shelter (red),2,0
464,Enigma,2024-07-02T16:37:11,Moon Chakra (red),1,0
464,Enigma,2024-07-02T16:37:11,Single Minded Determination (red),2,0
464,Enigma,2024-07-02T16:37:11,Spectral Manifestations (red),2,0
464,Enigma,2024-07-02T16:37:11,Waxing Specter (red),3,0
464,Enigma,2024-07-02T16:37:11,Astral Etchings (yellow),1,0
464,Enigma,2024-07-02T16:37:11,Battlefront Bastion (yellow),2,0
464,Enigma,2024-07-02T16:37:11,Evasive Leap (yellow),1,0
464,Enigma,2024-07-02T16:37:11,Sigil of Solitude (yellow),1,0
464,Enigma,2024-07-02T16:37:11,Solitary Companion (yellow),1,0
464,Enigma,2024-07-02T16:37:11,Vengeful Apparition (yellow),1,0
464,Enigma,2024-07-02T16:37:11,Wounding Blow (yellow),1,0
464,Enigma,2024-07-02T16:37:11,A Drop in the Ocean (blue),1,0
464,Enigma,2024-07-02T16:37:11,Battlefront Bastion (blue),2,0
464,Enigma,2024-07-02T16:37:11,Droplet (blue),1,0
464,Enigma,2024-07-02T16:37:11,Essence of Ancestry: Mind (blue),1,0
464,Enigma,2024-07-02T16:37:11,Haunting Specter (blue),1,0
464,Enigma,2024-07-02T16:37:11,Homage to Ancestors (blue),1,0
464,Enigma,2024-07-02T16:37:11,Sigil of Solitude (blue),1,0
464,Enigma,2024-07-02T16:37:11,Single Minded Determination (blue),3,0
464,Enigma,2024-07-02T16:37:11,Solitary Companion (blue),1,0
464,Enigma,2024-07-02T16:37:11,Stir the Pot (blue),2,0
464,Enigma,2024-07-02T16:37:11,Vengeful Apparition (blue),2,0
464,Enigma,2024-07-02T16:37:11,Waning Vengeance (blue),2,0
464,Enigma,2024-07-02T16:37:11,Wash Away (blue),1,0
464,Enigma,2024-07-02T16:37:11,Koi Blessed Kimono,1,1
464,Enigma,2024-07-02T16:37:11,Skycrest Keikoi,1,1
464,Enigma,2024-07-02T16:37:11,Skywalker Keikoi,1,1
464,Enigma,2024-07-02T16:37:11,Uphold Tradition,1,1
465,Zen,2024-07-02T19:24:10,Aspect of Tiger: Body (red),1,0
465,Zen,2024-07-02T19:24:10,Blessing of Qi (red),1,0
465,Zen,2024-07-02T19:24:10,Breed Anger (red),3,0
465,Zen,2024-07-02T19:24:10,Emissary of Tides (red),1,0
465,Zen,2024-07-02T19:24:10,Pouncing Qi (red),1,0
465,Zen,2024-07-02T19:24:10,Tiger Form Incantation (red),1,0
465,Zen,2024-07-02T19:24:10,Untamed (red),1,0
465,Zen,2024-07-02T19:24:10,Water the Seeds (red),1,0
465,Zen,2024-07-02T19:24:10,Evasive Leap (yellow),1,0
465,Zen,2024-07-02T19:24:10,Pouncing Qi (yellow),1,0
465,Zen,2024-07-02T19:24:10,Qi Unleashed (yellow),1,0
465,Zen,2024-07-02T19:24:10,Wounding Blow (yellow),1,0
465,Zen,2024-07-02T19:24:10,A Drop in the Ocean (blue),2,0
465,Zen,2024-07-02T19:24:10,Big Blue Sky (blue),1,0
465,Zen,2024-07-02T19:24:10,Breed Anger (blue),1,0
465,Zen,2024-07-02T19:24:10,Companion of the Claw (blue),1,0
465,Zen,2024-07-02T19:24:10,First Tenet of Chi: Wind (blue),1,0
465,Zen,2024-07-02T19:24:10,Flex Claws (blue),2,0
465,Zen,2024-07-02T19:24:10,Harmony of the Hunt (blue),1,0
465,Zen,2024-07-02T19:24:10,Homage to Ancestors (blue),2,0
465,Zen,2024-07-02T19:24:10,Qi Unleashed (blue),1,0
465,Zen,2024-07-02T19:24:10,"Rising Sun, Setting Moon (blue)",1,0
465,Zen,2024-07-02T19:24:10,Stir the Pot (blue),2,0
465,Zen,2024-07-02T19:24:10,Territorial Domain (blue),1,0
465,Zen,2024-07-02T19:24:10,Tidal Surge (blue),1,0
465,Zen,2024-07-02T19:24:10,Tiger Form Incantation (blue),1,0
465,Zen,2024-07-02T19:24:10,Untamed (blue),1,0
465,Zen,2024-07-02T19:24:10,Water the Seeds (blue),1,0
465,Zen,2024-07-02T19:24:10,Koi Blessed Kimono,1,1
465,Zen,2024-07-02T19:24:10,Stride of Reprisal,1,1
465,Zen,2024-07-02T19:24:10,Waves of Aqua Marine,1,1
466,Enigma,2024-07-02T21:52:26,Battlefront Bastion (red),1,0
466,Enigma,2024-07-02T21:52:26,Essence of Ancestry: Body (red),1,0
466,Enigma,2024-07-02T21:52:26,Evasive Leap (red),2,0
466,Enigma,2024-07-02T21:52:26,Haze Shelter (red),2,0
466,Enigma,2024-07-02T21:52:26,Moon Chakra (red),1,0
466,Enigma,2024-07-02T21:52:26,Sigil of Solitude (red),2,0
466,Enigma,2024-07-02T21:52:26,Solitary Companion (red),3,0
466,Enigma,2024-07-02T21:52:26,Spectral Manifestations (red),1,0
466,Enigma,2024-07-02T21:52:26,Vengeful Apparition (red),1,0
466,Enigma,2024-07-02T21:52:26,Waning Vengeance (red),1,0
466,Enigma,2024-07-02T21:52:26,Waxing Specter (red),3,0
466,Enigma,2024-07-02T21:52:26,Spectral Manifestations (yellow),1,0
466,Enigma,2024-07-02T21:52:26,Waning Vengeance (yellow),1,0
466,Enigma,2024-07-02T21:52:26,A Drop in the Ocean (blue),1,0
466,Enigma,2024-07-02T21:52:26,Astral Etchings (blue),1,0
466,Enigma,2024-07-02T21:52:26,Big Blue Sky (blue),1,0
466,Enigma,2024-07-02T21:52:26,First Tenet of Chi: Wind (blue),1,0
466,Enigma,2024-07-02T21:52:26,Haze Shelter (blue),1,0
466,Enigma,2024-07-02T21:52:26,Homage to Ancestors (blue),2,0
466,Enigma,2024-07-02T21:52:26,Moon Chakra (blue),1,0
466,Enigma,2024-07-02T21:52:26,"Rising Sun, Setting Moon (blue)",1,0
466,Enigma,2024-07-02T21:52:26,Sigil of Solitude (blue),1,0
466,Enigma,2024-07-02T21:52:26,Solitary Companion (blue),2,0
466,Enigma,2024-07-02T21:52:26,Stir the Pot (blue),1,0
466,Enigma,2024-07-02T21:52:26,Vengeful Apparition (blue),1,0
466,Enigma,2024-07-02T21:52:26,Waning Vengeance (blue),2,0
466,Enigma,2024-07-02T21:52:26,Wash Away (blue),2,0
466,Enigma,2024-07-02T21:52:26,Waxing Specter (blue),1,0
466,Enigma,2024-07-02T21:52:26,Skywalker Keikoi,1,1
466,Enigma,2024-07-02T21:52:26,Truths Retold,1,1
466,Enigma,2024-07-02T21:52:26,Uphold Tradition,1,1
467,Enigma,2024-07-03T12:36:23,Evasive Leap (red),1,0
467,Enigma,2024-07-03T12:36:23,Haze Shelter (red),3,0
467,Enigma,2024-07-03T12:36:23,Sigil of Solitude (red),1,0
467,Enigma,2024-07-03T12:36:23,Single Minded Determination (red),1,0
467,Enigma,2024-07-03T12:36:23,Solitary Companion (red),1,0
467,Enigma,2024-07-03T12:36:23,Spectral Manifestations (red),1,0
467,Enigma,2024-07-03T12:36:23,The Weakest Link (red),1,0
467,Enigma,2024-07-03T12:36:23,Waning Vengeance (red),1,0
467,Enigma,2024-07-03T12:36:23,Waxing Specter (red),1,0
467,Enigma,2024-07-03T12:36:23,Battlefront Bastion (yellow),1,0
467,Enigma,2024-07-03T12:36:23,Single Minded Determination (yellow),4,0
467,Enigma,2024-07-03T12:36:23,Water the Seeds (yellow),1,0
467,Enigma,2024-07-03T12:36:23,Wounding Blow (yellow),1,0
467,Enigma,2024-07-03T12:36:23,A Drop in the Ocean (blue),2,0
467,Enigma,2024-07-03T12:36:23,First Tenet of Chi: Tide (blue),1,0
467,Enigma,2024-07-03T12:36:23,Haunting Specter (blue),2,0
467,Enigma,2024-07-03T12:36:23,Homage to Ancestors (blue),1,0
467,Enigma,2024-07-03T12:36:23,Moon Chakra (blue),1,0
467,Enigma,2024-07-03T12:36:23,Preserve Tradition (blue),1,0
467,Enigma,2024-07-03T12:36:23,Single Minded Determination (blue),1,0
467,Enigma,2024-07-03T12:36:23,Solitary Companion (blue),1,0
467,Enigma,2024-07-03T12:36:23,Stir the Pot (blue),1,0
467,Enigma,2024-07-03T12:36:23,Vengeful Apparition (blue),2,0
467,Enigma,2024-07-03T12:36:23,Waning Vengeance (blue),3,0
467,Enigma,2024-07-03T12:36:23,Skybody Keikoi,1,1
467,Enigma,2024-07-03T12:36:23,Uphold Tradition,1,1
468,Zen,2024-07-04T06:20:18,Aspect of Tiger: Body (red),1,0
468,Zen,2024-07-04T06:20:18,Biting Breeze (red),1,0
468,Zen,2024-07-04T06:20:18,Breed Anger (red),3,0
468,Zen,2024-07-04T06:20:18,Chase the Tail (red),1,0
468,Zen,2024-07-04T06:20:18,Companion of the Claw (red),1,0
468,Zen,2024-07-04T06:20:18,Flex Claws (red),2,0
468,Zen,2024-07-04T06:20:18,Harmony of the Hunt (red),3,0
468,Zen,2024-07-04T06:20:18,Pouncing Qi (red),1,0
468,Zen,2024-07-04T06:20:18,Qi Unleashed (red),1,0
468,Zen,2024-07-04T06:20:18,Tiger Form Incantation (red),2,0
468,Zen,2024-07-04T06:20:18,Untamed (red),1,0
468,Zen,2024-07-04T06:20:18,Blessing of Qi (yellow),1,0
468,Zen,2024-07-04T06:20:18,Harmony of the Hunt (yellow),1,0
468,Zen,2024-07-04T06:20:18,Untamed (yellow),1,0
468,Zen,2024-07-04T06:20:18,Biting Breeze (blue),2,0
468,Zen,2024-07-04T06:20:18,Blessing of Qi (blue),1,0
468,Zen,2024-07-04T06:20:18,Breed Anger (blue),2,0
468,Zen,2024-07-04T06:20:18,Companion of the Claw (blue),1,0
468,Zen,2024-07-04T06:20:18,First Tenet of Chi: Wind (blue),3,0
468,Zen,2024-07-04T06:20:18,Flex Claws (blue),1,0
468,Zen,2024-07-04T06:20:18,Pouncing Qi (blue),2,0
468,Zen,2024-07-04T06:20:18,Preserve Tradition (blue),2,0
468,Zen,2024-07-04T06:20:18,Tidal Surge (blue),1,0
468,Zen,2024-07-04T06:20:18,Tiger Form Incantation (blue),1,0
468,Zen,2024-07-04T06:20:18,Wind Chakra (blue),1,0
468,Zen,2024-07-04T06:20:18,Skybody Keikoi,1,1
468,Zen,2024-07-04T06:20:18,Stride of Reprisal,1,1
468,Zen,2024-07-04T06:20:18,Waves of Aqua Marine,1,1
469,Nuu,2024-07-04T18:31:56,Bonds of Memory (red),2,0
469,Nuu,2024-07-04T18:31:56,Desires of Flesh (red),1,0
469,Nuu,2024-07-04T18:31:56,Hiss (red),1,0
469,Nuu,2024-07-04T18:31:56,Impulsive Desire (red),2,0
469,Nuu,2024-07-04T18:31:56,Intimate Inducement (red),3,0
469,Nuu,2024-07-04T18:31:56,Mind's Desire (red),3,0
469,Nuu,2024-07-04T18:31:56,Venomous Bite (red),1,0
469,Nuu,2024-07-04T18:31:56,Water the Seeds (red),1,0
469,Nuu,2024-07-04T18:31:56,Bonds of Attraction (yellow),1,0
469,Nuu,2024-07-04T18:31:56,Desires of Flesh (yellow),1,0
469,Nuu,2024-07-04T18:31:56,Hiss (yellow),1,0
469,Nuu,2024-07-04T18:31:56,Impulsive Desire (yellow),1,0
469,Nuu,2024-07-04T18:31:56,Mind's Desire (yellow),1,0
469,Nuu,2024-07-04T18:31:56,Pick to Pieces (yellow),1,0
469,Nuu,2024-07-04T18:31:56,Bonds of Memory (blue),2,0
469,Nuu,2024-07-04T18:31:56,Desires of Flesh (blue),3,0
469,Nuu,2024-07-04T18:31:56,First Tenet of Chi: Wind (blue),1,0
469,Nuu,2024-07-04T18:31:56,Gravekeeping (blue),1,0
469,Nuu,2024-07-04T18:31:56,Homage to Ancestors (blue),1,0
469,Nuu,2024-07-04T18:31:56,Impulsive Desire (blue),1,0
469,Nuu,2024-07-04T18:31:56,Intimate Inducement (blue),2,0
469,Nuu,2024-07-04T18:31:56,Pass Over (blue),1,0
469,Nuu,2024-07-04T18:31:56,Rising Tide (blue),1,0
469,Nuu,2024-07-04T18:31:56,Wash Away (blue),1,0
469,Nuu,2024-07-04T18:31:56,Water the Seeds (blue),1,0
469,Nuu,2024-07-04T18:31:56,Aqua Seeing Shell,1,1
469,Nuu,2024-07-04T18:31:56,Skybody Keikoi,1,1
469,Nuu,2024-07-04T18:31:56,Undertow Stilettos,1,1
470,Enigma,2024-07-04T20:24:30,Evasive Leap (red),2,0
470,Enigma,2024-07-04T20:24:30,Fact-Finding Mission (red),1,0
470,Enigma,2024-07-04T20:24:30,Haze Shelter (red),1,0
470,Enigma,2024-07-04T20:24:30,Single Minded Determination (red),1,0
470,Enigma,2024-07-04T20:24:30,Spectral Manifestations (red),1,0
470,Enigma,2024-07-04T20:24:30,Waning Vengeance (red),2,0
470,Enigma,2024-07-04T20:24:30,Waxing Specter (red),2,0
470,Enigma,2024-07-04T20:24:30,Wounding Blow (red),1,0
470,Enigma,2024-07-04T20:24:30,Moon Chakra (yellow),1,0
470,Enigma,2024-07-04T20:24:30,Nimblism (yellow),1,0
470,Enigma,2024-07-04T20:24:30,Restless Coalescence (yellow),1,0
470,Enigma,2024-07-04T20:24:30,Solitary Companion (yellow),1,0
470,Enigma,2024-07-04T20:24:30,Spectral Manifestations (yellow),2,0
470,Enigma,2024-07-04T20:24:30,Vengeful Apparition (yellow),1,0
470,Enigma,2024-07-04T20:24:30,A Drop in the Ocean (blue),1,0
470,Enigma,2024-07-04T20:24:30,Astral Etchings (blue),1,0
470,Enigma,2024-07-04T20:24:30,Attune with Cosmic Vibrations (blue),1,0
470,Enigma,2024-07-04T20:24:30,Droplet (blue),1,0
470,Enigma,2024-07-04T20:24:30,Essence of Ancestry: Mind (blue),2,0
470,Enigma,2024-07-04T20:24:30,First Tenet of Chi: Moon (blue),1,0
470,Enigma,2024-07-04T20:24:30,Haunting Specter (blue),1,0
470,Enigma,2024-07-04T20:24:30,Moon Chakra (blue),1,0
470,Enigma,2024-07-04T20:24:30,Preserve Tradition (blue),1,0
470,Enigma,2024-07-04T20:24:30,"Rising Sun, Setting Moon (blue)",1,0
470,Enigma,2024-07-04T20:24:30,Rising Tide (blue),1,0
470,Enigma,2024-07-04T20:24:30,Sigil of Solitude (blue),1,0
470,Enigma,2024-07-04T20:24:30,Single Minded Determination (blue),1,0
470,Enigma,2024-07-04T20:24:30,Solitary Companion (blue),1,0
470,Enigma,2024-07-04T20:24:30,Stir the Pot (blue),1,0
470,Enigma,2024-07-04T20:24:30,Vengeful Apparition (blue),1,0
470,Enigma,2024-07-04T20:24:30,Waning Vengeance (blue),1,0
470,Enigma,2024-07-04T20:24:30,Waxing Specter (blue),1,0
470,Enigma,2024-07-04T20:24:30,Wounding Blow (blue),1,0
470,Enigma,2024-07-04T20:24:30,Skybody Keikoi,1,1
470,Enigma,2024-07-04T20:24:30,Truths Retold,1,1
470,Enigma,2024-07-04T20:24:30,Uphold Tradition,1,1
471,Zen,2024-07-05T01:41:50,Biting Breeze (red),2,0
471,Zen,2024-07-05T01:41:50,Blessing of Qi (red),1,0
471,Zen,2024-07-05T01:41:50,Breed Anger (red),2,0
471,Zen,2024-07-05T01:41:50,Companion of the Claw (red),2,0
471,Zen,2024-07-05T01:41:50,Fact-Finding Mission (red),1,0
471,Zen,2024-07-05T01:41:50,Flex Claws (red),1,0
471,Zen,2024-07-05T01:41:50,Pouncing Qi (red),1,0
471,Zen,2024-07-05T01:41:50,The Weakest Link (red),1,0
471,Zen,2024-07-05T01:41:50,Tiger Form Incantation (red),3,0
471,Zen,2024-07-05T01:41:50,Untamed (red),2,0
471,Zen,2024-07-05T01:41:50,Water the Seeds (red),1,0
471,Zen,2024-07-05T01:41:50,Battlefront Bastion (yellow),1,0
471,Zen,2024-07-05T01:41:50,Biting Breeze (yellow),2,0
471,Zen,2024-07-05T01:41:50,Blessing of Qi (yellow),1,0
471,Zen,2024-07-05T01:41:50,Evasive Leap (yellow),1,0
471,Zen,2024-07-05T01:41:50,Flex Claws (yellow),1,0
471,Zen,2024-07-05T01:41:50,Pouncing Qi (yellow),1,0
471,Zen,2024-07-05T01:41:50,Battlefront Bastion (blue),1,0
471,Zen,2024-07-05T01:41:50,Biting Breeze (blue),1,0
471,Zen,2024-07-05T01:41:50,Evasive Leap (blue),1,0
471,Zen,2024-07-05T01:41:50,First Tenet of Chi: Moon (blue),1,0
471,Zen,2024-07-05T01:41:50,Flex Claws (blue),1,0
471,Zen,2024-07-05T01:41:50,Gravekeeping (blue),2,0
471,Zen,2024-07-05T01:41:50,Pouncing Qi (blue),2,0
471,Zen,2024-07-05T01:41:50,Preserve Tradition (blue),1,0
471,Zen,2024-07-05T01:41:50,"Rising Sun, Setting Moon (blue)",1,0
471,Zen,2024-07-05T01:41:50,Sacred Art: Jade Tiger Domain (blue),1,0
471,Zen,2024-07-05T01:41:50,Untamed (blue),1,0
471,Zen,2024-07-05T01:41:50,Mask of Wizened Whiskers,1,1
471,Zen,2024-07-05T01:41:50,Skybody Keikoi,1,1
471,Zen,2024-07-05T01:41:50,Skywalker Keikoi,1,1
472,Enigma,2024-07-05T02:25:22,Essence of Ancestry: Body (red),1,0
472,Enigma,2024-07-05T02:25:22,Evasive Leap (red),2,0
472,Enigma,2024-07-05T02:25:22,Fact-Finding Mission (red),1,0
472,Enigma,2024-07-05T02:25:22,Moon Chakra (red),1,0
472,Enigma,2024-07-05T02:25:22,Spectral Manifestations (red),1,0
472,Enigma,2024-07-05T02:25:22,Vengeful Apparition (red),1,0
472,Enigma,2024-07-05T02:25:22,Waxing Specter (red),3,0
472,Enigma,2024-07-05T02:25:22,Battlefront Bastion (yellow),2,0
472,Enigma,2024-07-05T02:25:22,Solitary Companion (yellow),1,0
472,Enigma,2024-07-05T02:25:22,Waning Vengeance (yellow),1,0
472,Enigma,2024-07-05T02:25:22,Waxing Specter (yellow),1,0
472,Enigma,2024-07-05T02:25:22,A Drop in the Ocean (blue),1,0
472,Enigma,2024-07-05T02:25:22,Big Blue Sky (blue),2,0
472,Enigma,2024-07-05T02:25:22,Fact-Finding Mission (blue),1,0
472,Enigma,2024-07-05T02:25:22,First Tenet of Chi: Moon (blue),1,0
472,Enigma,2024-07-05T02:25:22,Preserve Tradition (blue),2,0
472,Enigma,2024-07-05T02:25:22,"Rising Sun, Setting Moon (blue)",1,0
472,Enigma,2024-07-05T02:25:22,Second Tenet of Chi: Wind (blue),1,0
472,Enigma,2024-07-05T02:25:22,Sigil of Solitude (blue),2,0
472,Enigma,2024-07-05T02:25:22,Single Minded Determination (blue),2,0
472,Enigma,2024-07-05T02:25:22,Spectral Manifestations (blue),1,0
472,Enigma,2024-07-05T02:25:22,Vengeful Apparition (blue),2,0
472,Enigma,2024-07-05T02:25:22,Waning Vengeance (blue),1,0
472,Enigma,2024-07-05T02:25:22,Waxing Specter (blue),1,0
472,Enigma,2024-07-05T02:25:22,Wounding Blow (blue),1,0
472,Enigma,2024-07-05T02:25:22,Aqua Laps,1,1
472,Enigma,2024-07-05T02:25:22,Skybody Keikoi,1,1
472,Enigma,2024-07-05T02:25:22,Truths Retold,1,1
472,Enigma,2024-07-05T02:25:22,Waves of Aqua Marine,1,1
473,Nuu,2024-07-05T20:59:05,Desires of Flesh (red),4,0
473,Nuu,2024-07-05T20:59:05,Gravekeeping (red),1,0
473,Nuu,2024-07-05T20:59:05,Hiss (red),1,0
473,Nuu,2024-07-05T20:59:05,Pick to Pieces (red),2,0
473,Nuu,2024-07-05T20:59:05,Tide Chakra (red),1,0
473,Nuu,2024-07-05T20:59:05,Desires of Flesh (yellow),1,0
473,Nuu,2024-07-05T20:59:05,Hiss (yellow),1,0
473,Nuu,2024-07-05T20:59:05,Impulsive Desire (yellow),1,0
473,Nuu,2024-07-05T20:59:05,Venomous Bite (yellow),1,0
473,Nuu,2024-07-05T20:59:05,Bonds of Memory (blue),1,0
473,Nuu,2024-07-05T20:59:05,Desires of Flesh (blue),1,0
473,Nuu,2024-07-05T20:59:05,Droplet (blue),1,0
473,Nuu,2024-07-05T20:59:05,First Tenet of Chi: Moon (blue),1,0
473,Nuu,2024-07-05T20:59:05,Gravekeeping (blue),1,0
473,Nuu,2024-07-05T20:59:05,Hiss (blue),1,0
473,Nuu,2024-07-05T20:59:05,Impulsive Desire (blue),1,0
473,Nuu,2024-07-05T20:59:05,Intimate Inducement (blue),2,0
473,Nuu,2024-07-05T20:59:05,Pass Over (blue),1,0
473,Nuu,2024-07-05T20:59:05,Path Well Traveled (blue),2,0
473,Nuu,2024-07-05T20:59:05,Second Tenet of Chi: Tide (blue),1,0
473,Nuu,2024-07-05T20:59:05,Second Tenet of Chi: Wind (blue),1,0
473,Nuu,2024-07-05T20:59:05,Stir the Pot (blue),1,0
473,Nuu,2024-07-05T20:59:05,Tidal Surge (blue),2,0
473,Nuu,2024-07-05T20:59:05,Venomous Bite (blue),2,0
473,Nuu,2024-07-05T20:59:05,Wide Blue Yonder (blue),1,0
473,Nuu,2024-07-05T20:59:05,Arousing Wave,1,1
473,Nuu,2024-07-05T20:59:05,Heirloom of Snake Hide,1,1
473,Nuu,2024-07-05T20:59:05,Skyhold Keikoi,1,1
473,Nuu,2024-07-05T20:59:05,Undertow Stilettos,1,1
474,Nuu,2024-07-09T16:15:18,Bonds of Attraction (red),1,0
474,Nuu,2024-07-09T16:15:18,Bonds of Memory (red),1,0
474,Nuu,2024-07-09T16:15:18,Desires of Flesh (red),1,0
474,Nuu,2024-07-09T16:15:18,Double Trouble (red),1,0
474,Nuu,2024-07-09T16:15:18,Hiss (red),2,0
474,Nuu,2024-07-09T16:15:18,Impulsive Desire (red),2,0
474,Nuu,2024-07-09T16:15:18,Intimate Inducement (red),1,0
474,Nuu,2024-07-09T16:15:18,Mind's Desire (red),2,0
474,Nuu,2024-07-09T16:15:18,Pick to Pieces (red),1,0
474,Nuu,2024-07-09T16:15:18,Venomous Bite (red),2,0
474,Nuu,2024-07-09T16:15:18,Water the Seeds (red),1,0
474,Nuu,2024-07-09T16:15:18,Wounding Blow (red),1,0
474,Nuu,2024-07-09T16:15:18,Bonds of Memory (yellow),1,0
474,Nuu,2024-07-09T16:15:18,Double Trouble (yellow),1,0
474,Nuu,2024-07-09T16:15:18,Intimate Inducement (yellow),1,0
474,Nuu,2024-07-09T16:15:18,Bonds of Attraction (blue),1,0
474,Nuu,2024-07-09T16:15:18,Bonds of Memory (blue),1,0
474,Nuu,2024-07-09T16:15:18,Double Trouble (blue),1,0
474,Nuu,2024-07-09T16:15:18,First Tenet of Chi: Moon (blue),2,0
474,Nuu,2024-07-09T16:15:18,First Tenet of Chi: Tide (blue),1,0
474,Nuu,2024-07-09T16:15:18,Hiss (blue),1,0
474,Nuu,2024-07-09T16:15:18,Homage to Ancestors (blue),1,0
474,Nuu,2024-07-09T16:15:18,Impulsive Desire (blue),1,0
474,Nuu,2024-07-09T16:15:18,Intimate Inducement (blue),3,0
474,Nuu,2024-07-09T16:15:18,Mind's Desire (blue),1,0
474,Nuu,2024-07-09T16:15:18,Pass Over (blue),1,0
474,Nuu,2024-07-09T16:15:18,Pick to Pieces (blue),1,0
474,Nuu,2024-07-09T16:15:18,"Rising Sun, Setting Moon (blue)",1,0
474,Nuu,2024-07-09T16:15:18,Spillover (blue),1,0
474,Nuu,2024-07-09T16:15:18,Venomous Bite (blue),1,0
474,Nuu,2024-07-09T16:15:18,Wide Blue Yonder (blue),1,0
474,Nuu,2024-07-09T16:15:18,Aqua Seeing Shell,1,1
474,Nuu,2024-07-09T16:15:18,Arousing Wave,1,1
474,Nuu,2024-07-09T16:15:18,Skybody Keikoi,1,1
474,Nuu,2024-07-09T16:15:18,Undertow Stilettos,1,1
475,Zen,2024-07-09T19:57:45,Breed Anger (red),1,0
475,Zen,2024-07-09T19:57:45,Companion of the Claw (red),1,0
475,Zen,2024-07-09T19:57:45,Flex Claws (red),2,0
475,Zen,2024-07-09T19:57:45,Harmony of the Hunt (red),1,0
475,Zen,2024-07-09T19:57:45,Pouncing Qi (red),1,0
475,Zen,2024-07-09T19:57:45,Tiger Form Incantation (red),1,0
475,Zen,2024-07-09T19:57:45,Untamed (red),1,0
475,Zen,2024-07-09T19:57:45,Blanch (yellow),1,0
475,Zen,2024-07-09T19:57:45,Fact-Finding Mission (yellow),1,0
475,Zen,2024-07-09T19:57:45,Maul (yellow),1,0
475,Zen,2024-07-09T19:57:45,Qi Unleashed (yellow),1,0
475,Zen,2024-07-09T19:57:45,Untamed (yellow),1,0
475,Zen,2024-07-09T19:57:45,Wounding Blow (yellow),1,0
475,Zen,2024-07-09T19:57:45,Aspect of Tiger: Mind (blue),1,0
475,Zen,2024-07-09T19:57:45,Breed Anger (blue),2,0
475,Zen,2024-07-09T19:57:45,First Tenet of Chi: Wind (blue),2,0
475,Zen,2024-07-09T19:57:45,Gravekeeping (blue),1,0
475,Zen,2024-07-09T19:57:45,Path Well Traveled (blue),2,0
475,Zen,2024-07-09T19:57:45,Pouncing Qi (blue),2,0
475,Zen,2024-07-09T19:57:45,Preserve Tradition (blue),1,0
475,Zen,2024-07-09T19:57:45,Rising Tide (blue),3,0
475,Zen,2024-07-09T19:57:45,Rowdy Locals (blue),1,0
475,Zen,2024-07-09T19:57:45,Spillover (blue),1,0
475,Zen,2024-07-09T19:57:45,Stir the Pot (blue),1,0
475,Zen,2024-07-09T19:57:45,The Grain that Tips the Scale (blue),1,0
475,Zen,2024-07-09T19:57:45,Koi Blessed Kimono,1,1
475,Zen,2024-07-09T19:57:45,Mask of Wizened Whiskers,1,1
475,Zen,2024-07-09T19:57:45,Stride of Reprisal,1,1
476,Zen,2024-07-17T06:33:56,Aspect of Tiger: Body (red),1,0
476,Zen,2024-07-17T06:33:56,Breed Anger (red),1,0
476,Zen,2024-07-17T06:33:56,Companion of the Claw (red),1,0
476,Zen,2024-07-17T06:33:56,Fact-Finding Mission (red),1,0
476,Zen,2024-07-17T06:33:56,Harmony of the Hunt (red),1,0
476,Zen,2024-07-17T06:33:56,Pouncing Qi (red),1,0
476,Zen,2024-07-17T06:33:56,Qi Unleashed (red),1,0
476,Zen,2024-07-17T06:33:56,Untamed (red),2,0
476,Zen,2024-07-17T06:33:56,Aspect of Tiger: Soul (yellow),1,0
476,Zen,2024-07-17T06:33:56,Biting Breeze (yellow),1,0
476,Zen,2024-07-17T06:33:56,Breed Anger (yellow),2,0
476,Zen,2024-07-17T06:33:56,Harmony of the Hunt (yellow),1,0
476,Zen,2024-07-17T06:33:56,Pouncing Qi (yellow),2,0
476,Zen,2024-07-17T06:33:56,Tiger Form Incantation (yellow),1,0
476,Zen,2024-07-17T06:33:56,Untamed (yellow),1,0
476,Zen,2024-07-17T06:33:56,Aspect of Tiger: Mind (blue),1,0
476,Zen,2024-07-17T06:33:56,Companion of the Claw (blue),1,0
476,Zen,2024-07-17T06:33:56,Droplet (blue),1,0
476,Zen,2024-07-17T06:33:56,First Tenet of Chi: Tide (blue),1,0
476,Zen,2024-07-17T06:33:56,Harmony of the Hunt (blue),2,0
476,Zen,2024-07-17T06:33:56,Pouncing Qi (blue),1,0
476,Zen,2024-07-17T06:33:56,"Rising Sun, Setting Moon (blue)",1,0
476,Zen,2024-07-17T06:33:56,Rising Tide (blue),1,0
476,Zen,2024-07-17T06:33:56,Stir the Pot (blue),1,0
476,Zen,2024-07-17T06:33:56,Tiger Form Incantation (blue),3,0
476,Zen,2024-07-17T06:33:56,Untamed (blue),2,0
476,Zen,2024-07-17T06:33:56,Wind Chakra (blue),2,0
476,Zen,2024-07-17T06:33:56,Wounding Blow (blue),1,0
476,Zen,2024-07-17T06:33:56,Koi Blessed Kimono,1,1
476,Zen,2024-07-17T06:33:56,Skyhold Keikoi,1,1
476,Zen,2024-07-17T06:33:56,Stride of Reprisal,1,1
477,Enigma,2024-07-18T19:11:28,Battlefront Bastion (red),1,0
477,Enigma,2024-07-18T19:11:28,Evasive Leap (red),1,0
477,Enigma,2024-07-18T19:11:28,Single Minded Determination (red),2,0
477,Enigma,2024-07-18T19:11:28,Spectral Manifestations (red),2,0
477,Enigma,2024-07-18T19:11:28,Three Visits (red),1,0
477,Enigma,2024-07-18T19:11:28,Waning Vengeance (red),2,0
477,Enigma,2024-07-18T19:11:28,Waxing Specter (red),1,0
477,Enigma,2024-07-18T19:11:28,Battlefront Bastion (yellow),3,0
477,Enigma,2024-07-18T19:11:28,Haunting Specter (yellow),1,0
477,Enigma,2024-07-18T19:11:28,Sigil of Solitude (yellow),1,0
477,Enigma,2024-07-18T19:11:28,Single Minded Determination (yellow),1,0
477,Enigma,2024-07-18T19:11:28,Vengeful Apparition (yellow),1,0
477,Enigma,2024-07-18T19:11:28,A Drop in the Ocean (blue),1,0
477,Enigma,2024-07-18T19:11:28,Dense Blue Mist (blue),1,0
477,Enigma,2024-07-18T19:11:28,Fact-Finding Mission (blue),1,0
477,Enigma,2024-07-18T19:11:28,First Tenet of Chi: Tide (blue),1,0
477,Enigma,2024-07-18T19:11:28,First Tenet of Chi: Wind (blue),1,0
477,Enigma,2024-07-18T19:11:28,Orihon of Mystic Tenets (blue),1,0
477,Enigma,2024-07-18T19:11:28,Pass Over (blue),1,0
477,Enigma,2024-07-18T19:11:28,Path Well Traveled (blue),1,0
477,Enigma,2024-07-18T19:11:28,"Rising Sun, Setting Moon (blue)",1,0
477,Enigma,2024-07-18T19:11:28,Rising Tide (blue),1,0
477,Enigma,2024-07-18T19:11:28,Stir the Pot (blue),2,0
477,Enigma,2024-07-18T19:11:28,Tidal Surge (blue),2,0
477,Enigma,2024-07-18T19:11:28,Vengeful Apparition (blue),1,0
477,Enigma,2024-07-18T19:11:28,Waning Vengeance (blue),1,0
477,Enigma,2024-07-18T19:11:28,Wash Away (blue),2,0
477,Enigma,2024-07-18T19:11:28,Wounding Blow (blue),1,0
477,Enigma,2024-07-18T19:11:28,Skyhold Keikoi,1,1
477,Enigma,2024-07-18T19:11:28,Skywalker Keikoi,1,1
477,Enigma,2024-07-18T19:11:28,Truths Retold,1,1
478,Nuu,2024-07-19T05:21:10,Battlefront Bastion (red),1,0
478,Nuu,2024-07-19T05:21:10,Desires of Flesh (red),2,0
478,Nuu,2024-07-19T05:21:10,Emissary of Tides (red),1,0
478,Nuu,2024-07-19T05:21:10,Hiss (red),1,0
478,Nuu,2024-07-19T05:21:10,Impulsive Desire (red),1,0
478,Nuu,2024-07-19T05:21:10,Intimate Inducement (red),1,0
478,Nuu,2024-07-19T05:21:10,Pick to Pieces (red),1,0
478,Nuu,2024-07-19T05:21:10,Venomous Bite (red),1,0
478,Nuu,2024-07-19T05:21:10,Desires of Flesh (yellow),1,0
478,Nuu,2024-07-19T05:21:10,Gravekeeping (yellow),1,0
478,Nuu,2024-07-19T05:21:10,Impulsive Desire (yellow),1,0
478,Nuu,2024-07-19T05:21:10,Nimblism (yellow),1,0
478,Nuu,2024-07-19T05:21:10,Pick to Pieces (yellow),1,0
478,Nuu,2024-07-19T05:21:10,Deep Blue Sea (blue),1,0
478,Nuu,2024-07-19T05:21:10,Desires of Flesh (blue),2,0
478,Nuu,2024-07-19T05:21:10,Droplet (blue),1,0
478,Nuu,2024-07-19T05:21:10,Intimate Inducement (blue),1,0
478,Nuu,2024-07-19T05:21:10,Mind's Desire (blue),2,0
478,Nuu,2024-07-19T05:21:10,Pass Over (blue),1,0
478,Nuu,2024-07-19T05:21:10,Path Well Traveled (blue),2,0
478,Nuu,2024-07-19T05:21:10,The Grain that Tips the Scale (blue),1,0
478,Nuu,2024-07-19T05:21:10,Tidal Surge (blue),1,0
478,Nuu,2024-07-19T05:21:10,Venomous Bite (blue),2,0
478,Nuu,2024-07-19T05:21:10,Wash Away (blue),1,0
478,Nuu,2024-07-19T05:21:10,Wide Blue Yonder (blue),1,0
478,Nuu,2024-07-19T05:21:10,Heirloom of Snake Hide,1,1
478,Nuu,2024-07-19T05:21:10,Skycrest Keikoi,1,1
478,Nuu,2024-07-19T05:21:10,Skyhold Keikoi,1,1
478,Nuu,2024-07-19T05:21:10,Undertow Stilettos,1,1
