Name,rarity,mana_cost,collector_number,type,image_url,Unique ID,Color,Pitch,Cost,Power,Defense,Health,Intelligence,Arcane,Types,Traits,Card Keywords,Abilities and Effects,Ability and Effect Keywords,Granted Keywords,Removed Keywords,Interacts with Keywords,Functional Text,Type Text,Card Played Horizontally,Blitz Legal,CC Legal,Silver Age Legal,Commoner Legal,LL Legal,total_count,average_count_per_deck,average_count_per_normalized_deck,draft_average_occurrence1,draft_average_occurrence2,pick_rate,Levia_total_count,Levia_average_count_per_deck,Levia_average_count_per_normalized_deck,Levia_pick_rate,Malice_total_count,Malice_average_count_per_deck,Malice_average_count_per_normalized_deck,Malice_pick_rate,"Viserai, Between Worlds_total_count","Viserai, Between Worlds_average_count_per_deck","Viserai, Between Worlds_average_count_per_normalized_deck","Viserai, Between Worlds_pick_rate",weighted_pick_rate
Blood Harvest,mythic,4,IAR005,"Shadow, Brute, Action, Attack",https://content.fabrary.net/cards/IAR005.webp,HKQMBnGq8PCKJTdrjmfGk,,,3,6,0,,,,"Shadow, Brute, Action, Attack",,Blood Debt,Instant,,,,,"""**Instant** - Banish this from your hand: Gain {r}{r}{r}",,,,,,,,5,0.03067484662576687,0.026171735482453634,0.37400000000000017,0.2813355853310813,0.08539312186294266,5,0.07936507936507936,0.06771417275618956,0.22363997432860167,0,0.0,0.0,0.0,0,0.0,0.0,0.0,0.07454665810953388
Devouring Doomwake (red),mythic,1,IAR006,"Shadow, Brute, Action, Attack",https://content.fabrary.net/cards/IAR006.webp,qCJpw8rfrqJ9kJwfzNzPn,Red,1,6,11,3,,,,"Shadow, Brute, Action, Attack",,Blood Debt,,,,,,"""When this hits, banish it and all defending cards.",,,,,,,,9,0.05521472392638037,0.04815264162070369,0.37400000000000017,0.2813355853310813,0.1537076193532968,9,0.14285714285714285,0.12458540609801114,0.402551953791483,0,0.0,0.0,0.0,0,0.0,0.0,0.0,0.134183984597161
Ingest the Unknown (yellow),mythic,2,IAR007,"Shadow, Brute, Action, Attack",https://content.fabrary.net/cards/IAR007.webp,dG7q7d6KBPQq9LprmWwWN,Yellow,2,1,0,3,,,,"Shadow, Brute, Action, Attack",,Blood Debt,,,,,,"""When this attacks, banish the top card of your deck. This gets +X{p}, where X is the banished card's base {p}.",,,,,,,,5,0.03067484662576687,0.02648184279364359,0.37400000000000017,0.2813355853310813,0.08539312186294266,5,0.07936507936507936,0.06851651389466516,0.22363997432860167,0,0.0,0.0,0.0,0,0.0,0.0,0.0,0.07454665810953388
Consuming Appetite (yellow),rare,2,IAR008,"Shadow, Brute, Action, Attack",https://content.fabrary.net/cards/IAR008.webp,JPzCQ97Nbmg9qJhfJBtj8,Yellow,2,3,6,3,,,,"Shadow, Brute, Action, Attack",,Blood Debt,Instant,,"Attack, Go again",,,"""**Instant** - {r}, banish this from your hand: Until end of turn, Blasmophet, the Insatiable Hunger tokens you control get """"**Action** - {t}: **Attack**. **Go again**""""",,,,,,,,16,0.09815950920245399,0.08273960146265413,0.6765967365967364,0.7394717649270611,0.1429592325956132,16,0.25396825396825395,0.21407230219702578,0.36829894648723577,0,0.0,0.0,0.0,0,0.0,0.0,0.0,0.12276631549574525
Consuming Lash (yellow),rare,2,IAR009,"Shadow, Brute, Action, Attack",https://content.fabrary.net/cards/IAR009.webp,GLQCjzpfwgGf8rpzJrGgR,Yellow,2,2,6,3,,,,"Shadow, Brute, Action, Attack",,Blood Debt,Instant,,Go again,,,"""Play this only if you control a Blasmophet.",,,,,,,,15,0.09202453987730061,0.07821706337179168,0.6765967365967364,0.7394717649270611,0.1340242805583874,15,0.23809523809523808,0.20237113221590547,0.3452802623317835,0,0.0,0.0,0.0,0,0.0,0.0,0.0,0.11509342077726116
Consuming Strength (yellow),rare,2,IAR010,"Shadow, Brute, Action, Attack",https://content.fabrary.net/cards/IAR010.webp,Dc7LG9fFtW6GGgcTQ8P9C,Yellow,2,2,6,3,,,,"Shadow, Brute, Action, Attack",,Blood Debt,Instant,,,,,"""Play this only if you control a Blasmophet.",,,,,,,,21,0.12883435582822086,0.10944338656794059,0.6765967365967364,0.7394717649270611,0.18763399278174234,21,0.3333333333333333,0.2831630477868939,0.4833923672644969,0,0.0,0.0,0.0,0,0.0,0.0,0.0,0.16113078908816564
Hellbound Assault (red),rare,1,IAR011,"Shadow, Brute, Action, Attack",https://content.fabrary.net/cards/IAR011.webp,wTM9CCchrrL6j6DLPqLGg,Red,1,2,7,3,,,,"Shadow, Brute, Action, Attack",,Blood Debt,,,,,,"""When this hits, banish it.",,,,,,,,22,0.13496932515337423,0.1116866314923258,0.6765967365967364,0.7394717649270611,0.19656894481896814,22,0.3492063492063492,0.288966998940462,0.5064110514199491,0,0.0,0.0,0.0,0,0.0,0.0,0.0,0.1688036838066497
Hellbound Assault (yellow),rare,2,IAR012,"Shadow, Brute, Action, Attack",https://content.fabrary.net/cards/IAR012.webp,r7JgDQFn8LQRRBDDwMMTj,Yellow,2,2,6,3,,,,"Shadow, Brute, Action, Attack",,Blood Debt,,,,,,"""When this hits, banish it.",,,,,,,,12,0.0736196319018405,0.06297428036988695,0.6765967365967364,0.7394717649270611,0.1072194244467099,12,0.19047619047619047,0.16293345556018368,0.27622420986542684,0,0.0,0.0,0.0,0,0.0,0.0,0.0,0.09207473662180894
Hellbound Assault (blue),rare,3,IAR013,"Shadow, Brute, Action, Attack",https://content.fabrary.net/cards/IAR013.webp,zRNknjBBKWttC7kRgJG9g,Blue,3,2,5,3,,,,"Shadow, Brute, Action, Attack",,Blood Debt,,,,,,"""When this hits, banish it.",,,,,,,,17,0.10429447852760736,0.09004748429202163,0.6765967365967364,0.7394717649270611,0.15189418463283902,17,0.2698412698412698,0.2329799990412623,0.391317630642688,0,0.0,0.0,0.0,0,0.0,0.0,0.0,0.13043921021422933
Rumbling Hunger (red),rare,1,IAR014,"Shadow, Brute, Action, Attack",https://content.fabrary.net/cards/IAR014.webp,JtKwDrDNzfLLD7tHjWzw7,Red,1,2,6,3,,,,"Shadow, Brute, Action, Attack",,"Blood Debt, Go again",,,,,,"""When this hits, if you've banished a card with 6 or more {p} this turn, create a Blasmophet, the Insatiable Hunger token and this gets **go again**.",,,,,,,,16,0.09815950920245399,0.0844386000149765,0.6765967365967364,0.7394717649270611,0.1429592325956132,16,0.25396825396825395,0.2184681238482725,0.36829894648723577,0,0.0,0.0,0.0,0,0.0,0.0,0.0,0.12276631549574525
Rumbling Hunger (yellow),rare,2,IAR015,"Shadow, Brute, Action, Attack",https://content.fabrary.net/cards/IAR015.webp,HCbqq67LkGRRNjgp7pzWW,Yellow,2,2,5,3,,,,"Shadow, Brute, Action, Attack",,"Blood Debt, Go again",,,,,,"""When this hits, if you've banished a card with 6 or more {p} this turn, create a Blasmophet, the Insatiable Hunger token and this gets **go again**.",,,,,,,,14,0.08588957055214724,0.07503946367610721,0.6765967365967364,0.7394717649270611,0.12508932852116156,14,0.2222222222222222,0.19414972347945197,0.3222615781763313,0,0.0,0.0,0.0,0,0.0,0.0,0.0,0.1074205260587771
Rumbling Hunger (blue),rare,3,IAR016,"Shadow, Brute, Action, Attack",https://content.fabrary.net/cards/IAR016.webp,Jq8jc9QRzcpTtWM97Ldz8,Blue,3,2,4,3,,,,"Shadow, Brute, Action, Attack",,"Blood Debt, Go again",,,,,,"""When this hits, if you've banished a card with 6 or more {p} this turn, create a Blasmophet, the Insatiable Hunger token and this gets **go again**.",,,,,,,,13,0.07975460122699386,0.06814116246547339,0.6765967365967364,0.7394717649270611,0.11615437648393573,13,0.20634920634920634,0.1763017378074946,0.29924289402087906,0,0.0,0.0,0.0,0,0.0,0.0,0.0,0.09974763134029302
Beckoning Hunger (red),common,1,IAR017,"Shadow, Brute, Action, Attack",https://content.fabrary.net/cards/IAR017.webp,H6MhWPLLWJpTPmd7twtgC,Red,1,3,7,3,,,,"Shadow, Brute, Action, Attack",,Blood Debt,,,,,,"""When this attacks, banish the top card of your deck.",,,,,,,,60,0.36809815950920244,0.3144721457762664,2.2654945054945057,2.13714414857014,0.16396197940599488,60,0.9523809523809523,0.8136342819290703,0.4253581539575043,0,0.0,0.0,0.0,0,0.0,0.0,0.0,0.1417860513191681
Beckoning Hunger (yellow),common,2,IAR018,"Shadow, Brute, Action, Attack",https://content.fabrary.net/cards/IAR018.webp,GKj9BJrLnJDb8cdQ6Dkc9,Yellow,2,3,6,3,,,,"Shadow, Brute, Action, Attack",,Blood Debt,,,,,,"""When this attacks, banish the top card of your deck.",,,,,,,,57,0.3496932515337423,0.2964468315867325,2.2654945054945057,2.13714414857014,0.15576388043569514,57,0.9047619047619048,0.7669973579148794,0.4040902462596291,0,0.0,0.0,0.0,0,0.0,0.0,0.0,0.1346967487532097
Beckoning Hunger (blue),common,3,IAR019,"Shadow, Brute, Action, Attack",https://content.fabrary.net/cards/IAR019.webp,FnptrgNbzKQRGnFK8rWwj,Blue,3,3,5,3,,,,"Shadow, Brute, Action, Attack",,Blood Debt,,,,,,"""When this attacks, banish the top card of your deck.",,,,,,,,47,0.2883435582822086,0.25388871346519043,2.2654945054945057,2.13714414857014,0.12843688386802934,47,0.746031746031746,0.656886671346445,0.33319722060004503,0,0.0,0.0,0.0,0,0.0,0.0,0.0,0.11106574020001501
Cleave the Heavens (red),common,1,IAR020,"Shadow, Brute, Action, Attack",https://content.fabrary.net/cards/IAR020.webp,hkWz9kcwrcHn9GffzQ7LP,Red,1,2,6,2,,,,"Shadow, Brute, Action, Attack",,Blood Debt,Instant,,,,,"""**Instant** - Banish this from your hand: Create a Gate to i'Arathael token.",,,,,,,,62,0.3803680981595092,0.3248135081976548,2.2654945054945057,2.13714414857014,0.16942737871952807,62,0.9841269841269841,0.8403905053367895,0.43953675908942114,0,0.0,0.0,0.0,0,0.0,0.0,0.0,0.14651225302980705
Cleave the Heavens (yellow),common,2,IAR021,"Shadow, Brute, Action, Attack",https://content.fabrary.net/cards/IAR021.webp,chgKbH7FjKKpQrp7KKcGQ,Yellow,2,2,5,2,,,,"Shadow, Brute, Action, Attack",,Blood Debt,Instant,,,,,"""**Instant** - Banish this from your hand: Create a Gate to i'Arathael token.",,,,,,,,39,0.2392638036809816,0.20539150342798237,2.2654945054945057,2.13714414857014,0.10657528661389669,39,0.6190476190476191,0.5314097628374782,0.2764828000723778,0,0.0,0.0,0.0,0,0.0,0.0,0.0,0.09216093335745927
Cleave the Heavens (blue),common,3,IAR022,"Shadow, Brute, Action, Attack",https://content.fabrary.net/cards/IAR022.webp,krhrbCqFhqNdJrmGgRkrj,Blue,3,2,4,2,,,,"Shadow, Brute, Action, Attack",,Blood Debt,Instant,,,,,"""**Instant** - Banish this from your hand: Create a Gate to i'Arathael token.",,,,,,,,29,0.17791411042944785,0.1506631885096936,2.2654945054945057,2.13714414857014,0.07924829004623087,29,0.4603174603174603,0.3898111067790485,0.20558977441279375,0,0.0,0.0,0.0,0,0.0,0.0,0.0,0.06852992480426458
Feasting Shadowbeast (red),common,1,IAR023,"Shadow, Brute, Action, Attack",https://content.fabrary.net/cards/IAR023.webp,FzbmbGcccMfbBdTMhGGG6,Red,1,2,6,3,,,,"Shadow, Brute, Action, Attack",,Blood Debt,,,,,,"""When this attacks, banish the top card of your deck.",,,,,,,,52,0.31901840490797545,0.27295051761941125,2.2654945054945057,2.13714414857014,0.14210038215186224,52,0.8253968253968254,0.7062053074914927,0.3686437334298371,0,0.0,0.0,0.0,0,0.0,0.0,0.0,0.12288124447661236
Feasting Shadowbeast (yellow),common,2,IAR024,"Shadow, Brute, Action, Attack",https://content.fabrary.net/cards/IAR024.webp,GbGpqrP6TFmcMQCghJ7Hb,Yellow,2,2,5,3,,,,"Shadow, Brute, Action, Attack",,Blood Debt,,,,,,"""When this attacks, banish the top card of your deck.",,,,,,,,31,0.1901840490797546,0.16079314766527522,2.2654945054945057,2.13714414857014,0.08471368935976403,31,0.49206349206349204,0.4160203661815851,0.21976837954471057,0,0.0,0.0,0.0,0,0.0,0.0,0.0,0.07325612651490353
Feasting Shadowbeast (blue),common,3,IAR025,"Shadow, Brute, Action, Attack",https://content.fabrary.net/cards/IAR025.webp,bwb9hJnjPtHGCHLbKqMwK,Blue,3,2,4,3,,,,"Shadow, Brute, Action, Attack",,Blood Debt,,,,,,"""When this attacks, banish the top card of your deck.",,,,,,,,33,0.20245398773006135,0.17752410324122317,2.2654945054945057,2.13714414857014,0.09017908867329719,33,0.5238095238095238,0.45930839410030755,0.23394698467662736,0,0.0,0.0,0.0,0,0.0,0.0,0.0,0.07798232822554245
Feeding Frenzy (red),common,1,IAR026,"Shadow, Brute, Action, Attack",https://content.fabrary.net/cards/IAR026.webp,kKNQg6DgJKJHhFqbPGKLc,Red,1,2,6,3,,,,"Shadow, Brute, Action, Attack",,"Blood Debt, Go again",,,,,,"""When this attacks, banish the top card of your deck.",,,,,,,,71,0.43558282208588955,0.37034857437567054,2.2654945054945057,2.13714414857014,0.1940216756304273,71,1.126984126984127,0.9582034543370523,0.5033404821830467,0,0.0,0.0,0.0,0,0.0,0.0,0.0,0.16778016072768223
Feeding Frenzy (yellow),common,2,IAR027,"Shadow, Brute, Action, Attack",https://content.fabrary.net/cards/IAR027.webp,Cn7Bjjtj6Wj9zfmPdfnkH,Yellow,2,2,5,3,,,,"Shadow, Brute, Action, Attack",,"Blood Debt, Go again",,,,,,"""When this attacks, banish the top card of your deck.",,,,,,,,35,0.2147239263803681,0.18141929397128928,2.2654945054945057,2.13714414857014,0.09564448798683035,35,0.5555555555555556,0.46938642725905005,0.24812558980854418,0,0.0,0.0,0.0,0,0.0,0.0,0.0,0.0827085299361814
Feeding Frenzy (blue),common,3,IAR028,"Shadow, Brute, Action, Attack",https://content.fabrary.net/cards/IAR028.webp,MDzFcpckWqGK8Kjm7MWh8,Blue,3,2,4,3,,,,"Shadow, Brute, Action, Attack",,"Blood Debt, Go again",,,,,,"""When this attacks, banish the top card of your deck.",,,,,,,,45,0.27607361963190186,0.2364396840343448,2.2654945054945057,2.13714414857014,0.12297148455449618,45,0.7142857142857143,0.6117407698031461,0.3190186154681282,0,0.0,0.0,0.0,0,0.0,0.0,0.0,0.10633953848937606
Gorging Shadowbeast (red),common,1,IAR029,"Shadow, Brute, Action, Attack",https://content.fabrary.net/cards/IAR029.webp,9JfbD9hhGwrtKBcT9KCTF,Red,1,2,7,3,,,,"Shadow, Brute, Action, Attack",,Blood Debt,,,,,,"""When this attacks, banish the top card of your deck.",,,,,,,,52,0.31901840490797545,0.26915361488974077,2.2654945054945057,2.13714414857014,0.14210038215186224,52,0.8253968253968254,0.6963815750321863,0.3686437334298371,0,0.0,0.0,0.0,0,0.0,0.0,0.0,0.12288124447661236
Gorging Shadowbeast (yellow),common,2,IAR030,"Shadow, Brute, Action, Attack",https://content.fabrary.net/cards/IAR030.webp,fcm7phtTmqQ8jr8nnJqCr,Yellow,2,2,6,3,,,,"Shadow, Brute, Action, Attack",,Blood Debt,,,,,,"""When this attacks, banish the top card of your deck.",,,,,,,,36,0.22085889570552147,0.18629324316026694,2.2654945054945057,2.13714414857014,0.09837718764359694,36,0.5714285714285714,0.48199680373211923,0.25521489237450257,0,0.0,0.0,0.0,0,0.0,0.0,0.0,0.08507163079150086
Gorging Shadowbeast (blue),common,3,IAR031,"Shadow, Brute, Action, Attack",https://content.fabrary.net/cards/IAR031.webp,dzhDrh9NqzMJBHRQWNgTB,Blue,3,2,5,3,,,,"Shadow, Brute, Action, Attack",,Blood Debt,,,,,,"""When this attacks, banish the top card of your deck.",,,,,,,,53,0.32515337423312884,0.27649176650735363,2.2654945054945057,2.13714414857014,0.14483308180862883,53,0.8412698412698413,0.7153675863602958,0.37573303599579544,0,0.0,0.0,0.0,0,0.0,0.0,0.0,0.12524434533193182
Satiate Bloodthirst (red),common,1,IAR032,"Shadow, Brute, Action, Attack",https://content.fabrary.net/cards/IAR032.webp,wDQNdbWNncgjKMHchH7PQ,Red,1,3,7,2,,,,"Shadow, Brute, Action, Attack",,Blood Debt,Instant,,,,,"""**Instant** - Banish this from your hand: Gain 1{h}",,,,,,,,54,0.3312883435582822,0.28456045510331995,2.2654945054945057,2.13714414857014,0.1475657814653954,54,0.8571428571428571,0.7362437171720817,0.38282233856175385,0,0.0,0.0,0.0,0,0.0,0.0,0.0,0.12760744618725128
Satiate Bloodthirst (yellow),common,2,IAR033,"Shadow, Brute, Action, Attack",https://content.fabrary.net/cards/IAR033.webp,hMLJqmRpM9RBg7bkfj79n,Yellow,2,3,6,2,,,,"Shadow, Brute, Action, Attack",,Blood Debt,Instant,,,,,"""**Instant** - Banish this from your hand: Gain 1{h}",,,,,,,,54,0.3312883435582822,0.2824941494113288,2.2654945054945057,2.13714414857014,0.1475657814653954,54,0.8571428571428571,0.7308975611753427,0.38282233856175385,0,0.0,0.0,0.0,0,0.0,0.0,0.0,0.12760744618725128
Satiate Bloodthirst (blue),common,3,IAR034,"Shadow, Brute, Action, Attack",https://content.fabrary.net/cards/IAR034.webp,CWkPbFF66TH9mphKpNzpR,Blue,3,3,5,2,,,,"Shadow, Brute, Action, Attack",,Blood Debt,Instant,,,,,"""**Instant** - Banish this from your hand: Gain 1{h}",,,,,,,,33,0.20245398773006135,0.1690026625811026,2.2654945054945057,2.13714414857014,0.09017908867329719,33,0.5238095238095238,0.43726085715428137,0.23394698467662736,0,0.0,0.0,0.0,0,0.0,0.0,0.0,0.07798232822554245
Blasmophet's Boon (blue),common,3,IAR035,"Shadow, Brute, Action, Attack",https://content.fabrary.net/cards/IAR035.webp,NnnJRKgBkjQgBLNrB96CQ,Blue,3,1,*,3,,,,"Shadow, Brute, Action, Attack",,Blood Debt,,,,,,"""If you control a Blasmophet, this card's {p} is 6. Otherwise, it's 0.",,,,,,,,40,0.24539877300613497,0.2054456216026236,2.2654945054945057,2.13714414857014,0.10930798627066327,40,0.6349206349206349,0.5315497828766294,0.2835721026383362,0,0.0,0.0,0.0,0,0.0,0.0,0.0,0.09452403421277873
Consuming Command (blue),common,3,IAR036,"Shadow, Brute, Action",https://content.fabrary.net/cards/IAR036.webp,mDGrzt77f8wK6mtR9zzbb,Blue,3,1,,3,,,,"Shadow, Brute, Action",,"Blood Debt, Go again",,,Attack,,,"""Until end of turn, Blasmophet, the Insatiable Hunger tokens you control get """"**Action** - {t}: **Attack**. **Go again**""""",,,,,,,,54,0.3312883435582822,0.28323860409143403,2.2654945054945057,2.13714414857014,0.1475657814653954,54,0.8571428571428571,0.7328236899508532,0.38282233856175385,0,0.0,0.0,0.0,0,0.0,0.0,0.0,0.12760744618725128
Goremass Summoning (blue),common,3,IAR037,"Shadow, Brute, Action",https://content.fabrary.net/cards/IAR037.webp,R6cnJKCmcc9w8qLcFjKzq,Blue,3,2,,3,,,,"Shadow, Brute, Action",,Go again,,,,,,"""If you've banished a card with 6 or more {p} this turn, create a Blasmophet, the Insatiable Hunger token.",,,,,,,,46,0.2822085889570552,0.24027331168492444,2.2654945054945057,2.13714414857014,0.12570418421126275,46,0.7301587301587301,0.621659520708614,0.3261079180340866,0,0.0,0.0,0.0,0,0.0,0.0,0.0,0.10870263934469554
Apex Buster (yellow),mythic,2,IAR039,"Brute, Action, Attack",https://content.fabrary.net/cards/IAR039.webp,bPPRRpDbkkrQ8G9mK8BNh,Yellow,2,3,6,3,,,,"Brute, Action, Attack",,,Instant,,,,,"**Instant** - {r}{r}, discard this: Destroy target card that is defending an attack you control with 6 or more base {p}.",Brute Action - Attack,,,,No,No,,8,0.049079754601226995,0.04093997074870405,0.37400000000000017,0.2813355853310813,0.13662899498070827,8,0.12698412698412698,0.10592405130220253,0.3578239589257627,0,0.0,0.0,0.0,0,0.0,0.0,0.0,0.11927465297525423
Battle Clearing Bellow (blue),mythic,3,IAR040,"Brute, Action",https://content.fabrary.net/cards/IAR040.webp,qnkdHpL7jK6wQ6BRMhNcm,Blue,3,3,,3,,,,"Brute, Action",,Go again,,,,,,"""Your next attack with 6 or more base {p} this turn gets +6{p}.",,,,,,,,10,0.06134969325153374,0.05289560926894969,0.37400000000000017,0.2813355853310813,0.17078624372588533,10,0.15873015873015872,0.13685689382283808,0.44727994865720333,0,0.0,0.0,0.0,0,0.0,0.0,0.0,0.14909331621906777
Peak Power (red),rare,1,IAR041,"Brute, Action, Attack",https://content.fabrary.net/cards/IAR041.webp,kLPTDmtKNWpDMHkDLJgCf,Red,1,3,7,2,,,,"Brute, Action, Attack",,Overpower,,,,,,"When this attacks, reveal the top card of your deck. If the revealed card has 6 or more base {p}, this gets **overpower**.",Brute Action - Attack,,,,,No,,16,0.09815950920245399,0.08532737769913491,0.6765967365967364,0.7394717649270611,0.1429592325956132,16,0.25396825396825395,0.22076765976125381,0.36829894648723577,0,0.0,0.0,0.0,0,0.0,0.0,0.0,0.12276631549574525
Peak Power (yellow),rare,2,IAR042,"Brute, Action, Attack",https://content.fabrary.net/cards/IAR042.webp,rQqWWfdGpRWzKwBWr6qGt,Yellow,2,3,6,2,,,,"Brute, Action, Attack",,Overpower,,,,,,"When this attacks, reveal the top card of your deck. If the revealed card has 6 or more base {p}, this gets **overpower**.",Brute Action - Attack,,,,,No,,19,0.1165644171779141,0.09843096531352719,0.6765967365967364,0.7394717649270611,0.16976408870729068,19,0.30158730158730157,0.2546705927953164,0.4373549989535925,0,0.0,0.0,0.0,0,0.0,0.0,0.0,0.14578499965119748
Peak Power (blue),rare,3,IAR043,"Brute, Action, Attack",https://content.fabrary.net/cards/IAR043.webp,mH76gGKDbqRfBDh9zRD7b,Blue,3,3,5,2,,,,"Brute, Action, Attack",,Overpower,,,,,,"When this attacks, reveal the top card of your deck. If the revealed card has 6 or more base {p}, this gets **overpower**.",Brute Action - Attack,,,,,No,,8,0.049079754601226995,0.04232515905255454,0.6765967365967364,0.7394717649270611,0.0714796162978066,8,0.12698412698412698,0.1095079511994665,0.18414947324361788,0,0.0,0.0,0.0,0,0.0,0.0,0.0,0.061383157747872626
Rocktop Bellow (red),rare,1,IAR044,"Brute, Action",https://content.fabrary.net/cards/IAR044.webp,BrcmNjDLgqC6HcKCMk6bF,Red,1,2,,2,,,,"Brute, Action",,"Overpower, Go again",,,Overpower,,,"""Reveal the top card of your deck. If the revealed card has 6 or more base {p}, your next attack this turn gets **overpower**. Otherwise, put the revealed card on the bottom.",,,,,,,,16,0.09815950920245399,0.08449768847233738,0.6765967365967364,0.7394717649270611,0.1429592325956132,16,0.25396825396825395,0.21862100350779354,0.36829894648723577,0,0.0,0.0,0.0,0,0.0,0.0,0.0,0.12276631549574525
Rocktop Bellow (yellow),rare,2,IAR045,"Brute, Action",https://content.fabrary.net/cards/IAR045.webp,c8cgQnNGBrqRPFcBNb9Fr,Yellow,2,2,,2,,,,"Brute, Action",,"Overpower, Go again",,,Overpower,,,"""Reveal the top card of your deck. If the revealed card has 6 or more base {p}, your next attack this turn gets **overpower**. Otherwise, put the revealed card on the bottom.",,,,,,,,8,0.049079754601226995,0.04239565318598158,0.6765967365967364,0.7394717649270611,0.0714796162978066,8,0.12698412698412698,0.10969034078277774,0.18414947324361788,0,0.0,0.0,0.0,0,0.0,0.0,0.0,0.061383157747872626
Rocktop Bellow (blue),rare,3,IAR046,"Brute, Action",https://content.fabrary.net/cards/IAR046.webp,tnMTbCRzzRfq7fn7CtWqK,Blue,3,2,,2,,,,"Brute, Action",,"Overpower, Go again",,,Overpower,,,"""Reveal the top card of your deck. If the revealed card has 6 or more base {p}, your next attack this turn gets **overpower**. Otherwise, put the revealed card on the bottom.",,,,,,,,10,0.06134969325153374,0.05114046810945137,0.6765967365967364,0.7394717649270611,0.08934952037225825,10,0.15873015873015872,0.13231581431492975,0.23018684155452235,0,0.0,0.0,0.0,0,0.0,0.0,0.0,0.07672894718484079
Headstrong Stampede (red),common,1,IAR047,"Brute, Action, Attack",https://content.fabrary.net/cards/IAR047.webp,ttmGFLLWpcGcbwNDHNKfQ,Red,1,2,6,2,,,,"Brute, Action, Attack",,Go again,,,,,,"When this attacks, reveal the top card of your deck. If the revealed card has 6 or more base {p}, this gets **go again**.",Brute Action - Attack,,,,,,,37,0.22699386503067484,0.19393286351823077,1.9202564102564095,2.07810249332608,0.116680302955904,37,0.5873015873015873,0.5017628056106606,0.30074417212649834,0,0.0,0.0,0.0,0,0.0,0.0,0.0,0.10024805737549945
Headstrong Stampede (yellow),common,2,IAR048,"Brute, Action, Attack",https://content.fabrary.net/cards/IAR048.webp,wmPDNbRffDkNr7DHrKFt9,Yellow,2,2,5,2,,,,"Brute, Action, Attack",,Go again,,,,,,"When this attacks, reveal the top card of your deck. If the revealed card has 6 or more base {p}, this gets **go again**.",Brute Action - Attack,,,,,,,25,0.15337423312883436,0.13177118903248558,1.9202564102564095,2.07810249332608,0.07883804253777296,25,0.3968253968253968,0.34093180654436744,0.20320552170709347,0,0.0,0.0,0.0,0,0.0,0.0,0.0,0.06773517390236448
Headstrong Stampede (blue),common,3,IAR049,"Brute, Action, Attack",https://content.fabrary.net/cards/IAR049.webp,RGFwNCznQFcQdpJL7cmj7,Blue,3,2,4,2,,,,"Brute, Action, Attack",,Go again,,,,,,"When this attacks, reveal the top card of your deck. If the revealed card has 6 or more base {p}, this gets **go again**.",Brute Action - Attack,,,,,,,19,0.1165644171779141,0.09933610554704975,1.9202564102564095,2.07810249332608,0.05991691232870745,19,0.30158730158730157,0.2570124635582398,0.15443619649739104,0,0.0,0.0,0.0,0,0.0,0.0,0.0,0.051478732165797014
Rise to the Challenge (red),common,1,IAR050,"Brute, Block",https://content.fabrary.net/cards/IAR050.webp,98CqQctT9798DjgnBQ6Fg,Red,1,,,3,,,,"Brute, Block",,,Instant,,,,,"""When this defends, reveal the top card of your deck. If the revealed card has 6 or more base {p}, this gets +2{d}. Otherwise, put the revealed card on the bottom.",,,,,,,,58,0.3558282208588957,0.3034682061140916,1.9202564102564095,2.07810249332608,0.1829042586876333,58,0.9206349206349206,0.7851637713745545,0.47143681036045687,0,0.0,0.0,0.0,0,0.0,0.0,0.0,0.15714560345348563
Rise to the Challenge (yellow),common,2,IAR051,"Brute, Block",https://content.fabrary.net/cards/IAR051.webp,rqqhfk6QgmJCNkQNGhqNg,Yellow,2,,,2,,,,"Brute, Block",,,Instant,,,,,"""When this defends, reveal the top card of your deck. If the revealed card has 6 or more base {p}, this gets +2{d}. Otherwise, put the revealed card on the bottom.",,,,,,,,30,0.18404907975460122,0.1562878636897137,1.9202564102564095,2.07810249332608,0.09460565104532756,30,0.47619047619047616,0.4043638378003704,0.24384662604851218,0,0.0,0.0,0.0,0,0.0,0.0,0.0,0.08128220868283739
Rise to the Challenge (blue),common,3,IAR052,"Brute, Block",https://content.fabrary.net/cards/IAR052.webp,wQNrNhFfjBdkDnQ8QkJqq,Blue,3,,,1,,,,"Brute, Block",,,Instant,,,,,"""When this defends, reveal the top card of your deck. If the revealed card has 6 or more base {p}, this gets +2{d}. Otherwise, put the revealed card on the bottom.",,,,,,,,35,0.2147239263803681,0.18181171025785917,1.9202564102564095,2.07810249332608,0.11037325955288216,35,0.5555555555555556,0.4704017265401753,0.28448773038993086,0,0.0,0.0,0.0,0,0.0,0.0,0.0,0.09482924346331029
Forsaken Strike (yellow),mythic,2,IAR057,"Shadow, Necromancer, Action, Attack",https://content.fabrary.net/cards/IAR057.webp,WwDhkb9GhLkbfGPdH68kh,Yellow,2,0,3,3,,,,"Shadow, Necromancer, Action, Attack",,Go again,,,,,,"""As an additional cost to play this, you may destroy up to 3 zombies you control and/or discard up to 3 zombies. Choose a mode for each zombie destroyed or discarded this way;",,,,,,,,5,0.03067484662576687,0.02549688310101613,0.37400000000000017,0.2813355853310813,0.08539312186294266,0,0.0,0.0,0.0,5,0.09803921568627451,0.08149003814638489,0.27412250241725195,0,0.0,0.0,0.0,0.09137416747241732
Bridge of Damnation (blue),mythic,3,IAR058,"Shadow, Necromancer, Action, Aura",https://content.fabrary.net/cards/IAR058.webp,f8mDBJ8bNgcpnGCTTCLj6,Blue,3,0,,3,,,,"Shadow, Necromancer, Action, Aura",,Go again,,,,,,"""**Go again**",,,,,,,,3,0.018404907975460124,0.016047985756574713,0.37400000000000017,0.2813355853310813,0.0512358731177656,0,0.0,0.0,0.0,3,0.058823529411764705,0.05129062114356232,0.16447350145035117,0,0.0,0.0,0.0,0.05482450048345039
Restless Templar (red),mythic,1,IAR059,"Shadow, Necromancer, Action, Zombie, Ally",https://content.fabrary.net/cards/IAR059.webp,MQRmLGWG6rGCHtNChtbkm,Red,1,0,3,,3,,,"Shadow, Necromancer, Action, Zombie, Ally",,Decay,,,,,Decay,"""Whenever a zombie you control with decay dies, create a Gate to i'Arathael token.",,,,,,,,6,0.03680981595092025,0.031009337757804012,0.37400000000000017,0.22800097199902788,0.10495744581601091,0,0.0,0.0,0.0,6,0.11764705882352941,0.0991082755788638,0.3378376714301241,0,0.0,0.0,0.0,0.1126125571433747
Commit to Corruption (red),rare,1,IAR060,"Shadow, Necromancer, Action",https://content.fabrary.net/cards/IAR060.webp,NbfNqhPmHL8zKbQmbQcfB,Red,1,0,,3,,,,"Shadow, Necromancer, Action",,Go again,,,,,,"""Your next attack this turn gets +3{p} and """"When this hits, create a Corrupted Corpse in your banished zone.""""",,,,,,,,12,0.0736196319018405,0.061373855305126554,0.6765967365967364,0.7394717649270611,0.1072194244467099,0,0.0,0.0,0.0,12,0.23529411764705882,0.19615565519089467,0.34215027191696507,0,0.0,0.0,0.0,0.11405009063898836
Commit to Corruption (yellow),rare,2,IAR061,"Shadow, Necromancer, Action",https://content.fabrary.net/cards/IAR061.webp,mLNddgQPMMqJwN7KwrQnB,Yellow,2,0,,3,,,,"Shadow, Necromancer, Action",,Go again,,,,,,"""Your next attack this turn gets +2{p} and """"When this hits, create a Corrupted Corpse in your banished zone.""""",,,,,,,,13,0.07975460122699386,0.06736557122163962,0.6765967365967364,0.7394717649270611,0.11615437648393573,0,0.0,0.0,0.0,13,0.2549019607843137,0.21530564919857367,0.37066279457671214,0,0.0,0.0,0.0,0.12355426485890404
Commit to Corruption (blue),rare,3,IAR062,"Shadow, Necromancer, Action",https://content.fabrary.net/cards/IAR062.webp,h7knnpR8JkPm9Qkr7Rt7G,Blue,3,0,,3,,,,"Shadow, Necromancer, Action",,Go again,,,,,,"""Your next attack this turn gets +1{p} and """"When this hits, create a Corrupted Corpse in your banished zone.""""",,,,,,,,10,0.06134969325153374,0.05012665006207143,0.6765967365967364,0.7394717649270611,0.08934952037225825,0,0.0,0.0,0.0,10,0.19607843137254902,0.16020870510034596,0.2851252265974709,0,0.0,0.0,0.0,0.09504174219915697
Restless Looter (red),rare,1,IAR063,"Shadow, Necromancer, Action, Zombie, Ally",https://content.fabrary.net/cards/IAR063.webp,dBwz9ngzQjPkbrdqRkhFf,Red,1,0,3,,3,,,"Shadow, Necromancer, Action, Zombie, Ally",,Decay,Instant,,,,,"""**Instant** - {t}, Discard a card. If you do, draw a card.",,,,,,,,8,0.049079754601226995,0.04218458999211046,0.6765967365967364,0.6581815236366569,0.07285545028265758,0,0.0,0.0,0.0,8,0.1568627450980392,0.1348252582100785,0.23295974690275423,0,0.0,0.0,0.0,0.07765324896758474
Restless Magister (red),rare,1,IAR064,"Shadow, Necromancer, Action, Zombie, Ally",https://content.fabrary.net/cards/IAR064.webp,PRfhDbJzRtJD66DTGcccM,Red,1,0,3,,3,,,"Shadow, Necromancer, Action, Zombie, Ally",,Decay,,,,,,"""When this hits a hero, they banish a card from their hand.",,,,,,,,18,0.11042944785276074,0.09183715172907751,0.6765967365967364,0.6581815236366569,0.16392476313597956,0,0.0,0.0,0.0,18,0.35294117647058826,0.2935187398399928,0.5241594305311971,0,0.0,0.0,0.0,0.1747198101770657
Restless Quartermaster (red),rare,1,IAR065,"Shadow, Necromancer, Action, Zombie, Ally",https://content.fabrary.net/cards/IAR065.webp,PThDWrq6twrdKKcrNQ9fC,Red,1,0,3,,3,,,"Shadow, Necromancer, Action, Zombie, Ally",,Decay,,,,,,"""When this hits a hero, they banish a card in their arsenal.",,,,,,,,8,0.049079754601226995,0.040655725065685364,0.6765967365967364,0.6581815236366569,0.07285545028265758,0,0.0,0.0,0.0,8,0.1568627450980392,0.1299388859942493,0.23295974690275423,0,0.0,0.0,0.0,0.07765324896758474
Mark of Neverest (blue),rare,3,IAR066,"Shadow, Necromancer, Instant, Aura",https://content.fabrary.net/cards/IAR066.webp,WCDQmHjfcPBRfrpGh9dq8,Blue,3,0,,,,,,"Shadow, Necromancer, Instant, Aura",,Binds,,,,,,"""**Binds** to an ally permanent you control.",,,,,,,,9,0.05521472392638037,0.048280977990338945,0.6765967365967364,0.7394717649270611,0.08041456833503242,0,0.0,0.0,0.0,9,0.17647058823529413,0.15430979240049505,0.2566127039377238,0,0.0,0.0,0.0,0.08553756797924127
Mark of Pathstone (blue),rare,3,IAR067,"Shadow, Necromancer, Instant, Aura",https://content.fabrary.net/cards/IAR067.webp,C8jPCtGhgHQnQLLnPzdRd,Blue,3,0,,,,,,"Shadow, Necromancer, Instant, Aura",,Binds,,,,,,"""**Binds** to an ally permanent you control.",,,,,,,,8,0.049079754601226995,0.03997508598735592,0.6765967365967364,0.7394717649270611,0.0714796162978066,0,0.0,0.0,0.0,8,0.1568627450980392,0.12776351011645126,0.2281001812779767,0,0.0,0.0,0.0,0.07603339375932557
Mark of Ushering (blue),rare,3,IAR068,"Shadow, Necromancer, Instant, Aura",https://content.fabrary.net/cards/IAR068.webp,LfctPwBM8nzQKQPmpLBRm,Blue,3,0,,,,,,"Shadow, Necromancer, Instant, Aura",,Binds,,,,,,"""**Binds** to an ally permanent you control.",,,,,,,,10,0.06134969325153374,0.053103062305516285,0.6765967365967364,0.7394717649270611,0.08934952037225825,0,0.0,0.0,0.0,10,0.19607843137254902,0.16972155207449324,0.2851252265974709,0,0.0,0.0,0.0,0.09504174219915697
Acrid Stench (red),common,1,IAR069,"Shadow, Necromancer, Action, Attack",https://content.fabrary.net/cards/IAR069.webp,WfmfkqC8wcW9qjNDJ8qDb,Red,1,0,3,2,,,,"Shadow, Necromancer, Action, Attack",,Go again,,,,,,"""When this attacks, you may discard a zombie. If you do, create a Corrupted Corpse in your banished zone.",,,,,,,,35,0.2147239263803681,0.18196174995602615,2.2654945054945057,2.1371441485701395,0.09564448798683035,0,0.0,0.0,0.0,35,0.6862745098039216,0.58156402436926,0.30598399817535216,0,0.0,0.0,0.0,0.10199466605845071
Acrid Stench (yellow),common,2,IAR070,"Shadow, Necromancer, Action, Attack",https://content.fabrary.net/cards/IAR070.webp,mtjmCd88qqFtRtJKjdwWw,Yellow,2,0,2,2,,,,"Shadow, Necromancer, Action, Attack",,Go again,,,,,,"""When this attacks, you may discard a zombie. If you do, create a Corrupted Corpse in your banished zone.",,,,,,,,27,0.1656441717791411,0.13670888095887898,2.2654945054945057,2.1371441485701395,0.0737828907326977,0,0.0,0.0,0.0,27,0.5294117647058824,0.4369323058097505,0.23604479859241453,0,0.0,0.0,0.0,0.07868159953080485
Acrid Stench (blue),common,3,IAR071,"Shadow, Necromancer, Action, Attack",https://content.fabrary.net/cards/IAR071.webp,PKq8KHtBMRWKQBKJn6mPP,Blue,3,0,1,2,,,,"Shadow, Necromancer, Action, Attack",,Go again,,,,,,"""When this attacks, you may discard a zombie. If you do, create a Corrupted Corpse in your banished zone.",,,,,,,,31,0.1901840490797546,0.15862863591724816,2.2654945054945057,2.1371441485701395,0.08471368935976403,0,0.0,0.0,0.0,31,0.6078431372549019,0.5069895618531657,0.27101439838388336,0,0.0,0.0,0.0,0.09033813279462778
Bone Mass (red),common,1,IAR072,"Shadow, Necromancer, Action, Attack",https://content.fabrary.net/cards/IAR072.webp,gfrG9hD8BQfqgwnjNRtWt,Red,1,0,3,2,,,,"Shadow, Necromancer, Action, Attack",,Go again,,,,,,"""When this attacks, you may discard a zombie. If you do, your next attack this turn gets +1{p}.",,,,,,,,36,0.22085889570552147,0.18518172600040253,2.2654945054945057,2.1371441485701395,0.09837718764359694,0,0.0,0.0,0.0,36,0.7058823529411765,0.5918553203542277,0.31472639812321934,0,0.0,0.0,0.0,0.10490879937440645
Bone Mass (yellow),common,2,IAR073,"Shadow, Necromancer, Action, Attack",https://content.fabrary.net/cards/IAR073.webp,9Lw6FRn6bP7WGCTzRRpRm,Yellow,2,0,2,2,,,,"Shadow, Necromancer, Action, Attack",,Go again,,,,,,"""When this attacks, you may discard a zombie. If you do, your next attack this turn gets +1{p}.",,,,,,,,27,0.1656441717791411,0.14142559753775144,2.2654945054945057,2.1371441485701395,0.0737828907326977,0,0.0,0.0,0.0,27,0.5294117647058824,0.45200730193438204,0.23604479859241453,0,0.0,0.0,0.0,0.07868159953080485
Bone Mass (blue),common,3,IAR074,"Shadow, Necromancer, Action, Attack",https://content.fabrary.net/cards/IAR074.webp,9KMwWTNFNtD8BMzrjcmmQ,Blue,3,0,1,2,,,,"Shadow, Necromancer, Action, Attack",,Go again,,,,,,"""When this attacks, you may discard a zombie. If you do, your next attack this turn gets +1{p}.",,,,,,,,20,0.12269938650306748,0.10198522351174823,2.2654945054945057,2.1371441485701395,0.05465399313533163,0,0.0,0.0,0.0,20,0.39215686274509803,0.3259527731846071,0.1748479989573441,0,0.0,0.0,0.0,0.0582826663191147
Malignant Migration (red),common,1,IAR075,"Shadow, Necromancer, Action, Attack",https://content.fabrary.net/cards/IAR075.webp,JMqDFfwThHFWmkc7DzBWR,Red,1,0,3,2,,,,"Shadow, Necromancer, Action, Attack",,Go again,,,,,,"""When this attacks, you may discard a zombie. If you do, put a card from your banished zone into your graveyard.",,,,,,,,39,0.2392638036809816,0.2047005882881208,2.2654945054945057,2.1371441485701395,0.10657528661389669,0,0.0,0.0,0.0,39,0.7647058823529411,0.6542391351169351,0.34095359796682095,0,0.0,0.0,0.0,0.11365119932227365
Malignant Migration (yellow),common,2,IAR076,"Shadow, Necromancer, Action, Attack",https://content.fabrary.net/cards/IAR076.webp,RHrh7rJjpbWwBFMHFfNqw,Yellow,2,0,2,2,,,,"Shadow, Necromancer, Action, Attack",,Go again,,,,,,"""When this attacks, you may discard a zombie. If you do, put a card from your banished zone into your graveyard.",,,,,,,,15,0.09202453987730061,0.07681794362453065,2.2654945054945057,2.1371441485701395,0.04099049485149872,0,0.0,0.0,0.0,15,0.29411764705882354,0.24551617276075482,0.13113599921800806,0,0.0,0.0,0.0,0.04371199973933602
Malignant Migration (blue),common,3,IAR077,"Shadow, Necromancer, Action, Attack",https://content.fabrary.net/cards/IAR077.webp,WL7rWTrgDmbQRMWthjQCh,Blue,3,0,1,2,,,,"Shadow, Necromancer, Action, Attack",,Go again,,,,,,"""When this attacks, you may discard a zombie. If you do, put a card from your banished zone into your graveyard.",,,,,,,,23,0.1411042944785276,0.11774402136042433,2.2654945054945057,2.1371441485701395,0.06285209210563138,0,0.0,0.0,0.0,23,0.45098039215686275,0.37631912709312093,0.2010751988009457,0,0.0,0.0,0.0,0.0670250662669819
Ominous Toll (red),common,1,IAR078,"Shadow, Necromancer, Action, Attack",https://content.fabrary.net/cards/IAR078.webp,kqgmK6HhhfFrFq9zjgtQn,Red,1,0,3,2,,,,"Shadow, Necromancer, Action, Attack",,Go again,,,,,,"""When this attacks, you may discard a zombie. If you do, create a Gate to i'Arathael token.",,,,,,,,38,0.2331288343558282,0.19822831570240154,2.2654945054945057,2.1371441485701395,0.1038425869571301,0,0.0,0.0,0.0,38,0.7450980392156863,0.6335532443037539,0.33221119801895377,0,0.0,0.0,0.0,0.11073706600631793
Ominous Toll (yellow),common,2,IAR079,"Shadow, Necromancer, Action, Attack",https://content.fabrary.net/cards/IAR079.webp,wrrNQrjh7BtTjGrPq9qp7,Yellow,2,0,2,2,,,,"Shadow, Necromancer, Action, Attack",,Go again,,,,,,"""When this attacks, you may discard a zombie. If you do, create a Gate to i'Arathael token.",,,,,,,,39,0.2392638036809816,0.2007361847746878,2.2654945054945057,2.1371441485701395,0.10657528661389669,0,0.0,0.0,0.0,39,0.7647058823529411,0.6415685905543944,0.34095359796682095,0,0.0,0.0,0.0,0.11365119932227365
Ominous Toll (blue),common,3,IAR080,"Shadow, Necromancer, Action, Attack",https://content.fabrary.net/cards/IAR080.webp,jmktPCQzQHc9pCpwWHf7n,Blue,3,0,1,2,,,,"Shadow, Necromancer, Action, Attack",,Go again,,,,,,"""When this attacks, you may discard a zombie. If you do, create a Gate to i'Arathael token.",,,,,,,,31,0.1901840490797546,0.15724151382473478,2.2654945054945057,2.1371441485701395,0.08471368935976403,0,0.0,0.0,0.0,31,0.6078431372549019,0.5025562108516033,0.27101439838388336,0,0.0,0.0,0.0,0.09033813279462778
Shadowrealm Solace (blue),common,3,IAR081,"Shadow, Necromancer, Action",https://content.fabrary.net/cards/IAR081.webp,hLmqdjm8CNt666bnBFDbq,Blue,3,0,,3,,,,"Shadow, Necromancer, Action",,Go again,,,,,,"""You may put a card from your banished zone into your graveyard. If it's a zombie, gain 1{h}.",,,,,,,,52,0.31901840490797545,0.2696892005665218,2.2654945054945057,2.1371441485701395,0.14210038215186224,0,0.0,0.0,0.0,52,1.0196078431372548,0.8619478371047657,0.45460479728909464,0,0.0,0.0,0.0,0.1515349324296982
Shadowrealm Strength (red),common,1,IAR082,"Shadow, Necromancer, Action",https://content.fabrary.net/cards/IAR082.webp,GTJwfppCK8hPcRGkKGPKC,Red,1,0,,3,,,,"Shadow, Necromancer, Action",,Go again,,,,,,"""You may put a card from your banished zone into your graveyard. If it's a zombie, your next attack this turn gets +3{p}.",,,,,,,,40,0.24539877300613497,0.20305090915203447,2.2654945054945057,2.1371441485701395,0.10930798627066327,0,0.0,0.0,0.0,40,0.7843137254901961,0.6489666312114043,0.3496959979146882,0,0.0,0.0,0.0,0.1165653326382294
Shadowrealm Swiftness (yellow),common,2,IAR083,"Shadow, Necromancer, Action",https://content.fabrary.net/cards/IAR083.webp,8MmbFrQMhL6hdrnLRqbhH,Yellow,2,0,,3,,,,"Shadow, Necromancer, Action",,Go again,,,Go again,,,"""You may put a card from your banished zone into your graveyard. If it's a zombie, your next attack this turn gets **go again**.",,,,,,,,40,0.24539877300613497,0.20709243208127326,2.2654945054945057,2.1371441485701395,0.10930798627066327,0,0.0,0.0,0.0,40,0.7843137254901961,0.6618836554754419,0.3496959979146882,0,0.0,0.0,0.0,0.1165653326382294
Restless Cleric (red),common,1,IAR084,"Shadow, Necromancer, Action, Zombie, Ally",https://content.fabrary.net/cards/IAR084.webp,P7dJ7gDrJpWfDKpfnnj98,Red,1,0,3,,3,,,"Shadow, Necromancer, Action, Zombie, Ally",,Decay,Action,Go again,,,,"""**Action** - {t}: Gain 1{h}. **Go again**",,,,,,,,38,0.2331288343558282,0.19658638659340355,2.2654945054945057,1.9657157485699657,0.10512298710304031,0,0.0,0.0,0.0,38,0.7450980392156863,0.6283055100926427,0.3367534158898228,0,0.0,0.0,0.0,0.11225113862994095
Restless Corporal (red),common,1,IAR085,"Shadow, Necromancer, Action, Zombie, Ally",https://content.fabrary.net/cards/IAR085.webp,96BKPQqp8PbgGRhHjn99c,Red,1,0,3,,3,,,"Shadow, Necromancer, Action, Zombie, Ally",,Decay,Action,Go again,,,,"""**Action** - {t}: Put a card from your banished zone into your graveyard. **Go again**",,,,,,,,34,0.2085889570552147,0.17660523676104495,2.2654945054945057,1.9657157485699657,0.09405740951324659,0,0.0,0.0,0.0,34,0.6666666666666666,0.5644441880794181,0.3013056879014204,0,0.0,0.0,0.0,0.10043522930047348
Restless Outlaw (red),common,1,IAR086,"Shadow, Necromancer, Action, Zombie, Ally",https://content.fabrary.net/cards/IAR086.webp,FLwPbj7LWWnPm8rQ8TMwb,Red,1,0,3,,3,,,"Shadow, Necromancer, Action, Zombie, Ally",,Decay,,,,,,"""When this dies, create a Corrupted Corpse in your banished zone.",,,,,,,,33,0.20245398773006135,0.16700707400673215,2.2654945054945057,1.9657157485699657,0.09129101511579817,0,0.0,0.0,0.0,33,0.6470588235294118,0.5337677071195557,0.29244375590431987,0,0.0,0.0,0.0,0.09748125196810663
Restless Plowman (red),common,1,IAR087,"Shadow, Necromancer, Action, Zombie, Ally",https://content.fabrary.net/cards/IAR087.webp,668JPbGRwcFj88kLjFkkD,Red,1,0,3,,3,,,"Shadow, Necromancer, Action, Zombie, Ally",,Decay,Action,Go again,,,,"""**Action** - {t}: Gain {r}. **Go again**",,,,,,,,41,0.25153374233128833,0.21212680949842425,2.2654945054945057,1.9657157485699657,0.1134221702953856,0,0.0,0.0,0.0,41,0.803921568627451,0.6779739205537872,0.36333921188112467,0,0.0,0.0,0.0,0.12111307062704156
Restless Shieldmaiden (red),common,1,IAR088,"Shadow, Necromancer, Action, Zombie, Ally",https://content.fabrary.net/cards/IAR088.webp,TFP8FcHDwpFgMfHgQJkHQ,Red,1,0,3,,3,,,"Shadow, Necromancer, Action, Zombie, Ally",,"Decay, Shadow Resist 1",,,,,,"""**Shadow Resist 1**",,,,,,,,38,0.2331288343558282,0.19881281901284734,2.2654945054945057,1.9657157485699657,0.10512298710304031,0,0.0,0.0,0.0,38,0.7450980392156863,0.6354213627273356,0.3367534158898228,0,0.0,0.0,0.0,0.11225113862994095
Restless Steed (red),common,1,IAR089,"Shadow, Necromancer, Action, Zombie, Ally",https://content.fabrary.net/cards/IAR089.webp,9d6jCWPRgrnDzmLkJ7tqH,Red,1,0,3,,3,,,"Shadow, Necromancer, Action, Zombie, Ally",,"Decay, Go again",,,,,,"""When this hits, the attack gets **go again**.",,,,,,,,35,0.2147239263803681,0.18254057015036607,2.2654945054945057,1.9657157485699657,0.09682380391069502,0,0.0,0.0,0.0,35,0.6862745098039216,0.5834139791080327,0.31016761989852104,0,0.0,0.0,0.0,0.10338920663284035
Tome of Necrosis (red),mythic,1,IAR092,"Necromancer, Action",https://content.fabrary.net/cards/IAR092.webp,zQmwGLpLKkjtLTdpNdFK6,Red,1,0,,3,,,,"Necromancer, Action",,Go again,,,,,,"""As an additional cost to play this, destroy an ally you control or discard an ally.",,,,,,,,4,0.024539877300613498,0.020813542285934926,0.37400000000000017,0.2813355853310813,0.06831449749035413,0,0.0,0.0,0.0,4,0.0784313725490196,0.06652171358053711,0.21929800193380156,0,0.0,0.0,0.0,0.07309933397793385
Bone Barrier (blue),mythic,3,IAR093,"Necromancer, Defense, Reaction",https://content.fabrary.net/cards/IAR093.webp,TKjfwJ6tqMrfNr6qWdMwR,Blue,3,0,,2,,,,"Necromancer, Defense Reaction",,,,,,,,"When this defends, you may destroy an ally you control or discard an ally. If you do, this gets +2{d}.",Necromancer Defence Reaction,,,,No,No,,6,0.03680981595092025,0.03208730583775694,0.37400000000000017,0.2813355853310813,0.1024717462355312,0,0.0,0.0,0.0,6,0.11764705882352941,0.10255354610890942,0.32894700290070233,0,0.0,0.0,0.0,0.10964900096690078
Skeletal Puppetry (red),rare,1,IAR094,"Necromancer, Action",https://content.fabrary.net/cards/IAR094.webp,jHTHnj8rNgCFf8bGCmzzH,Red,1,2,,2,,,,"Necromancer, Action",,Go again,,Go again,,,,"""You may discard an ally rather than pay this card's {r} cost.",,,,,,,,7,0.04294478527607362,0.03616519847953493,0.6765967365967364,0.7394717649270611,0.06254466426058078,0,0.0,0.0,0.0,7,0.13725490196078433,0.1155868108267489,0.19958765861822964,0,0.0,0.0,0.0,0.06652921953940988
Skeletal Puppetry (yellow),rare,2,IAR095,"Necromancer, Action",https://content.fabrary.net/cards/IAR095.webp,k6wPbDCJzrDf66KfqMNMG,Yellow,2,2,,2,,,,"Necromancer, Action",,Go again,,Go again,,,,"""You may discard an ally rather than pay this card's {r} cost.",,,,,,,,7,0.04294478527607362,0.03607769172998332,0.6765967365967364,0.7394717649270611,0.06254466426058078,0,0.0,0.0,0.0,7,0.13725490196078433,0.11530713239190746,0.19958765861822964,0,0.0,0.0,0.0,0.06652921953940988
Skeletal Puppetry (blue),rare,3,IAR096,"Necromancer, Action",https://content.fabrary.net/cards/IAR096.webp,KPRGBpDBpzj8zNn9r7qMh,Blue,3,2,,2,,,,"Necromancer, Action",,Go again,,Go again,,,,"""You may discard an ally rather than pay this card's {r} cost.",,,,,,,,16,0.09815950920245399,0.08049681767962266,0.6765967365967364,0.7394717649270611,0.1429592325956132,0,0.0,0.0,0.0,16,0.3137254901960784,0.25727414277997046,0.4562003625559534,0,0.0,0.0,0.0,0.15206678751865113
Corpse Cover (red),rare,1,IAR097,"Necromancer, Block",https://content.fabrary.net/cards/IAR097.webp,TFbWwMzH8rrN8zHfhWbW7,Red,1,,,3,,,,"Necromancer, Block",,,Once per Turn Instant,,,,,**Once per Turn Instant** - Destroy an ally you control or discard an ally: Prevent the next 2 damage that would be dealt to you this turn. Activate this only while this card is defending.,Necromancer Block,,,,,No,,18,0.11042944785276074,0.09431984108853567,0.6765967365967364,0.7394717649270611,0.16082913667006485,0,0.0,0.0,0.0,18,0.35294117647058826,0.3014536097535552,0.5132254078754476,0,0.0,0.0,0.0,0.17107513595848253
Corpse Cover (yellow),rare,2,IAR098,"Necromancer, Block",https://content.fabrary.net/cards/IAR098.webp,JLCdDdq9rPzrb8pcH78JP,Yellow,2,,,2,,,,"Necromancer, Block",,,Once per Turn Instant,,,,,**Once per Turn Instant** - Destroy an ally you control or discard an ally: Prevent the next 2 damage that would be dealt to you this turn. Activate this only while this card is defending.,Necromancer Block,,,,,No,,11,0.06748466257668712,0.05634323037787491,0.6765967365967364,0.7394717649270611,0.09828447240948407,0,0.0,0.0,0.0,11,0.21568627450980393,0.1800773833645806,0.313637749257218,0,0.0,0.0,0.0,0.10454591641907267
Corpse Cover (blue),rare,3,IAR099,"Necromancer, Block",https://content.fabrary.net/cards/IAR099.webp,TrNnBmGkm8qh7wwnBthWC,Blue,3,,,1,,,,"Necromancer, Block",,,Once per Turn Instant,,,,,**Once per Turn Instant** - Destroy an ally you control or discard an ally: Prevent the next 2 damage that would be dealt to you this turn. Activate this only while this card is defending.,Necromancer Block,,,,,No,,10,0.06134969325153374,0.050413747981603016,0.6765967365967364,0.7394717649270611,0.08934952037225825,0,0.0,0.0,0.0,10,0.19607843137254902,0.16112629256865277,0.2851252265974709,0,0.0,0.0,0.0,0.09504174219915697
Bonded Burial (red),common,1,IAR100,"Necromancer, Action, Attack",https://content.fabrary.net/cards/IAR100.webp,97njFhLdTHwj8TK7D8KGj,Red,1,1,5,2,,,,"Necromancer, Action, Attack",,,,,,,,"When this hits a hero, you may destroy an ally you control or discard an ally. If you do, they discard a card.",Necromancer Action - Attack,,,,,,,34,0.2085889570552147,0.175541530077336,1.9202564102564095,2.07810249332608,0.10721973785137123,0,0.0,0.0,0.0,34,0.6666666666666666,0.5610444980903092,0.3422117429988308,0,0.0,0.0,0.0,0.11407058099961026
Bonded Burial (yellow),common,2,IAR101,"Necromancer, Action, Attack",https://content.fabrary.net/cards/IAR101.webp,hBhC9FL88PtWnwBNDtgjj,Yellow,2,1,4,2,,,,"Necromancer, Action, Attack",,,,,,,,"When this hits a hero, you may destroy an ally you control or discard an ally. If you do, they discard a card.",Necromancer Action - Attack,,,,,,,11,0.06748466257668712,0.05620505539307415,1.9202564102564095,2.07810249332608,0.03468873871662011,0,0.0,0.0,0.0,11,0.21568627450980393,0.17963576527590366,0.11071556391138643,0,0.0,0.0,0.0,0.03690518797046214
Bonded Burial (blue),common,3,IAR102,"Necromancer, Action, Attack",https://content.fabrary.net/cards/IAR102.webp,bhfRnWP89zjgNhHHLMGWL,Blue,3,1,3,2,,,,"Necromancer, Action, Attack",,,,,,,,"When this hits a hero, you may destroy an ally you control or discard an ally. If you do, they discard a card.",Necromancer Action - Attack,,,,,,,19,0.1165644171779141,0.09860682653291526,1.9202564102564095,2.07810249332608,0.05991691232870745,0,0.0,0.0,0.0,19,0.37254901960784315,0.31515515146794487,0.19123597402875836,0,0.0,0.0,0.0,0.06374532467625278
Mutual Sacrifice (red),common,1,IAR103,"Necromancer, Action, Attack",https://content.fabrary.net/cards/IAR103.webp,JNzc9zqFP7dwB8cnfcQbD,Red,1,1,5,2,,,,"Necromancer, Action, Attack",,,,,,,,"When this hits a hero, you may destroy an ally you control or discard an ally. If you do, they lose 2{h}.",Necromancer Action - Attack,,,,,,,19,0.1165644171779141,0.09677224650918358,1.9202564102564095,2.07810249332608,0.05991691232870745,0,0.0,0.0,0.0,19,0.37254901960784315,0.30929168982346905,0.19123597402875836,0,0.0,0.0,0.0,0.06374532467625278
Mutual Sacrifice (yellow),common,2,IAR104,"Necromancer, Action, Attack",https://content.fabrary.net/cards/IAR104.webp,876f8fwwFmtQDR7fHgqzh,Yellow,2,1,4,2,,,,"Necromancer, Action, Attack",,,,,,,,"When this hits a hero, you may destroy an ally you control or discard an ally. If you do, they lose 2{h}.",Necromancer Action - Attack,,,,,,,18,0.11042944785276074,0.09249309596572879,1.9202564102564095,2.07810249332608,0.056763390627196535,0,0.0,0.0,0.0,18,0.35294117647058826,0.2956151890669371,0.1811709227640869,0,0.0,0.0,0.0,0.06039030758802896
Mutual Sacrifice (blue),common,3,IAR105,"Necromancer, Action, Attack",https://content.fabrary.net/cards/IAR105.webp,CR7KC7MkRGNpTbfDwDqLb,Blue,3,1,3,2,,,,"Necromancer, Action, Attack",,,,,,,,"When this hits a hero, you may destroy an ally you control or discard an ally. If you do, they lose 2{h}.",Necromancer Action - Attack,,,,,,,18,0.11042944785276074,0.09631975974947904,1.9202564102564095,2.07810249332608,0.056763390627196535,0,0.0,0.0,0.0,18,0.35294117647058826,0.30784550665029575,0.1811709227640869,0,0.0,0.0,0.0,0.06039030758802896
Arknight Descendancy (blue),mythic,3,IAR111,"Shadow, Runeblade, Action, Attack",https://content.fabrary.net/cards/IAR111.webp,fpWBNHCFhLqzkDwwfWdwC,Blue,3,5,6,3,,,,"Shadow, Runeblade, Action, Attack",,"Viserai Specialization, Blood Debt",,,,,,"""**Viserai Specialization**",,,,,,,,4,0.024539877300613498,0.02129887422258873,0.37400000000000017,0.2813355853310813,0.06831449749035413,0,0.0,0.0,0.0,0,0.0,0.0,0.0,4,0.08163265306122448,0.07085135710779517,0.22277492258078394,0.07425830752692798
Sinspeaker Gloomblade (red),mythic,1,IAR112,"Shadow, Runeblade, Action, Attack",https://content.fabrary.net/cards/IAR112.webp,cPH6KbH6PDWmjq68jdFjb,Red,1,0,2,3,,,,"Shadow, Runeblade, Action, Attack",,"Usurp, Blood Debt",,,,,,"""You may play this from your banished zone.",,,,,,,,9,0.05521472392638037,0.04885226719009212,0.37400000000000017,0.2813355853310813,0.1537076193532968,0,0.0,0.0,0.0,0,0.0,0.0,0.0,9,0.1836734693877551,0.16250856228540847,0.5012435758067638,0.16708119193558793
Become the Shadow Lord (blue),mythic,3,IAR113,"Shadow, Runeblade, Action",https://content.fabrary.net/cards/IAR113.webp,9DgdMqPdzCbJkLcqJKpNT,Blue,3,0,,3,,,,"Shadow, Runeblade, Action",,Go again,,,,,,"""Banish a card from your hand. If it's Runeblade, create a Runechant token. If it's Shadow, create a Gate to i'Arathael token.",,,,,,,,4,0.024539877300613498,0.021349385734274338,0.37400000000000017,0.2813355853310813,0.06831449749035413,0,0.0,0.0,0.0,0,0.0,0.0,0.0,4,0.08163265306122448,0.07101938519768809,0.22277492258078394,0.07425830752692798
Bloodsong Gloomblade (red),rare,1,IAR114,"Shadow, Runeblade, Action, Attack",https://content.fabrary.net/cards/IAR114.webp,RKtGjjJjBqhkrfb9PkRHw,Red,1,0,2,3,,,,"Shadow, Runeblade, Action, Attack",,"Usurp, Blood Debt",,,,,,"""You may play this from your banished zone.",,,,,,,,12,0.0736196319018405,0.06332589099949354,0.6765967365967364,0.7394717649270611,0.1072194244467099,0,0.0,0.0,0.0,0,0.0,0.0,0.0,12,0.24489795918367346,0.21065551495749893,0.35923045429471573,0.11974348476490525
Cullingsong Gloomblade (red),rare,1,IAR115,"Shadow, Runeblade, Action, Attack",https://content.fabrary.net/cards/IAR115.webp,Hbj86fDdmMwRkCMpwwfNw,Red,1,0,2,3,,,,"Shadow, Runeblade, Action, Attack",,"Usurp, Blood Debt",,,,,,"""You may play this from your banished zone.",,,,,,,,19,0.1165644171779141,0.1031145215606107,0.6765967365967364,0.7394717649270611,0.16976408870729068,0,0.0,0.0,0.0,0,0.0,0.0,0.0,19,0.3877551020408163,0.34301361253835805,0.5687815526332999,0.18959385087776662
Plundersong Gloomblade (red),rare,1,IAR116,"Shadow, Runeblade, Action, Attack",https://content.fabrary.net/cards/IAR116.webp,KKwgLK6Hhzbf9DTBbhJ8c,Red,1,0,2,3,,,,"Shadow, Runeblade, Action, Attack",,"Usurp, Blood Debt",,,,,,"""You may play this from your banished zone.",,,,,,,,12,0.0736196319018405,0.0636859350145575,0.6765967365967364,0.7394717649270611,0.1072194244467099,0,0.0,0.0,0.0,0,0.0,0.0,0.0,12,0.24489795918367346,0.21185321239536473,0.35923045429471573,0.11974348476490525
Vexing Gloomblade (red),rare,1,IAR117,"Shadow, Runeblade, Action, Attack",https://content.fabrary.net/cards/IAR117.webp,QqrWp6qDm6z7cQJqkmtg6,Red,1,3,5,3,,,,"Shadow, Runeblade, Action, Attack",,"Usurp, Blood Debt",,,,,,"""You may play this from your banished zone.",,,,,,,,10,0.06134969325153374,0.05258176411627844,0.6765967365967364,0.7394717649270611,0.08934952037225825,0,0.0,0.0,0.0,0,0.0,0.0,0.0,10,0.20408163265306123,0.17491484797864051,0.2993587119122631,0.0997862373040877
Vexing Gloomblade (yellow),rare,2,IAR118,"Shadow, Runeblade, Action, Attack",https://content.fabrary.net/cards/IAR118.webp,6JJzpwWWLTzMMCp6bgQrt,Yellow,2,3,4,3,,,,"Shadow, Runeblade, Action, Attack",,"Usurp, Blood Debt",,,,,,"""You may play this from your banished zone.",,,,,,,,8,0.049079754601226995,0.04377817041044263,0.6765967365967364,0.7394717649270611,0.0714796162978066,0,0.0,0.0,0.0,0,0.0,0.0,0.0,8,0.16326530612244897,0.1456294240184112,0.2394869695298105,0.07982898984327017
Vexing Gloomblade (blue),rare,3,IAR119,"Shadow, Runeblade, Action, Attack",https://content.fabrary.net/cards/IAR119.webp,brJfWPFbzfFzBbRbtLLPN,Blue,3,3,3,3,,,,"Shadow, Runeblade, Action, Attack",,"Usurp, Blood Debt",,,,,,"""You may play this from your banished zone.",,,,,,,,13,0.07975460122699386,0.06945660626557976,0.6765967365967364,0.7394717649270611,0.11615437648393573,0,0.0,0.0,0.0,0,0.0,0.0,0.0,13,0.2653061224489796,0.23104952696509182,0.38916632548594204,0.12972210849531401
Embrace Sin (yellow),rare,2,IAR120,"Shadow, Runeblade, Action",https://content.fabrary.net/cards/IAR120.webp,T997BRN8zNhbWCgbpbhP8,Yellow,2,1,,2,,,,"Shadow, Runeblade, Action",,Go again,,,,,,"""Your next attack this turn gets +2{p}.",,,,,,,,5,0.03067484662576687,0.027770031604387433,0.6765967365967364,0.7394717649270611,0.04467476018612913,0,0.0,0.0,0.0,0,0.0,0.0,0.0,5,0.10204081632653061,0.09237786023500309,0.14967935595613155,0.04989311865204385
Forbidden Harvest (yellow),rare,2,IAR121,"Shadow, Runeblade, Action",https://content.fabrary.net/cards/IAR121.webp,TCwdJhPtRQFzfgBgDhq6p,Yellow,2,1,,2,,,,"Shadow, Runeblade, Action",,Go again,,,,,,"""Turn up to 3 cards in your banished zone face-down, then create a Runechant token for each Shadow card turned face-down this way.",,,,,,,,4,0.024539877300613498,0.022099721847105465,0.6765967365967364,0.7394717649270611,0.0357398081489033,0,0.0,0.0,0.0,0,0.0,0.0,0.0,4,0.08163265306122448,0.0735154012464937,0.11974348476490525,0.03991449492163508
Promise of Power (yellow),rare,2,IAR122,"Shadow, Runeblade, Action",https://content.fabrary.net/cards/IAR122.webp,pCnB7kGmgrRp68nJQJr9z,Yellow,2,1,,2,,,,"Shadow, Runeblade, Action",,Go again,,,,,,"""The next time you play an attack action card from your banished zone this turn, create 2 Runechant tokens.",,,,,,,,3,0.018404907975460124,0.01563815710333213,0.6765967365967364,0.7394717649270611,0.026804856111677475,0,0.0,0.0,0.0,0,0.0,0.0,0.0,3,0.061224489795918366,0.05202080832332933,0.08980761357367893,0.029935871191226312
Bloodfrenzy Gloomblade (red),common,1,IAR123,"Shadow, Runeblade, Action, Attack",https://content.fabrary.net/cards/IAR123.webp,dCwNqG9tDkQ8CJKtfCwhQ,Red,1,1,3,3,,,,"Shadow, Runeblade, Action, Attack",,"Usurp, Blood Debt, Go again",,,,,,"""You may play this from your banished zone.",,,,,,,,41,0.25153374233128833,0.21570993341265604,2.2654945054945053,2.1371441485701395,0.11204068592742986,0,0.0,0.0,0.0,0,0.0,0.0,0.0,41,0.8367346938775511,0.7175656968625088,0.371054728891825,0.12368490963060834
Bloodfrenzy Gloomblade (yellow),common,2,IAR124,"Shadow, Runeblade, Action, Attack",https://content.fabrary.net/cards/IAR124.webp,Pzc87mKPwmT8GnGB76hPj,Yellow,2,1,2,3,,,,"Shadow, Runeblade, Action, Attack",,"Usurp, Blood Debt, Go again",,,,,,"""You may play this from your banished zone.",,,,,,,,37,0.22699386503067484,0.19444162069921897,2.2654945054945053,2.1371441485701395,0.10110988730036354,0,0.0,0.0,0.0,0,0.0,0.0,0.0,37,0.7551020408163265,0.6468160035504631,0.33485426753652503,0.11161808917884168
Bloodfrenzy Gloomblade (blue),common,3,IAR125,"Shadow, Runeblade, Action, Attack",https://content.fabrary.net/cards/IAR125.webp,FBzmQzm9wCP6Hpzqpbpbg,Blue,3,1,1,3,,,,"Shadow, Runeblade, Action, Attack",,"Usurp, Blood Debt, Go again",,,,,,"""You may play this from your banished zone.",,,,,,,,38,0.2331288343558282,0.19900325508491185,2.2654945054945053,2.1371441485701395,0.10384258695713011,0,0.0,0.0,0.0,0,0.0,0.0,0.0,38,0.7755102040816326,0.6619904199763393,0.34390438287535,0.11463479429178335
Demonbound Gloomblade (red),common,1,IAR126,"Shadow, Runeblade, Action, Attack",https://content.fabrary.net/cards/IAR126.webp,jWcCz7DRFHRbkqHBhCKRr,Red,1,0,3,3,,,,"Shadow, Runeblade, Action, Attack",,"Usurp, Blood Debt",,,,,,"""You may play this from your banished zone.",,,,,,,,46,0.2822085889570552,0.2458583882751254,2.2654945054945053,2.1371441485701395,0.12570418421126278,0,0.0,0.0,0.0,0,0.0,0.0,0.0,46,0.9387755102040817,0.8178554548743967,0.41630530558595,0.13876843519531668
Demonbound Gloomblade (yellow),common,2,IAR127,"Shadow, Runeblade, Action, Attack",https://content.fabrary.net/cards/IAR127.webp,QfFBhL9WNg9pdbTGqfPrh,Yellow,2,0,2,3,,,,"Shadow, Runeblade, Action, Attack",,"Usurp, Blood Debt",,,,,,"""You may play this from your banished zone.",,,,,,,,32,0.19631901840490798,0.17053800563815,2.2654945054945053,2.1371441485701395,0.08744638901653062,0,0.0,0.0,0.0,0,0.0,0.0,0.0,32,0.6530612244897959,0.567299896306499,0.2896036908424,0.09653456361413333
Demonbound Gloomblade (blue),common,3,IAR128,"Shadow, Runeblade, Action, Attack",https://content.fabrary.net/cards/IAR128.webp,Jr9TkGFQQQbFzNhQbPCCR,Blue,3,0,1,3,,,,"Shadow, Runeblade, Action, Attack",,"Usurp, Blood Debt",,,,,,"""You may play this from your banished zone.",,,,,,,,41,0.25153374233128833,0.21709832293401116,2.2654945054945053,2.1371441485701395,0.11204068592742986,0,0.0,0.0,0.0,0,0.0,0.0,0.0,41,0.8367346938775511,0.7221842171070166,0.371054728891825,0.12368490963060834
Embrace Ursur (red),common,1,IAR129,"Shadow, Runeblade, Action, Attack",https://content.fabrary.net/cards/IAR129.webp,BMWL86gpr7dDBCcfChgRg,Red,1,1,3,3,,,,"Shadow, Runeblade, Action, Attack",,Go again,,,,,,"When this attacks, you may banish a card from your hand. If it's Runeblade, create a Runechant token. If it's Shadow, this gets **go again**.",Shadow Runeblade Action - Attack,,,,,,,50,0.3067484662576687,0.2628021263741912,2.2654945054945053,2.1371441485701395,0.1366349828383291,0,0.0,0.0,0.0,0,0.0,0.0,0.0,50,1.0204081632653061,0.8742193183467993,0.45250576694125,0.15083525564708333
Embrace Ursur (yellow),common,2,IAR130,"Shadow, Runeblade, Action, Attack",https://content.fabrary.net/cards/IAR130.webp,hKqfRdRKBqgKwKJwzp7Dp,Yellow,2,1,2,3,,,,"Shadow, Runeblade, Action, Attack",,Go again,,,,,,"When this attacks, you may banish a card from your hand. If it's Runeblade, create a Runechant token. If it's Shadow, this gets **go again**.",Shadow Runeblade Action - Attack,,,,,,,38,0.2331288343558282,0.20184592205818902,2.2654945054945053,2.1371441485701395,0.10384258695713011,0,0.0,0.0,0.0,0,0.0,0.0,0.0,38,0.7755102040816326,0.6714466386833635,0.34390438287535,0.11463479429178335
Embrace Ursur (blue),common,3,IAR131,"Shadow, Runeblade, Action, Attack",https://content.fabrary.net/cards/IAR131.webp,dkPRHjHr9Kjt8Lhqpbz69,Blue,3,1,1,3,,,,"Shadow, Runeblade, Action, Attack",,Go again,,,,,,"When this attacks, you may banish a card from your hand. If it's Runeblade, create a Runechant token. If it's Shadow, this gets **go again**.",Shadow Runeblade Action - Attack,,,,,,,40,0.24539877300613497,0.2144953256674047,2.2654945054945053,2.1371441485701395,0.10930798627066328,0,0.0,0.0,0.0,0,0.0,0.0,0.0,40,0.8163265306122449,0.7135252670160606,0.362004613553,0.12066820451766667
Murmuring Gloomblade (red),common,1,IAR132,"Shadow, Runeblade, Action, Attack",https://content.fabrary.net/cards/IAR132.webp,mwMqLtn6qkbWLgChrbJJ7,Red,1,2,4,3,,,,"Shadow, Runeblade, Action, Attack",,"Usurp, Blood Debt",,,,,,"""You may play this from your banished zone.",,,,,,,,63,0.38650306748466257,0.3367414299137492,2.2654945054945053,2.1371441485701395,0.17216007837629466,0,0.0,0.0,0.0,0,0.0,0.0,0.0,63,1.2857142857142858,1.1201806750192065,0.570157266345975,0.190052422115325
Murmuring Gloomblade (yellow),common,2,IAR133,"Shadow, Runeblade, Action, Attack",https://content.fabrary.net/cards/IAR133.webp,kf6DRRCmgtkFHGp6kdFPp,Yellow,2,2,3,3,,,,"Shadow, Runeblade, Action, Attack",,"Usurp, Blood Debt",,,,,,"""You may play this from your banished zone.",,,,,,,,51,0.3128834355828221,0.2670195187384498,2.2654945054945053,2.1371441485701395,0.13936768249509568,0,0.0,0.0,0.0,0,0.0,0.0,0.0,51,1.0408163265306123,0.8882486031503534,0.461555882280075,0.153851960760025
Murmuring Gloomblade (blue),common,3,IAR134,"Shadow, Runeblade, Action, Attack",https://content.fabrary.net/cards/IAR134.webp,Mdrgw7LhfBWjQCzfqmmQk,Blue,3,2,2,3,,,,"Shadow, Runeblade, Action, Attack",,"Usurp, Blood Debt",,,,,,"""You may play this from your banished zone.",,,,,,,,48,0.294478527607362,0.2538278928788368,2.2654945054945053,2.1371441485701395,0.13116958352479594,0,0.0,0.0,0.0,0,0.0,0.0,0.0,48,0.9795918367346939,0.8443662559030694,0.4344055362636,0.1448018454212
Shadowake Gloomblade (red),common,1,IAR135,"Shadow, Runeblade, Action, Attack",https://content.fabrary.net/cards/IAR135.webp,CKznKznHJkWcktFCBpkN8,Red,1,2,4,3,,,,"Shadow, Runeblade, Action, Attack",,"Usurp, Blood Debt",,,,,,"""You may play this from your banished zone.",,,,,,,,34,0.2085889570552147,0.17774328415115795,2.2654945054945053,2.1371441485701395,0.09291178833006379,0,0.0,0.0,0.0,0,0.0,0.0,0.0,34,0.6938775510204082,0.5912684758497703,0.30770392152005,0.10256797384001666
Shadowake Gloomblade (yellow),common,2,IAR136,"Shadow, Runeblade, Action, Attack",https://content.fabrary.net/cards/IAR136.webp,JfbMzjthcJBBnTLnhBHWr,Yellow,2,2,3,3,,,,"Shadow, Runeblade, Action, Attack",,"Usurp, Blood Debt",,,,,,"""You may play this from your banished zone.",,,,,,,,17,0.10429447852760736,0.09034873165008589,2.2654945054945053,2.1371441485701395,0.046455894165031895,0,0.0,0.0,0.0,0,0.0,0.0,0.0,17,0.3469387755102041,0.3005478216115102,0.153851960760025,0.05128398692000833
Shadowake Gloomblade (blue),common,3,IAR137,"Shadow, Runeblade, Action, Attack",https://content.fabrary.net/cards/IAR137.webp,JpmtTnF6TzLGwfTr9KBRb,Blue,3,2,2,3,,,,"Shadow, Runeblade, Action, Attack",,"Usurp, Blood Debt",,,,,,"""You may play this from your banished zone.",,,,,,,,38,0.2331288343558282,0.19828703269865497,2.2654945054945053,2.1371441485701395,0.10384258695713011,0,0.0,0.0,0.0,0,0.0,0.0,0.0,38,0.7755102040816326,0.6596078842832809,0.34390438287535,0.11463479429178335
Enshrine Sin (red),common,1,IAR138,"Shadow, Runeblade, Action",https://content.fabrary.net/cards/IAR138.webp,ppTLn7tQ6nFjNW8Gzzj76,Red,1,0,,2,,,,"Shadow, Runeblade, Action",,"Op 1, Go again, Blood Debt",,,,,,"""You may play this from your banished zone. If you do, it costs an additional {r} to play.",,,,,,,,30,0.18404907975460122,0.15926380526273368,2.2654945054945053,2.1371441485701395,0.08198098970299746,0,0.0,0.0,0.0,0,0.0,0.0,0.0,30,0.6122448979591837,0.5297959236290937,0.27150346016475,0.09050115338825
Enshrine Sin (yellow),common,2,IAR139,"Shadow, Runeblade, Action",https://content.fabrary.net/cards/IAR139.webp,nLjpcrnhFQRwC9gfNCPLD,Yellow,2,0,,2,,,,"Shadow, Runeblade, Action",,"Op 1, Go again, Blood Debt",,,,,,"""You may play this from your banished zone. If you do, it costs an additional {r} to play.",,,,,,,,30,0.18404907975460122,0.1596591491167959,2.2654945054945053,2.1371441485701395,0.08198098970299746,0,0.0,0.0,0.0,0,0.0,0.0,0.0,30,0.6122448979591837,0.5311110470619945,0.27150346016475,0.09050115338825
Enshrine Sin (blue),common,3,IAR140,"Shadow, Runeblade, Action",https://content.fabrary.net/cards/IAR140.webp,pkdhbdwpKH8nGdHBGtjhc,Blue,3,0,,2,,,,"Shadow, Runeblade, Action",,"Op 1, Go again, Blood Debt",,,,,,"""You may play this from your banished zone. If you do, it costs an additional {r} to play.",,,,,,,,32,0.19631901840490798,0.17067334571618875,2.2654945054945053,2.1371441485701395,0.08744638901653062,0,0.0,0.0,0.0,0,0.0,0.0,0.0,32,0.6530612244897959,0.5677501092191585,0.2896036908424,0.09653456361413333
Otherworldly Sins (red),common,1,IAR141,"Shadow, Runeblade, Action",https://content.fabrary.net/cards/IAR141.webp,qk9CgqWCcCFdkddzNngPh,Red,1,1,,2,,,,"Shadow, Runeblade, Action",,Go again,,,,,,"""Your next Runeblade or Shadow attack this turn gets +3{p}.",,,,,,,,38,0.2331288343558282,0.20719300067317126,2.2654945054945053,2.1371441485701395,0.10384258695713011,0,0.0,0.0,0.0,0,0.0,0.0,0.0,38,0.7755102040816326,0.689233859382182,0.34390438287535,0.11463479429178335
Otherworldly Sins (yellow),common,2,IAR142,"Shadow, Runeblade, Action",https://content.fabrary.net/cards/IAR142.webp,HCjKd6dWLBBJbkwhbBtfC,Yellow,2,1,,2,,,,"Shadow, Runeblade, Action",,Go again,,,,,,"""Your next Runeblade or Shadow attack this turn gets +2{p}.",,,,,,,,32,0.19631901840490798,0.17031957008603163,2.2654945054945053,2.1371441485701395,0.08744638901653062,0,0.0,0.0,0.0,0,0.0,0.0,0.0,32,0.6530612244897959,0.5665732637555746,0.2896036908424,0.09653456361413333
Otherworldly Sins (blue),common,3,IAR143,"Shadow, Runeblade, Action",https://content.fabrary.net/cards/IAR143.webp,nWPD8WCfJkKhb6JRhczTk,Blue,3,1,,2,,,,"Shadow, Runeblade, Action",,Go again,,,,,,"""Your next Runeblade or Shadow attack this turn gets +1{p}.",,,,,,,,35,0.2147239263803681,0.18775746753114672,2.2654945054945053,2.1371441485701395,0.09564448798683037,0,0.0,0.0,0.0,0,0.0,0.0,0.0,35,0.7142857142857143,0.624580963419937,0.316754036858875,0.10558467895295832
Sonata Dystopia (blue),mythic,3,IAR144,"Runeblade, Action",https://content.fabrary.net/cards/IAR144.webp,QGDjNQdgN87Ln9hjGH7Wg,Blue,3,X,,3,,,,"Runeblade, Action",,"Overpower, Go again",,,,,,"""As an additional cost to play this, destroy X Runechants you control.",,,,,,,,11,0.06748466257668712,0.05992442989465724,0.37400000000000017,0.2813355853310813,0.18786486809847386,0,0.0,0.0,0.0,0,0.0,0.0,0.0,11,0.22448979591836735,0.19934045046590063,0.6126310370971558,0.20421034569905194
Runechant of Greed (yellow),mythic,2,IAR145,"Runeblade, Instant, Aura",https://content.fabrary.net/cards/IAR145.webp,MT8LQJTF6w8gPqMzNTrkr,Yellow,2,0,,,,,,"Runeblade, Instant, Aura",,,,,,,Usurp,"""This counts as a Runechant. When an attack usurps this, draw a card.",,,,,,,,7,0.04294478527607362,0.036875229480976976,0.37400000000000017,0.22800097199902788,0.12245035345201273,0,0.0,0.0,0.0,0,0.0,0.0,0.0,7,0.14285714285714285,0.12266657970202546,0.39454393337925364,0.13151464445975122
Runic Disposition (red),rare,1,IAR146,"Runeblade, Action, Attack",https://content.fabrary.net/cards/IAR146.webp,JMT6bHRdPpnzwqJPkrNFH,Red,1,2,6,2,,,,"Runeblade, Action, Attack",,Usurp,Instant,,,,,"""**Usurp**",,,,,,,,12,0.0736196319018405,0.06397549764114181,0.6765967365967364,0.7394717649270611,0.1072194244467099,0,0.0,0.0,0.0,0,0.0,0.0,0.0,12,0.24489795918367346,0.21281645133685947,0.35923045429471573,0.11974348476490525
Runic Disposition (yellow),rare,2,IAR147,"Runeblade, Action, Attack",https://content.fabrary.net/cards/IAR147.webp,KPwLPNGwQBGRztKnqh8kH,Yellow,2,2,5,2,,,,"Runeblade, Action, Attack",,Usurp,Instant,,,,,"""**Usurp**",,,,,,,,9,0.05521472392638037,0.04790764755578901,0.6765967365967364,0.7394717649270611,0.08041456833503242,0,0.0,0.0,0.0,0,0.0,0.0,0.0,9,0.1836734693877551,0.1593662561549716,0.2694228407210368,0.08980761357367893
Runic Disposition (blue),rare,3,IAR148,"Runeblade, Action, Attack",https://content.fabrary.net/cards/IAR148.webp,dmhHjqRHBRQMJWpDdRrnf,Blue,3,2,4,2,,,,"Runeblade, Action, Attack",,Usurp,Instant,,,,,"""**Usurp**",,,,,,,,11,0.06748466257668712,0.06034497155089466,0.6765967365967364,0.7394717649270611,0.09828447240948407,0,0.0,0.0,0.0,0,0.0,0.0,0.0,11,0.22448979591836735,0.20073939515909855,0.3292945831034894,0.10976486103449647
Runic Reaving (red),rare,1,IAR149,"Runeblade, Action, Attack",https://content.fabrary.net/cards/IAR149.webp,WLGtJWhc6kwGfrDRQFJjj,Red,1,0,4,2,,,,"Runeblade, Action, Attack",,Usurp,Instant,,,,,"""**Usurp**",,,,,,,,15,0.09202453987730061,0.08068692657668708,0.6765967365967364,0.7394717649270611,0.1340242805583874,0,0.0,0.0,0.0,0,0.0,0.0,0.0,15,0.30612244897959184,0.268407531265306,0.4490380678683947,0.14967935595613155
Runic Reaving (yellow),rare,2,IAR150,"Runeblade, Action, Attack",https://content.fabrary.net/cards/IAR150.webp,kzzPHWCkjb8gddN6t6Nwn,Yellow,2,0,3,2,,,,"Runeblade, Action, Attack",,Usurp,Instant,,,,,"""**Usurp**",,,,,,,,10,0.06134969325153374,0.054089351896872355,0.6765967365967364,0.7394717649270611,0.08934952037225825,0,0.0,0.0,0.0,0,0.0,0.0,0.0,10,0.20408163265306123,0.17992988488143252,0.2993587119122631,0.0997862373040877
Runic Reaving (blue),rare,3,IAR151,"Runeblade, Action, Attack",https://content.fabrary.net/cards/IAR151.webp,8pnmqdgNFqnBnj7Wm9Tt7,Blue,3,0,2,2,,,,"Runeblade, Action, Attack",,Usurp,Instant,,,,,"""**Usurp**",,,,,,,,13,0.07975460122699386,0.06721001829324201,0.6765967365967364,0.7394717649270611,0.11615437648393573,0,0.0,0.0,0.0,0,0.0,0.0,0.0,13,0.2653061224489796,0.22357618330200912,0.38916632548594204,0.12972210849531401
Runechant of Envy (yellow),common,2,IAR152,"Runeblade, Instant, Aura",https://content.fabrary.net/cards/IAR152.webp,HDtcFpfJGnLpQW7LfmM7k,Yellow,2,0,,,,,,"Runeblade, Instant, Aura",,,,,,,Usurp,"""This counts as a Runechant. When an attack usurps this, gain 1{h}.",,,,,,,,20,0.12269938650306748,0.10643290730791241,1.9202564102564095,1.9066740933259068,0.06396957000683813,0,0.0,0.0,0.0,0,0.0,0.0,0.0,20,0.40816326530612246,0.35405232430999434,0.2126794493232003,0.0708931497744001
Runechant of Gluttony (yellow),common,2,IAR153,"Runeblade, Instant, Aura",https://content.fabrary.net/cards/IAR153.webp,9wdzWnFf7J6nmL86nFhtN,Yellow,2,0,,,,,,"Runeblade, Instant, Aura",,,,,,,Usurp,"""This counts as a Runechant. When an attack usurps this, gain {r}.",,,,,,,,29,0.17791411042944785,0.15557338131756726,1.9202564102564095,1.9066740933259068,0.09275587650991529,0,0.0,0.0,0.0,0,0.0,0.0,0.0,29,0.5918367346938775,0.517519615403336,0.3083852015186404,0.10279506717288013
Runechant of Lust (yellow),common,2,IAR154,"Runeblade, Instant, Aura",https://content.fabrary.net/cards/IAR154.webp,FpMpBwHGNgTGDjgfpWBKB,Yellow,2,0,,,,,,"Runeblade, Instant, Aura",,,,,,,Usurp,"""This counts as a Runechant. When an attack usurps this, create a Runechant token.",,,,,,,,48,0.294478527607362,0.2539753679106876,1.9202564102564095,1.9066740933259068,0.1535269680164115,0,0.0,0.0,0.0,0,0.0,0.0,0.0,48,0.9795918367346939,0.8448568361110628,0.5104306783756807,0.17014355945856022
Runechant of Pride (yellow),common,2,IAR155,"Runeblade, Instant, Aura",https://content.fabrary.net/cards/IAR155.webp,HqGFdH8tMH6fR8bNMkTjq,Yellow,2,0,,,,,,"Runeblade, Instant, Aura",,,,,,,Usurp,"""This counts as a Runechant. When an attack usurps this, it gets +1{p}.",,,,,,,,25,0.15337423312883436,0.13413136807965098,1.9202564102564095,1.9066740933259068,0.07996196250854766,0,0.0,0.0,0.0,0,0.0,0.0,0.0,25,0.5102040816326531,0.4461921019792471,0.2658493116540004,0.08861643721800012
Runechant of Sloth (yellow),common,2,IAR156,"Runeblade, Instant, Aura",https://content.fabrary.net/cards/IAR156.webp,BMgj68hT9jQHQ6nFqhTDT,Yellow,2,0,,,,,,"Runeblade, Instant, Aura",,,,,Go again,,Usurp,"""This counts as a Runechant. When an attack usurps this, it gets **go again**.",,,,,,,,21,0.12883435582822086,0.11009068838752213,1.9202564102564095,1.9066740933259068,0.06716804850718003,0,0.0,0.0,0.0,0,0.0,0.0,0.0,21,0.42857142857142855,0.36622004504420624,0.2233134217893603,0.0744378072631201
Runechant of Wrath (yellow),common,2,IAR157,"Runeblade, Instant, Aura",https://content.fabrary.net/cards/IAR157.webp,qwpdn8CJWGgkHLqdhDtgh,Yellow,2,0,,,,,,"Runeblade, Instant, Aura",,,,,Overpower,,Usurp,"""This counts as a Runechant. When an attack usurps this, it gets **overpower**.",,,,,,,,24,0.147239263803681,0.13089012860801102,1.9202564102564095,1.9066740933259068,0.07676348400820575,0,0.0,0.0,0.0,0,0.0,0.0,0.0,24,0.4897959183673469,0.4354100196552203,0.25521533918784034,0.08507177972928011
Grille of Repentance,common,0,IAR161,"Shadow, Equipment, Head",https://content.fabrary.net/cards/IAR161.webp,pKjKMPTQr6TQMMkrnwDBp,,,,,0,,,,"Shadow, Equipment, Head",,,Instant,,,,Blood Debt,**Instant** - Destroy this: Turn a card with blood debt in your banished zone face-down.,Shadow Equipment - Head,,,,,,,77,0.4723926380368098,0.0,3.428571428571428,4.000000000000002,0.13421314741035859,40,0.6349206349206349,0.0,0.17902813299232737,18,0.35294117647058826,0.0,0.1,19,0.3877551020408163,0.0,0.11157718120805371,0.13020177140012704
Robe of Repentance,common,0,IAR162,"Shadow, Equipment, Chest",https://content.fabrary.net/cards/IAR162.webp,8MHFrHBN9mLtggwpbCphD,,,,,0,,,,"Shadow, Equipment, Chest",,,Instant,,,,Blood Debt,**Instant** - Destroy this: Turn a card with blood debt in your banished zone face-down.,Shadow Equipment - Chest,,,,,,,64,0.39263803680981596,0.0,3.428571428571428,4.000000000000002,0.11155378486055778,30,0.47619047619047616,0.0,0.13427109974424553,15,0.29411764705882354,0.0,0.08333333333333333,19,0.3877551020408163,0.0,0.11157718120805371,0.10972720476187753
Path of Repentance,common,0,IAR163,"Shadow, Equipment, Legs",https://content.fabrary.net/cards/IAR163.webp,D8mWttQzTTrJH6twkGRw6,,,,,0,,,,"Shadow, Equipment, Legs",,,Instant,,,,Blood Debt,**Instant** - Destroy this: Turn a card with blood debt in your banished zone face-down.,Shadow Equipment - Legs,,,,,,,69,0.4233128834355828,0.0,3.428571428571428,4.000000000000002,0.12026892430278885,33,0.5238095238095238,0.0,0.1476982097186701,18,0.35294117647058826,0.0,0.1,18,0.3673469387755102,0.0,0.10570469798657721,0.11780096923508243
Corrupt and Conquer (red),mythic,1,IAR164,"Shadow, Action, Attack",https://content.fabrary.net/cards/IAR164.webp,kQL7bQNCrdwfDnp8jbwzP,Red,1,2,6,3,,,,"Shadow, Action, Attack",,Blood Debt,,,,,,"""If this was played from your banished zone, it gets """"Defense reaction cards can't be played this chain link.",,,,,,,,12,0.0736196319018405,0.06297495671819021,0.37400000000000017,0.2813355853310813,0.2049434924710624,5,0.07936507936507936,0.06813858494530764,0.22363997432860167,5,0.09803921568627451,0.08141831671243435,0.27412250241725195,2,0.04081632653061224,0.037139855942376954,0.11138746129039197,0.20304997934541522
Fallen Herald (yellow),mythic,2,IAR165,"Shadow, Action, Attack",https://content.fabrary.net/cards/IAR165.webp,znc7qfRWH7PnFH97bKztb,Yellow,2,2,6,,,,,"Shadow, Action, Attack",,Blood Debt,Instant,,,,,"""**Instant** - Banish this from your hand: Prevent the next 4 damage that would be dealt to you this turn.",,,,,,,,9,0.05521472392638037,0.04625113684046427,0.37400000000000017,0.2813355853310813,0.1537076193532968,6,0.09523809523809523,0.08066991326610963,0.268367969194322,2,0.0392156862745098,0.029788838612368022,0.10964900096690078,1,0.02040816326530612,0.01913265306122449,0.055693730645195984,0.14457023360213958
Open the Gate to i'Arathael (red),mythic,1,IAR166,"Shadow, Action, Attack",https://content.fabrary.net/cards/IAR166.webp,KjbHhphRQNpDQRbjNJh9f,Red,1,0,4,3,,,,"Shadow, Action, Attack",,Blood Debt,,,,,,"""When this hits or is banished from hand or deck, create a Gate to i'Arathael token.",,,,,,,,3,0.018404907975460124,0.015664018731503394,0.37400000000000017,0.2813355853310813,0.0512358731177656,0,0.0,0.0,0.0,1,0.0196078431372549,0.01633986928104575,0.05482450048345039,2,0.04081632653061224,0.03510003510003511,0.11138746129039197,0.05540398725794745
Countdown to Extinction (red),rare,1,IAR167,"Shadow, Action, Attack",https://content.fabrary.net/cards/IAR167.webp,9LNtFHHCkhTdKtWpDnFFH,Red,1,3,6,3,,,,"Shadow, Action, Attack",,Blood Debt,,,,,,"""When this attacks, create a Gate to i'Arathael token.",,,,,,,,12,0.0736196319018405,0.06481224011827631,0.6765967365967364,0.7394717649270611,0.1072194244467099,2,0.031746031746031744,0.0291005291005291,0.04603736831090447,7,0.13725490196078433,0.11748168642404665,0.19958765861822964,3,0.061224489795918366,0.05590807751672097,0.08980761357367893,0.11181088016760433
Countdown to Extinction (yellow),rare,2,IAR168,"Shadow, Action, Attack",https://content.fabrary.net/cards/IAR168.webp,jqwqn9CmrMLzmHNfNQHcd,Yellow,2,3,5,3,,,,"Shadow, Action, Attack",,Blood Debt,,,,,,"""When this attacks, create a Gate to i'Arathael token.",,,,,,,,19,0.1165644171779141,0.10074297174157847,0.6765967365967364,0.7394717649270611,0.16976408870729068,3,0.047619047619047616,0.03976444378921159,0.06905605246635671,11,0.21568627450980393,0.1849281731941627,0.313637749257218,5,0.10204081632653061,0.09152260412764614,0.14967935595613155,0.17745771922656875
Countdown to Extinction (blue),rare,3,IAR169,"Shadow, Action, Attack",https://content.fabrary.net/cards/IAR169.webp,9djqzttRFdLMNLDr77kQ6,Blue,3,3,4,3,,,,"Shadow, Action, Attack",,Blood Debt,,,,,,"""When this attacks, create a Gate to i'Arathael token.",,,,,,,,14,0.08588957055214724,0.07673481364052487,0.6765967365967364,0.7394717649270611,0.12508932852116156,3,0.047619047619047616,0.04024546881689739,0.06905605246635671,5,0.09803921568627451,0.08532121329308515,0.14256261329873546,6,0.12244897959183673,0.11471282061211582,0.17961522714735786,0.13041129763748335
Harbinger of Destruction (red),rare,1,IAR170,"Shadow, Action, Attack",https://content.fabrary.net/cards/IAR170.webp,LfnJQtptHtLbDRNDcf9Pq,Red,1,8,13,3,,,,"Shadow, Action, Attack",,Blood Debt,,,,,,"""As an additional cost to play this, banish a card from your hand. If a Shadow card was banished this way, this gets """"When this hits, create 2 Gate to i'Arathael tokens.""""",,,,,,,,10,0.06134969325153374,0.05265554997150089,0.6765967365967364,0.7394717649270611,0.08934952037225825,5,0.07936507936507936,0.06466549323692182,0.11509342077726117,3,0.058823529411764705,0.051995798319327734,0.08553756797924127,2,0.04081632653061224,0.037900874635568516,0.059871742382452624,0.08683424371298502
Rally the Shadow Horde (red),rare,1,IAR171,"Shadow, Action, Attack",https://content.fabrary.net/cards/IAR171.webp,H7BLpD9DJMGnWcg9RNQM8,Red,1,3,7,2,,,,"Shadow, Action, Attack",,Blood Debt,Once per Turn Instant,,,,,"""**Once per Turn Instant** - Banish a card from your hand: This gets +2{d}. Activate this only while this card is defending.",,,,,,,,17,0.10429447852760736,0.08954734141856681,0.6765967365967364,0.7394717649270611,0.15189418463283902,6,0.09523809523809523,0.07878859559531827,0.13811210493271342,7,0.13725490196078433,0.11881776464840542,0.19958765861822964,4,0.08163265306122448,0.07291488023780941,0.11974348476490525,0.15248108277194944
Rally the Shadow Horde (yellow),rare,2,IAR172,"Shadow, Action, Attack",https://content.fabrary.net/cards/IAR172.webp,NgJ6bTzL6dkNLpQKfdq6Q,Yellow,2,3,6,2,,,,"Shadow, Action, Attack",,Blood Debt,Once per Turn Instant,,,,,"""**Once per Turn Instant** - Banish a card from your hand: This gets +2{d}. Activate this only while this card is defending.",,,,,,,,11,0.06748466257668712,0.05844104384793666,0.6765967365967364,0.7394717649270611,0.09828447240948407,8,0.12698412698412698,0.10746362427034695,0.18414947324361788,1,0.0196078431372549,0.017825311942959002,0.02851252265974709,2,0.04081632653061224,0.03768552875695733,0.059871742382452624,0.09084457942860587
Rally the Shadow Horde (blue),rare,3,IAR173,"Shadow, Action, Attack",https://content.fabrary.net/cards/IAR173.webp,rNbMDjNzNw6CpjGn7mD9C,Blue,3,3,5,2,,,,"Shadow, Action, Attack",,Blood Debt,Once per Turn Instant,,,,,"""**Once per Turn Instant** - Banish a card from your hand: This gets +2{d}. Activate this only while this card is defending.",,,,,,,,15,0.09202453987730061,0.08153488923576002,0.6765967365967364,0.7394717649270611,0.1340242805583874,2,0.031746031746031744,0.02765752765752766,0.04603736831090447,6,0.11764705882352941,0.10624508845571463,0.17107513595848253,7,0.14285714285714285,0.1250870039135345,0.20955109833858418,0.14222120086932374
Shadowrealm Harrower (blue),rare,3,IAR174,"Shadow, Action, Attack",https://content.fabrary.net/cards/IAR174.webp,7KrF7PMWwdWRrDcdFqcj8,Blue,3,2,4,3,,,,"Shadow, Action, Attack",,Blood Debt,,,,,,"""If this was played from your banished zone, it gets +1{p} and """"When this hits a hero, gain {h} equal to the damage dealt this way.""""",,,,,,,,13,0.07975460122699386,0.07031996352696929,0.6765967365967364,0.7394717649270611,0.11615437648393573,4,0.06349206349206349,0.058891526633462116,0.09207473662180894,5,0.09803921568627451,0.0830871235283,0.14256261329873546,4,0.08163265306122448,0.07172539953152199,0.11974348476490525,0.1181269448951499
Shadowrealm Harvester (red),rare,1,IAR175,"Shadow, Action, Attack",https://content.fabrary.net/cards/IAR175.webp,LrcHgbDdwcTGFmhJbnrbc,Red,1,2,6,3,,,,"Shadow, Action, Attack",,"Blood Debt, Overpower",,,,,,"""If this was played from your banished zone, it gets +1{p} and **overpower**.",,,,,,,,17,0.10429447852760736,0.0901623737151125,0.6765967365967364,0.7394717649270611,0.15189418463283902,10,0.15873015873015872,0.1332940709322841,0.23018684155452235,4,0.0784313725490196,0.06999993326592278,0.11405009063898836,3,0.061224489795918366,0.05569273163810979,0.08980761357367893,0.1446815152557299
Shadowrealm Reaper (yellow),rare,2,IAR176,"Shadow, Action, Attack",https://content.fabrary.net/cards/IAR176.webp,6pbQC8JDw9F6rGhpbrgtt,Yellow,2,2,5,3,,,,"Shadow, Action, Attack",,"Blood Debt, Go again",,,,,,"""If this was played from your banished zone, it gets +1{p} and **go again**.",,,,,,,,11,0.06748466257668712,0.058824368595209446,0.6765967365967364,0.7394717649270611,0.09828447240948407,4,0.06349206349206349,0.05335107015779285,0.09207473662180894,4,0.0784313725490196,0.06821458529936039,0.11405009063898836,3,0.061224489795918366,0.05608797573083288,0.08980761357367893,0.09864414694482541
Tribute to Greater Power (red),rare,1,IAR177,"Shadow, Action, Attack",https://content.fabrary.net/cards/IAR177.webp,GNFQ6gbpKLLDMMmWJWhgh,Red,1,2,6,2,,,,"Shadow, Action, Attack",,"Blood Debt, Overpower",Instant,,Overpower,,,"""**Instant** - Banish this from your hand: Your next attack this turn gets **overpower**.",,,,,,,,11,0.06748466257668712,0.05802083397252622,0.6765967365967364,0.7394717649270611,0.09828447240948407,9,0.14285714285714285,0.1243585542853637,0.2071681573990701,1,0.0196078431372549,0.01633986928104575,0.02851252265974709,1,0.02040816326530612,0.01611170784103115,0.029935871191226312,0.08853885041668118
Unbound by Shadow (red),rare,1,IAR178,"Shadow, Action, Attack",https://content.fabrary.net/cards/IAR178.webp,nQhMbB7nzRmc99mPFqkrD,Red,1,0,4,3,,,,"Shadow, Action, Attack",,Blood Debt,,,,,,"""When this attacks, if it was played from your banished zone, create a Gate to i'Arathael token.",,,,,,,,9,0.05521472392638037,0.04609746335135231,0.6765967365967364,0.7394717649270611,0.08041456833503242,3,0.047619047619047616,0.04046062869592281,0.06905605246635671,3,0.058823529411764705,0.047369555109493186,0.08553756797924127,3,0.061224489795918366,0.05202080832332933,0.08980761357367893,0.08146707800642565
Dimenxxional Ferryman (blue),rare,3,IAR179,"Shadow, Action",https://content.fabrary.net/cards/IAR179.webp,dFcz7hbbCw7jGFKwrCzzF,Blue,3,0,,3,,,,"Shadow, Action",,Go again,,,,,Blood Debt,"""Put this and an action card with blood debt from your banished zone on the bottom of your deck.",,,,,,,,14,0.08588957055214724,0.07280376799419222,0.6765967365967364,0.7394717649270611,0.12508932852116156,6,0.09523809523809523,0.08074795251465582,0.13811210493271342,5,0.09803921568627451,0.08062626483679114,0.14256261329873546,3,0.061224489795918366,0.05444803403987078,0.08980761357367893,0.12349411060170927
Planar Chaos (red),rare,1,IAR180,"Shadow, Action",https://content.fabrary.net/cards/IAR180.webp,HbwkT7qd9wF9Rqkbt7tNt,Red,1,0,,3,,,,"Shadow, Action",,Go again,,,,,Blood Debt,"""Create a Gate to i'Arathael token.",,,,,,,,9,0.05521472392638037,0.0488654535110783,0.6765967365967364,0.7394717649270611,0.08041456833503242,3,0.047619047619047616,0.04308390022675737,0.06905605246635671,3,0.058823529411764705,0.04862646813111209,0.08553756797924127,3,0.061224489795918366,0.05654761904761904,0.08980761357367893,0.08146707800642565
Rites of Nightfall (blue),rare,3,IAR181,"Shadow, Action",https://content.fabrary.net/cards/IAR181.webp,fbWHCMbJj9MtkLwzqTW6c,Blue,3,1,,3,,,,"Shadow, Action",,Go again,,,,,,"""Create a Gate to i'Arathael token.",,,,,,,,22,0.13496932515337423,0.11938053238170603,0.6765967365967364,0.7394717649270611,0.19656894481896814,7,0.1111111111111111,0.09648766927162156,0.16113078908816564,11,0.21568627450980393,0.18816103343166687,0.313637749257218,4,0.08163265306122448,0.07722634508348794,0.11974348476490525,0.19817067437009628
Breach Flesh (red),common,1,IAR182,"Shadow, Action, Attack",https://content.fabrary.net/cards/IAR182.webp,PTGT6hj8GWzJHtPCKWHMF,Red,1,0,4,3,,,,"Shadow, Action, Attack",,Blood Debt,,,,,,"""When this hits, create a Gate to i'Arathael token",,,,,,,,35,0.2147239263803681,0.17857886917959281,1.9010256410256414,1.9621958400019626,0.11237484484652117,4,0.06349206349206349,0.05255255255255255,0.033178547674702824,23,0.45098039215686275,0.37211401367520475,0.23589056607923534,8,0.16326530612244897,0.13917816669443633,0.08565774804624206,0.11824228726672674
Breach Flesh (yellow),common,2,IAR183,"Shadow, Action, Attack",https://content.fabrary.net/cards/IAR183.webp,h8WCHRCrH9KhqKTzbB6tb,Yellow,2,0,3,3,,,,"Shadow, Action, Attack",,Blood Debt,,,,,,"""When this hits, create a Gate to i'Arathael token",,,,,,,,31,0.1901840490797546,0.1623889410021273,1.9010256410256414,1.9621958400019626,0.09953200543549019,7,0.1111111111111111,0.09617404155219281,0.05806245843072995,19,0.37254901960784315,0.3169357748794187,0.1948661198045857,5,0.10204081632653061,0.08666751523894381,0.05353609252890129,0.10215489025473899
Breach Flesh (blue),common,3,IAR184,"Shadow, Action, Attack",https://content.fabrary.net/cards/IAR184.webp,8mdTgk6kTQTjKrhjKGgBq,Blue,3,0,2,3,,,,"Shadow, Action, Attack",,Blood Debt,,,,,,"""When this hits, create a Gate to i'Arathael token",,,,,,,,47,0.2883435582822086,0.24770782808313319,1.9010256410256414,1.9621958400019626,0.15090336307961416,9,0.14285714285714285,0.12404210085082094,0.07465173226808136,34,0.6666666666666666,0.5728064376101341,0.3487077933345218,4,0.08163265306122448,0.06833867971086016,0.04282887402312103,0.15539613320857473
Corporeal Chasm (red),common,1,IAR185,"Shadow, Action, Attack",https://content.fabrary.net/cards/IAR185.webp,hNpKfLGdtqTGg77RFwNGK,Red,1,3,7,3,,,,"Shadow, Action, Attack",,Blood Debt,,,,,,"""When this hits, create a Gate to i'Arathael token",,,,,,,,40,0.24539877300613497,0.20947268565372695,1.9010256410256414,1.9621958400019626,0.12842839411030993,23,0.36507936507936506,0.31356387860789287,0.19077664912954126,12,0.23529411764705882,0.1994892292879909,0.12307333882394887,5,0.10204081632653061,0.08603209623617787,0.05353609252890129,0.12246202682746381
Corporeal Chasm (yellow),common,2,IAR186,"Shadow, Action, Attack",https://content.fabrary.net/cards/IAR186.webp,jmKT66trCw8kNqq7WPCtk,Yellow,2,3,6,3,,,,"Shadow, Action, Attack",,Blood Debt,,,,,,"""When this hits, create a Gate to i'Arathael token",,,,,,,,58,0.3558282208588957,0.309884906711984,1.9010256410256414,1.9621958400019626,0.18622117145994938,40,0.6349206349206349,0.5524826322039945,0.33178547674702824,13,0.2549019607843137,0.21871622266807056,0.13332945039261127,5,0.10204081632653061,0.09286340018632937,0.05353609252890129,0.17288367322284692
Corporeal Chasm (blue),common,3,IAR187,"Shadow, Action, Attack",https://content.fabrary.net/cards/IAR187.webp,jkwnpt7z7J8LzcqrHzkzh,Blue,3,3,5,3,,,,"Shadow, Action, Attack",,Blood Debt,,,,,,"""When this hits, create a Gate to i'Arathael token",,,,,,,,61,0.37423312883435583,0.3247549415676556,1.9010256410256414,1.9621958400019626,0.19585330101822263,20,0.31746031746031744,0.280360567430234,0.16589273837351412,34,0.6666666666666666,0.5660215253321423,0.3487077933345218,7,0.14285714285714285,0.13071922317314022,0.0749505295404618,0.1965170204161659
Ghostly Visit (red),common,1,IAR188,"Shadow, Action, Attack",https://content.fabrary.net/cards/IAR188.webp,F8BfQTc6BwC9qbDmQzn7g,Red,1,1,4,3,,,,"Shadow, Action, Attack",,Blood Debt,,,,,,"""You may play this from your banished zone.",,,,,,,,35,0.2147239263803681,0.18671817832280396,1.7307692307692315,1.7907674400017919,0.12338048220871727,10,0.15873015873015872,0.1381169160912637,0.09105939001301881,8,0.1568627450980392,0.136657323839722,0.09008074253689695,17,0.3469387755102041,0.30130967014370635,0.19988786256900118,0.12700933170630566
Ghostly Visit (yellow),common,2,IAR189,"Shadow, Action, Attack",https://content.fabrary.net/cards/IAR189.webp,mCrNQktkbzMwG6fBR7TzP,Yellow,2,1,3,3,,,,"Shadow, Action, Attack",,Blood Debt,,,,,,"""You may play this from your banished zone.",,,,,,,,30,0.18404907975460122,0.16072541459063525,1.7307692307692315,1.7907674400017919,0.10575469903604337,7,0.1111111111111111,0.0931294670790469,0.06374157300911316,10,0.19607843137254902,0.16860541730783943,0.11260092817112118,13,0.2653061224489796,0.23943285448150553,0.15285542431747148,0.1097326418325686
Ghostly Visit (blue),common,3,IAR190,"Shadow, Action, Attack",https://content.fabrary.net/cards/IAR190.webp,f9gMHQcwjqhbDG8NHrpKK,Blue,3,1,2,3,,,,"Shadow, Action, Attack",,Blood Debt,,,,,,"""You may play this from your banished zone.",,,,,,,,40,0.24539877300613497,0.21037746527106524,1.7307692307692315,1.7907674400017919,0.14100626538139116,9,0.14285714285714285,0.12261701682954054,0.08195345101171693,20,0.39215686274509803,0.33188997068527215,0.22520185634224235,11,0.22448979591836735,0.19674012804027968,0.12933920519170664,0.14549817084855532
Permanent Interment (red),common,1,IAR191,"Shadow, Action, Attack",https://content.fabrary.net/cards/IAR191.webp,GmrnNrfCcgFCbqRQTdwwB,Red,1,0,4,3,,,,"Shadow, Action, Attack",,Blood Debt,,,,,,"""When this attacks, you may pay up to {r}{r}{r}. Turn that many Shadow cards in your banished zone face-down. This gets +1{p} for each card turned face-down this way.",,,,,,,,41,0.25153374233128833,0.21892770290788452,1.9010256410256414,1.9621958400019626,0.13163910396306766,14,0.2222222222222222,0.18714052308237009,0.1161249168614599,15,0.29411764705882354,0.25810073761486924,0.15384167352993608,12,0.24489795918367346,0.21902500002933722,0.1284866220693631,0.1328177374869197
Permanent Interment (yellow),common,2,IAR192,"Shadow, Action, Attack",https://content.fabrary.net/cards/IAR192.webp,JtQgDtfpwQcbFLdptQGBD,Yellow,2,0,3,3,,,,"Shadow, Action, Attack",,Blood Debt,,,,,,"""When this attacks, you may pay up to {r}{r}{r}. Turn that many Shadow cards in your banished zone face-down. This gets +1{p} for each card turned face-down this way.",,,,,,,,35,0.2147239263803681,0.1848994632843804,1.9010256410256414,1.9621958400019626,0.11237484484652117,10,0.15873015873015872,0.13480884688315029,0.08294636918675706,15,0.29411764705882354,0.24974092292203748,0.15384167352993608,10,0.20408163265306123,0.18181363454472696,0.10707218505780258,0.11462007592483191
Permanent Interment (blue),common,3,IAR193,"Shadow, Action, Attack",https://content.fabrary.net/cards/IAR193.webp,NCgwfdMRKqhdppwwCQmnd,Blue,3,0,2,3,,,,"Shadow, Action, Attack",,Blood Debt,,,,,,"""When this attacks, you may pay up to {r}{r}{r}. Turn that many Shadow cards in your banished zone face-down. This gets +1{p} for each card turned face-down this way.",,,,,,,,56,0.34355828220858897,0.29297850951939897,1.9010256410256414,1.9621958400019626,0.17979975175443388,14,0.2222222222222222,0.18548732060452539,0.1161249168614599,30,0.5882352941176471,0.4994448561318983,0.30768334705987216,12,0.24489795918367346,0.2162879222622475,0.1284866220693631,0.18409829533023173
Shadowrealm Bloodhound (red),common,1,IAR194,"Shadow, Action, Attack",https://content.fabrary.net/cards/IAR194.webp,jKbNbC8RpfnDMjddzrqck,Red,1,2,6,3,,,,"Shadow, Action, Attack",,"Blood Debt, Go again",,,,,,"""When this attacks, you may banish a card from your hand. If it's Shadow, this gets **go again**.",,,,,,,,39,0.2392638036809816,0.2063113005988112,1.9010256410256414,1.9621958400019626,0.12521768425755217,24,0.38095238095238093,0.32321595966001104,0.19907128604821694,9,0.17647058823529413,0.15878789943278165,0.09230500411796165,6,0.12244897959183673,0.10546844220313609,0.06424331103468155,0.1185398670669534
Shadowrealm Bloodhound (yellow),common,2,IAR195,"Shadow, Action, Attack",https://content.fabrary.net/cards/IAR195.webp,DfCkJcChbNBDM9HQKhtcJ,Yellow,2,2,5,3,,,,"Shadow, Action, Attack",,"Blood Debt, Go again",,,,,,"""When this attacks, you may banish a card from your hand. If it's Shadow, this gets **go again**.",,,,,,,,32,0.19631901840490798,0.16877730308575428,1.9010256410256414,1.9621958400019626,0.10274271528824794,6,0.09523809523809523,0.08545460226132494,0.049767821512054236,14,0.27450980392156865,0.23695570609949565,0.14358556196127367,12,0.24489795918367346,0.20494529488653454,0.1284866220693631,0.10728000184756366
Shadowrealm Bloodhound (blue),common,3,IAR196,"Shadow, Action, Attack",https://content.fabrary.net/cards/IAR196.webp,Mw7JqgLrmnghnkcTkFDfw,Blue,3,2,4,3,,,,"Shadow, Action, Attack",,"Blood Debt, Go again",,,,,,"""When this attacks, you may banish a card from your hand. If it's Shadow, this gets **go again**.",,,,,,,,38,0.2331288343558282,0.20204279404091124,1.9010256410256414,1.9621958400019626,0.12200697440479442,9,0.14285714285714285,0.12365414173420906,0.07465173226808136,25,0.49019607843137253,0.42465971474106495,0.2564027892165601,4,0.08163265306122448,0.0711248785228377,0.04282887402312103,0.1246277985025875
Shadowrealm Ripper (red),common,1,IAR197,"Shadow, Action, Attack",https://content.fabrary.net/cards/IAR197.webp,HMWgfTzBCqhdrbwGzKRz7,Red,1,1,5,3,,,,"Shadow, Action, Attack",,Blood Debt,,,,,,"""When this attacks, you may banish a card from your hand. If it's Shadow, this gets +2{p}.",,,,,,,,50,0.3067484662576687,0.26106395084269857,1.9010256410256414,1.9621958400019626,0.1605354926378874,5,0.07936507936507936,0.06659739919359556,0.04147318459337853,11,0.21568627450980393,0.17868883664048477,0.11281722725528646,34,0.6938775510204082,0.5968297381530331,0.36404542919652877,0.17277861368173122
Shadowrealm Ripper (yellow),common,2,IAR198,"Shadow, Action, Attack",https://content.fabrary.net/cards/IAR198.webp,7rCzHcCtBbgRnTtj9KwhH,Yellow,2,1,4,3,,,,"Shadow, Action, Attack",,Blood Debt,,,,,,"""When this attacks, you may banish a card from your hand. If it's Shadow, this gets +2{p}.",,,,,,,,35,0.2147239263803681,0.1890677349129674,1.9010256410256414,1.9621958400019626,0.11237484484652117,6,0.09523809523809523,0.08230875877934701,0.049767821512054236,14,0.27450980392156865,0.2374564166928946,0.14358556196127367,15,0.30612244897959184,0.2759655456403511,0.16060827758670387,0.11798722035334393
Shadowrealm Ripper (blue),common,3,IAR199,"Shadow, Action, Attack",https://content.fabrary.net/cards/IAR199.webp,QbQkhtWrLh8jCw7H8LLhf,Blue,3,1,3,3,,,,"Shadow, Action, Attack",,Blood Debt,,,,,,"""When this attacks, you may banish a card from your hand. If it's Shadow, this gets +2{p}.",,,,,,,,44,0.26993865030674846,0.23298518708213098,1.9010256410256414,1.9621958400019626,0.1412712335213409,9,0.14285714285714285,0.1250261172861792,0.07465173226808136,25,0.49019607843137253,0.41481222626505815,0.2564027892165601,10,0.20408163265306123,0.18254115440489993,0.10707218505780258,0.14604223551414802
Shadowrealm Walker (red),common,1,IAR200,"Shadow, Action, Attack",https://content.fabrary.net/cards/IAR200.webp,TJ87gKc7WNjWmFQdHHKhz,Red,1,0,4,3,,,,"Shadow, Action, Attack",,Blood Debt,,,,,,"""When this attacks, you may banish a card from your hand. If it's Shadow, this gets +2{p}.",,,,,,,,37,0.22699386503067484,0.19841209880094912,1.9010256410256414,1.9621958400019626,0.11879626455203668,5,0.07936507936507936,0.0735875973067624,0.04147318459337853,21,0.4117647058823529,0.3525249332604183,0.21537834294191052,11,0.22448979591836735,0.19849758934586412,0.11777940356358284,0.1248769770329573
Shadowrealm Walker (yellow),common,2,IAR201,"Shadow, Action, Attack",https://content.fabrary.net/cards/IAR201.webp,6RmLWtBW8pzDdWjQwJzjc,Yellow,2,0,3,3,,,,"Shadow, Action, Attack",,Blood Debt,,,,,,"""When this attacks, you may banish a card from your hand. If it's Shadow, this gets +2{p}.",,,,,,,,39,0.2392638036809816,0.20597994972221056,1.9010256410256414,1.9621958400019626,0.12521768425755217,13,0.20634920634920634,0.1766116666888521,0.10783027994278419,13,0.2549019607843137,0.21654230813647105,0.13332945039261127,13,0.2653061224489796,0.23274569568086975,0.13919384057514336,0.12678452363684625
Shadowrealm Walker (blue),common,3,IAR202,"Shadow, Action, Attack",https://content.fabrary.net/cards/IAR202.webp,rTnhbR8pcckhLdjBdzwdq,Blue,3,0,2,3,,,,"Shadow, Action, Attack",,Blood Debt,,,,,,"""When this attacks, you may banish a card from your hand. If it's Shadow, this gets +2{p}.",,,,,,,,27,0.1656441717791411,0.14089038687984137,1.9010256410256414,1.9621958400019626,0.0866891660244592,6,0.09523809523809523,0.0824032230774894,0.049767821512054236,16,0.3137254901960784,0.2644204258675299,0.1640977850985985,5,0.10204081632653061,0.08751608751608751,0.05353609252890129,0.08913389971318468
Void Wraith (red),common,1,IAR203,"Shadow, Action, Attack",https://content.fabrary.net/cards/IAR203.webp,MpjDdrJPbQTg9HWknt8m8,Red,1,2,5,3,,,,"Shadow, Action, Attack",,Blood Debt,,,,,,"""You may play this from your banished zone.",,,,,,,,39,0.2392638036809816,0.20872730266411885,1.7307692307692315,1.7907674400017919,0.13748110874685637,9,0.14285714285714285,0.12142535387317172,0.08195345101171693,11,0.21568627450980393,0.1897516347753099,0.1238610209882333,19,0.3877551020408163,0.34072285034083166,0.22340408169476603,0.1430728512315721
Void Wraith (yellow),common,2,IAR204,"Shadow, Action, Attack",https://content.fabrary.net/cards/IAR204.webp,fPrdbzqrg9NLzGgdMT8L7,Yellow,2,2,4,3,,,,"Shadow, Action, Attack",,Blood Debt,,,,,,"""You may play this from your banished zone.",,,,,,,,40,0.24539877300613497,0.21159636768551465,1.7307692307692315,1.7907674400017919,0.14100626538139116,9,0.14285714285714285,0.12053745313364948,0.08195345101171693,16,0.3137254901960784,0.26940773502192195,0.1801614850737939,15,0.30612244897959184,0.26850109998369304,0.17637164344323633,0.14616219317624904
Void Wraith (blue),common,3,IAR205,"Shadow, Action, Attack",https://content.fabrary.net/cards/IAR205.webp,8cCcw6wqqbhzgDPCTNzmR,Blue,3,2,3,3,,,,"Shadow, Action, Attack",,Blood Debt,,,,,,"""You may play this from your banished zone.",,,,,,,,44,0.26993865030674846,0.23083447913607355,1.7307692307692315,1.7907674400017919,0.15510689191953028,6,0.09523809523809523,0.08034859715531985,0.05463563400781128,22,0.43137254901960786,0.36289196033550436,0.2477220419764666,16,0.32653061224489793,0.2868687449241657,0.18812975300611876,0.16349580966346555
Abyssal Bite (blue),common,3,IAR206,"Shadow, Action",https://content.fabrary.net/cards/IAR206.webp,RgpCmQGg9tfTwjjNwCrcD,Blue,3,1,,2,,,,"Shadow, Action",,"Go again, Blood Debt",,,,,,"""You may play this from your banished zone.",,,,,,,,36,0.22085889570552147,0.18919711383480875,1.9010256410256414,1.9621958400019626,0.11558555469927892,14,0.2222222222222222,0.18704570938095927,0.1161249168614599,10,0.19607843137254902,0.1665354716825305,0.10256111568662406,12,0.24489795918367346,0.2155498124135579,0.1284866220693631,0.11572421820581569
Abyssal Force (blue),common,3,IAR207,"Shadow, Action",https://content.fabrary.net/cards/IAR207.webp,JqhgfgQp8tPKCQRwBJbDj,Blue,3,1,,2,,,,"Shadow, Action",,"Go again, Blood Debt",,,Overpower,,,"""You may play this from your banished zone.",,,,,,,,31,0.1901840490797546,0.16181256508742586,1.9010256410256414,1.9621958400019626,0.09953200543549019,17,0.2698412698412698,0.22755659586707797,0.141008827617487,6,0.11764705882352941,0.10059371824077706,0.061536669411974436,8,0.16326530612244897,0.14100210080295664,0.08565774804624206,0.09606774835856784
Abyssal Rush (blue),common,3,IAR208,"Shadow, Action",https://content.fabrary.net/cards/IAR208.webp,CDfjhqwtJdnWgHrzPhNrt,Blue,3,1,,2,,,,"Shadow, Action",,"Go again, Blood Debt",,,Go again,,,"""You may play this from your banished zone.",,,,,,,,37,0.22699386503067484,0.19733681626545296,1.9010256410256414,1.9621958400019626,0.11879626455203668,16,0.25396825396825395,0.2194223468281479,0.1327141906988113,7,0.13725490196078433,0.120067734631302,0.07179278098063684,14,0.2857142857142857,0.24936405581426746,0.1499010590809236,0.11813601025345725
Darkest Hour (red),common,1,IAR209,"Shadow, Action",https://content.fabrary.net/cards/IAR209.webp,Mb9GFdjQhPqgqJC9gD6tt,Red,1,2,,3,,,,"Shadow, Action",,"Go again, Blood Debt",,,,,,"""You may put a card from your hand on top of your deck rather than pay this card's {r} cost.",,,,,,,,35,0.2147239263803681,0.18154889037680058,1.9010256410256414,1.9621958400019626,0.11237484484652117,11,0.1746031746031746,0.15149892176186563,0.09124100610543277,18,0.35294117647058826,0.2907477517748871,0.1846100082359233,6,0.12244897959183673,0.10652860652860652,0.06424331103468155,0.11336477512534587
Darkest Hour (yellow),common,2,IAR210,"Shadow, Action",https://content.fabrary.net/cards/IAR210.webp,6WmwGtPrhhbjT6h8L6FNK,Yellow,2,2,,3,,,,"Shadow, Action",,"Go again, Blood Debt",,,,,,"""You may put a card from your hand on top of your deck rather than pay this card's {r} cost.",,,,,,,,42,0.25766871165644173,0.22234073021584533,1.9010256410256414,1.9621958400019626,0.13484981381582542,17,0.2698412698412698,0.23183919184118923,0.141008827617487,16,0.3137254901960784,0.2705794732417475,0.1640977850985985,9,0.1836734693877551,0.15992075109915793,0.09636496655202233,0.13382385975603595
Darkest Hour (blue),common,3,IAR211,"Shadow, Action",https://content.fabrary.net/cards/IAR211.webp,8k9gJp8hcDg8wCBjTR9Bj,Blue,3,2,,3,,,,"Shadow, Action",,"Go again, Blood Debt",,,,,,"""You may put a card from your hand on top of your deck rather than pay this card's {r} cost.",,,,,,,,34,0.2085889570552147,0.17837322437362324,1.9010256410256414,1.9621958400019626,0.10916413499376343,12,0.19047619047619047,0.16402151342443247,0.09953564302410847,16,0.3137254901960784,0.2611014434908079,0.1640977850985985,6,0.12244897959183673,0.11072054304347222,0.06424331103468155,0.10929224638579617
Pull from Beyond (red),common,1,IAR212,Shadow,https://content.fabrary.net/cards/IAR212.webp,RwBNCgjbQdncGdqP7MJjR,Red,1,0,,3,,,,"Shadow, Action",,"Opt 2, Go again",,,,,,"""**Opt 2**",,,,,,,,23,0.1411042944785276,0.12253001011487681,1.9010256410256414,1.9621958400019626,0.0738463266134282,7,0.1111111111111111,0.09221173849656822,0.05806245843072995,4,0.0784313725490196,0.0638034227999626,0.04102444627464962,12,0.24489795918367346,0.22263423593149034,0.1284866220693631,0.07585784225824756
Pull from Beyond (yellow),common,2,IAR213,Shadow,https://content.fabrary.net/cards/IAR213.webp,cwGdHMhbQbQHMkR7hWwhp,Yellow,2,0,,3,,,,"Shadow, Action",,"Opt 2, Go again",,,,,,"""**Opt 2**",,,,,,,,39,0.2392638036809816,0.20683758838601563,1.9010256410256414,1.9621958400019626,0.12521768425755217,14,0.2222222222222222,0.19078084270477016,0.1161249168614599,11,0.21568627450980393,0.1849077962832288,0.11281722725528646,14,0.2857142857142857,0.2503068613484767,0.1499010590809236,0.12628106773255665
Pull from Beyond (blue),common,3,IAR214,Shadow,https://content.fabrary.net/cards/IAR214.webp,mJcpckWTBQMjHzQz8KRmq,Blue,3,0,,3,,,,"Shadow, Action",,"Opt 2, Go again",,,,,,"""**Opt 2**",,,,,,,,35,0.2147239263803681,0.18950522283750437,1.9010256410256414,1.9621958400019626,0.11237484484652117,11,0.1746031746031746,0.15428213327372992,0.09124100610543277,19,0.37254901960784315,0.3293815509394815,0.1948661198045857,5,0.10204081632653061,0.08920648629295246,0.05353609252890129,0.11321440614630658
Step through Realms (red),common,1,IAR215,Shadow,https://content.fabrary.net/cards/IAR215.webp,KjwTjqgwqQpFwcLFCWg6B,Red,1,2,,2,,,,"Shadow, Action",,Go again,,,,,,"""Your next Shadow attack this turn gets +4{p} and """"When this hits, create a Gate to i'Arathael token.""""",,,,,,,,42,0.25766871165644173,0.21893824670774448,1.9010256410256414,1.9621958400019626,0.13484981381582542,24,0.38095238095238093,0.32495646698611425,0.19907128604821694,16,0.3137254901960784,0.26518040397570536,0.1640977850985985,2,0.04081632653061224,0.034499514091350825,0.021414437011560514,0.12819450271945865
Step through Realms (yellow),common,2,IAR216,Shadow,https://content.fabrary.net/cards/IAR216.webp,8D8gJjzDNmndFzfMGBtTg,Yellow,2,2,,2,,,,"Shadow, Action",,Go again,,,,,,"""Your next Shadow attack this turn gets +3{p} and """"When this hits, create a Gate to i'Arathael token.""""",,,,,,,,32,0.19631901840490798,0.16763307755895465,1.9010256410256414,1.9621958400019626,0.10274271528824794,16,0.25396825396825395,0.21390250868357905,0.1327141906988113,8,0.1568627450980392,0.13480737784143357,0.08204889254929924,8,0.16326530612244897,0.14230933316593897,0.08565774804624206,0.10014027709811753
Step through Realms (blue),common,3,IAR217,Shadow,https://content.fabrary.net/cards/IAR217.webp,9BCNPft9bW98j9RrNFHDz,Blue,3,2,,2,,,,"Shadow, Action",,Go again,,,,,,"""Your next Shadow attack this turn gets +2{p} and """"When this hits, create a Gate to i'Arathael token.""""",,,,,,,,26,0.15950920245398773,0.13586358424020384,1.9010256410256414,1.9621958400019626,0.08347845617170145,11,0.1746031746031746,0.14875553951184203,0.09124100610543277,7,0.13725490196078433,0.11365643718584893,0.07179278098063684,8,0.16326530612244897,0.14240177439650775,0.08565774804624206,0.08289717837743722
Dam the Shadowake (red),common,1,IAR218,Shadow,https://content.fabrary.net/cards/IAR218.webp,WKdLRgk8MmQ8WtrpDhLFk,Red,1,,,4,,,,"Shadow, Block",,,,,,,,"When this defends a Shadow hero's attack, create a Gate to i'Arathael token.",Shadow Block,,,,,,,56,0.34355828220858897,0.29437422025585025,1.9010256410256414,1.9621958400019626,0.17979975175443388,25,0.3968253968253968,0.33599919999743094,0.20736592296689266,21,0.4117647058823529,0.3516648012333034,0.21537834294191052,10,0.20408163265306123,0.18122741712177487,0.10707218505780258,0.17660548365553527
Dam the Shadowake (yellow),common,2,IAR219,Shadow,https://content.fabrary.net/cards/IAR219.webp,GgTL8cwBB7MbDcztGRDfw,Yellow,2,,,3,,,,"Shadow, Block",,,,,,,,"When this defends a Shadow hero's attack, create a Gate to i'Arathael token.",Shadow Block,,,,,,,55,0.3374233128834356,0.29195444719668906,1.9010256410256414,1.9621958400019626,0.17658904190167612,22,0.3492063492063492,0.30325746427671074,0.18248201221086555,24,0.47058823529411764,0.40095783365451915,0.24614667764789774,9,0.1836734693877551,0.16396949239279718,0.09636496655202233,0.17499788547026188
Dam the Shadowake (blue),common,3,IAR220,Shadow,https://content.fabrary.net/cards/IAR220.webp,RfQHwcKtQhRhFBwQBzMkq,Blue,3,,,2,,,,"Shadow, Block",,,,,,,,"When this defends a Shadow hero's attack, create a Gate to i'Arathael token.",Shadow Block,,,,,,,42,0.25766871165644173,0.22311103480414668,1.9010256410256414,1.9621958400019626,0.13484981381582542,19,0.30158730158730157,0.2562691273724074,0.15759810145483844,17,0.3333333333333333,0.28861112663015775,0.1743538966672609,6,0.12244897959183673,0.1123056365403304,0.06424331103468155,0.1320651030522603
Dark Arcanite Helm,common,0,IAR224,"Generic, Equipment, Head",https://content.fabrary.net/cards/IAR224.webp,jgNGqKtKpgWftFtLpkQmz,,,,,0,,,,"Generic, Equipment, Head",,Shadow Resist 1,,,,,,**Shadow Resist 1**,Generic Equipment - Head,,,,,,,73,0.44785276073619634,0.0,3.428571428571428,4.000000000000002,0.1272410358565737,26,0.4126984126984127,0.0,0.11636828644501279,26,0.5098039215686274,0.0,0.14444444444444443,21,0.42857142857142855,0.0,0.12332214765100674,0.128044959513488
Dark Arcanite Plating,common,0,IAR225,"Generic, Equipment, Chest",https://content.fabrary.net/cards/IAR225.webp,d8phHq8KDHznwJHL86LMR,,,,,0,,,,"Generic, Equipment, Chest",,Shadow Resist 1,,,,,,**Shadow Resist 1**,Generic Equipment - Chest,,,,,,,79,0.48466257668711654,0.0,3.428571428571428,1.333333333333334,0.15662764350453176,24,0.38095238095238093,0.0,0.12714429868819377,28,0.5490196078431373,0.0,0.17948717948717952,27,0.5510204081632653,0.0,0.16915274463007163,0.1585947409351483
Dark Arcanite Gloves,common,0,IAR226,"Generic, Equipment, Arms",https://content.fabrary.net/cards/IAR226.webp,qz9pmhmhpBqHBMG7b9J9m,,,,,0,,,,"Generic, Equipment, Arms",,Shadow Resist 1,,,,,,**Shadow Resist 1**,Generic Equipment - Arms,,,,,,,42,0.25766871165644173,0.0,3.428571428571428,2.666666666666668,0.07791519434628975,18,0.2857142857142857,0.0,0.08733826247689465,11,0.21568627450980393,0.0,0.0654761904761905,13,0.2653061224489796,0.0,0.07881062355658201,0.07720835883655573
Dark Arcanite Boots,common,0,IAR227,"Generic, Equipment, Legs",https://content.fabrary.net/cards/IAR227.webp,KLHKTQbWrzWNBrLkGJt8Q,,,,,0,,,,"Generic, Equipment, Legs",,Shadow Resist 1,,,,,,**Shadow Resist 1**,Generic Equipment - Legs,,,,,,,71,0.43558282208588955,0.0,3.428571428571428,4.000000000000002,0.12375498007968129,24,0.38095238095238093,0.0,0.10741687979539642,30,0.5882352941176471,0.0,0.16666666666666666,17,0.3469387755102041,0.0,0.0998322147651007,0.12463858707572124
Violent Gusto (red),mythic,1,IAR228,Generic,https://content.fabrary.net/cards/IAR228.webp,b6jbtNjPhLb8BwJPWNJ6g,Red,1,2,6,3,,,,"Generic, Action, Attack",,,,,,,,"""When this attacks a hero, you may name an aura permanent they control and return it to its owner's hand.",,,,,,,,12,0.0736196319018405,0.06317713595307937,0.35000000000000003,0.2813355853310813,0.21713669890752477,7,0.1111111111111111,0.09683323750750382,0.33085409222611306,3,0.058823529411764705,0.04962181432769669,0.17409450275395466,2,0.04081632653061224,0.03401360544217687,0.1185161141947563,0.20782156972494134
Exorcism (red),mythic,1,IAR229,Generic,https://content.fabrary.net/cards/IAR229.webp,fCHHw7hpnDBBMk7QT6t69,Red,1,1,,3,,,,"Generic, Action",,Go again,,,,,,"""Your next attack this turn gets +3{p} and """"When this hits a hero, turn all cards in their banished zone face-down.""""",,,,,,,,6,0.03680981595092025,0.030559735435421582,0.35000000000000003,0.2813355853310813,0.10856834945376238,0,0.0,0.0,0.0,4,0.0784313725490196,0.06543319082018773,0.23212600367193956,2,0.04081632653061224,0.03355396212539069,0.1185161141947563,0.11688070595556528
Murmur of i'Arathael (red),rare,1,IAR230,Generic,https://content.fabrary.net/cards/IAR230.webp,bRj8LnRhN6WMBM7FGrCrM,Red,1,1,4,2,,,,"Generic, Action, Attack",,Go again,,,,,,"If a card has been put into your banished zone this turn, this gets **go again**.",Generic Action - Attack,,,,,No,,9,0.05521472392638037,0.047533208125052226,0.621212121212121,0.7394717649270611,0.0862628132854242,3,0.047619047619047616,0.040838557645280334,0.07375766461146953,1,0.0196078431372549,0.017301038062283735,0.030537936461723016,5,0.10204081632653061,0.0876067520725384,0.1617472192683156,0.08868094011383605
Rumbling of i'Arathael (red),rare,1,IAR231,Generic,https://content.fabrary.net/cards/IAR231.webp,TKRdb7M6c6CzwGh8gTw78,Red,1,2,6,2,,,,"Generic, Action, Attack",,Overpower,,,,,,"If a card has been put into your banished zone this turn, this gets **overpower**.",Generic Action - Attack,,,,,No,,11,0.06748466257668712,0.05878774263892016,0.621212121212121,0.7394717649270611,0.1054323273488518,8,0.12698412698412698,0.10892857667051216,0.19668710563058542,1,0.0196078431372549,0.015898251192368842,0.030537936461723016,2,0.04081632653061224,0.03896103896103896,0.06469888770732624,0.09730797659987822
Tremor of i'Arathael (red),rare,1,IAR232,Generic,https://content.fabrary.net/cards/IAR232.webp,hwndKRTjTJtn9FwFhMNWK,Red,1,1,4,2,,,,"Generic, Action, Attack",,,,,,,,"If a card has been put into your banished zone this turn, this gets +2{p}.",Generic Action - Attack,,,,,No,,6,0.03680981595092025,0.030637575741708778,0.621212121212121,0.6581815236366569,0.058697628626075374,2,0.031746031746031744,0.026097526097526094,0.05048342184178716,1,0.0196078431372549,0.01633986928104575,0.03123580449464776,3,0.061224489795918366,0.05135606874328679,0.09808001328869916,0.05993307987504468
Battle Prep (red),rare,1,IAR233,Generic,https://content.fabrary.net/cards/IAR233.webp,RN9WcJnf6Mf8nT8Hzhhpt,Red,1,0,,3,,,,"Generic, Action",,"Opt 1, Go again",,,,,,"""**Opt 2**",,,,,,,,13,0.07975460122699386,0.0679755224871114,0.6765967365967364,0.7394717649270611,0.11615437648393573,6,0.09523809523809523,0.08276413874136834,0.13811210493271342,4,0.0784313725490196,0.06506373288380209,0.11405009063898836,3,0.061224489795918366,0.051992225461613216,0.08980761357367893,0.11398993638179357
Battle Prep (yellow),rare,2,IAR234,Generic,https://content.fabrary.net/cards/IAR234.webp,67JDf7dbPBfGCNbTRgFRj,Yellow,2,0,,3,,,,"Generic, Action",,"Opt 1, Go again",,,,,,"""**Opt 2**",,,,,,,,13,0.07975460122699386,0.07001071813472134,0.6765967365967364,0.7394717649270611,0.11615437648393573,7,0.1111111111111111,0.09785906560100108,0.16113078908816564,2,0.0392156862745098,0.03364090734332949,0.05702504531949418,4,0.08163265306122448,0.07205999282830015,0.11974348476490525,0.11263310639085501
Battle Prep (blue),rare,3,IAR235,Generic,https://content.fabrary.net/cards/IAR235.webp,6nwzBwJQTL9jrMWbkf9GR,Blue,3,0,,3,,,,"Generic, Action",,"Opt 1, Go again",,,,,,"""**Opt 2**",,,,,,,,14,0.08588957055214724,0.07302351553904289,0.6765967365967364,0.7394717649270611,0.12508932852116156,9,0.14285714285714285,0.12186938657526894,0.2071681573990701,4,0.0784313725490196,0.0655433085773643,0.11405009063898836,1,0.02040816326530612,0.01800720288115246,0.029935871191226312,0.11705137307642825
Seek Horizon (red),common,1,IAR236,Generic,https://content.fabrary.net/cards/IAR236.webp,NnPBTJzJr8PMqGdN9dDtH,Red,1,0,4,2,,,,"Generic, Action, Attack",,Go again,,,,,,"""As an additional cost to play this, you may put a card from your hand on top of your deck.",,,,,,,,41,0.25153374233128833,0.2192762319798093,1.5000000000000004,1.9999740000260002,0.1592237189713646,23,0.36507936507936506,0.3174617810020358,0.22772353436116471,10,0.19607843137254902,0.17261071780967974,0.12345714677707968,8,0.16326530612244897,0.14160789798544898,0.10596041085922792,0.15238036399915744
Seek Horizon (yellow),common,2,IAR237,Generic,https://content.fabrary.net/cards/IAR237.webp,fTLNzLLwbfCDzGf8cDnTr,Yellow,2,0,3,2,,,,"Generic, Action, Attack",,Go again,,,,,,"""As an additional cost to play this, you may put a card from your hand on top of your deck.",,,,,,,,20,0.12269938650306748,0.10599810528143726,1.5000000000000004,1.9999740000260002,0.0776701068152998,13,0.20634920634920634,0.17726658618499228,0.12871330203022352,1,0.0196078431372549,0.017301038062283735,0.012345714677707969,6,0.12244897959183673,0.10668455693965898,0.07947030814442094,0.07350977495078415
Seek Horizon (blue),common,3,IAR238,Generic,https://content.fabrary.net/cards/IAR238.webp,gKfz9fDKmTChbm7FmMgjh,Blue,3,0,2,2,,,,"Generic, Action, Attack",,Go again,,,,,,"""As an additional cost to play this, you may put a card from your hand on top of your deck.",,,,,,,,28,0.17177914110429449,0.1448318870076643,1.5000000000000004,1.9999740000260002,0.10873814954141972,11,0.1746031746031746,0.14629247114872945,0.10891125556403529,8,0.1568627450980392,0.13517020480688302,0.09876571742166375,9,0.1836734693877551,0.15301002968833258,0.1192054622166314,0.10896081173411015
Whispers Within (red),common,1,IAR239,Generic,https://content.fabrary.net/cards/IAR239.webp,FTRcQKnkdHpkCTnjhgnNL,Red,1,3,7,2,,,,"Generic, Action, Attack",,Opt 1,,,,,,"When this defends, **opt 1**.",Generic Action - Attack,,,,,,,44,0.26993865030674846,0.23235321787713648,1.6702564102564108,2.1714024000261714,0.15423357639924803,25,0.3968253968253968,0.3396722919343513,0.22373156164822028,13,0.2549019607843137,0.21676078590912837,0.14493821539754098,6,0.12244897959183673,0.11060040899476674,0.07155878451093996,0.14674285385223373
Whispers Within (yellow),common,2,IAR240,Generic,https://content.fabrary.net/cards/IAR240.webp,PGgGknjpBFqdRPpj8m9N6,Yellow,2,3,6,2,,,,"Generic, Action, Attack",,Opt 1,,,,,,"When this defends, **opt 1**.",Generic Action - Attack,,,,,,,47,0.2883435582822086,0.24661063584711304,1.6702564102564108,2.1714024000261714,0.16474950206283312,38,0.6031746031746031,0.5168224515323288,0.34007197370529485,7,0.13725490196078433,0.11786952098370783,0.07804365444482976,2,0.04081632653061224,0.033191298497420946,0.023852928170313318,0.14732285210681265
Whispers Within (blue),common,3,IAR241,Generic,https://content.fabrary.net/cards/IAR241.webp,bLQ6J6mfBQMRkcB6Kkfwb,Blue,3,3,5,2,,,,"Generic, Action, Attack",,Opt 1,,,,,,"When this defends, **opt 1**.",Generic Action - Attack,,,,,,,41,0.25153374233128833,0.21292522661528998,1.6702564102564108,2.1714024000261714,0.14371765073566295,17,0.2698412698412698,0.23028950961923808,0.15213746192078978,14,0.27450980392156865,0.2315364789413232,0.15608730888965952,10,0.20408163265306123,0.17122882461781178,0.11926464085156659,0.1424964705540053
Cracked Bauble (yellow),token,,SEA246,[],https://storage.googleapis.com/fabmaster/cardfaces/2025-SEA/EN/SEA246.png,Dbhn6rRcrbdRnKbqdPdwh,Yellow,2,,,,,,,"Generic, Resource",,,,,,,,*(A player may add any number of Cracked Baubles to their card-pool in sealed deck or booster draft formats.)*,Generic Resource,,,,,,,1,0.006134969325153374,0.006134969325153374,0.0,0.0,0.0,0,0.0,0.0,0.0,0,0.0,0.0,0.0,1,0.02040816326530612,0.02040816326530612,0.0,0.0
