deck_id,hero,date,card_name,count,is_equipment
0,"Viserai, Between Worlds",2026-09-12T23:05:16,Bloodfrenzy Gloomblade (red),2,0
0,"Viserai, Between Worlds",2026-09-12T23:05:16,Breach Flesh (red),2,0
0,"Viserai, Between Worlds",2026-09-12T23:05:16,Enshrine Sin (red),1,0
0,"Viserai, Between Worlds",2026-09-12T23:05:16,Ghostly Visit (red),1,0
0,"Viserai, Between Worlds",2026-09-12T23:05:16,Murmuring Gloomblade (red),3,0
0,"Viserai, Between Worlds",2026-09-12T23:05:16,Otherworldly Sins (red),1,0
0,"Viserai, Between Worlds",2026-09-12T23:05:16,Shadowake Gloomblade (red),2,0
0,"Viserai, Between Worlds",2026-09-12T23:05:16,Tremor of i'Arathael (red),1,0
0,"Viserai, Between Worlds",2026-09-12T23:05:16,Void Wraith (red),2,0
0,"Viserai, Between Worlds",2026-09-12T23:05:16,Bloodfrenzy Gloomblade (yellow),2,0
0,"Viserai, Between Worlds",2026-09-12T23:05:16,Embrace Ursur (yellow),1,0
0,"Viserai, Between Worlds",2026-09-12T23:05:16,Ghostly Visit (yellow),1,0
0,"Viserai, Between Worlds",2026-09-12T23:05:16,Pull from Beyond (yellow),2,0
0,"Viserai, Between Worlds",2026-09-12T23:05:16,Runechant of Greed (yellow),1,0
0,"Viserai, Between Worlds",2026-09-12T23:05:16,Runechant of Lust (yellow),2,0
0,"Viserai, Between Worlds",2026-09-12T23:05:16,Runechant of Pride (yellow),1,0
0,"Viserai, Between Worlds",2026-09-12T23:05:16,Shadowake Gloomblade (yellow),1,0
0,"Viserai, Between Worlds",2026-09-12T23:05:16,Shadowrealm Bloodhound (yellow),2,0
0,"Viserai, Between Worlds",2026-09-12T23:05:16,Step through Realms (yellow),2,0
0,"Viserai, Between Worlds",2026-09-12T23:05:16,Vexing Gloomblade (yellow),1,0
0,"Viserai, Between Worlds",2026-09-12T23:05:16,Bloodfrenzy Gloomblade (blue),2,0
0,"Viserai, Between Worlds",2026-09-12T23:05:16,Breach Flesh (blue),1,0
0,"Viserai, Between Worlds",2026-09-12T23:05:16,Embrace Ursur (blue),1,0
0,"Viserai, Between Worlds",2026-09-12T23:05:16,Pull from Beyond (blue),1,0
0,"Viserai, Between Worlds",2026-09-12T23:05:16,Seek Horizon (blue),1,0
0,"Viserai, Between Worlds",2026-09-12T23:05:16,Whispers Within (blue),1,0
0,"Viserai, Between Worlds",2026-09-12T23:05:16,Dark Arcanite Helm,1,1
0,"Viserai, Between Worlds",2026-09-12T23:05:16,Robe of Repentance,1,1
1,Malice,2026-09-13T04:36:44,Acrid Stench (red),2,0
1,Malice,2026-09-13T04:36:44,Bone Mass (red),1,0
1,Malice,2026-09-13T04:36:44,Breach Flesh (red),2,0
1,Malice,2026-09-13T04:36:44,Countdown to Extinction (red),1,0
1,Malice,2026-09-13T04:36:44,Dam the Shadowake (red),1,0
1,Malice,2026-09-13T04:36:44,Ghostly Visit (red),1,0
1,Malice,2026-09-13T04:36:44,Ominous Toll (red),1,0
1,Malice,2026-09-13T04:36:44,Restless Cleric (red),1,0
1,Malice,2026-09-13T04:36:44,Restless Looter (red),1,0
1,Malice,2026-09-13T04:36:44,Restless Shieldmaiden (red),1,0
1,Malice,2026-09-13T04:36:44,Shadowrealm Bloodhound (red),1,0
1,Malice,2026-09-13T04:36:44,Shadowrealm Harvester (red),1,0
1,Malice,2026-09-13T04:36:44,Shadowrealm Strength (red),1,0
1,Malice,2026-09-13T04:36:44,Void Wraith (red),1,0
1,Malice,2026-09-13T04:36:44,Breach Flesh (yellow),1,0
1,Malice,2026-09-13T04:36:44,Commit to Corruption (yellow),1,0
1,Malice,2026-09-13T04:36:44,Countdown to Extinction (yellow),1,0
1,Malice,2026-09-13T04:36:44,Pull from Beyond (yellow),1,0
1,Malice,2026-09-13T04:36:44,Shadowrealm Bloodhound (yellow),2,0
1,Malice,2026-09-13T04:36:44,Shadowrealm Reaper (yellow),1,0
1,Malice,2026-09-13T04:36:44,Skeletal Puppetry (yellow),1,0
1,Malice,2026-09-13T04:36:44,Void Wraith (yellow),1,0
1,Malice,2026-09-13T04:36:44,Acrid Stench (blue),1,0
1,Malice,2026-09-13T04:36:44,Breach Flesh (blue),1,0
1,Malice,2026-09-13T04:36:44,Ominous Toll (blue),1,0
1,Malice,2026-09-13T04:36:44,Pull from Beyond (blue),2,0
1,Malice,2026-09-13T04:36:44,Seek Horizon (blue),1,0
1,Malice,2026-09-13T04:36:44,Shadowrealm Ripper (blue),1,0
1,Malice,2026-09-13T04:36:44,Void Wraith (blue),1,0
1,Malice,2026-09-13T04:36:44,Whispers Within (blue),1,0
1,Malice,2026-09-13T04:36:44,Dark Arcanite Boots,1,1
2,Levia,2026-09-13T13:01:41,Beckoning Hunger (red),2,0
2,Levia,2026-09-13T13:01:41,Feasting Shadowbeast (red),2,0
2,Levia,2026-09-13T13:01:41,Feeding Frenzy (red),2,0
2,Levia,2026-09-13T13:01:41,Ghostly Visit (red),1,0
2,Levia,2026-09-13T13:01:41,Hellbound Assault (red),1,0
2,Levia,2026-09-13T13:01:41,Planar Chaos (red),1,0
2,Levia,2026-09-13T13:01:41,Rise to the Challenge (red),3,0
2,Levia,2026-09-13T13:01:41,Satiate Bloodthirst (red),1,0
2,Levia,2026-09-13T13:01:41,Shadowrealm Bloodhound (red),1,0
2,Levia,2026-09-13T13:01:41,Shadowrealm Harvester (red),1,0
2,Levia,2026-09-13T13:01:41,Apex Buster (yellow),1,0
2,Levia,2026-09-13T13:01:41,Beckoning Hunger (yellow),1,0
2,Levia,2026-09-13T13:01:41,Consuming Appetite (yellow),2,0
2,Levia,2026-09-13T13:01:41,Consuming Strength (yellow),1,0
2,Levia,2026-09-13T13:01:41,Dam the Shadowake (yellow),1,0
2,Levia,2026-09-13T13:01:41,Rumbling Hunger (yellow),2,0
2,Levia,2026-09-13T13:01:41,Blasmophet's Boon (blue),2,0
2,Levia,2026-09-13T13:01:41,Cleave the Heavens (blue),1,0
2,Levia,2026-09-13T13:01:41,Feasting Shadowbeast (blue),4,0
2,Levia,2026-09-13T13:01:41,Pull from Beyond (blue),1,0
2,Levia,2026-09-13T13:01:41,Rumbling Hunger (blue),1,0
2,Levia,2026-09-13T13:01:41,Seek Horizon (blue),1,0
2,Levia,2026-09-13T13:01:41,Whispers Within (blue),1,0
2,Levia,2026-09-13T13:01:41,Blood Harvest,1,0
2,Levia,2026-09-13T13:01:41,Dark Arcanite Boots,1,1
2,Levia,2026-09-13T13:01:41,Dark Arcanite Gloves,1,1
2,Levia,2026-09-13T13:01:41,Grille of Repentance,1,1
2,Levia,2026-09-13T13:01:41,Path of Repentance,1,1
2,Levia,2026-09-13T13:01:41,Robe of Repentance,1,1
3,Levia,2026-09-13T13:30:46,Beckoning Hunger (red),1,0
3,Levia,2026-09-13T13:30:46,Devouring Doomwake (red),1,0
3,Levia,2026-09-13T13:30:46,Feasting Shadowbeast (red),2,0
3,Levia,2026-09-13T13:30:46,Feeding Frenzy (red),1,0
3,Levia,2026-09-13T13:30:46,Gorging Shadowbeast (red),2,0
3,Levia,2026-09-13T13:30:46,Headstrong Stampede (red),2,0
3,Levia,2026-09-13T13:30:46,Rise to the Challenge (red),2,0
3,Levia,2026-09-13T13:30:46,Seek Horizon (red),1,0
3,Levia,2026-09-13T13:30:46,Whispers Within (red),1,0
3,Levia,2026-09-13T13:30:46,Beckoning Hunger (yellow),2,0
3,Levia,2026-09-13T13:30:46,Feasting Shadowbeast (yellow),2,0
3,Levia,2026-09-13T13:30:46,Headstrong Stampede (yellow),1,0
3,Levia,2026-09-13T13:30:46,Ingest the Unknown (yellow),1,0
3,Levia,2026-09-13T13:30:46,Satiate Bloodthirst (yellow),1,0
3,Levia,2026-09-13T13:30:46,Whispers Within (yellow),2,0
3,Levia,2026-09-13T13:30:46,Beckoning Hunger (blue),1,0
3,Levia,2026-09-13T13:30:46,Blasmophet's Boon (blue),1,0
3,Levia,2026-09-13T13:30:46,Breach Flesh (blue),1,0
3,Levia,2026-09-13T13:30:46,Cleave the Heavens (blue),1,0
3,Levia,2026-09-13T13:30:46,Consuming Command (blue),2,0
3,Levia,2026-09-13T13:30:46,Feasting Shadowbeast (blue),1,0
3,Levia,2026-09-13T13:30:46,Ghostly Visit (blue),1,0
3,Levia,2026-09-13T13:30:46,Goremass Summoning (blue),2,0
3,Levia,2026-09-13T13:30:46,Rocktop Bellow (blue),1,0
3,Levia,2026-09-13T13:30:46,Void Wraith (blue),1,0
3,Levia,2026-09-13T13:30:46,Dark Arcanite Helm,1,1
3,Levia,2026-09-13T13:30:46,Path of Repentance,1,1
3,Levia,2026-09-13T13:30:46,Robe of Repentance,1,1
4,Levia,2026-09-13T17:18:22,Beckoning Hunger (red),1,0
4,Levia,2026-09-13T17:18:22,Cleave the Heavens (red),2,0
4,Levia,2026-09-13T17:18:22,Corrupt and Conquer (red),1,0
4,Levia,2026-09-13T17:18:22,Dam the Shadowake (red),1,0
4,Levia,2026-09-13T17:18:22,Feasting Shadowbeast (red),1,0
4,Levia,2026-09-13T17:18:22,Feeding Frenzy (red),1,0
4,Levia,2026-09-13T17:18:22,Rumbling Hunger (red),1,0
4,Levia,2026-09-13T17:18:22,Shadowrealm Bloodhound (red),1,0
4,Levia,2026-09-13T17:18:22,Shadowrealm Ripper (red),1,0
4,Levia,2026-09-13T17:18:22,Step through Realms (red),1,0
4,Levia,2026-09-13T17:18:22,Beckoning Hunger (yellow),1,0
4,Levia,2026-09-13T17:18:22,Cleave the Heavens (yellow),1,0
4,Levia,2026-09-13T17:18:22,Corporeal Chasm (yellow),1,0
4,Levia,2026-09-13T17:18:22,Dam the Shadowake (yellow),3,0
4,Levia,2026-09-13T17:18:22,Feasting Shadowbeast (yellow),1,0
4,Levia,2026-09-13T17:18:22,Rise to the Challenge (yellow),1,0
4,Levia,2026-09-13T17:18:22,Satiate Bloodthirst (yellow),1,0
4,Levia,2026-09-13T17:18:22,Shadowrealm Bloodhound (yellow),1,0
4,Levia,2026-09-13T17:18:22,Shadowrealm Ripper (yellow),1,0
4,Levia,2026-09-13T17:18:22,Abyssal Bite (blue),1,0
4,Levia,2026-09-13T17:18:22,Abyssal Force (blue),1,0
4,Levia,2026-09-13T17:18:22,Beckoning Hunger (blue),1,0
4,Levia,2026-09-13T17:18:22,Blasmophet's Boon (blue),1,0
4,Levia,2026-09-13T17:18:22,Dam the Shadowake (blue),1,0
4,Levia,2026-09-13T17:18:22,Feasting Shadowbeast (blue),1,0
4,Levia,2026-09-13T17:18:22,Goremass Summoning (blue),2,0
4,Levia,2026-09-13T17:18:22,Headstrong Stampede (blue),2,0
4,Levia,2026-09-13T17:18:22,Rise to the Challenge (blue),1,0
4,Levia,2026-09-13T17:18:22,Satiate Bloodthirst (blue),1,0
4,Levia,2026-09-13T17:18:22,Shadowrealm Harrower (blue),1,0
4,Levia,2026-09-13T17:18:22,Shadowrealm Ripper (blue),1,0
4,Levia,2026-09-13T17:18:22,Dark Arcanite Boots,1,1
4,Levia,2026-09-13T17:18:22,Grille of Repentance,1,1
4,Levia,2026-09-13T17:18:22,Robe of Repentance,1,1
5,"Viserai, Between Worlds",2026-09-13T18:20:16,Bloodfrenzy Gloomblade (red),1,0
5,"Viserai, Between Worlds",2026-09-13T18:20:16,Corrupt and Conquer (red),1,0
5,"Viserai, Between Worlds",2026-09-13T18:20:16,Cullingsong Gloomblade (red),1,0
5,"Viserai, Between Worlds",2026-09-13T18:20:16,Embrace Ursur (red),1,0
5,"Viserai, Between Worlds",2026-09-13T18:20:16,Murmuring Gloomblade (red),1,0
5,"Viserai, Between Worlds",2026-09-13T18:20:16,Otherworldly Sins (red),2,0
5,"Viserai, Between Worlds",2026-09-13T18:20:16,Runic Reaving (red),1,0
5,"Viserai, Between Worlds",2026-09-13T18:20:16,Shadowrealm Ripper (red),1,0
5,"Viserai, Between Worlds",2026-09-13T18:20:16,Void Wraith (red),2,0
5,"Viserai, Between Worlds",2026-09-13T18:20:16,Whispers Within (red),1,0
5,"Viserai, Between Worlds",2026-09-13T18:20:16,Enshrine Sin (yellow),1,0
5,"Viserai, Between Worlds",2026-09-13T18:20:16,Runechant of Gluttony (yellow),1,0
5,"Viserai, Between Worlds",2026-09-13T18:20:16,Runechant of Lust (yellow),2,0
5,"Viserai, Between Worlds",2026-09-13T18:20:16,Runechant of Pride (yellow),1,0
5,"Viserai, Between Worlds",2026-09-13T18:20:16,Runechant of Wrath (yellow),1,0
5,"Viserai, Between Worlds",2026-09-13T18:20:16,Shadowrealm Ripper (yellow),1,0
5,"Viserai, Between Worlds",2026-09-13T18:20:16,Shadowrealm Walker (yellow),2,0
5,"Viserai, Between Worlds",2026-09-13T18:20:16,Step through Realms (yellow),1,0
5,"Viserai, Between Worlds",2026-09-13T18:20:16,Vexing Gloomblade (yellow),2,0
5,"Viserai, Between Worlds",2026-09-13T18:20:16,Void Wraith (yellow),1,0
5,"Viserai, Between Worlds",2026-09-13T18:20:16,Bloodfrenzy Gloomblade (blue),1,0
5,"Viserai, Between Worlds",2026-09-13T18:20:16,Enshrine Sin (blue),2,0
5,"Viserai, Between Worlds",2026-09-13T18:20:16,Otherworldly Sins (blue),1,0
5,"Viserai, Between Worlds",2026-09-13T18:20:16,Shadowake Gloomblade (blue),1,0
5,"Viserai, Between Worlds",2026-09-13T18:20:16,Sonata Dystopia (blue),1,0
5,"Viserai, Between Worlds",2026-09-13T18:20:16,Vexing Gloomblade (blue),1,0
5,"Viserai, Between Worlds",2026-09-13T18:20:16,Dark Arcanite Helm,1,1
5,"Viserai, Between Worlds",2026-09-13T18:20:16,Path of Repentance,1,1
6,Malice,2026-09-13T20:16:20,Acrid Stench (red),1,0
6,Malice,2026-09-13T20:16:20,Bone Mass (red),2,0
6,Malice,2026-09-13T20:16:20,Corporeal Chasm (red),1,0
6,Malice,2026-09-13T20:16:20,Corpse Cover (red),1,0
6,Malice,2026-09-13T20:16:20,Dam the Shadowake (red),1,0
6,Malice,2026-09-13T20:16:20,Permanent Interment (red),1,0
6,Malice,2026-09-13T20:16:20,Rally the Shadow Horde (red),1,0
6,Malice,2026-09-13T20:16:20,Restless Cleric (red),1,0
6,Malice,2026-09-13T20:16:20,Restless Outlaw (red),1,0
6,Malice,2026-09-13T20:16:20,Restless Templar (red),1,0
6,Malice,2026-09-13T20:16:20,Shadowrealm Ripper (red),1,0
6,Malice,2026-09-13T20:16:20,Whispers Within (red),2,0
6,Malice,2026-09-13T20:16:20,Acrid Stench (yellow),3,0
6,Malice,2026-09-13T20:16:20,Ominous Toll (yellow),3,0
6,Malice,2026-09-13T20:16:20,Permanent Interment (yellow),1,0
6,Malice,2026-09-13T20:16:20,Shadowrealm Ripper (yellow),1,0
6,Malice,2026-09-13T20:16:20,Shadowrealm Swiftness (yellow),1,0
6,Malice,2026-09-13T20:16:20,Void Wraith (yellow),1,0
6,Malice,2026-09-13T20:16:20,Acrid Stench (blue),1,0
6,Malice,2026-09-13T20:16:20,Corporeal Chasm (blue),2,0
6,Malice,2026-09-13T20:16:20,Darkest Hour (blue),2,0
6,Malice,2026-09-13T20:16:20,Dimenxxional Ferryman (blue),1,0
6,Malice,2026-09-13T20:16:20,Ghostly Visit (blue),1,0
6,Malice,2026-09-13T20:16:20,Permanent Interment (blue),2,0
6,Malice,2026-09-13T20:16:20,Pull from Beyond (blue),1,0
6,Malice,2026-09-13T20:16:20,Shadowrealm Bloodhound (blue),1,0
6,Malice,2026-09-13T20:16:20,Shadowrealm Walker (blue),1,0
6,Malice,2026-09-13T20:16:20,Void Wraith (blue),1,0
6,Malice,2026-09-13T20:16:20,Dark Arcanite Boots,1,1
6,Malice,2026-09-13T20:16:20,Dark Arcanite Helm,1,1
7,Levia,2026-09-13T21:01:18,Beckoning Hunger (red),1,0
7,Levia,2026-09-13T21:01:18,Dam the Shadowake (red),1,0
7,Levia,2026-09-13T21:01:18,Feasting Shadowbeast (red),1,0
7,Levia,2026-09-13T21:01:18,Ghostly Visit (red),1,0
7,Levia,2026-09-13T21:01:18,Rumbling Hunger (red),1,0
7,Levia,2026-09-13T21:01:18,Tribute to Greater Power (red),1,0
7,Levia,2026-09-13T21:01:18,Violent Gusto (red),1,0
7,Levia,2026-09-13T21:01:18,Whispers Within (red),2,0
7,Levia,2026-09-13T21:01:18,Breach Flesh (yellow),1,0
7,Levia,2026-09-13T21:01:18,Cleave the Heavens (yellow),1,0
7,Levia,2026-09-13T21:01:18,Consuming Lash (yellow),1,0
7,Levia,2026-09-13T21:01:18,Corporeal Chasm (yellow),1,0
7,Levia,2026-09-13T21:01:18,Dam the Shadowake (yellow),1,0
7,Levia,2026-09-13T21:01:18,Darkest Hour (yellow),1,0
7,Levia,2026-09-13T21:01:18,Fallen Herald (yellow),1,0
7,Levia,2026-09-13T21:01:18,Pull from Beyond (yellow),1,0
7,Levia,2026-09-13T21:01:18,Rise to the Challenge (yellow),1,0
7,Levia,2026-09-13T21:01:18,Rumbling Hunger (yellow),1,0
7,Levia,2026-09-13T21:01:18,Satiate Bloodthirst (yellow),1,0
7,Levia,2026-09-13T21:01:18,Shadowrealm Ripper (yellow),1,0
7,Levia,2026-09-13T21:01:18,Void Wraith (yellow),1,0
7,Levia,2026-09-13T21:01:18,Whispers Within (yellow),1,0
7,Levia,2026-09-13T21:01:18,Battle Clearing Bellow (blue),1,0
7,Levia,2026-09-13T21:01:18,Beckoning Hunger (blue),1,0
7,Levia,2026-09-13T21:01:18,Consuming Command (blue),2,0
7,Levia,2026-09-13T21:01:18,Corporeal Chasm (blue),1,0
7,Levia,2026-09-13T21:01:18,Countdown to Extinction (blue),1,0
7,Levia,2026-09-13T21:01:18,Darkest Hour (blue),1,0
7,Levia,2026-09-13T21:01:18,Headstrong Stampede (blue),1,0
7,Levia,2026-09-13T21:01:18,Shadowrealm Walker (blue),1,0
7,Levia,2026-09-13T21:01:18,Step through Realms (blue),1,0
7,Levia,2026-09-13T21:01:18,Dark Arcanite Boots,1,1
7,Levia,2026-09-13T21:01:18,Grille of Repentance,1,1
7,Levia,2026-09-13T21:01:18,Path of Repentance,1,1
7,Levia,2026-09-13T21:01:18,Robe of Repentance,1,1
8,Levia,2026-09-13T22:17:20,Beckoning Hunger (red),3,0
8,Levia,2026-09-13T22:17:20,Cleave the Heavens (red),1,0
8,Levia,2026-09-13T22:17:20,Feasting Shadowbeast (red),1,0
8,Levia,2026-09-13T22:17:20,Feeding Frenzy (red),2,0
8,Levia,2026-09-13T22:17:20,Gorging Shadowbeast (red),2,0
8,Levia,2026-09-13T22:17:20,Hellbound Assault (red),1,0
8,Levia,2026-09-13T22:17:20,Pull from Beyond (red),1,0
8,Levia,2026-09-13T22:17:20,Satiate Bloodthirst (red),1,0
8,Levia,2026-09-13T22:17:20,Cleave the Heavens (yellow),2,0
8,Levia,2026-09-13T22:17:20,Consuming Appetite (yellow),1,0
8,Levia,2026-09-13T22:17:20,Consuming Lash (yellow),1,0
8,Levia,2026-09-13T22:17:20,Consuming Strength (yellow),1,0
8,Levia,2026-09-13T22:17:20,Corporeal Chasm (yellow),1,0
8,Levia,2026-09-13T22:17:20,Feasting Shadowbeast (yellow),1,0
8,Levia,2026-09-13T22:17:20,Feeding Frenzy (yellow),1,0
8,Levia,2026-09-13T22:17:20,Gorging Shadowbeast (yellow),1,0
8,Levia,2026-09-13T22:17:20,Headstrong Stampede (yellow),1,0
8,Levia,2026-09-13T22:17:20,Rumbling Hunger (yellow),1,0
8,Levia,2026-09-13T22:17:20,Satiate Bloodthirst (yellow),2,0
8,Levia,2026-09-13T22:17:20,Whispers Within (yellow),1,0
8,Levia,2026-09-13T22:17:20,Abyssal Force (blue),1,0
8,Levia,2026-09-13T22:17:20,Blasmophet's Boon (blue),1,0
8,Levia,2026-09-13T22:17:20,Consuming Command (blue),2,0
8,Levia,2026-09-13T22:17:20,Feeding Frenzy (blue),1,0
8,Levia,2026-09-13T22:17:20,Ghostly Visit (blue),3,0
8,Levia,2026-09-13T22:17:20,Goremass Summoning (blue),1,0
8,Levia,2026-09-13T22:17:20,Gorging Shadowbeast (blue),3,0
8,Levia,2026-09-13T22:17:20,Satiate Bloodthirst (blue),1,0
8,Levia,2026-09-13T22:17:20,Shadowrealm Bloodhound (blue),1,0
8,Levia,2026-09-13T22:17:20,Dark Arcanite Helm,1,1
8,Levia,2026-09-13T22:17:20,Dark Arcanite Plating,1,1
9,"Viserai, Between Worlds",2026-09-13T22:34:15,Breach Flesh (red),1,0
9,"Viserai, Between Worlds",2026-09-13T22:34:15,Dam the Shadowake (red),1,0
9,"Viserai, Between Worlds",2026-09-13T22:34:15,Demonbound Gloomblade (red),1,0
9,"Viserai, Between Worlds",2026-09-13T22:34:15,Embrace Ursur (red),1,0
9,"Viserai, Between Worlds",2026-09-13T22:34:15,Murmuring Gloomblade (red),1,0
9,"Viserai, Between Worlds",2026-09-13T22:34:15,Otherworldly Sins (red),2,0
9,"Viserai, Between Worlds",2026-09-13T22:34:15,Planar Chaos (red),1,0
9,"Viserai, Between Worlds",2026-09-13T22:34:15,Plundersong Gloomblade (red),1,0
9,"Viserai, Between Worlds",2026-09-13T22:34:15,Pull from Beyond (red),1,0
9,"Viserai, Between Worlds",2026-09-13T22:34:15,Rumbling of i'Arathael (red),1,0
9,"Viserai, Between Worlds",2026-09-13T22:34:15,Runic Disposition (red),1,0
9,"Viserai, Between Worlds",2026-09-13T22:34:15,Shadowrealm Bloodhound (red),1,0
9,"Viserai, Between Worlds",2026-09-13T22:34:15,Demonbound Gloomblade (yellow),1,0
9,"Viserai, Between Worlds",2026-09-13T22:34:15,Ghostly Visit (yellow),1,0
9,"Viserai, Between Worlds",2026-09-13T22:34:15,Runechant of Greed (yellow),1,0
9,"Viserai, Between Worlds",2026-09-13T22:34:15,Runechant of Wrath (yellow),2,0
9,"Viserai, Between Worlds",2026-09-13T22:34:15,Runic Reaving (yellow),1,0
9,"Viserai, Between Worlds",2026-09-13T22:34:15,Shadowrealm Reaper (yellow),1,0
9,"Viserai, Between Worlds",2026-09-13T22:34:15,Shadowrealm Ripper (yellow),1,0
9,"Viserai, Between Worlds",2026-09-13T22:34:15,Bloodfrenzy Gloomblade (blue),1,0
9,"Viserai, Between Worlds",2026-09-13T22:34:15,Dimenxxional Ferryman (blue),1,0
9,"Viserai, Between Worlds",2026-09-13T22:34:15,Embrace Ursur (blue),3,0
9,"Viserai, Between Worlds",2026-09-13T22:34:15,Otherworldly Sins (blue),1,0
9,"Viserai, Between Worlds",2026-09-13T22:34:15,Runic Disposition (blue),1,0
9,"Viserai, Between Worlds",2026-09-13T22:34:15,Sonata Dystopia (blue),1,0
9,"Viserai, Between Worlds",2026-09-13T22:34:15,Void Wraith (blue),1,0
9,"Viserai, Between Worlds",2026-09-13T22:34:15,Dark Arcanite Gloves,1,1
9,"Viserai, Between Worlds",2026-09-13T22:34:15,Dark Arcanite Plating,1,1
9,"Viserai, Between Worlds",2026-09-13T22:34:15,Path of Repentance,1,1
9,"Viserai, Between Worlds",2026-09-13T22:34:15,Robe of Repentance,1,1
10,Levia,2026-09-13T23:32:11,Beckoning Hunger (red),1,0
10,Levia,2026-09-13T23:32:11,Feeding Frenzy (red),1,0
10,Levia,2026-09-13T23:32:11,Hellbound Assault (red),1,0
10,Levia,2026-09-13T23:32:11,Permanent Interment (red),2,0
10,Levia,2026-09-13T23:32:11,Pull from Beyond (red),1,0
10,Levia,2026-09-13T23:32:11,Rise to the Challenge (red),2,0
10,Levia,2026-09-13T23:32:11,Rocktop Bellow (red),1,0
10,Levia,2026-09-13T23:32:11,Satiate Bloodthirst (red),1,0
10,Levia,2026-09-13T23:32:11,Shadowrealm Bloodhound (red),1,0
10,Levia,2026-09-13T23:32:11,Shadowrealm Ripper (red),1,0
10,Levia,2026-09-13T23:32:11,Step through Realms (red),1,0
10,Levia,2026-09-13T23:32:11,Whispers Within (red),1,0
10,Levia,2026-09-13T23:32:11,Cleave the Heavens (yellow),3,0
10,Levia,2026-09-13T23:32:11,Countdown to Extinction (yellow),1,0
10,Levia,2026-09-13T23:32:11,Feeding Frenzy (yellow),1,0
10,Levia,2026-09-13T23:32:11,Gorging Shadowbeast (yellow),1,0
10,Levia,2026-09-13T23:32:11,Rumbling Hunger (yellow),1,0
10,Levia,2026-09-13T23:32:11,Step through Realms (yellow),1,0
10,Levia,2026-09-13T23:32:11,Void Wraith (yellow),1,0
10,Levia,2026-09-13T23:32:11,Abyssal Bite (blue),1,0
10,Levia,2026-09-13T23:32:11,Abyssal Force (blue),1,0
10,Levia,2026-09-13T23:32:11,Battle Clearing Bellow (blue),1,0
10,Levia,2026-09-13T23:32:11,Beckoning Hunger (blue),2,0
10,Levia,2026-09-13T23:32:11,Consuming Command (blue),1,0
10,Levia,2026-09-13T23:32:11,Feeding Frenzy (blue),1,0
10,Levia,2026-09-13T23:32:11,Goremass Summoning (blue),1,0
10,Levia,2026-09-13T23:32:11,Rise to the Challenge (blue),2,0
10,Levia,2026-09-13T23:32:11,Rumbling Hunger (blue),1,0
10,Levia,2026-09-13T23:32:11,Satiate Bloodthirst (blue),1,0
10,Levia,2026-09-13T23:32:11,Shadowrealm Bloodhound (blue),1,0
10,Levia,2026-09-13T23:32:11,Shadowrealm Ripper (blue),1,0
10,Levia,2026-09-13T23:32:11,Whispers Within (blue),1,0
10,Levia,2026-09-13T23:32:11,Dark Arcanite Helm,1,1
10,Levia,2026-09-13T23:32:11,Path of Repentance,1,1
11,"Viserai, Between Worlds",2026-09-14T00:34:27,Bloodfrenzy Gloomblade (red),2,0
11,"Viserai, Between Worlds",2026-09-14T00:34:27,Bloodsong Gloomblade (red),1,0
11,"Viserai, Between Worlds",2026-09-14T00:34:27,Cullingsong Gloomblade (red),1,0
11,"Viserai, Between Worlds",2026-09-14T00:34:27,Darkest Hour (red),1,0
11,"Viserai, Between Worlds",2026-09-14T00:34:27,Demonbound Gloomblade (red),1,0
11,"Viserai, Between Worlds",2026-09-14T00:34:27,Murmuring Gloomblade (red),1,0
11,"Viserai, Between Worlds",2026-09-14T00:34:27,Otherworldly Sins (red),1,0
11,"Viserai, Between Worlds",2026-09-14T00:34:27,Runic Disposition (red),1,0
11,"Viserai, Between Worlds",2026-09-14T00:34:27,Battle Prep (yellow),1,0
11,"Viserai, Between Worlds",2026-09-14T00:34:27,Bloodfrenzy Gloomblade (yellow),1,0
11,"Viserai, Between Worlds",2026-09-14T00:34:27,Darkest Hour (yellow),1,0
11,"Viserai, Between Worlds",2026-09-14T00:34:27,Enshrine Sin (yellow),1,0
11,"Viserai, Between Worlds",2026-09-14T00:34:27,Ghostly Visit (yellow),2,0
11,"Viserai, Between Worlds",2026-09-14T00:34:27,Rally the Shadow Horde (yellow),1,0
11,"Viserai, Between Worlds",2026-09-14T00:34:27,Runechant of Gluttony (yellow),1,0
11,"Viserai, Between Worlds",2026-09-14T00:34:27,Runechant of Lust (yellow),1,0
11,"Viserai, Between Worlds",2026-09-14T00:34:27,Runechant of Sloth (yellow),1,0
11,"Viserai, Between Worlds",2026-09-14T00:34:27,Seek Horizon (yellow),1,0
11,"Viserai, Between Worlds",2026-09-14T00:34:27,Shadowrealm Bloodhound (yellow),1,0
11,"Viserai, Between Worlds",2026-09-14T00:34:27,Void Wraith (yellow),1,0
11,"Viserai, Between Worlds",2026-09-14T00:34:27,Abyssal Rush (blue),1,0
11,"Viserai, Between Worlds",2026-09-14T00:34:27,Bloodfrenzy Gloomblade (blue),1,0
11,"Viserai, Between Worlds",2026-09-14T00:34:27,Demonbound Gloomblade (blue),1,0
11,"Viserai, Between Worlds",2026-09-14T00:34:27,Murmuring Gloomblade (blue),1,0
11,"Viserai, Between Worlds",2026-09-14T00:34:27,Otherworldly Sins (blue),2,0
11,"Viserai, Between Worlds",2026-09-14T00:34:27,Permanent Interment (blue),1,0
11,"Viserai, Between Worlds",2026-09-14T00:34:27,Rites of Nightfall (blue),1,0
11,"Viserai, Between Worlds",2026-09-14T00:34:27,Runic Disposition (blue),1,0
11,"Viserai, Between Worlds",2026-09-14T00:34:27,Shadowrealm Harrower (blue),1,0
11,"Viserai, Between Worlds",2026-09-14T00:34:27,Step through Realms (blue),1,0
11,"Viserai, Between Worlds",2026-09-14T00:34:27,Dark Arcanite Helm,1,1
11,"Viserai, Between Worlds",2026-09-14T00:34:27,Path of Repentance,1,1
12,Malice,2026-09-14T07:29:24,Bonded Burial (red),1,0
12,Malice,2026-09-14T07:29:24,Darkest Hour (red),2,0
12,Malice,2026-09-14T07:29:24,Malignant Migration (red),2,0
12,Malice,2026-09-14T07:29:24,Ominous Toll (red),2,0
12,Malice,2026-09-14T07:29:24,Restless Magister (red),1,0
12,Malice,2026-09-14T07:29:24,Restless Quartermaster (red),1,0
12,Malice,2026-09-14T07:29:24,Restless Shieldmaiden (red),1,0
12,Malice,2026-09-14T07:29:24,Rumbling of i'Arathael (red),1,0
12,Malice,2026-09-14T07:29:24,Shadowrealm Strength (red),2,0
12,Malice,2026-09-14T07:29:24,Skeletal Puppetry (red),1,0
12,Malice,2026-09-14T07:29:24,Step through Realms (red),1,0
12,Malice,2026-09-14T07:29:24,Acrid Stench (yellow),1,0
12,Malice,2026-09-14T07:29:24,Bone Mass (yellow),1,0
12,Malice,2026-09-14T07:29:24,Darkest Hour (yellow),1,0
12,Malice,2026-09-14T07:29:24,Forsaken Strike (yellow),1,0
12,Malice,2026-09-14T07:29:24,Malignant Migration (yellow),2,0
12,Malice,2026-09-14T07:29:24,Mutual Sacrifice (yellow),1,0
12,Malice,2026-09-14T07:29:24,Ominous Toll (yellow),1,0
12,Malice,2026-09-14T07:29:24,Shadowrealm Swiftness (yellow),1,0
12,Malice,2026-09-14T07:29:24,Shadowrealm Walker (yellow),1,0
12,Malice,2026-09-14T07:29:24,Void Wraith (yellow),1,0
12,Malice,2026-09-14T07:29:24,Bone Mass (blue),2,0
12,Malice,2026-09-14T07:29:24,Breach Flesh (blue),1,0
12,Malice,2026-09-14T07:29:24,Corporeal Chasm (blue),1,0
12,Malice,2026-09-14T07:29:24,Ghostly Visit (blue),1,0
12,Malice,2026-09-14T07:29:24,Ominous Toll (blue),3,0
12,Malice,2026-09-14T07:29:24,Shadowrealm Harrower (blue),1,0
12,Malice,2026-09-14T07:29:24,Shadowrealm Solace (blue),1,0
12,Malice,2026-09-14T07:29:24,Step through Realms (blue),1,0
12,Malice,2026-09-14T07:29:24,Dark Arcanite Boots,1,1
12,Malice,2026-09-14T07:29:24,Dark Arcanite Plating,1,1
12,Malice,2026-09-14T07:29:24,Grille of Repentance,1,1
13,Levia,2026-09-14T09:19:02,Beckoning Hunger (red),2,0
13,Levia,2026-09-14T09:19:02,Cleave the Heavens (red),4,0
13,Levia,2026-09-14T09:19:02,Dam the Shadowake (red),1,0
13,Levia,2026-09-14T09:19:02,Devouring Doomwake (red),1,0
13,Levia,2026-09-14T09:19:02,Feasting Shadowbeast (red),1,0
13,Levia,2026-09-14T09:19:02,Hellbound Assault (red),1,0
13,Levia,2026-09-14T09:19:02,Pull from Beyond (red),1,0
13,Levia,2026-09-14T09:19:02,Rise to the Challenge (red),2,0
13,Levia,2026-09-14T09:19:02,Shadowrealm Bloodhound (red),1,0
13,Levia,2026-09-14T09:19:02,Corporeal Chasm (yellow),2,0
13,Levia,2026-09-14T09:19:02,Fallen Herald (yellow),1,0
13,Levia,2026-09-14T09:19:02,Gorging Shadowbeast (yellow),1,0
13,Levia,2026-09-14T09:19:02,Rise to the Challenge (yellow),1,0
13,Levia,2026-09-14T09:19:02,Shadowrealm Ripper (yellow),1,0
13,Levia,2026-09-14T09:19:02,Beckoning Hunger (blue),2,0
13,Levia,2026-09-14T09:19:02,Blasmophet's Boon (blue),1,0
13,Levia,2026-09-14T09:19:02,Consuming Command (blue),2,0
13,Levia,2026-09-14T09:19:02,Feeding Frenzy (blue),3,0
13,Levia,2026-09-14T09:19:02,Goremass Summoning (blue),1,0
13,Levia,2026-09-14T09:19:02,Gorging Shadowbeast (blue),1,0
13,Levia,2026-09-14T09:19:02,Permanent Interment (blue),1,0
13,Levia,2026-09-14T09:19:02,Rocktop Bellow (blue),1,0
13,Levia,2026-09-14T09:19:02,Shadowrealm Bloodhound (blue),1,0
13,Levia,2026-09-14T09:19:02,Whispers Within (blue),1,0
13,Levia,2026-09-14T09:19:02,Dark Arcanite Helm,1,1
13,Levia,2026-09-14T09:19:02,Path of Repentance,1,1
13,Levia,2026-09-14T09:19:02,Robe of Repentance,1,1
14,Malice,2026-09-14T10:05:39,Bonded Burial (red),1,0
14,Malice,2026-09-14T10:05:39,Dam the Shadowake (red),2,0
14,Malice,2026-09-14T10:05:39,Permanent Interment (red),1,0
14,Malice,2026-09-14T10:05:39,Rally the Shadow Horde (red),1,0
14,Malice,2026-09-14T10:05:39,Restless Cleric (red),2,0
14,Malice,2026-09-14T10:05:39,Restless Looter (red),1,0
14,Malice,2026-09-14T10:05:39,Restless Shieldmaiden (red),1,0
14,Malice,2026-09-14T10:05:39,Shadowrealm Bloodhound (red),1,0
14,Malice,2026-09-14T10:05:39,Shadowrealm Strength (red),1,0
14,Malice,2026-09-14T10:05:39,Acrid Stench (yellow),1,0
14,Malice,2026-09-14T10:05:39,Bone Mass (yellow),2,0
14,Malice,2026-09-14T10:05:39,Breach Flesh (yellow),1,0
14,Malice,2026-09-14T10:05:39,Commit to Corruption (yellow),1,0
14,Malice,2026-09-14T10:05:39,Corporeal Chasm (yellow),1,0
14,Malice,2026-09-14T10:05:39,Breach Flesh (blue),2,0
14,Malice,2026-09-14T10:05:39,Corporeal Chasm (blue),1,0
14,Malice,2026-09-14T10:05:39,Mutual Sacrifice (blue),1,0
14,Malice,2026-09-14T10:05:39,Permanent Interment (blue),1,0
14,Malice,2026-09-14T10:05:39,Pull from Beyond (blue),2,0
14,Malice,2026-09-14T10:05:39,Rally the Shadow Horde (blue),1,0
14,Malice,2026-09-14T10:05:39,Shadowrealm Bloodhound (blue),2,0
14,Malice,2026-09-14T10:05:39,Shadowrealm Solace (blue),3,0
14,Malice,2026-09-14T10:05:39,Shadowrealm Walker (blue),1,0
14,Malice,2026-09-14T10:05:39,Dark Arcanite Boots,1,1
14,Malice,2026-09-14T10:05:39,Path of Repentance,1,1
14,Malice,2026-09-14T10:05:39,Robe of Repentance,1,1
15,Levia,2026-09-14T12:20:05,Battle Prep (red),2,0
15,Levia,2026-09-14T12:20:05,Cleave the Heavens (red),1,0
15,Levia,2026-09-14T12:20:05,Darkest Hour (red),1,0
15,Levia,2026-09-14T12:20:05,Feeding Frenzy (red),2,0
15,Levia,2026-09-14T12:20:05,Gorging Shadowbeast (red),2,0
15,Levia,2026-09-14T12:20:05,Hellbound Assault (red),1,0
15,Levia,2026-09-14T12:20:05,Peak Power (red),1,0
15,Levia,2026-09-14T12:20:05,Rise to the Challenge (red),1,0
15,Levia,2026-09-14T12:20:05,Rumbling Hunger (red),1,0
15,Levia,2026-09-14T12:20:05,Satiate Bloodthirst (red),1,0
15,Levia,2026-09-14T12:20:05,Shadowrealm Harvester (red),1,0
15,Levia,2026-09-14T12:20:05,Step through Realms (red),1,0
15,Levia,2026-09-14T12:20:05,Apex Buster (yellow),1,0
15,Levia,2026-09-14T12:20:05,Beckoning Hunger (yellow),2,0
15,Levia,2026-09-14T12:20:05,Consuming Lash (yellow),1,0
15,Levia,2026-09-14T12:20:05,Consuming Strength (yellow),1,0
15,Levia,2026-09-14T12:20:05,Corporeal Chasm (yellow),1,0
15,Levia,2026-09-14T12:20:05,Feasting Shadowbeast (yellow),1,0
15,Levia,2026-09-14T12:20:05,Headstrong Stampede (yellow),1,0
15,Levia,2026-09-14T12:20:05,Rise to the Challenge (yellow),1,0
15,Levia,2026-09-14T12:20:05,Satiate Bloodthirst (yellow),2,0
15,Levia,2026-09-14T12:20:05,Step through Realms (yellow),1,0
15,Levia,2026-09-14T12:20:05,Whispers Within (yellow),1,0
15,Levia,2026-09-14T12:20:05,Abyssal Rush (blue),1,0
15,Levia,2026-09-14T12:20:05,Goremass Summoning (blue),1,0
15,Levia,2026-09-14T12:20:05,Permanent Interment (blue),2,0
15,Levia,2026-09-14T12:20:05,Pull from Beyond (blue),1,0
15,Levia,2026-09-14T12:20:05,Rise to the Challenge (blue),1,0
15,Levia,2026-09-14T12:20:05,Rites of Nightfall (blue),1,0
15,Levia,2026-09-14T12:20:05,Satiate Bloodthirst (blue),1,0
15,Levia,2026-09-14T12:20:05,Shadowrealm Walker (blue),1,0
15,Levia,2026-09-14T12:20:05,Path of Repentance,1,1
15,Levia,2026-09-14T12:20:05,Robe of Repentance,1,1
16,Levia,2026-09-14T16:28:14,Ghostly Visit (red),2,0
16,Levia,2026-09-14T16:28:14,Permanent Interment (red),1,0
16,Levia,2026-09-14T16:28:14,Rise to the Challenge (red),2,0
16,Levia,2026-09-14T16:28:14,Satiate Bloodthirst (red),1,0
16,Levia,2026-09-14T16:28:14,Shadowrealm Bloodhound (red),2,0
16,Levia,2026-09-14T16:28:14,Unbound by Shadow (red),1,0
16,Levia,2026-09-14T16:28:14,Void Wraith (red),1,0
16,Levia,2026-09-14T16:28:14,Whispers Within (red),1,0
16,Levia,2026-09-14T16:28:14,Breach Flesh (yellow),1,0
16,Levia,2026-09-14T16:28:14,Ghostly Visit (yellow),1,0
16,Levia,2026-09-14T16:28:14,Permanent Interment (yellow),1,0
16,Levia,2026-09-14T16:28:14,Rally the Shadow Horde (yellow),1,0
16,Levia,2026-09-14T16:28:14,Satiate Bloodthirst (yellow),2,0
16,Levia,2026-09-14T16:28:14,Seek Horizon (yellow),1,0
16,Levia,2026-09-14T16:28:14,Shadowrealm Walker (yellow),1,0
16,Levia,2026-09-14T16:28:14,Step through Realms (yellow),1,0
16,Levia,2026-09-14T16:28:14,Void Wraith (yellow),2,0
16,Levia,2026-09-14T16:28:14,Whispers Within (yellow),1,0
16,Levia,2026-09-14T16:28:14,Blasmophet's Boon (blue),1,0
16,Levia,2026-09-14T16:28:14,Corporeal Chasm (blue),2,0
16,Levia,2026-09-14T16:28:14,Dam the Shadowake (blue),1,0
16,Levia,2026-09-14T16:28:14,Gorging Shadowbeast (blue),1,0
16,Levia,2026-09-14T16:28:14,Headstrong Stampede (blue),1,0
16,Levia,2026-09-14T16:28:14,Peak Power (blue),1,0
16,Levia,2026-09-14T16:28:14,Permanent Interment (blue),1,0
16,Levia,2026-09-14T16:28:14,Rally the Shadow Horde (blue),1,0
16,Levia,2026-09-14T16:28:14,Satiate Bloodthirst (blue),1,0
16,Levia,2026-09-14T16:28:14,Shadowrealm Bloodhound (blue),1,0
16,Levia,2026-09-14T16:28:14,Step through Realms (blue),2,0
16,Levia,2026-09-14T16:28:14,Dark Arcanite Boots,1,1
16,Levia,2026-09-14T16:28:14,Dark Arcanite Helm,1,1
16,Levia,2026-09-14T16:28:14,Robe of Repentance,1,1
17,"Viserai, Between Worlds",2026-09-14T16:50:14,Bloodfrenzy Gloomblade (red),1,0
17,"Viserai, Between Worlds",2026-09-14T16:50:14,Bloodsong Gloomblade (red),1,0
17,"Viserai, Between Worlds",2026-09-14T16:50:14,Demonbound Gloomblade (red),1,0
17,"Viserai, Between Worlds",2026-09-14T16:50:14,Embrace Ursur (red),1,0
17,"Viserai, Between Worlds",2026-09-14T16:50:14,Murmuring Gloomblade (red),1,0
17,"Viserai, Between Worlds",2026-09-14T16:50:14,Otherworldly Sins (red),1,0
17,"Viserai, Between Worlds",2026-09-14T16:50:14,Planar Chaos (red),1,0
17,"Viserai, Between Worlds",2026-09-14T16:50:14,Shadowrealm Ripper (red),1,0
17,"Viserai, Between Worlds",2026-09-14T16:50:14,Sinspeaker Gloomblade (red),1,0
17,"Viserai, Between Worlds",2026-09-14T16:50:14,Embrace Ursur (yellow),1,0
17,"Viserai, Between Worlds",2026-09-14T16:50:14,Enshrine Sin (yellow),1,0
17,"Viserai, Between Worlds",2026-09-14T16:50:14,Fallen Herald (yellow),1,0
17,"Viserai, Between Worlds",2026-09-14T16:50:14,Murmuring Gloomblade (yellow),1,0
17,"Viserai, Between Worlds",2026-09-14T16:50:14,Otherworldly Sins (yellow),2,0
17,"Viserai, Between Worlds",2026-09-14T16:50:14,Runechant of Lust (yellow),2,0
17,"Viserai, Between Worlds",2026-09-14T16:50:14,Runechant of Sloth (yellow),1,0
17,"Viserai, Between Worlds",2026-09-14T16:50:14,Seek Horizon (yellow),1,0
17,"Viserai, Between Worlds",2026-09-14T16:50:14,Void Wraith (yellow),1,0
17,"Viserai, Between Worlds",2026-09-14T16:50:14,Bloodfrenzy Gloomblade (blue),2,0
17,"Viserai, Between Worlds",2026-09-14T16:50:14,Corporeal Chasm (blue),1,0
17,"Viserai, Between Worlds",2026-09-14T16:50:14,Dam the Shadowake (blue),1,0
17,"Viserai, Between Worlds",2026-09-14T16:50:14,Demonbound Gloomblade (blue),1,0
17,"Viserai, Between Worlds",2026-09-14T16:50:14,Embrace Ursur (blue),1,0
17,"Viserai, Between Worlds",2026-09-14T16:50:14,Ghostly Visit (blue),1,0
17,"Viserai, Between Worlds",2026-09-14T16:50:14,Murmuring Gloomblade (blue),3,0
17,"Viserai, Between Worlds",2026-09-14T16:50:14,Shadowrealm Bloodhound (blue),1,0
17,"Viserai, Between Worlds",2026-09-14T16:50:14,Whispers Within (blue),1,0
17,"Viserai, Between Worlds",2026-09-14T16:50:14,Grille of Repentance,1,1
17,"Viserai, Between Worlds",2026-09-14T16:50:14,Robe of Repentance,1,1
18,"Viserai, Between Worlds",2026-09-14T19:06:18,Bloodfrenzy Gloomblade (red),3,0
18,"Viserai, Between Worlds",2026-09-14T19:06:18,Bloodsong Gloomblade (red),1,0
18,"Viserai, Between Worlds",2026-09-14T19:06:18,Countdown to Extinction (red),1,0
18,"Viserai, Between Worlds",2026-09-14T19:06:18,Dam the Shadowake (red),1,0
18,"Viserai, Between Worlds",2026-09-14T19:06:18,Embrace Ursur (red),1,0
18,"Viserai, Between Worlds",2026-09-14T19:06:18,Permanent Interment (red),1,0
18,"Viserai, Between Worlds",2026-09-14T19:06:18,Rally the Shadow Horde (red),1,0
18,"Viserai, Between Worlds",2026-09-14T19:06:18,Runic Reaving (red),2,0
18,"Viserai, Between Worlds",2026-09-14T19:06:18,Shadowrealm Harvester (red),1,0
18,"Viserai, Between Worlds",2026-09-14T19:06:18,Unbound by Shadow (red),1,0
18,"Viserai, Between Worlds",2026-09-14T19:06:18,Bloodfrenzy Gloomblade (yellow),2,0
18,"Viserai, Between Worlds",2026-09-14T19:06:18,Countdown to Extinction (yellow),1,0
18,"Viserai, Between Worlds",2026-09-14T19:06:18,Enshrine Sin (yellow),2,0
18,"Viserai, Between Worlds",2026-09-14T19:06:18,Otherworldly Sins (yellow),1,0
18,"Viserai, Between Worlds",2026-09-14T19:06:18,Runechant of Lust (yellow),1,0
18,"Viserai, Between Worlds",2026-09-14T19:06:18,Runechant of Wrath (yellow),2,0
18,"Viserai, Between Worlds",2026-09-14T19:06:18,Runic Disposition (yellow),2,0
18,"Viserai, Between Worlds",2026-09-14T19:06:18,Shadowake Gloomblade (yellow),1,0
18,"Viserai, Between Worlds",2026-09-14T19:06:18,Shadowrealm Walker (yellow),1,0
18,"Viserai, Between Worlds",2026-09-14T19:06:18,Abyssal Rush (blue),1,0
18,"Viserai, Between Worlds",2026-09-14T19:06:18,Arknight Descendancy (blue),1,0
18,"Viserai, Between Worlds",2026-09-14T19:06:18,Countdown to Extinction (blue),1,0
18,"Viserai, Between Worlds",2026-09-14T19:06:18,Darkest Hour (blue),1,0
18,"Viserai, Between Worlds",2026-09-14T19:06:18,Demonbound Gloomblade (blue),1,0
18,"Viserai, Between Worlds",2026-09-14T19:06:18,Murmuring Gloomblade (blue),1,0
18,"Viserai, Between Worlds",2026-09-14T19:06:18,Shadowrealm Ripper (blue),1,0
18,"Viserai, Between Worlds",2026-09-14T19:06:18,Sonata Dystopia (blue),1,0
18,"Viserai, Between Worlds",2026-09-14T19:06:18,Dark Arcanite Plating,1,1
18,"Viserai, Between Worlds",2026-09-14T19:06:18,Grille of Repentance,1,1
19,Malice,2026-09-14T19:40:06,Acrid Stench (red),1,0
19,Malice,2026-09-14T19:40:06,Bonded Burial (red),1,0
19,Malice,2026-09-14T19:40:06,Bone Mass (red),1,0
19,Malice,2026-09-14T19:40:06,Corrupt and Conquer (red),1,0
19,Malice,2026-09-14T19:40:06,Ominous Toll (red),1,0
19,Malice,2026-09-14T19:40:06,Restless Cleric (red),2,0
19,Malice,2026-09-14T19:40:06,Restless Plowman (red),2,0
19,Malice,2026-09-14T19:40:06,Restless Quartermaster (red),1,0
19,Malice,2026-09-14T19:40:06,Restless Steed (red),1,0
19,Malice,2026-09-14T19:40:06,Restless Templar (red),1,0
19,Malice,2026-09-14T19:40:06,Shadowrealm Bloodhound (red),1,0
19,Malice,2026-09-14T19:40:06,Shadowrealm Ripper (red),1,0
19,Malice,2026-09-14T19:40:06,Shadowrealm Strength (red),2,0
19,Malice,2026-09-14T19:40:06,Shadowrealm Walker (red),1,0
19,Malice,2026-09-14T19:40:06,Step through Realms (red),1,0
19,Malice,2026-09-14T19:40:06,Bone Mass (yellow),1,0
19,Malice,2026-09-14T19:40:06,Countdown to Extinction (yellow),2,0
19,Malice,2026-09-14T19:40:06,Ominous Toll (yellow),1,0
19,Malice,2026-09-14T19:40:06,Pull from Beyond (yellow),1,0
19,Malice,2026-09-14T19:40:06,Shadowrealm Ripper (yellow),1,0
19,Malice,2026-09-14T19:40:06,Shadowrealm Swiftness (yellow),1,0
19,Malice,2026-09-14T19:40:06,Abyssal Bite (blue),2,0
19,Malice,2026-09-14T19:40:06,Abyssal Rush (blue),1,0
19,Malice,2026-09-14T19:40:06,Acrid Stench (blue),1,0
19,Malice,2026-09-14T19:40:06,Breach Flesh (blue),1,0
19,Malice,2026-09-14T19:40:06,Corpse Cover (blue),1,0
19,Malice,2026-09-14T19:40:06,Mark of Pathstone (blue),1,0
19,Malice,2026-09-14T19:40:06,Mutual Sacrifice (blue),1,0
19,Malice,2026-09-14T19:40:06,Permanent Interment (blue),1,0
19,Malice,2026-09-14T19:40:06,Shadowrealm Ripper (blue),1,0
19,Malice,2026-09-14T19:40:06,Void Wraith (blue),2,0
19,Malice,2026-09-14T19:40:06,Dark Arcanite Boots,1,1
19,Malice,2026-09-14T19:40:06,Dark Arcanite Plating,1,1
19,Malice,2026-09-14T19:40:06,Grille of Repentance,1,1
19,Malice,2026-09-14T19:40:06,Robe of Repentance,1,1
20,Malice,2026-09-14T20:15:02,Acrid Stench (red),2,0
20,Malice,2026-09-14T20:15:02,Battle Prep (red),1,0
20,Malice,2026-09-14T20:15:02,Bone Mass (red),1,0
20,Malice,2026-09-14T20:15:02,Commit to Corruption (red),1,0
20,Malice,2026-09-14T20:15:02,Corpse Cover (red),1,0
20,Malice,2026-09-14T20:15:02,Dam the Shadowake (red),1,0
20,Malice,2026-09-14T20:15:02,Rally the Shadow Horde (red),1,0
20,Malice,2026-09-14T20:15:02,Restless Corporal (red),1,0
20,Malice,2026-09-14T20:15:02,Restless Outlaw (red),1,0
20,Malice,2026-09-14T20:15:02,Restless Plowman (red),2,0
20,Malice,2026-09-14T20:15:02,Shadowrealm Strength (red),1,0
20,Malice,2026-09-14T20:15:02,Void Wraith (red),2,0
20,Malice,2026-09-14T20:15:02,Acrid Stench (yellow),1,0
20,Malice,2026-09-14T20:15:02,Bonded Burial (yellow),1,0
20,Malice,2026-09-14T20:15:02,Dam the Shadowake (yellow),1,0
20,Malice,2026-09-14T20:15:02,Shadowrealm Bloodhound (yellow),1,0
20,Malice,2026-09-14T20:15:02,Whispers Within (yellow),1,0
20,Malice,2026-09-14T20:15:02,Acrid Stench (blue),3,0
20,Malice,2026-09-14T20:15:02,Bone Barrier (blue),1,0
20,Malice,2026-09-14T20:15:02,Bone Mass (blue),1,0
20,Malice,2026-09-14T20:15:02,Corpse Cover (blue),1,0
20,Malice,2026-09-14T20:15:02,Darkest Hour (blue),1,0
20,Malice,2026-09-14T20:15:02,Ghostly Visit (blue),1,0
20,Malice,2026-09-14T20:15:02,Shadowrealm Solace (blue),4,0
20,Malice,2026-09-14T20:15:02,Shadowrealm Walker (blue),1,0
20,Malice,2026-09-14T20:15:02,Whispers Within (blue),1,0
20,Malice,2026-09-14T20:15:02,Dark Arcanite Boots,1,1
20,Malice,2026-09-14T20:15:02,Dark Arcanite Helm,1,1
20,Malice,2026-09-14T20:15:02,Dark Arcanite Plating,1,1
20,Malice,2026-09-14T20:15:02,Grille of Repentance,1,1
21,Malice,2026-09-14T22:14:47,Bonded Burial (red),2,0
21,Malice,2026-09-14T22:14:47,Breach Flesh (red),1,0
21,Malice,2026-09-14T22:14:47,Corpse Cover (red),1,0
21,Malice,2026-09-14T22:14:47,Exorcism (red),1,0
21,Malice,2026-09-14T22:14:47,Malignant Migration (red),2,0
21,Malice,2026-09-14T22:14:47,Mutual Sacrifice (red),1,0
21,Malice,2026-09-14T22:14:47,Ominous Toll (red),1,0
21,Malice,2026-09-14T22:14:47,Restless Corporal (red),2,0
21,Malice,2026-09-14T22:14:47,Restless Outlaw (red),1,0
21,Malice,2026-09-14T22:14:47,Restless Shieldmaiden (red),2,0
21,Malice,2026-09-14T22:14:47,Restless Steed (red),1,0
21,Malice,2026-09-14T22:14:47,Shadowrealm Strength (red),2,0
21,Malice,2026-09-14T22:14:47,Void Wraith (red),1,0
21,Malice,2026-09-14T22:14:47,Acrid Stench (yellow),2,0
21,Malice,2026-09-14T22:14:47,Bone Mass (yellow),1,0
21,Malice,2026-09-14T22:14:47,Commit to Corruption (yellow),1,0
21,Malice,2026-09-14T22:14:47,Darkest Hour (yellow),1,0
21,Malice,2026-09-14T22:14:47,Mutual Sacrifice (yellow),1,0
21,Malice,2026-09-14T22:14:47,Shadowrealm Ripper (yellow),1,0
21,Malice,2026-09-14T22:14:47,Shadowrealm Swiftness (yellow),2,0
21,Malice,2026-09-14T22:14:47,Shadowrealm Walker (yellow),1,0
21,Malice,2026-09-14T22:14:47,Acrid Stench (blue),2,0
21,Malice,2026-09-14T22:14:47,Corporeal Chasm (blue),1,0
21,Malice,2026-09-14T22:14:47,Darkest Hour (blue),1,0
21,Malice,2026-09-14T22:14:47,Malignant Migration (blue),1,0
21,Malice,2026-09-14T22:14:47,Ominous Toll (blue),2,0
21,Malice,2026-09-14T22:14:47,Shadowrealm Bloodhound (blue),1,0
21,Malice,2026-09-14T22:14:47,Shadowrealm Ripper (blue),1,0
21,Malice,2026-09-14T22:14:47,Void Wraith (blue),1,0
21,Malice,2026-09-14T22:14:47,Dark Arcanite Boots,1,1
21,Malice,2026-09-14T22:14:47,Dark Arcanite Gloves,1,1
21,Malice,2026-09-14T22:14:47,Dark Arcanite Helm,1,1
22,Malice,2026-09-15T00:06:27,Acrid Stench (red),3,0
22,Malice,2026-09-15T00:06:27,Bonded Burial (red),1,0
22,Malice,2026-09-15T00:06:27,Bone Mass (red),2,0
22,Malice,2026-09-15T00:06:27,Breach Flesh (red),1,0
22,Malice,2026-09-15T00:06:27,Commit to Corruption (red),1,0
22,Malice,2026-09-15T00:06:27,Dam the Shadowake (red),1,0
22,Malice,2026-09-15T00:06:27,Malignant Migration (red),1,0
22,Malice,2026-09-15T00:06:27,Restless Cleric (red),1,0
22,Malice,2026-09-15T00:06:27,Restless Magister (red),1,0
22,Malice,2026-09-15T00:06:27,Restless Outlaw (red),2,0
22,Malice,2026-09-15T00:06:27,Restless Plowman (red),2,0
22,Malice,2026-09-15T00:06:27,Restless Shieldmaiden (red),1,0
22,Malice,2026-09-15T00:06:27,Restless Steed (red),1,0
22,Malice,2026-09-15T00:06:27,Seek Horizon (red),1,0
22,Malice,2026-09-15T00:06:27,Shadowrealm Strength (red),2,0
22,Malice,2026-09-15T00:06:27,Step through Realms (red),1,0
22,Malice,2026-09-15T00:06:27,Tome of Necrosis (red),1,0
22,Malice,2026-09-15T00:06:27,Breach Flesh (yellow),1,0
22,Malice,2026-09-15T00:06:27,Dam the Shadowake (yellow),1,0
22,Malice,2026-09-15T00:06:27,Ominous Toll (yellow),2,0
22,Malice,2026-09-15T00:06:27,Bone Mass (blue),1,0
22,Malice,2026-09-15T00:06:27,Bridge of Damnation (blue),1,0
22,Malice,2026-09-15T00:06:27,Commit to Corruption (blue),1,0
22,Malice,2026-09-15T00:06:27,Corporeal Chasm (blue),1,0
22,Malice,2026-09-15T00:06:27,Ghostly Visit (blue),1,0
22,Malice,2026-09-15T00:06:27,Mark of Pathstone (blue),1,0
22,Malice,2026-09-15T00:06:27,Permanent Interment (blue),1,0
22,Malice,2026-09-15T00:06:27,Shadowrealm Solace (blue),2,0
22,Malice,2026-09-15T00:06:27,Shadowrealm Walker (blue),1,0
22,Malice,2026-09-15T00:06:27,Skeletal Puppetry (blue),1,0
22,Malice,2026-09-15T00:06:27,Whispers Within (blue),1,0
22,Malice,2026-09-15T00:06:27,Dark Arcanite Helm,1,1
22,Malice,2026-09-15T00:06:27,Dark Arcanite Plating,1,1
22,Malice,2026-09-15T00:06:27,Path of Repentance,1,1
23,Malice,2026-09-15T08:55:41,Bone Mass (red),1,0
23,Malice,2026-09-15T08:55:41,Corporeal Chasm (red),1,0
23,Malice,2026-09-15T08:55:41,Corpse Cover (red),1,0
23,Malice,2026-09-15T08:55:41,Ominous Toll (red),1,0
23,Malice,2026-09-15T08:55:41,Planar Chaos (red),1,0
23,Malice,2026-09-15T08:55:41,Rally the Shadow Horde (red),1,0
23,Malice,2026-09-15T08:55:41,Restless Cleric (red),2,0
23,Malice,2026-09-15T08:55:41,Restless Corporal (red),1,0
23,Malice,2026-09-15T08:55:41,Restless Magister (red),1,0
23,Malice,2026-09-15T08:55:41,Restless Plowman (red),2,0
23,Malice,2026-09-15T08:55:41,Shadowrealm Ripper (red),3,0
23,Malice,2026-09-15T08:55:41,Shadowrealm Strength (red),1,0
23,Malice,2026-09-15T08:55:41,Shadowrealm Walker (red),1,0
23,Malice,2026-09-15T08:55:41,Step through Realms (red),1,0
23,Malice,2026-09-15T08:55:41,Unbound by Shadow (red),1,0
23,Malice,2026-09-15T08:55:41,Acrid Stench (yellow),2,0
23,Malice,2026-09-15T08:55:41,Bone Mass (yellow),1,0
23,Malice,2026-09-15T08:55:41,Forsaken Strike (yellow),1,0
23,Malice,2026-09-15T08:55:41,Malignant Migration (yellow),1,0
23,Malice,2026-09-15T08:55:41,Ominous Toll (yellow),1,0
23,Malice,2026-09-15T08:55:41,Shadowrealm Bloodhound (yellow),1,0
23,Malice,2026-09-15T08:55:41,Acrid Stench (blue),1,0
23,Malice,2026-09-15T08:55:41,Battle Prep (blue),1,0
23,Malice,2026-09-15T08:55:41,Breach Flesh (blue),1,0
23,Malice,2026-09-15T08:55:41,Commit to Corruption (blue),2,0
23,Malice,2026-09-15T08:55:41,Corporeal Chasm (blue),1,0
23,Malice,2026-09-15T08:55:41,Darkest Hour (blue),1,0
23,Malice,2026-09-15T08:55:41,Ominous Toll (blue),1,0
23,Malice,2026-09-15T08:55:41,Shadowrealm Bloodhound (blue),1,0
23,Malice,2026-09-15T08:55:41,Shadowrealm Ripper (blue),2,0
23,Malice,2026-09-15T08:55:41,Shadowrealm Solace (blue),1,0
23,Malice,2026-09-15T08:55:41,Dark Arcanite Boots,1,1
23,Malice,2026-09-15T08:55:41,Dark Arcanite Plating,1,1
24,Levia,2026-09-15T15:53:17,Cleave the Heavens (red),2,0
24,Levia,2026-09-15T15:53:17,Feeding Frenzy (red),2,0
24,Levia,2026-09-15T15:53:17,Gorging Shadowbeast (red),2,0
24,Levia,2026-09-15T15:53:17,Headstrong Stampede (red),1,0
24,Levia,2026-09-15T15:53:17,Murmur of i'Arathael (red),1,0
24,Levia,2026-09-15T15:53:17,Satiate Bloodthirst (red),1,0
24,Levia,2026-09-15T15:53:17,Shadowrealm Ripper (red),1,0
24,Levia,2026-09-15T15:53:17,Tremor of i'Arathael (red),1,0
24,Levia,2026-09-15T15:53:17,Cleave the Heavens (yellow),1,0
24,Levia,2026-09-15T15:53:17,Consuming Lash (yellow),1,0
24,Levia,2026-09-15T15:53:17,Consuming Strength (yellow),1,0
24,Levia,2026-09-15T15:53:17,Feeding Frenzy (yellow),3,0
24,Levia,2026-09-15T15:53:17,Gorging Shadowbeast (yellow),2,0
24,Levia,2026-09-15T15:53:17,Permanent Interment (yellow),1,0
24,Levia,2026-09-15T15:53:17,Rally the Shadow Horde (yellow),1,0
24,Levia,2026-09-15T15:53:17,Rise to the Challenge (yellow),2,0
24,Levia,2026-09-15T15:53:17,Satiate Bloodthirst (yellow),2,0
24,Levia,2026-09-15T15:53:17,Abyssal Bite (blue),1,0
24,Levia,2026-09-15T15:53:17,Beckoning Hunger (blue),1,0
24,Levia,2026-09-15T15:53:17,Blasmophet's Boon (blue),1,0
24,Levia,2026-09-15T15:53:17,Cleave the Heavens (blue),1,0
24,Levia,2026-09-15T15:53:17,Feeding Frenzy (blue),2,0
24,Levia,2026-09-15T15:53:17,Rise to the Challenge (blue),1,0
24,Levia,2026-09-15T15:53:17,Satiate Bloodthirst (blue),2,0
24,Levia,2026-09-15T15:53:17,Whispers Within (blue),2,0
24,Levia,2026-09-15T15:53:17,Dark Arcanite Helm,1,1
24,Levia,2026-09-15T15:53:17,Dark Arcanite Plating,1,1
24,Levia,2026-09-15T15:53:17,Path of Repentance,1,1
25,"Viserai, Between Worlds",2026-09-15T20:08:50,Demonbound Gloomblade (red),3,0
25,"Viserai, Between Worlds",2026-09-15T20:08:50,Ghostly Visit (red),1,0
25,"Viserai, Between Worlds",2026-09-15T20:08:50,Murmuring Gloomblade (red),1,0
25,"Viserai, Between Worlds",2026-09-15T20:08:50,Permanent Interment (red),1,0
25,"Viserai, Between Worlds",2026-09-15T20:08:50,Runic Disposition (red),1,0
25,"Viserai, Between Worlds",2026-09-15T20:08:50,Runic Reaving (red),1,0
25,"Viserai, Between Worlds",2026-09-15T20:08:50,Shadowrealm Ripper (red),1,0
25,"Viserai, Between Worlds",2026-09-15T20:08:50,Bloodfrenzy Gloomblade (yellow),1,0
25,"Viserai, Between Worlds",2026-09-15T20:08:50,Murmuring Gloomblade (yellow),1,0
25,"Viserai, Between Worlds",2026-09-15T20:08:50,Otherworldly Sins (yellow),1,0
25,"Viserai, Between Worlds",2026-09-15T20:08:50,Permanent Interment (yellow),1,0
25,"Viserai, Between Worlds",2026-09-15T20:08:50,Runechant of Envy (yellow),1,0
25,"Viserai, Between Worlds",2026-09-15T20:08:50,Runechant of Lust (yellow),2,0
25,"Viserai, Between Worlds",2026-09-15T20:08:50,Runechant of Pride (yellow),1,0
25,"Viserai, Between Worlds",2026-09-15T20:08:50,Runechant of Sloth (yellow),1,0
25,"Viserai, Between Worlds",2026-09-15T20:08:50,Runic Disposition (yellow),2,0
25,"Viserai, Between Worlds",2026-09-15T20:08:50,Runic Reaving (yellow),1,0
25,"Viserai, Between Worlds",2026-09-15T20:08:50,Shadowrealm Ripper (yellow),1,0
25,"Viserai, Between Worlds",2026-09-15T20:08:50,Vexing Gloomblade (yellow),1,0
25,"Viserai, Between Worlds",2026-09-15T20:08:50,Abyssal Rush (blue),1,0
25,"Viserai, Between Worlds",2026-09-15T20:08:50,Demonbound Gloomblade (blue),2,0
25,"Viserai, Between Worlds",2026-09-15T20:08:50,Embrace Ursur (blue),2,0
25,"Viserai, Between Worlds",2026-09-15T20:08:50,Murmuring Gloomblade (blue),1,0
25,"Viserai, Between Worlds",2026-09-15T20:08:50,Permanent Interment (blue),1,0
25,"Viserai, Between Worlds",2026-09-15T20:08:50,Pull from Beyond (blue),1,0
25,"Viserai, Between Worlds",2026-09-15T20:08:50,Shadowrealm Harrower (blue),1,0
25,"Viserai, Between Worlds",2026-09-15T20:08:50,Dark Arcanite Gloves,1,1
25,"Viserai, Between Worlds",2026-09-15T20:08:50,Dark Arcanite Plating,1,1
25,"Viserai, Between Worlds",2026-09-15T20:08:50,Grille of Repentance,1,1
26,Malice,2026-09-15T21:13:55,Battle Prep (red),2,0
26,Malice,2026-09-15T21:13:55,Bonded Burial (red),1,0
26,Malice,2026-09-15T21:13:55,Bone Mass (red),2,0
26,Malice,2026-09-15T21:13:55,Corporeal Chasm (red),1,0
26,Malice,2026-09-15T21:13:55,Mutual Sacrifice (red),2,0
26,Malice,2026-09-15T21:13:55,Ominous Toll (red),2,0
26,Malice,2026-09-15T21:13:55,Restless Plowman (red),1,0
26,Malice,2026-09-15T21:13:55,Restless Shieldmaiden (red),1,0
26,Malice,2026-09-15T21:13:55,Restless Steed (red),1,0
26,Malice,2026-09-15T21:13:55,Restless Templar (red),1,0
26,Malice,2026-09-15T21:13:55,Corporeal Chasm (yellow),1,0
26,Malice,2026-09-15T21:13:55,Malignant Migration (yellow),1,0
26,Malice,2026-09-15T21:13:55,Ominous Toll (yellow),2,0
26,Malice,2026-09-15T21:13:55,Shadowrealm Swiftness (yellow),3,0
26,Malice,2026-09-15T21:13:55,Void Wraith (yellow),1,0
26,Malice,2026-09-15T21:13:55,Bonded Burial (blue),2,0
26,Malice,2026-09-15T21:13:55,Breach Flesh (blue),2,0
26,Malice,2026-09-15T21:13:55,Commit to Corruption (blue),1,0
26,Malice,2026-09-15T21:13:55,Darkest Hour (blue),1,0
26,Malice,2026-09-15T21:13:55,Ghostly Visit (blue),1,0
26,Malice,2026-09-15T21:13:55,Mark of Neverest (blue),1,0
26,Malice,2026-09-15T21:13:55,Mark of Pathstone (blue),1,0
26,Malice,2026-09-15T21:13:55,Mutual Sacrifice (blue),1,0
26,Malice,2026-09-15T21:13:55,Permanent Interment (blue),1,0
26,Malice,2026-09-15T21:13:55,Shadowrealm Bloodhound (blue),2,0
26,Malice,2026-09-15T21:13:55,Shadowrealm Ripper (blue),1,0
26,Malice,2026-09-15T21:13:55,Dark Arcanite Boots,1,1
26,Malice,2026-09-15T21:13:55,Dark Arcanite Helm,1,1
26,Malice,2026-09-15T21:13:55,Dark Arcanite Plating,1,1
26,Malice,2026-09-15T21:13:55,Path of Repentance,1,1
27,Levia,2026-09-15T21:27:58,Beckoning Hunger (red),2,0
27,Levia,2026-09-15T21:27:58,Corporeal Chasm (red),2,0
27,Levia,2026-09-15T21:27:58,Corrupt and Conquer (red),1,0
27,Levia,2026-09-15T21:27:58,Dam the Shadowake (red),1,0
27,Levia,2026-09-15T21:27:58,Feasting Shadowbeast (red),1,0
27,Levia,2026-09-15T21:27:58,Feeding Frenzy (red),1,0
27,Levia,2026-09-15T21:27:58,Satiate Bloodthirst (red),2,0
27,Levia,2026-09-15T21:27:58,Seek Horizon (red),2,0
27,Levia,2026-09-15T21:27:58,Shadowrealm Bloodhound (red),1,0
27,Levia,2026-09-15T21:27:58,Step through Realms (red),1,0
27,Levia,2026-09-15T21:27:58,Void Wraith (red),2,0
27,Levia,2026-09-15T21:27:58,Battle Prep (yellow),1,0
27,Levia,2026-09-15T21:27:58,Beckoning Hunger (yellow),1,0
27,Levia,2026-09-15T21:27:58,Feasting Shadowbeast (yellow),1,0
27,Levia,2026-09-15T21:27:58,Peak Power (yellow),1,0
27,Levia,2026-09-15T21:27:58,Rally the Shadow Horde (yellow),1,0
27,Levia,2026-09-15T21:27:58,Seek Horizon (yellow),1,0
27,Levia,2026-09-15T21:27:58,Shadowrealm Bloodhound (yellow),1,0
27,Levia,2026-09-15T21:27:58,Beckoning Hunger (blue),2,0
27,Levia,2026-09-15T21:27:58,Blasmophet's Boon (blue),4,0
27,Levia,2026-09-15T21:27:58,Corporeal Chasm (blue),2,0
27,Levia,2026-09-15T21:27:58,Goremass Summoning (blue),1,0
27,Levia,2026-09-15T21:27:58,Gorging Shadowbeast (blue),3,0
27,Levia,2026-09-15T21:27:58,Permanent Interment (blue),1,0
27,Levia,2026-09-15T21:27:58,Rise to the Challenge (blue),1,0
27,Levia,2026-09-15T21:27:58,Dark Arcanite Plating,1,1
27,Levia,2026-09-15T21:27:58,Grille of Repentance,1,1
28,"Viserai, Between Worlds",2026-09-15T23:39:15,Bloodfrenzy Gloomblade (red),1,0
28,"Viserai, Between Worlds",2026-09-15T23:39:15,Embrace Ursur (red),1,0
28,"Viserai, Between Worlds",2026-09-15T23:39:15,Ghostly Visit (red),1,0
28,"Viserai, Between Worlds",2026-09-15T23:39:15,Murmuring Gloomblade (red),3,0
28,"Viserai, Between Worlds",2026-09-15T23:39:15,Otherworldly Sins (red),1,0
28,"Viserai, Between Worlds",2026-09-15T23:39:15,Runic Disposition (red),1,0
28,"Viserai, Between Worlds",2026-09-15T23:39:15,Runic Reaving (red),1,0
28,"Viserai, Between Worlds",2026-09-15T23:39:15,Shadowrealm Harvester (red),1,0
28,"Viserai, Between Worlds",2026-09-15T23:39:15,Shadowrealm Walker (red),1,0
28,"Viserai, Between Worlds",2026-09-15T23:39:15,Void Wraith (red),1,0
28,"Viserai, Between Worlds",2026-09-15T23:39:15,Bloodfrenzy Gloomblade (yellow),1,0
28,"Viserai, Between Worlds",2026-09-15T23:39:15,Dam the Shadowake (yellow),2,0
28,"Viserai, Between Worlds",2026-09-15T23:39:15,Embrace Sin (yellow),1,0
28,"Viserai, Between Worlds",2026-09-15T23:39:15,Ghostly Visit (yellow),1,0
28,"Viserai, Between Worlds",2026-09-15T23:39:15,Murmuring Gloomblade (yellow),1,0
28,"Viserai, Between Worlds",2026-09-15T23:39:15,Permanent Interment (yellow),1,0
28,"Viserai, Between Worlds",2026-09-15T23:39:15,Runechant of Gluttony (yellow),3,0
28,"Viserai, Between Worlds",2026-09-15T23:39:15,Runechant of Pride (yellow),1,0
28,"Viserai, Between Worlds",2026-09-15T23:39:15,Shadowake Gloomblade (yellow),1,0
28,"Viserai, Between Worlds",2026-09-15T23:39:15,Shadowrealm Ripper (yellow),1,0
28,"Viserai, Between Worlds",2026-09-15T23:39:15,Breach Flesh (blue),1,0
28,"Viserai, Between Worlds",2026-09-15T23:39:15,Darkest Hour (blue),2,0
28,"Viserai, Between Worlds",2026-09-15T23:39:15,Rally the Shadow Horde (blue),1,0
28,"Viserai, Between Worlds",2026-09-15T23:39:15,Rites of Nightfall (blue),1,0
28,"Viserai, Between Worlds",2026-09-15T23:39:15,Sonata Dystopia (blue),1,0
28,"Viserai, Between Worlds",2026-09-15T23:39:15,Void Wraith (blue),1,0
28,"Viserai, Between Worlds",2026-09-15T23:39:15,Dark Arcanite Helm,1,1
28,"Viserai, Between Worlds",2026-09-15T23:39:15,Path of Repentance,1,1
29,Malice,2026-09-16T03:30:36,Bonded Burial (red),1,0
29,Malice,2026-09-16T03:30:36,Bone Mass (red),1,0
29,Malice,2026-09-16T03:30:36,Corpse Cover (red),1,0
29,Malice,2026-09-16T03:30:36,Darkest Hour (red),1,0
29,Malice,2026-09-16T03:30:36,Malignant Migration (red),1,0
29,Malice,2026-09-16T03:30:36,Ominous Toll (red),1,0
29,Malice,2026-09-16T03:30:36,Permanent Interment (red),1,0
29,Malice,2026-09-16T03:30:36,Restless Corporal (red),1,0
29,Malice,2026-09-16T03:30:36,Restless Plowman (red),1,0
29,Malice,2026-09-16T03:30:36,Restless Shieldmaiden (red),1,0
29,Malice,2026-09-16T03:30:36,Restless Steed (red),1,0
29,Malice,2026-09-16T03:30:36,Whispers Within (red),1,0
29,Malice,2026-09-16T03:30:36,Bone Mass (yellow),1,0
29,Malice,2026-09-16T03:30:36,Dam the Shadowake (yellow),1,0
29,Malice,2026-09-16T03:30:36,Forsaken Strike (yellow),1,0
29,Malice,2026-09-16T03:30:36,Ghostly Visit (yellow),1,0
29,Malice,2026-09-16T03:30:36,Pull from Beyond (yellow),1,0
29,Malice,2026-09-16T03:30:36,Shadowrealm Swiftness (yellow),1,0
29,Malice,2026-09-16T03:30:36,Step through Realms (yellow),1,0
29,Malice,2026-09-16T03:30:36,Whispers Within (yellow),1,0
29,Malice,2026-09-16T03:30:36,Abyssal Bite (blue),1,0
29,Malice,2026-09-16T03:30:36,Bonded Burial (blue),1,0
29,Malice,2026-09-16T03:30:36,Bone Barrier (blue),1,0
29,Malice,2026-09-16T03:30:36,Dam the Shadowake (blue),1,0
29,Malice,2026-09-16T03:30:36,Ghostly Visit (blue),1,0
29,Malice,2026-09-16T03:30:36,Mark of Neverest (blue),1,0
29,Malice,2026-09-16T03:30:36,Mutual Sacrifice (blue),1,0
29,Malice,2026-09-16T03:30:36,Ominous Toll (blue),1,0
29,Malice,2026-09-16T03:30:36,Permanent Interment (blue),1,0
29,Malice,2026-09-16T03:30:36,Pull from Beyond (blue),1,0
29,Malice,2026-09-16T03:30:36,Shadowrealm Bloodhound (blue),1,0
29,Malice,2026-09-16T03:30:36,Shadowrealm Solace (blue),1,0
29,Malice,2026-09-16T03:30:36,Whispers Within (blue),1,0
29,Malice,2026-09-16T03:30:36,Dark Arcanite Plating,1,1
29,Malice,2026-09-16T03:30:36,Grille of Repentance,1,1
29,Malice,2026-09-16T03:30:36,Path of Repentance,1,1
30,Malice,2026-09-16T06:30:09,Bone Mass (red),1,0
30,Malice,2026-09-16T06:30:09,Breach Flesh (red),1,0
30,Malice,2026-09-16T06:30:09,Corpse Cover (red),1,0
30,Malice,2026-09-16T06:30:09,Darkest Hour (red),1,0
30,Malice,2026-09-16T06:30:09,Ominous Toll (red),2,0
30,Malice,2026-09-16T06:30:09,Restless Cleric (red),1,0
30,Malice,2026-09-16T06:30:09,Restless Looter (red),1,0
30,Malice,2026-09-16T06:30:09,Restless Magister (red),1,0
30,Malice,2026-09-16T06:30:09,Restless Plowman (red),1,0
30,Malice,2026-09-16T06:30:09,Restless Shieldmaiden (red),1,0
30,Malice,2026-09-16T06:30:09,Shadowrealm Bloodhound (red),1,0
30,Malice,2026-09-16T06:30:09,Shadowrealm Ripper (red),1,0
30,Malice,2026-09-16T06:30:09,Shadowrealm Walker (red),1,0
30,Malice,2026-09-16T06:30:09,Skeletal Puppetry (red),2,0
30,Malice,2026-09-16T06:30:09,Whispers Within (red),1,0
30,Malice,2026-09-16T06:30:09,Battle Prep (yellow),1,0
30,Malice,2026-09-16T06:30:09,Bone Mass (yellow),1,0
30,Malice,2026-09-16T06:30:09,Mutual Sacrifice (yellow),1,0
30,Malice,2026-09-16T06:30:09,Pull from Beyond (yellow),1,0
30,Malice,2026-09-16T06:30:09,Shadowrealm Swiftness (yellow),1,0
30,Malice,2026-09-16T06:30:09,Abyssal Bite (blue),1,0
30,Malice,2026-09-16T06:30:09,Abyssal Force (blue),1,0
30,Malice,2026-09-16T06:30:09,Acrid Stench (blue),3,0
30,Malice,2026-09-16T06:30:09,Battle Prep (blue),1,0
30,Malice,2026-09-16T06:30:09,Commit to Corruption (blue),1,0
30,Malice,2026-09-16T06:30:09,Ghostly Visit (blue),1,0
30,Malice,2026-09-16T06:30:09,Mutual Sacrifice (blue),1,0
30,Malice,2026-09-16T06:30:09,Ominous Toll (blue),2,0
30,Malice,2026-09-16T06:30:09,Pull from Beyond (blue),1,0
30,Malice,2026-09-16T06:30:09,Rites of Nightfall (blue),1,0
30,Malice,2026-09-16T06:30:09,Shadowrealm Ripper (blue),1,0
30,Malice,2026-09-16T06:30:09,Dark Arcanite Plating,1,1
30,Malice,2026-09-16T06:30:09,Grille of Repentance,1,1
30,Malice,2026-09-16T06:30:09,Path of Repentance,1,1
31,Levia,2026-09-16T16:09:59,Cleave the Heavens (red),1,0
31,Levia,2026-09-16T16:09:59,Corporeal Chasm (red),1,0
31,Levia,2026-09-16T16:09:59,Countdown to Extinction (red),1,0
31,Levia,2026-09-16T16:09:59,Darkest Hour (red),1,0
31,Levia,2026-09-16T16:09:59,Feeding Frenzy (red),3,0
31,Levia,2026-09-16T16:09:59,Ghostly Visit (red),1,0
31,Levia,2026-09-16T16:09:59,Rocktop Bellow (red),1,0
31,Levia,2026-09-16T16:09:59,Satiate Bloodthirst (red),2,0
31,Levia,2026-09-16T16:09:59,Seek Horizon (red),1,0
31,Levia,2026-09-16T16:09:59,Beckoning Hunger (yellow),1,0
31,Levia,2026-09-16T16:09:59,Consuming Appetite (yellow),1,0
31,Levia,2026-09-16T16:09:59,Corporeal Chasm (yellow),2,0
31,Levia,2026-09-16T16:09:59,Dam the Shadowake (yellow),1,0
31,Levia,2026-09-16T16:09:59,Permanent Interment (yellow),1,0
31,Levia,2026-09-16T16:09:59,Satiate Bloodthirst (yellow),1,0
31,Levia,2026-09-16T16:09:59,Whispers Within (yellow),1,0
31,Levia,2026-09-16T16:09:59,Beckoning Hunger (blue),1,0
31,Levia,2026-09-16T16:09:59,Corporeal Chasm (blue),1,0
31,Levia,2026-09-16T16:09:59,Darkest Hour (blue),1,0
31,Levia,2026-09-16T16:09:59,Feasting Shadowbeast (blue),3,0
31,Levia,2026-09-16T16:09:59,Feeding Frenzy (blue),1,0
31,Levia,2026-09-16T16:09:59,Gorging Shadowbeast (blue),2,0
31,Levia,2026-09-16T16:09:59,Shadowrealm Ripper (blue),1,0
31,Levia,2026-09-16T16:09:59,Dark Arcanite Plating,1,1
31,Levia,2026-09-16T16:09:59,Path of Repentance,1,1
32,"Viserai, Between Worlds",2026-09-16T16:51:15,Cullingsong Gloomblade (red),1,0
32,"Viserai, Between Worlds",2026-09-16T16:51:15,Embrace Ursur (red),2,0
32,"Viserai, Between Worlds",2026-09-16T16:51:15,Ghostly Visit (red),1,0
32,"Viserai, Between Worlds",2026-09-16T16:51:15,Murmuring Gloomblade (red),2,0
32,"Viserai, Between Worlds",2026-09-16T16:51:15,Permanent Interment (red),1,0
32,"Viserai, Between Worlds",2026-09-16T16:51:15,Runic Reaving (red),1,0
32,"Viserai, Between Worlds",2026-09-16T16:51:15,Shadowrealm Ripper (red),1,0
32,"Viserai, Between Worlds",2026-09-16T16:51:15,Vexing Gloomblade (red),1,0
32,"Viserai, Between Worlds",2026-09-16T16:51:15,Battle Prep (yellow),1,0
32,"Viserai, Between Worlds",2026-09-16T16:51:15,Enshrine Sin (yellow),2,0
32,"Viserai, Between Worlds",2026-09-16T16:51:15,Ghostly Visit (yellow),1,0
32,"Viserai, Between Worlds",2026-09-16T16:51:15,Murmuring Gloomblade (yellow),3,0
32,"Viserai, Between Worlds",2026-09-16T16:51:15,Otherworldly Sins (yellow),1,0
32,"Viserai, Between Worlds",2026-09-16T16:51:15,Permanent Interment (yellow),1,0
32,"Viserai, Between Worlds",2026-09-16T16:51:15,Runechant of Gluttony (yellow),1,0
32,"Viserai, Between Worlds",2026-09-16T16:51:15,Runechant of Pride (yellow),2,0
32,"Viserai, Between Worlds",2026-09-16T16:51:15,Shadowake Gloomblade (yellow),1,0
32,"Viserai, Between Worlds",2026-09-16T16:51:15,Vexing Gloomblade (yellow),1,0
32,"Viserai, Between Worlds",2026-09-16T16:51:15,Bloodfrenzy Gloomblade (blue),1,0
32,"Viserai, Between Worlds",2026-09-16T16:51:15,Demonbound Gloomblade (blue),3,0
32,"Viserai, Between Worlds",2026-09-16T16:51:15,Murmuring Gloomblade (blue),3,0
32,"Viserai, Between Worlds",2026-09-16T16:51:15,Otherworldly Sins (blue),1,0
32,"Viserai, Between Worlds",2026-09-16T16:51:15,Shadowake Gloomblade (blue),1,0
32,"Viserai, Between Worlds",2026-09-16T16:51:15,Sonata Dystopia (blue),1,0
32,"Viserai, Between Worlds",2026-09-16T16:51:15,Dark Arcanite Helm,1,1
32,"Viserai, Between Worlds",2026-09-16T16:51:15,Dark Arcanite Plating,1,1
32,"Viserai, Between Worlds",2026-09-16T16:51:15,Path of Repentance,1,1
33,Levia,2026-09-16T19:42:36,Corporeal Chasm (red),1,0
33,Levia,2026-09-16T19:42:36,Corrupt and Conquer (red),1,0
33,Levia,2026-09-16T19:42:36,Dam the Shadowake (red),2,0
33,Levia,2026-09-16T19:42:36,Feeding Frenzy (red),1,0
33,Levia,2026-09-16T19:42:36,Ghostly Visit (red),1,0
33,Levia,2026-09-16T19:42:36,Harbinger of Destruction (red),1,0
33,Levia,2026-09-16T19:42:36,Permanent Interment (red),1,0
33,Levia,2026-09-16T19:42:36,Rise to the Challenge (red),1,0
33,Levia,2026-09-16T19:42:36,Shadowrealm Bloodhound (red),2,0
33,Levia,2026-09-16T19:42:36,Step through Realms (red),1,0
33,Levia,2026-09-16T19:42:36,Whispers Within (red),2,0
33,Levia,2026-09-16T19:42:36,Dam the Shadowake (yellow),2,0
33,Levia,2026-09-16T19:42:36,Feasting Shadowbeast (yellow),1,0
33,Levia,2026-09-16T19:42:36,Ghostly Visit (yellow),1,0
33,Levia,2026-09-16T19:42:36,Headstrong Stampede (yellow),1,0
33,Levia,2026-09-16T19:42:36,Peak Power (yellow),1,0
33,Levia,2026-09-16T19:42:36,Rocktop Bellow (yellow),1,0
33,Levia,2026-09-16T19:42:36,Shadowrealm Bloodhound (yellow),1,0
33,Levia,2026-09-16T19:42:36,Shadowrealm Reaper (yellow),1,0
33,Levia,2026-09-16T19:42:36,Void Wraith (yellow),1,0
33,Levia,2026-09-16T19:42:36,Abyssal Force (blue),1,0
33,Levia,2026-09-16T19:42:36,Abyssal Rush (blue),1,0
33,Levia,2026-09-16T19:42:36,Corporeal Chasm (blue),1,0
33,Levia,2026-09-16T19:42:36,Dam the Shadowake (blue),1,0
33,Levia,2026-09-16T19:42:36,Darkest Hour (blue),1,0
33,Levia,2026-09-16T19:42:36,Feeding Frenzy (blue),1,0
33,Levia,2026-09-16T19:42:36,Peak Power (blue),1,0
33,Levia,2026-09-16T19:42:36,Permanent Interment (blue),1,0
33,Levia,2026-09-16T19:42:36,Satiate Bloodthirst (blue),1,0
33,Levia,2026-09-16T19:42:36,Shadowrealm Bloodhound (blue),1,0
33,Levia,2026-09-16T19:42:36,Step through Realms (blue),1,0
33,Levia,2026-09-16T19:42:36,Dark Arcanite Plating,1,1
33,Levia,2026-09-16T19:42:36,Grille of Repentance,1,1
34,Levia,2026-09-16T19:59:09,Beckoning Hunger (red),1,0
34,Levia,2026-09-16T19:59:09,Cleave the Heavens (red),1,0
34,Levia,2026-09-16T19:59:09,Darkest Hour (red),1,0
34,Levia,2026-09-16T19:59:09,Feasting Shadowbeast (red),1,0
34,Levia,2026-09-16T19:59:09,Rise to the Challenge (red),1,0
34,Levia,2026-09-16T19:59:09,Shadowrealm Ripper (red),1,0
34,Levia,2026-09-16T19:59:09,Step through Realms (red),1,0
34,Levia,2026-09-16T19:59:09,Whispers Within (red),2,0
34,Levia,2026-09-16T19:59:09,Beckoning Hunger (yellow),1,0
34,Levia,2026-09-16T19:59:09,Dam the Shadowake (yellow),2,0
34,Levia,2026-09-16T19:59:09,Darkest Hour (yellow),1,0
34,Levia,2026-09-16T19:59:09,Feasting Shadowbeast (yellow),1,0
34,Levia,2026-09-16T19:59:09,Feeding Frenzy (yellow),1,0
34,Levia,2026-09-16T19:59:09,Ghostly Visit (yellow),1,0
34,Levia,2026-09-16T19:59:09,Gorging Shadowbeast (yellow),1,0
34,Levia,2026-09-16T19:59:09,Pull from Beyond (yellow),2,0
34,Levia,2026-09-16T19:59:09,Shadowrealm Walker (yellow),1,0
34,Levia,2026-09-16T19:59:09,Step through Realms (yellow),1,0
34,Levia,2026-09-16T19:59:09,Abyssal Bite (blue),1,0
34,Levia,2026-09-16T19:59:09,Consuming Command (blue),1,0
34,Levia,2026-09-16T19:59:09,Countdown to Extinction (blue),1,0
34,Levia,2026-09-16T19:59:09,Dam the Shadowake (blue),1,0
34,Levia,2026-09-16T19:59:09,Feasting Shadowbeast (blue),1,0
34,Levia,2026-09-16T19:59:09,Goremass Summoning (blue),1,0
34,Levia,2026-09-16T19:59:09,Gorging Shadowbeast (blue),1,0
34,Levia,2026-09-16T19:59:09,Pull from Beyond (blue),1,0
34,Levia,2026-09-16T19:59:09,Rites of Nightfall (blue),1,0
34,Levia,2026-09-16T19:59:09,Rumbling Hunger (blue),1,0
34,Levia,2026-09-16T19:59:09,Satiate Bloodthirst (blue),1,0
34,Levia,2026-09-16T19:59:09,Shadowrealm Walker (blue),1,0
34,Levia,2026-09-16T19:59:09,Void Wraith (blue),1,0
34,Levia,2026-09-16T19:59:09,Whispers Within (blue),1,0
34,Levia,2026-09-16T19:59:09,Dark Arcanite Plating,1,1
34,Levia,2026-09-16T19:59:09,Grille of Repentance,2,1
35,"Viserai, Between Worlds",2026-09-16T23:51:29,Bloodfrenzy Gloomblade (red),1,0
35,"Viserai, Between Worlds",2026-09-16T23:51:29,Corporeal Chasm (red),1,0
35,"Viserai, Between Worlds",2026-09-16T23:51:29,Cullingsong Gloomblade (red),1,0
35,"Viserai, Between Worlds",2026-09-16T23:51:29,Darkest Hour (red),1,0
35,"Viserai, Between Worlds",2026-09-16T23:51:29,Embrace Ursur (red),2,0
35,"Viserai, Between Worlds",2026-09-16T23:51:29,Murmuring Gloomblade (red),1,0
35,"Viserai, Between Worlds",2026-09-16T23:51:29,Otherworldly Sins (red),1,0
35,"Viserai, Between Worlds",2026-09-16T23:51:29,Permanent Interment (red),1,0
35,"Viserai, Between Worlds",2026-09-16T23:51:29,Seek Horizon (red),1,0
35,"Viserai, Between Worlds",2026-09-16T23:51:29,Shadowrealm Ripper (red),2,0
35,"Viserai, Between Worlds",2026-09-16T23:51:29,Bloodfrenzy Gloomblade (yellow),1,0
35,"Viserai, Between Worlds",2026-09-16T23:51:29,Dam the Shadowake (yellow),1,0
35,"Viserai, Between Worlds",2026-09-16T23:51:29,Embrace Ursur (yellow),2,0
35,"Viserai, Between Worlds",2026-09-16T23:51:29,Enshrine Sin (yellow),1,0
35,"Viserai, Between Worlds",2026-09-16T23:51:29,Ghostly Visit (yellow),1,0
35,"Viserai, Between Worlds",2026-09-16T23:51:29,Otherworldly Sins (yellow),2,0
35,"Viserai, Between Worlds",2026-09-16T23:51:29,Permanent Interment (yellow),1,0
35,"Viserai, Between Worlds",2026-09-16T23:51:29,Promise of Power (yellow),1,0
35,"Viserai, Between Worlds",2026-09-16T23:51:29,Runechant of Envy (yellow),1,0
35,"Viserai, Between Worlds",2026-09-16T23:51:29,Runechant of Wrath (yellow),2,0
35,"Viserai, Between Worlds",2026-09-16T23:51:29,Shadowrealm Bloodhound (yellow),1,0
35,"Viserai, Between Worlds",2026-09-16T23:51:29,Shadowrealm Walker (yellow),1,0
35,"Viserai, Between Worlds",2026-09-16T23:51:29,Bloodfrenzy Gloomblade (blue),1,0
35,"Viserai, Between Worlds",2026-09-16T23:51:29,Demonbound Gloomblade (blue),1,0
35,"Viserai, Between Worlds",2026-09-16T23:51:29,Enshrine Sin (blue),1,0
35,"Viserai, Between Worlds",2026-09-16T23:51:29,Murmuring Gloomblade (blue),4,0
35,"Viserai, Between Worlds",2026-09-16T23:51:29,Shadowake Gloomblade (blue),1,0
35,"Viserai, Between Worlds",2026-09-16T23:51:29,Sonata Dystopia (blue),1,0
35,"Viserai, Between Worlds",2026-09-16T23:51:29,Dark Arcanite Plating,2,1
35,"Viserai, Between Worlds",2026-09-16T23:51:29,Grille of Repentance,1,1
35,"Viserai, Between Worlds",2026-09-16T23:51:29,Path of Repentance,1,1
36,"Viserai, Between Worlds",2026-09-17T02:54:59,Battle Prep (red),1,0
36,"Viserai, Between Worlds",2026-09-17T02:54:59,Breach Flesh (red),1,0
36,"Viserai, Between Worlds",2026-09-17T02:54:59,Countdown to Extinction (red),1,0
36,"Viserai, Between Worlds",2026-09-17T02:54:59,Demonbound Gloomblade (red),1,0
36,"Viserai, Between Worlds",2026-09-17T02:54:59,Murmuring Gloomblade (red),2,0
36,"Viserai, Between Worlds",2026-09-17T02:54:59,Runic Disposition (red),1,0
36,"Viserai, Between Worlds",2026-09-17T02:54:59,Runic Reaving (red),1,0
36,"Viserai, Between Worlds",2026-09-17T02:54:59,Seek Horizon (red),1,0
36,"Viserai, Between Worlds",2026-09-17T02:54:59,Shadowrealm Bloodhound (red),1,0
36,"Viserai, Between Worlds",2026-09-17T02:54:59,Bloodfrenzy Gloomblade (yellow),2,0
36,"Viserai, Between Worlds",2026-09-17T02:54:59,Darkest Hour (yellow),2,0
36,"Viserai, Between Worlds",2026-09-17T02:54:59,Murmuring Gloomblade (yellow),2,0
36,"Viserai, Between Worlds",2026-09-17T02:54:59,Pull from Beyond (yellow),1,0
36,"Viserai, Between Worlds",2026-09-17T02:54:59,Runechant of Pride (yellow),1,0
36,"Viserai, Between Worlds",2026-09-17T02:54:59,Runechant of Sloth (yellow),1,0
36,"Viserai, Between Worlds",2026-09-17T02:54:59,Runechant of Wrath (yellow),1,0
36,"Viserai, Between Worlds",2026-09-17T02:54:59,Shadowrealm Ripper (yellow),1,0
36,"Viserai, Between Worlds",2026-09-17T02:54:59,Shadowrealm Walker (yellow),1,0
36,"Viserai, Between Worlds",2026-09-17T02:54:59,Abyssal Bite (blue),2,0
36,"Viserai, Between Worlds",2026-09-17T02:54:59,Abyssal Rush (blue),1,0
36,"Viserai, Between Worlds",2026-09-17T02:54:59,Darkest Hour (blue),1,0
36,"Viserai, Between Worlds",2026-09-17T02:54:59,Demonbound Gloomblade (blue),1,0
36,"Viserai, Between Worlds",2026-09-17T02:54:59,Dimenxxional Ferryman (blue),1,0
36,"Viserai, Between Worlds",2026-09-17T02:54:59,Embrace Ursur (blue),2,0
36,"Viserai, Between Worlds",2026-09-17T02:54:59,Otherworldly Sins (blue),2,0
36,"Viserai, Between Worlds",2026-09-17T02:54:59,Permanent Interment (blue),1,0
36,"Viserai, Between Worlds",2026-09-17T02:54:59,Seek Horizon (blue),1,0
36,"Viserai, Between Worlds",2026-09-17T02:54:59,Shadowrealm Bloodhound (blue),1,0
36,"Viserai, Between Worlds",2026-09-17T02:54:59,Dark Arcanite Helm,1,1
36,"Viserai, Between Worlds",2026-09-17T02:54:59,Dark Arcanite Plating,1,1
36,"Viserai, Between Worlds",2026-09-17T02:54:59,Path of Repentance,1,1
37,Levia,2026-09-17T10:22:45,Cleave the Heavens (red),1,0
37,Levia,2026-09-17T10:22:45,Devouring Doomwake (red),1,0
37,Levia,2026-09-17T10:22:45,Feeding Frenzy (red),2,0
37,Levia,2026-09-17T10:22:45,Gorging Shadowbeast (red),1,0
37,Levia,2026-09-17T10:22:45,Headstrong Stampede (red),1,0
37,Levia,2026-09-17T10:22:45,Murmur of i'Arathael (red),1,0
37,Levia,2026-09-17T10:22:45,Rise to the Challenge (red),2,0
37,Levia,2026-09-17T10:22:45,Satiate Bloodthirst (red),1,0
37,Levia,2026-09-17T10:22:45,Shadowrealm Bloodhound (red),1,0
37,Levia,2026-09-17T10:22:45,Tribute to Greater Power (red),1,0
37,Levia,2026-09-17T10:22:45,Cleave the Heavens (yellow),1,0
37,Levia,2026-09-17T10:22:45,Corporeal Chasm (yellow),1,0
37,Levia,2026-09-17T10:22:45,Feasting Shadowbeast (yellow),2,0
37,Levia,2026-09-17T10:22:45,Gorging Shadowbeast (yellow),2,0
37,Levia,2026-09-17T10:22:45,Hellbound Assault (yellow),1,0
37,Levia,2026-09-17T10:22:45,Rally the Shadow Horde (yellow),1,0
37,Levia,2026-09-17T10:22:45,Rocktop Bellow (yellow),1,0
37,Levia,2026-09-17T10:22:45,Satiate Bloodthirst (yellow),2,0
37,Levia,2026-09-17T10:22:45,Whispers Within (yellow),1,0
37,Levia,2026-09-17T10:22:45,Abyssal Rush (blue),2,0
37,Levia,2026-09-17T10:22:45,Beckoning Hunger (blue),1,0
37,Levia,2026-09-17T10:22:45,Blasmophet's Boon (blue),1,0
37,Levia,2026-09-17T10:22:45,Consuming Command (blue),1,0
37,Levia,2026-09-17T10:22:45,Feasting Shadowbeast (blue),1,0
37,Levia,2026-09-17T10:22:45,Goremass Summoning (blue),1,0
37,Levia,2026-09-17T10:22:45,Gorging Shadowbeast (blue),1,0
37,Levia,2026-09-17T10:22:45,Headstrong Stampede (blue),1,0
37,Levia,2026-09-17T10:22:45,Step through Realms (blue),2,0
37,Levia,2026-09-17T10:22:45,Dark Arcanite Helm,1,1
37,Levia,2026-09-17T10:22:45,Path of Repentance,1,1
37,Levia,2026-09-17T10:22:45,Robe of Repentance,1,1
38,Levia,2026-09-17T16:28:08,Beckoning Hunger (red),1,0
38,Levia,2026-09-17T16:28:08,Cleave the Heavens (red),1,0
38,Levia,2026-09-17T16:28:08,Corporeal Chasm (red),1,0
38,Levia,2026-09-17T16:28:08,Ghostly Visit (red),1,0
38,Levia,2026-09-17T16:28:08,Satiate Bloodthirst (red),1,0
38,Levia,2026-09-17T16:28:08,Shadowrealm Ripper (red),1,0
38,Levia,2026-09-17T16:28:08,Tribute to Greater Power (red),1,0
38,Levia,2026-09-17T16:28:08,Void Wraith (red),1,0
38,Levia,2026-09-17T16:28:08,Whispers Within (red),1,0
38,Levia,2026-09-17T16:28:08,Beckoning Hunger (yellow),1,0
38,Levia,2026-09-17T16:28:08,Consuming Appetite (yellow),1,0
38,Levia,2026-09-17T16:28:08,Corporeal Chasm (yellow),2,0
38,Levia,2026-09-17T16:28:08,Dam the Shadowake (yellow),1,0
38,Levia,2026-09-17T16:28:08,Feeding Frenzy (yellow),1,0
38,Levia,2026-09-17T16:28:08,Gorging Shadowbeast (yellow),1,0
38,Levia,2026-09-17T16:28:08,Headstrong Stampede (yellow),1,0
38,Levia,2026-09-17T16:28:08,Permanent Interment (yellow),1,0
38,Levia,2026-09-17T16:28:08,Rally the Shadow Horde (yellow),1,0
38,Levia,2026-09-17T16:28:08,Rise to the Challenge (yellow),1,0
38,Levia,2026-09-17T16:28:08,Satiate Bloodthirst (yellow),2,0
38,Levia,2026-09-17T16:28:08,Seek Horizon (yellow),1,0
38,Levia,2026-09-17T16:28:08,Shadowrealm Ripper (yellow),1,0
38,Levia,2026-09-17T16:28:08,Whispers Within (yellow),1,0
38,Levia,2026-09-17T16:28:08,Blasmophet's Boon (blue),1,0
38,Levia,2026-09-17T16:28:08,Consuming Command (blue),2,0
38,Levia,2026-09-17T16:28:08,Dam the Shadowake (blue),1,0
38,Levia,2026-09-17T16:28:08,Feeding Frenzy (blue),2,0
38,Levia,2026-09-17T16:28:08,Goremass Summoning (blue),1,0
38,Levia,2026-09-17T16:28:08,Gorging Shadowbeast (blue),1,0
38,Levia,2026-09-17T16:28:08,Rise to the Challenge (blue),1,0
38,Levia,2026-09-17T16:28:08,Dark Arcanite Boots,1,1
38,Levia,2026-09-17T16:28:08,Dark Arcanite Helm,1,1
39,Malice,2026-09-17T17:00:05,Acrid Stench (red),1,0
39,Malice,2026-09-17T17:00:05,Bonded Burial (red),2,0
39,Malice,2026-09-17T17:00:05,Bone Mass (red),1,0
39,Malice,2026-09-17T17:00:05,Corporeal Chasm (red),1,0
39,Malice,2026-09-17T17:00:05,Mutual Sacrifice (red),1,0
39,Malice,2026-09-17T17:00:05,Ominous Toll (red),4,0
39,Malice,2026-09-17T17:00:05,Restless Magister (red),1,0
39,Malice,2026-09-17T17:00:05,Restless Shieldmaiden (red),2,0
39,Malice,2026-09-17T17:00:05,Restless Steed (red),2,0
39,Malice,2026-09-17T17:00:05,Ominous Toll (yellow),1,0
39,Malice,2026-09-17T17:00:05,Void Wraith (yellow),2,0
39,Malice,2026-09-17T17:00:05,Abyssal Force (blue),2,0
39,Malice,2026-09-17T17:00:05,Acrid Stench (blue),1,0
39,Malice,2026-09-17T17:00:05,Commit to Corruption (blue),1,0
39,Malice,2026-09-17T17:00:05,Darkest Hour (blue),1,0
39,Malice,2026-09-17T17:00:05,Permanent Interment (blue),1,0
39,Malice,2026-09-17T17:00:05,Pull from Beyond (blue),2,0
39,Malice,2026-09-17T17:00:05,Shadowrealm Harrower (blue),1,0
39,Malice,2026-09-17T17:00:05,Shadowrealm Ripper (blue),2,0
39,Malice,2026-09-17T17:00:05,Shadowrealm Solace (blue),2,0
39,Malice,2026-09-17T17:00:05,Step through Realms (blue),1,0
39,Malice,2026-09-17T17:00:05,Whispers Within (blue),1,0
39,Malice,2026-09-17T17:00:05,Dark Arcanite Plating,1,1
39,Malice,2026-09-17T17:00:05,Grille of Repentance,1,1
40,Levia,2026-09-17T17:54:21,Beckoning Hunger (red),1,0
40,Levia,2026-09-17T17:54:21,Corporeal Chasm (red),2,0
40,Levia,2026-09-17T17:54:21,Feasting Shadowbeast (red),1,0
40,Levia,2026-09-17T17:54:21,Feeding Frenzy (red),1,0
40,Levia,2026-09-17T17:54:21,Gorging Shadowbeast (red),1,0
40,Levia,2026-09-17T17:54:21,Headstrong Stampede (red),1,0
40,Levia,2026-09-17T17:54:21,Peak Power (red),1,0
40,Levia,2026-09-17T17:54:21,Rise to the Challenge (red),1,0
40,Levia,2026-09-17T17:54:21,Shadowrealm Harvester (red),1,0
40,Levia,2026-09-17T17:54:21,Whispers Within (red),1,0
40,Levia,2026-09-17T17:54:21,Beckoning Hunger (yellow),3,0
40,Levia,2026-09-17T17:54:21,Breach Flesh (yellow),1,0
40,Levia,2026-09-17T17:54:21,Corporeal Chasm (yellow),1,0
40,Levia,2026-09-17T17:54:21,Dam the Shadowake (yellow),1,0
40,Levia,2026-09-17T17:54:21,Rise to the Challenge (yellow),1,0
40,Levia,2026-09-17T17:54:21,Shadowrealm Walker (yellow),1,0
40,Levia,2026-09-17T17:54:21,Whispers Within (yellow),1,0
40,Levia,2026-09-17T17:54:21,Abyssal Bite (blue),2,0
40,Levia,2026-09-17T17:54:21,Abyssal Force (blue),2,0
40,Levia,2026-09-17T17:54:21,Abyssal Rush (blue),1,0
40,Levia,2026-09-17T17:54:21,Blasmophet's Boon (blue),1,0
40,Levia,2026-09-17T17:54:21,Consuming Command (blue),1,0
40,Levia,2026-09-17T17:54:21,Corporeal Chasm (blue),1,0
40,Levia,2026-09-17T17:54:21,Goremass Summoning (blue),2,0
40,Levia,2026-09-17T17:54:21,Gorging Shadowbeast (blue),1,0
40,Levia,2026-09-17T17:54:21,Rise to the Challenge (blue),2,0
40,Levia,2026-09-17T17:54:21,Step through Realms (blue),1,0
40,Levia,2026-09-17T17:54:21,Whispers Within (blue),1,0
40,Levia,2026-09-17T17:54:21,Dark Arcanite Plating,1,1
40,Levia,2026-09-17T17:54:21,Grille of Repentance,1,1
40,Levia,2026-09-17T17:54:21,Path of Repentance,1,1
40,Levia,2026-09-17T17:54:21,Robe of Repentance,1,1
41,"Viserai, Between Worlds",2026-09-17T22:51:38,Bloodfrenzy Gloomblade (red),1,0
41,"Viserai, Between Worlds",2026-09-17T22:51:38,Cullingsong Gloomblade (red),1,0
41,"Viserai, Between Worlds",2026-09-17T22:51:38,Demonbound Gloomblade (red),1,0
41,"Viserai, Between Worlds",2026-09-17T22:51:38,Embrace Ursur (red),1,0
41,"Viserai, Between Worlds",2026-09-17T22:51:38,Murmuring Gloomblade (red),1,0
41,"Viserai, Between Worlds",2026-09-17T22:51:38,Open the Gate to i'Arathael (red),1,0
41,"Viserai, Between Worlds",2026-09-17T22:51:38,Pull from Beyond (red),1,0
41,"Viserai, Between Worlds",2026-09-17T22:51:38,Runic Reaving (red),1,0
41,"Viserai, Between Worlds",2026-09-17T22:51:38,Shadowake Gloomblade (red),1,0
41,"Viserai, Between Worlds",2026-09-17T22:51:38,Shadowrealm Ripper (red),1,0
41,"Viserai, Between Worlds",2026-09-17T22:51:38,Sinspeaker Gloomblade (red),1,0
41,"Viserai, Between Worlds",2026-09-17T22:51:38,Demonbound Gloomblade (yellow),2,0
41,"Viserai, Between Worlds",2026-09-17T22:51:38,Embrace Ursur (yellow),3,0
41,"Viserai, Between Worlds",2026-09-17T22:51:38,Enshrine Sin (yellow),1,0
41,"Viserai, Between Worlds",2026-09-17T22:51:38,Murmuring Gloomblade (yellow),3,0
41,"Viserai, Between Worlds",2026-09-17T22:51:38,Otherworldly Sins (yellow),1,0
41,"Viserai, Between Worlds",2026-09-17T22:51:38,Runechant of Gluttony (yellow),1,0
41,"Viserai, Between Worlds",2026-09-17T22:51:38,Runechant of Wrath (yellow),2,0
41,"Viserai, Between Worlds",2026-09-17T22:51:38,Abyssal Bite (blue),1,0
41,"Viserai, Between Worlds",2026-09-17T22:51:38,Abyssal Rush (blue),1,0
41,"Viserai, Between Worlds",2026-09-17T22:51:38,Bloodfrenzy Gloomblade (blue),2,0
41,"Viserai, Between Worlds",2026-09-17T22:51:38,Embrace Ursur (blue),1,0
41,"Viserai, Between Worlds",2026-09-17T22:51:38,Murmuring Gloomblade (blue),1,0
41,"Viserai, Between Worlds",2026-09-17T22:51:38,Otherworldly Sins (blue),1,0
41,"Viserai, Between Worlds",2026-09-17T22:51:38,Shadowake Gloomblade (blue),2,0
41,"Viserai, Between Worlds",2026-09-17T22:51:38,Dark Arcanite Boots,1,1
41,"Viserai, Between Worlds",2026-09-17T22:51:38,Dark Arcanite Gloves,1,1
41,"Viserai, Between Worlds",2026-09-17T22:51:38,Grille of Repentance,1,1
41,"Viserai, Between Worlds",2026-09-17T22:51:38,Robe of Repentance,1,1
42,Malice,2026-09-17T23:01:59,Bonded Burial (red),1,0
42,Malice,2026-09-17T23:01:59,Bone Mass (red),2,0
42,Malice,2026-09-17T23:01:59,Breach Flesh (red),1,0
42,Malice,2026-09-17T23:01:59,Ghostly Visit (red),1,0
42,Malice,2026-09-17T23:01:59,Malignant Migration (red),2,0
42,Malice,2026-09-17T23:01:59,Ominous Toll (red),1,0
42,Malice,2026-09-17T23:01:59,Restless Corporal (red),1,0
42,Malice,2026-09-17T23:01:59,Restless Outlaw (red),1,0
42,Malice,2026-09-17T23:01:59,Restless Plowman (red),2,0
42,Malice,2026-09-17T23:01:59,Restless Steed (red),2,0
42,Malice,2026-09-17T23:01:59,Seek Horizon (red),1,0
42,Malice,2026-09-17T23:01:59,Bone Mass (yellow),1,0
42,Malice,2026-09-17T23:01:59,Countdown to Extinction (yellow),1,0
42,Malice,2026-09-17T23:01:59,Dam the Shadowake (yellow),1,0
42,Malice,2026-09-17T23:01:59,Darkest Hour (yellow),2,0
42,Malice,2026-09-17T23:01:59,Permanent Interment (yellow),1,0
42,Malice,2026-09-17T23:01:59,Shadowrealm Ripper (yellow),1,0
42,Malice,2026-09-17T23:01:59,Void Wraith (yellow),1,0
42,Malice,2026-09-17T23:01:59,Bone Mass (blue),1,0
42,Malice,2026-09-17T23:01:59,Breach Flesh (blue),1,0
42,Malice,2026-09-17T23:01:59,Corporeal Chasm (blue),1,0
42,Malice,2026-09-17T23:01:59,Mark of Ushering (blue),1,0
42,Malice,2026-09-17T23:01:59,Mutual Sacrifice (blue),1,0
42,Malice,2026-09-17T23:01:59,Permanent Interment (blue),1,0
42,Malice,2026-09-17T23:01:59,Pull from Beyond (blue),1,0
42,Malice,2026-09-17T23:01:59,Rally the Shadow Horde (blue),1,0
42,Malice,2026-09-17T23:01:59,Rites of Nightfall (blue),1,0
42,Malice,2026-09-17T23:01:59,Dark Arcanite Helm,1,1
42,Malice,2026-09-17T23:01:59,Dark Arcanite Plating,1,1
42,Malice,2026-09-17T23:01:59,Path of Repentance,1,1
43,Levia,2026-09-17T23:02:45,Breach Flesh (red),1,0
43,Levia,2026-09-17T23:02:45,Cleave the Heavens (red),2,0
43,Levia,2026-09-17T23:02:45,Dam the Shadowake (red),2,0
43,Levia,2026-09-17T23:02:45,Devouring Doomwake (red),1,0
43,Levia,2026-09-17T23:02:45,Feasting Shadowbeast (red),2,0
43,Levia,2026-09-17T23:02:45,Gorging Shadowbeast (red),2,0
43,Levia,2026-09-17T23:02:45,Rise to the Challenge (red),1,0
43,Levia,2026-09-17T23:02:45,Satiate Bloodthirst (red),2,0
43,Levia,2026-09-17T23:02:45,Shadowrealm Bloodhound (red),1,0
43,Levia,2026-09-17T23:02:45,Cleave the Heavens (yellow),1,0
43,Levia,2026-09-17T23:02:45,Consuming Lash (yellow),1,0
43,Levia,2026-09-17T23:02:45,Feasting Shadowbeast (yellow),2,0
43,Levia,2026-09-17T23:02:45,Feeding Frenzy (yellow),3,0
43,Levia,2026-09-17T23:02:45,Headstrong Stampede (yellow),2,0
43,Levia,2026-09-17T23:02:45,Peak Power (yellow),1,0
43,Levia,2026-09-17T23:02:45,Shadowrealm Reaper (yellow),1,0
43,Levia,2026-09-17T23:02:45,Abyssal Force (blue),1,0
43,Levia,2026-09-17T23:02:45,Beckoning Hunger (blue),1,0
43,Levia,2026-09-17T23:02:45,Blasmophet's Boon (blue),2,0
43,Levia,2026-09-17T23:02:45,Cleave the Heavens (blue),1,0
43,Levia,2026-09-17T23:02:45,Darkest Hour (blue),1,0
43,Levia,2026-09-17T23:02:45,Feeding Frenzy (blue),2,0
43,Levia,2026-09-17T23:02:45,Goremass Summoning (blue),1,0
43,Levia,2026-09-17T23:02:45,Permanent Interment (blue),1,0
43,Levia,2026-09-17T23:02:45,Rumbling Hunger (blue),1,0
43,Levia,2026-09-17T23:02:45,Satiate Bloodthirst (blue),1,0
43,Levia,2026-09-17T23:02:45,Dark Arcanite Boots,1,1
43,Levia,2026-09-17T23:02:45,Dark Arcanite Gloves,1,1
43,Levia,2026-09-17T23:02:45,Dark Arcanite Helm,1,1
43,Levia,2026-09-17T23:02:45,Dark Arcanite Plating,1,1
44,"Viserai, Between Worlds",2026-09-17T23:32:16,Bloodfrenzy Gloomblade (red),1,0
44,"Viserai, Between Worlds",2026-09-17T23:32:16,Cullingsong Gloomblade (red),1,0
44,"Viserai, Between Worlds",2026-09-17T23:32:16,Embrace Ursur (red),1,0
44,"Viserai, Between Worlds",2026-09-17T23:32:16,Murmuring Gloomblade (red),3,0
44,"Viserai, Between Worlds",2026-09-17T23:32:16,Otherworldly Sins (red),1,0
44,"Viserai, Between Worlds",2026-09-17T23:32:16,Permanent Interment (red),1,0
44,"Viserai, Between Worlds",2026-09-17T23:32:16,Shadowake Gloomblade (red),2,0
44,"Viserai, Between Worlds",2026-09-17T23:32:16,Shadowrealm Ripper (red),1,0
44,"Viserai, Between Worlds",2026-09-17T23:32:16,Shadowrealm Walker (red),1,0
44,"Viserai, Between Worlds",2026-09-17T23:32:16,Bloodfrenzy Gloomblade (yellow),2,0
44,"Viserai, Between Worlds",2026-09-17T23:32:16,Murmuring Gloomblade (yellow),2,0
44,"Viserai, Between Worlds",2026-09-17T23:32:16,Runechant of Envy (yellow),1,0
44,"Viserai, Between Worlds",2026-09-17T23:32:16,Runechant of Pride (yellow),2,0
44,"Viserai, Between Worlds",2026-09-17T23:32:16,Shadowrealm Bloodhound (yellow),1,0
44,"Viserai, Between Worlds",2026-09-17T23:32:16,Shadowrealm Ripper (yellow),1,0
44,"Viserai, Between Worlds",2026-09-17T23:32:16,Battle Prep (blue),1,0
44,"Viserai, Between Worlds",2026-09-17T23:32:16,Bloodfrenzy Gloomblade (blue),1,0
44,"Viserai, Between Worlds",2026-09-17T23:32:16,Demonbound Gloomblade (blue),1,0
44,"Viserai, Between Worlds",2026-09-17T23:32:16,Embrace Ursur (blue),2,0
44,"Viserai, Between Worlds",2026-09-17T23:32:16,Enshrine Sin (blue),4,0
44,"Viserai, Between Worlds",2026-09-17T23:32:16,Murmuring Gloomblade (blue),1,0
44,"Viserai, Between Worlds",2026-09-17T23:32:16,Runic Disposition (blue),1,0
44,"Viserai, Between Worlds",2026-09-17T23:32:16,Shadowake Gloomblade (blue),1,0
44,"Viserai, Between Worlds",2026-09-17T23:32:16,Vexing Gloomblade (blue),1,0
44,"Viserai, Between Worlds",2026-09-17T23:32:16,Dark Arcanite Gloves,1,1
44,"Viserai, Between Worlds",2026-09-17T23:32:16,Dark Arcanite Helm,1,1
44,"Viserai, Between Worlds",2026-09-17T23:32:16,Dark Arcanite Plating,1,1
45,"Viserai, Between Worlds",2026-09-18T00:02:22,Bloodfrenzy Gloomblade (red),1,0
45,"Viserai, Between Worlds",2026-09-18T00:02:22,Bloodsong Gloomblade (red),1,0
45,"Viserai, Between Worlds",2026-09-18T00:02:22,Countdown to Extinction (red),1,0
45,"Viserai, Between Worlds",2026-09-18T00:02:22,Cullingsong Gloomblade (red),1,0
45,"Viserai, Between Worlds",2026-09-18T00:02:22,Dam the Shadowake (red),1,0
45,"Viserai, Between Worlds",2026-09-18T00:02:22,Murmuring Gloomblade (red),2,0
45,"Viserai, Between Worlds",2026-09-18T00:02:22,Otherworldly Sins (red),3,0
45,"Viserai, Between Worlds",2026-09-18T00:02:22,Rally the Shadow Horde (red),1,0
45,"Viserai, Between Worlds",2026-09-18T00:02:22,Seek Horizon (red),1,0
45,"Viserai, Between Worlds",2026-09-18T00:02:22,Void Wraith (red),1,0
45,"Viserai, Between Worlds",2026-09-18T00:02:22,Breach Flesh (yellow),1,0
45,"Viserai, Between Worlds",2026-09-18T00:02:22,Enshrine Sin (yellow),1,0
45,"Viserai, Between Worlds",2026-09-18T00:02:22,Forbidden Harvest (yellow),1,0
45,"Viserai, Between Worlds",2026-09-18T00:02:22,Runechant of Envy (yellow),1,0
45,"Viserai, Between Worlds",2026-09-18T00:02:22,Runechant of Gluttony (yellow),1,0
45,"Viserai, Between Worlds",2026-09-18T00:02:22,Runechant of Pride (yellow),1,0
45,"Viserai, Between Worlds",2026-09-18T00:02:22,Shadowake Gloomblade (yellow),2,0
45,"Viserai, Between Worlds",2026-09-18T00:02:22,Shadowrealm Walker (yellow),1,0
45,"Viserai, Between Worlds",2026-09-18T00:02:22,Corporeal Chasm (blue),2,0
45,"Viserai, Between Worlds",2026-09-18T00:02:22,Darkest Hour (blue),1,0
45,"Viserai, Between Worlds",2026-09-18T00:02:22,Embrace Ursur (blue),1,0
45,"Viserai, Between Worlds",2026-09-18T00:02:22,Enshrine Sin (blue),1,0
45,"Viserai, Between Worlds",2026-09-18T00:02:22,Ghostly Visit (blue),1,0
45,"Viserai, Between Worlds",2026-09-18T00:02:22,Otherworldly Sins (blue),1,0
45,"Viserai, Between Worlds",2026-09-18T00:02:22,Shadowrealm Ripper (blue),1,0
45,"Viserai, Between Worlds",2026-09-18T00:02:22,Dark Arcanite Boots,1,1
45,"Viserai, Between Worlds",2026-09-18T00:02:22,Dark Arcanite Gloves,1,1
45,"Viserai, Between Worlds",2026-09-18T00:02:22,Dark Arcanite Helm,1,1
45,"Viserai, Between Worlds",2026-09-18T00:02:22,Dark Arcanite Plating,1,1
45,"Viserai, Between Worlds",2026-09-18T00:02:22,Grille of Repentance,1,1
46,Malice,2026-09-18T00:11:41,Acrid Stench (red),1,0
46,Malice,2026-09-18T00:11:41,Bonded Burial (red),1,0
46,Malice,2026-09-18T00:11:41,Bone Mass (red),1,0
46,Malice,2026-09-18T00:11:41,Breach Flesh (red),1,0
46,Malice,2026-09-18T00:11:41,Corpse Cover (red),1,0
46,Malice,2026-09-18T00:11:41,Mutual Sacrifice (red),1,0
46,Malice,2026-09-18T00:11:41,Restless Looter (red),1,0
46,Malice,2026-09-18T00:11:41,Restless Magister (red),1,0
46,Malice,2026-09-18T00:11:41,Restless Outlaw (red),1,0
46,Malice,2026-09-18T00:11:41,Restless Shieldmaiden (red),2,0
46,Malice,2026-09-18T00:11:41,Restless Templar (red),1,0
46,Malice,2026-09-18T00:11:41,Shadowrealm Strength (red),1,0
46,Malice,2026-09-18T00:11:41,Void Wraith (red),1,0
46,Malice,2026-09-18T00:11:41,Corpse Cover (yellow),2,0
46,Malice,2026-09-18T00:11:41,Countdown to Extinction (yellow),1,0
46,Malice,2026-09-18T00:11:41,Dam the Shadowake (yellow),1,0
46,Malice,2026-09-18T00:11:41,Malignant Migration (yellow),1,0
46,Malice,2026-09-18T00:11:41,Ominous Toll (yellow),1,0
46,Malice,2026-09-18T00:11:41,Shadowrealm Swiftness (yellow),1,0
46,Malice,2026-09-18T00:11:41,Bone Barrier (blue),1,0
46,Malice,2026-09-18T00:11:41,Corporeal Chasm (blue),2,0
46,Malice,2026-09-18T00:11:41,Ghostly Visit (blue),1,0
46,Malice,2026-09-18T00:11:41,Malignant Migration (blue),2,0
46,Malice,2026-09-18T00:11:41,Mark of Ushering (blue),1,0
46,Malice,2026-09-18T00:11:41,Permanent Interment (blue),1,0
46,Malice,2026-09-18T00:11:41,Rites of Nightfall (blue),1,0
46,Malice,2026-09-18T00:11:41,Shadowrealm Bloodhound (blue),2,0
46,Malice,2026-09-18T00:11:41,Shadowrealm Walker (blue),2,0
46,Malice,2026-09-18T00:11:41,Whispers Within (blue),2,0
46,Malice,2026-09-18T00:11:41,Dark Arcanite Boots,1,1
46,Malice,2026-09-18T00:11:41,Dark Arcanite Gloves,1,1
46,Malice,2026-09-18T00:11:41,Dark Arcanite Helm,1,1
46,Malice,2026-09-18T00:11:41,Robe of Repentance,1,1
47,Malice,2026-09-18T00:43:42,Acrid Stench (red),1,0
47,Malice,2026-09-18T00:43:42,Bone Mass (red),1,0
47,Malice,2026-09-18T00:43:42,Commit to Corruption (red),1,0
47,Malice,2026-09-18T00:43:42,Harbinger of Destruction (red),1,0
47,Malice,2026-09-18T00:43:42,Malignant Migration (red),3,0
47,Malice,2026-09-18T00:43:42,Ominous Toll (red),1,0
47,Malice,2026-09-18T00:43:42,Restless Corporal (red),1,0
47,Malice,2026-09-18T00:43:42,Restless Outlaw (red),2,0
47,Malice,2026-09-18T00:43:42,Restless Plowman (red),1,0
47,Malice,2026-09-18T00:43:42,Restless Quartermaster (red),1,0
47,Malice,2026-09-18T00:43:42,Shadowrealm Strength (red),1,0
47,Malice,2026-09-18T00:43:42,Shadowrealm Walker (red),1,0
47,Malice,2026-09-18T00:43:42,Whispers Within (red),1,0
47,Malice,2026-09-18T00:43:42,Dam the Shadowake (yellow),1,0
47,Malice,2026-09-18T00:43:42,Permanent Interment (yellow),1,0
47,Malice,2026-09-18T00:43:42,Shadowrealm Swiftness (yellow),2,0
47,Malice,2026-09-18T00:43:42,Acrid Stench (blue),2,0
47,Malice,2026-09-18T00:43:42,Bone Mass (blue),1,0
47,Malice,2026-09-18T00:43:42,Breach Flesh (blue),2,0
47,Malice,2026-09-18T00:43:42,Corporeal Chasm (blue),1,0
47,Malice,2026-09-18T00:43:42,Dam the Shadowake (blue),1,0
47,Malice,2026-09-18T00:43:42,Malignant Migration (blue),1,0
47,Malice,2026-09-18T00:43:42,Ominous Toll (blue),2,0
47,Malice,2026-09-18T00:43:42,Shadowrealm Solace (blue),2,0
47,Malice,2026-09-18T00:43:42,Shadowrealm Walker (blue),2,0
47,Malice,2026-09-18T00:43:42,Whispers Within (blue),1,0
47,Malice,2026-09-18T00:43:42,Dark Arcanite Boots,1,1
47,Malice,2026-09-18T00:43:42,Dark Arcanite Helm,1,1
47,Malice,2026-09-18T00:43:42,Dark Arcanite Plating,1,1
47,Malice,2026-09-18T00:43:42,Grille of Repentance,1,1
48,"Viserai, Between Worlds",2026-09-18T13:40:38,Cullingsong Gloomblade (red),1,0
48,"Viserai, Between Worlds",2026-09-18T13:40:38,Darkest Hour (red),1,0
48,"Viserai, Between Worlds",2026-09-18T13:40:38,Murmuring Gloomblade (red),2,0
48,"Viserai, Between Worlds",2026-09-18T13:40:38,Shadowrealm Ripper (red),1,0
48,"Viserai, Between Worlds",2026-09-18T13:40:38,Shadowrealm Walker (red),1,0
48,"Viserai, Between Worlds",2026-09-18T13:40:38,Corporeal Chasm (yellow),1,0
48,"Viserai, Between Worlds",2026-09-18T13:40:38,Cracked Bauble (yellow),1,0
48,"Viserai, Between Worlds",2026-09-18T13:40:38,Dam the Shadowake (yellow),1,0
48,"Viserai, Between Worlds",2026-09-18T13:40:38,Demonbound Gloomblade (yellow),2,0
48,"Viserai, Between Worlds",2026-09-18T13:40:38,Embrace Ursur (yellow),2,0
48,"Viserai, Between Worlds",2026-09-18T13:40:38,Ghostly Visit (yellow),1,0
48,"Viserai, Between Worlds",2026-09-18T13:40:38,Murmuring Gloomblade (yellow),2,0
48,"Viserai, Between Worlds",2026-09-18T13:40:38,Otherworldly Sins (yellow),1,0
48,"Viserai, Between Worlds",2026-09-18T13:40:38,Permanent Interment (yellow),1,0
48,"Viserai, Between Worlds",2026-09-18T13:40:38,Runechant of Lust (yellow),1,0
48,"Viserai, Between Worlds",2026-09-18T13:40:38,Runechant of Wrath (yellow),1,0
48,"Viserai, Between Worlds",2026-09-18T13:40:38,Step through Realms (yellow),1,0
48,"Viserai, Between Worlds",2026-09-18T13:40:38,Void Wraith (yellow),1,0
48,"Viserai, Between Worlds",2026-09-18T13:40:38,Become the Shadow Lord (blue),1,0
48,"Viserai, Between Worlds",2026-09-18T13:40:38,Countdown to Extinction (blue),1,0
48,"Viserai, Between Worlds",2026-09-18T13:40:38,Dam the Shadowake (blue),1,0
48,"Viserai, Between Worlds",2026-09-18T13:40:38,Pull from Beyond (blue),1,0
48,"Viserai, Between Worlds",2026-09-18T13:40:38,Rally the Shadow Horde (blue),1,0
48,"Viserai, Between Worlds",2026-09-18T13:40:38,Rites of Nightfall (blue),1,0
48,"Viserai, Between Worlds",2026-09-18T13:40:38,Runic Disposition (blue),1,0
48,"Viserai, Between Worlds",2026-09-18T13:40:38,Void Wraith (blue),1,0
48,"Viserai, Between Worlds",2026-09-18T13:40:38,Dark Arcanite Gloves,1,1
48,"Viserai, Between Worlds",2026-09-18T13:40:38,Dark Arcanite Helm,1,1
48,"Viserai, Between Worlds",2026-09-18T13:40:38,Dark Arcanite Plating,1,1
48,"Viserai, Between Worlds",2026-09-18T13:40:38,Path of Repentance,1,1
49,Malice,2026-09-18T15:01:41,Acrid Stench (red),1,0
49,Malice,2026-09-18T15:01:41,Malignant Migration (red),1,0
49,Malice,2026-09-18T15:01:41,Ominous Toll (red),1,0
49,Malice,2026-09-18T15:01:41,Rally the Shadow Horde (red),1,0
49,Malice,2026-09-18T15:01:41,Restless Corporal (red),1,0
49,Malice,2026-09-18T15:01:41,Restless Plowman (red),1,0
49,Malice,2026-09-18T15:01:41,Restless Steed (red),2,0
49,Malice,2026-09-18T15:01:41,Shadowrealm Bloodhound (red),1,0
49,Malice,2026-09-18T15:01:41,Shadowrealm Ripper (red),1,0
49,Malice,2026-09-18T15:01:41,Shadowrealm Walker (red),1,0
49,Malice,2026-09-18T15:01:41,Step through Realms (red),1,0
49,Malice,2026-09-18T15:01:41,Corporeal Chasm (yellow),1,0
49,Malice,2026-09-18T15:01:41,Countdown to Extinction (yellow),1,0
49,Malice,2026-09-18T15:01:41,Dam the Shadowake (yellow),1,0
49,Malice,2026-09-18T15:01:41,Ominous Toll (yellow),1,0
49,Malice,2026-09-18T15:01:41,Pull from Beyond (yellow),1,0
49,Malice,2026-09-18T15:01:41,Shadowrealm Reaper (yellow),1,0
49,Malice,2026-09-18T15:01:41,Shadowrealm Swiftness (yellow),2,0
49,Malice,2026-09-18T15:01:41,Acrid Stench (blue),1,0
49,Malice,2026-09-18T15:01:41,Bridge of Damnation (blue),1,0
49,Malice,2026-09-18T15:01:41,Corporeal Chasm (blue),1,0
49,Malice,2026-09-18T15:01:41,Malignant Migration (blue),1,0
49,Malice,2026-09-18T15:01:41,Mark of Neverest (blue),1,0
49,Malice,2026-09-18T15:01:41,Mark of Ushering (blue),1,0
49,Malice,2026-09-18T15:01:41,Mutual Sacrifice (blue),1,0
49,Malice,2026-09-18T15:01:41,Rally the Shadow Horde (blue),1,0
49,Malice,2026-09-18T15:01:41,Seek Horizon (blue),1,0
49,Malice,2026-09-18T15:01:41,Shadowrealm Bloodhound (blue),1,0
49,Malice,2026-09-18T15:01:41,Shadowrealm Ripper (blue),1,0
49,Malice,2026-09-18T15:01:41,Void Wraith (blue),1,0
49,Malice,2026-09-18T15:01:41,Dark Arcanite Boots,1,1
49,Malice,2026-09-18T15:01:41,Dark Arcanite Plating,1,1
49,Malice,2026-09-18T15:01:41,Robe of Repentance,1,1
50,Levia,2026-09-18T16:33:09,Beckoning Hunger (red),2,0
50,Levia,2026-09-18T16:33:09,Feeding Frenzy (red),2,0
50,Levia,2026-09-18T16:33:09,Rocktop Bellow (red),1,0
50,Levia,2026-09-18T16:33:09,Satiate Bloodthirst (red),2,0
50,Levia,2026-09-18T16:33:09,Apex Buster (yellow),1,0
50,Levia,2026-09-18T16:33:09,Battle Prep (yellow),1,0
50,Levia,2026-09-18T16:33:09,Beckoning Hunger (yellow),3,0
50,Levia,2026-09-18T16:33:09,Breach Flesh (yellow),1,0
50,Levia,2026-09-18T16:33:09,Cleave the Heavens (yellow),1,0
50,Levia,2026-09-18T16:33:09,Consuming Appetite (yellow),1,0
50,Levia,2026-09-18T16:33:09,Consuming Strength (yellow),1,0
50,Levia,2026-09-18T16:33:09,Corporeal Chasm (yellow),1,0
50,Levia,2026-09-18T16:33:09,Darkest Hour (yellow),2,0
50,Levia,2026-09-18T16:33:09,Feasting Shadowbeast (yellow),2,0
50,Levia,2026-09-18T16:33:09,Hellbound Assault (yellow),1,0
50,Levia,2026-09-18T16:33:09,Rally the Shadow Horde (yellow),1,0
50,Levia,2026-09-18T16:33:09,Rise to the Challenge (yellow),1,0
50,Levia,2026-09-18T16:33:09,Satiate Bloodthirst (yellow),2,0
50,Levia,2026-09-18T16:33:09,Blasmophet's Boon (blue),1,0
50,Levia,2026-09-18T16:33:09,Cleave the Heavens (blue),1,0
50,Levia,2026-09-18T16:33:09,Consuming Command (blue),3,0
50,Levia,2026-09-18T16:33:09,Feeding Frenzy (blue),2,0
50,Levia,2026-09-18T16:33:09,Goremass Summoning (blue),1,0
50,Levia,2026-09-18T16:33:09,Gorging Shadowbeast (blue),1,0
50,Levia,2026-09-18T16:33:09,Hellbound Assault (blue),1,0
50,Levia,2026-09-18T16:33:09,Rise to the Challenge (blue),1,0
50,Levia,2026-09-18T16:33:09,Dark Arcanite Gloves,1,1
50,Levia,2026-09-18T16:33:09,Robe of Repentance,1,1
51,"Viserai, Between Worlds",2026-09-18T16:53:26,Demonbound Gloomblade (red),1,0
51,"Viserai, Between Worlds",2026-09-18T16:53:26,Embrace Ursur (red),1,0
51,"Viserai, Between Worlds",2026-09-18T16:53:26,Enshrine Sin (red),3,0
51,"Viserai, Between Worlds",2026-09-18T16:53:26,Ghostly Visit (red),1,0
51,"Viserai, Between Worlds",2026-09-18T16:53:26,Murmuring Gloomblade (red),1,0
51,"Viserai, Between Worlds",2026-09-18T16:53:26,Permanent Interment (red),1,0
51,"Viserai, Between Worlds",2026-09-18T16:53:26,Plundersong Gloomblade (red),1,0
51,"Viserai, Between Worlds",2026-09-18T16:53:26,Pull from Beyond (red),1,0
51,"Viserai, Between Worlds",2026-09-18T16:53:26,Shadowake Gloomblade (red),1,0
51,"Viserai, Between Worlds",2026-09-18T16:53:26,Shadowrealm Ripper (red),1,0
51,"Viserai, Between Worlds",2026-09-18T16:53:26,Shadowrealm Walker (red),1,0
51,"Viserai, Between Worlds",2026-09-18T16:53:26,Sinspeaker Gloomblade (red),1,0
51,"Viserai, Between Worlds",2026-09-18T16:53:26,Vexing Gloomblade (red),1,0
51,"Viserai, Between Worlds",2026-09-18T16:53:26,Bloodfrenzy Gloomblade (yellow),1,0
51,"Viserai, Between Worlds",2026-09-18T16:53:26,Otherworldly Sins (yellow),2,0
51,"Viserai, Between Worlds",2026-09-18T16:53:26,Runechant of Pride (yellow),1,0
51,"Viserai, Between Worlds",2026-09-18T16:53:26,Runechant of Wrath (yellow),2,0
51,"Viserai, Between Worlds",2026-09-18T16:53:26,Runic Reaving (yellow),1,0
51,"Viserai, Between Worlds",2026-09-18T16:53:26,Abyssal Force (blue),1,0
51,"Viserai, Between Worlds",2026-09-18T16:53:26,Arknight Descendancy (blue),1,0
51,"Viserai, Between Worlds",2026-09-18T16:53:26,Countdown to Extinction (blue),1,0
51,"Viserai, Between Worlds",2026-09-18T16:53:26,Demonbound Gloomblade (blue),1,0
51,"Viserai, Between Worlds",2026-09-18T16:53:26,Embrace Ursur (blue),1,0
51,"Viserai, Between Worlds",2026-09-18T16:53:26,Enshrine Sin (blue),1,0
51,"Viserai, Between Worlds",2026-09-18T16:53:26,Otherworldly Sins (blue),2,0
51,"Viserai, Between Worlds",2026-09-18T16:53:26,Vexing Gloomblade (blue),1,0
51,"Viserai, Between Worlds",2026-09-18T16:53:26,Path of Repentance,1,1
51,"Viserai, Between Worlds",2026-09-18T16:53:26,Robe of Repentance,2,1
52,"Viserai, Between Worlds",2026-09-18T17:38:32,Bloodfrenzy Gloomblade (red),1,0
52,"Viserai, Between Worlds",2026-09-18T17:38:32,Demonbound Gloomblade (red),1,0
52,"Viserai, Between Worlds",2026-09-18T17:38:32,Shadowake Gloomblade (red),2,0
52,"Viserai, Between Worlds",2026-09-18T17:38:32,Shadowrealm Ripper (red),1,0
52,"Viserai, Between Worlds",2026-09-18T17:38:32,Bloodfrenzy Gloomblade (yellow),2,0
52,"Viserai, Between Worlds",2026-09-18T17:38:32,Dam the Shadowake (yellow),1,0
52,"Viserai, Between Worlds",2026-09-18T17:38:32,Darkest Hour (yellow),1,0
52,"Viserai, Between Worlds",2026-09-18T17:38:32,Demonbound Gloomblade (yellow),1,0
52,"Viserai, Between Worlds",2026-09-18T17:38:32,Enshrine Sin (yellow),1,0
52,"Viserai, Between Worlds",2026-09-18T17:38:32,Murmuring Gloomblade (yellow),1,0
52,"Viserai, Between Worlds",2026-09-18T17:38:32,Otherworldly Sins (yellow),1,0
52,"Viserai, Between Worlds",2026-09-18T17:38:32,Runechant of Envy (yellow),1,0
52,"Viserai, Between Worlds",2026-09-18T17:38:32,Runechant of Gluttony (yellow),1,0
52,"Viserai, Between Worlds",2026-09-18T17:38:32,Runechant of Greed (yellow),1,0
52,"Viserai, Between Worlds",2026-09-18T17:38:32,Runechant of Lust (yellow),1,0
52,"Viserai, Between Worlds",2026-09-18T17:38:32,Runechant of Sloth (yellow),1,0
52,"Viserai, Between Worlds",2026-09-18T17:38:32,Runechant of Wrath (yellow),1,0
52,"Viserai, Between Worlds",2026-09-18T17:38:32,Runic Disposition (yellow),1,0
52,"Viserai, Between Worlds",2026-09-18T17:38:32,Shadowake Gloomblade (yellow),1,0
52,"Viserai, Between Worlds",2026-09-18T17:38:32,Shadowrealm Ripper (yellow),2,0
52,"Viserai, Between Worlds",2026-09-18T17:38:32,Void Wraith (yellow),3,0
52,"Viserai, Between Worlds",2026-09-18T17:38:32,Abyssal Force (blue),1,0
52,"Viserai, Between Worlds",2026-09-18T17:38:32,Bloodfrenzy Gloomblade (blue),2,0
52,"Viserai, Between Worlds",2026-09-18T17:38:32,Murmuring Gloomblade (blue),2,0
52,"Viserai, Between Worlds",2026-09-18T17:38:32,Otherworldly Sins (blue),2,0
52,"Viserai, Between Worlds",2026-09-18T17:38:32,Runic Disposition (blue),1,0
52,"Viserai, Between Worlds",2026-09-18T17:38:32,Runic Reaving (blue),1,0
52,"Viserai, Between Worlds",2026-09-18T17:38:32,Seek Horizon (blue),1,0
52,"Viserai, Between Worlds",2026-09-18T17:38:32,Void Wraith (blue),1,0
52,"Viserai, Between Worlds",2026-09-18T17:38:32,Dark Arcanite Plating,1,1
52,"Viserai, Between Worlds",2026-09-18T17:38:32,Grille of Repentance,1,1
52,"Viserai, Between Worlds",2026-09-18T17:38:32,Path of Repentance,1,1
53,Malice,2026-09-18T21:14:12,Acrid Stench (red),3,0
53,Malice,2026-09-18T21:14:12,Bone Mass (red),1,0
53,Malice,2026-09-18T21:14:12,Dam the Shadowake (red),1,0
53,Malice,2026-09-18T21:14:12,Malignant Migration (red),2,0
53,Malice,2026-09-18T21:14:12,Mutual Sacrifice (red),1,0
53,Malice,2026-09-18T21:14:12,Pull from Beyond (red),1,0
53,Malice,2026-09-18T21:14:12,Rally the Shadow Horde (red),1,0
53,Malice,2026-09-18T21:14:12,Restless Corporal (red),1,0
53,Malice,2026-09-18T21:14:12,Restless Magister (red),1,0
53,Malice,2026-09-18T21:14:12,Restless Quartermaster (red),1,0
53,Malice,2026-09-18T21:14:12,Restless Steed (red),1,0
53,Malice,2026-09-18T21:14:12,Seek Horizon (red),2,0
53,Malice,2026-09-18T21:14:12,Battle Prep (yellow),1,0
53,Malice,2026-09-18T21:14:12,Bonded Burial (yellow),1,0
53,Malice,2026-09-18T21:14:12,Corpse Cover (yellow),1,0
53,Malice,2026-09-18T21:14:12,Dam the Shadowake (yellow),1,0
53,Malice,2026-09-18T21:14:12,Darkest Hour (yellow),1,0
53,Malice,2026-09-18T21:14:12,Mutual Sacrifice (yellow),1,0
53,Malice,2026-09-18T21:14:12,Shadowrealm Swiftness (yellow),2,0
53,Malice,2026-09-18T21:14:12,Breach Flesh (blue),1,0
53,Malice,2026-09-18T21:14:12,Countdown to Extinction (blue),1,0
53,Malice,2026-09-18T21:14:12,Dam the Shadowake (blue),2,0
53,Malice,2026-09-18T21:14:12,Darkest Hour (blue),1,0
53,Malice,2026-09-18T21:14:12,Mark of Neverest (blue),1,0
53,Malice,2026-09-18T21:14:12,Permanent Interment (blue),1,0
53,Malice,2026-09-18T21:14:12,Seek Horizon (blue),1,0
53,Malice,2026-09-18T21:14:12,Shadowrealm Bloodhound (blue),1,0
53,Malice,2026-09-18T21:14:12,Shadowrealm Solace (blue),1,0
53,Malice,2026-09-18T21:14:12,Dark Arcanite Plating,1,1
53,Malice,2026-09-18T21:14:12,Grille of Repentance,1,1
54,Levia,2026-09-18T23:29:34,Beckoning Hunger (red),2,0
54,Levia,2026-09-18T23:29:34,Countdown to Extinction (red),1,0
54,Levia,2026-09-18T23:29:34,Feasting Shadowbeast (red),1,0
54,Levia,2026-09-18T23:29:34,Feeding Frenzy (red),2,0
54,Levia,2026-09-18T23:29:34,Gorging Shadowbeast (red),1,0
54,Levia,2026-09-18T23:29:34,Headstrong Stampede (red),2,0
54,Levia,2026-09-18T23:29:34,Peak Power (red),1,0
54,Levia,2026-09-18T23:29:34,Rise to the Challenge (red),1,0
54,Levia,2026-09-18T23:29:34,Rocktop Bellow (red),1,0
54,Levia,2026-09-18T23:29:34,Rumbling Hunger (red),1,0
54,Levia,2026-09-18T23:29:34,Shadowrealm Bloodhound (red),1,0
54,Levia,2026-09-18T23:29:34,Apex Buster (yellow),1,0
54,Levia,2026-09-18T23:29:34,Beckoning Hunger (yellow),3,0
54,Levia,2026-09-18T23:29:34,Consuming Lash (yellow),1,0
54,Levia,2026-09-18T23:29:34,Consuming Strength (yellow),1,0
54,Levia,2026-09-18T23:29:34,Corporeal Chasm (yellow),1,0
54,Levia,2026-09-18T23:29:34,Dam the Shadowake (yellow),1,0
54,Levia,2026-09-18T23:29:34,Feeding Frenzy (yellow),1,0
54,Levia,2026-09-18T23:29:34,Gorging Shadowbeast (yellow),1,0
54,Levia,2026-09-18T23:29:34,Rally the Shadow Horde (yellow),1,0
54,Levia,2026-09-18T23:29:34,Rise to the Challenge (yellow),1,0
54,Levia,2026-09-18T23:29:34,Whispers Within (yellow),2,0
54,Levia,2026-09-18T23:29:34,Abyssal Force (blue),1,0
54,Levia,2026-09-18T23:29:34,Beckoning Hunger (blue),1,0
54,Levia,2026-09-18T23:29:34,Consuming Command (blue),1,0
54,Levia,2026-09-18T23:29:34,Feeding Frenzy (blue),1,0
54,Levia,2026-09-18T23:29:34,Gorging Shadowbeast (blue),2,0
54,Levia,2026-09-18T23:29:34,Rise to the Challenge (blue),1,0
54,Levia,2026-09-18T23:29:34,Rumbling Hunger (blue),1,0
54,Levia,2026-09-18T23:29:34,Dark Arcanite Boots,1,1
54,Levia,2026-09-18T23:29:34,Grille of Repentance,1,1
54,Levia,2026-09-18T23:29:34,Robe of Repentance,1,1
55,Levia,2026-09-19T03:09:50,Cleave the Heavens (red),1,0
55,Levia,2026-09-19T03:09:50,Feasting Shadowbeast (red),1,0
55,Levia,2026-09-19T03:09:50,Headstrong Stampede (red),2,0
55,Levia,2026-09-19T03:09:50,Permanent Interment (red),1,0
55,Levia,2026-09-19T03:09:50,Rise to the Challenge (red),1,0
55,Levia,2026-09-19T03:09:50,Rumbling of i'Arathael (red),1,0
55,Levia,2026-09-19T03:09:50,Satiate Bloodthirst (red),1,0
55,Levia,2026-09-19T03:09:50,Tribute to Greater Power (red),1,0
55,Levia,2026-09-19T03:09:50,Violent Gusto (red),1,0
55,Levia,2026-09-19T03:09:50,Beckoning Hunger (yellow),1,0
55,Levia,2026-09-19T03:09:50,Consuming Appetite (yellow),2,0
55,Levia,2026-09-19T03:09:50,Corporeal Chasm (yellow),2,0
55,Levia,2026-09-19T03:09:50,Fallen Herald (yellow),1,0
55,Levia,2026-09-19T03:09:50,Gorging Shadowbeast (yellow),1,0
55,Levia,2026-09-19T03:09:50,Headstrong Stampede (yellow),1,0
55,Levia,2026-09-19T03:09:50,Hellbound Assault (yellow),2,0
55,Levia,2026-09-19T03:09:50,Permanent Interment (yellow),1,0
55,Levia,2026-09-19T03:09:50,Rise to the Challenge (yellow),1,0
55,Levia,2026-09-19T03:09:50,Satiate Bloodthirst (yellow),1,0
55,Levia,2026-09-19T03:09:50,Step through Realms (yellow),1,0
55,Levia,2026-09-19T03:09:50,Abyssal Force (blue),2,0
55,Levia,2026-09-19T03:09:50,Abyssal Rush (blue),1,0
55,Levia,2026-09-19T03:09:50,Breach Flesh (blue),1,0
55,Levia,2026-09-19T03:09:50,Consuming Command (blue),3,0
55,Levia,2026-09-19T03:09:50,Feasting Shadowbeast (blue),1,0
55,Levia,2026-09-19T03:09:50,Goremass Summoning (blue),2,0
55,Levia,2026-09-19T03:09:50,Gorging Shadowbeast (blue),2,0
55,Levia,2026-09-19T03:09:50,Hellbound Assault (blue),1,0
55,Levia,2026-09-19T03:09:50,Dark Arcanite Helm,1,1
55,Levia,2026-09-19T03:09:50,Grille of Repentance,1,1
55,Levia,2026-09-19T03:09:50,Path of Repentance,2,1
56,"Viserai, Between Worlds",2026-09-19T11:20:28,Bloodsong Gloomblade (red),1,0
56,"Viserai, Between Worlds",2026-09-19T11:20:28,Demonbound Gloomblade (red),2,0
56,"Viserai, Between Worlds",2026-09-19T11:20:28,Enshrine Sin (red),1,0
56,"Viserai, Between Worlds",2026-09-19T11:20:28,Ghostly Visit (red),1,0
56,"Viserai, Between Worlds",2026-09-19T11:20:28,Otherworldly Sins (red),1,0
56,"Viserai, Between Worlds",2026-09-19T11:20:28,Rumbling of i'Arathael (red),1,0
56,"Viserai, Between Worlds",2026-09-19T11:20:28,Shadowrealm Ripper (red),2,0
56,"Viserai, Between Worlds",2026-09-19T11:20:28,Void Wraith (red),1,0
56,"Viserai, Between Worlds",2026-09-19T11:20:28,Whispers Within (red),1,0
56,"Viserai, Between Worlds",2026-09-19T11:20:28,Countdown to Extinction (yellow),1,0
56,"Viserai, Between Worlds",2026-09-19T11:20:28,Darkest Hour (yellow),1,0
56,"Viserai, Between Worlds",2026-09-19T11:20:28,Embrace Ursur (yellow),1,0
56,"Viserai, Between Worlds",2026-09-19T11:20:28,Enshrine Sin (yellow),2,0
56,"Viserai, Between Worlds",2026-09-19T11:20:28,Murmuring Gloomblade (yellow),1,0
56,"Viserai, Between Worlds",2026-09-19T11:20:28,Otherworldly Sins (yellow),1,0
56,"Viserai, Between Worlds",2026-09-19T11:20:28,Permanent Interment (yellow),1,0
56,"Viserai, Between Worlds",2026-09-19T11:20:28,Runechant of Gluttony (yellow),1,0
56,"Viserai, Between Worlds",2026-09-19T11:20:28,Runechant of Pride (yellow),1,0
56,"Viserai, Between Worlds",2026-09-19T11:20:28,Runechant of Wrath (yellow),1,0
56,"Viserai, Between Worlds",2026-09-19T11:20:28,Shadowake Gloomblade (yellow),1,0
56,"Viserai, Between Worlds",2026-09-19T11:20:28,Shadowrealm Walker (yellow),1,0
56,"Viserai, Between Worlds",2026-09-19T11:20:28,Vexing Gloomblade (yellow),1,0
56,"Viserai, Between Worlds",2026-09-19T11:20:28,Bloodfrenzy Gloomblade (blue),2,0
56,"Viserai, Between Worlds",2026-09-19T11:20:28,Demonbound Gloomblade (blue),1,0
56,"Viserai, Between Worlds",2026-09-19T11:20:28,Enshrine Sin (blue),1,0
56,"Viserai, Between Worlds",2026-09-19T11:20:28,Murmuring Gloomblade (blue),3,0
56,"Viserai, Between Worlds",2026-09-19T11:20:28,Shadowake Gloomblade (blue),1,0
56,"Viserai, Between Worlds",2026-09-19T11:20:28,Dark Arcanite Boots,1,1
56,"Viserai, Between Worlds",2026-09-19T11:20:28,Dark Arcanite Plating,1,1
57,Levia,2026-09-19T13:56:26,Battle Prep (red),1,0
57,Levia,2026-09-19T13:56:26,Beckoning Hunger (red),1,0
57,Levia,2026-09-19T13:56:26,Cleave the Heavens (red),1,0
57,Levia,2026-09-19T13:56:26,Devouring Doomwake (red),1,0
57,Levia,2026-09-19T13:56:26,Headstrong Stampede (red),1,0
57,Levia,2026-09-19T13:56:26,Hellbound Assault (red),1,0
57,Levia,2026-09-19T13:56:26,Pull from Beyond (red),1,0
57,Levia,2026-09-19T13:56:26,Rocktop Bellow (red),1,0
57,Levia,2026-09-19T13:56:26,Satiate Bloodthirst (red),1,0
57,Levia,2026-09-19T13:56:26,Shadowrealm Bloodhound (red),1,0
57,Levia,2026-09-19T13:56:26,Shadowrealm Harvester (red),1,0
57,Levia,2026-09-19T13:56:26,Cleave the Heavens (yellow),1,0
57,Levia,2026-09-19T13:56:26,Consuming Appetite (yellow),1,0
57,Levia,2026-09-19T13:56:26,Darkest Hour (yellow),1,0
57,Levia,2026-09-19T13:56:26,Feeding Frenzy (yellow),1,0
57,Levia,2026-09-19T13:56:26,Pull from Beyond (yellow),2,0
57,Levia,2026-09-19T13:56:26,Rumbling Hunger (yellow),1,0
57,Levia,2026-09-19T13:56:26,Satiate Bloodthirst (yellow),2,0
57,Levia,2026-09-19T13:56:26,Shadowrealm Walker (yellow),1,0
57,Levia,2026-09-19T13:56:26,Battle Clearing Bellow (blue),1,0
57,Levia,2026-09-19T13:56:26,Beckoning Hunger (blue),1,0
57,Levia,2026-09-19T13:56:26,Cleave the Heavens (blue),1,0
57,Levia,2026-09-19T13:56:26,Feasting Shadowbeast (blue),2,0
57,Levia,2026-09-19T13:56:26,Feeding Frenzy (blue),1,0
57,Levia,2026-09-19T13:56:26,Peak Power (blue),1,0
57,Levia,2026-09-19T13:56:26,Pull from Beyond (blue),1,0
57,Levia,2026-09-19T13:56:26,Rites of Nightfall (blue),1,0
57,Levia,2026-09-19T13:56:26,Shadowrealm Ripper (blue),2,0
57,Levia,2026-09-19T13:56:26,Step through Realms (blue),1,0
57,Levia,2026-09-19T13:56:26,Blood Harvest,1,0
57,Levia,2026-09-19T13:56:26,Dark Arcanite Boots,1,1
57,Levia,2026-09-19T13:56:26,Grille of Repentance,1,1
57,Levia,2026-09-19T13:56:26,Robe of Repentance,1,1
58,"Viserai, Between Worlds",2026-09-19T14:53:49,Bloodfrenzy Gloomblade (red),1,0
58,"Viserai, Between Worlds",2026-09-19T14:53:49,Bloodsong Gloomblade (red),1,0
58,"Viserai, Between Worlds",2026-09-19T14:53:49,Dam the Shadowake (red),1,0
58,"Viserai, Between Worlds",2026-09-19T14:53:49,Darkest Hour (red),1,0
58,"Viserai, Between Worlds",2026-09-19T14:53:49,Demonbound Gloomblade (red),1,0
58,"Viserai, Between Worlds",2026-09-19T14:53:49,Enshrine Sin (red),2,0
58,"Viserai, Between Worlds",2026-09-19T14:53:49,Exorcism (red),1,0
58,"Viserai, Between Worlds",2026-09-19T14:53:49,Murmur of i'Arathael (red),1,0
58,"Viserai, Between Worlds",2026-09-19T14:53:49,Murmuring Gloomblade (red),2,0
58,"Viserai, Between Worlds",2026-09-19T14:53:49,Void Wraith (red),1,0
58,"Viserai, Between Worlds",2026-09-19T14:53:49,Demonbound Gloomblade (yellow),1,0
58,"Viserai, Between Worlds",2026-09-19T14:53:49,Embrace Ursur (yellow),1,0
58,"Viserai, Between Worlds",2026-09-19T14:53:49,Forbidden Harvest (yellow),1,0
58,"Viserai, Between Worlds",2026-09-19T14:53:49,Murmuring Gloomblade (yellow),1,0
58,"Viserai, Between Worlds",2026-09-19T14:53:49,Otherworldly Sins (yellow),2,0
58,"Viserai, Between Worlds",2026-09-19T14:53:49,Runechant of Envy (yellow),1,0
58,"Viserai, Between Worlds",2026-09-19T14:53:49,Runechant of Gluttony (yellow),1,0
58,"Viserai, Between Worlds",2026-09-19T14:53:49,Runechant of Greed (yellow),1,0
58,"Viserai, Between Worlds",2026-09-19T14:53:49,Runechant of Lust (yellow),1,0
58,"Viserai, Between Worlds",2026-09-19T14:53:49,Shadowrealm Bloodhound (yellow),1,0
58,"Viserai, Between Worlds",2026-09-19T14:53:49,Shadowrealm Reaper (yellow),1,0
58,"Viserai, Between Worlds",2026-09-19T14:53:49,Abyssal Force (blue),1,0
58,"Viserai, Between Worlds",2026-09-19T14:53:49,Arknight Descendancy (blue),2,0
58,"Viserai, Between Worlds",2026-09-19T14:53:49,Bloodfrenzy Gloomblade (blue),1,0
58,"Viserai, Between Worlds",2026-09-19T14:53:49,Breach Flesh (blue),1,0
58,"Viserai, Between Worlds",2026-09-19T14:53:49,Embrace Ursur (blue),1,0
58,"Viserai, Between Worlds",2026-09-19T14:53:49,Otherworldly Sins (blue),2,0
58,"Viserai, Between Worlds",2026-09-19T14:53:49,Shadowake Gloomblade (blue),4,0
58,"Viserai, Between Worlds",2026-09-19T14:53:49,Void Wraith (blue),1,0
58,"Viserai, Between Worlds",2026-09-19T14:53:49,Dark Arcanite Boots,1,1
58,"Viserai, Between Worlds",2026-09-19T14:53:49,Dark Arcanite Plating,1,1
58,"Viserai, Between Worlds",2026-09-19T14:53:49,Grille of Repentance,1,1
58,"Viserai, Between Worlds",2026-09-19T14:53:49,Path of Repentance,1,1
59,Malice,2026-09-19T18:25:59,Bonded Burial (red),1,0
59,Malice,2026-09-19T18:25:59,Bone Mass (red),2,0
59,Malice,2026-09-19T18:25:59,Breach Flesh (red),1,0
59,Malice,2026-09-19T18:25:59,Commit to Corruption (red),1,0
59,Malice,2026-09-19T18:25:59,Corrupt and Conquer (red),1,0
59,Malice,2026-09-19T18:25:59,Darkest Hour (red),1,0
59,Malice,2026-09-19T18:25:59,Malignant Migration (red),2,0
59,Malice,2026-09-19T18:25:59,Restless Corporal (red),1,0
59,Malice,2026-09-19T18:25:59,Restless Magister (red),1,0
59,Malice,2026-09-19T18:25:59,Restless Outlaw (red),2,0
59,Malice,2026-09-19T18:25:59,Restless Quartermaster (red),1,0
59,Malice,2026-09-19T18:25:59,Restless Shieldmaiden (red),1,0
59,Malice,2026-09-19T18:25:59,Shadowrealm Strength (red),1,0
59,Malice,2026-09-19T18:25:59,Shadowrealm Walker (red),1,0
59,Malice,2026-09-19T18:25:59,Step through Realms (red),1,0
59,Malice,2026-09-19T18:25:59,Acrid Stench (yellow),1,0
59,Malice,2026-09-19T18:25:59,Breach Flesh (yellow),1,0
59,Malice,2026-09-19T18:25:59,Corporeal Chasm (yellow),1,0
59,Malice,2026-09-19T18:25:59,Malignant Migration (yellow),1,0
59,Malice,2026-09-19T18:25:59,Void Wraith (yellow),2,0
59,Malice,2026-09-19T18:25:59,Acrid Stench (blue),2,0
59,Malice,2026-09-19T18:25:59,Bonded Burial (blue),1,0
59,Malice,2026-09-19T18:25:59,Corporeal Chasm (blue),2,0
59,Malice,2026-09-19T18:25:59,Permanent Interment (blue),1,0
59,Malice,2026-09-19T18:25:59,Seek Horizon (blue),1,0
59,Malice,2026-09-19T18:25:59,Shadowrealm Ripper (blue),1,0
59,Malice,2026-09-19T18:25:59,Shadowrealm Solace (blue),1,0
59,Malice,2026-09-19T18:25:59,Shadowrealm Walker (blue),1,0
59,Malice,2026-09-19T18:25:59,Step through Realms (blue),2,0
59,Malice,2026-09-19T18:25:59,Void Wraith (blue),1,0
59,Malice,2026-09-19T18:25:59,Dark Arcanite Plating,1,1
59,Malice,2026-09-19T18:25:59,Grille of Repentance,1,1
60,Malice,2026-09-19T21:06:50,Corpse Cover (red),1,0
60,Malice,2026-09-19T21:06:50,Dam the Shadowake (red),2,0
60,Malice,2026-09-19T21:06:50,Ominous Toll (red),1,0
60,Malice,2026-09-19T21:06:50,Permanent Interment (red),2,0
60,Malice,2026-09-19T21:06:50,Restless Corporal (red),1,0
60,Malice,2026-09-19T21:06:50,Restless Plowman (red),1,0
60,Malice,2026-09-19T21:06:50,Restless Steed (red),1,0
60,Malice,2026-09-19T21:06:50,Shadowrealm Harvester (red),1,0
60,Malice,2026-09-19T21:06:50,Shadowrealm Ripper (red),1,0
60,Malice,2026-09-19T21:06:50,Step through Realms (red),2,0
60,Malice,2026-09-19T21:06:50,Tome of Necrosis (red),1,0
60,Malice,2026-09-19T21:06:50,Void Wraith (red),1,0
60,Malice,2026-09-19T21:06:50,Darkest Hour (yellow),2,0
60,Malice,2026-09-19T21:06:50,Ominous Toll (yellow),2,0
60,Malice,2026-09-19T21:06:50,Pull from Beyond (yellow),1,0
60,Malice,2026-09-19T21:06:50,Rally the Shadow Horde (yellow),1,0
60,Malice,2026-09-19T21:06:50,Shadowrealm Reaper (yellow),1,0
60,Malice,2026-09-19T21:06:50,Shadowrealm Walker (yellow),1,0
60,Malice,2026-09-19T21:06:50,Whispers Within (yellow),1,0
60,Malice,2026-09-19T21:06:50,Battle Prep (blue),1,0
60,Malice,2026-09-19T21:06:50,Corporeal Chasm (blue),2,0
60,Malice,2026-09-19T21:06:50,Ghostly Visit (blue),1,0
60,Malice,2026-09-19T21:06:50,Permanent Interment (blue),2,0
60,Malice,2026-09-19T21:06:50,Rally the Shadow Horde (blue),1,0
60,Malice,2026-09-19T21:06:50,Shadowrealm Bloodhound (blue),2,0
60,Malice,2026-09-19T21:06:50,Dark Arcanite Gloves,1,1
60,Malice,2026-09-19T21:06:50,Dark Arcanite Plating,1,1
60,Malice,2026-09-19T21:06:50,Grille of Repentance,2,1
60,Malice,2026-09-19T21:06:50,Path of Repentance,1,1
61,"Viserai, Between Worlds",2026-09-19T22:26:23,Cullingsong Gloomblade (red),1,0
61,"Viserai, Between Worlds",2026-09-19T22:26:23,Demonbound Gloomblade (red),1,0
61,"Viserai, Between Worlds",2026-09-19T22:26:23,Embrace Ursur (red),3,0
61,"Viserai, Between Worlds",2026-09-19T22:26:23,Murmuring Gloomblade (red),2,0
61,"Viserai, Between Worlds",2026-09-19T22:26:23,Otherworldly Sins (red),2,0
61,"Viserai, Between Worlds",2026-09-19T22:26:23,Plundersong Gloomblade (red),1,0
61,"Viserai, Between Worlds",2026-09-19T22:26:23,Seek Horizon (red),1,0
61,"Viserai, Between Worlds",2026-09-19T22:26:23,Shadowake Gloomblade (red),1,0
61,"Viserai, Between Worlds",2026-09-19T22:26:23,Sinspeaker Gloomblade (red),1,0
61,"Viserai, Between Worlds",2026-09-19T22:26:23,Void Wraith (red),1,0
61,"Viserai, Between Worlds",2026-09-19T22:26:23,Bloodfrenzy Gloomblade (yellow),1,0
61,"Viserai, Between Worlds",2026-09-19T22:26:23,Demonbound Gloomblade (yellow),2,0
61,"Viserai, Between Worlds",2026-09-19T22:26:23,Enshrine Sin (yellow),1,0
61,"Viserai, Between Worlds",2026-09-19T22:26:23,Permanent Interment (yellow),1,0
61,"Viserai, Between Worlds",2026-09-19T22:26:23,Runechant of Envy (yellow),1,0
61,"Viserai, Between Worlds",2026-09-19T22:26:23,Runechant of Gluttony (yellow),2,0
61,"Viserai, Between Worlds",2026-09-19T22:26:23,Runechant of Lust (yellow),1,0
61,"Viserai, Between Worlds",2026-09-19T22:26:23,Shadowake Gloomblade (yellow),1,0
61,"Viserai, Between Worlds",2026-09-19T22:26:23,Shadowrealm Bloodhound (yellow),1,0
61,"Viserai, Between Worlds",2026-09-19T22:26:23,Step through Realms (yellow),1,0
61,"Viserai, Between Worlds",2026-09-19T22:26:23,Corporeal Chasm (blue),1,0
61,"Viserai, Between Worlds",2026-09-19T22:26:23,Dam the Shadowake (blue),1,0
61,"Viserai, Between Worlds",2026-09-19T22:26:23,Embrace Ursur (blue),2,0
61,"Viserai, Between Worlds",2026-09-19T22:26:23,Murmuring Gloomblade (blue),1,0
61,"Viserai, Between Worlds",2026-09-19T22:26:23,Otherworldly Sins (blue),1,0
61,"Viserai, Between Worlds",2026-09-19T22:26:23,Permanent Interment (blue),1,0
61,"Viserai, Between Worlds",2026-09-19T22:26:23,Runic Disposition (blue),1,0
61,"Viserai, Between Worlds",2026-09-19T22:26:23,Runic Reaving (blue),1,0
61,"Viserai, Between Worlds",2026-09-19T22:26:23,Void Wraith (blue),1,0
61,"Viserai, Between Worlds",2026-09-19T22:26:23,Dark Arcanite Boots,1,1
61,"Viserai, Between Worlds",2026-09-19T22:26:23,Dark Arcanite Plating,1,1
62,Malice,2026-09-19T22:41:23,Acrid Stench (red),1,0
62,Malice,2026-09-19T22:41:23,Bonded Burial (red),1,0
62,Malice,2026-09-19T22:41:23,Commit to Corruption (red),1,0
62,Malice,2026-09-19T22:41:23,Corporeal Chasm (red),1,0
62,Malice,2026-09-19T22:41:23,Darkest Hour (red),2,0
62,Malice,2026-09-19T22:41:23,Restless Cleric (red),1,0
62,Malice,2026-09-19T22:41:23,Restless Outlaw (red),1,0
62,Malice,2026-09-19T22:41:23,Restless Plowman (red),1,0
62,Malice,2026-09-19T22:41:23,Shadowrealm Walker (red),2,0
62,Malice,2026-09-19T22:41:23,Tribute to Greater Power (red),1,0
62,Malice,2026-09-19T22:41:23,Whispers Within (red),1,0
62,Malice,2026-09-19T22:41:23,Acrid Stench (yellow),1,0
62,Malice,2026-09-19T22:41:23,Bonded Burial (yellow),1,0
62,Malice,2026-09-19T22:41:23,Breach Flesh (yellow),1,0
62,Malice,2026-09-19T22:41:23,Dam the Shadowake (yellow),1,0
62,Malice,2026-09-19T22:41:23,Malignant Migration (yellow),1,0
62,Malice,2026-09-19T22:41:23,Ominous Toll (yellow),2,0
62,Malice,2026-09-19T22:41:23,Shadowrealm Ripper (yellow),1,0
62,Malice,2026-09-19T22:41:23,Shadowrealm Swiftness (yellow),1,0
62,Malice,2026-09-19T22:41:23,Shadowrealm Walker (yellow),2,0
62,Malice,2026-09-19T22:41:23,Whispers Within (yellow),1,0
62,Malice,2026-09-19T22:41:23,Abyssal Bite (blue),1,0
62,Malice,2026-09-19T22:41:23,Breach Flesh (blue),1,0
62,Malice,2026-09-19T22:41:23,Darkest Hour (blue),1,0
62,Malice,2026-09-19T22:41:23,Malignant Migration (blue),1,0
62,Malice,2026-09-19T22:41:23,Permanent Interment (blue),1,0
62,Malice,2026-09-19T22:41:23,Pull from Beyond (blue),1,0
62,Malice,2026-09-19T22:41:23,Rally the Shadow Horde (blue),1,0
62,Malice,2026-09-19T22:41:23,Shadowrealm Ripper (blue),1,0
62,Malice,2026-09-19T22:41:23,Shadowrealm Solace (blue),2,0
62,Malice,2026-09-19T22:41:23,Void Wraith (blue),1,0
62,Malice,2026-09-19T22:41:23,Dark Arcanite Boots,1,1
62,Malice,2026-09-19T22:41:23,Dark Arcanite Gloves,1,1
62,Malice,2026-09-19T22:41:23,Dark Arcanite Plating,1,1
62,Malice,2026-09-19T22:41:23,Grille of Repentance,1,1
63,"Viserai, Between Worlds",2026-09-20T03:52:45,Demonbound Gloomblade (red),2,0
63,"Viserai, Between Worlds",2026-09-20T03:52:45,Murmuring Gloomblade (red),1,0
63,"Viserai, Between Worlds",2026-09-20T03:52:45,Permanent Interment (red),1,0
63,"Viserai, Between Worlds",2026-09-20T03:52:45,Runic Disposition (red),1,0
63,"Viserai, Between Worlds",2026-09-20T03:52:45,Seek Horizon (red),1,0
63,"Viserai, Between Worlds",2026-09-20T03:52:45,Shadowake Gloomblade (red),2,0
63,"Viserai, Between Worlds",2026-09-20T03:52:45,Shadowrealm Bloodhound (red),1,0
63,"Viserai, Between Worlds",2026-09-20T03:52:45,Shadowrealm Ripper (red),1,0
63,"Viserai, Between Worlds",2026-09-20T03:52:45,Vexing Gloomblade (red),2,0
63,"Viserai, Between Worlds",2026-09-20T03:52:45,Bloodfrenzy Gloomblade (yellow),2,0
63,"Viserai, Between Worlds",2026-09-20T03:52:45,Demonbound Gloomblade (yellow),4,0
63,"Viserai, Between Worlds",2026-09-20T03:52:45,Murmuring Gloomblade (yellow),2,0
63,"Viserai, Between Worlds",2026-09-20T03:52:45,Pull from Beyond (yellow),1,0
63,"Viserai, Between Worlds",2026-09-20T03:52:45,Runechant of Lust (yellow),2,0
63,"Viserai, Between Worlds",2026-09-20T03:52:45,Become the Shadow Lord (blue),1,0
63,"Viserai, Between Worlds",2026-09-20T03:52:45,Demonbound Gloomblade (blue),1,0
63,"Viserai, Between Worlds",2026-09-20T03:52:45,Enshrine Sin (blue),1,0
63,"Viserai, Between Worlds",2026-09-20T03:52:45,Murmuring Gloomblade (blue),4,0
63,"Viserai, Between Worlds",2026-09-20T03:52:45,Otherworldly Sins (blue),2,0
63,"Viserai, Between Worlds",2026-09-20T03:52:45,Runic Reaving (blue),1,0
63,"Viserai, Between Worlds",2026-09-20T03:52:45,Step through Realms (blue),1,0
63,"Viserai, Between Worlds",2026-09-20T03:52:45,Void Wraith (blue),2,0
63,"Viserai, Between Worlds",2026-09-20T03:52:45,Dark Arcanite Gloves,1,1
63,"Viserai, Between Worlds",2026-09-20T03:52:45,Dark Arcanite Helm,1,1
63,"Viserai, Between Worlds",2026-09-20T03:52:45,Dark Arcanite Plating,1,1
64,"Viserai, Between Worlds",2026-09-20T04:29:10,Bloodfrenzy Gloomblade (red),1,0
64,"Viserai, Between Worlds",2026-09-20T04:29:10,Breach Flesh (red),1,0
64,"Viserai, Between Worlds",2026-09-20T04:29:10,Demonbound Gloomblade (red),1,0
64,"Viserai, Between Worlds",2026-09-20T04:29:10,Enshrine Sin (red),1,0
64,"Viserai, Between Worlds",2026-09-20T04:29:10,Ghostly Visit (red),1,0
64,"Viserai, Between Worlds",2026-09-20T04:29:10,Murmuring Gloomblade (red),1,0
64,"Viserai, Between Worlds",2026-09-20T04:29:10,Otherworldly Sins (red),3,0
64,"Viserai, Between Worlds",2026-09-20T04:29:10,Pull from Beyond (red),1,0
64,"Viserai, Between Worlds",2026-09-20T04:29:10,Runic Reaving (red),1,0
64,"Viserai, Between Worlds",2026-09-20T04:29:10,Vexing Gloomblade (red),1,0
64,"Viserai, Between Worlds",2026-09-20T04:29:10,Battle Prep (yellow),1,0
64,"Viserai, Between Worlds",2026-09-20T04:29:10,Corporeal Chasm (yellow),1,0
64,"Viserai, Between Worlds",2026-09-20T04:29:10,Countdown to Extinction (yellow),1,0
64,"Viserai, Between Worlds",2026-09-20T04:29:10,Ghostly Visit (yellow),1,0
64,"Viserai, Between Worlds",2026-09-20T04:29:10,Murmuring Gloomblade (yellow),1,0
64,"Viserai, Between Worlds",2026-09-20T04:29:10,Pull from Beyond (yellow),1,0
64,"Viserai, Between Worlds",2026-09-20T04:29:10,Runechant of Envy (yellow),1,0
64,"Viserai, Between Worlds",2026-09-20T04:29:10,Runechant of Lust (yellow),2,0
64,"Viserai, Between Worlds",2026-09-20T04:29:10,Runechant of Wrath (yellow),2,0
64,"Viserai, Between Worlds",2026-09-20T04:29:10,Runic Reaving (yellow),2,0
64,"Viserai, Between Worlds",2026-09-20T04:29:10,Shadowrealm Bloodhound (yellow),1,0
64,"Viserai, Between Worlds",2026-09-20T04:29:10,Void Wraith (yellow),1,0
64,"Viserai, Between Worlds",2026-09-20T04:29:10,Abyssal Bite (blue),1,0
64,"Viserai, Between Worlds",2026-09-20T04:29:10,Embrace Ursur (blue),1,0
64,"Viserai, Between Worlds",2026-09-20T04:29:10,Ghostly Visit (blue),2,0
64,"Viserai, Between Worlds",2026-09-20T04:29:10,Murmuring Gloomblade (blue),1,0
64,"Viserai, Between Worlds",2026-09-20T04:29:10,Otherworldly Sins (blue),1,0
64,"Viserai, Between Worlds",2026-09-20T04:29:10,Whispers Within (blue),1,0
64,"Viserai, Between Worlds",2026-09-20T04:29:10,Dark Arcanite Plating,1,1
64,"Viserai, Between Worlds",2026-09-20T04:29:10,Grille of Repentance,1,1
65,Levia,2026-09-20T16:28:47,Cleave the Heavens (red),2,0
65,Levia,2026-09-20T16:28:47,Feasting Shadowbeast (red),2,0
65,Levia,2026-09-20T16:28:47,Feeding Frenzy (red),1,0
65,Levia,2026-09-20T16:28:47,Gorging Shadowbeast (red),1,0
65,Levia,2026-09-20T16:28:47,Rise to the Challenge (red),3,0
65,Levia,2026-09-20T16:28:47,Rocktop Bellow (red),1,0
65,Levia,2026-09-20T16:28:47,Satiate Bloodthirst (red),1,0
65,Levia,2026-09-20T16:28:47,Seek Horizon (red),1,0
65,Levia,2026-09-20T16:28:47,Violent Gusto (red),1,0
65,Levia,2026-09-20T16:28:47,Whispers Within (red),1,0
65,Levia,2026-09-20T16:28:47,Battle Prep (yellow),1,0
65,Levia,2026-09-20T16:28:47,Beckoning Hunger (yellow),1,0
65,Levia,2026-09-20T16:28:47,Cleave the Heavens (yellow),1,0
65,Levia,2026-09-20T16:28:47,Consuming Strength (yellow),1,0
65,Levia,2026-09-20T16:28:47,Dam the Shadowake (yellow),1,0
65,Levia,2026-09-20T16:28:47,Gorging Shadowbeast (yellow),3,0
65,Levia,2026-09-20T16:28:47,Satiate Bloodthirst (yellow),2,0
65,Levia,2026-09-20T16:28:47,Seek Horizon (yellow),1,0
65,Levia,2026-09-20T16:28:47,Shadowrealm Walker (yellow),1,0
65,Levia,2026-09-20T16:28:47,Whispers Within (yellow),1,0
65,Levia,2026-09-20T16:28:47,Dam the Shadowake (blue),1,0
65,Levia,2026-09-20T16:28:47,Feasting Shadowbeast (blue),1,0
65,Levia,2026-09-20T16:28:47,Satiate Bloodthirst (blue),1,0
65,Levia,2026-09-20T16:28:47,Whispers Within (blue),1,0
65,Levia,2026-09-20T16:28:47,Dark Arcanite Gloves,1,1
65,Levia,2026-09-20T16:28:47,Grille of Repentance,1,1
65,Levia,2026-09-20T16:28:47,Path of Repentance,1,1
65,Levia,2026-09-20T16:28:47,Robe of Repentance,1,1
66,Levia,2026-09-20T19:07:56,Beckoning Hunger (red),1,0
66,Levia,2026-09-20T19:07:56,Cleave the Heavens (red),1,0
66,Levia,2026-09-20T19:07:56,Dam the Shadowake (red),1,0
66,Levia,2026-09-20T19:07:56,Darkest Hour (red),1,0
66,Levia,2026-09-20T19:07:56,Feasting Shadowbeast (red),1,0
66,Levia,2026-09-20T19:07:56,Feeding Frenzy (red),2,0
66,Levia,2026-09-20T19:07:56,Gorging Shadowbeast (red),1,0
66,Levia,2026-09-20T19:07:56,Satiate Bloodthirst (red),2,0
66,Levia,2026-09-20T19:07:56,Seek Horizon (red),1,0
66,Levia,2026-09-20T19:07:56,Tribute to Greater Power (red),1,0
66,Levia,2026-09-20T19:07:56,Cleave the Heavens (yellow),1,0
66,Levia,2026-09-20T19:07:56,Corporeal Chasm (yellow),1,0
66,Levia,2026-09-20T19:07:56,Dam the Shadowake (yellow),1,0
66,Levia,2026-09-20T19:07:56,Darkest Hour (yellow),2,0
66,Levia,2026-09-20T19:07:56,Feasting Shadowbeast (yellow),1,0
66,Levia,2026-09-20T19:07:56,Headstrong Stampede (yellow),1,0
66,Levia,2026-09-20T19:07:56,Pull from Beyond (yellow),1,0
66,Levia,2026-09-20T19:07:56,Rumbling Hunger (yellow),2,0
66,Levia,2026-09-20T19:07:56,Step through Realms (yellow),1,0
66,Levia,2026-09-20T19:07:56,Beckoning Hunger (blue),1,0
66,Levia,2026-09-20T19:07:56,Blasmophet's Boon (blue),1,0
66,Levia,2026-09-20T19:07:56,Consuming Command (blue),2,0
66,Levia,2026-09-20T19:07:56,Dam the Shadowake (blue),1,0
66,Levia,2026-09-20T19:07:56,Feeding Frenzy (blue),2,0
66,Levia,2026-09-20T19:07:56,Gorging Shadowbeast (blue),3,0
66,Levia,2026-09-20T19:07:56,Hellbound Assault (blue),1,0
66,Levia,2026-09-20T19:07:56,Permanent Interment (blue),1,0
66,Levia,2026-09-20T19:07:56,Grille of Repentance,1,1
66,Levia,2026-09-20T19:07:56,Path of Repentance,1,1
66,Levia,2026-09-20T19:07:56,Robe of Repentance,1,1
67,"Viserai, Between Worlds",2026-09-20T22:06:10,Bloodfrenzy Gloomblade (red),1,0
67,"Viserai, Between Worlds",2026-09-20T22:06:10,Bloodsong Gloomblade (red),1,0
67,"Viserai, Between Worlds",2026-09-20T22:06:10,Demonbound Gloomblade (red),2,0
67,"Viserai, Between Worlds",2026-09-20T22:06:10,Embrace Ursur (red),1,0
67,"Viserai, Between Worlds",2026-09-20T22:06:10,Enshrine Sin (red),1,0
67,"Viserai, Between Worlds",2026-09-20T22:06:10,Murmuring Gloomblade (red),2,0
67,"Viserai, Between Worlds",2026-09-20T22:06:10,Shadowake Gloomblade (red),2,0
67,"Viserai, Between Worlds",2026-09-20T22:06:10,Tremor of i'Arathael (red),1,0
67,"Viserai, Between Worlds",2026-09-20T22:06:10,Vexing Gloomblade (red),1,0
67,"Viserai, Between Worlds",2026-09-20T22:06:10,Bloodfrenzy Gloomblade (yellow),1,0
67,"Viserai, Between Worlds",2026-09-20T22:06:10,Murmuring Gloomblade (yellow),4,0
67,"Viserai, Between Worlds",2026-09-20T22:06:10,Otherworldly Sins (yellow),1,0
67,"Viserai, Between Worlds",2026-09-20T22:06:10,Runechant of Lust (yellow),2,0
67,"Viserai, Between Worlds",2026-09-20T22:06:10,Runechant of Pride (yellow),1,0
67,"Viserai, Between Worlds",2026-09-20T22:06:10,Runechant of Sloth (yellow),1,0
67,"Viserai, Between Worlds",2026-09-20T22:06:10,Runechant of Wrath (yellow),1,0
67,"Viserai, Between Worlds",2026-09-20T22:06:10,Become the Shadow Lord (blue),1,0
67,"Viserai, Between Worlds",2026-09-20T22:06:10,Bloodfrenzy Gloomblade (blue),2,0
67,"Viserai, Between Worlds",2026-09-20T22:06:10,Demonbound Gloomblade (blue),2,0
67,"Viserai, Between Worlds",2026-09-20T22:06:10,Embrace Ursur (blue),2,0
67,"Viserai, Between Worlds",2026-09-20T22:06:10,Enshrine Sin (blue),2,0
67,"Viserai, Between Worlds",2026-09-20T22:06:10,Ghostly Visit (blue),1,0
67,"Viserai, Between Worlds",2026-09-20T22:06:10,Murmuring Gloomblade (blue),1,0
67,"Viserai, Between Worlds",2026-09-20T22:06:10,Otherworldly Sins (blue),1,0
67,"Viserai, Between Worlds",2026-09-20T22:06:10,Shadowake Gloomblade (blue),1,0
67,"Viserai, Between Worlds",2026-09-20T22:06:10,Vexing Gloomblade (blue),1,0
67,"Viserai, Between Worlds",2026-09-20T22:06:10,Void Wraith (blue),1,0
67,"Viserai, Between Worlds",2026-09-20T22:06:10,Dark Arcanite Boots,1,1
67,"Viserai, Between Worlds",2026-09-20T22:06:10,Dark Arcanite Helm,1,1
67,"Viserai, Between Worlds",2026-09-20T22:06:10,Robe of Repentance,1,1
68,Levia,2026-09-21T00:32:14,Beckoning Hunger (red),2,0
68,Levia,2026-09-21T00:32:14,Devouring Doomwake (red),1,0
68,Levia,2026-09-21T00:32:14,Headstrong Stampede (red),1,0
68,Levia,2026-09-21T00:32:14,Murmur of i'Arathael (red),1,0
68,Levia,2026-09-21T00:32:14,Peak Power (red),1,0
68,Levia,2026-09-21T00:32:14,Permanent Interment (red),1,0
68,Levia,2026-09-21T00:32:14,Rise to the Challenge (red),1,0
68,Levia,2026-09-21T00:32:14,Satiate Bloodthirst (red),1,0
68,Levia,2026-09-21T00:32:14,Shadowrealm Bloodhound (red),1,0
68,Levia,2026-09-21T00:32:14,Cleave the Heavens (yellow),1,0
68,Levia,2026-09-21T00:32:14,Corporeal Chasm (yellow),1,0
68,Levia,2026-09-21T00:32:14,Feeding Frenzy (yellow),3,0
68,Levia,2026-09-21T00:32:14,Gorging Shadowbeast (yellow),1,0
68,Levia,2026-09-21T00:32:14,Headstrong Stampede (yellow),1,0
68,Levia,2026-09-21T00:32:14,Rocktop Bellow (yellow),1,0
68,Levia,2026-09-21T00:32:14,Rumbling Hunger (yellow),1,0
68,Levia,2026-09-21T00:32:14,Seek Horizon (yellow),1,0
68,Levia,2026-09-21T00:32:14,Beckoning Hunger (blue),2,0
68,Levia,2026-09-21T00:32:14,Blasmophet's Boon (blue),1,0
68,Levia,2026-09-21T00:32:14,Cleave the Heavens (blue),1,0
68,Levia,2026-09-21T00:32:14,Consuming Command (blue),1,0
68,Levia,2026-09-21T00:32:14,Feasting Shadowbeast (blue),1,0
68,Levia,2026-09-21T00:32:14,Feeding Frenzy (blue),1,0
68,Levia,2026-09-21T00:32:14,Gorging Shadowbeast (blue),1,0
68,Levia,2026-09-21T00:32:14,Permanent Interment (blue),1,0
68,Levia,2026-09-21T00:32:14,Pull from Beyond (blue),1,0
68,Levia,2026-09-21T00:32:14,Rise to the Challenge (blue),1,0
68,Levia,2026-09-21T00:32:14,Seek Horizon (blue),2,0
68,Levia,2026-09-21T00:32:14,Whispers Within (blue),1,0
68,Levia,2026-09-21T00:32:14,Dark Arcanite Boots,1,1
68,Levia,2026-09-21T00:32:14,Dark Arcanite Gloves,1,1
68,Levia,2026-09-21T00:32:14,Dark Arcanite Helm,1,1
68,Levia,2026-09-21T00:32:14,Grille of Repentance,1,1
68,Levia,2026-09-21T00:32:14,Robe of Repentance,1,1
69,Malice,2026-09-21T02:29:44,Bone Mass (red),2,0
69,Malice,2026-09-21T02:29:44,Corpse Cover (red),2,0
69,Malice,2026-09-21T02:29:44,Malignant Migration (red),2,0
69,Malice,2026-09-21T02:29:44,Mutual Sacrifice (red),2,0
69,Malice,2026-09-21T02:29:44,Ominous Toll (red),1,0
69,Malice,2026-09-21T02:29:44,Restless Cleric (red),2,0
69,Malice,2026-09-21T02:29:44,Restless Plowman (red),1,0
69,Malice,2026-09-21T02:29:44,Restless Shieldmaiden (red),1,0
69,Malice,2026-09-21T02:29:44,Restless Steed (red),1,0
69,Malice,2026-09-21T02:29:44,Seek Horizon (red),1,0
69,Malice,2026-09-21T02:29:44,Shadowrealm Bloodhound (red),1,0
69,Malice,2026-09-21T02:29:44,Shadowrealm Strength (red),1,0
69,Malice,2026-09-21T02:29:44,Void Wraith (red),1,0
69,Malice,2026-09-21T02:29:44,Bone Mass (yellow),1,0
69,Malice,2026-09-21T02:29:44,Malignant Migration (yellow),1,0
69,Malice,2026-09-21T02:29:44,Mutual Sacrifice (yellow),1,0
69,Malice,2026-09-21T02:29:44,Shadowrealm Ripper (yellow),1,0
69,Malice,2026-09-21T02:29:44,Shadowrealm Walker (yellow),1,0
69,Malice,2026-09-21T02:29:44,Step through Realms (yellow),1,0
69,Malice,2026-09-21T02:29:44,Breach Flesh (blue),1,0
69,Malice,2026-09-21T02:29:44,Dam the Shadowake (blue),1,0
69,Malice,2026-09-21T02:29:44,Darkest Hour (blue),1,0
69,Malice,2026-09-21T02:29:44,Dimenxxional Ferryman (blue),1,0
69,Malice,2026-09-21T02:29:44,Ominous Toll (blue),1,0
69,Malice,2026-09-21T02:29:44,Permanent Interment (blue),1,0
69,Malice,2026-09-21T02:29:44,Shadowrealm Ripper (blue),1,0
69,Malice,2026-09-21T02:29:44,Shadowrealm Solace (blue),1,0
69,Malice,2026-09-21T02:29:44,Shadowrealm Walker (blue),1,0
69,Malice,2026-09-21T02:29:44,Dark Arcanite Gloves,1,1
69,Malice,2026-09-21T02:29:44,Path of Repentance,1,1
69,Malice,2026-09-21T02:29:44,Robe of Repentance,1,1
70,"Viserai, Between Worlds",2026-09-21T05:39:19,Bloodfrenzy Gloomblade (red),2,0
70,"Viserai, Between Worlds",2026-09-21T05:39:19,Demonbound Gloomblade (red),2,0
70,"Viserai, Between Worlds",2026-09-21T05:39:19,Enshrine Sin (red),2,0
70,"Viserai, Between Worlds",2026-09-21T05:39:19,Ghostly Visit (red),1,0
70,"Viserai, Between Worlds",2026-09-21T05:39:19,Murmuring Gloomblade (red),2,0
70,"Viserai, Between Worlds",2026-09-21T05:39:19,Permanent Interment (red),1,0
70,"Viserai, Between Worlds",2026-09-21T05:39:19,Seek Horizon (red),1,0
70,"Viserai, Between Worlds",2026-09-21T05:39:19,Shadowrealm Ripper (red),1,0
70,"Viserai, Between Worlds",2026-09-21T05:39:19,Shadowrealm Walker (red),1,0
70,"Viserai, Between Worlds",2026-09-21T05:39:19,Unbound by Shadow (red),1,0
70,"Viserai, Between Worlds",2026-09-21T05:39:19,Void Wraith (red),3,0
70,"Viserai, Between Worlds",2026-09-21T05:39:19,Embrace Ursur (yellow),2,0
70,"Viserai, Between Worlds",2026-09-21T05:39:19,Murmuring Gloomblade (yellow),1,0
70,"Viserai, Between Worlds",2026-09-21T05:39:19,Permanent Interment (yellow),1,0
70,"Viserai, Between Worlds",2026-09-21T05:39:19,Runechant of Envy (yellow),1,0
70,"Viserai, Between Worlds",2026-09-21T05:39:19,Runechant of Gluttony (yellow),1,0
70,"Viserai, Between Worlds",2026-09-21T05:39:19,Runechant of Greed (yellow),1,0
70,"Viserai, Between Worlds",2026-09-21T05:39:19,Runechant of Lust (yellow),2,0
70,"Viserai, Between Worlds",2026-09-21T05:39:19,Runechant of Pride (yellow),1,0
70,"Viserai, Between Worlds",2026-09-21T05:39:19,Void Wraith (yellow),1,0
70,"Viserai, Between Worlds",2026-09-21T05:39:19,Demonbound Gloomblade (blue),1,0
70,"Viserai, Between Worlds",2026-09-21T05:39:19,Embrace Ursur (blue),1,0
70,"Viserai, Between Worlds",2026-09-21T05:39:19,Enshrine Sin (blue),2,0
70,"Viserai, Between Worlds",2026-09-21T05:39:19,Murmuring Gloomblade (blue),1,0
70,"Viserai, Between Worlds",2026-09-21T05:39:19,Shadowake Gloomblade (blue),1,0
70,"Viserai, Between Worlds",2026-09-21T05:39:19,Shadowrealm Walker (blue),1,0
70,"Viserai, Between Worlds",2026-09-21T05:39:19,Whispers Within (blue),1,0
70,"Viserai, Between Worlds",2026-09-21T05:39:19,Dark Arcanite Boots,1,1
70,"Viserai, Between Worlds",2026-09-21T05:39:19,Dark Arcanite Gloves,1,1
70,"Viserai, Between Worlds",2026-09-21T05:39:19,Dark Arcanite Helm,1,1
71,Malice,2026-09-21T06:06:10,Acrid Stench (red),2,0
71,Malice,2026-09-21T06:06:10,Bonded Burial (red),1,0
71,Malice,2026-09-21T06:06:10,Bone Mass (red),1,0
71,Malice,2026-09-21T06:06:10,Breach Flesh (red),2,0
71,Malice,2026-09-21T06:06:10,Dam the Shadowake (red),2,0
71,Malice,2026-09-21T06:06:10,Malignant Migration (red),2,0
71,Malice,2026-09-21T06:06:10,Mutual Sacrifice (red),2,0
71,Malice,2026-09-21T06:06:10,Restless Cleric (red),1,0
71,Malice,2026-09-21T06:06:10,Restless Magister (red),1,0
71,Malice,2026-09-21T06:06:10,Restless Outlaw (red),2,0
71,Malice,2026-09-21T06:06:10,Restless Shieldmaiden (red),1,0
71,Malice,2026-09-21T06:06:10,Restless Steed (red),1,0
71,Malice,2026-09-21T06:06:10,Acrid Stench (yellow),1,0
71,Malice,2026-09-21T06:06:10,Bonded Burial (yellow),1,0
71,Malice,2026-09-21T06:06:10,Commit to Corruption (yellow),1,0
71,Malice,2026-09-21T06:06:10,Corporeal Chasm (yellow),1,0
71,Malice,2026-09-21T06:06:10,Countdown to Extinction (yellow),1,0
71,Malice,2026-09-21T06:06:10,Fallen Herald (yellow),1,0
71,Malice,2026-09-21T06:06:10,Ominous Toll (yellow),2,0
71,Malice,2026-09-21T06:06:10,Shadowrealm Bloodhound (yellow),1,0
71,Malice,2026-09-21T06:06:10,Shadowrealm Reaper (yellow),1,0
71,Malice,2026-09-21T06:06:10,Skeletal Puppetry (yellow),1,0
71,Malice,2026-09-21T06:06:10,Acrid Stench (blue),2,0
71,Malice,2026-09-21T06:06:10,Bone Mass (blue),1,0
71,Malice,2026-09-21T06:06:10,Corpse Cover (blue),1,0
71,Malice,2026-09-21T06:06:10,Malignant Migration (blue),1,0
71,Malice,2026-09-21T06:06:10,Mark of Ushering (blue),1,0
71,Malice,2026-09-21T06:06:10,Ominous Toll (blue),2,0
71,Malice,2026-09-21T06:06:10,Shadowrealm Solace (blue),2,0
71,Malice,2026-09-21T06:06:10,Skeletal Puppetry (blue),1,0
71,Malice,2026-09-21T06:06:10,Dark Arcanite Boots,1,1
71,Malice,2026-09-21T06:06:10,Dark Arcanite Helm,1,1
72,"Viserai, Between Worlds",2026-09-21T09:45:45,Corrupt and Conquer (red),1,0
72,"Viserai, Between Worlds",2026-09-21T09:45:45,Cullingsong Gloomblade (red),1,0
72,"Viserai, Between Worlds",2026-09-21T09:45:45,Demonbound Gloomblade (red),2,0
72,"Viserai, Between Worlds",2026-09-21T09:45:45,Enshrine Sin (red),1,0
72,"Viserai, Between Worlds",2026-09-21T09:45:45,Murmur of i'Arathael (red),1,0
72,"Viserai, Between Worlds",2026-09-21T09:45:45,Plundersong Gloomblade (red),1,0
72,"Viserai, Between Worlds",2026-09-21T09:45:45,Shadowake Gloomblade (red),2,0
72,"Viserai, Between Worlds",2026-09-21T09:45:45,Sinspeaker Gloomblade (red),1,0
72,"Viserai, Between Worlds",2026-09-21T09:45:45,Void Wraith (red),1,0
72,"Viserai, Between Worlds",2026-09-21T09:45:45,Whispers Within (red),1,0
72,"Viserai, Between Worlds",2026-09-21T09:45:45,Demonbound Gloomblade (yellow),1,0
72,"Viserai, Between Worlds",2026-09-21T09:45:45,Embrace Ursur (yellow),2,0
72,"Viserai, Between Worlds",2026-09-21T09:45:45,Enshrine Sin (yellow),1,0
72,"Viserai, Between Worlds",2026-09-21T09:45:45,Forbidden Harvest (yellow),1,0
72,"Viserai, Between Worlds",2026-09-21T09:45:45,Murmuring Gloomblade (yellow),1,0
72,"Viserai, Between Worlds",2026-09-21T09:45:45,Otherworldly Sins (yellow),1,0
72,"Viserai, Between Worlds",2026-09-21T09:45:45,Promise of Power (yellow),1,0
72,"Viserai, Between Worlds",2026-09-21T09:45:45,Runechant of Lust (yellow),1,0
72,"Viserai, Between Worlds",2026-09-21T09:45:45,Runechant of Pride (yellow),1,0
72,"Viserai, Between Worlds",2026-09-21T09:45:45,Runechant of Sloth (yellow),2,0
72,"Viserai, Between Worlds",2026-09-21T09:45:45,Void Wraith (yellow),1,0
72,"Viserai, Between Worlds",2026-09-21T09:45:45,Demonbound Gloomblade (blue),2,0
72,"Viserai, Between Worlds",2026-09-21T09:45:45,Embrace Ursur (blue),2,0
72,"Viserai, Between Worlds",2026-09-21T09:45:45,Ghostly Visit (blue),1,0
72,"Viserai, Between Worlds",2026-09-21T09:45:45,Murmuring Gloomblade (blue),2,0
72,"Viserai, Between Worlds",2026-09-21T09:45:45,Runic Reaving (blue),1,0
72,"Viserai, Between Worlds",2026-09-21T09:45:45,Vexing Gloomblade (blue),1,0
72,"Viserai, Between Worlds",2026-09-21T09:45:45,Dark Arcanite Plating,1,1
72,"Viserai, Between Worlds",2026-09-21T09:45:45,Path of Repentance,1,1
72,"Viserai, Between Worlds",2026-09-21T09:45:45,Robe of Repentance,1,1
73,Levia,2026-09-21T10:49:46,Beckoning Hunger (red),2,0
73,Levia,2026-09-21T10:49:46,Cleave the Heavens (red),1,0
73,Levia,2026-09-21T10:49:46,Feasting Shadowbeast (red),2,0
73,Levia,2026-09-21T10:49:46,Headstrong Stampede (red),2,0
73,Levia,2026-09-21T10:49:46,Peak Power (red),1,0
73,Levia,2026-09-21T10:49:46,Planar Chaos (red),1,0
73,Levia,2026-09-21T10:49:46,Rumbling Hunger (red),1,0
73,Levia,2026-09-21T10:49:46,Satiate Bloodthirst (red),2,0
73,Levia,2026-09-21T10:49:46,Beckoning Hunger (yellow),1,0
73,Levia,2026-09-21T10:49:46,Consuming Strength (yellow),1,0
73,Levia,2026-09-21T10:49:46,Corporeal Chasm (yellow),1,0
73,Levia,2026-09-21T10:49:46,Headstrong Stampede (yellow),2,0
73,Levia,2026-09-21T10:49:46,Peak Power (yellow),2,0
73,Levia,2026-09-21T10:49:46,Abyssal Rush (blue),1,0
73,Levia,2026-09-21T10:49:46,Beckoning Hunger (blue),3,0
73,Levia,2026-09-21T10:49:46,Blasmophet's Boon (blue),1,0
73,Levia,2026-09-21T10:49:46,Corporeal Chasm (blue),1,0
73,Levia,2026-09-21T10:49:46,Feeding Frenzy (blue),1,0
73,Levia,2026-09-21T10:49:46,Goremass Summoning (blue),1,0
73,Levia,2026-09-21T10:49:46,Gorging Shadowbeast (blue),1,0
73,Levia,2026-09-21T10:49:46,Headstrong Stampede (blue),1,0
73,Levia,2026-09-21T10:49:46,Rumbling Hunger (blue),1,0
73,Levia,2026-09-21T10:49:46,Dark Arcanite Plating,1,1
73,Levia,2026-09-21T10:49:46,Grille of Repentance,1,1
73,Levia,2026-09-21T10:49:46,Path of Repentance,1,1
74,Levia,2026-09-21T11:50:41,Beckoning Hunger (red),1,0
74,Levia,2026-09-21T11:50:41,Cleave the Heavens (red),3,0
74,Levia,2026-09-21T11:50:41,Feasting Shadowbeast (red),2,0
74,Levia,2026-09-21T11:50:41,Feeding Frenzy (red),1,0
74,Levia,2026-09-21T11:50:41,Gorging Shadowbeast (red),2,0
74,Levia,2026-09-21T11:50:41,Rally the Shadow Horde (red),1,0
74,Levia,2026-09-21T11:50:41,Satiate Bloodthirst (red),2,0
74,Levia,2026-09-21T11:50:41,Seek Horizon (red),1,0
74,Levia,2026-09-21T11:50:41,Whispers Within (red),1,0
74,Levia,2026-09-21T11:50:41,Beckoning Hunger (yellow),1,0
74,Levia,2026-09-21T11:50:41,Cleave the Heavens (yellow),1,0
74,Levia,2026-09-21T11:50:41,Feasting Shadowbeast (yellow),1,0
74,Levia,2026-09-21T11:50:41,Feeding Frenzy (yellow),1,0
74,Levia,2026-09-21T11:50:41,Ghostly Visit (yellow),1,0
74,Levia,2026-09-21T11:50:41,Headstrong Stampede (yellow),2,0
74,Levia,2026-09-21T11:50:41,Peak Power (yellow),1,0
74,Levia,2026-09-21T11:50:41,Rise to the Challenge (yellow),1,0
74,Levia,2026-09-21T11:50:41,Step through Realms (yellow),1,0
74,Levia,2026-09-21T11:50:41,Whispers Within (yellow),1,0
74,Levia,2026-09-21T11:50:41,Battle Prep (blue),1,0
74,Levia,2026-09-21T11:50:41,Blasmophet's Boon (blue),1,0
74,Levia,2026-09-21T11:50:41,Consuming Command (blue),1,0
74,Levia,2026-09-21T11:50:41,Feasting Shadowbeast (blue),1,0
74,Levia,2026-09-21T11:50:41,Gorging Shadowbeast (blue),1,0
74,Levia,2026-09-21T11:50:41,Rise to the Challenge (blue),3,0
74,Levia,2026-09-21T11:50:41,Rumbling Hunger (blue),1,0
74,Levia,2026-09-21T11:50:41,Seek Horizon (blue),1,0
74,Levia,2026-09-21T11:50:41,Void Wraith (blue),1,0
74,Levia,2026-09-21T11:50:41,Blood Harvest,1,0
74,Levia,2026-09-21T11:50:41,Dark Arcanite Boots,1,1
74,Levia,2026-09-21T11:50:41,Dark Arcanite Helm,1,1
74,Levia,2026-09-21T11:50:41,Dark Arcanite Plating,1,1
74,Levia,2026-09-21T11:50:41,Robe of Repentance,1,1
75,"Viserai, Between Worlds",2026-09-21T12:06:44,Bloodfrenzy Gloomblade (red),1,0
75,"Viserai, Between Worlds",2026-09-21T12:06:44,Cullingsong Gloomblade (red),1,0
75,"Viserai, Between Worlds",2026-09-21T12:06:44,Demonbound Gloomblade (red),1,0
75,"Viserai, Between Worlds",2026-09-21T12:06:44,Enshrine Sin (red),1,0
75,"Viserai, Between Worlds",2026-09-21T12:06:44,Ghostly Visit (red),1,0
75,"Viserai, Between Worlds",2026-09-21T12:06:44,Murmuring Gloomblade (red),2,0
75,"Viserai, Between Worlds",2026-09-21T12:06:44,Shadowrealm Ripper (red),1,0
75,"Viserai, Between Worlds",2026-09-21T12:06:44,Void Wraith (red),2,0
75,"Viserai, Between Worlds",2026-09-21T12:06:44,Bloodfrenzy Gloomblade (yellow),1,0
75,"Viserai, Between Worlds",2026-09-21T12:06:44,Dam the Shadowake (yellow),1,0
75,"Viserai, Between Worlds",2026-09-21T12:06:44,Darkest Hour (yellow),1,0
75,"Viserai, Between Worlds",2026-09-21T12:06:44,Embrace Ursur (yellow),1,0
75,"Viserai, Between Worlds",2026-09-21T12:06:44,Enshrine Sin (yellow),1,0
75,"Viserai, Between Worlds",2026-09-21T12:06:44,Otherworldly Sins (yellow),1,0
75,"Viserai, Between Worlds",2026-09-21T12:06:44,Pull from Beyond (yellow),1,0
75,"Viserai, Between Worlds",2026-09-21T12:06:44,Runechant of Envy (yellow),1,0
75,"Viserai, Between Worlds",2026-09-21T12:06:44,Runechant of Gluttony (yellow),1,0
75,"Viserai, Between Worlds",2026-09-21T12:06:44,Runechant of Lust (yellow),1,0
75,"Viserai, Between Worlds",2026-09-21T12:06:44,Shadowrealm Ripper (yellow),1,0
75,"Viserai, Between Worlds",2026-09-21T12:06:44,Bloodfrenzy Gloomblade (blue),1,0
75,"Viserai, Between Worlds",2026-09-21T12:06:44,Corporeal Chasm (blue),1,0
75,"Viserai, Between Worlds",2026-09-21T12:06:44,Embrace Ursur (blue),1,0
75,"Viserai, Between Worlds",2026-09-21T12:06:44,Murmuring Gloomblade (blue),1,0
75,"Viserai, Between Worlds",2026-09-21T12:06:44,Otherworldly Sins (blue),1,0
75,"Viserai, Between Worlds",2026-09-21T12:06:44,Permanent Interment (blue),1,0
75,"Viserai, Between Worlds",2026-09-21T12:06:44,Runic Disposition (blue),1,0
75,"Viserai, Between Worlds",2026-09-21T12:06:44,Runic Reaving (blue),1,0
75,"Viserai, Between Worlds",2026-09-21T12:06:44,Step through Realms (blue),1,0
75,"Viserai, Between Worlds",2026-09-21T12:06:44,Void Wraith (blue),1,0
75,"Viserai, Between Worlds",2026-09-21T12:06:44,Dark Arcanite Helm,1,1
75,"Viserai, Between Worlds",2026-09-21T12:06:44,Path of Repentance,1,1
75,"Viserai, Between Worlds",2026-09-21T12:06:44,Robe of Repentance,1,1
76,Levia,2026-09-21T15:26:04,Beckoning Hunger (red),4,0
76,Levia,2026-09-21T15:26:04,Cleave the Heavens (red),1,0
76,Levia,2026-09-21T15:26:04,Corporeal Chasm (red),1,0
76,Levia,2026-09-21T15:26:04,Dam the Shadowake (red),1,0
76,Levia,2026-09-21T15:26:04,Feasting Shadowbeast (red),1,0
76,Levia,2026-09-21T15:26:04,Feeding Frenzy (red),2,0
76,Levia,2026-09-21T15:26:04,Gorging Shadowbeast (red),1,0
76,Levia,2026-09-21T15:26:04,Headstrong Stampede (red),1,0
76,Levia,2026-09-21T15:26:04,Hellbound Assault (red),1,0
76,Levia,2026-09-21T15:26:04,Rise to the Challenge (red),1,0
76,Levia,2026-09-21T15:26:04,Seek Horizon (red),2,0
76,Levia,2026-09-21T15:26:04,Step through Realms (red),1,0
76,Levia,2026-09-21T15:26:04,Beckoning Hunger (yellow),1,0
76,Levia,2026-09-21T15:26:04,Consuming Strength (yellow),1,0
76,Levia,2026-09-21T15:26:04,Rise to the Challenge (yellow),2,0
76,Levia,2026-09-21T15:26:04,Rocktop Bellow (yellow),2,0
76,Levia,2026-09-21T15:26:04,Satiate Bloodthirst (yellow),2,0
76,Levia,2026-09-21T15:26:04,Abyssal Force (blue),1,0
76,Levia,2026-09-21T15:26:04,Beckoning Hunger (blue),1,0
76,Levia,2026-09-21T15:26:04,Blasmophet's Boon (blue),1,0
76,Levia,2026-09-21T15:26:04,Consuming Command (blue),1,0
76,Levia,2026-09-21T15:26:04,Corporeal Chasm (blue),1,0
76,Levia,2026-09-21T15:26:04,Feasting Shadowbeast (blue),1,0
76,Levia,2026-09-21T15:26:04,Goremass Summoning (blue),1,0
76,Levia,2026-09-21T15:26:04,Permanent Interment (blue),1,0
76,Levia,2026-09-21T15:26:04,Satiate Bloodthirst (blue),1,0
76,Levia,2026-09-21T15:26:04,Shadowrealm Walker (blue),1,0
76,Levia,2026-09-21T15:26:04,Dark Arcanite Plating,1,1
76,Levia,2026-09-21T15:26:04,Grille of Repentance,1,1
76,Levia,2026-09-21T15:26:04,Path of Repentance,1,1
77,Levia,2026-09-21T16:34:11,Battle Prep (red),1,0
77,Levia,2026-09-21T16:34:11,Beckoning Hunger (red),1,0
77,Levia,2026-09-21T16:34:11,Cleave the Heavens (red),2,0
77,Levia,2026-09-21T16:34:11,Darkest Hour (red),1,0
77,Levia,2026-09-21T16:34:11,Feasting Shadowbeast (red),1,0
77,Levia,2026-09-21T16:34:11,Feeding Frenzy (red),1,0
77,Levia,2026-09-21T16:34:11,Gorging Shadowbeast (red),2,0
77,Levia,2026-09-21T16:34:11,Headstrong Stampede (red),1,0
77,Levia,2026-09-21T16:34:11,Peak Power (red),1,0
77,Levia,2026-09-21T16:34:11,Seek Horizon (red),1,0
77,Levia,2026-09-21T16:34:11,Shadowrealm Harvester (red),1,0
77,Levia,2026-09-21T16:34:11,Whispers Within (red),1,0
77,Levia,2026-09-21T16:34:11,Beckoning Hunger (yellow),1,0
77,Levia,2026-09-21T16:34:11,Consuming Lash (yellow),1,0
77,Levia,2026-09-21T16:34:11,Darkest Hour (yellow),1,0
77,Levia,2026-09-21T16:34:11,Fallen Herald (yellow),1,0
77,Levia,2026-09-21T16:34:11,Feeding Frenzy (yellow),1,0
77,Levia,2026-09-21T16:34:11,Rise to the Challenge (yellow),1,0
77,Levia,2026-09-21T16:34:11,Rocktop Bellow (yellow),1,0
77,Levia,2026-09-21T16:34:11,Satiate Bloodthirst (yellow),2,0
77,Levia,2026-09-21T16:34:11,Seek Horizon (yellow),1,0
77,Levia,2026-09-21T16:34:11,Abyssal Force (blue),1,0
77,Levia,2026-09-21T16:34:11,Beckoning Hunger (blue),2,0
77,Levia,2026-09-21T16:34:11,Cleave the Heavens (blue),1,0
77,Levia,2026-09-21T16:34:11,Consuming Command (blue),2,0
77,Levia,2026-09-21T16:34:11,Goremass Summoning (blue),3,0
77,Levia,2026-09-21T16:34:11,Headstrong Stampede (blue),1,0
77,Levia,2026-09-21T16:34:11,Hellbound Assault (blue),1,0
77,Levia,2026-09-21T16:34:11,Whispers Within (blue),1,0
77,Levia,2026-09-21T16:34:11,Dark Arcanite Plating,1,1
77,Levia,2026-09-21T16:34:11,Grille of Repentance,1,1
77,Levia,2026-09-21T16:34:11,Path of Repentance,1,1
78,Levia,2026-09-21T17:35:43,Beckoning Hunger (red),1,0
78,Levia,2026-09-21T17:35:43,Corporeal Chasm (red),1,0
78,Levia,2026-09-21T17:35:43,Darkest Hour (red),1,0
78,Levia,2026-09-21T17:35:43,Permanent Interment (red),1,0
78,Levia,2026-09-21T17:35:43,Rumbling Hunger (red),1,0
78,Levia,2026-09-21T17:35:43,Shadowrealm Walker (red),2,0
78,Levia,2026-09-21T17:35:43,Step through Realms (red),2,0
78,Levia,2026-09-21T17:35:43,Void Wraith (red),1,0
78,Levia,2026-09-21T17:35:43,Cleave the Heavens (yellow),2,0
78,Levia,2026-09-21T17:35:43,Consuming Lash (yellow),2,0
78,Levia,2026-09-21T17:35:43,Darkest Hour (yellow),1,0
78,Levia,2026-09-21T17:35:43,Hellbound Assault (yellow),2,0
78,Levia,2026-09-21T17:35:43,Satiate Bloodthirst (yellow),1,0
78,Levia,2026-09-21T17:35:43,Abyssal Rush (blue),1,0
78,Levia,2026-09-21T17:35:43,Beckoning Hunger (blue),2,0
78,Levia,2026-09-21T17:35:43,Breach Flesh (blue),1,0
78,Levia,2026-09-21T17:35:43,Cleave the Heavens (blue),1,0
78,Levia,2026-09-21T17:35:43,Corporeal Chasm (blue),1,0
78,Levia,2026-09-21T17:35:43,Ghostly Visit (blue),1,0
78,Levia,2026-09-21T17:35:43,Hellbound Assault (blue),1,0
78,Levia,2026-09-21T17:35:43,Rise to the Challenge (blue),1,0
78,Levia,2026-09-21T17:35:43,Rites of Nightfall (blue),1,0
78,Levia,2026-09-21T17:35:43,Shadowrealm Bloodhound (blue),2,0
78,Levia,2026-09-21T17:35:43,Shadowrealm Harrower (blue),1,0
78,Levia,2026-09-21T17:35:43,Dark Arcanite Gloves,1,1
78,Levia,2026-09-21T17:35:43,Dark Arcanite Helm,1,1
78,Levia,2026-09-21T17:35:43,Dark Arcanite Plating,1,1
79,Levia,2026-09-21T18:06:38,Beckoning Hunger (red),1,0
79,Levia,2026-09-21T18:06:38,Cleave the Heavens (red),1,0
79,Levia,2026-09-21T18:06:38,Corporeal Chasm (red),1,0
79,Levia,2026-09-21T18:06:38,Corrupt and Conquer (red),1,0
79,Levia,2026-09-21T18:06:38,Dam the Shadowake (red),1,0
79,Levia,2026-09-21T18:06:38,Feeding Frenzy (red),2,0
79,Levia,2026-09-21T18:06:38,Headstrong Stampede (red),1,0
79,Levia,2026-09-21T18:06:38,Pull from Beyond (red),1,0
79,Levia,2026-09-21T18:06:38,Rumbling Hunger (red),1,0
79,Levia,2026-09-21T18:06:38,Satiate Bloodthirst (red),3,0
79,Levia,2026-09-21T18:06:38,Shadowrealm Harvester (red),1,0
79,Levia,2026-09-21T18:06:38,Cleave the Heavens (yellow),1,0
79,Levia,2026-09-21T18:06:38,Corporeal Chasm (yellow),1,0
79,Levia,2026-09-21T18:06:38,Feasting Shadowbeast (yellow),1,0
79,Levia,2026-09-21T18:06:38,Gorging Shadowbeast (yellow),1,0
79,Levia,2026-09-21T18:06:38,Permanent Interment (yellow),1,0
79,Levia,2026-09-21T18:06:38,Whispers Within (yellow),1,0
79,Levia,2026-09-21T18:06:38,Abyssal Bite (blue),1,0
79,Levia,2026-09-21T18:06:38,Abyssal Force (blue),1,0
79,Levia,2026-09-21T18:06:38,Battle Clearing Bellow (blue),1,0
79,Levia,2026-09-21T18:06:38,Cleave the Heavens (blue),1,0
79,Levia,2026-09-21T18:06:38,Dam the Shadowake (blue),1,0
79,Levia,2026-09-21T18:06:38,Goremass Summoning (blue),5,0
79,Levia,2026-09-21T18:06:38,Headstrong Stampede (blue),1,0
79,Levia,2026-09-21T18:06:38,Hellbound Assault (blue),1,0
79,Levia,2026-09-21T18:06:38,Whispers Within (blue),1,0
79,Levia,2026-09-21T18:06:38,Blood Harvest,1,0
79,Levia,2026-09-21T18:06:38,Dark Arcanite Gloves,1,1
79,Levia,2026-09-21T18:06:38,Dark Arcanite Plating,1,1
79,Levia,2026-09-21T18:06:38,Path of Repentance,1,1
80,"Viserai, Between Worlds",2026-09-21T21:09:27,Bloodfrenzy Gloomblade (red),1,0
80,"Viserai, Between Worlds",2026-09-21T21:09:27,Bloodsong Gloomblade (red),1,0
80,"Viserai, Between Worlds",2026-09-21T21:09:27,Cullingsong Gloomblade (red),1,0
80,"Viserai, Between Worlds",2026-09-21T21:09:27,Dam the Shadowake (red),1,0
80,"Viserai, Between Worlds",2026-09-21T21:09:27,Embrace Ursur (red),2,0
80,"Viserai, Between Worlds",2026-09-21T21:09:27,Ghostly Visit (red),1,0
80,"Viserai, Between Worlds",2026-09-21T21:09:27,Murmuring Gloomblade (red),2,0
80,"Viserai, Between Worlds",2026-09-21T21:09:27,Runic Disposition (red),2,0
80,"Viserai, Between Worlds",2026-09-21T21:09:27,Runic Reaving (red),1,0
80,"Viserai, Between Worlds",2026-09-21T21:09:27,Shadowrealm Ripper (red),2,0
80,"Viserai, Between Worlds",2026-09-21T21:09:27,Breach Flesh (yellow),1,0
80,"Viserai, Between Worlds",2026-09-21T21:09:27,Demonbound Gloomblade (yellow),1,0
80,"Viserai, Between Worlds",2026-09-21T21:09:27,Embrace Ursur (yellow),1,0
80,"Viserai, Between Worlds",2026-09-21T21:09:27,Murmuring Gloomblade (yellow),3,0
80,"Viserai, Between Worlds",2026-09-21T21:09:27,Otherworldly Sins (yellow),2,0
80,"Viserai, Between Worlds",2026-09-21T21:09:27,Pull from Beyond (yellow),1,0
80,"Viserai, Between Worlds",2026-09-21T21:09:27,Runechant of Lust (yellow),1,0
80,"Viserai, Between Worlds",2026-09-21T21:09:27,Runechant of Pride (yellow),1,0
80,"Viserai, Between Worlds",2026-09-21T21:09:27,Runechant of Sloth (yellow),2,0
80,"Viserai, Between Worlds",2026-09-21T21:09:27,Runechant of Wrath (yellow),1,0
80,"Viserai, Between Worlds",2026-09-21T21:09:27,Whispers Within (yellow),1,0
80,"Viserai, Between Worlds",2026-09-21T21:09:27,Bloodfrenzy Gloomblade (blue),1,0
80,"Viserai, Between Worlds",2026-09-21T21:09:27,Murmuring Gloomblade (blue),1,0
80,"Viserai, Between Worlds",2026-09-21T21:09:27,Permanent Interment (blue),1,0
80,"Viserai, Between Worlds",2026-09-21T21:09:27,Runic Reaving (blue),1,0
80,"Viserai, Between Worlds",2026-09-21T21:09:27,Seek Horizon (blue),1,0
80,"Viserai, Between Worlds",2026-09-21T21:09:27,Shadowake Gloomblade (blue),2,0
80,"Viserai, Between Worlds",2026-09-21T21:09:27,Vexing Gloomblade (blue),1,0
80,"Viserai, Between Worlds",2026-09-21T21:09:27,Whispers Within (blue),2,0
80,"Viserai, Between Worlds",2026-09-21T21:09:27,Dark Arcanite Boots,1,1
81,Levia,2026-09-21T21:11:46,Beckoning Hunger (red),2,0
81,Levia,2026-09-21T21:11:46,Cleave the Heavens (red),2,0
81,Levia,2026-09-21T21:11:46,Corporeal Chasm (red),1,0
81,Levia,2026-09-21T21:11:46,Dam the Shadowake (red),1,0
81,Levia,2026-09-21T21:11:46,Feeding Frenzy (red),1,0
81,Levia,2026-09-21T21:11:46,Gorging Shadowbeast (red),1,0
81,Levia,2026-09-21T21:11:46,Permanent Interment (red),1,0
81,Levia,2026-09-21T21:11:46,Pull from Beyond (red),1,0
81,Levia,2026-09-21T21:11:46,Rise to the Challenge (red),1,0
81,Levia,2026-09-21T21:11:46,Rumbling Hunger (red),1,0
81,Levia,2026-09-21T21:11:46,Shadowrealm Bloodhound (red),1,0
81,Levia,2026-09-21T21:11:46,Whispers Within (red),1,0
81,Levia,2026-09-21T21:11:46,Beckoning Hunger (yellow),1,0
81,Levia,2026-09-21T21:11:46,Consuming Lash (yellow),1,0
81,Levia,2026-09-21T21:11:46,Consuming Strength (yellow),1,0
81,Levia,2026-09-21T21:11:46,Corporeal Chasm (yellow),1,0
81,Levia,2026-09-21T21:11:46,Darkest Hour (yellow),1,0
81,Levia,2026-09-21T21:11:46,Feasting Shadowbeast (yellow),1,0
81,Levia,2026-09-21T21:11:46,Feeding Frenzy (yellow),1,0
81,Levia,2026-09-21T21:11:46,Gorging Shadowbeast (yellow),1,0
81,Levia,2026-09-21T21:11:46,Peak Power (yellow),1,0
81,Levia,2026-09-21T21:11:46,Pull from Beyond (yellow),1,0
81,Levia,2026-09-21T21:11:46,Satiate Bloodthirst (yellow),2,0
81,Levia,2026-09-21T21:11:46,Whispers Within (yellow),2,0
81,Levia,2026-09-21T21:11:46,Beckoning Hunger (blue),1,0
81,Levia,2026-09-21T21:11:46,Consuming Command (blue),1,0
81,Levia,2026-09-21T21:11:46,Feasting Shadowbeast (blue),1,0
81,Levia,2026-09-21T21:11:46,Goremass Summoning (blue),1,0
81,Levia,2026-09-21T21:11:46,Gorging Shadowbeast (blue),1,0
81,Levia,2026-09-21T21:11:46,Headstrong Stampede (blue),1,0
81,Levia,2026-09-21T21:11:46,Permanent Interment (blue),1,0
81,Levia,2026-09-21T21:11:46,Rocktop Bellow (blue),1,0
81,Levia,2026-09-21T21:11:46,Satiate Bloodthirst (blue),1,0
81,Levia,2026-09-21T21:11:46,Seek Horizon (blue),1,0
81,Levia,2026-09-21T21:11:46,Dark Arcanite Boots,1,1
81,Levia,2026-09-21T21:11:46,Dark Arcanite Helm,1,1
81,Levia,2026-09-21T21:11:46,Robe of Repentance,1,1
82,"Viserai, Between Worlds",2026-09-21T21:30:20,Battle Prep (red),1,0
82,"Viserai, Between Worlds",2026-09-21T21:30:20,Corporeal Chasm (red),1,0
82,"Viserai, Between Worlds",2026-09-21T21:30:20,Cullingsong Gloomblade (red),1,0
82,"Viserai, Between Worlds",2026-09-21T21:30:20,Demonbound Gloomblade (red),2,0
82,"Viserai, Between Worlds",2026-09-21T21:30:20,Harbinger of Destruction (red),1,0
82,"Viserai, Between Worlds",2026-09-21T21:30:20,Otherworldly Sins (red),1,0
82,"Viserai, Between Worlds",2026-09-21T21:30:20,Pull from Beyond (red),1,0
82,"Viserai, Between Worlds",2026-09-21T21:30:20,Runic Reaving (red),1,0
82,"Viserai, Between Worlds",2026-09-21T21:30:20,Shadowake Gloomblade (red),1,0
82,"Viserai, Between Worlds",2026-09-21T21:30:20,Shadowrealm Ripper (red),1,0
82,"Viserai, Between Worlds",2026-09-21T21:30:20,Vexing Gloomblade (red),1,0
82,"Viserai, Between Worlds",2026-09-21T21:30:20,Battle Prep (yellow),1,0
82,"Viserai, Between Worlds",2026-09-21T21:30:20,Corporeal Chasm (yellow),1,0
82,"Viserai, Between Worlds",2026-09-21T21:30:20,Dam the Shadowake (yellow),1,0
82,"Viserai, Between Worlds",2026-09-21T21:30:20,Demonbound Gloomblade (yellow),1,0
82,"Viserai, Between Worlds",2026-09-21T21:30:20,Murmuring Gloomblade (yellow),2,0
82,"Viserai, Between Worlds",2026-09-21T21:30:20,Runechant of Gluttony (yellow),1,0
82,"Viserai, Between Worlds",2026-09-21T21:30:20,Runechant of Lust (yellow),2,0
82,"Viserai, Between Worlds",2026-09-21T21:30:20,Runechant of Pride (yellow),1,0
82,"Viserai, Between Worlds",2026-09-21T21:30:20,Runic Reaving (yellow),1,0
82,"Viserai, Between Worlds",2026-09-21T21:30:20,Abyssal Rush (blue),1,0
82,"Viserai, Between Worlds",2026-09-21T21:30:20,Demonbound Gloomblade (blue),3,0
82,"Viserai, Between Worlds",2026-09-21T21:30:20,Embrace Ursur (blue),1,0
82,"Viserai, Between Worlds",2026-09-21T21:30:20,Enshrine Sin (blue),2,0
82,"Viserai, Between Worlds",2026-09-21T21:30:20,Murmuring Gloomblade (blue),1,0
82,"Viserai, Between Worlds",2026-09-21T21:30:20,Otherworldly Sins (blue),1,0
82,"Viserai, Between Worlds",2026-09-21T21:30:20,Rally the Shadow Horde (blue),1,0
82,"Viserai, Between Worlds",2026-09-21T21:30:20,Shadowake Gloomblade (blue),1,0
82,"Viserai, Between Worlds",2026-09-21T21:30:20,Shadowrealm Ripper (blue),1,0
82,"Viserai, Between Worlds",2026-09-21T21:30:20,Dark Arcanite Boots,1,1
82,"Viserai, Between Worlds",2026-09-21T21:30:20,Dark Arcanite Plating,1,1
83,Levia,2026-09-21T21:47:27,Beckoning Hunger (red),3,0
83,Levia,2026-09-21T21:47:27,Cleave the Heavens (red),2,0
83,Levia,2026-09-21T21:47:27,Feasting Shadowbeast (red),2,0
83,Levia,2026-09-21T21:47:27,Feeding Frenzy (red),2,0
83,Levia,2026-09-21T21:47:27,Gorging Shadowbeast (red),2,0
83,Levia,2026-09-21T21:47:27,Headstrong Stampede (red),2,0
83,Levia,2026-09-21T21:47:27,Hellbound Assault (red),1,0
83,Levia,2026-09-21T21:47:27,Rally the Shadow Horde (red),1,0
83,Levia,2026-09-21T21:47:27,Satiate Bloodthirst (red),2,0
83,Levia,2026-09-21T21:47:27,Tribute to Greater Power (red),1,0
83,Levia,2026-09-21T21:47:27,Void Wraith (red),1,0
83,Levia,2026-09-21T21:47:27,Apex Buster (yellow),1,0
83,Levia,2026-09-21T21:47:27,Beckoning Hunger (yellow),3,0
83,Levia,2026-09-21T21:47:27,Consuming Strength (yellow),1,0
83,Levia,2026-09-21T21:47:27,Feasting Shadowbeast (yellow),1,0
83,Levia,2026-09-21T21:47:27,Feeding Frenzy (yellow),1,0
83,Levia,2026-09-21T21:47:27,Hellbound Assault (yellow),1,0
83,Levia,2026-09-21T21:47:27,Satiate Bloodthirst (yellow),1,0
83,Levia,2026-09-21T21:47:27,Whispers Within (yellow),1,0
83,Levia,2026-09-21T21:47:27,Abyssal Force (blue),1,0
83,Levia,2026-09-21T21:47:27,Cleave the Heavens (blue),2,0
83,Levia,2026-09-21T21:47:27,Feeding Frenzy (blue),1,0
83,Levia,2026-09-21T21:47:27,Goremass Summoning (blue),1,0
83,Levia,2026-09-21T21:47:27,Headstrong Stampede (blue),1,0
83,Levia,2026-09-21T21:47:27,Peak Power (blue),1,0
83,Levia,2026-09-21T21:47:27,Satiate Bloodthirst (blue),1,0
83,Levia,2026-09-21T21:47:27,Dark Arcanite Helm,1,1
83,Levia,2026-09-21T21:47:27,Dark Arcanite Plating,1,1
83,Levia,2026-09-21T21:47:27,Path of Repentance,1,1
84,"Viserai, Between Worlds",2026-09-21T22:33:29,Bloodfrenzy Gloomblade (red),4,0
84,"Viserai, Between Worlds",2026-09-21T22:33:29,Corporeal Chasm (red),1,0
84,"Viserai, Between Worlds",2026-09-21T22:33:29,Embrace Ursur (red),3,0
84,"Viserai, Between Worlds",2026-09-21T22:33:29,Ghostly Visit (red),1,0
84,"Viserai, Between Worlds",2026-09-21T22:33:29,Murmuring Gloomblade (red),1,0
84,"Viserai, Between Worlds",2026-09-21T22:33:29,Plundersong Gloomblade (red),1,0
84,"Viserai, Between Worlds",2026-09-21T22:33:29,Shadowrealm Bloodhound (red),1,0
84,"Viserai, Between Worlds",2026-09-21T22:33:29,Shadowrealm Ripper (red),1,0
84,"Viserai, Between Worlds",2026-09-21T22:33:29,Shadowrealm Walker (red),1,0
84,"Viserai, Between Worlds",2026-09-21T22:33:29,Breach Flesh (yellow),1,0
84,"Viserai, Between Worlds",2026-09-21T22:33:29,Corporeal Chasm (yellow),1,0
84,"Viserai, Between Worlds",2026-09-21T22:33:29,Embrace Ursur (yellow),1,0
84,"Viserai, Between Worlds",2026-09-21T22:33:29,Enshrine Sin (yellow),2,0
84,"Viserai, Between Worlds",2026-09-21T22:33:29,Murmuring Gloomblade (yellow),1,0
84,"Viserai, Between Worlds",2026-09-21T22:33:29,Otherworldly Sins (yellow),1,0
84,"Viserai, Between Worlds",2026-09-21T22:33:29,Pull from Beyond (yellow),1,0
84,"Viserai, Between Worlds",2026-09-21T22:33:29,Runechant of Envy (yellow),1,0
84,"Viserai, Between Worlds",2026-09-21T22:33:29,Runechant of Wrath (yellow),1,0
84,"Viserai, Between Worlds",2026-09-21T22:33:29,Runic Disposition (yellow),1,0
84,"Viserai, Between Worlds",2026-09-21T22:33:29,Shadowake Gloomblade (yellow),1,0
84,"Viserai, Between Worlds",2026-09-21T22:33:29,Shadowrealm Bloodhound (yellow),1,0
84,"Viserai, Between Worlds",2026-09-21T22:33:29,Bloodfrenzy Gloomblade (blue),1,0
84,"Viserai, Between Worlds",2026-09-21T22:33:29,Breach Flesh (blue),1,0
84,"Viserai, Between Worlds",2026-09-21T22:33:29,Embrace Ursur (blue),2,0
84,"Viserai, Between Worlds",2026-09-21T22:33:29,Enshrine Sin (blue),1,0
84,"Viserai, Between Worlds",2026-09-21T22:33:29,Murmuring Gloomblade (blue),1,0
84,"Viserai, Between Worlds",2026-09-21T22:33:29,Shadowrealm Harrower (blue),1,0
84,"Viserai, Between Worlds",2026-09-21T22:33:29,Shadowrealm Ripper (blue),1,0
84,"Viserai, Between Worlds",2026-09-21T22:33:29,Shadowrealm Walker (blue),2,0
84,"Viserai, Between Worlds",2026-09-21T22:33:29,Robe of Repentance,1,1
85,Levia,2026-09-21T22:48:23,Beckoning Hunger (red),2,0
85,Levia,2026-09-21T22:48:23,Gorging Shadowbeast (red),1,0
85,Levia,2026-09-21T22:48:23,Rise to the Challenge (red),1,0
85,Levia,2026-09-21T22:48:23,Seek Horizon (red),1,0
85,Levia,2026-09-21T22:48:23,Whispers Within (red),1,0
85,Levia,2026-09-21T22:48:23,Battle Prep (yellow),1,0
85,Levia,2026-09-21T22:48:23,Cleave the Heavens (yellow),2,0
85,Levia,2026-09-21T22:48:23,Corporeal Chasm (yellow),1,0
85,Levia,2026-09-21T22:48:23,Dam the Shadowake (yellow),1,0
85,Levia,2026-09-21T22:48:23,Feasting Shadowbeast (yellow),1,0
85,Levia,2026-09-21T22:48:23,Feeding Frenzy (yellow),2,0
85,Levia,2026-09-21T22:48:23,Headstrong Stampede (yellow),1,0
85,Levia,2026-09-21T22:48:23,Hellbound Assault (yellow),1,0
85,Levia,2026-09-21T22:48:23,Rumbling Hunger (yellow),1,0
85,Levia,2026-09-21T22:48:23,Shadowrealm Bloodhound (yellow),2,0
85,Levia,2026-09-21T22:48:23,Abyssal Force (blue),1,0
85,Levia,2026-09-21T22:48:23,Beckoning Hunger (blue),1,0
85,Levia,2026-09-21T22:48:23,Consuming Command (blue),3,0
85,Levia,2026-09-21T22:48:23,Ghostly Visit (blue),1,0
85,Levia,2026-09-21T22:48:23,Gorging Shadowbeast (blue),1,0
85,Levia,2026-09-21T22:48:23,Pull from Beyond (blue),2,0
85,Levia,2026-09-21T22:48:23,Shadowrealm Harrower (blue),1,0
85,Levia,2026-09-21T22:48:23,Shadowrealm Ripper (blue),1,0
85,Levia,2026-09-21T22:48:23,Dark Arcanite Boots,1,1
85,Levia,2026-09-21T22:48:23,Grille of Repentance,3,1
85,Levia,2026-09-21T22:48:23,Robe of Repentance,1,1
86,"Viserai, Between Worlds",2026-09-22T03:08:46,Bloodfrenzy Gloomblade (red),1,0
86,"Viserai, Between Worlds",2026-09-22T03:08:46,Cullingsong Gloomblade (red),1,0
86,"Viserai, Between Worlds",2026-09-22T03:08:46,Demonbound Gloomblade (red),1,0
86,"Viserai, Between Worlds",2026-09-22T03:08:46,Embrace Ursur (red),1,0
86,"Viserai, Between Worlds",2026-09-22T03:08:46,Enshrine Sin (red),1,0
86,"Viserai, Between Worlds",2026-09-22T03:08:46,Harbinger of Destruction (red),1,0
86,"Viserai, Between Worlds",2026-09-22T03:08:46,Otherworldly Sins (red),1,0
86,"Viserai, Between Worlds",2026-09-22T03:08:46,Permanent Interment (red),1,0
86,"Viserai, Between Worlds",2026-09-22T03:08:46,Whispers Within (red),1,0
86,"Viserai, Between Worlds",2026-09-22T03:08:46,Bloodfrenzy Gloomblade (yellow),1,0
86,"Viserai, Between Worlds",2026-09-22T03:08:46,Corporeal Chasm (yellow),1,0
86,"Viserai, Between Worlds",2026-09-22T03:08:46,Countdown to Extinction (yellow),1,0
86,"Viserai, Between Worlds",2026-09-22T03:08:46,Demonbound Gloomblade (yellow),2,0
86,"Viserai, Between Worlds",2026-09-22T03:08:46,Embrace Ursur (yellow),1,0
86,"Viserai, Between Worlds",2026-09-22T03:08:46,Pull from Beyond (yellow),2,0
86,"Viserai, Between Worlds",2026-09-22T03:08:46,Runechant of Envy (yellow),1,0
86,"Viserai, Between Worlds",2026-09-22T03:08:46,Runechant of Lust (yellow),1,0
86,"Viserai, Between Worlds",2026-09-22T03:08:46,Runechant of Pride (yellow),1,0
86,"Viserai, Between Worlds",2026-09-22T03:08:46,Runechant of Wrath (yellow),1,0
86,"Viserai, Between Worlds",2026-09-22T03:08:46,Shadowrealm Ripper (yellow),2,0
86,"Viserai, Between Worlds",2026-09-22T03:08:46,Abyssal Rush (blue),1,0
86,"Viserai, Between Worlds",2026-09-22T03:08:46,Countdown to Extinction (blue),1,0
86,"Viserai, Between Worlds",2026-09-22T03:08:46,Demonbound Gloomblade (blue),1,0
86,"Viserai, Between Worlds",2026-09-22T03:08:46,Enshrine Sin (blue),1,0
86,"Viserai, Between Worlds",2026-09-22T03:08:46,Permanent Interment (blue),1,0
86,"Viserai, Between Worlds",2026-09-22T03:08:46,Shadowrealm Ripper (blue),1,0
86,"Viserai, Between Worlds",2026-09-22T03:08:46,Shadowrealm Walker (blue),1,0
86,"Viserai, Between Worlds",2026-09-22T03:08:46,Dark Arcanite Helm,1,1
86,"Viserai, Between Worlds",2026-09-22T03:08:46,Dark Arcanite Plating,1,1
87,Malice,2026-09-22T03:22:00,Acrid Stench (red),1,0
87,Malice,2026-09-22T03:22:00,Bonded Burial (red),1,0
87,Malice,2026-09-22T03:22:00,Bone Mass (red),1,0
87,Malice,2026-09-22T03:22:00,Commit to Corruption (red),2,0
87,Malice,2026-09-22T03:22:00,Dam the Shadowake (red),1,0
87,Malice,2026-09-22T03:22:00,Ominous Toll (red),1,0
87,Malice,2026-09-22T03:22:00,Permanent Interment (red),1,0
87,Malice,2026-09-22T03:22:00,Restless Cleric (red),2,0
87,Malice,2026-09-22T03:22:00,Restless Corporal (red),1,0
87,Malice,2026-09-22T03:22:00,Restless Plowman (red),3,0
87,Malice,2026-09-22T03:22:00,Restless Steed (red),2,0
87,Malice,2026-09-22T03:22:00,Shadowrealm Walker (red),1,0
87,Malice,2026-09-22T03:22:00,Acrid Stench (yellow),1,0
87,Malice,2026-09-22T03:22:00,Dam the Shadowake (yellow),1,0
87,Malice,2026-09-22T03:22:00,Darkest Hour (yellow),2,0
87,Malice,2026-09-22T03:22:00,Mutual Sacrifice (yellow),1,0
87,Malice,2026-09-22T03:22:00,Ominous Toll (yellow),2,0
87,Malice,2026-09-22T03:22:00,Shadowrealm Bloodhound (yellow),1,0
87,Malice,2026-09-22T03:22:00,Bonded Burial (blue),1,0
87,Malice,2026-09-22T03:22:00,Breach Flesh (blue),1,0
87,Malice,2026-09-22T03:22:00,Darkest Hour (blue),1,0
87,Malice,2026-09-22T03:22:00,Dimenxxional Ferryman (blue),1,0
87,Malice,2026-09-22T03:22:00,Malignant Migration (blue),1,0
87,Malice,2026-09-22T03:22:00,Mark of Neverest (blue),1,0
87,Malice,2026-09-22T03:22:00,Mutual Sacrifice (blue),1,0
87,Malice,2026-09-22T03:22:00,Permanent Interment (blue),2,0
87,Malice,2026-09-22T03:22:00,Rites of Nightfall (blue),1,0
87,Malice,2026-09-22T03:22:00,Shadowrealm Ripper (blue),1,0
87,Malice,2026-09-22T03:22:00,Shadowrealm Solace (blue),1,0
87,Malice,2026-09-22T03:22:00,Skeletal Puppetry (blue),1,0
87,Malice,2026-09-22T03:22:00,Dark Arcanite Boots,1,1
87,Malice,2026-09-22T03:22:00,Robe of Repentance,1,1
88,Levia,2026-09-22T11:27:51,Cleave the Heavens (red),1,0
88,Levia,2026-09-22T11:27:51,Dam the Shadowake (red),1,0
88,Levia,2026-09-22T11:27:51,Feasting Shadowbeast (red),2,0
88,Levia,2026-09-22T11:27:51,Feeding Frenzy (red),1,0
88,Levia,2026-09-22T11:27:51,Peak Power (red),1,0
88,Levia,2026-09-22T11:27:51,Rise to the Challenge (red),1,0
88,Levia,2026-09-22T11:27:51,Rocktop Bellow (red),1,0
88,Levia,2026-09-22T11:27:51,Rumbling Hunger (red),1,0
88,Levia,2026-09-22T11:27:51,Satiate Bloodthirst (red),1,0
88,Levia,2026-09-22T11:27:51,Seek Horizon (red),1,0
88,Levia,2026-09-22T11:27:51,Shadowrealm Bloodhound (red),2,0
88,Levia,2026-09-22T11:27:51,Unbound by Shadow (red),1,0
88,Levia,2026-09-22T11:27:51,Beckoning Hunger (yellow),3,0
88,Levia,2026-09-22T11:27:51,Dam the Shadowake (yellow),1,0
88,Levia,2026-09-22T11:27:51,Feasting Shadowbeast (yellow),1,0
88,Levia,2026-09-22T11:27:51,Gorging Shadowbeast (yellow),1,0
88,Levia,2026-09-22T11:27:51,Rise to the Challenge (yellow),1,0
88,Levia,2026-09-22T11:27:51,Satiate Bloodthirst (yellow),1,0
88,Levia,2026-09-22T11:27:51,Seek Horizon (yellow),2,0
88,Levia,2026-09-22T11:27:51,Battle Clearing Bellow (blue),1,0
88,Levia,2026-09-22T11:27:51,Beckoning Hunger (blue),2,0
88,Levia,2026-09-22T11:27:51,Blasmophet's Boon (blue),1,0
88,Levia,2026-09-22T11:27:51,Consuming Command (blue),1,0
88,Levia,2026-09-22T11:27:51,Feasting Shadowbeast (blue),2,0
88,Levia,2026-09-22T11:27:51,Goremass Summoning (blue),1,0
88,Levia,2026-09-22T11:27:51,Gorging Shadowbeast (blue),1,0
88,Levia,2026-09-22T11:27:51,Rocktop Bellow (blue),1,0
88,Levia,2026-09-22T11:27:51,Dark Arcanite Gloves,1,1
88,Levia,2026-09-22T11:27:51,Grille of Repentance,1,1
89,Malice,2026-09-22T16:04:37,Acrid Stench (red),2,0
89,Malice,2026-09-22T16:04:37,Bone Mass (red),1,0
89,Malice,2026-09-22T16:04:37,Corpse Cover (red),1,0
89,Malice,2026-09-22T16:04:37,Countdown to Extinction (red),1,0
89,Malice,2026-09-22T16:04:37,Malignant Migration (red),2,0
89,Malice,2026-09-22T16:04:37,Permanent Interment (red),1,0
89,Malice,2026-09-22T16:04:37,Restless Corporal (red),1,0
89,Malice,2026-09-22T16:04:37,Restless Outlaw (red),1,0
89,Malice,2026-09-22T16:04:37,Restless Plowman (red),1,0
89,Malice,2026-09-22T16:04:37,Shadowrealm Bloodhound (red),1,0
89,Malice,2026-09-22T16:04:37,Void Wraith (red),1,0
89,Malice,2026-09-22T16:04:37,Acrid Stench (yellow),1,0
89,Malice,2026-09-22T16:04:37,Breach Flesh (yellow),1,0
89,Malice,2026-09-22T16:04:37,Commit to Corruption (yellow),1,0
89,Malice,2026-09-22T16:04:37,Dam the Shadowake (yellow),1,0
89,Malice,2026-09-22T16:04:37,Ghostly Visit (yellow),1,0
89,Malice,2026-09-22T16:04:37,Permanent Interment (yellow),1,0
89,Malice,2026-09-22T16:04:37,Shadowrealm Bloodhound (yellow),1,0
89,Malice,2026-09-22T16:04:37,Skeletal Puppetry (yellow),1,0
89,Malice,2026-09-22T16:04:37,Abyssal Rush (blue),1,0
89,Malice,2026-09-22T16:04:37,Bone Barrier (blue),1,0
89,Malice,2026-09-22T16:04:37,Bone Mass (blue),2,0
89,Malice,2026-09-22T16:04:37,Ghostly Visit (blue),1,0
89,Malice,2026-09-22T16:04:37,Mark of Ushering (blue),1,0
89,Malice,2026-09-22T16:04:37,Mutual Sacrifice (blue),1,0
89,Malice,2026-09-22T16:04:37,Pull from Beyond (blue),1,0
89,Malice,2026-09-22T16:04:37,Rites of Nightfall (blue),1,0
89,Malice,2026-09-22T16:04:37,Shadowrealm Solace (blue),1,0
89,Malice,2026-09-22T16:04:37,Shadowrealm Walker (blue),1,0
89,Malice,2026-09-22T16:04:37,Dark Arcanite Plating,1,1
89,Malice,2026-09-22T16:04:37,Grille of Repentance,1,1
89,Malice,2026-09-22T16:04:37,Path of Repentance,1,1
90,"Viserai, Between Worlds",2026-09-22T16:06:39,Battle Prep (red),1,0
90,"Viserai, Between Worlds",2026-09-22T16:06:39,Bloodfrenzy Gloomblade (red),1,0
90,"Viserai, Between Worlds",2026-09-22T16:06:39,Darkest Hour (red),1,0
90,"Viserai, Between Worlds",2026-09-22T16:06:39,Demonbound Gloomblade (red),1,0
90,"Viserai, Between Worlds",2026-09-22T16:06:39,Enshrine Sin (red),1,0
90,"Viserai, Between Worlds",2026-09-22T16:06:39,Exorcism (red),1,0
90,"Viserai, Between Worlds",2026-09-22T16:06:39,Ghostly Visit (red),1,0
90,"Viserai, Between Worlds",2026-09-22T16:06:39,Murmuring Gloomblade (red),1,0
90,"Viserai, Between Worlds",2026-09-22T16:06:39,Otherworldly Sins (red),1,0
90,"Viserai, Between Worlds",2026-09-22T16:06:39,Permanent Interment (red),1,0
90,"Viserai, Between Worlds",2026-09-22T16:06:39,Rally the Shadow Horde (red),1,0
90,"Viserai, Between Worlds",2026-09-22T16:06:39,Shadowake Gloomblade (red),1,0
90,"Viserai, Between Worlds",2026-09-22T16:06:39,Shadowrealm Ripper (red),1,0
90,"Viserai, Between Worlds",2026-09-22T16:06:39,Violent Gusto (red),1,0
90,"Viserai, Between Worlds",2026-09-22T16:06:39,Whispers Within (red),1,0
90,"Viserai, Between Worlds",2026-09-22T16:06:39,Breach Flesh (yellow),1,0
90,"Viserai, Between Worlds",2026-09-22T16:06:39,Enshrine Sin (yellow),1,0
90,"Viserai, Between Worlds",2026-09-22T16:06:39,Murmuring Gloomblade (yellow),1,0
90,"Viserai, Between Worlds",2026-09-22T16:06:39,Runechant of Lust (yellow),2,0
90,"Viserai, Between Worlds",2026-09-22T16:06:39,Runechant of Sloth (yellow),2,0
90,"Viserai, Between Worlds",2026-09-22T16:06:39,Runic Reaving (yellow),1,0
90,"Viserai, Between Worlds",2026-09-22T16:06:39,Shadowake Gloomblade (yellow),2,0
90,"Viserai, Between Worlds",2026-09-22T16:06:39,Shadowrealm Bloodhound (yellow),1,0
90,"Viserai, Between Worlds",2026-09-22T16:06:39,Shadowrealm Walker (yellow),1,0
90,"Viserai, Between Worlds",2026-09-22T16:06:39,Abyssal Bite (blue),1,0
90,"Viserai, Between Worlds",2026-09-22T16:06:39,Abyssal Rush (blue),1,0
90,"Viserai, Between Worlds",2026-09-22T16:06:39,Countdown to Extinction (blue),1,0
90,"Viserai, Between Worlds",2026-09-22T16:06:39,Demonbound Gloomblade (blue),2,0
90,"Viserai, Between Worlds",2026-09-22T16:06:39,Pull from Beyond (blue),1,0
90,"Viserai, Between Worlds",2026-09-22T16:06:39,Runic Reaving (blue),1,0
90,"Viserai, Between Worlds",2026-09-22T16:06:39,Shadowake Gloomblade (blue),1,0
90,"Viserai, Between Worlds",2026-09-22T16:06:39,Shadowrealm Ripper (blue),1,0
90,"Viserai, Between Worlds",2026-09-22T16:06:39,Dark Arcanite Boots,1,1
90,"Viserai, Between Worlds",2026-09-22T16:06:39,Dark Arcanite Helm,1,1
90,"Viserai, Between Worlds",2026-09-22T16:06:39,Grille of Repentance,1,1
90,"Viserai, Between Worlds",2026-09-22T16:06:39,Robe of Repentance,1,1
91,Malice,2026-09-22T16:33:43,Bonded Burial (red),1,0
91,Malice,2026-09-22T16:33:43,Commit to Corruption (red),1,0
91,Malice,2026-09-22T16:33:43,Corpse Cover (red),1,0
91,Malice,2026-09-22T16:33:43,Malignant Migration (red),2,0
91,Malice,2026-09-22T16:33:43,Ominous Toll (red),1,0
91,Malice,2026-09-22T16:33:43,Permanent Interment (red),1,0
91,Malice,2026-09-22T16:33:43,Restless Looter (red),1,0
91,Malice,2026-09-22T16:33:43,Restless Plowman (red),1,0
91,Malice,2026-09-22T16:33:43,Restless Shieldmaiden (red),2,0
91,Malice,2026-09-22T16:33:43,Restless Steed (red),1,0
91,Malice,2026-09-22T16:33:43,Seek Horizon (red),2,0
91,Malice,2026-09-22T16:33:43,Shadowrealm Strength (red),1,0
91,Malice,2026-09-22T16:33:43,Void Wraith (red),1,0
91,Malice,2026-09-22T16:33:43,Ghostly Visit (yellow),1,0
91,Malice,2026-09-22T16:33:43,Shadowrealm Bloodhound (yellow),1,0
91,Malice,2026-09-22T16:33:43,Shadowrealm Ripper (yellow),1,0
91,Malice,2026-09-22T16:33:43,Shadowrealm Swiftness (yellow),3,0
91,Malice,2026-09-22T16:33:43,Bone Mass (blue),1,0
91,Malice,2026-09-22T16:33:43,Breach Flesh (blue),2,0
91,Malice,2026-09-22T16:33:43,Corporeal Chasm (blue),1,0
91,Malice,2026-09-22T16:33:43,Dam the Shadowake (blue),1,0
91,Malice,2026-09-22T16:33:43,Malignant Migration (blue),1,0
91,Malice,2026-09-22T16:33:43,Mark of Ushering (blue),1,0
91,Malice,2026-09-22T16:33:43,Mutual Sacrifice (blue),1,0
91,Malice,2026-09-22T16:33:43,Shadowrealm Ripper (blue),1,0
91,Malice,2026-09-22T16:33:43,Skeletal Puppetry (blue),1,0
91,Malice,2026-09-22T16:33:43,Dark Arcanite Boots,1,1
91,Malice,2026-09-22T16:33:43,Dark Arcanite Plating,1,1
91,Malice,2026-09-22T16:33:43,Robe of Repentance,1,1
92,Malice,2026-09-22T17:22:47,Acrid Stench (red),1,0
92,Malice,2026-09-22T17:22:47,Corporeal Chasm (red),2,0
92,Malice,2026-09-22T17:22:47,Ghostly Visit (red),1,0
92,Malice,2026-09-22T17:22:47,Harbinger of Destruction (red),1,0
92,Malice,2026-09-22T17:22:47,Malignant Migration (red),1,0
92,Malice,2026-09-22T17:22:47,Restless Cleric (red),1,0
92,Malice,2026-09-22T17:22:47,Restless Shieldmaiden (red),2,0
92,Malice,2026-09-22T17:22:47,Shadowrealm Bloodhound (red),1,0
92,Malice,2026-09-22T17:22:47,Shadowrealm Walker (red),1,0
92,Malice,2026-09-22T17:22:47,Skeletal Puppetry (red),1,0
92,Malice,2026-09-22T17:22:47,Step through Realms (red),1,0
92,Malice,2026-09-22T17:22:47,Breach Flesh (yellow),1,0
92,Malice,2026-09-22T17:22:47,Ominous Toll (yellow),2,0
92,Malice,2026-09-22T17:22:47,Permanent Interment (yellow),1,0
92,Malice,2026-09-22T17:22:47,Shadowrealm Ripper (yellow),1,0
92,Malice,2026-09-22T17:22:47,Void Wraith (yellow),2,0
92,Malice,2026-09-22T17:22:47,Abyssal Bite (blue),1,0
92,Malice,2026-09-22T17:22:47,Abyssal Rush (blue),1,0
92,Malice,2026-09-22T17:22:47,Breach Flesh (blue),1,0
92,Malice,2026-09-22T17:22:47,Ghostly Visit (blue),1,0
92,Malice,2026-09-22T17:22:47,Malignant Migration (blue),2,0
92,Malice,2026-09-22T17:22:47,Permanent Interment (blue),1,0
92,Malice,2026-09-22T17:22:47,Pull from Beyond (blue),1,0
92,Malice,2026-09-22T17:22:47,Rites of Nightfall (blue),1,0
92,Malice,2026-09-22T17:22:47,Seek Horizon (blue),1,0
92,Malice,2026-09-22T17:22:47,Shadowrealm Harrower (blue),1,0
92,Malice,2026-09-22T17:22:47,Shadowrealm Ripper (blue),1,0
92,Malice,2026-09-22T17:22:47,Dark Arcanite Gloves,1,1
92,Malice,2026-09-22T17:22:47,Dark Arcanite Plating,1,1
92,Malice,2026-09-22T17:22:47,Path of Repentance,1,1
93,Malice,2026-09-22T18:08:29,Bone Mass (red),1,0
93,Malice,2026-09-22T18:08:29,Breach Flesh (red),1,0
93,Malice,2026-09-22T18:08:29,Corporeal Chasm (red),3,0
93,Malice,2026-09-22T18:08:29,Malignant Migration (red),2,0
93,Malice,2026-09-22T18:08:29,Ominous Toll (red),1,0
93,Malice,2026-09-22T18:08:29,Pull from Beyond (red),1,0
93,Malice,2026-09-22T18:08:29,Restless Cleric (red),1,0
93,Malice,2026-09-22T18:08:29,Restless Corporal (red),1,0
93,Malice,2026-09-22T18:08:29,Restless Magister (red),1,0
93,Malice,2026-09-22T18:08:29,Restless Outlaw (red),1,0
93,Malice,2026-09-22T18:08:29,Restless Plowman (red),1,0
93,Malice,2026-09-22T18:08:29,Shadowrealm Ripper (red),1,0
93,Malice,2026-09-22T18:08:29,Shadowrealm Strength (red),2,0
93,Malice,2026-09-22T18:08:29,Shadowrealm Walker (red),1,0
93,Malice,2026-09-22T18:08:29,Bonded Burial (yellow),1,0
93,Malice,2026-09-22T18:08:29,Breach Flesh (yellow),1,0
93,Malice,2026-09-22T18:08:29,Corpse Cover (yellow),1,0
93,Malice,2026-09-22T18:08:29,Dam the Shadowake (yellow),1,0
93,Malice,2026-09-22T18:08:29,Mutual Sacrifice (yellow),1,0
93,Malice,2026-09-22T18:08:29,Ominous Toll (yellow),1,0
93,Malice,2026-09-22T18:08:29,Pull from Beyond (yellow),1,0
93,Malice,2026-09-22T18:08:29,Abyssal Force (blue),2,0
93,Malice,2026-09-22T18:08:29,Acrid Stench (blue),3,0
93,Malice,2026-09-22T18:08:29,Commit to Corruption (blue),1,0
93,Malice,2026-09-22T18:08:29,Malignant Migration (blue),1,0
93,Malice,2026-09-22T18:08:29,Mark of Neverest (blue),1,0
93,Malice,2026-09-22T18:08:29,Mutual Sacrifice (blue),1,0
93,Malice,2026-09-22T18:08:29,Shadowrealm Bloodhound (blue),2,0
93,Malice,2026-09-22T18:08:29,Shadowrealm Solace (blue),1,0
93,Malice,2026-09-22T18:08:29,Dark Arcanite Boots,1,1
93,Malice,2026-09-22T18:08:29,Dark Arcanite Helm,1,1
93,Malice,2026-09-22T18:08:29,Robe of Repentance,1,1
94,Malice,2026-09-22T21:58:47,Bone Mass (red),1,0
94,Malice,2026-09-22T21:58:47,Breach Flesh (red),1,0
94,Malice,2026-09-22T21:58:47,Corrupt and Conquer (red),1,0
94,Malice,2026-09-22T21:58:47,Ominous Toll (red),1,0
94,Malice,2026-09-22T21:58:47,Restless Cleric (red),1,0
94,Malice,2026-09-22T21:58:47,Restless Magister (red),1,0
94,Malice,2026-09-22T21:58:47,Restless Quartermaster (red),1,0
94,Malice,2026-09-22T21:58:47,Restless Shieldmaiden (red),1,0
94,Malice,2026-09-22T21:58:47,Restless Steed (red),1,0
94,Malice,2026-09-22T21:58:47,Shadowrealm Strength (red),1,0
94,Malice,2026-09-22T21:58:47,Bone Mass (yellow),1,0
94,Malice,2026-09-22T21:58:47,Breach Flesh (yellow),1,0
94,Malice,2026-09-22T21:58:47,Dam the Shadowake (yellow),1,0
94,Malice,2026-09-22T21:58:47,Darkest Hour (yellow),1,0
94,Malice,2026-09-22T21:58:47,Ghostly Visit (yellow),1,0
94,Malice,2026-09-22T21:58:47,Malignant Migration (yellow),1,0
94,Malice,2026-09-22T21:58:47,Mutual Sacrifice (yellow),1,0
94,Malice,2026-09-22T21:58:47,Ominous Toll (yellow),2,0
94,Malice,2026-09-22T21:58:47,Permanent Interment (yellow),2,0
94,Malice,2026-09-22T21:58:47,Pull from Beyond (yellow),1,0
94,Malice,2026-09-22T21:58:47,Shadowrealm Swiftness (yellow),2,0
94,Malice,2026-09-22T21:58:47,Bone Barrier (blue),1,0
94,Malice,2026-09-22T21:58:47,Breach Flesh (blue),1,0
94,Malice,2026-09-22T21:58:47,Corporeal Chasm (blue),2,0
94,Malice,2026-09-22T21:58:47,Darkest Hour (blue),1,0
94,Malice,2026-09-22T21:58:47,Ghostly Visit (blue),1,0
94,Malice,2026-09-22T21:58:47,Malignant Migration (blue),1,0
94,Malice,2026-09-22T21:58:47,Pull from Beyond (blue),1,0
94,Malice,2026-09-22T21:58:47,Shadowrealm Harrower (blue),1,0
94,Malice,2026-09-22T21:58:47,Shadowrealm Solace (blue),3,0
94,Malice,2026-09-22T21:58:47,Whispers Within (blue),1,0
94,Malice,2026-09-22T21:58:47,Dark Arcanite Boots,1,1
94,Malice,2026-09-22T21:58:47,Dark Arcanite Helm,1,1
94,Malice,2026-09-22T21:58:47,Robe of Repentance,1,1
95,"Viserai, Between Worlds",2026-09-22T22:52:36,Bloodfrenzy Gloomblade (red),1,0
95,"Viserai, Between Worlds",2026-09-22T22:52:36,Bloodsong Gloomblade (red),1,0
95,"Viserai, Between Worlds",2026-09-22T22:52:36,Breach Flesh (red),1,0
95,"Viserai, Between Worlds",2026-09-22T22:52:36,Corporeal Chasm (red),1,0
95,"Viserai, Between Worlds",2026-09-22T22:52:36,Dam the Shadowake (red),1,0
95,"Viserai, Between Worlds",2026-09-22T22:52:36,Embrace Ursur (red),1,0
95,"Viserai, Between Worlds",2026-09-22T22:52:36,Enshrine Sin (red),1,0
95,"Viserai, Between Worlds",2026-09-22T22:52:36,Ghostly Visit (red),1,0
95,"Viserai, Between Worlds",2026-09-22T22:52:36,Murmur of i'Arathael (red),1,0
95,"Viserai, Between Worlds",2026-09-22T22:52:36,Murmuring Gloomblade (red),1,0
95,"Viserai, Between Worlds",2026-09-22T22:52:36,Otherworldly Sins (red),2,0
95,"Viserai, Between Worlds",2026-09-22T22:52:36,Runic Reaving (red),1,0
95,"Viserai, Between Worlds",2026-09-22T22:52:36,Shadowake Gloomblade (red),2,0
95,"Viserai, Between Worlds",2026-09-22T22:52:36,Shadowrealm Ripper (red),1,0
95,"Viserai, Between Worlds",2026-09-22T22:52:36,Sinspeaker Gloomblade (red),1,0
95,"Viserai, Between Worlds",2026-09-22T22:52:36,Bloodfrenzy Gloomblade (yellow),1,0
95,"Viserai, Between Worlds",2026-09-22T22:52:36,Dam the Shadowake (yellow),1,0
95,"Viserai, Between Worlds",2026-09-22T22:52:36,Runechant of Envy (yellow),2,0
95,"Viserai, Between Worlds",2026-09-22T22:52:36,Runechant of Pride (yellow),1,0
95,"Viserai, Between Worlds",2026-09-22T22:52:36,Runechant of Sloth (yellow),1,0
95,"Viserai, Between Worlds",2026-09-22T22:52:36,Seek Horizon (yellow),1,0
95,"Viserai, Between Worlds",2026-09-22T22:52:36,Shadowrealm Walker (yellow),1,0
95,"Viserai, Between Worlds",2026-09-22T22:52:36,Abyssal Force (blue),1,0
95,"Viserai, Between Worlds",2026-09-22T22:52:36,Bloodfrenzy Gloomblade (blue),1,0
95,"Viserai, Between Worlds",2026-09-22T22:52:36,Enshrine Sin (blue),1,0
95,"Viserai, Between Worlds",2026-09-22T22:52:36,Murmuring Gloomblade (blue),1,0
95,"Viserai, Between Worlds",2026-09-22T22:52:36,Otherworldly Sins (blue),2,0
95,"Viserai, Between Worlds",2026-09-22T22:52:36,Runic Reaving (blue),1,0
95,"Viserai, Between Worlds",2026-09-22T22:52:36,Shadowake Gloomblade (blue),1,0
95,"Viserai, Between Worlds",2026-09-22T22:52:36,Sonata Dystopia (blue),1,0
95,"Viserai, Between Worlds",2026-09-22T22:52:36,Step through Realms (blue),1,0
95,"Viserai, Between Worlds",2026-09-22T22:52:36,Dark Arcanite Helm,1,1
95,"Viserai, Between Worlds",2026-09-22T22:52:36,Robe of Repentance,1,1
96,"Viserai, Between Worlds",2026-09-22T22:57:53,Bloodfrenzy Gloomblade (red),1,0
96,"Viserai, Between Worlds",2026-09-22T22:57:53,Cullingsong Gloomblade (red),1,0
96,"Viserai, Between Worlds",2026-09-22T22:57:53,Demonbound Gloomblade (red),3,0
96,"Viserai, Between Worlds",2026-09-22T22:57:53,Embrace Ursur (red),3,0
96,"Viserai, Between Worlds",2026-09-22T22:57:53,Murmuring Gloomblade (red),2,0
96,"Viserai, Between Worlds",2026-09-22T22:57:53,Otherworldly Sins (red),1,0
96,"Viserai, Between Worlds",2026-09-22T22:57:53,Planar Chaos (red),1,0
96,"Viserai, Between Worlds",2026-09-22T22:57:53,Plundersong Gloomblade (red),1,0
96,"Viserai, Between Worlds",2026-09-22T22:57:53,Bloodfrenzy Gloomblade (yellow),1,0
96,"Viserai, Between Worlds",2026-09-22T22:57:53,Demonbound Gloomblade (yellow),2,0
96,"Viserai, Between Worlds",2026-09-22T22:57:53,Embrace Ursur (yellow),1,0
96,"Viserai, Between Worlds",2026-09-22T22:57:53,Enshrine Sin (yellow),1,0
96,"Viserai, Between Worlds",2026-09-22T22:57:53,Murmuring Gloomblade (yellow),2,0
96,"Viserai, Between Worlds",2026-09-22T22:57:53,Otherworldly Sins (yellow),1,0
96,"Viserai, Between Worlds",2026-09-22T22:57:53,Runechant of Envy (yellow),2,0
96,"Viserai, Between Worlds",2026-09-22T22:57:53,Runechant of Gluttony (yellow),1,0
96,"Viserai, Between Worlds",2026-09-22T22:57:53,Runechant of Lust (yellow),2,0
96,"Viserai, Between Worlds",2026-09-22T22:57:53,Abyssal Rush (blue),1,0
96,"Viserai, Between Worlds",2026-09-22T22:57:53,Bloodfrenzy Gloomblade (blue),1,0
96,"Viserai, Between Worlds",2026-09-22T22:57:53,Corporeal Chasm (blue),1,0
96,"Viserai, Between Worlds",2026-09-22T22:57:53,Demonbound Gloomblade (blue),1,0
96,"Viserai, Between Worlds",2026-09-22T22:57:53,Embrace Ursur (blue),1,0
96,"Viserai, Between Worlds",2026-09-22T22:57:53,Otherworldly Sins (blue),1,0
96,"Viserai, Between Worlds",2026-09-22T22:57:53,Runic Disposition (blue),1,0
96,"Viserai, Between Worlds",2026-09-22T22:57:53,Shadowake Gloomblade (blue),3,0
96,"Viserai, Between Worlds",2026-09-22T22:57:53,Dark Arcanite Boots,1,1
96,"Viserai, Between Worlds",2026-09-22T22:57:53,Dark Arcanite Gloves,1,1
96,"Viserai, Between Worlds",2026-09-22T22:57:53,Grille of Repentance,1,1
96,"Viserai, Between Worlds",2026-09-22T22:57:53,Path of Repentance,1,1
96,"Viserai, Between Worlds",2026-09-22T22:57:53,Robe of Repentance,1,1
97,Levia,2026-09-22T23:24:00,Beckoning Hunger (red),2,0
97,Levia,2026-09-22T23:24:00,Cleave the Heavens (red),1,0
97,Levia,2026-09-22T23:24:00,Dam the Shadowake (red),1,0
97,Levia,2026-09-22T23:24:00,Feasting Shadowbeast (red),3,0
97,Levia,2026-09-22T23:24:00,Feeding Frenzy (red),2,0
97,Levia,2026-09-22T23:24:00,Ghostly Visit (red),1,0
97,Levia,2026-09-22T23:24:00,Gorging Shadowbeast (red),1,0
97,Levia,2026-09-22T23:24:00,Hellbound Assault (red),1,0
97,Levia,2026-09-22T23:24:00,Peak Power (red),1,0
97,Levia,2026-09-22T23:24:00,Rally the Shadow Horde (red),1,0
97,Levia,2026-09-22T23:24:00,Rocktop Bellow (red),1,0
97,Levia,2026-09-22T23:24:00,Seek Horizon (red),1,0
97,Levia,2026-09-22T23:24:00,Beckoning Hunger (yellow),3,0
97,Levia,2026-09-22T23:24:00,Cleave the Heavens (yellow),1,0
97,Levia,2026-09-22T23:24:00,Consuming Lash (yellow),1,0
97,Levia,2026-09-22T23:24:00,Gorging Shadowbeast (yellow),1,0
97,Levia,2026-09-22T23:24:00,Headstrong Stampede (yellow),1,0
97,Levia,2026-09-22T23:24:00,Peak Power (yellow),1,0
97,Levia,2026-09-22T23:24:00,Satiate Bloodthirst (yellow),2,0
97,Levia,2026-09-22T23:24:00,Beckoning Hunger (blue),1,0
97,Levia,2026-09-22T23:24:00,Cleave the Heavens (blue),2,0
97,Levia,2026-09-22T23:24:00,Feeding Frenzy (blue),1,0
97,Levia,2026-09-22T23:24:00,Gorging Shadowbeast (blue),2,0
97,Levia,2026-09-22T23:24:00,Rise to the Challenge (blue),1,0
97,Levia,2026-09-22T23:24:00,Rocktop Bellow (blue),1,0
97,Levia,2026-09-22T23:24:00,Rumbling Hunger (blue),1,0
97,Levia,2026-09-22T23:24:00,Dark Arcanite Boots,1,1
97,Levia,2026-09-22T23:24:00,Dark Arcanite Helm,1,1
97,Levia,2026-09-22T23:24:00,Path of Repentance,1,1
98,"Viserai, Between Worlds",2026-09-23T01:32:54,Bloodfrenzy Gloomblade (red),1,0
98,"Viserai, Between Worlds",2026-09-23T01:32:54,Demonbound Gloomblade (red),2,0
98,"Viserai, Between Worlds",2026-09-23T01:32:54,Embrace Ursur (red),1,0
98,"Viserai, Between Worlds",2026-09-23T01:32:54,Enshrine Sin (red),2,0
98,"Viserai, Between Worlds",2026-09-23T01:32:54,Ghostly Visit (red),1,0
98,"Viserai, Between Worlds",2026-09-23T01:32:54,Pull from Beyond (red),1,0
98,"Viserai, Between Worlds",2026-09-23T01:32:54,Shadowake Gloomblade (red),1,0
98,"Viserai, Between Worlds",2026-09-23T01:32:54,Shadowrealm Ripper (red),1,0
98,"Viserai, Between Worlds",2026-09-23T01:32:54,Sinspeaker Gloomblade (red),1,0
98,"Viserai, Between Worlds",2026-09-23T01:32:54,Step through Realms (red),1,0
98,"Viserai, Between Worlds",2026-09-23T01:32:54,Bloodfrenzy Gloomblade (yellow),2,0
98,"Viserai, Between Worlds",2026-09-23T01:32:54,Breach Flesh (yellow),1,0
98,"Viserai, Between Worlds",2026-09-23T01:32:54,Embrace Sin (yellow),1,0
98,"Viserai, Between Worlds",2026-09-23T01:32:54,Embrace Ursur (yellow),1,0
98,"Viserai, Between Worlds",2026-09-23T01:32:54,Ghostly Visit (yellow),1,0
98,"Viserai, Between Worlds",2026-09-23T01:32:54,Murmuring Gloomblade (yellow),2,0
98,"Viserai, Between Worlds",2026-09-23T01:32:54,Runechant of Gluttony (yellow),1,0
98,"Viserai, Between Worlds",2026-09-23T01:32:54,Runechant of Lust (yellow),1,0
98,"Viserai, Between Worlds",2026-09-23T01:32:54,Runechant of Sloth (yellow),2,0
98,"Viserai, Between Worlds",2026-09-23T01:32:54,Runic Reaving (yellow),1,0
98,"Viserai, Between Worlds",2026-09-23T01:32:54,Seek Horizon (yellow),1,0
98,"Viserai, Between Worlds",2026-09-23T01:32:54,Shadowrealm Walker (yellow),1,0
98,"Viserai, Between Worlds",2026-09-23T01:32:54,Embrace Ursur (blue),1,0
98,"Viserai, Between Worlds",2026-09-23T01:32:54,Ghostly Visit (blue),1,0
98,"Viserai, Between Worlds",2026-09-23T01:32:54,Otherworldly Sins (blue),1,0
98,"Viserai, Between Worlds",2026-09-23T01:32:54,Permanent Interment (blue),2,0
98,"Viserai, Between Worlds",2026-09-23T01:32:54,Rally the Shadow Horde (blue),1,0
98,"Viserai, Between Worlds",2026-09-23T01:32:54,Runic Reaving (blue),1,0
98,"Viserai, Between Worlds",2026-09-23T01:32:54,Whispers Within (blue),2,0
98,"Viserai, Between Worlds",2026-09-23T01:32:54,Dark Arcanite Helm,1,1
98,"Viserai, Between Worlds",2026-09-23T01:32:54,Grille of Repentance,1,1
98,"Viserai, Between Worlds",2026-09-23T01:32:54,Path of Repentance,1,1
99,Malice,2026-09-23T04:02:35,Acrid Stench (red),1,0
99,Malice,2026-09-23T04:02:35,Breach Flesh (red),1,0
99,Malice,2026-09-23T04:02:35,Corpse Cover (red),1,0
99,Malice,2026-09-23T04:02:35,Open the Gate to i'Arathael (red),1,0
99,Malice,2026-09-23T04:02:35,Permanent Interment (red),2,0
99,Malice,2026-09-23T04:02:35,Planar Chaos (red),1,0
99,Malice,2026-09-23T04:02:35,Restless Cleric (red),1,0
99,Malice,2026-09-23T04:02:35,Restless Corporal (red),1,0
99,Malice,2026-09-23T04:02:35,Restless Outlaw (red),2,0
99,Malice,2026-09-23T04:02:35,Restless Plowman (red),1,0
99,Malice,2026-09-23T04:02:35,Restless Steed (red),1,0
99,Malice,2026-09-23T04:02:35,Shadowrealm Strength (red),2,0
99,Malice,2026-09-23T04:02:35,Shadowrealm Walker (red),1,0
99,Malice,2026-09-23T04:02:35,Skeletal Puppetry (red),1,0
99,Malice,2026-09-23T04:02:35,Bone Mass (yellow),1,0
99,Malice,2026-09-23T04:02:35,Commit to Corruption (yellow),1,0
99,Malice,2026-09-23T04:02:35,Corporeal Chasm (yellow),1,0
99,Malice,2026-09-23T04:02:35,Dam the Shadowake (yellow),2,0
99,Malice,2026-09-23T04:02:35,Ghostly Visit (yellow),1,0
99,Malice,2026-09-23T04:02:35,Malignant Migration (yellow),1,0
99,Malice,2026-09-23T04:02:35,Shadowrealm Swiftness (yellow),1,0
99,Malice,2026-09-23T04:02:35,Whispers Within (yellow),1,0
99,Malice,2026-09-23T04:02:35,Bone Mass (blue),1,0
99,Malice,2026-09-23T04:02:35,Countdown to Extinction (blue),1,0
99,Malice,2026-09-23T04:02:35,Dam the Shadowake (blue),1,0
99,Malice,2026-09-23T04:02:35,Permanent Interment (blue),2,0
99,Malice,2026-09-23T04:02:35,Rites of Nightfall (blue),1,0
99,Malice,2026-09-23T04:02:35,Shadowrealm Solace (blue),1,0
99,Malice,2026-09-23T04:02:35,Shadowrealm Walker (blue),1,0
99,Malice,2026-09-23T04:02:35,Skeletal Puppetry (blue),2,0
99,Malice,2026-09-23T04:02:35,Dark Arcanite Boots,1,1
99,Malice,2026-09-23T04:02:35,Dark Arcanite Plating,1,1
99,Malice,2026-09-23T04:02:35,Grille of Repentance,1,1
100,Malice,2026-09-23T04:37:06,Acrid Stench (red),1,0
100,Malice,2026-09-23T04:37:06,Bonded Burial (red),1,0
100,Malice,2026-09-23T04:37:06,Corpse Cover (red),1,0
100,Malice,2026-09-23T04:37:06,Countdown to Extinction (red),1,0
100,Malice,2026-09-23T04:37:06,Dam the Shadowake (red),1,0
100,Malice,2026-09-23T04:37:06,Mutual Sacrifice (red),1,0
100,Malice,2026-09-23T04:37:06,Restless Cleric (red),2,0
100,Malice,2026-09-23T04:37:06,Restless Corporal (red),1,0
100,Malice,2026-09-23T04:37:06,Restless Shieldmaiden (red),2,0
100,Malice,2026-09-23T04:37:06,Restless Steed (red),1,0
100,Malice,2026-09-23T04:37:06,Restless Templar (red),1,0
100,Malice,2026-09-23T04:37:06,Shadowrealm Strength (red),1,0
100,Malice,2026-09-23T04:37:06,Shadowrealm Walker (red),2,0
100,Malice,2026-09-23T04:37:06,Skeletal Puppetry (red),1,0
100,Malice,2026-09-23T04:37:06,Step through Realms (red),2,0
100,Malice,2026-09-23T04:37:06,Whispers Within (red),1,0
100,Malice,2026-09-23T04:37:06,Bonded Burial (yellow),2,0
100,Malice,2026-09-23T04:37:06,Bone Mass (yellow),1,0
100,Malice,2026-09-23T04:37:06,Breach Flesh (yellow),1,0
100,Malice,2026-09-23T04:37:06,Malignant Migration (yellow),1,0
100,Malice,2026-09-23T04:37:06,Shadowrealm Swiftness (yellow),1,0
100,Malice,2026-09-23T04:37:06,Breach Flesh (blue),3,0
100,Malice,2026-09-23T04:37:06,Corporeal Chasm (blue),1,0
100,Malice,2026-09-23T04:37:06,Countdown to Extinction (blue),1,0
100,Malice,2026-09-23T04:37:06,Ghostly Visit (blue),1,0
100,Malice,2026-09-23T04:37:06,Malignant Migration (blue),1,0
100,Malice,2026-09-23T04:37:06,Shadowrealm Ripper (blue),1,0
100,Malice,2026-09-23T04:37:06,Void Wraith (blue),1,0
100,Malice,2026-09-23T04:37:06,Dark Arcanite Boots,1,1
100,Malice,2026-09-23T04:37:06,Dark Arcanite Helm,1,1
100,Malice,2026-09-23T04:37:06,Robe of Repentance,1,1
101,Malice,2026-09-23T06:28:24,Acrid Stench (red),1,0
101,Malice,2026-09-23T06:28:24,Dam the Shadowake (red),1,0
101,Malice,2026-09-23T06:28:24,Ghostly Visit (red),1,0
101,Malice,2026-09-23T06:28:24,Ominous Toll (red),1,0
101,Malice,2026-09-23T06:28:24,Permanent Interment (red),1,0
101,Malice,2026-09-23T06:28:24,Restless Cleric (red),1,0
101,Malice,2026-09-23T06:28:24,Restless Corporal (red),1,0
101,Malice,2026-09-23T06:28:24,Restless Plowman (red),1,0
101,Malice,2026-09-23T06:28:24,Restless Shieldmaiden (red),1,0
101,Malice,2026-09-23T06:28:24,Restless Steed (red),1,0
101,Malice,2026-09-23T06:28:24,Shadowrealm Harvester (red),1,0
101,Malice,2026-09-23T06:28:24,Shadowrealm Walker (red),1,0
101,Malice,2026-09-23T06:28:24,Whispers Within (red),1,0
101,Malice,2026-09-23T06:28:24,Corporeal Chasm (yellow),1,0
101,Malice,2026-09-23T06:28:24,Countdown to Extinction (yellow),1,0
101,Malice,2026-09-23T06:28:24,Darkest Hour (yellow),1,0
101,Malice,2026-09-23T06:28:24,Mutual Sacrifice (yellow),1,0
101,Malice,2026-09-23T06:28:24,Ominous Toll (yellow),1,0
101,Malice,2026-09-23T06:28:24,Shadowrealm Bloodhound (yellow),1,0
101,Malice,2026-09-23T06:28:24,Shadowrealm Walker (yellow),1,0
101,Malice,2026-09-23T06:28:24,Abyssal Rush (blue),1,0
101,Malice,2026-09-23T06:28:24,Acrid Stench (blue),1,0
101,Malice,2026-09-23T06:28:24,Bonded Burial (blue),1,0
101,Malice,2026-09-23T06:28:24,Corporeal Chasm (blue),1,0
101,Malice,2026-09-23T06:28:24,Countdown to Extinction (blue),1,0
101,Malice,2026-09-23T06:28:24,Mark of Neverest (blue),1,0
101,Malice,2026-09-23T06:28:24,Mutual Sacrifice (blue),1,0
101,Malice,2026-09-23T06:28:24,Rites of Nightfall (blue),1,0
101,Malice,2026-09-23T06:28:24,Shadowrealm Bloodhound (blue),2,0
101,Malice,2026-09-23T06:28:24,Shadowrealm Solace (blue),1,0
101,Malice,2026-09-23T06:28:24,Grille of Repentance,1,1
102,Levia,2026-09-23T10:28:39,Breach Flesh (red),1,0
102,Levia,2026-09-23T10:28:39,Cleave the Heavens (red),1,0
102,Levia,2026-09-23T10:28:39,Corporeal Chasm (red),1,0
102,Levia,2026-09-23T10:28:39,Feasting Shadowbeast (red),1,0
102,Levia,2026-09-23T10:28:39,Feeding Frenzy (red),2,0
102,Levia,2026-09-23T10:28:39,Headstrong Stampede (red),1,0
102,Levia,2026-09-23T10:28:39,Pull from Beyond (red),1,0
102,Levia,2026-09-23T10:28:39,Rise to the Challenge (red),2,0
102,Levia,2026-09-23T10:28:39,Rocktop Bellow (red),1,0
102,Levia,2026-09-23T10:28:39,Satiate Bloodthirst (red),1,0
102,Levia,2026-09-23T10:28:39,Step through Realms (red),1,0
102,Levia,2026-09-23T10:28:39,Unbound by Shadow (red),1,0
102,Levia,2026-09-23T10:28:39,Beckoning Hunger (yellow),1,0
102,Levia,2026-09-23T10:28:39,Cleave the Heavens (yellow),2,0
102,Levia,2026-09-23T10:28:39,Countdown to Extinction (yellow),1,0
102,Levia,2026-09-23T10:28:39,Feasting Shadowbeast (yellow),1,0
102,Levia,2026-09-23T10:28:39,Gorging Shadowbeast (yellow),1,0
102,Levia,2026-09-23T10:28:39,Peak Power (yellow),1,0
102,Levia,2026-09-23T10:28:39,Satiate Bloodthirst (yellow),1,0
102,Levia,2026-09-23T10:28:39,Seek Horizon (yellow),1,0
102,Levia,2026-09-23T10:28:39,Step through Realms (yellow),1,0
102,Levia,2026-09-23T10:28:39,Battle Prep (blue),3,0
102,Levia,2026-09-23T10:28:39,Cleave the Heavens (blue),1,0
102,Levia,2026-09-23T10:28:39,Consuming Command (blue),1,0
102,Levia,2026-09-23T10:28:39,Dam the Shadowake (blue),1,0
102,Levia,2026-09-23T10:28:39,Feeding Frenzy (blue),1,0
102,Levia,2026-09-23T10:28:39,Goremass Summoning (blue),1,0
102,Levia,2026-09-23T10:28:39,Hellbound Assault (blue),2,0
102,Levia,2026-09-23T10:28:39,Pull from Beyond (blue),1,0
102,Levia,2026-09-23T10:28:39,Void Wraith (blue),1,0
102,Levia,2026-09-23T10:28:39,Dark Arcanite Plating,1,1
102,Levia,2026-09-23T10:28:39,Grille of Repentance,1,1
102,Levia,2026-09-23T10:28:39,Path of Repentance,1,1
103,Levia,2026-09-23T11:41:49,Beckoning Hunger (red),2,0
103,Levia,2026-09-23T11:41:49,Cleave the Heavens (red),1,0
103,Levia,2026-09-23T11:41:49,Corporeal Chasm (red),1,0
103,Levia,2026-09-23T11:41:49,Feasting Shadowbeast (red),1,0
103,Levia,2026-09-23T11:41:49,Feeding Frenzy (red),2,0
103,Levia,2026-09-23T11:41:49,Gorging Shadowbeast (red),1,0
103,Levia,2026-09-23T11:41:49,Headstrong Stampede (red),2,0
103,Levia,2026-09-23T11:41:49,Satiate Bloodthirst (red),1,0
103,Levia,2026-09-23T11:41:49,Shadowrealm Bloodhound (red),1,0
103,Levia,2026-09-23T11:41:49,Cleave the Heavens (yellow),2,0
103,Levia,2026-09-23T11:41:49,Consuming Strength (yellow),1,0
103,Levia,2026-09-23T11:41:49,Corporeal Chasm (yellow),3,0
103,Levia,2026-09-23T11:41:49,Feasting Shadowbeast (yellow),1,0
103,Levia,2026-09-23T11:41:49,Feeding Frenzy (yellow),1,0
103,Levia,2026-09-23T11:41:49,Headstrong Stampede (yellow),1,0
103,Levia,2026-09-23T11:41:49,Satiate Bloodthirst (yellow),1,0
103,Levia,2026-09-23T11:41:49,Shadowrealm Ripper (yellow),1,0
103,Levia,2026-09-23T11:41:49,Blasmophet's Boon (blue),1,0
103,Levia,2026-09-23T11:41:49,Dimenxxional Ferryman (blue),1,0
103,Levia,2026-09-23T11:41:49,Feasting Shadowbeast (blue),2,0
103,Levia,2026-09-23T11:41:49,Feeding Frenzy (blue),1,0
103,Levia,2026-09-23T11:41:49,Ghostly Visit (blue),1,0
103,Levia,2026-09-23T11:41:49,Gorging Shadowbeast (blue),1,0
103,Levia,2026-09-23T11:41:49,Hellbound Assault (blue),1,0
103,Levia,2026-09-23T11:41:49,Rites of Nightfall (blue),1,0
103,Levia,2026-09-23T11:41:49,Shadowrealm Harrower (blue),1,0
103,Levia,2026-09-23T11:41:49,Dark Arcanite Helm,1,1
103,Levia,2026-09-23T11:41:49,Path of Repentance,1,1
103,Levia,2026-09-23T11:41:49,Robe of Repentance,1,1
104,"Viserai, Between Worlds",2026-09-23T12:12:46,Dam the Shadowake (red),2,0
104,"Viserai, Between Worlds",2026-09-23T12:12:46,Demonbound Gloomblade (red),1,0
104,"Viserai, Between Worlds",2026-09-23T12:12:46,Embrace Ursur (red),1,0
104,"Viserai, Between Worlds",2026-09-23T12:12:46,Ghostly Visit (red),1,0
104,"Viserai, Between Worlds",2026-09-23T12:12:46,Murmur of i'Arathael (red),1,0
104,"Viserai, Between Worlds",2026-09-23T12:12:46,Murmuring Gloomblade (red),1,0
104,"Viserai, Between Worlds",2026-09-23T12:12:46,Otherworldly Sins (red),2,0
104,"Viserai, Between Worlds",2026-09-23T12:12:46,Permanent Interment (red),1,0
104,"Viserai, Between Worlds",2026-09-23T12:12:46,Pull from Beyond (red),2,0
104,"Viserai, Between Worlds",2026-09-23T12:12:46,Shadowake Gloomblade (red),2,0
104,"Viserai, Between Worlds",2026-09-23T12:12:46,Sinspeaker Gloomblade (red),1,0
104,"Viserai, Between Worlds",2026-09-23T12:12:46,Embrace Sin (yellow),2,0
104,"Viserai, Between Worlds",2026-09-23T12:12:46,Embrace Ursur (yellow),1,0
104,"Viserai, Between Worlds",2026-09-23T12:12:46,Enshrine Sin (yellow),1,0
104,"Viserai, Between Worlds",2026-09-23T12:12:46,Forbidden Harvest (yellow),1,0
104,"Viserai, Between Worlds",2026-09-23T12:12:46,Runechant of Envy (yellow),1,0
104,"Viserai, Between Worlds",2026-09-23T12:12:46,Runechant of Gluttony (yellow),1,0
104,"Viserai, Between Worlds",2026-09-23T12:12:46,Runechant of Greed (yellow),1,0
104,"Viserai, Between Worlds",2026-09-23T12:12:46,Runechant of Pride (yellow),1,0
104,"Viserai, Between Worlds",2026-09-23T12:12:46,Demonbound Gloomblade (blue),1,0
104,"Viserai, Between Worlds",2026-09-23T12:12:46,Permanent Interment (blue),1,0
104,"Viserai, Between Worlds",2026-09-23T12:12:46,Runic Disposition (blue),1,0
104,"Viserai, Between Worlds",2026-09-23T12:12:46,Shadowake Gloomblade (blue),1,0
104,"Viserai, Between Worlds",2026-09-23T12:12:46,Shadowrealm Ripper (blue),1,0
104,"Viserai, Between Worlds",2026-09-23T12:12:46,Vexing Gloomblade (blue),2,0
104,"Viserai, Between Worlds",2026-09-23T12:12:46,Void Wraith (blue),1,0
104,"Viserai, Between Worlds",2026-09-23T12:12:46,Whispers Within (blue),1,0
104,"Viserai, Between Worlds",2026-09-23T12:12:46,Dark Arcanite Plating,1,1
104,"Viserai, Between Worlds",2026-09-23T12:12:46,Grille of Repentance,1,1
104,"Viserai, Between Worlds",2026-09-23T12:12:46,Path of Repentance,1,1
105,Malice,2026-09-23T15:07:05,Acrid Stench (red),2,0
105,Malice,2026-09-23T15:07:05,Battle Prep (red),1,0
105,Malice,2026-09-23T15:07:05,Bonded Burial (red),1,0
105,Malice,2026-09-23T15:07:05,Bone Mass (red),1,0
105,Malice,2026-09-23T15:07:05,Corpse Cover (red),1,0
105,Malice,2026-09-23T15:07:05,Malignant Migration (red),1,0
105,Malice,2026-09-23T15:07:05,Mutual Sacrifice (red),1,0
105,Malice,2026-09-23T15:07:05,Ominous Toll (red),1,0
105,Malice,2026-09-23T15:07:05,Restless Corporal (red),2,0
105,Malice,2026-09-23T15:07:05,Restless Outlaw (red),4,0
105,Malice,2026-09-23T15:07:05,Restless Plowman (red),1,0
105,Malice,2026-09-23T15:07:05,Restless Shieldmaiden (red),1,0
105,Malice,2026-09-23T15:07:05,Restless Steed (red),1,0
105,Malice,2026-09-23T15:07:05,Shadowrealm Strength (red),1,0
105,Malice,2026-09-23T15:07:05,Unbound by Shadow (red),1,0
105,Malice,2026-09-23T15:07:05,Whispers Within (red),1,0
105,Malice,2026-09-23T15:07:05,Fallen Herald (yellow),1,0
105,Malice,2026-09-23T15:07:05,Shadowrealm Swiftness (yellow),2,0
105,Malice,2026-09-23T15:07:05,Void Wraith (yellow),1,0
105,Malice,2026-09-23T15:07:05,Acrid Stench (blue),1,0
105,Malice,2026-09-23T15:07:05,Commit to Corruption (blue),1,0
105,Malice,2026-09-23T15:07:05,Corporeal Chasm (blue),1,0
105,Malice,2026-09-23T15:07:05,Corpse Cover (blue),1,0
105,Malice,2026-09-23T15:07:05,Dimenxxional Ferryman (blue),1,0
105,Malice,2026-09-23T15:07:05,Malignant Migration (blue),1,0
105,Malice,2026-09-23T15:07:05,Mark of Pathstone (blue),1,0
105,Malice,2026-09-23T15:07:05,Mark of Ushering (blue),1,0
105,Malice,2026-09-23T15:07:05,Ominous Toll (blue),1,0
105,Malice,2026-09-23T15:07:05,Shadowrealm Bloodhound (blue),1,0
105,Malice,2026-09-23T15:07:05,Shadowrealm Harrower (blue),1,0
105,Malice,2026-09-23T15:07:05,Shadowrealm Solace (blue),2,0
105,Malice,2026-09-23T15:07:05,Skeletal Puppetry (blue),1,0
105,Malice,2026-09-23T15:07:05,Dark Arcanite Helm,1,1
105,Malice,2026-09-23T15:07:05,Path of Repentance,1,1
106,Malice,2026-09-23T16:52:06,Darkest Hour (red),1,0
106,Malice,2026-09-23T16:52:06,Murmur of i'Arathael (red),1,0
106,Malice,2026-09-23T16:52:06,Restless Looter (red),1,0
106,Malice,2026-09-23T16:52:06,Restless Outlaw (red),2,0
106,Malice,2026-09-23T16:52:06,Restless Steed (red),2,0
106,Malice,2026-09-23T16:52:06,Shadowrealm Bloodhound (red),1,0
106,Malice,2026-09-23T16:52:06,Shadowrealm Strength (red),2,0
106,Malice,2026-09-23T16:52:06,Step through Realms (red),1,0
106,Malice,2026-09-23T16:52:06,Whispers Within (red),1,0
106,Malice,2026-09-23T16:52:06,Bone Mass (yellow),1,0
106,Malice,2026-09-23T16:52:06,Breach Flesh (yellow),1,0
106,Malice,2026-09-23T16:52:06,Corporeal Chasm (yellow),1,0
106,Malice,2026-09-23T16:52:06,Corpse Cover (yellow),1,0
106,Malice,2026-09-23T16:52:06,Dam the Shadowake (yellow),1,0
106,Malice,2026-09-23T16:52:06,Ghostly Visit (yellow),1,0
106,Malice,2026-09-23T16:52:06,Ominous Toll (yellow),1,0
106,Malice,2026-09-23T16:52:06,Pull from Beyond (yellow),1,0
106,Malice,2026-09-23T16:52:06,Seek Horizon (yellow),1,0
106,Malice,2026-09-23T16:52:06,Shadowrealm Bloodhound (yellow),1,0
106,Malice,2026-09-23T16:52:06,Shadowrealm Ripper (yellow),1,0
106,Malice,2026-09-23T16:52:06,Corporeal Chasm (blue),1,0
106,Malice,2026-09-23T16:52:06,Dam the Shadowake (blue),1,0
106,Malice,2026-09-23T16:52:06,Ominous Toll (blue),3,0
106,Malice,2026-09-23T16:52:06,Seek Horizon (blue),1,0
106,Malice,2026-09-23T16:52:06,Shadowrealm Bloodhound (blue),1,0
106,Malice,2026-09-23T16:52:06,Shadowrealm Ripper (blue),1,0
106,Malice,2026-09-23T16:52:06,Shadowrealm Solace (blue),2,0
106,Malice,2026-09-23T16:52:06,Skeletal Puppetry (blue),1,0
106,Malice,2026-09-23T16:52:06,Grille of Repentance,1,1
106,Malice,2026-09-23T16:52:06,Robe of Repentance,1,1
107,Malice,2026-09-23T17:36:45,Bone Mass (red),1,0
107,Malice,2026-09-23T17:36:45,Corrupt and Conquer (red),1,0
107,Malice,2026-09-23T17:36:45,Darkest Hour (red),1,0
107,Malice,2026-09-23T17:36:45,Ghostly Visit (red),1,0
107,Malice,2026-09-23T17:36:45,Mutual Sacrifice (red),1,0
107,Malice,2026-09-23T17:36:45,Pull from Beyond (red),1,0
107,Malice,2026-09-23T17:36:45,Restless Cleric (red),1,0
107,Malice,2026-09-23T17:36:45,Restless Corporal (red),1,0
107,Malice,2026-09-23T17:36:45,Restless Magister (red),1,0
107,Malice,2026-09-23T17:36:45,Restless Plowman (red),1,0
107,Malice,2026-09-23T17:36:45,Restless Steed (red),1,0
107,Malice,2026-09-23T17:36:45,Shadowrealm Strength (red),2,0
107,Malice,2026-09-23T17:36:45,Step through Realms (red),1,0
107,Malice,2026-09-23T17:36:45,Violent Gusto (red),1,0
107,Malice,2026-09-23T17:36:45,Acrid Stench (yellow),2,0
107,Malice,2026-09-23T17:36:45,Mutual Sacrifice (yellow),1,0
107,Malice,2026-09-23T17:36:45,Pull from Beyond (yellow),1,0
107,Malice,2026-09-23T17:36:45,Step through Realms (yellow),1,0
107,Malice,2026-09-23T17:36:45,Whispers Within (yellow),1,0
107,Malice,2026-09-23T17:36:45,Abyssal Bite (blue),1,0
107,Malice,2026-09-23T17:36:45,Battle Prep (blue),1,0
107,Malice,2026-09-23T17:36:45,Corpse Cover (blue),1,0
107,Malice,2026-09-23T17:36:45,Countdown to Extinction (blue),1,0
107,Malice,2026-09-23T17:36:45,Dam the Shadowake (blue),1,0
107,Malice,2026-09-23T17:36:45,Ghostly Visit (blue),1,0
107,Malice,2026-09-23T17:36:45,Malignant Migration (blue),2,0
107,Malice,2026-09-23T17:36:45,Ominous Toll (blue),2,0
107,Malice,2026-09-23T17:36:45,Permanent Interment (blue),1,0
107,Malice,2026-09-23T17:36:45,Shadowrealm Solace (blue),2,0
107,Malice,2026-09-23T17:36:45,Skeletal Puppetry (blue),2,0
107,Malice,2026-09-23T17:36:45,Void Wraith (blue),1,0
107,Malice,2026-09-23T17:36:45,Dark Arcanite Helm,1,1
107,Malice,2026-09-23T17:36:45,Dark Arcanite Plating,1,1
107,Malice,2026-09-23T17:36:45,Path of Repentance,1,1
108,"Viserai, Between Worlds",2026-09-23T19:04:32,Dam the Shadowake (red),1,0
108,"Viserai, Between Worlds",2026-09-23T19:04:32,Demonbound Gloomblade (red),1,0
108,"Viserai, Between Worlds",2026-09-23T19:04:32,Embrace Ursur (red),4,0
108,"Viserai, Between Worlds",2026-09-23T19:04:32,Enshrine Sin (red),1,0
108,"Viserai, Between Worlds",2026-09-23T19:04:32,Plundersong Gloomblade (red),1,0
108,"Viserai, Between Worlds",2026-09-23T19:04:32,Shadowrealm Ripper (red),1,0
108,"Viserai, Between Worlds",2026-09-23T19:04:32,Sinspeaker Gloomblade (red),1,0
108,"Viserai, Between Worlds",2026-09-23T19:04:32,Bloodfrenzy Gloomblade (yellow),1,0
108,"Viserai, Between Worlds",2026-09-23T19:04:32,Demonbound Gloomblade (yellow),2,0
108,"Viserai, Between Worlds",2026-09-23T19:04:32,Embrace Ursur (yellow),3,0
108,"Viserai, Between Worlds",2026-09-23T19:04:32,Murmuring Gloomblade (yellow),1,0
108,"Viserai, Between Worlds",2026-09-23T19:04:32,Runechant of Gluttony (yellow),1,0
108,"Viserai, Between Worlds",2026-09-23T19:04:32,Runechant of Lust (yellow),1,0
108,"Viserai, Between Worlds",2026-09-23T19:04:32,Runechant of Pride (yellow),1,0
108,"Viserai, Between Worlds",2026-09-23T19:04:32,Runic Reaving (yellow),1,0
108,"Viserai, Between Worlds",2026-09-23T19:04:32,Seek Horizon (yellow),1,0
108,"Viserai, Between Worlds",2026-09-23T19:04:32,Shadowrealm Ripper (yellow),1,0
108,"Viserai, Between Worlds",2026-09-23T19:04:32,Bloodfrenzy Gloomblade (blue),2,0
108,"Viserai, Between Worlds",2026-09-23T19:04:32,Demonbound Gloomblade (blue),2,0
108,"Viserai, Between Worlds",2026-09-23T19:04:32,Embrace Ursur (blue),2,0
108,"Viserai, Between Worlds",2026-09-23T19:04:32,Enshrine Sin (blue),1,0
108,"Viserai, Between Worlds",2026-09-23T19:04:32,Murmuring Gloomblade (blue),1,0
108,"Viserai, Between Worlds",2026-09-23T19:04:32,Seek Horizon (blue),1,0
108,"Viserai, Between Worlds",2026-09-23T19:04:32,Shadowake Gloomblade (blue),2,0
108,"Viserai, Between Worlds",2026-09-23T19:04:32,Shadowrealm Bloodhound (blue),1,0
108,"Viserai, Between Worlds",2026-09-23T19:04:32,Void Wraith (blue),1,0
108,"Viserai, Between Worlds",2026-09-23T19:04:32,Dark Arcanite Boots,1,1
108,"Viserai, Between Worlds",2026-09-23T19:04:32,Robe of Repentance,1,1
109,"Viserai, Between Worlds",2026-09-23T23:07:29,Bloodfrenzy Gloomblade (red),1,0
109,"Viserai, Between Worlds",2026-09-23T23:07:29,Cullingsong Gloomblade (red),1,0
109,"Viserai, Between Worlds",2026-09-23T23:07:29,Embrace Ursur (red),1,0
109,"Viserai, Between Worlds",2026-09-23T23:07:29,Murmuring Gloomblade (red),2,0
109,"Viserai, Between Worlds",2026-09-23T23:07:29,Otherworldly Sins (red),1,0
109,"Viserai, Between Worlds",2026-09-23T23:07:29,Shadowrealm Bloodhound (red),1,0
109,"Viserai, Between Worlds",2026-09-23T23:07:29,Violent Gusto (red),1,0
109,"Viserai, Between Worlds",2026-09-23T23:07:29,Void Wraith (red),2,0
109,"Viserai, Between Worlds",2026-09-23T23:07:29,Bloodfrenzy Gloomblade (yellow),1,0
109,"Viserai, Between Worlds",2026-09-23T23:07:29,Enshrine Sin (yellow),2,0
109,"Viserai, Between Worlds",2026-09-23T23:07:29,Murmuring Gloomblade (yellow),2,0
109,"Viserai, Between Worlds",2026-09-23T23:07:29,Otherworldly Sins (yellow),2,0
109,"Viserai, Between Worlds",2026-09-23T23:07:29,Runechant of Envy (yellow),1,0
109,"Viserai, Between Worlds",2026-09-23T23:07:29,Runechant of Gluttony (yellow),1,0
109,"Viserai, Between Worlds",2026-09-23T23:07:29,Runechant of Pride (yellow),1,0
109,"Viserai, Between Worlds",2026-09-23T23:07:29,Runechant of Sloth (yellow),1,0
109,"Viserai, Between Worlds",2026-09-23T23:07:29,Shadowrealm Walker (yellow),2,0
109,"Viserai, Between Worlds",2026-09-23T23:07:29,Void Wraith (yellow),2,0
109,"Viserai, Between Worlds",2026-09-23T23:07:29,Bloodfrenzy Gloomblade (blue),1,0
109,"Viserai, Between Worlds",2026-09-23T23:07:29,Demonbound Gloomblade (blue),2,0
109,"Viserai, Between Worlds",2026-09-23T23:07:29,Embrace Ursur (blue),1,0
109,"Viserai, Between Worlds",2026-09-23T23:07:29,Enshrine Sin (blue),1,0
109,"Viserai, Between Worlds",2026-09-23T23:07:29,Murmuring Gloomblade (blue),1,0
109,"Viserai, Between Worlds",2026-09-23T23:07:29,Runic Disposition (blue),1,0
109,"Viserai, Between Worlds",2026-09-23T23:07:29,Runic Reaving (blue),1,0
109,"Viserai, Between Worlds",2026-09-23T23:07:29,Seek Horizon (blue),1,0
109,"Viserai, Between Worlds",2026-09-23T23:07:29,Sonata Dystopia (blue),1,0
109,"Viserai, Between Worlds",2026-09-23T23:07:29,Whispers Within (blue),1,0
109,"Viserai, Between Worlds",2026-09-23T23:07:29,Dark Arcanite Boots,1,1
109,"Viserai, Between Worlds",2026-09-23T23:07:29,Dark Arcanite Gloves,1,1
109,"Viserai, Between Worlds",2026-09-23T23:07:29,Dark Arcanite Plating,1,1
109,"Viserai, Between Worlds",2026-09-23T23:07:29,Grille of Repentance,1,1
110,Malice,2026-09-24T00:32:00,Bonded Burial (red),1,0
110,Malice,2026-09-24T00:32:00,Bone Mass (red),1,0
110,Malice,2026-09-24T00:32:00,Breach Flesh (red),1,0
110,Malice,2026-09-24T00:32:00,Dam the Shadowake (red),1,0
110,Malice,2026-09-24T00:32:00,Restless Cleric (red),1,0
110,Malice,2026-09-24T00:32:00,Restless Magister (red),1,0
110,Malice,2026-09-24T00:32:00,Restless Plowman (red),1,0
110,Malice,2026-09-24T00:32:00,Restless Shieldmaiden (red),2,0
110,Malice,2026-09-24T00:32:00,Restless Steed (red),1,0
110,Malice,2026-09-24T00:32:00,Shadowrealm Strength (red),2,0
110,Malice,2026-09-24T00:32:00,Acrid Stench (yellow),1,0
110,Malice,2026-09-24T00:32:00,Bonded Burial (yellow),1,0
110,Malice,2026-09-24T00:32:00,Commit to Corruption (yellow),1,0
110,Malice,2026-09-24T00:32:00,Corpse Cover (yellow),1,0
110,Malice,2026-09-24T00:32:00,Dam the Shadowake (yellow),1,0
110,Malice,2026-09-24T00:32:00,Ghostly Visit (yellow),2,0
110,Malice,2026-09-24T00:32:00,Mutual Sacrifice (yellow),1,0
110,Malice,2026-09-24T00:32:00,Shadowrealm Swiftness (yellow),1,0
110,Malice,2026-09-24T00:32:00,Skeletal Puppetry (yellow),1,0
110,Malice,2026-09-24T00:32:00,Void Wraith (yellow),1,0
110,Malice,2026-09-24T00:32:00,Bonded Burial (blue),1,0
110,Malice,2026-09-24T00:32:00,Breach Flesh (blue),2,0
110,Malice,2026-09-24T00:32:00,Commit to Corruption (blue),1,0
110,Malice,2026-09-24T00:32:00,Corpse Cover (blue),1,0
110,Malice,2026-09-24T00:32:00,Mark of Pathstone (blue),1,0
110,Malice,2026-09-24T00:32:00,Ominous Toll (blue),1,0
110,Malice,2026-09-24T00:32:00,Permanent Interment (blue),1,0
110,Malice,2026-09-24T00:32:00,Shadowrealm Ripper (blue),2,0
110,Malice,2026-09-24T00:32:00,Shadowrealm Solace (blue),1,0
110,Malice,2026-09-24T00:32:00,Skeletal Puppetry (blue),1,0
110,Malice,2026-09-24T00:32:00,Void Wraith (blue),1,0
110,Malice,2026-09-24T00:32:00,Dark Arcanite Boots,1,1
110,Malice,2026-09-24T00:32:00,Dark Arcanite Helm,1,1
110,Malice,2026-09-24T00:32:00,Robe of Repentance,1,1
111,Levia,2026-09-24T01:01:46,Battle Prep (red),1,0
111,Levia,2026-09-24T01:01:46,Cleave the Heavens (red),1,0
111,Levia,2026-09-24T01:01:46,Feasting Shadowbeast (red),2,0
111,Levia,2026-09-24T01:01:46,Feeding Frenzy (red),3,0
111,Levia,2026-09-24T01:01:46,Gorging Shadowbeast (red),1,0
111,Levia,2026-09-24T01:01:46,Peak Power (red),1,0
111,Levia,2026-09-24T01:01:46,Rise to the Challenge (red),2,0
111,Levia,2026-09-24T01:01:46,Rocktop Bellow (red),1,0
111,Levia,2026-09-24T01:01:46,Rumbling of i'Arathael (red),1,0
111,Levia,2026-09-24T01:01:46,Satiate Bloodthirst (red),1,0
111,Levia,2026-09-24T01:01:46,Tribute to Greater Power (red),1,0
111,Levia,2026-09-24T01:01:46,Cleave the Heavens (yellow),1,0
111,Levia,2026-09-24T01:01:46,Feasting Shadowbeast (yellow),1,0
111,Levia,2026-09-24T01:01:46,Rumbling Hunger (yellow),1,0
111,Levia,2026-09-24T01:01:46,Satiate Bloodthirst (yellow),1,0
111,Levia,2026-09-24T01:01:46,Whispers Within (yellow),1,0
111,Levia,2026-09-24T01:01:46,Beckoning Hunger (blue),1,0
111,Levia,2026-09-24T01:01:46,Consuming Command (blue),1,0
111,Levia,2026-09-24T01:01:46,Dimenxxional Ferryman (blue),1,0
111,Levia,2026-09-24T01:01:46,Feeding Frenzy (blue),2,0
111,Levia,2026-09-24T01:01:46,Gorging Shadowbeast (blue),1,0
111,Levia,2026-09-24T01:01:46,Peak Power (blue),1,0
111,Levia,2026-09-24T01:01:46,Rise to the Challenge (blue),1,0
111,Levia,2026-09-24T01:01:46,Rumbling Hunger (blue),1,0
111,Levia,2026-09-24T01:01:46,Satiate Bloodthirst (blue),1,0
111,Levia,2026-09-24T01:01:46,Shadowrealm Walker (blue),1,0
111,Levia,2026-09-24T01:01:46,Dark Arcanite Boots,1,1
111,Levia,2026-09-24T01:01:46,Dark Arcanite Gloves,1,1
111,Levia,2026-09-24T01:01:46,Dark Arcanite Plating,1,1
111,Levia,2026-09-24T01:01:46,Grille of Repentance,1,1
111,Levia,2026-09-24T01:01:46,Path of Repentance,1,1
112,Malice,2026-09-24T01:32:11,Bonded Burial (red),2,0
112,Malice,2026-09-24T01:32:11,Corporeal Chasm (red),1,0
112,Malice,2026-09-24T01:32:11,Dam the Shadowake (red),1,0
112,Malice,2026-09-24T01:32:11,Exorcism (red),1,0
112,Malice,2026-09-24T01:32:11,Malignant Migration (red),2,0
112,Malice,2026-09-24T01:32:11,Mutual Sacrifice (red),1,0
112,Malice,2026-09-24T01:32:11,Ominous Toll (red),1,0
112,Malice,2026-09-24T01:32:11,Permanent Interment (red),1,0
112,Malice,2026-09-24T01:32:11,Restless Cleric (red),2,0
112,Malice,2026-09-24T01:32:11,Restless Corporal (red),1,0
112,Malice,2026-09-24T01:32:11,Restless Shieldmaiden (red),1,0
112,Malice,2026-09-24T01:32:11,Shadowrealm Strength (red),1,0
112,Malice,2026-09-24T01:32:11,Acrid Stench (yellow),1,0
112,Malice,2026-09-24T01:32:11,Bone Mass (yellow),1,0
112,Malice,2026-09-24T01:32:11,Countdown to Extinction (yellow),1,0
112,Malice,2026-09-24T01:32:11,Mutual Sacrifice (yellow),1,0
112,Malice,2026-09-24T01:32:11,Pull from Beyond (yellow),1,0
112,Malice,2026-09-24T01:32:11,Shadowrealm Walker (yellow),1,0
112,Malice,2026-09-24T01:32:11,Bonded Burial (blue),1,0
112,Malice,2026-09-24T01:32:11,Breach Flesh (blue),1,0
112,Malice,2026-09-24T01:32:11,Corporeal Chasm (blue),2,0
112,Malice,2026-09-24T01:32:11,Ghostly Visit (blue),1,0
112,Malice,2026-09-24T01:32:11,Malignant Migration (blue),1,0
112,Malice,2026-09-24T01:32:11,Mark of Pathstone (blue),1,0
112,Malice,2026-09-24T01:32:11,Mutual Sacrifice (blue),1,0
112,Malice,2026-09-24T01:32:11,Ominous Toll (blue),1,0
112,Malice,2026-09-24T01:32:11,Permanent Interment (blue),2,0
112,Malice,2026-09-24T01:32:11,Rally the Shadow Horde (blue),1,0
112,Malice,2026-09-24T01:32:11,Shadowrealm Solace (blue),1,0
112,Malice,2026-09-24T01:32:11,Whispers Within (blue),2,0
112,Malice,2026-09-24T01:32:11,Dark Arcanite Plating,1,1
112,Malice,2026-09-24T01:32:11,Path of Repentance,1,1
113,Levia,2026-09-24T02:53:49,Beckoning Hunger (red),1,0
113,Levia,2026-09-24T02:53:49,Corporeal Chasm (red),1,0
113,Levia,2026-09-24T02:53:49,Darkest Hour (red),1,0
113,Levia,2026-09-24T02:53:49,Feasting Shadowbeast (red),1,0
113,Levia,2026-09-24T02:53:49,Feeding Frenzy (red),1,0
113,Levia,2026-09-24T02:53:49,Headstrong Stampede (red),1,0
113,Levia,2026-09-24T02:53:49,Rumbling of i'Arathael (red),1,0
113,Levia,2026-09-24T02:53:49,Satiate Bloodthirst (red),1,0
113,Levia,2026-09-24T02:53:49,Seek Horizon (red),2,0
113,Levia,2026-09-24T02:53:49,Tremor of i'Arathael (red),1,0
113,Levia,2026-09-24T02:53:49,Whispers Within (red),1,0
113,Levia,2026-09-24T02:53:49,Apex Buster (yellow),1,0
113,Levia,2026-09-24T02:53:49,Beckoning Hunger (yellow),1,0
113,Levia,2026-09-24T02:53:49,Dam the Shadowake (yellow),1,0
113,Levia,2026-09-24T02:53:49,Feasting Shadowbeast (yellow),1,0
113,Levia,2026-09-24T02:53:49,Gorging Shadowbeast (yellow),1,0
113,Levia,2026-09-24T02:53:49,Ingest the Unknown (yellow),1,0
113,Levia,2026-09-24T02:53:49,Seek Horizon (yellow),1,0
113,Levia,2026-09-24T02:53:49,Shadowrealm Reaper (yellow),1,0
113,Levia,2026-09-24T02:53:49,Shadowrealm Walker (yellow),1,0
113,Levia,2026-09-24T02:53:49,Void Wraith (yellow),1,0
113,Levia,2026-09-24T02:53:49,Abyssal Rush (blue),2,0
113,Levia,2026-09-24T02:53:49,Blasmophet's Boon (blue),2,0
113,Levia,2026-09-24T02:53:49,Cleave the Heavens (blue),1,0
113,Levia,2026-09-24T02:53:49,Consuming Command (blue),1,0
113,Levia,2026-09-24T02:53:49,Corporeal Chasm (blue),1,0
113,Levia,2026-09-24T02:53:49,Dam the Shadowake (blue),1,0
113,Levia,2026-09-24T02:53:49,Feasting Shadowbeast (blue),2,0
113,Levia,2026-09-24T02:53:49,Gorging Shadowbeast (blue),2,0
113,Levia,2026-09-24T02:53:49,Headstrong Stampede (blue),1,0
113,Levia,2026-09-24T02:53:49,Rise to the Challenge (blue),1,0
113,Levia,2026-09-24T02:53:49,Seek Horizon (blue),1,0
113,Levia,2026-09-24T02:53:49,Dark Arcanite Helm,1,1
113,Levia,2026-09-24T02:53:49,Robe of Repentance,1,1
114,Malice,2026-09-24T03:11:06,Bone Mass (red),1,0
114,Malice,2026-09-24T03:11:06,Commit to Corruption (red),1,0
114,Malice,2026-09-24T03:11:06,Corpse Cover (red),1,0
114,Malice,2026-09-24T03:11:06,Exorcism (red),2,0
114,Malice,2026-09-24T03:11:06,Malignant Migration (red),1,0
114,Malice,2026-09-24T03:11:06,Restless Cleric (red),1,0
114,Malice,2026-09-24T03:11:06,Restless Corporal (red),1,0
114,Malice,2026-09-24T03:11:06,Restless Magister (red),1,0
114,Malice,2026-09-24T03:11:06,Restless Outlaw (red),2,0
114,Malice,2026-09-24T03:11:06,Restless Shieldmaiden (red),1,0
114,Malice,2026-09-24T03:11:06,Restless Steed (red),1,0
114,Malice,2026-09-24T03:11:06,Seek Horizon (red),1,0
114,Malice,2026-09-24T03:11:06,Shadowrealm Strength (red),1,0
114,Malice,2026-09-24T03:11:06,Tome of Necrosis (red),1,0
114,Malice,2026-09-24T03:11:06,Whispers Within (red),1,0
114,Malice,2026-09-24T03:11:06,Acrid Stench (yellow),1,0
114,Malice,2026-09-24T03:11:06,Corporeal Chasm (yellow),1,0
114,Malice,2026-09-24T03:11:06,Corpse Cover (yellow),1,0
114,Malice,2026-09-24T03:11:06,Countdown to Extinction (yellow),1,0
114,Malice,2026-09-24T03:11:06,Dam the Shadowake (yellow),1,0
114,Malice,2026-09-24T03:11:06,Malignant Migration (yellow),1,0
114,Malice,2026-09-24T03:11:06,Ominous Toll (yellow),1,0
114,Malice,2026-09-24T03:11:06,Shadowrealm Ripper (yellow),1,0
114,Malice,2026-09-24T03:11:06,Step through Realms (yellow),1,0
114,Malice,2026-09-24T03:11:06,Acrid Stench (blue),1,0
114,Malice,2026-09-24T03:11:06,Bone Barrier (blue),1,0
114,Malice,2026-09-24T03:11:06,Breach Flesh (blue),1,0
114,Malice,2026-09-24T03:11:06,Corporeal Chasm (blue),1,0
114,Malice,2026-09-24T03:11:06,Dam the Shadowake (blue),1,0
114,Malice,2026-09-24T03:11:06,Shadowrealm Bloodhound (blue),1,0
114,Malice,2026-09-24T03:11:06,Shadowrealm Ripper (blue),1,0
114,Malice,2026-09-24T03:11:06,Skeletal Puppetry (blue),1,0
114,Malice,2026-09-24T03:11:06,Void Wraith (blue),1,0
114,Malice,2026-09-24T03:11:06,Dark Arcanite Boots,1,1
114,Malice,2026-09-24T03:11:06,Dark Arcanite Gloves,1,1
114,Malice,2026-09-24T03:11:06,Dark Arcanite Helm,1,1
114,Malice,2026-09-24T03:11:06,Robe of Repentance,1,1
115,Levia,2026-09-24T04:40:16,Battle Prep (red),1,0
115,Levia,2026-09-24T04:40:16,Cleave the Heavens (red),2,0
115,Levia,2026-09-24T04:40:16,Corrupt and Conquer (red),1,0
115,Levia,2026-09-24T04:40:16,Feeding Frenzy (red),1,0
115,Levia,2026-09-24T04:40:16,Harbinger of Destruction (red),1,0
115,Levia,2026-09-24T04:40:16,Permanent Interment (red),1,0
115,Levia,2026-09-24T04:40:16,Rumbling of i'Arathael (red),1,0
115,Levia,2026-09-24T04:40:16,Satiate Bloodthirst (red),1,0
115,Levia,2026-09-24T04:40:16,Seek Horizon (red),2,0
115,Levia,2026-09-24T04:40:16,Shadowrealm Walker (red),1,0
115,Levia,2026-09-24T04:40:16,Step through Realms (red),2,0
115,Levia,2026-09-24T04:40:16,Cleave the Heavens (yellow),1,0
115,Levia,2026-09-24T04:40:16,Corporeal Chasm (yellow),1,0
115,Levia,2026-09-24T04:40:16,Headstrong Stampede (yellow),1,0
115,Levia,2026-09-24T04:40:16,Ingest the Unknown (yellow),1,0
115,Levia,2026-09-24T04:40:16,Pull from Beyond (yellow),1,0
115,Levia,2026-09-24T04:40:16,Shadowrealm Walker (yellow),1,0
115,Levia,2026-09-24T04:40:16,Whispers Within (yellow),1,0
115,Levia,2026-09-24T04:40:16,Abyssal Rush (blue),1,0
115,Levia,2026-09-24T04:40:16,Battle Clearing Bellow (blue),1,0
115,Levia,2026-09-24T04:40:16,Battle Prep (blue),1,0
115,Levia,2026-09-24T04:40:16,Beckoning Hunger (blue),2,0
115,Levia,2026-09-24T04:40:16,Blasmophet's Boon (blue),1,0
115,Levia,2026-09-24T04:40:16,Darkest Hour (blue),1,0
115,Levia,2026-09-24T04:40:16,Feasting Shadowbeast (blue),1,0
115,Levia,2026-09-24T04:40:16,Goremass Summoning (blue),2,0
115,Levia,2026-09-24T04:40:16,Rally the Shadow Horde (blue),1,0
115,Levia,2026-09-24T04:40:16,Void Wraith (blue),1,0
115,Levia,2026-09-24T04:40:16,Dark Arcanite Helm,1,1
115,Levia,2026-09-24T04:40:16,Grille of Repentance,1,1
115,Levia,2026-09-24T04:40:16,Robe of Repentance,1,1
116,"Viserai, Between Worlds",2026-09-24T05:23:48,Bloodfrenzy Gloomblade (red),1,0
116,"Viserai, Between Worlds",2026-09-24T05:23:48,Cullingsong Gloomblade (red),1,0
116,"Viserai, Between Worlds",2026-09-24T05:23:48,Embrace Ursur (red),3,0
116,"Viserai, Between Worlds",2026-09-24T05:23:48,Enshrine Sin (red),1,0
116,"Viserai, Between Worlds",2026-09-24T05:23:48,Ghostly Visit (red),1,0
116,"Viserai, Between Worlds",2026-09-24T05:23:48,Murmuring Gloomblade (red),1,0
116,"Viserai, Between Worlds",2026-09-24T05:23:48,Otherworldly Sins (red),1,0
116,"Viserai, Between Worlds",2026-09-24T05:23:48,Plundersong Gloomblade (red),2,0
116,"Viserai, Between Worlds",2026-09-24T05:23:48,Runic Disposition (red),1,0
116,"Viserai, Between Worlds",2026-09-24T05:23:48,Shadowake Gloomblade (red),2,0
116,"Viserai, Between Worlds",2026-09-24T05:23:48,Shadowrealm Ripper (red),1,0
116,"Viserai, Between Worlds",2026-09-24T05:23:48,Shadowrealm Walker (red),1,0
116,"Viserai, Between Worlds",2026-09-24T05:23:48,Bloodfrenzy Gloomblade (yellow),1,0
116,"Viserai, Between Worlds",2026-09-24T05:23:48,Demonbound Gloomblade (yellow),1,0
116,"Viserai, Between Worlds",2026-09-24T05:23:48,Embrace Ursur (yellow),1,0
116,"Viserai, Between Worlds",2026-09-24T05:23:48,Enshrine Sin (yellow),2,0
116,"Viserai, Between Worlds",2026-09-24T05:23:48,Otherworldly Sins (yellow),1,0
116,"Viserai, Between Worlds",2026-09-24T05:23:48,Promise of Power (yellow),1,0
116,"Viserai, Between Worlds",2026-09-24T05:23:48,Runechant of Lust (yellow),1,0
116,"Viserai, Between Worlds",2026-09-24T05:23:48,Shadowake Gloomblade (yellow),1,0
116,"Viserai, Between Worlds",2026-09-24T05:23:48,Vexing Gloomblade (yellow),1,0
116,"Viserai, Between Worlds",2026-09-24T05:23:48,Bloodfrenzy Gloomblade (blue),1,0
116,"Viserai, Between Worlds",2026-09-24T05:23:48,Demonbound Gloomblade (blue),2,0
116,"Viserai, Between Worlds",2026-09-24T05:23:48,Embrace Ursur (blue),1,0
116,"Viserai, Between Worlds",2026-09-24T05:23:48,Enshrine Sin (blue),1,0
116,"Viserai, Between Worlds",2026-09-24T05:23:48,Murmuring Gloomblade (blue),1,0
116,"Viserai, Between Worlds",2026-09-24T05:23:48,Otherworldly Sins (blue),1,0
116,"Viserai, Between Worlds",2026-09-24T05:23:48,Runic Reaving (blue),1,0
116,"Viserai, Between Worlds",2026-09-24T05:23:48,Shadowake Gloomblade (blue),1,0
116,"Viserai, Between Worlds",2026-09-24T05:23:48,Vexing Gloomblade (blue),1,0
116,"Viserai, Between Worlds",2026-09-24T05:23:48,Dark Arcanite Plating,1,1
116,"Viserai, Between Worlds",2026-09-24T05:23:48,Grille of Repentance,1,1
116,"Viserai, Between Worlds",2026-09-24T05:23:48,Path of Repentance,1,1
117,Malice,2026-09-24T06:25:39,Acrid Stench (red),2,0
117,Malice,2026-09-24T06:25:39,Bone Mass (red),1,0
117,Malice,2026-09-24T06:25:39,Breach Flesh (red),1,0
117,Malice,2026-09-24T06:25:39,Commit to Corruption (red),1,0
117,Malice,2026-09-24T06:25:39,Dam the Shadowake (red),1,0
117,Malice,2026-09-24T06:25:39,Darkest Hour (red),1,0
117,Malice,2026-09-24T06:25:39,Ghostly Visit (red),1,0
117,Malice,2026-09-24T06:25:39,Ominous Toll (red),1,0
117,Malice,2026-09-24T06:25:39,Restless Corporal (red),1,0
117,Malice,2026-09-24T06:25:39,Restless Plowman (red),1,0
117,Malice,2026-09-24T06:25:39,Restless Quartermaster (red),1,0
117,Malice,2026-09-24T06:25:39,Restless Shieldmaiden (red),2,0
117,Malice,2026-09-24T06:25:39,Seek Horizon (red),1,0
117,Malice,2026-09-24T06:25:39,Acrid Stench (yellow),2,0
117,Malice,2026-09-24T06:25:39,Dam the Shadowake (yellow),1,0
117,Malice,2026-09-24T06:25:39,Darkest Hour (yellow),1,0
117,Malice,2026-09-24T06:25:39,Shadowrealm Swiftness (yellow),2,0
117,Malice,2026-09-24T06:25:39,Step through Realms (yellow),1,0
117,Malice,2026-09-24T06:25:39,Acrid Stench (blue),2,0
117,Malice,2026-09-24T06:25:39,Bonded Burial (blue),1,0
117,Malice,2026-09-24T06:25:39,Bone Mass (blue),1,0
117,Malice,2026-09-24T06:25:39,Darkest Hour (blue),1,0
117,Malice,2026-09-24T06:25:39,Malignant Migration (blue),1,0
117,Malice,2026-09-24T06:25:39,Mark of Pathstone (blue),1,0
117,Malice,2026-09-24T06:25:39,Mutual Sacrifice (blue),1,0
117,Malice,2026-09-24T06:25:39,Ominous Toll (blue),1,0
117,Malice,2026-09-24T06:25:39,Rites of Nightfall (blue),1,0
117,Malice,2026-09-24T06:25:39,Skeletal Puppetry (blue),1,0
117,Malice,2026-09-24T06:25:39,Void Wraith (blue),2,0
117,Malice,2026-09-24T06:25:39,Whispers Within (blue),1,0
117,Malice,2026-09-24T06:25:39,Dark Arcanite Helm,1,1
117,Malice,2026-09-24T06:25:39,Dark Arcanite Plating,1,1
117,Malice,2026-09-24T06:25:39,Path of Repentance,1,1
118,Levia,2026-09-24T08:46:00,Dam the Shadowake (red),1,0
118,Levia,2026-09-24T08:46:00,Devouring Doomwake (red),1,0
118,Levia,2026-09-24T08:46:00,Feasting Shadowbeast (red),2,0
118,Levia,2026-09-24T08:46:00,Gorging Shadowbeast (red),4,0
118,Levia,2026-09-24T08:46:00,Permanent Interment (red),1,0
118,Levia,2026-09-24T08:46:00,Rumbling of i'Arathael (red),1,0
118,Levia,2026-09-24T08:46:00,Satiate Bloodthirst (red),1,0
118,Levia,2026-09-24T08:46:00,Seek Horizon (red),1,0
118,Levia,2026-09-24T08:46:00,Step through Realms (red),1,0
118,Levia,2026-09-24T08:46:00,Battle Prep (yellow),1,0
118,Levia,2026-09-24T08:46:00,Beckoning Hunger (yellow),1,0
118,Levia,2026-09-24T08:46:00,Consuming Lash (yellow),1,0
118,Levia,2026-09-24T08:46:00,Consuming Strength (yellow),1,0
118,Levia,2026-09-24T08:46:00,Corporeal Chasm (yellow),1,0
118,Levia,2026-09-24T08:46:00,Peak Power (yellow),1,0
118,Levia,2026-09-24T08:46:00,Rally the Shadow Horde (yellow),1,0
118,Levia,2026-09-24T08:46:00,Step through Realms (yellow),1,0
118,Levia,2026-09-24T08:46:00,Whispers Within (yellow),1,0
118,Levia,2026-09-24T08:46:00,Blasmophet's Boon (blue),1,0
118,Levia,2026-09-24T08:46:00,Cleave the Heavens (blue),1,0
118,Levia,2026-09-24T08:46:00,Consuming Command (blue),1,0
118,Levia,2026-09-24T08:46:00,Corporeal Chasm (blue),2,0
118,Levia,2026-09-24T08:46:00,Gorging Shadowbeast (blue),1,0
118,Levia,2026-09-24T08:46:00,Rise to the Challenge (blue),1,0
118,Levia,2026-09-24T08:46:00,Satiate Bloodthirst (blue),2,0
118,Levia,2026-09-24T08:46:00,Seek Horizon (blue),1,0
118,Levia,2026-09-24T08:46:00,Shadowrealm Ripper (blue),1,0
118,Levia,2026-09-24T08:46:00,Grille of Repentance,1,1
118,Levia,2026-09-24T08:46:00,Robe of Repentance,1,1
119,Levia,2026-09-24T11:20:46,Beckoning Hunger (red),1,0
119,Levia,2026-09-24T11:20:46,Cleave the Heavens (red),1,0
119,Levia,2026-09-24T11:20:46,Dam the Shadowake (red),1,0
119,Levia,2026-09-24T11:20:46,Feasting Shadowbeast (red),1,0
119,Levia,2026-09-24T11:20:46,Feeding Frenzy (red),2,0
119,Levia,2026-09-24T11:20:46,Gorging Shadowbeast (red),3,0
119,Levia,2026-09-24T11:20:46,Hellbound Assault (red),2,0
119,Levia,2026-09-24T11:20:46,Rocktop Bellow (red),1,0
119,Levia,2026-09-24T11:20:46,Satiate Bloodthirst (red),1,0
119,Levia,2026-09-24T11:20:46,Step through Realms (red),1,0
119,Levia,2026-09-24T11:20:46,Beckoning Hunger (yellow),2,0
119,Levia,2026-09-24T11:20:46,Cleave the Heavens (yellow),2,0
119,Levia,2026-09-24T11:20:46,Feeding Frenzy (yellow),3,0
119,Levia,2026-09-24T11:20:46,Gorging Shadowbeast (yellow),1,0
119,Levia,2026-09-24T11:20:46,Hellbound Assault (yellow),2,0
119,Levia,2026-09-24T11:20:46,Peak Power (yellow),1,0
119,Levia,2026-09-24T11:20:46,Whispers Within (yellow),1,0
119,Levia,2026-09-24T11:20:46,Abyssal Bite (blue),1,0
119,Levia,2026-09-24T11:20:46,Blasmophet's Boon (blue),1,0
119,Levia,2026-09-24T11:20:46,Cleave the Heavens (blue),1,0
119,Levia,2026-09-24T11:20:46,Dimenxxional Ferryman (blue),1,0
119,Levia,2026-09-24T11:20:46,Feeding Frenzy (blue),1,0
119,Levia,2026-09-24T11:20:46,Gorging Shadowbeast (blue),2,0
119,Levia,2026-09-24T11:20:46,Headstrong Stampede (blue),1,0
119,Levia,2026-09-24T11:20:46,Rise to the Challenge (blue),1,0
119,Levia,2026-09-24T11:20:46,Rocktop Bellow (blue),1,0
119,Levia,2026-09-24T11:20:46,Satiate Bloodthirst (blue),2,0
119,Levia,2026-09-24T11:20:46,Step through Realms (blue),1,0
119,Levia,2026-09-24T11:20:46,Dark Arcanite Boots,1,1
119,Levia,2026-09-24T11:20:46,Grille of Repentance,1,1
120,"Viserai, Between Worlds",2026-09-24T16:15:48,Bloodfrenzy Gloomblade (red),1,0
120,"Viserai, Between Worlds",2026-09-24T16:15:48,Breach Flesh (red),1,0
120,"Viserai, Between Worlds",2026-09-24T16:15:48,Cullingsong Gloomblade (red),1,0
120,"Viserai, Between Worlds",2026-09-24T16:15:48,Demonbound Gloomblade (red),1,0
120,"Viserai, Between Worlds",2026-09-24T16:15:48,Embrace Ursur (red),2,0
120,"Viserai, Between Worlds",2026-09-24T16:15:48,Enshrine Sin (red),1,0
120,"Viserai, Between Worlds",2026-09-24T16:15:48,Ghostly Visit (red),1,0
120,"Viserai, Between Worlds",2026-09-24T16:15:48,Murmuring Gloomblade (red),1,0
120,"Viserai, Between Worlds",2026-09-24T16:15:48,Plundersong Gloomblade (red),1,0
120,"Viserai, Between Worlds",2026-09-24T16:15:48,Runic Disposition (red),1,0
120,"Viserai, Between Worlds",2026-09-24T16:15:48,Seek Horizon (red),1,0
120,"Viserai, Between Worlds",2026-09-24T16:15:48,Shadowake Gloomblade (red),1,0
120,"Viserai, Between Worlds",2026-09-24T16:15:48,Bloodfrenzy Gloomblade (yellow),1,0
120,"Viserai, Between Worlds",2026-09-24T16:15:48,Countdown to Extinction (yellow),1,0
120,"Viserai, Between Worlds",2026-09-24T16:15:48,Darkest Hour (yellow),1,0
120,"Viserai, Between Worlds",2026-09-24T16:15:48,Demonbound Gloomblade (yellow),1,0
120,"Viserai, Between Worlds",2026-09-24T16:15:48,Embrace Ursur (yellow),1,0
120,"Viserai, Between Worlds",2026-09-24T16:15:48,Murmuring Gloomblade (yellow),1,0
120,"Viserai, Between Worlds",2026-09-24T16:15:48,Otherworldly Sins (yellow),1,0
120,"Viserai, Between Worlds",2026-09-24T16:15:48,Runechant of Gluttony (yellow),1,0
120,"Viserai, Between Worlds",2026-09-24T16:15:48,Runechant of Lust (yellow),1,0
120,"Viserai, Between Worlds",2026-09-24T16:15:48,Runechant of Pride (yellow),1,0
120,"Viserai, Between Worlds",2026-09-24T16:15:48,Runechant of Wrath (yellow),1,0
120,"Viserai, Between Worlds",2026-09-24T16:15:48,Abyssal Bite (blue),1,0
120,"Viserai, Between Worlds",2026-09-24T16:15:48,Abyssal Rush (blue),1,0
120,"Viserai, Between Worlds",2026-09-24T16:15:48,Bloodfrenzy Gloomblade (blue),1,0
120,"Viserai, Between Worlds",2026-09-24T16:15:48,Darkest Hour (blue),1,0
120,"Viserai, Between Worlds",2026-09-24T16:15:48,Dimenxxional Ferryman (blue),1,0
120,"Viserai, Between Worlds",2026-09-24T16:15:48,Murmuring Gloomblade (blue),2,0
120,"Viserai, Between Worlds",2026-09-24T16:15:48,Otherworldly Sins (blue),1,0
120,"Viserai, Between Worlds",2026-09-24T16:15:48,Permanent Interment (blue),1,0
120,"Viserai, Between Worlds",2026-09-24T16:15:48,Pull from Beyond (blue),1,0
120,"Viserai, Between Worlds",2026-09-24T16:15:48,Rally the Shadow Horde (blue),1,0
120,"Viserai, Between Worlds",2026-09-24T16:15:48,Runic Reaving (blue),1,0
120,"Viserai, Between Worlds",2026-09-24T16:15:48,Step through Realms (blue),1,0
120,"Viserai, Between Worlds",2026-09-24T16:15:48,Dark Arcanite Plating,1,1
121,Malice,2026-09-24T21:08:06,Bonded Burial (red),1,0
121,Malice,2026-09-24T21:08:06,Bone Mass (red),1,0
121,Malice,2026-09-24T21:08:06,Breach Flesh (red),1,0
121,Malice,2026-09-24T21:08:06,Corpse Cover (red),1,0
121,Malice,2026-09-24T21:08:06,Darkest Hour (red),2,0
121,Malice,2026-09-24T21:08:06,Ominous Toll (red),3,0
121,Malice,2026-09-24T21:08:06,Pull from Beyond (red),1,0
121,Malice,2026-09-24T21:08:06,Restless Looter (red),1,0
121,Malice,2026-09-24T21:08:06,Restless Outlaw (red),1,0
121,Malice,2026-09-24T21:08:06,Restless Plowman (red),2,0
121,Malice,2026-09-24T21:08:06,Restless Shieldmaiden (red),1,0
121,Malice,2026-09-24T21:08:06,Restless Steed (red),2,0
121,Malice,2026-09-24T21:08:06,Shadowrealm Ripper (red),1,0
121,Malice,2026-09-24T21:08:06,Shadowrealm Strength (red),3,0
121,Malice,2026-09-24T21:08:06,Breach Flesh (yellow),1,0
121,Malice,2026-09-24T21:08:06,Corpse Cover (yellow),1,0
121,Malice,2026-09-24T21:08:06,Dam the Shadowake (yellow),1,0
121,Malice,2026-09-24T21:08:06,Mutual Sacrifice (yellow),1,0
121,Malice,2026-09-24T21:08:06,Permanent Interment (yellow),1,0
121,Malice,2026-09-24T21:08:06,Shadowrealm Walker (yellow),1,0
121,Malice,2026-09-24T21:08:06,Abyssal Rush (blue),1,0
121,Malice,2026-09-24T21:08:06,Bone Mass (blue),3,0
121,Malice,2026-09-24T21:08:06,Malignant Migration (blue),2,0
121,Malice,2026-09-24T21:08:06,Ominous Toll (blue),1,0
121,Malice,2026-09-24T21:08:06,Permanent Interment (blue),1,0
121,Malice,2026-09-24T21:08:06,Seek Horizon (blue),1,0
121,Malice,2026-09-24T21:08:06,Shadowrealm Ripper (blue),2,0
121,Malice,2026-09-24T21:08:06,Shadowrealm Solace (blue),1,0
121,Malice,2026-09-24T21:08:06,Shadowrealm Walker (blue),1,0
121,Malice,2026-09-24T21:08:06,Dark Arcanite Plating,1,1
122,Malice,2026-09-24T21:20:15,Acrid Stench (red),1,0
122,Malice,2026-09-24T21:20:15,Bonded Burial (red),2,0
122,Malice,2026-09-24T21:20:15,Breach Flesh (red),1,0
122,Malice,2026-09-24T21:20:15,Dam the Shadowake (red),1,0
122,Malice,2026-09-24T21:20:15,Darkest Hour (red),1,0
122,Malice,2026-09-24T21:20:15,Mutual Sacrifice (red),2,0
122,Malice,2026-09-24T21:20:15,Restless Corporal (red),2,0
122,Malice,2026-09-24T21:20:15,Restless Outlaw (red),2,0
122,Malice,2026-09-24T21:20:15,Restless Plowman (red),1,0
122,Malice,2026-09-24T21:20:15,Step through Realms (red),3,0
122,Malice,2026-09-24T21:20:15,Acrid Stench (yellow),2,0
122,Malice,2026-09-24T21:20:15,Bonded Burial (yellow),1,0
122,Malice,2026-09-24T21:20:15,Bone Mass (yellow),2,0
122,Malice,2026-09-24T21:20:15,Skeletal Puppetry (yellow),1,0
122,Malice,2026-09-24T21:20:15,Abyssal Rush (blue),1,0
122,Malice,2026-09-24T21:20:15,Bonded Burial (blue),1,0
122,Malice,2026-09-24T21:20:15,Bone Mass (blue),2,0
122,Malice,2026-09-24T21:20:15,Corporeal Chasm (blue),1,0
122,Malice,2026-09-24T21:20:15,Darkest Hour (blue),2,0
122,Malice,2026-09-24T21:20:15,Ghostly Visit (blue),1,0
122,Malice,2026-09-24T21:20:15,Mark of Ushering (blue),1,0
122,Malice,2026-09-24T21:20:15,Mutual Sacrifice (blue),1,0
122,Malice,2026-09-24T21:20:15,Permanent Interment (blue),1,0
122,Malice,2026-09-24T21:20:15,Pull from Beyond (blue),1,0
122,Malice,2026-09-24T21:20:15,Shadowrealm Solace (blue),1,0
122,Malice,2026-09-24T21:20:15,Skeletal Puppetry (blue),1,0
122,Malice,2026-09-24T21:20:15,Step through Realms (blue),1,0
122,Malice,2026-09-24T21:20:15,Dark Arcanite Helm,1,1
122,Malice,2026-09-24T21:20:15,Path of Repentance,1,1
123,Levia,2026-09-24T21:52:49,Cleave the Heavens (red),1,0
123,Levia,2026-09-24T21:52:49,Dam the Shadowake (red),1,0
123,Levia,2026-09-24T21:52:49,Devouring Doomwake (red),1,0
123,Levia,2026-09-24T21:52:49,Rise to the Challenge (red),1,0
123,Levia,2026-09-24T21:52:49,Rocktop Bellow (red),1,0
123,Levia,2026-09-24T21:52:49,Rumbling Hunger (red),1,0
123,Levia,2026-09-24T21:52:49,Shadowrealm Walker (red),1,0
123,Levia,2026-09-24T21:52:49,Violent Gusto (red),1,0
123,Levia,2026-09-24T21:52:49,Whispers Within (red),1,0
123,Levia,2026-09-24T21:52:49,Beckoning Hunger (yellow),1,0
123,Levia,2026-09-24T21:52:49,Breach Flesh (yellow),1,0
123,Levia,2026-09-24T21:52:49,Consuming Appetite (yellow),1,0
123,Levia,2026-09-24T21:52:49,Darkest Hour (yellow),1,0
123,Levia,2026-09-24T21:52:49,Feeding Frenzy (yellow),1,0
123,Levia,2026-09-24T21:52:49,Rise to the Challenge (yellow),2,0
123,Levia,2026-09-24T21:52:49,Rocktop Bellow (yellow),1,0
123,Levia,2026-09-24T21:52:49,Void Wraith (yellow),1,0
123,Levia,2026-09-24T21:52:49,Whispers Within (yellow),2,0
123,Levia,2026-09-24T21:52:49,Abyssal Bite (blue),1,0
123,Levia,2026-09-24T21:52:49,Abyssal Force (blue),1,0
123,Levia,2026-09-24T21:52:49,Abyssal Rush (blue),1,0
123,Levia,2026-09-24T21:52:49,Beckoning Hunger (blue),1,0
123,Levia,2026-09-24T21:52:49,Breach Flesh (blue),1,0
123,Levia,2026-09-24T21:52:49,Corporeal Chasm (blue),2,0
123,Levia,2026-09-24T21:52:49,Feasting Shadowbeast (blue),1,0
123,Levia,2026-09-24T21:52:49,Goremass Summoning (blue),1,0
123,Levia,2026-09-24T21:52:49,Headstrong Stampede (blue),1,0
123,Levia,2026-09-24T21:52:49,Hellbound Assault (blue),1,0
123,Levia,2026-09-24T21:52:49,Rise to the Challenge (blue),1,0
123,Levia,2026-09-24T21:52:49,Shadowrealm Bloodhound (blue),1,0
123,Levia,2026-09-24T21:52:49,Dark Arcanite Gloves,1,1
123,Levia,2026-09-24T21:52:49,Dark Arcanite Helm,1,1
123,Levia,2026-09-24T21:52:49,Robe of Repentance,1,1
124,Levia,2026-09-24T23:33:02,Beckoning Hunger (red),1,0
124,Levia,2026-09-24T23:33:02,Cleave the Heavens (red),2,0
124,Levia,2026-09-24T23:33:02,Feeding Frenzy (red),1,0
124,Levia,2026-09-24T23:33:02,Headstrong Stampede (red),1,0
124,Levia,2026-09-24T23:33:02,Rally the Shadow Horde (red),1,0
124,Levia,2026-09-24T23:33:02,Rise to the Challenge (red),1,0
124,Levia,2026-09-24T23:33:02,Satiate Bloodthirst (red),1,0
124,Levia,2026-09-24T23:33:02,Seek Horizon (red),1,0
124,Levia,2026-09-24T23:33:02,Step through Realms (red),4,0
124,Levia,2026-09-24T23:33:02,Battle Prep (yellow),1,0
124,Levia,2026-09-24T23:33:02,Cleave the Heavens (yellow),1,0
124,Levia,2026-09-24T23:33:02,Consuming Appetite (yellow),1,0
124,Levia,2026-09-24T23:33:02,Consuming Lash (yellow),1,0
124,Levia,2026-09-24T23:33:02,Corporeal Chasm (yellow),1,0
124,Levia,2026-09-24T23:33:02,Rise to the Challenge (yellow),1,0
124,Levia,2026-09-24T23:33:02,Satiate Bloodthirst (yellow),1,0
124,Levia,2026-09-24T23:33:02,Shadowrealm Walker (yellow),1,0
124,Levia,2026-09-24T23:33:02,Abyssal Bite (blue),1,0
124,Levia,2026-09-24T23:33:02,Blasmophet's Boon (blue),1,0
124,Levia,2026-09-24T23:33:02,Consuming Command (blue),2,0
124,Levia,2026-09-24T23:33:02,Darkest Hour (blue),1,0
124,Levia,2026-09-24T23:33:02,Feeding Frenzy (blue),2,0
124,Levia,2026-09-24T23:33:02,Ghostly Visit (blue),1,0
124,Levia,2026-09-24T23:33:02,Gorging Shadowbeast (blue),2,0
124,Levia,2026-09-24T23:33:02,Headstrong Stampede (blue),1,0
124,Levia,2026-09-24T23:33:02,Rise to the Challenge (blue),2,0
124,Levia,2026-09-24T23:33:02,Seek Horizon (blue),1,0
124,Levia,2026-09-24T23:33:02,Step through Realms (blue),1,0
124,Levia,2026-09-24T23:33:02,Robe of Repentance,1,1
125,Levia,2026-09-24T23:58:57,Beckoning Hunger (red),1,0
125,Levia,2026-09-24T23:58:57,Cleave the Heavens (red),1,0
125,Levia,2026-09-24T23:58:57,Feasting Shadowbeast (red),2,0
125,Levia,2026-09-24T23:58:57,Ghostly Visit (red),1,0
125,Levia,2026-09-24T23:58:57,Gorging Shadowbeast (red),1,0
125,Levia,2026-09-24T23:58:57,Peak Power (red),1,0
125,Levia,2026-09-24T23:58:57,Rally the Shadow Horde (red),1,0
125,Levia,2026-09-24T23:58:57,Satiate Bloodthirst (red),1,0
125,Levia,2026-09-24T23:58:57,Shadowrealm Bloodhound (red),1,0
125,Levia,2026-09-24T23:58:57,Step through Realms (red),1,0
125,Levia,2026-09-24T23:58:57,Whispers Within (red),1,0
125,Levia,2026-09-24T23:58:57,Apex Buster (yellow),1,0
125,Levia,2026-09-24T23:58:57,Breach Flesh (yellow),1,0
125,Levia,2026-09-24T23:58:57,Corporeal Chasm (yellow),2,0
125,Levia,2026-09-24T23:58:57,Countdown to Extinction (yellow),1,0
125,Levia,2026-09-24T23:58:57,Feasting Shadowbeast (yellow),1,0
125,Levia,2026-09-24T23:58:57,Headstrong Stampede (yellow),1,0
125,Levia,2026-09-24T23:58:57,Peak Power (yellow),1,0
125,Levia,2026-09-24T23:58:57,Rise to the Challenge (yellow),1,0
125,Levia,2026-09-24T23:58:57,Abyssal Bite (blue),1,0
125,Levia,2026-09-24T23:58:57,Battle Clearing Bellow (blue),1,0
125,Levia,2026-09-24T23:58:57,Beckoning Hunger (blue),2,0
125,Levia,2026-09-24T23:58:57,Cleave the Heavens (blue),1,0
125,Levia,2026-09-24T23:58:57,Dam the Shadowake (blue),2,0
125,Levia,2026-09-24T23:58:57,Darkest Hour (blue),1,0
125,Levia,2026-09-24T23:58:57,Ghostly Visit (blue),1,0
125,Levia,2026-09-24T23:58:57,Gorging Shadowbeast (blue),1,0
125,Levia,2026-09-24T23:58:57,Hellbound Assault (blue),1,0
125,Levia,2026-09-24T23:58:57,Satiate Bloodthirst (blue),1,0
125,Levia,2026-09-24T23:58:57,Whispers Within (blue),1,0
125,Levia,2026-09-24T23:58:57,Dark Arcanite Gloves,1,1
125,Levia,2026-09-24T23:58:57,Grille of Repentance,1,1
125,Levia,2026-09-24T23:58:57,Path of Repentance,1,1
125,Levia,2026-09-24T23:58:57,Robe of Repentance,1,1
126,Levia,2026-09-25T01:12:31,Beckoning Hunger (red),1,0
126,Levia,2026-09-25T01:12:31,Cleave the Heavens (red),1,0
126,Levia,2026-09-25T01:12:31,Corporeal Chasm (red),1,0
126,Levia,2026-09-25T01:12:31,Feeding Frenzy (red),1,0
126,Levia,2026-09-25T01:12:31,Gorging Shadowbeast (red),3,0
126,Levia,2026-09-25T01:12:31,Peak Power (red),1,0
126,Levia,2026-09-25T01:12:31,Shadowrealm Harvester (red),1,0
126,Levia,2026-09-25T01:12:31,Step through Realms (red),2,0
126,Levia,2026-09-25T01:12:31,Battle Prep (yellow),1,0
126,Levia,2026-09-25T01:12:31,Beckoning Hunger (yellow),1,0
126,Levia,2026-09-25T01:12:31,Consuming Lash (yellow),1,0
126,Levia,2026-09-25T01:12:31,Consuming Strength (yellow),2,0
126,Levia,2026-09-25T01:12:31,Corporeal Chasm (yellow),1,0
126,Levia,2026-09-25T01:12:31,Feasting Shadowbeast (yellow),1,0
126,Levia,2026-09-25T01:12:31,Gorging Shadowbeast (yellow),2,0
126,Levia,2026-09-25T01:12:31,Hellbound Assault (yellow),1,0
126,Levia,2026-09-25T01:12:31,Satiate Bloodthirst (yellow),2,0
126,Levia,2026-09-25T01:12:31,Seek Horizon (yellow),1,0
126,Levia,2026-09-25T01:12:31,Step through Realms (yellow),1,0
126,Levia,2026-09-25T01:12:31,Whispers Within (yellow),2,0
126,Levia,2026-09-25T01:12:31,Abyssal Bite (blue),1,0
126,Levia,2026-09-25T01:12:31,Abyssal Force (blue),1,0
126,Levia,2026-09-25T01:12:31,Breach Flesh (blue),1,0
126,Levia,2026-09-25T01:12:31,Cleave the Heavens (blue),1,0
126,Levia,2026-09-25T01:12:31,Consuming Command (blue),1,0
126,Levia,2026-09-25T01:12:31,Feeding Frenzy (blue),1,0
126,Levia,2026-09-25T01:12:31,Peak Power (blue),1,0
126,Levia,2026-09-25T01:12:31,Satiate Bloodthirst (blue),1,0
126,Levia,2026-09-25T01:12:31,Shadowrealm Bloodhound (blue),1,0
126,Levia,2026-09-25T01:12:31,Dark Arcanite Boots,1,1
126,Levia,2026-09-25T01:12:31,Dark Arcanite Gloves,1,1
126,Levia,2026-09-25T01:12:31,Dark Arcanite Helm,1,1
126,Levia,2026-09-25T01:12:31,Dark Arcanite Plating,1,1
126,Levia,2026-09-25T01:12:31,Path of Repentance,1,1
127,Levia,2026-09-25T02:50:42,Cleave the Heavens (red),1,0
127,Levia,2026-09-25T02:50:42,Corporeal Chasm (red),1,0
127,Levia,2026-09-25T02:50:42,Feasting Shadowbeast (red),2,0
127,Levia,2026-09-25T02:50:42,Feeding Frenzy (red),2,0
127,Levia,2026-09-25T02:50:42,Headstrong Stampede (red),4,0
127,Levia,2026-09-25T02:50:42,Peak Power (red),1,0
127,Levia,2026-09-25T02:50:42,Rise to the Challenge (red),1,0
127,Levia,2026-09-25T02:50:42,Step through Realms (red),1,0
127,Levia,2026-09-25T02:50:42,Violent Gusto (red),1,0
127,Levia,2026-09-25T02:50:42,Whispers Within (red),1,0
127,Levia,2026-09-25T02:50:42,Beckoning Hunger (yellow),2,0
127,Levia,2026-09-25T02:50:42,Fallen Herald (yellow),1,0
127,Levia,2026-09-25T02:50:42,Feeding Frenzy (yellow),1,0
127,Levia,2026-09-25T02:50:42,Headstrong Stampede (yellow),1,0
127,Levia,2026-09-25T02:50:42,Peak Power (yellow),1,0
127,Levia,2026-09-25T02:50:42,Satiate Bloodthirst (yellow),1,0
127,Levia,2026-09-25T02:50:42,Blasmophet's Boon (blue),1,0
127,Levia,2026-09-25T02:50:42,Cleave the Heavens (blue),1,0
127,Levia,2026-09-25T02:50:42,Consuming Command (blue),1,0
127,Levia,2026-09-25T02:50:42,Corporeal Chasm (blue),1,0
127,Levia,2026-09-25T02:50:42,Darkest Hour (blue),1,0
127,Levia,2026-09-25T02:50:42,Feeding Frenzy (blue),1,0
127,Levia,2026-09-25T02:50:42,Goremass Summoning (blue),2,0
127,Levia,2026-09-25T02:50:42,Gorging Shadowbeast (blue),1,0
127,Levia,2026-09-25T02:50:42,Peak Power (blue),1,0
127,Levia,2026-09-25T02:50:42,Rocktop Bellow (blue),1,0
127,Levia,2026-09-25T02:50:42,Whispers Within (blue),2,0
127,Levia,2026-09-25T02:50:42,Dark Arcanite Gloves,2,1
127,Levia,2026-09-25T02:50:42,Dark Arcanite Plating,1,1
127,Levia,2026-09-25T02:50:42,Path of Repentance,1,1
128,"Viserai, Between Worlds",2026-09-25T03:14:20,Embrace Ursur (red),1,0
128,"Viserai, Between Worlds",2026-09-25T03:14:20,Enshrine Sin (red),1,0
128,"Viserai, Between Worlds",2026-09-25T03:14:20,Murmuring Gloomblade (red),2,0
128,"Viserai, Between Worlds",2026-09-25T03:14:20,Otherworldly Sins (red),1,0
128,"Viserai, Between Worlds",2026-09-25T03:14:20,Shadowake Gloomblade (red),1,0
128,"Viserai, Between Worlds",2026-09-25T03:14:20,Shadowrealm Walker (red),1,0
128,"Viserai, Between Worlds",2026-09-25T03:14:20,Vexing Gloomblade (red),1,0
128,"Viserai, Between Worlds",2026-09-25T03:14:20,Bloodfrenzy Gloomblade (yellow),1,0
128,"Viserai, Between Worlds",2026-09-25T03:14:20,Demonbound Gloomblade (yellow),1,0
128,"Viserai, Between Worlds",2026-09-25T03:14:20,Embrace Ursur (yellow),2,0
128,"Viserai, Between Worlds",2026-09-25T03:14:20,Enshrine Sin (yellow),1,0
128,"Viserai, Between Worlds",2026-09-25T03:14:20,Murmuring Gloomblade (yellow),1,0
128,"Viserai, Between Worlds",2026-09-25T03:14:20,Otherworldly Sins (yellow),1,0
128,"Viserai, Between Worlds",2026-09-25T03:14:20,Pull from Beyond (yellow),1,0
128,"Viserai, Between Worlds",2026-09-25T03:14:20,Runechant of Lust (yellow),2,0
128,"Viserai, Between Worlds",2026-09-25T03:14:20,Runic Disposition (yellow),1,0
128,"Viserai, Between Worlds",2026-09-25T03:14:20,Seek Horizon (yellow),1,0
128,"Viserai, Between Worlds",2026-09-25T03:14:20,Shadowrealm Bloodhound (yellow),1,0
128,"Viserai, Between Worlds",2026-09-25T03:14:20,Shadowrealm Ripper (yellow),1,0
128,"Viserai, Between Worlds",2026-09-25T03:14:20,Shadowrealm Walker (yellow),1,0
128,"Viserai, Between Worlds",2026-09-25T03:14:20,Step through Realms (yellow),1,0
128,"Viserai, Between Worlds",2026-09-25T03:14:20,Abyssal Force (blue),1,0
128,"Viserai, Between Worlds",2026-09-25T03:14:20,Bloodfrenzy Gloomblade (blue),2,0
128,"Viserai, Between Worlds",2026-09-25T03:14:20,Dam the Shadowake (blue),1,0
128,"Viserai, Between Worlds",2026-09-25T03:14:20,Demonbound Gloomblade (blue),2,0
128,"Viserai, Between Worlds",2026-09-25T03:14:20,Embrace Ursur (blue),1,0
128,"Viserai, Between Worlds",2026-09-25T03:14:20,Enshrine Sin (blue),1,0
128,"Viserai, Between Worlds",2026-09-25T03:14:20,Ghostly Visit (blue),1,0
128,"Viserai, Between Worlds",2026-09-25T03:14:20,Runic Disposition (blue),1,0
128,"Viserai, Between Worlds",2026-09-25T03:14:20,Shadowrealm Ripper (blue),1,0
128,"Viserai, Between Worlds",2026-09-25T03:14:20,Dark Arcanite Plating,1,1
128,"Viserai, Between Worlds",2026-09-25T03:14:20,Grille of Repentance,1,1
129,"Viserai, Between Worlds",2026-09-25T03:38:06,Bloodfrenzy Gloomblade (red),1,0
129,"Viserai, Between Worlds",2026-09-25T03:38:06,Dam the Shadowake (red),1,0
129,"Viserai, Between Worlds",2026-09-25T03:38:06,Demonbound Gloomblade (red),2,0
129,"Viserai, Between Worlds",2026-09-25T03:38:06,Embrace Ursur (red),1,0
129,"Viserai, Between Worlds",2026-09-25T03:38:06,Murmuring Gloomblade (red),1,0
129,"Viserai, Between Worlds",2026-09-25T03:38:06,Otherworldly Sins (red),1,0
129,"Viserai, Between Worlds",2026-09-25T03:38:06,Plundersong Gloomblade (red),1,0
129,"Viserai, Between Worlds",2026-09-25T03:38:06,Pull from Beyond (red),1,0
129,"Viserai, Between Worlds",2026-09-25T03:38:06,Shadowake Gloomblade (red),1,0
129,"Viserai, Between Worlds",2026-09-25T03:38:06,Shadowrealm Harvester (red),1,0
129,"Viserai, Between Worlds",2026-09-25T03:38:06,Void Wraith (red),1,0
129,"Viserai, Between Worlds",2026-09-25T03:38:06,Demonbound Gloomblade (yellow),1,0
129,"Viserai, Between Worlds",2026-09-25T03:38:06,Embrace Ursur (yellow),2,0
129,"Viserai, Between Worlds",2026-09-25T03:38:06,Ghostly Visit (yellow),2,0
129,"Viserai, Between Worlds",2026-09-25T03:38:06,Murmuring Gloomblade (yellow),1,0
129,"Viserai, Between Worlds",2026-09-25T03:38:06,Otherworldly Sins (yellow),2,0
129,"Viserai, Between Worlds",2026-09-25T03:38:06,Permanent Interment (yellow),1,0
129,"Viserai, Between Worlds",2026-09-25T03:38:06,Runechant of Lust (yellow),1,0
129,"Viserai, Between Worlds",2026-09-25T03:38:06,Step through Realms (yellow),1,0
129,"Viserai, Between Worlds",2026-09-25T03:38:06,Vexing Gloomblade (yellow),1,0
129,"Viserai, Between Worlds",2026-09-25T03:38:06,Void Wraith (yellow),2,0
129,"Viserai, Between Worlds",2026-09-25T03:38:06,Abyssal Bite (blue),1,0
129,"Viserai, Between Worlds",2026-09-25T03:38:06,Abyssal Rush (blue),1,0
129,"Viserai, Between Worlds",2026-09-25T03:38:06,Enshrine Sin (blue),1,0
129,"Viserai, Between Worlds",2026-09-25T03:38:06,Ghostly Visit (blue),1,0
129,"Viserai, Between Worlds",2026-09-25T03:38:06,Otherworldly Sins (blue),1,0
129,"Viserai, Between Worlds",2026-09-25T03:38:06,Shadowake Gloomblade (blue),1,0
129,"Viserai, Between Worlds",2026-09-25T03:38:06,Step through Realms (blue),1,0
129,"Viserai, Between Worlds",2026-09-25T03:38:06,Dark Arcanite Helm,1,1
129,"Viserai, Between Worlds",2026-09-25T03:38:06,Grille of Repentance,1,1
129,"Viserai, Between Worlds",2026-09-25T03:38:06,Robe of Repentance,1,1
130,Malice,2026-09-25T04:58:10,Acrid Stench (red),1,0
130,Malice,2026-09-25T04:58:10,Bone Mass (red),1,0
130,Malice,2026-09-25T04:58:10,Breach Flesh (red),1,0
130,Malice,2026-09-25T04:58:10,Commit to Corruption (red),1,0
130,Malice,2026-09-25T04:58:10,Countdown to Extinction (red),1,0
130,Malice,2026-09-25T04:58:10,Malignant Migration (red),1,0
130,Malice,2026-09-25T04:58:10,Ominous Toll (red),1,0
130,Malice,2026-09-25T04:58:10,Permanent Interment (red),1,0
130,Malice,2026-09-25T04:58:10,Restless Cleric (red),3,0
130,Malice,2026-09-25T04:58:10,Restless Corporal (red),1,0
130,Malice,2026-09-25T04:58:10,Restless Quartermaster (red),1,0
130,Malice,2026-09-25T04:58:10,Restless Shieldmaiden (red),1,0
130,Malice,2026-09-25T04:58:10,Shadowrealm Harvester (red),1,0
130,Malice,2026-09-25T04:58:10,Bonded Burial (yellow),1,0
130,Malice,2026-09-25T04:58:10,Bone Mass (yellow),1,0
130,Malice,2026-09-25T04:58:10,Breach Flesh (yellow),1,0
130,Malice,2026-09-25T04:58:10,Commit to Corruption (yellow),1,0
130,Malice,2026-09-25T04:58:10,Corporeal Chasm (yellow),1,0
130,Malice,2026-09-25T04:58:10,Dam the Shadowake (yellow),1,0
130,Malice,2026-09-25T04:58:10,Ghostly Visit (yellow),1,0
130,Malice,2026-09-25T04:58:10,Mutual Sacrifice (yellow),1,0
130,Malice,2026-09-25T04:58:10,Ominous Toll (yellow),1,0
130,Malice,2026-09-25T04:58:10,Shadowrealm Swiftness (yellow),1,0
130,Malice,2026-09-25T04:58:10,Shadowrealm Walker (yellow),1,0
130,Malice,2026-09-25T04:58:10,Bonded Burial (blue),2,0
130,Malice,2026-09-25T04:58:10,Breach Flesh (blue),1,0
130,Malice,2026-09-25T04:58:10,Ominous Toll (blue),1,0
130,Malice,2026-09-25T04:58:10,Pull from Beyond (blue),1,0
130,Malice,2026-09-25T04:58:10,Rites of Nightfall (blue),1,0
130,Malice,2026-09-25T04:58:10,Shadowrealm Solace (blue),1,0
130,Malice,2026-09-25T04:58:10,Shadowrealm Walker (blue),1,0
130,Malice,2026-09-25T04:58:10,Skeletal Puppetry (blue),1,0
130,Malice,2026-09-25T04:58:10,Void Wraith (blue),1,0
130,Malice,2026-09-25T04:58:10,Whispers Within (blue),1,0
130,Malice,2026-09-25T04:58:10,Dark Arcanite Boots,1,1
130,Malice,2026-09-25T04:58:10,Dark Arcanite Helm,1,1
130,Malice,2026-09-25T04:58:10,Dark Arcanite Plating,1,1
130,Malice,2026-09-25T04:58:10,Grille of Repentance,1,1
131,"Viserai, Between Worlds",2026-09-25T05:10:12,Bloodfrenzy Gloomblade (red),2,0
131,"Viserai, Between Worlds",2026-09-25T05:10:12,Bloodsong Gloomblade (red),1,0
131,"Viserai, Between Worlds",2026-09-25T05:10:12,Demonbound Gloomblade (red),1,0
131,"Viserai, Between Worlds",2026-09-25T05:10:12,Embrace Ursur (red),2,0
131,"Viserai, Between Worlds",2026-09-25T05:10:12,Enshrine Sin (red),1,0
131,"Viserai, Between Worlds",2026-09-25T05:10:12,Murmuring Gloomblade (red),3,0
131,"Viserai, Between Worlds",2026-09-25T05:10:12,Open the Gate to i'Arathael (red),1,0
131,"Viserai, Between Worlds",2026-09-25T05:10:12,Otherworldly Sins (red),2,0
131,"Viserai, Between Worlds",2026-09-25T05:10:12,Shadowake Gloomblade (red),1,0
131,"Viserai, Between Worlds",2026-09-25T05:10:12,Vexing Gloomblade (red),1,0
131,"Viserai, Between Worlds",2026-09-25T05:10:12,Bloodfrenzy Gloomblade (yellow),1,0
131,"Viserai, Between Worlds",2026-09-25T05:10:12,Demonbound Gloomblade (yellow),1,0
131,"Viserai, Between Worlds",2026-09-25T05:10:12,Embrace Ursur (yellow),2,0
131,"Viserai, Between Worlds",2026-09-25T05:10:12,Enshrine Sin (yellow),2,0
131,"Viserai, Between Worlds",2026-09-25T05:10:12,Murmuring Gloomblade (yellow),2,0
131,"Viserai, Between Worlds",2026-09-25T05:10:12,Runechant of Gluttony (yellow),1,0
131,"Viserai, Between Worlds",2026-09-25T05:10:12,Runechant of Lust (yellow),1,0
131,"Viserai, Between Worlds",2026-09-25T05:10:12,Runechant of Sloth (yellow),1,0
131,"Viserai, Between Worlds",2026-09-25T05:10:12,Shadowake Gloomblade (yellow),1,0
131,"Viserai, Between Worlds",2026-09-25T05:10:12,Shadowrealm Bloodhound (yellow),1,0
131,"Viserai, Between Worlds",2026-09-25T05:10:12,Abyssal Force (blue),1,0
131,"Viserai, Between Worlds",2026-09-25T05:10:12,Bloodfrenzy Gloomblade (blue),1,0
131,"Viserai, Between Worlds",2026-09-25T05:10:12,Demonbound Gloomblade (blue),1,0
131,"Viserai, Between Worlds",2026-09-25T05:10:12,Murmuring Gloomblade (blue),3,0
131,"Viserai, Between Worlds",2026-09-25T05:10:12,Otherworldly Sins (blue),1,0
131,"Viserai, Between Worlds",2026-09-25T05:10:12,Shadowake Gloomblade (blue),2,0
131,"Viserai, Between Worlds",2026-09-25T05:10:12,Dark Arcanite Helm,1,1
131,"Viserai, Between Worlds",2026-09-25T05:10:12,Robe of Repentance,1,1
132,Levia,2026-09-25T05:10:27,Beckoning Hunger (red),1,0
132,Levia,2026-09-25T05:10:27,Corporeal Chasm (red),1,0
132,Levia,2026-09-25T05:10:27,Dam the Shadowake (red),2,0
132,Levia,2026-09-25T05:10:27,Feeding Frenzy (red),1,0
132,Levia,2026-09-25T05:10:27,Gorging Shadowbeast (red),1,0
132,Levia,2026-09-25T05:10:27,Satiate Bloodthirst (red),3,0
132,Levia,2026-09-25T05:10:27,Seek Horizon (red),1,0
132,Levia,2026-09-25T05:10:27,Shadowrealm Harvester (red),1,0
132,Levia,2026-09-25T05:10:27,Tribute to Greater Power (red),1,0
132,Levia,2026-09-25T05:10:27,Void Wraith (red),1,0
132,Levia,2026-09-25T05:10:27,Whispers Within (red),1,0
132,Levia,2026-09-25T05:10:27,Beckoning Hunger (yellow),1,0
132,Levia,2026-09-25T05:10:27,Headstrong Stampede (yellow),1,0
132,Levia,2026-09-25T05:10:27,Rise to the Challenge (yellow),1,0
132,Levia,2026-09-25T05:10:27,Rumbling Hunger (yellow),1,0
132,Levia,2026-09-25T05:10:27,Satiate Bloodthirst (yellow),2,0
132,Levia,2026-09-25T05:10:27,Shadowrealm Bloodhound (yellow),1,0
132,Levia,2026-09-25T05:10:27,Step through Realms (yellow),1,0
132,Levia,2026-09-25T05:10:27,Abyssal Rush (blue),1,0
132,Levia,2026-09-25T05:10:27,Battle Prep (blue),1,0
132,Levia,2026-09-25T05:10:27,Beckoning Hunger (blue),1,0
132,Levia,2026-09-25T05:10:27,Consuming Command (blue),1,0
132,Levia,2026-09-25T05:10:27,Darkest Hour (blue),1,0
132,Levia,2026-09-25T05:10:27,Feasting Shadowbeast (blue),2,0
132,Levia,2026-09-25T05:10:27,Feeding Frenzy (blue),1,0
132,Levia,2026-09-25T05:10:27,Goremass Summoning (blue),1,0
132,Levia,2026-09-25T05:10:27,Gorging Shadowbeast (blue),1,0
132,Levia,2026-09-25T05:10:27,Hellbound Assault (blue),1,0
132,Levia,2026-09-25T05:10:27,Rise to the Challenge (blue),1,0
132,Levia,2026-09-25T05:10:27,Dark Arcanite Helm,1,1
132,Levia,2026-09-25T05:10:27,Path of Repentance,1,1
132,Levia,2026-09-25T05:10:27,Robe of Repentance,1,1
133,"Viserai, Between Worlds",2026-09-25T06:18:13,Bloodfrenzy Gloomblade (red),1,0
133,"Viserai, Between Worlds",2026-09-25T06:18:13,Embrace Ursur (red),3,0
133,"Viserai, Between Worlds",2026-09-25T06:18:13,Enshrine Sin (red),1,0
133,"Viserai, Between Worlds",2026-09-25T06:18:13,Murmuring Gloomblade (red),2,0
133,"Viserai, Between Worlds",2026-09-25T06:18:13,Pull from Beyond (red),1,0
133,"Viserai, Between Worlds",2026-09-25T06:18:13,Demonbound Gloomblade (yellow),1,0
133,"Viserai, Between Worlds",2026-09-25T06:18:13,Embrace Sin (yellow),1,0
133,"Viserai, Between Worlds",2026-09-25T06:18:13,Embrace Ursur (yellow),1,0
133,"Viserai, Between Worlds",2026-09-25T06:18:13,Ghostly Visit (yellow),1,0
133,"Viserai, Between Worlds",2026-09-25T06:18:13,Murmuring Gloomblade (yellow),1,0
133,"Viserai, Between Worlds",2026-09-25T06:18:13,Pull from Beyond (yellow),1,0
133,"Viserai, Between Worlds",2026-09-25T06:18:13,Runechant of Gluttony (yellow),2,0
133,"Viserai, Between Worlds",2026-09-25T06:18:13,Runechant of Lust (yellow),1,0
133,"Viserai, Between Worlds",2026-09-25T06:18:13,Runechant of Sloth (yellow),1,0
133,"Viserai, Between Worlds",2026-09-25T06:18:13,Shadowake Gloomblade (yellow),1,0
133,"Viserai, Between Worlds",2026-09-25T06:18:13,Abyssal Bite (blue),1,0
133,"Viserai, Between Worlds",2026-09-25T06:18:13,Dam the Shadowake (blue),1,0
133,"Viserai, Between Worlds",2026-09-25T06:18:13,Embrace Ursur (blue),1,0
133,"Viserai, Between Worlds",2026-09-25T06:18:13,Murmuring Gloomblade (blue),1,0
133,"Viserai, Between Worlds",2026-09-25T06:18:13,Otherworldly Sins (blue),1,0
133,"Viserai, Between Worlds",2026-09-25T06:18:13,Shadowake Gloomblade (blue),4,0
133,"Viserai, Between Worlds",2026-09-25T06:18:13,Shadowrealm Ripper (blue),1,0
133,"Viserai, Between Worlds",2026-09-25T06:18:13,Sonata Dystopia (blue),1,0
133,"Viserai, Between Worlds",2026-09-25T06:18:13,Vexing Gloomblade (blue),1,0
133,"Viserai, Between Worlds",2026-09-25T06:18:13,Void Wraith (blue),1,0
133,"Viserai, Between Worlds",2026-09-25T06:18:13,Dark Arcanite Boots,1,1
133,"Viserai, Between Worlds",2026-09-25T06:18:13,Dark Arcanite Gloves,1,1
133,"Viserai, Between Worlds",2026-09-25T06:18:13,Dark Arcanite Plating,1,1
134,"Viserai, Between Worlds",2026-09-25T11:20:33,Bloodsong Gloomblade (red),1,0
134,"Viserai, Between Worlds",2026-09-25T11:20:33,Embrace Ursur (red),1,0
134,"Viserai, Between Worlds",2026-09-25T11:20:33,Enshrine Sin (red),1,0
134,"Viserai, Between Worlds",2026-09-25T11:20:33,Murmuring Gloomblade (red),1,0
134,"Viserai, Between Worlds",2026-09-25T11:20:33,Otherworldly Sins (red),2,0
134,"Viserai, Between Worlds",2026-09-25T11:20:33,Shadowake Gloomblade (red),2,0
134,"Viserai, Between Worlds",2026-09-25T11:20:33,Shadowrealm Ripper (red),3,0
134,"Viserai, Between Worlds",2026-09-25T11:20:33,Void Wraith (red),1,0
134,"Viserai, Between Worlds",2026-09-25T11:20:33,Bloodfrenzy Gloomblade (yellow),3,0
134,"Viserai, Between Worlds",2026-09-25T11:20:33,Darkest Hour (yellow),1,0
134,"Viserai, Between Worlds",2026-09-25T11:20:33,Demonbound Gloomblade (yellow),1,0
134,"Viserai, Between Worlds",2026-09-25T11:20:33,Enshrine Sin (yellow),1,0
134,"Viserai, Between Worlds",2026-09-25T11:20:33,Murmuring Gloomblade (yellow),1,0
134,"Viserai, Between Worlds",2026-09-25T11:20:33,Runechant of Lust (yellow),1,0
134,"Viserai, Between Worlds",2026-09-25T11:20:33,Runechant of Sloth (yellow),1,0
134,"Viserai, Between Worlds",2026-09-25T11:20:33,Runechant of Wrath (yellow),1,0
134,"Viserai, Between Worlds",2026-09-25T11:20:33,Runic Disposition (yellow),1,0
134,"Viserai, Between Worlds",2026-09-25T11:20:33,Shadowrealm Ripper (yellow),1,0
134,"Viserai, Between Worlds",2026-09-25T11:20:33,Void Wraith (yellow),1,0
134,"Viserai, Between Worlds",2026-09-25T11:20:33,Whispers Within (yellow),1,0
134,"Viserai, Between Worlds",2026-09-25T11:20:33,Abyssal Bite (blue),1,0
134,"Viserai, Between Worlds",2026-09-25T11:20:33,Become the Shadow Lord (blue),1,0
134,"Viserai, Between Worlds",2026-09-25T11:20:33,Bloodfrenzy Gloomblade (blue),2,0
134,"Viserai, Between Worlds",2026-09-25T11:20:33,Enshrine Sin (blue),1,0
134,"Viserai, Between Worlds",2026-09-25T11:20:33,Otherworldly Sins (blue),1,0
134,"Viserai, Between Worlds",2026-09-25T11:20:33,Shadowake Gloomblade (blue),1,0
134,"Viserai, Between Worlds",2026-09-25T11:20:33,Shadowrealm Ripper (blue),1,0
134,"Viserai, Between Worlds",2026-09-25T11:20:33,Vexing Gloomblade (blue),1,0
134,"Viserai, Between Worlds",2026-09-25T11:20:33,Dark Arcanite Boots,1,1
134,"Viserai, Between Worlds",2026-09-25T11:20:33,Dark Arcanite Plating,1,1
134,"Viserai, Between Worlds",2026-09-25T11:20:33,Grille of Repentance,1,1
135,"Viserai, Between Worlds",2026-09-25T13:17:49,Bloodfrenzy Gloomblade (red),2,0
135,"Viserai, Between Worlds",2026-09-25T13:17:49,Bloodsong Gloomblade (red),1,0
135,"Viserai, Between Worlds",2026-09-25T13:17:49,Embrace Ursur (red),2,0
135,"Viserai, Between Worlds",2026-09-25T13:17:49,Enshrine Sin (red),1,0
135,"Viserai, Between Worlds",2026-09-25T13:17:49,Murmuring Gloomblade (red),1,0
135,"Viserai, Between Worlds",2026-09-25T13:17:49,Otherworldly Sins (red),1,0
135,"Viserai, Between Worlds",2026-09-25T13:17:49,Runic Reaving (red),1,0
135,"Viserai, Between Worlds",2026-09-25T13:17:49,Shadowrealm Ripper (red),3,0
135,"Viserai, Between Worlds",2026-09-25T13:17:49,Tribute to Greater Power (red),1,0
135,"Viserai, Between Worlds",2026-09-25T13:17:49,Embrace Ursur (yellow),2,0
135,"Viserai, Between Worlds",2026-09-25T13:17:49,Enshrine Sin (yellow),1,0
135,"Viserai, Between Worlds",2026-09-25T13:17:49,Murmuring Gloomblade (yellow),2,0
135,"Viserai, Between Worlds",2026-09-25T13:17:49,Runechant of Envy (yellow),1,0
135,"Viserai, Between Worlds",2026-09-25T13:17:49,Runechant of Gluttony (yellow),1,0
135,"Viserai, Between Worlds",2026-09-25T13:17:49,Runechant of Lust (yellow),2,0
135,"Viserai, Between Worlds",2026-09-25T13:17:49,Runechant of Pride (yellow),1,0
135,"Viserai, Between Worlds",2026-09-25T13:17:49,Runic Reaving (yellow),1,0
135,"Viserai, Between Worlds",2026-09-25T13:17:49,Shadowake Gloomblade (yellow),1,0
135,"Viserai, Between Worlds",2026-09-25T13:17:49,Abyssal Rush (blue),1,0
135,"Viserai, Between Worlds",2026-09-25T13:17:49,Bloodfrenzy Gloomblade (blue),2,0
135,"Viserai, Between Worlds",2026-09-25T13:17:49,Demonbound Gloomblade (blue),1,0
135,"Viserai, Between Worlds",2026-09-25T13:17:49,Embrace Ursur (blue),1,0
135,"Viserai, Between Worlds",2026-09-25T13:17:49,Enshrine Sin (blue),2,0
135,"Viserai, Between Worlds",2026-09-25T13:17:49,Murmuring Gloomblade (blue),1,0
135,"Viserai, Between Worlds",2026-09-25T13:17:49,Shadowake Gloomblade (blue),3,0
135,"Viserai, Between Worlds",2026-09-25T13:17:49,Vexing Gloomblade (blue),1,0
135,"Viserai, Between Worlds",2026-09-25T13:17:49,Void Wraith (blue),1,0
135,"Viserai, Between Worlds",2026-09-25T13:17:49,Dark Arcanite Helm,1,1
135,"Viserai, Between Worlds",2026-09-25T13:17:49,Robe of Repentance,1,1
136,Levia,2026-09-25T13:28:20,Cleave the Heavens (red),1,0
136,Levia,2026-09-25T13:28:20,Feasting Shadowbeast (red),1,0
136,Levia,2026-09-25T13:28:20,Ghostly Visit (red),1,0
136,Levia,2026-09-25T13:28:20,Gorging Shadowbeast (red),1,0
136,Levia,2026-09-25T13:28:20,Headstrong Stampede (red),1,0
136,Levia,2026-09-25T13:28:20,Rise to the Challenge (red),2,0
136,Levia,2026-09-25T13:28:20,Shadowrealm Bloodhound (red),1,0
136,Levia,2026-09-25T13:28:20,Shadowrealm Harvester (red),1,0
136,Levia,2026-09-25T13:28:20,Violent Gusto (red),1,0
136,Levia,2026-09-25T13:28:20,Cleave the Heavens (yellow),2,0
136,Levia,2026-09-25T13:28:20,Consuming Appetite (yellow),2,0
136,Levia,2026-09-25T13:28:20,Fallen Herald (yellow),1,0
136,Levia,2026-09-25T13:28:20,Feasting Shadowbeast (yellow),1,0
136,Levia,2026-09-25T13:28:20,Gorging Shadowbeast (yellow),3,0
136,Levia,2026-09-25T13:28:20,Headstrong Stampede (yellow),1,0
136,Levia,2026-09-25T13:28:20,Peak Power (yellow),2,0
136,Levia,2026-09-25T13:28:20,Permanent Interment (yellow),2,0
136,Levia,2026-09-25T13:28:20,Shadowrealm Walker (yellow),2,0
136,Levia,2026-09-25T13:28:20,Abyssal Bite (blue),1,0
136,Levia,2026-09-25T13:28:20,Blasmophet's Boon (blue),2,0
136,Levia,2026-09-25T13:28:20,Breach Flesh (blue),1,0
136,Levia,2026-09-25T13:28:20,Consuming Command (blue),1,0
136,Levia,2026-09-25T13:28:20,Dimenxxional Ferryman (blue),1,0
136,Levia,2026-09-25T13:28:20,Feeding Frenzy (blue),1,0
136,Levia,2026-09-25T13:28:20,Gorging Shadowbeast (blue),1,0
136,Levia,2026-09-25T13:28:20,Rumbling Hunger (blue),1,0
136,Levia,2026-09-25T13:28:20,Satiate Bloodthirst (blue),2,0
136,Levia,2026-09-25T13:28:20,Seek Horizon (blue),1,0
136,Levia,2026-09-25T13:28:20,Grille of Repentance,1,1
136,Levia,2026-09-25T13:28:20,Path of Repentance,1,1
137,Levia,2026-09-25T15:54:22,Cleave the Heavens (red),1,0
137,Levia,2026-09-25T15:54:22,Corporeal Chasm (red),1,0
137,Levia,2026-09-25T15:54:22,Headstrong Stampede (red),1,0
137,Levia,2026-09-25T15:54:22,Hellbound Assault (red),2,0
137,Levia,2026-09-25T15:54:22,Rise to the Challenge (red),2,0
137,Levia,2026-09-25T15:54:22,Satiate Bloodthirst (red),2,0
137,Levia,2026-09-25T15:54:22,Seek Horizon (red),1,0
137,Levia,2026-09-25T15:54:22,Shadowrealm Bloodhound (red),1,0
137,Levia,2026-09-25T15:54:22,Shadowrealm Walker (red),1,0
137,Levia,2026-09-25T15:54:22,Void Wraith (red),1,0
137,Levia,2026-09-25T15:54:22,Cleave the Heavens (yellow),1,0
137,Levia,2026-09-25T15:54:22,Consuming Strength (yellow),1,0
137,Levia,2026-09-25T15:54:22,Corporeal Chasm (yellow),2,0
137,Levia,2026-09-25T15:54:22,Darkest Hour (yellow),1,0
137,Levia,2026-09-25T15:54:22,Rise to the Challenge (yellow),1,0
137,Levia,2026-09-25T15:54:22,Satiate Bloodthirst (yellow),2,0
137,Levia,2026-09-25T15:54:22,Seek Horizon (yellow),1,0
137,Levia,2026-09-25T15:54:22,Whispers Within (yellow),2,0
137,Levia,2026-09-25T15:54:22,Beckoning Hunger (blue),1,0
137,Levia,2026-09-25T15:54:22,Cleave the Heavens (blue),2,0
137,Levia,2026-09-25T15:54:22,Consuming Command (blue),1,0
137,Levia,2026-09-25T15:54:22,Dimenxxional Ferryman (blue),1,0
137,Levia,2026-09-25T15:54:22,Goremass Summoning (blue),1,0
137,Levia,2026-09-25T15:54:22,Headstrong Stampede (blue),1,0
137,Levia,2026-09-25T15:54:22,Pull from Beyond (blue),1,0
137,Levia,2026-09-25T15:54:22,Rites of Nightfall (blue),1,0
137,Levia,2026-09-25T15:54:22,Rumbling Hunger (blue),1,0
137,Levia,2026-09-25T15:54:22,Dark Arcanite Boots,1,1
137,Levia,2026-09-25T15:54:22,Dark Arcanite Plating,1,1
137,Levia,2026-09-25T15:54:22,Grille of Repentance,1,1
137,Levia,2026-09-25T15:54:22,Robe of Repentance,1,1
138,Malice,2026-09-25T16:54:50,Bonded Burial (red),1,0
138,Malice,2026-09-25T16:54:50,Breach Flesh (red),1,0
138,Malice,2026-09-25T16:54:50,Corrupt and Conquer (red),1,0
138,Malice,2026-09-25T16:54:50,Malignant Migration (red),1,0
138,Malice,2026-09-25T16:54:50,Ominous Toll (red),2,0
138,Malice,2026-09-25T16:54:50,Restless Magister (red),1,0
138,Malice,2026-09-25T16:54:50,Restless Outlaw (red),2,0
138,Malice,2026-09-25T16:54:50,Restless Shieldmaiden (red),1,0
138,Malice,2026-09-25T16:54:50,Restless Templar (red),1,0
138,Malice,2026-09-25T16:54:50,Violent Gusto (red),1,0
138,Malice,2026-09-25T16:54:50,Bone Mass (yellow),2,0
138,Malice,2026-09-25T16:54:50,Breach Flesh (yellow),1,0
138,Malice,2026-09-25T16:54:50,Commit to Corruption (yellow),1,0
138,Malice,2026-09-25T16:54:50,Dam the Shadowake (yellow),1,0
138,Malice,2026-09-25T16:54:50,Darkest Hour (yellow),1,0
138,Malice,2026-09-25T16:54:50,Malignant Migration (yellow),1,0
138,Malice,2026-09-25T16:54:50,Mutual Sacrifice (yellow),1,0
138,Malice,2026-09-25T16:54:50,Ominous Toll (yellow),1,0
138,Malice,2026-09-25T16:54:50,Step through Realms (yellow),1,0
138,Malice,2026-09-25T16:54:50,Abyssal Rush (blue),1,0
138,Malice,2026-09-25T16:54:50,Bonded Burial (blue),3,0
138,Malice,2026-09-25T16:54:50,Bridge of Damnation (blue),1,0
138,Malice,2026-09-25T16:54:50,Dam the Shadowake (blue),1,0
138,Malice,2026-09-25T16:54:50,Malignant Migration (blue),1,0
138,Malice,2026-09-25T16:54:50,Mark of Ushering (blue),1,0
138,Malice,2026-09-25T16:54:50,Pull from Beyond (blue),1,0
138,Malice,2026-09-25T16:54:50,Shadowrealm Solace (blue),1,0
138,Malice,2026-09-25T16:54:50,Void Wraith (blue),1,0
138,Malice,2026-09-25T16:54:50,Dark Arcanite Gloves,1,1
138,Malice,2026-09-25T16:54:50,Path of Repentance,1,1
138,Malice,2026-09-25T16:54:50,Robe of Repentance,1,1
139,Levia,2026-09-25T18:56:39,Beckoning Hunger (red),2,0
139,Levia,2026-09-25T18:56:39,Cleave the Heavens (red),1,0
139,Levia,2026-09-25T18:56:39,Dam the Shadowake (red),1,0
139,Levia,2026-09-25T18:56:39,Feasting Shadowbeast (red),1,0
139,Levia,2026-09-25T18:56:39,Hellbound Assault (red),1,0
139,Levia,2026-09-25T18:56:39,Peak Power (red),2,0
139,Levia,2026-09-25T18:56:39,Satiate Bloodthirst (red),1,0
139,Levia,2026-09-25T18:56:39,Step through Realms (red),1,0
139,Levia,2026-09-25T18:56:39,Beckoning Hunger (yellow),1,0
139,Levia,2026-09-25T18:56:39,Dam the Shadowake (yellow),1,0
139,Levia,2026-09-25T18:56:39,Feasting Shadowbeast (yellow),1,0
139,Levia,2026-09-25T18:56:39,Feeding Frenzy (yellow),1,0
139,Levia,2026-09-25T18:56:39,Ghostly Visit (yellow),1,0
139,Levia,2026-09-25T18:56:39,Gorging Shadowbeast (yellow),1,0
139,Levia,2026-09-25T18:56:39,Permanent Interment (yellow),1,0
139,Levia,2026-09-25T18:56:39,Pull from Beyond (yellow),1,0
139,Levia,2026-09-25T18:56:39,Shadowrealm Reaper (yellow),1,0
139,Levia,2026-09-25T18:56:39,Shadowrealm Walker (yellow),1,0
139,Levia,2026-09-25T18:56:39,Whispers Within (yellow),1,0
139,Levia,2026-09-25T18:56:39,Battle Prep (blue),2,0
139,Levia,2026-09-25T18:56:39,Consuming Command (blue),1,0
139,Levia,2026-09-25T18:56:39,Corporeal Chasm (blue),1,0
139,Levia,2026-09-25T18:56:39,Dam the Shadowake (blue),1,0
139,Levia,2026-09-25T18:56:39,Feasting Shadowbeast (blue),1,0
139,Levia,2026-09-25T18:56:39,Feeding Frenzy (blue),1,0
139,Levia,2026-09-25T18:56:39,Gorging Shadowbeast (blue),2,0
139,Levia,2026-09-25T18:56:39,Rise to the Challenge (blue),1,0
139,Levia,2026-09-25T18:56:39,Satiate Bloodthirst (blue),2,0
139,Levia,2026-09-25T18:56:39,Step through Realms (blue),1,0
139,Levia,2026-09-25T18:56:39,Dark Arcanite Plating,1,1
139,Levia,2026-09-25T18:56:39,Grille of Repentance,1,1
139,Levia,2026-09-25T18:56:39,Path of Repentance,1,1
140,Levia,2026-09-25T19:08:16,Cleave the Heavens (red),2,0
140,Levia,2026-09-25T19:08:16,Corporeal Chasm (red),1,0
140,Levia,2026-09-25T19:08:16,Darkest Hour (red),1,0
140,Levia,2026-09-25T19:08:16,Feeding Frenzy (red),2,0
140,Levia,2026-09-25T19:08:16,Headstrong Stampede (red),2,0
140,Levia,2026-09-25T19:08:16,Planar Chaos (red),1,0
140,Levia,2026-09-25T19:08:16,Rise to the Challenge (red),1,0
140,Levia,2026-09-25T19:08:16,Satiate Bloodthirst (red),3,0
140,Levia,2026-09-25T19:08:16,Seek Horizon (red),1,0
140,Levia,2026-09-25T19:08:16,Violent Gusto (red),1,0
140,Levia,2026-09-25T19:08:16,Breach Flesh (yellow),1,0
140,Levia,2026-09-25T19:08:16,Consuming Appetite (yellow),1,0
140,Levia,2026-09-25T19:08:16,Corporeal Chasm (yellow),2,0
140,Levia,2026-09-25T19:08:16,Feasting Shadowbeast (yellow),1,0
140,Levia,2026-09-25T19:08:16,Gorging Shadowbeast (yellow),1,0
140,Levia,2026-09-25T19:08:16,Pull from Beyond (yellow),2,0
140,Levia,2026-09-25T19:08:16,Rumbling Hunger (yellow),1,0
140,Levia,2026-09-25T19:08:16,Shadowrealm Walker (yellow),1,0
140,Levia,2026-09-25T19:08:16,Whispers Within (yellow),1,0
140,Levia,2026-09-25T19:08:16,Beckoning Hunger (blue),2,0
140,Levia,2026-09-25T19:08:16,Blasmophet's Boon (blue),1,0
140,Levia,2026-09-25T19:08:16,Consuming Command (blue),3,0
140,Levia,2026-09-25T19:08:16,Goremass Summoning (blue),1,0
140,Levia,2026-09-25T19:08:16,Permanent Interment (blue),1,0
140,Levia,2026-09-25T19:08:16,Rise to the Challenge (blue),1,0
140,Levia,2026-09-25T19:08:16,Dark Arcanite Boots,1,1
140,Levia,2026-09-25T19:08:16,Dark Arcanite Gloves,1,1
140,Levia,2026-09-25T19:08:16,Dark Arcanite Plating,1,1
140,Levia,2026-09-25T19:08:16,Grille of Repentance,1,1
141,Levia,2026-09-25T20:48:05,Feasting Shadowbeast (red),2,0
141,Levia,2026-09-25T20:48:05,Feeding Frenzy (red),1,0
141,Levia,2026-09-25T20:48:05,Harbinger of Destruction (red),3,0
141,Levia,2026-09-25T20:48:05,Hellbound Assault (red),1,0
141,Levia,2026-09-25T20:48:05,Permanent Interment (red),1,0
141,Levia,2026-09-25T20:48:05,Rally the Shadow Horde (red),1,0
141,Levia,2026-09-25T20:48:05,Rise to the Challenge (red),3,0
141,Levia,2026-09-25T20:48:05,Seek Horizon (red),1,0
141,Levia,2026-09-25T20:48:05,Step through Realms (red),1,0
141,Levia,2026-09-25T20:48:05,Beckoning Hunger (yellow),1,0
141,Levia,2026-09-25T20:48:05,Consuming Strength (yellow),1,0
141,Levia,2026-09-25T20:48:05,Headstrong Stampede (yellow),1,0
141,Levia,2026-09-25T20:48:05,Peak Power (yellow),2,0
141,Levia,2026-09-25T20:48:05,Rise to the Challenge (yellow),1,0
141,Levia,2026-09-25T20:48:05,Satiate Bloodthirst (yellow),1,0
141,Levia,2026-09-25T20:48:05,Shadowrealm Ripper (yellow),1,0
141,Levia,2026-09-25T20:48:05,Step through Realms (yellow),1,0
141,Levia,2026-09-25T20:48:05,Void Wraith (yellow),1,0
141,Levia,2026-09-25T20:48:05,Whispers Within (yellow),1,0
141,Levia,2026-09-25T20:48:05,Blasmophet's Boon (blue),2,0
141,Levia,2026-09-25T20:48:05,Consuming Command (blue),1,0
141,Levia,2026-09-25T20:48:05,Countdown to Extinction (blue),1,0
141,Levia,2026-09-25T20:48:05,Dam the Shadowake (blue),3,0
141,Levia,2026-09-25T20:48:05,Darkest Hour (blue),1,0
141,Levia,2026-09-25T20:48:05,Gorging Shadowbeast (blue),1,0
141,Levia,2026-09-25T20:48:05,Permanent Interment (blue),1,0
141,Levia,2026-09-25T20:48:05,Rise to the Challenge (blue),1,0
141,Levia,2026-09-25T20:48:05,Rumbling Hunger (blue),1,0
141,Levia,2026-09-25T20:48:05,Satiate Bloodthirst (blue),1,0
141,Levia,2026-09-25T20:48:05,Seek Horizon (blue),1,0
141,Levia,2026-09-25T20:48:05,Dark Arcanite Boots,1,1
141,Levia,2026-09-25T20:48:05,Dark Arcanite Gloves,1,1
141,Levia,2026-09-25T20:48:05,Grille of Repentance,1,1
142,Levia,2026-09-25T21:52:46,Beckoning Hunger (red),2,0
142,Levia,2026-09-25T21:52:46,Gorging Shadowbeast (red),3,0
142,Levia,2026-09-25T21:52:46,Headstrong Stampede (red),1,0
142,Levia,2026-09-25T21:52:46,Rise to the Challenge (red),2,0
142,Levia,2026-09-25T21:52:46,Rumbling Hunger (red),1,0
142,Levia,2026-09-25T21:52:46,Satiate Bloodthirst (red),1,0
142,Levia,2026-09-25T21:52:46,Shadowrealm Bloodhound (red),1,0
142,Levia,2026-09-25T21:52:46,Beckoning Hunger (yellow),2,0
142,Levia,2026-09-25T21:52:46,Cleave the Heavens (yellow),1,0
142,Levia,2026-09-25T21:52:46,Corporeal Chasm (yellow),1,0
142,Levia,2026-09-25T21:52:46,Darkest Hour (yellow),2,0
142,Levia,2026-09-25T21:52:46,Gorging Shadowbeast (yellow),1,0
142,Levia,2026-09-25T21:52:46,Headstrong Stampede (yellow),1,0
142,Levia,2026-09-25T21:52:46,Hellbound Assault (yellow),1,0
142,Levia,2026-09-25T21:52:46,Ingest the Unknown (yellow),1,0
142,Levia,2026-09-25T21:52:46,Rise to the Challenge (yellow),2,0
142,Levia,2026-09-25T21:52:46,Rocktop Bellow (yellow),1,0
142,Levia,2026-09-25T21:52:46,Satiate Bloodthirst (yellow),1,0
142,Levia,2026-09-25T21:52:46,Abyssal Rush (blue),1,0
142,Levia,2026-09-25T21:52:46,Beckoning Hunger (blue),1,0
142,Levia,2026-09-25T21:52:46,Breach Flesh (blue),1,0
142,Levia,2026-09-25T21:52:46,Feasting Shadowbeast (blue),1,0
142,Levia,2026-09-25T21:52:46,Feeding Frenzy (blue),2,0
142,Levia,2026-09-25T21:52:46,Gorging Shadowbeast (blue),2,0
142,Levia,2026-09-25T21:52:46,Hellbound Assault (blue),1,0
142,Levia,2026-09-25T21:52:46,Rise to the Challenge (blue),1,0
142,Levia,2026-09-25T21:52:46,Dark Arcanite Boots,1,1
142,Levia,2026-09-25T21:52:46,Dark Arcanite Helm,1,1
143,Levia,2026-09-25T23:05:33,Dam the Shadowake (red),1,0
143,Levia,2026-09-25T23:05:33,Feeding Frenzy (red),1,0
143,Levia,2026-09-25T23:05:33,Headstrong Stampede (red),1,0
143,Levia,2026-09-25T23:05:33,Hellbound Assault (red),1,0
143,Levia,2026-09-25T23:05:33,Peak Power (red),1,0
143,Levia,2026-09-25T23:05:33,Rise to the Challenge (red),3,0
143,Levia,2026-09-25T23:05:33,Rocktop Bellow (red),1,0
143,Levia,2026-09-25T23:05:33,Beckoning Hunger (yellow),1,0
143,Levia,2026-09-25T23:05:33,Cleave the Heavens (yellow),2,0
143,Levia,2026-09-25T23:05:33,Consuming Appetite (yellow),1,0
143,Levia,2026-09-25T23:05:33,Consuming Strength (yellow),1,0
143,Levia,2026-09-25T23:05:33,Feeding Frenzy (yellow),2,0
143,Levia,2026-09-25T23:05:33,Ghostly Visit (yellow),1,0
143,Levia,2026-09-25T23:05:33,Gorging Shadowbeast (yellow),1,0
143,Levia,2026-09-25T23:05:33,Rise to the Challenge (yellow),1,0
143,Levia,2026-09-25T23:05:33,Satiate Bloodthirst (yellow),1,0
143,Levia,2026-09-25T23:05:33,Step through Realms (yellow),1,0
143,Levia,2026-09-25T23:05:33,Whispers Within (yellow),1,0
143,Levia,2026-09-25T23:05:33,Abyssal Rush (blue),1,0
143,Levia,2026-09-25T23:05:33,Cleave the Heavens (blue),2,0
143,Levia,2026-09-25T23:05:33,Consuming Command (blue),2,0
143,Levia,2026-09-25T23:05:33,Feeding Frenzy (blue),2,0
143,Levia,2026-09-25T23:05:33,Goremass Summoning (blue),2,0
143,Levia,2026-09-25T23:05:33,Headstrong Stampede (blue),1,0
143,Levia,2026-09-25T23:05:33,Pull from Beyond (blue),1,0
143,Levia,2026-09-25T23:05:33,Rise to the Challenge (blue),1,0
143,Levia,2026-09-25T23:05:33,Satiate Bloodthirst (blue),1,0
143,Levia,2026-09-25T23:05:33,Dark Arcanite Boots,1,1
143,Levia,2026-09-25T23:05:33,Dark Arcanite Helm,1,1
143,Levia,2026-09-25T23:05:33,Robe of Repentance,1,1
144,"Viserai, Between Worlds",2026-09-25T23:28:15,Breach Flesh (red),1,0
144,"Viserai, Between Worlds",2026-09-25T23:28:15,Cullingsong Gloomblade (red),1,0
144,"Viserai, Between Worlds",2026-09-25T23:28:15,Demonbound Gloomblade (red),1,0
144,"Viserai, Between Worlds",2026-09-25T23:28:15,Embrace Ursur (red),2,0
144,"Viserai, Between Worlds",2026-09-25T23:28:15,Enshrine Sin (red),2,0
144,"Viserai, Between Worlds",2026-09-25T23:28:15,Murmur of i'Arathael (red),1,0
144,"Viserai, Between Worlds",2026-09-25T23:28:15,Murmuring Gloomblade (red),1,0
144,"Viserai, Between Worlds",2026-09-25T23:28:15,Otherworldly Sins (red),1,0
144,"Viserai, Between Worlds",2026-09-25T23:28:15,Plundersong Gloomblade (red),1,0
144,"Viserai, Between Worlds",2026-09-25T23:28:15,Shadowake Gloomblade (red),2,0
144,"Viserai, Between Worlds",2026-09-25T23:28:15,Shadowrealm Bloodhound (red),1,0
144,"Viserai, Between Worlds",2026-09-25T23:28:15,Shadowrealm Walker (red),1,0
144,"Viserai, Between Worlds",2026-09-25T23:28:15,Unbound by Shadow (red),1,0
144,"Viserai, Between Worlds",2026-09-25T23:28:15,Bloodfrenzy Gloomblade (yellow),2,0
144,"Viserai, Between Worlds",2026-09-25T23:28:15,Dam the Shadowake (yellow),1,0
144,"Viserai, Between Worlds",2026-09-25T23:28:15,Demonbound Gloomblade (yellow),1,0
144,"Viserai, Between Worlds",2026-09-25T23:28:15,Otherworldly Sins (yellow),1,0
144,"Viserai, Between Worlds",2026-09-25T23:28:15,Runechant of Gluttony (yellow),2,0
144,"Viserai, Between Worlds",2026-09-25T23:28:15,Runechant of Pride (yellow),1,0
144,"Viserai, Between Worlds",2026-09-25T23:28:15,Runechant of Sloth (yellow),1,0
144,"Viserai, Between Worlds",2026-09-25T23:28:15,Abyssal Bite (blue),1,0
144,"Viserai, Between Worlds",2026-09-25T23:28:15,Demonbound Gloomblade (blue),1,0
144,"Viserai, Between Worlds",2026-09-25T23:28:15,Embrace Ursur (blue),2,0
144,"Viserai, Between Worlds",2026-09-25T23:28:15,Enshrine Sin (blue),1,0
144,"Viserai, Between Worlds",2026-09-25T23:28:15,Otherworldly Sins (blue),1,0
144,"Viserai, Between Worlds",2026-09-25T23:28:15,Seek Horizon (blue),1,0
144,"Viserai, Between Worlds",2026-09-25T23:28:15,Shadowake Gloomblade (blue),1,0
144,"Viserai, Between Worlds",2026-09-25T23:28:15,Sonata Dystopia (blue),2,0
144,"Viserai, Between Worlds",2026-09-25T23:28:15,Void Wraith (blue),1,0
144,"Viserai, Between Worlds",2026-09-25T23:28:15,Dark Arcanite Boots,1,1
144,"Viserai, Between Worlds",2026-09-25T23:28:15,Grille of Repentance,1,1
144,"Viserai, Between Worlds",2026-09-25T23:28:15,Robe of Repentance,1,1
145,Levia,2026-09-26T00:30:51,Cleave the Heavens (red),2,0
145,Levia,2026-09-26T00:30:51,Darkest Hour (red),1,0
145,Levia,2026-09-26T00:30:51,Feeding Frenzy (red),2,0
145,Levia,2026-09-26T00:30:51,Permanent Interment (red),1,0
145,Levia,2026-09-26T00:30:51,Rise to the Challenge (red),1,0
145,Levia,2026-09-26T00:30:51,Rumbling Hunger (red),1,0
145,Levia,2026-09-26T00:30:51,Feeding Frenzy (yellow),1,0
145,Levia,2026-09-26T00:30:51,Peak Power (yellow),1,0
145,Levia,2026-09-26T00:30:51,Rise to the Challenge (yellow),1,0
145,Levia,2026-09-26T00:30:51,Rumbling Hunger (yellow),1,0
145,Levia,2026-09-26T00:30:51,Satiate Bloodthirst (yellow),1,0
145,Levia,2026-09-26T00:30:51,Step through Realms (yellow),2,0
145,Levia,2026-09-26T00:30:51,Void Wraith (yellow),1,0
145,Levia,2026-09-26T00:30:51,Battle Clearing Bellow (blue),1,0
145,Levia,2026-09-26T00:30:51,Beckoning Hunger (blue),2,0
145,Levia,2026-09-26T00:30:51,Breach Flesh (blue),2,0
145,Levia,2026-09-26T00:30:51,Corporeal Chasm (blue),1,0
145,Levia,2026-09-26T00:30:51,Dam the Shadowake (blue),2,0
145,Levia,2026-09-26T00:30:51,Feeding Frenzy (blue),1,0
145,Levia,2026-09-26T00:30:51,Hellbound Assault (blue),2,0
145,Levia,2026-09-26T00:30:51,Rise to the Challenge (blue),3,0
145,Levia,2026-09-26T00:30:51,Rumbling Hunger (blue),1,0
145,Levia,2026-09-26T00:30:51,Satiate Bloodthirst (blue),2,0
145,Levia,2026-09-26T00:30:51,Seek Horizon (blue),1,0
145,Levia,2026-09-26T00:30:51,Dark Arcanite Gloves,1,1
145,Levia,2026-09-26T00:30:51,Dark Arcanite Plating,1,1
145,Levia,2026-09-26T00:30:51,Grille of Repentance,1,1
145,Levia,2026-09-26T00:30:51,Path of Repentance,1,1
146,Levia,2026-09-26T00:46:17,Beckoning Hunger (red),1,0
146,Levia,2026-09-26T00:46:17,Breach Flesh (red),2,0
146,Levia,2026-09-26T00:46:17,Cleave the Heavens (red),1,0
146,Levia,2026-09-26T00:46:17,Corporeal Chasm (red),1,0
146,Levia,2026-09-26T00:46:17,Devouring Doomwake (red),1,0
146,Levia,2026-09-26T00:46:17,Feasting Shadowbeast (red),1,0
146,Levia,2026-09-26T00:46:17,Gorging Shadowbeast (red),2,0
146,Levia,2026-09-26T00:46:17,Hellbound Assault (red),1,0
146,Levia,2026-09-26T00:46:17,Rise to the Challenge (red),1,0
146,Levia,2026-09-26T00:46:17,Rocktop Bellow (red),1,0
146,Levia,2026-09-26T00:46:17,Rumbling of i'Arathael (red),1,0
146,Levia,2026-09-26T00:46:17,Beckoning Hunger (yellow),1,0
146,Levia,2026-09-26T00:46:17,Corporeal Chasm (yellow),1,0
146,Levia,2026-09-26T00:46:17,Feeding Frenzy (yellow),1,0
146,Levia,2026-09-26T00:46:17,Gorging Shadowbeast (yellow),1,0
146,Levia,2026-09-26T00:46:17,Satiate Bloodthirst (yellow),2,0
146,Levia,2026-09-26T00:46:17,Seek Horizon (yellow),1,0
146,Levia,2026-09-26T00:46:17,Whispers Within (yellow),2,0
146,Levia,2026-09-26T00:46:17,Battle Clearing Bellow (blue),1,0
146,Levia,2026-09-26T00:46:17,Beckoning Hunger (blue),2,0
146,Levia,2026-09-26T00:46:17,Blasmophet's Boon (blue),1,0
146,Levia,2026-09-26T00:46:17,Consuming Command (blue),2,0
146,Levia,2026-09-26T00:46:17,Darkest Hour (blue),1,0
146,Levia,2026-09-26T00:46:17,Gorging Shadowbeast (blue),1,0
146,Levia,2026-09-26T00:46:17,Headstrong Stampede (blue),1,0
146,Levia,2026-09-26T00:46:17,Hellbound Assault (blue),1,0
146,Levia,2026-09-26T00:46:17,Rise to the Challenge (blue),1,0
146,Levia,2026-09-26T00:46:17,Whispers Within (blue),2,0
146,Levia,2026-09-26T00:46:17,Blood Harvest,1,0
146,Levia,2026-09-26T00:46:17,Dark Arcanite Boots,1,1
146,Levia,2026-09-26T00:46:17,Grille of Repentance,2,1
147,"Viserai, Between Worlds",2026-09-26T01:52:54,Bloodfrenzy Gloomblade (red),1,0
147,"Viserai, Between Worlds",2026-09-26T01:52:54,Corporeal Chasm (red),1,0
147,"Viserai, Between Worlds",2026-09-26T01:52:54,Demonbound Gloomblade (red),2,0
147,"Viserai, Between Worlds",2026-09-26T01:52:54,Enshrine Sin (red),1,0
147,"Viserai, Between Worlds",2026-09-26T01:52:54,Murmuring Gloomblade (red),1,0
147,"Viserai, Between Worlds",2026-09-26T01:52:54,Pull from Beyond (red),1,0
147,"Viserai, Between Worlds",2026-09-26T01:52:54,Rally the Shadow Horde (red),1,0
147,"Viserai, Between Worlds",2026-09-26T01:52:54,Shadowake Gloomblade (red),1,0
147,"Viserai, Between Worlds",2026-09-26T01:52:54,Shadowrealm Ripper (red),1,0
147,"Viserai, Between Worlds",2026-09-26T01:52:54,Step through Realms (red),1,0
147,"Viserai, Between Worlds",2026-09-26T01:52:54,Vexing Gloomblade (red),1,0
147,"Viserai, Between Worlds",2026-09-26T01:52:54,Whispers Within (red),1,0
147,"Viserai, Between Worlds",2026-09-26T01:52:54,Darkest Hour (yellow),1,0
147,"Viserai, Between Worlds",2026-09-26T01:52:54,Embrace Ursur (yellow),1,0
147,"Viserai, Between Worlds",2026-09-26T01:52:54,Otherworldly Sins (yellow),1,0
147,"Viserai, Between Worlds",2026-09-26T01:52:54,Runechant of Gluttony (yellow),1,0
147,"Viserai, Between Worlds",2026-09-26T01:52:54,Runechant of Greed (yellow),1,0
147,"Viserai, Between Worlds",2026-09-26T01:52:54,Runechant of Lust (yellow),2,0
147,"Viserai, Between Worlds",2026-09-26T01:52:54,Step through Realms (yellow),1,0
147,"Viserai, Between Worlds",2026-09-26T01:52:54,Abyssal Force (blue),1,0
147,"Viserai, Between Worlds",2026-09-26T01:52:54,Abyssal Rush (blue),1,0
147,"Viserai, Between Worlds",2026-09-26T01:52:54,Bloodfrenzy Gloomblade (blue),1,0
147,"Viserai, Between Worlds",2026-09-26T01:52:54,Demonbound Gloomblade (blue),2,0
147,"Viserai, Between Worlds",2026-09-26T01:52:54,Murmuring Gloomblade (blue),1,0
147,"Viserai, Between Worlds",2026-09-26T01:52:54,Otherworldly Sins (blue),1,0
147,"Viserai, Between Worlds",2026-09-26T01:52:54,Rally the Shadow Horde (blue),1,0
147,"Viserai, Between Worlds",2026-09-26T01:52:54,Runic Reaving (blue),1,0
147,"Viserai, Between Worlds",2026-09-26T01:52:54,Shadowake Gloomblade (blue),1,0
147,"Viserai, Between Worlds",2026-09-26T01:52:54,Shadowrealm Bloodhound (blue),1,0
147,"Viserai, Between Worlds",2026-09-26T01:52:54,Shadowrealm Harrower (blue),1,0
147,"Viserai, Between Worlds",2026-09-26T01:52:54,Step through Realms (blue),1,0
147,"Viserai, Between Worlds",2026-09-26T01:52:54,Vexing Gloomblade (blue),1,0
147,"Viserai, Between Worlds",2026-09-26T01:52:54,Dark Arcanite Gloves,2,1
147,"Viserai, Between Worlds",2026-09-26T01:52:54,Dark Arcanite Plating,1,1
148,Malice,2026-09-26T02:26:59,Darkest Hour (red),2,0
148,Malice,2026-09-26T02:26:59,Malignant Migration (red),1,0
148,Malice,2026-09-26T02:26:59,Ominous Toll (red),1,0
148,Malice,2026-09-26T02:26:59,Restless Cleric (red),1,0
148,Malice,2026-09-26T02:26:59,Restless Magister (red),1,0
148,Malice,2026-09-26T02:26:59,Restless Plowman (red),1,0
148,Malice,2026-09-26T02:26:59,Restless Steed (red),1,0
148,Malice,2026-09-26T02:26:59,Shadowrealm Strength (red),1,0
148,Malice,2026-09-26T02:26:59,Whispers Within (red),1,0
148,Malice,2026-09-26T02:26:59,Bonded Burial (yellow),1,0
148,Malice,2026-09-26T02:26:59,Bone Mass (yellow),1,0
148,Malice,2026-09-26T02:26:59,Commit to Corruption (yellow),1,0
148,Malice,2026-09-26T02:26:59,Corpse Cover (yellow),1,0
148,Malice,2026-09-26T02:26:59,Dam the Shadowake (yellow),1,0
148,Malice,2026-09-26T02:26:59,Malignant Migration (yellow),1,0
148,Malice,2026-09-26T02:26:59,Ominous Toll (yellow),2,0
148,Malice,2026-09-26T02:26:59,Permanent Interment (yellow),2,0
148,Malice,2026-09-26T02:26:59,Shadowrealm Bloodhound (yellow),1,0
148,Malice,2026-09-26T02:26:59,Shadowrealm Ripper (yellow),1,0
148,Malice,2026-09-26T02:26:59,Shadowrealm Swiftness (yellow),3,0
148,Malice,2026-09-26T02:26:59,Skeletal Puppetry (yellow),1,0
148,Malice,2026-09-26T02:26:59,Whispers Within (yellow),1,0
148,Malice,2026-09-26T02:26:59,Abyssal Bite (blue),1,0
148,Malice,2026-09-26T02:26:59,Bonded Burial (blue),1,0
148,Malice,2026-09-26T02:26:59,Bone Mass (blue),1,0
148,Malice,2026-09-26T02:26:59,Breach Flesh (blue),1,0
148,Malice,2026-09-26T02:26:59,Corporeal Chasm (blue),2,0
148,Malice,2026-09-26T02:26:59,Ghostly Visit (blue),1,0
148,Malice,2026-09-26T02:26:59,Shadowrealm Walker (blue),1,0
148,Malice,2026-09-26T02:26:59,Void Wraith (blue),1,0
148,Malice,2026-09-26T02:26:59,Dark Arcanite Boots,1,1
148,Malice,2026-09-26T02:26:59,Dark Arcanite Helm,1,1
149,Malice,2026-09-26T03:05:41,Darkest Hour (red),1,0
149,Malice,2026-09-26T03:05:41,Ghostly Visit (red),1,0
149,Malice,2026-09-26T03:05:41,Malignant Migration (red),2,0
149,Malice,2026-09-26T03:05:41,Mutual Sacrifice (red),1,0
149,Malice,2026-09-26T03:05:41,Restless Cleric (red),1,0
149,Malice,2026-09-26T03:05:41,Restless Outlaw (red),1,0
149,Malice,2026-09-26T03:05:41,Restless Plowman (red),1,0
149,Malice,2026-09-26T03:05:41,Restless Shieldmaiden (red),2,0
149,Malice,2026-09-26T03:05:41,Shadowrealm Strength (red),1,0
149,Malice,2026-09-26T03:05:41,Violent Gusto (red),1,0
149,Malice,2026-09-26T03:05:41,Acrid Stench (yellow),1,0
149,Malice,2026-09-26T03:05:41,Bone Mass (yellow),2,0
149,Malice,2026-09-26T03:05:41,Commit to Corruption (yellow),1,0
149,Malice,2026-09-26T03:05:41,Corpse Cover (yellow),1,0
149,Malice,2026-09-26T03:05:41,Countdown to Extinction (yellow),1,0
149,Malice,2026-09-26T03:05:41,Ghostly Visit (yellow),1,0
149,Malice,2026-09-26T03:05:41,Mutual Sacrifice (yellow),1,0
149,Malice,2026-09-26T03:05:41,Ominous Toll (yellow),2,0
149,Malice,2026-09-26T03:05:41,Shadowrealm Bloodhound (yellow),1,0
149,Malice,2026-09-26T03:05:41,Shadowrealm Swiftness (yellow),2,0
149,Malice,2026-09-26T03:05:41,Bone Mass (blue),2,0
149,Malice,2026-09-26T03:05:41,Breach Flesh (blue),1,0
149,Malice,2026-09-26T03:05:41,Dam the Shadowake (blue),1,0
149,Malice,2026-09-26T03:05:41,Darkest Hour (blue),1,0
149,Malice,2026-09-26T03:05:41,Malignant Migration (blue),1,0
149,Malice,2026-09-26T03:05:41,Mutual Sacrifice (blue),1,0
149,Malice,2026-09-26T03:05:41,Ominous Toll (blue),1,0
149,Malice,2026-09-26T03:05:41,Seek Horizon (blue),1,0
149,Malice,2026-09-26T03:05:41,Shadowrealm Solace (blue),1,0
149,Malice,2026-09-26T03:05:41,Step through Realms (blue),1,0
149,Malice,2026-09-26T03:05:41,Whispers Within (blue),1,0
149,Malice,2026-09-26T03:05:41,Dark Arcanite Boots,1,1
149,Malice,2026-09-26T03:05:41,Dark Arcanite Gloves,1,1
149,Malice,2026-09-26T03:05:41,Dark Arcanite Helm,1,1
149,Malice,2026-09-26T03:05:41,Dark Arcanite Plating,1,1
150,Levia,2026-09-26T05:28:30,Beckoning Hunger (red),1,0
150,Levia,2026-09-26T05:28:30,Cleave the Heavens (red),3,0
150,Levia,2026-09-26T05:28:30,Dam the Shadowake (red),1,0
150,Levia,2026-09-26T05:28:30,Darkest Hour (red),1,0
150,Levia,2026-09-26T05:28:30,Feeding Frenzy (red),1,0
150,Levia,2026-09-26T05:28:30,Gorging Shadowbeast (red),1,0
150,Levia,2026-09-26T05:28:30,Headstrong Stampede (red),1,0
150,Levia,2026-09-26T05:28:30,Permanent Interment (red),1,0
150,Levia,2026-09-26T05:28:30,Rise to the Challenge (red),2,0
150,Levia,2026-09-26T05:28:30,Rocktop Bellow (red),1,0
150,Levia,2026-09-26T05:28:30,Rumbling Hunger (red),1,0
150,Levia,2026-09-26T05:28:30,Rumbling of i'Arathael (red),2,0
150,Levia,2026-09-26T05:28:30,Shadowrealm Bloodhound (red),1,0
150,Levia,2026-09-26T05:28:30,Beckoning Hunger (yellow),2,0
150,Levia,2026-09-26T05:28:30,Consuming Lash (yellow),1,0
150,Levia,2026-09-26T05:28:30,Consuming Strength (yellow),1,0
150,Levia,2026-09-26T05:28:30,Dam the Shadowake (yellow),1,0
150,Levia,2026-09-26T05:28:30,Darkest Hour (yellow),1,0
150,Levia,2026-09-26T05:28:30,Feeding Frenzy (yellow),1,0
150,Levia,2026-09-26T05:28:30,Gorging Shadowbeast (yellow),1,0
150,Levia,2026-09-26T05:28:30,Pull from Beyond (yellow),2,0
150,Levia,2026-09-26T05:28:30,Satiate Bloodthirst (yellow),2,0
150,Levia,2026-09-26T05:28:30,Battle Prep (blue),1,0
150,Levia,2026-09-26T05:28:30,Blasmophet's Boon (blue),1,0
150,Levia,2026-09-26T05:28:30,Dam the Shadowake (blue),1,0
150,Levia,2026-09-26T05:28:30,Feasting Shadowbeast (blue),1,0
150,Levia,2026-09-26T05:28:30,Feeding Frenzy (blue),1,0
150,Levia,2026-09-26T05:28:30,Hellbound Assault (blue),1,0
150,Levia,2026-09-26T05:28:30,Satiate Bloodthirst (blue),1,0
150,Levia,2026-09-26T05:28:30,Shadowrealm Ripper (blue),1,0
150,Levia,2026-09-26T05:28:30,Dark Arcanite Gloves,1,1
150,Levia,2026-09-26T05:28:30,Dark Arcanite Helm,1,1
150,Levia,2026-09-26T05:28:30,Dark Arcanite Plating,1,1
150,Levia,2026-09-26T05:28:30,Grille of Repentance,1,1
151,Levia,2026-09-26T06:04:45,Beckoning Hunger (red),1,0
151,Levia,2026-09-26T06:04:45,Cleave the Heavens (red),1,0
151,Levia,2026-09-26T06:04:45,Corporeal Chasm (red),2,0
151,Levia,2026-09-26T06:04:45,Darkest Hour (red),1,0
151,Levia,2026-09-26T06:04:45,Feasting Shadowbeast (red),1,0
151,Levia,2026-09-26T06:04:45,Feeding Frenzy (red),2,0
151,Levia,2026-09-26T06:04:45,Gorging Shadowbeast (red),2,0
151,Levia,2026-09-26T06:04:45,Headstrong Stampede (red),1,0
151,Levia,2026-09-26T06:04:45,Hellbound Assault (red),1,0
151,Levia,2026-09-26T06:04:45,Rise to the Challenge (red),1,0
151,Levia,2026-09-26T06:04:45,Rumbling Hunger (red),1,0
151,Levia,2026-09-26T06:04:45,Beckoning Hunger (yellow),1,0
151,Levia,2026-09-26T06:04:45,Cleave the Heavens (yellow),2,0
151,Levia,2026-09-26T06:04:45,Corporeal Chasm (yellow),1,0
151,Levia,2026-09-26T06:04:45,Darkest Hour (yellow),2,0
151,Levia,2026-09-26T06:04:45,Gorging Shadowbeast (yellow),1,0
151,Levia,2026-09-26T06:04:45,Peak Power (yellow),1,0
151,Levia,2026-09-26T06:04:45,Rise to the Challenge (yellow),1,0
151,Levia,2026-09-26T06:04:45,Shadowrealm Walker (yellow),1,0
151,Levia,2026-09-26T06:04:45,Step through Realms (yellow),1,0
151,Levia,2026-09-26T06:04:45,Whispers Within (yellow),2,0
151,Levia,2026-09-26T06:04:45,Cleave the Heavens (blue),1,0
151,Levia,2026-09-26T06:04:45,Corporeal Chasm (blue),1,0
151,Levia,2026-09-26T06:04:45,Feasting Shadowbeast (blue),1,0
151,Levia,2026-09-26T06:04:45,Feeding Frenzy (blue),2,0
151,Levia,2026-09-26T06:04:45,Gorging Shadowbeast (blue),1,0
151,Levia,2026-09-26T06:04:45,Peak Power (blue),1,0
151,Levia,2026-09-26T06:04:45,Pull from Beyond (blue),1,0
151,Levia,2026-09-26T06:04:45,Grille of Repentance,2,1
151,Levia,2026-09-26T06:04:45,Path of Repentance,1,1
151,Levia,2026-09-26T06:04:45,Robe of Repentance,1,1
152,Malice,2026-09-26T21:01:33,Acrid Stench (red),1,0
152,Malice,2026-09-26T21:01:33,Bonded Burial (red),2,0
152,Malice,2026-09-26T21:01:33,Ominous Toll (red),1,0
152,Malice,2026-09-26T21:01:33,Permanent Interment (red),1,0
152,Malice,2026-09-26T21:01:33,Restless Corporal (red),2,0
152,Malice,2026-09-26T21:01:33,Restless Plowman (red),1,0
152,Malice,2026-09-26T21:01:33,Restless Shieldmaiden (red),1,0
152,Malice,2026-09-26T21:01:33,Shadowrealm Strength (red),2,0
152,Malice,2026-09-26T21:01:33,Shadowrealm Walker (red),1,0
152,Malice,2026-09-26T21:01:33,Tome of Necrosis (red),1,0
152,Malice,2026-09-26T21:01:33,Unbound by Shadow (red),1,0
152,Malice,2026-09-26T21:01:33,Bone Mass (yellow),2,0
152,Malice,2026-09-26T21:01:33,Forsaken Strike (yellow),1,0
152,Malice,2026-09-26T21:01:33,Mutual Sacrifice (yellow),1,0
152,Malice,2026-09-26T21:01:33,Ominous Toll (yellow),2,0
152,Malice,2026-09-26T21:01:33,Permanent Interment (yellow),1,0
152,Malice,2026-09-26T21:01:33,Shadowrealm Bloodhound (yellow),1,0
152,Malice,2026-09-26T21:01:33,Shadowrealm Swiftness (yellow),1,0
152,Malice,2026-09-26T21:01:33,Void Wraith (yellow),1,0
152,Malice,2026-09-26T21:01:33,Abyssal Bite (blue),1,0
152,Malice,2026-09-26T21:01:33,Abyssal Force (blue),1,0
152,Malice,2026-09-26T21:01:33,Corpse Cover (blue),1,0
152,Malice,2026-09-26T21:01:33,Dam the Shadowake (blue),1,0
152,Malice,2026-09-26T21:01:33,Ghostly Visit (blue),1,0
152,Malice,2026-09-26T21:01:33,Mark of Neverest (blue),1,0
152,Malice,2026-09-26T21:01:33,Permanent Interment (blue),3,0
152,Malice,2026-09-26T21:01:33,Pull from Beyond (blue),1,0
152,Malice,2026-09-26T21:01:33,Shadowrealm Solace (blue),1,0
152,Malice,2026-09-26T21:01:33,Dark Arcanite Helm,1,1
152,Malice,2026-09-26T21:01:33,Path of Repentance,1,1
153,Malice,2026-09-26T21:13:31,Bonded Burial (red),1,0
153,Malice,2026-09-26T21:13:31,Bone Mass (red),1,0
153,Malice,2026-09-26T21:13:31,Breach Flesh (red),1,0
153,Malice,2026-09-26T21:13:31,Commit to Corruption (red),1,0
153,Malice,2026-09-26T21:13:31,Ominous Toll (red),2,0
153,Malice,2026-09-26T21:13:31,Restless Cleric (red),1,0
153,Malice,2026-09-26T21:13:31,Restless Corporal (red),1,0
153,Malice,2026-09-26T21:13:31,Restless Magister (red),1,0
153,Malice,2026-09-26T21:13:31,Restless Plowman (red),1,0
153,Malice,2026-09-26T21:13:31,Restless Steed (red),1,0
153,Malice,2026-09-26T21:13:31,Shadowrealm Walker (red),1,0
153,Malice,2026-09-26T21:13:31,Tremor of i'Arathael (red),1,0
153,Malice,2026-09-26T21:13:31,Whispers Within (red),1,0
153,Malice,2026-09-26T21:13:31,Acrid Stench (yellow),2,0
153,Malice,2026-09-26T21:13:31,Bone Mass (yellow),1,0
153,Malice,2026-09-26T21:13:31,Breach Flesh (yellow),1,0
153,Malice,2026-09-26T21:13:31,Commit to Corruption (yellow),1,0
153,Malice,2026-09-26T21:13:31,Darkest Hour (yellow),2,0
153,Malice,2026-09-26T21:13:31,Ominous Toll (yellow),1,0
153,Malice,2026-09-26T21:13:31,Skeletal Puppetry (yellow),1,0
153,Malice,2026-09-26T21:13:31,Void Wraith (yellow),1,0
153,Malice,2026-09-26T21:13:31,Breach Flesh (blue),1,0
153,Malice,2026-09-26T21:13:31,Commit to Corruption (blue),1,0
153,Malice,2026-09-26T21:13:31,Dam the Shadowake (blue),2,0
153,Malice,2026-09-26T21:13:31,Dimenxxional Ferryman (blue),1,0
153,Malice,2026-09-26T21:13:31,Mark of Pathstone (blue),1,0
153,Malice,2026-09-26T21:13:31,Mark of Ushering (blue),1,0
153,Malice,2026-09-26T21:13:31,Ominous Toll (blue),2,0
153,Malice,2026-09-26T21:13:31,Shadowrealm Ripper (blue),1,0
153,Malice,2026-09-26T21:13:31,Shadowrealm Solace (blue),1,0
153,Malice,2026-09-26T21:13:31,Step through Realms (blue),1,0
153,Malice,2026-09-26T21:13:31,Dark Arcanite Boots,1,1
153,Malice,2026-09-26T21:13:31,Dark Arcanite Helm,1,1
153,Malice,2026-09-26T21:13:31,Path of Repentance,1,1
154,Malice,2026-09-26T21:47:48,Acrid Stench (red),1,0
154,Malice,2026-09-26T21:47:48,Bonded Burial (red),2,0
154,Malice,2026-09-26T21:47:48,Breach Flesh (red),1,0
154,Malice,2026-09-26T21:47:48,Corpse Cover (red),1,0
154,Malice,2026-09-26T21:47:48,Countdown to Extinction (red),1,0
154,Malice,2026-09-26T21:47:48,Dam the Shadowake (red),1,0
154,Malice,2026-09-26T21:47:48,Permanent Interment (red),1,0
154,Malice,2026-09-26T21:47:48,Restless Cleric (red),1,0
154,Malice,2026-09-26T21:47:48,Restless Corporal (red),2,0
154,Malice,2026-09-26T21:47:48,Restless Plowman (red),2,0
154,Malice,2026-09-26T21:47:48,Restless Steed (red),1,0
154,Malice,2026-09-26T21:47:48,Seek Horizon (red),1,0
154,Malice,2026-09-26T21:47:48,Void Wraith (red),1,0
154,Malice,2026-09-26T21:47:48,Bone Mass (yellow),1,0
154,Malice,2026-09-26T21:47:48,Breach Flesh (yellow),1,0
154,Malice,2026-09-26T21:47:48,Corporeal Chasm (yellow),1,0
154,Malice,2026-09-26T21:47:48,Corpse Cover (yellow),1,0
154,Malice,2026-09-26T21:47:48,Ominous Toll (yellow),1,0
154,Malice,2026-09-26T21:47:48,Permanent Interment (yellow),1,0
154,Malice,2026-09-26T21:47:48,Shadowrealm Ripper (yellow),2,0
154,Malice,2026-09-26T21:47:48,Shadowrealm Walker (yellow),1,0
154,Malice,2026-09-26T21:47:48,Step through Realms (yellow),1,0
154,Malice,2026-09-26T21:47:48,Abyssal Bite (blue),1,0
154,Malice,2026-09-26T21:47:48,Corporeal Chasm (blue),2,0
154,Malice,2026-09-26T21:47:48,Corpse Cover (blue),1,0
154,Malice,2026-09-26T21:47:48,Dam the Shadowake (blue),2,0
154,Malice,2026-09-26T21:47:48,Shadowrealm Bloodhound (blue),1,0
154,Malice,2026-09-26T21:47:48,Shadowrealm Ripper (blue),1,0
154,Malice,2026-09-26T21:47:48,Shadowrealm Solace (blue),1,0
154,Malice,2026-09-26T21:47:48,Dark Arcanite Boots,1,1
154,Malice,2026-09-26T21:47:48,Dark Arcanite Helm,1,1
154,Malice,2026-09-26T21:47:48,Dark Arcanite Plating,1,1
155,Malice,2026-09-26T23:26:46,Bonded Burial (red),1,0
155,Malice,2026-09-26T23:26:46,Breach Flesh (red),1,0
155,Malice,2026-09-26T23:26:46,Countdown to Extinction (red),1,0
155,Malice,2026-09-26T23:26:46,Dam the Shadowake (red),1,0
155,Malice,2026-09-26T23:26:46,Darkest Hour (red),1,0
155,Malice,2026-09-26T23:26:46,Ghostly Visit (red),1,0
155,Malice,2026-09-26T23:26:46,Mutual Sacrifice (red),1,0
155,Malice,2026-09-26T23:26:46,Rally the Shadow Horde (red),1,0
155,Malice,2026-09-26T23:26:46,Restless Corporal (red),1,0
155,Malice,2026-09-26T23:26:46,Restless Looter (red),1,0
155,Malice,2026-09-26T23:26:46,Restless Outlaw (red),1,0
155,Malice,2026-09-26T23:26:46,Restless Steed (red),2,0
155,Malice,2026-09-26T23:26:46,Shadowrealm Strength (red),1,0
155,Malice,2026-09-26T23:26:46,Skeletal Puppetry (red),1,0
155,Malice,2026-09-26T23:26:46,Breach Flesh (yellow),1,0
155,Malice,2026-09-26T23:26:46,Commit to Corruption (yellow),1,0
155,Malice,2026-09-26T23:26:46,Corporeal Chasm (yellow),1,0
155,Malice,2026-09-26T23:26:46,Forsaken Strike (yellow),1,0
155,Malice,2026-09-26T23:26:46,Malignant Migration (yellow),1,0
155,Malice,2026-09-26T23:26:46,Permanent Interment (yellow),1,0
155,Malice,2026-09-26T23:26:46,Shadowrealm Swiftness (yellow),1,0
155,Malice,2026-09-26T23:26:46,Step through Realms (yellow),1,0
155,Malice,2026-09-26T23:26:46,Acrid Stench (blue),2,0
155,Malice,2026-09-26T23:26:46,Bonded Burial (blue),2,0
155,Malice,2026-09-26T23:26:46,Breach Flesh (blue),1,0
155,Malice,2026-09-26T23:26:46,Corporeal Chasm (blue),1,0
155,Malice,2026-09-26T23:26:46,Corpse Cover (blue),1,0
155,Malice,2026-09-26T23:26:46,Ghostly Visit (blue),1,0
155,Malice,2026-09-26T23:26:46,Ominous Toll (blue),1,0
155,Malice,2026-09-26T23:26:46,Shadowrealm Bloodhound (blue),1,0
155,Malice,2026-09-26T23:26:46,Shadowrealm Solace (blue),2,0
155,Malice,2026-09-26T23:26:46,Shadowrealm Walker (blue),1,0
155,Malice,2026-09-26T23:26:46,Skeletal Puppetry (blue),1,0
155,Malice,2026-09-26T23:26:46,Void Wraith (blue),1,0
155,Malice,2026-09-26T23:26:46,Dark Arcanite Boots,1,1
155,Malice,2026-09-26T23:26:46,Dark Arcanite Helm,1,1
155,Malice,2026-09-26T23:26:46,Dark Arcanite Plating,1,1
155,Malice,2026-09-26T23:26:46,Robe of Repentance,1,1
156,"Viserai, Between Worlds",2026-09-26T23:58:55,Darkest Hour (red),1,0
156,"Viserai, Between Worlds",2026-09-26T23:58:55,Demonbound Gloomblade (red),3,0
156,"Viserai, Between Worlds",2026-09-26T23:58:55,Murmuring Gloomblade (red),1,0
156,"Viserai, Between Worlds",2026-09-26T23:58:55,Runic Disposition (red),1,0
156,"Viserai, Between Worlds",2026-09-26T23:58:55,Runic Reaving (red),1,0
156,"Viserai, Between Worlds",2026-09-26T23:58:55,Shadowrealm Ripper (red),2,0
156,"Viserai, Between Worlds",2026-09-26T23:58:55,Shadowrealm Walker (red),1,0
156,"Viserai, Between Worlds",2026-09-26T23:58:55,Bloodfrenzy Gloomblade (yellow),1,0
156,"Viserai, Between Worlds",2026-09-26T23:58:55,Demonbound Gloomblade (yellow),2,0
156,"Viserai, Between Worlds",2026-09-26T23:58:55,Embrace Ursur (yellow),1,0
156,"Viserai, Between Worlds",2026-09-26T23:58:55,Murmuring Gloomblade (yellow),1,0
156,"Viserai, Between Worlds",2026-09-26T23:58:55,Otherworldly Sins (yellow),1,0
156,"Viserai, Between Worlds",2026-09-26T23:58:55,Permanent Interment (yellow),1,0
156,"Viserai, Between Worlds",2026-09-26T23:58:55,Pull from Beyond (yellow),1,0
156,"Viserai, Between Worlds",2026-09-26T23:58:55,Runechant of Envy (yellow),1,0
156,"Viserai, Between Worlds",2026-09-26T23:58:55,Runechant of Lust (yellow),1,0
156,"Viserai, Between Worlds",2026-09-26T23:58:55,Runechant of Wrath (yellow),1,0
156,"Viserai, Between Worlds",2026-09-26T23:58:55,Runic Disposition (yellow),1,0
156,"Viserai, Between Worlds",2026-09-26T23:58:55,Shadowake Gloomblade (yellow),1,0
156,"Viserai, Between Worlds",2026-09-26T23:58:55,Shadowrealm Ripper (yellow),1,0
156,"Viserai, Between Worlds",2026-09-26T23:58:55,Abyssal Rush (blue),1,0
156,"Viserai, Between Worlds",2026-09-26T23:58:55,Bloodfrenzy Gloomblade (blue),1,0
156,"Viserai, Between Worlds",2026-09-26T23:58:55,Corporeal Chasm (blue),1,0
156,"Viserai, Between Worlds",2026-09-26T23:58:55,Demonbound Gloomblade (blue),1,0
156,"Viserai, Between Worlds",2026-09-26T23:58:55,Embrace Ursur (blue),1,0
156,"Viserai, Between Worlds",2026-09-26T23:58:55,Enshrine Sin (blue),1,0
156,"Viserai, Between Worlds",2026-09-26T23:58:55,Ghostly Visit (blue),2,0
156,"Viserai, Between Worlds",2026-09-26T23:58:55,Rally the Shadow Horde (blue),1,0
156,"Viserai, Between Worlds",2026-09-26T23:58:55,Seek Horizon (blue),1,0
156,"Viserai, Between Worlds",2026-09-26T23:58:55,Shadowrealm Walker (blue),1,0
156,"Viserai, Between Worlds",2026-09-26T23:58:55,Step through Realms (blue),1,0
156,"Viserai, Between Worlds",2026-09-26T23:58:55,Dark Arcanite Boots,1,1
156,"Viserai, Between Worlds",2026-09-26T23:58:55,Dark Arcanite Helm,1,1
157,Levia,2026-09-27T08:30:41,Corporeal Chasm (red),1,0
157,Levia,2026-09-27T08:30:41,Feasting Shadowbeast (red),2,0
157,Levia,2026-09-27T08:30:41,Feeding Frenzy (red),2,0
157,Levia,2026-09-27T08:30:41,Gorging Shadowbeast (red),1,0
157,Levia,2026-09-27T08:30:41,Headstrong Stampede (red),1,0
157,Levia,2026-09-27T08:30:41,Hellbound Assault (red),1,0
157,Levia,2026-09-27T08:30:41,Rise to the Challenge (red),1,0
157,Levia,2026-09-27T08:30:41,Rocktop Bellow (red),1,0
157,Levia,2026-09-27T08:30:41,Rumbling Hunger (red),2,0
157,Levia,2026-09-27T08:30:41,Satiate Bloodthirst (red),2,0
157,Levia,2026-09-27T08:30:41,Shadowrealm Harvester (red),1,0
157,Levia,2026-09-27T08:30:41,Void Wraith (red),1,0
157,Levia,2026-09-27T08:30:41,Whispers Within (red),3,0
157,Levia,2026-09-27T08:30:41,Dam the Shadowake (yellow),1,0
157,Levia,2026-09-27T08:30:41,Feasting Shadowbeast (yellow),1,0
157,Levia,2026-09-27T08:30:41,Ghostly Visit (yellow),1,0
157,Levia,2026-09-27T08:30:41,Rise to the Challenge (yellow),1,0
157,Levia,2026-09-27T08:30:41,Satiate Bloodthirst (yellow),1,0
157,Levia,2026-09-27T08:30:41,Whispers Within (yellow),1,0
157,Levia,2026-09-27T08:30:41,Abyssal Rush (blue),1,0
157,Levia,2026-09-27T08:30:41,Battle Clearing Bellow (blue),1,0
157,Levia,2026-09-27T08:30:41,Blasmophet's Boon (blue),1,0
157,Levia,2026-09-27T08:30:41,Cleave the Heavens (blue),1,0
157,Levia,2026-09-27T08:30:41,Dimenxxional Ferryman (blue),1,0
157,Levia,2026-09-27T08:30:41,Goremass Summoning (blue),1,0
157,Levia,2026-09-27T08:30:41,Rise to the Challenge (blue),1,0
157,Levia,2026-09-27T08:30:41,Rites of Nightfall (blue),1,0
157,Levia,2026-09-27T08:30:41,Rocktop Bellow (blue),1,0
157,Levia,2026-09-27T08:30:41,Satiate Bloodthirst (blue),2,0
157,Levia,2026-09-27T08:30:41,Shadowrealm Ripper (blue),1,0
157,Levia,2026-09-27T08:30:41,Void Wraith (blue),1,0
157,Levia,2026-09-27T08:30:41,Whispers Within (blue),1,0
157,Levia,2026-09-27T08:30:41,Grille of Repentance,1,1
157,Levia,2026-09-27T08:30:41,Path of Repentance,1,1
158,"Viserai, Between Worlds",2026-09-27T21:46:51,Demonbound Gloomblade (red),1,0
158,"Viserai, Between Worlds",2026-09-27T21:46:51,Enshrine Sin (red),1,0
158,"Viserai, Between Worlds",2026-09-27T21:46:51,Murmuring Gloomblade (red),1,0
158,"Viserai, Between Worlds",2026-09-27T21:46:51,Otherworldly Sins (red),1,0
158,"Viserai, Between Worlds",2026-09-27T21:46:51,Permanent Interment (red),1,0
158,"Viserai, Between Worlds",2026-09-27T21:46:51,Pull from Beyond (red),1,0
158,"Viserai, Between Worlds",2026-09-27T21:46:51,Runic Disposition (red),1,0
158,"Viserai, Between Worlds",2026-09-27T21:46:51,Runic Reaving (red),1,0
158,"Viserai, Between Worlds",2026-09-27T21:46:51,Seek Horizon (red),1,0
158,"Viserai, Between Worlds",2026-09-27T21:46:51,Shadowake Gloomblade (red),1,0
158,"Viserai, Between Worlds",2026-09-27T21:46:51,Shadowrealm Walker (red),1,0
158,"Viserai, Between Worlds",2026-09-27T21:46:51,Tremor of i'Arathael (red),1,0
158,"Viserai, Between Worlds",2026-09-27T21:46:51,Pull from Beyond (yellow),1,0
158,"Viserai, Between Worlds",2026-09-27T21:46:51,Rally the Shadow Horde (yellow),1,0
158,"Viserai, Between Worlds",2026-09-27T21:46:51,Runechant of Lust (yellow),1,0
158,"Viserai, Between Worlds",2026-09-27T21:46:51,Runechant of Sloth (yellow),1,0
158,"Viserai, Between Worlds",2026-09-27T21:46:51,Shadowrealm Reaper (yellow),1,0
158,"Viserai, Between Worlds",2026-09-27T21:46:51,Abyssal Bite (blue),2,0
158,"Viserai, Between Worlds",2026-09-27T21:46:51,Abyssal Force (blue),1,0
158,"Viserai, Between Worlds",2026-09-27T21:46:51,Countdown to Extinction (blue),1,0
158,"Viserai, Between Worlds",2026-09-27T21:46:51,Dam the Shadowake (blue),1,0
158,"Viserai, Between Worlds",2026-09-27T21:46:51,Embrace Ursur (blue),1,0
158,"Viserai, Between Worlds",2026-09-27T21:46:51,Enshrine Sin (blue),2,0
158,"Viserai, Between Worlds",2026-09-27T21:46:51,Murmuring Gloomblade (blue),2,0
158,"Viserai, Between Worlds",2026-09-27T21:46:51,Otherworldly Sins (blue),1,0
158,"Viserai, Between Worlds",2026-09-27T21:46:51,Permanent Interment (blue),1,0
158,"Viserai, Between Worlds",2026-09-27T21:46:51,Rites of Nightfall (blue),1,0
158,"Viserai, Between Worlds",2026-09-27T21:46:51,Seek Horizon (blue),1,0
158,"Viserai, Between Worlds",2026-09-27T21:46:51,Void Wraith (blue),1,0
158,"Viserai, Between Worlds",2026-09-27T21:46:51,Path of Repentance,1,1
158,"Viserai, Between Worlds",2026-09-27T21:46:51,Robe of Repentance,1,1
159,Malice,2026-09-27T22:04:19,Bone Mass (red),1,0
159,Malice,2026-09-27T22:04:19,Breach Flesh (red),1,0
159,Malice,2026-09-27T22:04:19,Corporeal Chasm (red),1,0
159,Malice,2026-09-27T22:04:19,Countdown to Extinction (red),1,0
159,Malice,2026-09-27T22:04:19,Harbinger of Destruction (red),1,0
159,Malice,2026-09-27T22:04:19,Malignant Migration (red),1,0
159,Malice,2026-09-27T22:04:19,Planar Chaos (red),1,0
159,Malice,2026-09-27T22:04:19,Restless Cleric (red),1,0
159,Malice,2026-09-27T22:04:19,Restless Corporal (red),1,0
159,Malice,2026-09-27T22:04:19,Restless Plowman (red),2,0
159,Malice,2026-09-27T22:04:19,Void Wraith (red),1,0
159,Malice,2026-09-27T22:04:19,Breach Flesh (yellow),2,0
159,Malice,2026-09-27T22:04:19,Corporeal Chasm (yellow),1,0
159,Malice,2026-09-27T22:04:19,Darkest Hour (yellow),1,0
159,Malice,2026-09-27T22:04:19,Mutual Sacrifice (yellow),1,0
159,Malice,2026-09-27T22:04:19,Permanent Interment (yellow),2,0
159,Malice,2026-09-27T22:04:19,Shadowrealm Ripper (yellow),1,0
159,Malice,2026-09-27T22:04:19,Shadowrealm Swiftness (yellow),1,0
159,Malice,2026-09-27T22:04:19,Shadowrealm Walker (yellow),1,0
159,Malice,2026-09-27T22:04:19,Void Wraith (yellow),1,0
159,Malice,2026-09-27T22:04:19,Bonded Burial (blue),1,0
159,Malice,2026-09-27T22:04:19,Breach Flesh (blue),1,0
159,Malice,2026-09-27T22:04:19,Corporeal Chasm (blue),1,0
159,Malice,2026-09-27T22:04:19,Corpse Cover (blue),1,0
159,Malice,2026-09-27T22:04:19,Ghostly Visit (blue),1,0
159,Malice,2026-09-27T22:04:19,Mutual Sacrifice (blue),1,0
159,Malice,2026-09-27T22:04:19,Shadowrealm Bloodhound (blue),1,0
159,Malice,2026-09-27T22:04:19,Shadowrealm Solace (blue),2,0
159,Malice,2026-09-27T22:04:19,Void Wraith (blue),3,0
159,Malice,2026-09-27T22:04:19,Dark Arcanite Boots,1,1
159,Malice,2026-09-27T22:04:19,Dark Arcanite Gloves,1,1
159,Malice,2026-09-27T22:04:19,Grille of Repentance,1,1
160,Levia,2026-09-28T00:31:47,Beckoning Hunger (red),1,0
160,Levia,2026-09-28T00:31:47,Cleave the Heavens (red),2,0
160,Levia,2026-09-28T00:31:47,Dam the Shadowake (red),3,0
160,Levia,2026-09-28T00:31:47,Feasting Shadowbeast (red),1,0
160,Levia,2026-09-28T00:31:47,Feeding Frenzy (red),3,0
160,Levia,2026-09-28T00:31:47,Gorging Shadowbeast (red),1,0
160,Levia,2026-09-28T00:31:47,Headstrong Stampede (red),1,0
160,Levia,2026-09-28T00:31:47,Hellbound Assault (red),2,0
160,Levia,2026-09-28T00:31:47,Peak Power (red),1,0
160,Levia,2026-09-28T00:31:47,Permanent Interment (red),1,0
160,Levia,2026-09-28T00:31:47,Rise to the Challenge (red),2,0
160,Levia,2026-09-28T00:31:47,Satiate Bloodthirst (red),1,0
160,Levia,2026-09-28T00:31:47,Beckoning Hunger (yellow),1,0
160,Levia,2026-09-28T00:31:47,Consuming Appetite (yellow),1,0
160,Levia,2026-09-28T00:31:47,Corporeal Chasm (yellow),2,0
160,Levia,2026-09-28T00:31:47,Feeding Frenzy (yellow),1,0
160,Levia,2026-09-28T00:31:47,Gorging Shadowbeast (yellow),2,0
160,Levia,2026-09-28T00:31:47,Headstrong Stampede (yellow),1,0
160,Levia,2026-09-28T00:31:47,Permanent Interment (yellow),1,0
160,Levia,2026-09-28T00:31:47,Rise to the Challenge (yellow),1,0
160,Levia,2026-09-28T00:31:47,Cleave the Heavens (blue),2,0
160,Levia,2026-09-28T00:31:47,Darkest Hour (blue),1,0
160,Levia,2026-09-28T00:31:47,Feeding Frenzy (blue),1,0
160,Levia,2026-09-28T00:31:47,Goremass Summoning (blue),1,0
160,Levia,2026-09-28T00:31:47,Gorging Shadowbeast (blue),1,0
160,Levia,2026-09-28T00:31:47,Rocktop Bellow (blue),1,0
160,Levia,2026-09-28T00:31:47,Satiate Bloodthirst (blue),1,0
160,Levia,2026-09-28T00:31:47,Shadowrealm Walker (blue),1,0
160,Levia,2026-09-28T00:31:47,Dark Arcanite Boots,1,1
160,Levia,2026-09-28T00:31:47,Dark Arcanite Helm,1,1
160,Levia,2026-09-28T00:31:47,Grille of Repentance,1,1
161,Malice,2026-09-28T15:17:11,Acrid Stench (red),1,0
161,Malice,2026-09-28T15:17:11,Bonded Burial (red),2,0
161,Malice,2026-09-28T15:17:11,Dam the Shadowake (red),1,0
161,Malice,2026-09-28T15:17:11,Darkest Hour (red),1,0
161,Malice,2026-09-28T15:17:11,Malignant Migration (red),2,0
161,Malice,2026-09-28T15:17:11,Mutual Sacrifice (red),1,0
161,Malice,2026-09-28T15:17:11,Restless Cleric (red),2,0
161,Malice,2026-09-28T15:17:11,Restless Corporal (red),1,0
161,Malice,2026-09-28T15:17:11,Restless Magister (red),1,0
161,Malice,2026-09-28T15:17:11,Restless Shieldmaiden (red),1,0
161,Malice,2026-09-28T15:17:11,Shadowrealm Ripper (red),1,0
161,Malice,2026-09-28T15:17:11,Shadowrealm Walker (red),4,0
161,Malice,2026-09-28T15:17:11,Dam the Shadowake (yellow),1,0
161,Malice,2026-09-28T15:17:11,Shadowrealm Bloodhound (yellow),1,0
161,Malice,2026-09-28T15:17:11,Shadowrealm Swiftness (yellow),1,0
161,Malice,2026-09-28T15:17:11,Shadowrealm Walker (yellow),1,0
161,Malice,2026-09-28T15:17:11,Acrid Stench (blue),1,0
161,Malice,2026-09-28T15:17:11,Breach Flesh (blue),2,0
161,Malice,2026-09-28T15:17:11,Corporeal Chasm (blue),1,0
161,Malice,2026-09-28T15:17:11,Mark of Neverest (blue),1,0
161,Malice,2026-09-28T15:17:11,Mutual Sacrifice (blue),1,0
161,Malice,2026-09-28T15:17:11,Ominous Toll (blue),1,0
161,Malice,2026-09-28T15:17:11,Pull from Beyond (blue),1,0
161,Malice,2026-09-28T15:17:11,Rites of Nightfall (blue),1,0
161,Malice,2026-09-28T15:17:11,Shadowrealm Bloodhound (blue),1,0
161,Malice,2026-09-28T15:17:11,Shadowrealm Solace (blue),1,0
161,Malice,2026-09-28T15:17:11,Void Wraith (blue),1,0
161,Malice,2026-09-28T15:17:11,Dark Arcanite Boots,1,1
161,Malice,2026-09-28T15:17:11,Dark Arcanite Gloves,1,1
161,Malice,2026-09-28T15:17:11,Dark Arcanite Helm,1,1
162,Levia,2026-09-28T19:32:29,Beckoning Hunger (red),1,0
162,Levia,2026-09-28T19:32:29,Cleave the Heavens (red),1,0
162,Levia,2026-09-28T19:32:29,Feeding Frenzy (red),3,0
162,Levia,2026-09-28T19:32:29,Gorging Shadowbeast (red),2,0
162,Levia,2026-09-28T19:32:29,Hellbound Assault (red),1,0
162,Levia,2026-09-28T19:32:29,Rise to the Challenge (red),2,0
162,Levia,2026-09-28T19:32:29,Shadowrealm Bloodhound (red),1,0
162,Levia,2026-09-28T19:32:29,Tribute to Greater Power (red),1,0
162,Levia,2026-09-28T19:32:29,Whispers Within (red),1,0
162,Levia,2026-09-28T19:32:29,Apex Buster (yellow),1,0
162,Levia,2026-09-28T19:32:29,Beckoning Hunger (yellow),2,0
162,Levia,2026-09-28T19:32:29,Consuming Strength (yellow),2,0
162,Levia,2026-09-28T19:32:29,Dam the Shadowake (yellow),1,0
162,Levia,2026-09-28T19:32:29,Feeding Frenzy (yellow),1,0
162,Levia,2026-09-28T19:32:29,Ingest the Unknown (yellow),1,0
162,Levia,2026-09-28T19:32:29,Pull from Beyond (yellow),1,0
162,Levia,2026-09-28T19:32:29,Whispers Within (yellow),1,0
162,Levia,2026-09-28T19:32:29,Abyssal Bite (blue),1,0
162,Levia,2026-09-28T19:32:29,Beckoning Hunger (blue),1,0
162,Levia,2026-09-28T19:32:29,Consuming Command (blue),1,0
162,Levia,2026-09-28T19:32:29,Feeding Frenzy (blue),1,0
162,Levia,2026-09-28T19:32:29,Goremass Summoning (blue),2,0
162,Levia,2026-09-28T19:32:29,Gorging Shadowbeast (blue),2,0
162,Levia,2026-09-28T19:32:29,Headstrong Stampede (blue),2,0
162,Levia,2026-09-28T19:32:29,Permanent Interment (blue),1,0
162,Levia,2026-09-28T19:32:29,Rocktop Bellow (blue),1,0
162,Levia,2026-09-28T19:32:29,Dark Arcanite Boots,1,1
162,Levia,2026-09-28T19:32:29,Path of Repentance,1,1
162,Levia,2026-09-28T19:32:29,Robe of Repentance,1,1
