deck_id,hero,date,card_name,count,is_equipment
0,Florian,2024-09-16T20:34:51,Arcane Polarity (red),1,0
0,Florian,2024-09-16T20:34:51,Arcane Seeds // Life (red),1,0
0,Florian,2024-09-16T20:34:51,Autumn's Touch (red),1,0
0,Florian,2024-09-16T20:34:51,Brush Off (red),2,0
0,Florian,2024-09-16T20:34:51,Fyendal's Fighting Spirit (red),1,0
0,Florian,2024-09-16T20:34:51,Hocus Pocus (red),1,0
0,Florian,2024-09-16T20:34:51,Malefic Incantation (red),1,0
0,Florian,2024-09-16T20:34:51,Oath of the Arknight (red),1,0
0,Florian,2024-09-16T20:34:51,Rootbound Carapace (red),1,0
0,Florian,2024-09-16T20:34:51,Strength of Four Seasons (red),1,0
0,Florian,2024-09-16T20:34:51,Summer's Fall (red),1,0
0,Florian,2024-09-16T20:34:51,Arcanic Spike (yellow),1,0
0,Florian,2024-09-16T20:34:51,Brush Off (yellow),1,0
0,Florian,2024-09-16T20:34:51,Cadaverous Tilling (yellow),2,0
0,Florian,2024-09-16T20:34:51,Fertile Ground (yellow),2,0
0,Florian,2024-09-16T20:34:51,Oath of the Arknight (yellow),1,0
0,Florian,2024-09-16T20:34:51,Splintering Deadwood (yellow),1,0
0,Florian,2024-09-16T20:34:51,Autumn's Touch (blue),1,0
0,Florian,2024-09-16T20:34:51,Cadaverous Tilling (blue),1,0
0,Florian,2024-09-16T20:34:51,Condemn to Slaughter (blue),1,0
0,Florian,2024-09-16T20:34:51,Consuming Volition (blue),2,0
0,Florian,2024-09-16T20:34:51,Deadwood Dirge (blue),1,0
0,Florian,2024-09-16T20:34:51,Fruits of the Forest (blue),1,0
0,Florian,2024-09-16T20:34:51,Hocus Pocus (blue),2,0
0,Florian,2024-09-16T20:34:51,Malefic Incantation (blue),1,0
0,Florian,2024-09-16T20:34:51,Meat and Greet (blue),1,0
0,Florian,2024-09-16T20:34:51,Oath of the Arknight (blue),1,0
0,Florian,2024-09-16T20:34:51,Rootbound Carapace (blue),1,0
0,Florian,2024-09-16T20:34:51,Runerager Swarm (blue),1,0
0,Florian,2024-09-16T20:34:51,Four Finger Gloves,1,1
0,Florian,2024-09-16T20:34:51,Hood of Second Thoughts,1,1
0,Florian,2024-09-16T20:34:51,Runaways,1,1
1,Verdance,2024-09-16T23:39:09,Aether Quickening (red),1,0
1,Verdance,2024-09-16T23:39:09,Arcane Twining (red),1,0
1,Verdance,2024-09-16T23:39:09,Cadaverous Tilling (red),2,0
1,Verdance,2024-09-16T23:39:09,Etchings of Arcana (red),2,0
1,Verdance,2024-09-16T23:39:09,Fertile Ground (red),2,0
1,Verdance,2024-09-16T23:39:09,Harvest Season (red),2,0
1,Verdance,2024-09-16T23:39:09,Overflow the Aetherwell (red),1,0
1,Verdance,2024-09-16T23:39:09,Perennial Aetherbloom (red),3,0
1,Verdance,2024-09-16T23:39:09,Photon Splicing (red),2,0
1,Verdance,2024-09-16T23:39:09,Trailblazing Aether (red),2,0
1,Verdance,2024-09-16T23:39:09,Arcane Polarity (yellow),1,0
1,Verdance,2024-09-16T23:39:09,Blossoming Decay (yellow),1,0
1,Verdance,2024-09-16T23:39:09,Rootbound Carapace (yellow),1,0
1,Verdance,2024-09-16T23:39:09,Aether Quickening (blue),2,0
1,Verdance,2024-09-16T23:39:09,Arcane Twining (blue),1,0
1,Verdance,2024-09-16T23:39:09,Autumn's Touch (blue),1,0
1,Verdance,2024-09-16T23:39:09,Cadaverous Tilling (blue),1,0
1,Verdance,2024-09-16T23:39:09,Exploding Aether (blue),2,0
1,Verdance,2024-09-16T23:39:09,Fruits of the Forest (blue),1,0
1,Verdance,2024-09-16T23:39:09,Glyph Overlay (blue),1,0
1,Verdance,2024-09-16T23:39:09,Harvest Season (blue),2,0
1,Verdance,2024-09-16T23:39:09,Photon Splicing (blue),2,0
1,Verdance,2024-09-16T23:39:09,Pop the Bubble (blue),1,0
1,Verdance,2024-09-16T23:39:09,Strong Yield (blue),1,0
1,Verdance,2024-09-16T23:39:09,Trailblazing Aether (blue),1,0
1,Verdance,2024-09-16T23:39:09,Helm of Lignum Vitae,1,1
1,Verdance,2024-09-16T23:39:09,Hold Focus,1,1
1,Verdance,2024-09-16T23:39:09,Runaways,1,1
2,Oscilio,2024-09-16T23:48:18,Aether Quickening (red),1,0
2,Oscilio,2024-09-16T23:48:18,Arcane Polarity (red),2,0
2,Oscilio,2024-09-16T23:48:18,Arcane Twining (red),2,0
2,Oscilio,2024-09-16T23:48:18,Brush Off (red),1,0
2,Oscilio,2024-09-16T23:48:18,Electrostatic Discharge (red),1,0
2,Oscilio,2024-09-16T23:48:18,Etchings of Arcana (red),3,0
2,Oscilio,2024-09-16T23:48:18,Exploding Aether (red),2,0
2,Oscilio,2024-09-16T23:48:18,Flash (red),1,0
2,Oscilio,2024-09-16T23:48:18,Flittering Charge (red),1,0
2,Oscilio,2024-09-16T23:48:18,Fry (red),1,0
2,Oscilio,2024-09-16T23:48:18,Lightning Surge (red),3,0
2,Oscilio,2024-09-16T23:48:18,Open the Flood Gates (red),1,0
2,Oscilio,2024-09-16T23:48:18,Second Strike (red),1,0
2,Oscilio,2024-09-16T23:48:18,Arcane Twining (yellow),1,0
2,Oscilio,2024-09-16T23:48:18,Blast to Oblivion (yellow),1,0
2,Oscilio,2024-09-16T23:48:18,Chorus of the Amphitheater (yellow),1,0
2,Oscilio,2024-09-16T23:48:18,Exploding Aether (yellow),1,0
2,Oscilio,2024-09-16T23:48:18,Flash (yellow),2,0
2,Oscilio,2024-09-16T23:48:18,Sigil of Brilliance (yellow),1,0
2,Oscilio,2024-09-16T23:48:18,Aether Quickening (blue),1,0
2,Oscilio,2024-09-16T23:48:18,Arcane Twining (blue),2,0
2,Oscilio,2024-09-16T23:48:18,Etchings of Arcana (blue),2,0
2,Oscilio,2024-09-16T23:48:18,Perennial Aetherbloom (blue),1,0
2,Oscilio,2024-09-16T23:48:18,Photon Splicing (blue),1,0
2,Oscilio,2024-09-16T23:48:18,Sigil of Forethought (blue),2,0
2,Oscilio,2024-09-16T23:48:18,Sigil of Temporal Manipulation (blue),1,0
2,Oscilio,2024-09-16T23:48:18,Trip the Light Fantastic (blue),1,0
2,Oscilio,2024-09-16T23:48:18,Hold Focus,1,1
2,Oscilio,2024-09-16T23:48:18,Ink-lined Cloak,1,1
2,Oscilio,2024-09-16T23:48:18,Twinkle Toes,1,1
3,Florian,2024-09-17T01:50:44,Arcane Cussing (red),1,0
3,Florian,2024-09-17T01:50:44,Arcane Polarity (red),1,0
3,Florian,2024-09-17T01:50:44,Fertile Ground (red),1,0
3,Florian,2024-09-17T01:50:44,Harvest Season (red),1,0
3,Florian,2024-09-17T01:50:44,Hit the High Notes (red),2,0
3,Florian,2024-09-17T01:50:44,Malefic Incantation (red),1,0
3,Florian,2024-09-17T01:50:44,Meat and Greet (red),2,0
3,Florian,2024-09-17T01:50:44,Oath of the Arknight (red),2,0
3,Florian,2024-09-17T01:50:44,Strength of Four Seasons (red),1,0
3,Florian,2024-09-17T01:50:44,Strong Yield (red),1,0
3,Florian,2024-09-17T01:50:44,Vantage Point (red),1,0
3,Florian,2024-09-17T01:50:44,Arcane Cussing (yellow),1,0
3,Florian,2024-09-17T01:50:44,Arcanic Spike (yellow),1,0
3,Florian,2024-09-17T01:50:44,Brush Off (yellow),1,0
3,Florian,2024-09-17T01:50:44,Cadaverous Tilling (yellow),1,0
3,Florian,2024-09-17T01:50:44,Malefic Incantation (yellow),1,0
3,Florian,2024-09-17T01:50:44,Strength of Four Seasons (yellow),1,0
3,Florian,2024-09-17T01:50:44,Arcane Cussing (blue),2,0
3,Florian,2024-09-17T01:50:44,Arcane Polarity (blue),1,0
3,Florian,2024-09-17T01:50:44,Arcanic Spike (blue),1,0
3,Florian,2024-09-17T01:50:44,Blossoming Decay (blue),2,0
3,Florian,2024-09-17T01:50:44,Cadaverous Tilling (blue),1,0
3,Florian,2024-09-17T01:50:44,Fertile Ground (blue),1,0
3,Florian,2024-09-17T01:50:44,Harvest Season (blue),1,0
3,Florian,2024-09-17T01:50:44,Hit the High Notes (blue),1,0
3,Florian,2024-09-17T01:50:44,Hocus Pocus (blue),1,0
3,Florian,2024-09-17T01:50:44,Malefic Incantation (blue),1,0
3,Florian,2024-09-17T01:50:44,Oath of the Arknight (blue),1,0
3,Florian,2024-09-17T01:50:44,Sigil of Deadwood (blue),1,0
3,Florian,2024-09-17T01:50:44,Sigil of Earth (blue),2,0
3,Florian,2024-09-17T01:50:44,Splintering Deadwood (blue),1,0
3,Florian,2024-09-17T01:50:44,Bloodtorn Bodice,1,1
3,Florian,2024-09-17T01:50:44,Helm of Lignum Vitae,1,1
3,Florian,2024-09-17T01:50:44,Runehold Release,1,1
3,Florian,2024-09-17T01:50:44,Well Grounded,1,1
4,Aurora,2024-09-17T02:00:27,Arcane Cussing (red),1,0
4,Aurora,2024-09-17T02:00:27,Arcane Polarity (red),1,0
4,Aurora,2024-09-17T02:00:27,Electromagnetic Somersault (red),1,0
4,Aurora,2024-09-17T02:00:27,Electrostatic Discharge (red),1,0
4,Aurora,2024-09-17T02:00:27,Flittering Charge (red),2,0
4,Aurora,2024-09-17T02:00:27,Fry (red),2,0
4,Aurora,2024-09-17T02:00:27,Fyendal's Fighting Spirit (red),1,0
4,Aurora,2024-09-17T02:00:27,Heaven's Claws (red),2,0
4,Aurora,2024-09-17T02:00:27,Lightning Surge (red),1,0
4,Aurora,2024-09-17T02:00:27,Malefic Incantation (red),1,0
4,Aurora,2024-09-17T02:00:27,Meat and Greet (red),1,0
4,Aurora,2024-09-17T02:00:27,Oath of the Arknight (red),1,0
4,Aurora,2024-09-17T02:00:27,Trip the Light Fantastic (red),2,0
4,Aurora,2024-09-17T02:00:27,Heaven's Claws (yellow),2,0
4,Aurora,2024-09-17T02:00:27,Hocus Pocus (yellow),1,0
4,Aurora,2024-09-17T02:00:27,Arcane Polarity (blue),1,0
4,Aurora,2024-09-17T02:00:27,Arcanic Spike (blue),3,0
4,Aurora,2024-09-17T02:00:27,Brush Off (blue),1,0
4,Aurora,2024-09-17T02:00:27,Condemn to Slaughter (blue),2,0
4,Aurora,2024-09-17T02:00:27,Electrostatic Discharge (blue),1,0
4,Aurora,2024-09-17T02:00:27,Fyendal's Fighting Spirit (blue),1,0
4,Aurora,2024-09-17T02:00:27,Heaven's Claws (blue),1,0
4,Aurora,2024-09-17T02:00:27,Hit the High Notes (blue),2,0
4,Aurora,2024-09-17T02:00:27,Hocus Pocus (blue),1,0
4,Aurora,2024-09-17T02:00:27,Sigil of Deadwood (blue),1,0
4,Aurora,2024-09-17T02:00:27,Trip the Light Fantastic (blue),1,0
4,Aurora,2024-09-17T02:00:27,Bloodtorn Bodice,1,1
4,Aurora,2024-09-17T02:00:27,Runaways,1,1
4,Aurora,2024-09-17T02:00:27,Runehold Release,1,1
5,Florian,2024-09-17T04:01:06,Arcane Polarity (red),1,0
5,Florian,2024-09-17T04:01:06,Autumn's Touch (red),1,0
5,Florian,2024-09-17T04:01:06,Blossoming Decay (red),1,0
5,Florian,2024-09-17T04:01:06,Brush Off (red),1,0
5,Florian,2024-09-17T04:01:06,Cadaverous Tilling (red),2,0
5,Florian,2024-09-17T04:01:06,Condemn to Slaughter (red),1,0
5,Florian,2024-09-17T04:01:06,Consuming Volition (red),2,0
5,Florian,2024-09-17T04:01:06,Fertile Ground (red),1,0
5,Florian,2024-09-17T04:01:06,Harvest Season (red),1,0
5,Florian,2024-09-17T04:01:06,Hit the High Notes (red),1,0
5,Florian,2024-09-17T04:01:06,Malefic Incantation (red),1,0
5,Florian,2024-09-17T04:01:06,Strong Yield (red),1,0
5,Florian,2024-09-17T04:01:06,Arcanic Spike (yellow),1,0
5,Florian,2024-09-17T04:01:06,Cadaverous Tilling (yellow),2,0
5,Florian,2024-09-17T04:01:06,Fertile Ground (yellow),1,0
5,Florian,2024-09-17T04:01:06,Hocus Pocus (yellow),1,0
5,Florian,2024-09-17T04:01:06,Meat and Greet (yellow),1,0
5,Florian,2024-09-17T04:01:06,Rootbound Carapace (yellow),1,0
5,Florian,2024-09-17T04:01:06,Arcane Cussing (blue),1,0
5,Florian,2024-09-17T04:01:06,Cadaverous Tilling (blue),1,0
5,Florian,2024-09-17T04:01:06,Condemn to Slaughter (blue),1,0
5,Florian,2024-09-17T04:01:06,Deadwood Dirge (blue),1,0
5,Florian,2024-09-17T04:01:06,Fruits of the Forest (blue),1,0
5,Florian,2024-09-17T04:01:06,Fyendal's Fighting Spirit (blue),1,0
5,Florian,2024-09-17T04:01:06,Harvest Season (blue),1,0
5,Florian,2024-09-17T04:01:06,Hit the High Notes (blue),2,0
5,Florian,2024-09-17T04:01:06,Hocus Pocus (blue),1,0
5,Florian,2024-09-17T04:01:06,Oath of the Arknight (blue),1,0
5,Florian,2024-09-17T04:01:06,Runerager Swarm (blue),1,0
5,Florian,2024-09-17T04:01:06,Sigil of Deadwood (blue),2,0
5,Florian,2024-09-17T04:01:06,Sigil of Earth (blue),1,0
5,Florian,2024-09-17T04:01:06,Strong Yield (blue),1,0
5,Florian,2024-09-17T04:01:06,Bruised Leather,1,1
5,Florian,2024-09-17T04:01:06,Runehold Release,1,1
6,Florian,2024-09-17T05:20:47,Arcane Polarity (red),2,0
6,Florian,2024-09-17T05:20:47,Arcanic Spike (red),1,0
6,Florian,2024-09-17T05:20:47,Cadaverous Tilling (red),2,0
6,Florian,2024-09-17T05:20:47,Deadwood Dirge (red),1,0
6,Florian,2024-09-17T05:20:47,Fertile Ground (red),1,0
6,Florian,2024-09-17T05:20:47,Fruits of the Forest (red),1,0
6,Florian,2024-09-17T05:20:47,Fyendal's Fighting Spirit (red),2,0
6,Florian,2024-09-17T05:20:47,Harvest Season (red),1,0
6,Florian,2024-09-17T05:20:47,Malefic Incantation (red),2,0
6,Florian,2024-09-17T05:20:47,Rootbound Carapace (red),1,0
6,Florian,2024-09-17T05:20:47,Runerager Swarm (red),1,0
6,Florian,2024-09-17T05:20:47,Strength of Four Seasons (red),1,0
6,Florian,2024-09-17T05:20:47,Arcane Cussing (yellow),1,0
6,Florian,2024-09-17T05:20:47,Cadaverous Tilling (yellow),1,0
6,Florian,2024-09-17T05:20:47,Condemn to Slaughter (yellow),1,0
6,Florian,2024-09-17T05:20:47,Deadwood Dirge (yellow),1,0
6,Florian,2024-09-17T05:20:47,Fertile Ground (yellow),1,0
6,Florian,2024-09-17T05:20:47,Hocus Pocus (yellow),1,0
6,Florian,2024-09-17T05:20:47,Runerager Swarm (yellow),1,0
6,Florian,2024-09-17T05:20:47,Arcane Cussing (blue),1,0
6,Florian,2024-09-17T05:20:47,Arcanic Spike (blue),1,0
6,Florian,2024-09-17T05:20:47,Autumn's Touch (blue),1,0
6,Florian,2024-09-17T05:20:47,Fyendal's Fighting Spirit (blue),1,0
6,Florian,2024-09-17T05:20:47,Harvest Season (blue),1,0
6,Florian,2024-09-17T05:20:47,Hocus Pocus (blue),2,0
6,Florian,2024-09-17T05:20:47,Sigil of Deadwood (blue),1,0
6,Florian,2024-09-17T05:20:47,Sigil of Fyendal (blue),1,0
6,Florian,2024-09-17T05:20:47,Splintering Deadwood (blue),1,0
6,Florian,2024-09-17T05:20:47,Strong Yield (blue),1,0
6,Florian,2024-09-17T05:20:47,Summer's Fall (blue),1,0
6,Florian,2024-09-17T05:20:47,Vantage Point (blue),1,0
6,Florian,2024-09-17T05:20:47,Runaways,1,1
7,Florian,2024-09-17T08:21:44,Arcane Cussing (red),1,0
7,Florian,2024-09-17T08:21:44,Blossoming Decay (red),1,0
7,Florian,2024-09-17T08:21:44,Brush Off (red),1,0
7,Florian,2024-09-17T08:21:44,Cadaverous Tilling (red),2,0
7,Florian,2024-09-17T08:21:44,Condemn to Slaughter (red),3,0
7,Florian,2024-09-17T08:21:44,Deadwood Dirge (red),1,0
7,Florian,2024-09-17T08:21:44,Fertile Ground (red),1,0
7,Florian,2024-09-17T08:21:44,Fyendal's Fighting Spirit (red),1,0
7,Florian,2024-09-17T08:21:44,Vantage Point (red),1,0
7,Florian,2024-09-17T08:21:44,Fyendal's Fighting Spirit (yellow),1,0
7,Florian,2024-09-17T08:21:44,Hit the High Notes (yellow),1,0
7,Florian,2024-09-17T08:21:44,Hocus Pocus (yellow),1,0
7,Florian,2024-09-17T08:21:44,Vantage Point (yellow),1,0
7,Florian,2024-09-17T08:21:44,Arcane Cussing (blue),1,0
7,Florian,2024-09-17T08:21:44,Autumn's Touch (blue),1,0
7,Florian,2024-09-17T08:21:44,Blossoming Decay (blue),1,0
7,Florian,2024-09-17T08:21:44,Cadaverous Tilling (blue),1,0
7,Florian,2024-09-17T08:21:44,Deadwood Dirge (blue),2,0
7,Florian,2024-09-17T08:21:44,Fruits of the Forest (blue),1,0
7,Florian,2024-09-17T08:21:44,Hit the High Notes (blue),1,0
7,Florian,2024-09-17T08:21:44,Hocus Pocus (blue),1,0
7,Florian,2024-09-17T08:21:44,Rootbound Carapace (blue),1,0
7,Florian,2024-09-17T08:21:44,Sigil of Earth (blue),1,0
7,Florian,2024-09-17T08:21:44,Sigil of Fyendal (blue),2,0
7,Florian,2024-09-17T08:21:44,Sigil of Sanctuary (blue),1,0
7,Florian,2024-09-17T08:21:44,Bloodtorn Bodice,1,1
7,Florian,2024-09-17T08:21:44,Hood of Second Thoughts,1,1
7,Florian,2024-09-17T08:21:44,Runehold Release,1,1
7,Florian,2024-09-17T08:21:44,Well Grounded,1,1
8,Aurora,2024-09-17T09:27:14,Arcane Cussing (red),1,0
8,Aurora,2024-09-17T09:27:14,Arcanic Spike (red),1,0
8,Aurora,2024-09-17T09:27:14,Burn Up // Shock (red),1,0
8,Aurora,2024-09-17T09:27:14,Consuming Volition (red),1,0
8,Aurora,2024-09-17T09:27:14,Deadwood Dirge (red),1,0
8,Aurora,2024-09-17T09:27:14,Flittering Charge (red),1,0
8,Aurora,2024-09-17T09:27:14,Fry (red),1,0
8,Aurora,2024-09-17T09:27:14,Fyendal's Fighting Spirit (red),1,0
8,Aurora,2024-09-17T09:27:14,Heaven's Claws (red),1,0
8,Aurora,2024-09-17T09:27:14,Hit the High Notes (red),1,0
8,Aurora,2024-09-17T09:27:14,Lightning Surge (red),1,0
8,Aurora,2024-09-17T09:27:14,Second Strike (red),2,0
8,Aurora,2024-09-17T09:27:14,Consuming Volition (yellow),1,0
8,Aurora,2024-09-17T09:27:14,Electrostatic Discharge (yellow),1,0
8,Aurora,2024-09-17T09:27:14,Flittering Charge (yellow),1,0
8,Aurora,2024-09-17T09:27:14,Hit the High Notes (yellow),1,0
8,Aurora,2024-09-17T09:27:14,Lightning Surge (yellow),1,0
8,Aurora,2024-09-17T09:27:14,Meat and Greet (yellow),1,0
8,Aurora,2024-09-17T09:27:14,Oath of the Arknight (yellow),1,0
8,Aurora,2024-09-17T09:27:14,Runerager Swarm (yellow),1,0
8,Aurora,2024-09-17T09:27:14,Arcane Polarity (blue),1,0
8,Aurora,2024-09-17T09:27:14,Arcanic Spike (blue),1,0
8,Aurora,2024-09-17T09:27:14,Consuming Volition (blue),1,0
8,Aurora,2024-09-17T09:27:14,Deadwood Dirge (blue),1,0
8,Aurora,2024-09-17T09:27:14,Fyendal's Fighting Spirit (blue),1,0
8,Aurora,2024-09-17T09:27:14,Heaven's Claws (blue),2,0
8,Aurora,2024-09-17T09:27:14,Hit the High Notes (blue),1,0
8,Aurora,2024-09-17T09:27:14,Second Strike (blue),1,0
8,Aurora,2024-09-17T09:27:14,Sigil of Deadwood (blue),1,0
8,Aurora,2024-09-17T09:27:14,Splintering Deadwood (blue),1,0
8,Aurora,2024-09-17T09:27:14,Trip the Light Fantastic (blue),2,0
8,Aurora,2024-09-17T09:27:14,Bloodtorn Bodice,1,1
8,Aurora,2024-09-17T09:27:14,Flash of Brilliance,1,1
8,Aurora,2024-09-17T09:27:14,Runaways,1,1
8,Aurora,2024-09-17T09:27:14,Runehold Release,1,1
9,Aurora,2024-09-17T11:18:18,Arcane Cussing (red),1,0
9,Aurora,2024-09-17T11:18:18,Arcanic Spike (red),1,0
9,Aurora,2024-09-17T11:18:18,Electrostatic Discharge (red),2,0
9,Aurora,2024-09-17T11:18:18,Fry (red),2,0
9,Aurora,2024-09-17T11:18:18,Heaven's Claws (red),1,0
9,Aurora,2024-09-17T11:18:18,Hit the High Notes (red),1,0
9,Aurora,2024-09-17T11:18:18,Hocus Pocus (red),2,0
9,Aurora,2024-09-17T11:18:18,Lightning Surge (red),1,0
9,Aurora,2024-09-17T11:18:18,Meat and Greet (red),1,0
9,Aurora,2024-09-17T11:18:18,Oath of the Arknight (red),1,0
9,Aurora,2024-09-17T11:18:18,Runerager Swarm (red),1,0
9,Aurora,2024-09-17T11:18:18,Second Strike (red),2,0
9,Aurora,2024-09-17T11:18:18,Trip the Light Fantastic (red),1,0
9,Aurora,2024-09-17T11:18:18,Arcane Cussing (yellow),1,0
9,Aurora,2024-09-17T11:18:18,Electromagnetic Somersault (yellow),3,0
9,Aurora,2024-09-17T11:18:18,Flittering Charge (yellow),1,0
9,Aurora,2024-09-17T11:18:18,Fyendal's Fighting Spirit (yellow),1,0
9,Aurora,2024-09-17T11:18:18,Heaven's Claws (yellow),1,0
9,Aurora,2024-09-17T11:18:18,Meat and Greet (yellow),1,0
9,Aurora,2024-09-17T11:18:18,Runerager Swarm (yellow),1,0
9,Aurora,2024-09-17T11:18:18,Trip the Light Fantastic (yellow),1,0
9,Aurora,2024-09-17T11:18:18,Arcanic Spike (blue),1,0
9,Aurora,2024-09-17T11:18:18,Flittering Charge (blue),1,0
9,Aurora,2024-09-17T11:18:18,Heaven's Claws (blue),2,0
9,Aurora,2024-09-17T11:18:18,Hocus Pocus (blue),1,0
9,Aurora,2024-09-17T11:18:18,Oath of the Arknight (blue),1,0
9,Aurora,2024-09-17T11:18:18,Runerager Swarm (blue),1,0
9,Aurora,2024-09-17T11:18:18,Second Strike (blue),1,0
9,Aurora,2024-09-17T11:18:18,Sigil of the Arknight (blue),1,0
9,Aurora,2024-09-17T11:18:18,Trip the Light Fantastic (blue),2,0
9,Aurora,2024-09-17T11:18:18,Four Finger Gloves,1,1
9,Aurora,2024-09-17T11:18:18,Hood of Second Thoughts,1,1
9,Aurora,2024-09-17T11:18:18,Runehold Release,1,1
9,Aurora,2024-09-17T11:18:18,Twinkle Toes,1,1
10,Oscilio,2024-09-17T13:43:58,Aether Quickening (red),1,0
10,Oscilio,2024-09-17T13:43:58,Arcane Twining (red),1,0
10,Oscilio,2024-09-17T13:43:58,Chorus of the Amphitheater (red),1,0
10,Oscilio,2024-09-17T13:43:58,Comet Storm // Shock (red),2,0
10,Oscilio,2024-09-17T13:43:58,Etchings of Arcana (red),1,0
10,Oscilio,2024-09-17T13:43:58,Flash (red),2,0
10,Oscilio,2024-09-17T13:43:58,Flittering Charge (red),1,0
10,Oscilio,2024-09-17T13:43:58,Gone in a Flash (red),1,0
10,Oscilio,2024-09-17T13:43:58,Open the Flood Gates (red),2,0
10,Oscilio,2024-09-17T13:43:58,Overflow the Aetherwell (red),1,0
10,Oscilio,2024-09-17T13:43:58,Second Strike (red),2,0
10,Oscilio,2024-09-17T13:43:58,Tongue Tied (red),1,0
10,Oscilio,2024-09-17T13:43:58,Trip the Light Fantastic (red),1,0
10,Oscilio,2024-09-17T13:43:58,Arcane Twining (yellow),1,0
10,Oscilio,2024-09-17T13:43:58,Chorus of the Amphitheater (yellow),1,0
10,Oscilio,2024-09-17T13:43:58,Etchings of Arcana (yellow),1,0
10,Oscilio,2024-09-17T13:43:58,Glyph Overlay (yellow),2,0
10,Oscilio,2024-09-17T13:43:58,Lightning Surge (yellow),1,0
10,Oscilio,2024-09-17T13:43:58,Pop the Bubble (yellow),1,0
10,Oscilio,2024-09-17T13:43:58,Aether Quickening (blue),1,0
10,Oscilio,2024-09-17T13:43:58,Arcane Twining (blue),1,0
10,Oscilio,2024-09-17T13:43:58,Chorus of the Amphitheater (blue),1,0
10,Oscilio,2024-09-17T13:43:58,Flash (blue),1,0
10,Oscilio,2024-09-17T13:43:58,Glyph Overlay (blue),1,0
10,Oscilio,2024-09-17T13:43:58,Lightning Surge (blue),1,0
10,Oscilio,2024-09-17T13:43:58,Perennial Aetherbloom (blue),2,0
10,Oscilio,2024-09-17T13:43:58,Save the Thought (blue),1,0
10,Oscilio,2024-09-17T13:43:58,Second Strike (blue),2,0
10,Oscilio,2024-09-17T13:43:58,Sigil of Cycles (blue),1,0
10,Oscilio,2024-09-17T13:43:58,Sigil of Forethought (blue),2,0
10,Oscilio,2024-09-17T13:43:58,Hold Focus,1,1
10,Oscilio,2024-09-17T13:43:58,Twinkle Toes,1,1
11,Oscilio,2024-09-17T13:58:45,Arcane Polarity (red),1,0
11,Oscilio,2024-09-17T13:58:45,Arcane Twining (red),1,0
11,Oscilio,2024-09-17T13:58:45,Cut Through the Facade (red),1,0
11,Oscilio,2024-09-17T13:58:45,Electrostatic Discharge (red),1,0
11,Oscilio,2024-09-17T13:58:45,Etchings of Arcana (red),1,0
11,Oscilio,2024-09-17T13:58:45,Exploding Aether (red),1,0
11,Oscilio,2024-09-17T13:58:45,Flittering Charge (red),1,0
11,Oscilio,2024-09-17T13:58:45,Fry (red),1,0
11,Oscilio,2024-09-17T13:58:45,Fyendal's Fighting Spirit (red),1,0
11,Oscilio,2024-09-17T13:58:45,Lightning Surge (red),1,0
11,Oscilio,2024-09-17T13:58:45,Overflow the Aetherwell (red),2,0
11,Oscilio,2024-09-17T13:58:45,Perennial Aetherbloom (red),1,0
11,Oscilio,2024-09-17T13:58:45,Pop the Bubble (red),1,0
11,Oscilio,2024-09-17T13:58:45,Second Strike (red),1,0
11,Oscilio,2024-09-17T13:58:45,Trailblazing Aether (red),3,0
11,Oscilio,2024-09-17T13:58:45,Arcane Twining (yellow),1,0
11,Oscilio,2024-09-17T13:58:45,Flittering Charge (yellow),2,0
11,Oscilio,2024-09-17T13:58:45,Lightning Form (yellow),1,0
11,Oscilio,2024-09-17T13:58:45,Open the Flood Gates (yellow),1,0
11,Oscilio,2024-09-17T13:58:45,Sigil of Brilliance (yellow),1,0
11,Oscilio,2024-09-17T13:58:45,Aether Quickening (blue),1,0
11,Oscilio,2024-09-17T13:58:45,Arcane Twining (blue),2,0
11,Oscilio,2024-09-17T13:58:45,Electromagnetic Somersault (blue),1,0
11,Oscilio,2024-09-17T13:58:45,Fry (blue),1,0
11,Oscilio,2024-09-17T13:58:45,Heaven's Claws (blue),1,0
11,Oscilio,2024-09-17T13:58:45,Lightning Surge (blue),2,0
11,Oscilio,2024-09-17T13:58:45,Open the Flood Gates (blue),1,0
11,Oscilio,2024-09-17T13:58:45,Perennial Aetherbloom (blue),1,0
11,Oscilio,2024-09-17T13:58:45,Sigil of Forethought (blue),1,0
11,Oscilio,2024-09-17T13:58:45,Sigil of Lightning (blue),1,0
11,Oscilio,2024-09-17T13:58:45,Sigil of Temporal Manipulation (blue),2,0
11,Oscilio,2024-09-17T13:58:45,Ink-lined Cloak,1,1
11,Oscilio,2024-09-17T13:58:45,Twinkle Toes,1,1
12,Verdance,2024-09-17T14:23:23,Cadaverous Tilling (red),1,0
12,Verdance,2024-09-17T14:23:23,Count Your Blessings (red),1,0
12,Verdance,2024-09-17T14:23:23,Earth Form (red),1,0
12,Verdance,2024-09-17T14:23:23,Etchings of Arcana (red),1,0
12,Verdance,2024-09-17T14:23:23,Fruits of the Forest (red),1,0
12,Verdance,2024-09-17T14:23:23,Hand Behind the Pen (red),1,0
12,Verdance,2024-09-17T14:23:23,Harvest Season (red),2,0
12,Verdance,2024-09-17T14:23:23,Pop the Bubble (red),1,0
12,Verdance,2024-09-17T14:23:23,Rootbound Carapace (red),1,0
12,Verdance,2024-09-17T14:23:23,Strength of Four Seasons (red),1,0
12,Verdance,2024-09-17T14:23:23,Strong Yield (red),1,0
12,Verdance,2024-09-17T14:23:23,Trailblazing Aether (red),2,0
12,Verdance,2024-09-17T14:23:23,Arcane Twining (yellow),2,0
12,Verdance,2024-09-17T14:23:23,Cadaverous Tilling (yellow),1,0
12,Verdance,2024-09-17T14:23:23,Etchings of Arcana (yellow),1,0
12,Verdance,2024-09-17T14:23:23,Fruits of the Forest (yellow),1,0
12,Verdance,2024-09-17T14:23:23,Overflow the Aetherwell (yellow),1,0
12,Verdance,2024-09-17T14:23:23,Save the Thought (yellow),1,0
12,Verdance,2024-09-17T14:23:23,Aether Quickening (blue),1,0
12,Verdance,2024-09-17T14:23:23,Call to the Grave (blue),1,0
12,Verdance,2024-09-17T14:23:23,Etchings of Arcana (blue),2,0
12,Verdance,2024-09-17T14:23:23,Exploding Aether (blue),1,0
12,Verdance,2024-09-17T14:23:23,Fruits of the Forest (blue),1,0
12,Verdance,2024-09-17T14:23:23,Fyendal's Fighting Spirit (blue),2,0
12,Verdance,2024-09-17T14:23:23,Harvest Season (blue),2,0
12,Verdance,2024-09-17T14:23:23,Heartbeat of Candlehold (blue),1,0
12,Verdance,2024-09-17T14:23:23,Perennial Aetherbloom (blue),2,0
12,Verdance,2024-09-17T14:23:23,Sigil of Fyendal (blue),1,0
12,Verdance,2024-09-17T14:23:23,Strength of Four Seasons (blue),1,0
12,Verdance,2024-09-17T14:23:23,Trailblazing Aether (blue),1,0
12,Verdance,2024-09-17T14:23:23,Truce (blue),1,0
12,Verdance,2024-09-17T14:23:23,Bruised Leather,1,1
12,Verdance,2024-09-17T14:23:23,Four Finger Gloves,1,1
12,Verdance,2024-09-17T14:23:23,Well Grounded,1,1
13,Florian,2024-09-17T15:24:16,Arcane Cussing (red),1,0
13,Florian,2024-09-17T15:24:16,Deadwood Dirge (red),3,0
13,Florian,2024-09-17T15:24:16,Fyendal's Fighting Spirit (red),1,0
13,Florian,2024-09-17T15:24:16,Hocus Pocus (red),1,0
13,Florian,2024-09-17T15:24:16,Meat and Greet (red),1,0
13,Florian,2024-09-17T15:24:16,Rootbound Carapace (red),1,0
13,Florian,2024-09-17T15:24:16,Strength of Four Seasons (red),1,0
13,Florian,2024-09-17T15:24:16,Tongue Tied (red),1,0
13,Florian,2024-09-17T15:24:16,Arcane Cussing (yellow),1,0
13,Florian,2024-09-17T15:24:16,Brush Off (yellow),1,0
13,Florian,2024-09-17T15:24:16,Cadaverous Tilling (yellow),1,0
13,Florian,2024-09-17T15:24:16,Deadwood Dirge (yellow),1,0
13,Florian,2024-09-17T15:24:16,Fertile Ground (yellow),1,0
13,Florian,2024-09-17T15:24:16,Harvest Season (yellow),1,0
13,Florian,2024-09-17T15:24:16,Runerager Swarm (yellow),2,0
13,Florian,2024-09-17T15:24:16,Strong Yield (yellow),1,0
13,Florian,2024-09-17T15:24:16,Summer's Fall (yellow),2,0
13,Florian,2024-09-17T15:24:16,Vantage Point (yellow),1,0
13,Florian,2024-09-17T15:24:16,Arcane Cussing (blue),2,0
13,Florian,2024-09-17T15:24:16,Harvest Season (blue),1,0
13,Florian,2024-09-17T15:24:16,Hit the High Notes (blue),2,0
13,Florian,2024-09-17T15:24:16,Hocus Pocus (blue),2,0
13,Florian,2024-09-17T15:24:16,Oath of the Arknight (blue),1,0
13,Florian,2024-09-17T15:24:16,Sigil of Deadwood (blue),1,0
13,Florian,2024-09-17T15:24:16,Sigil of Fyendal (blue),1,0
13,Florian,2024-09-17T15:24:16,Strong Yield (blue),2,0
13,Florian,2024-09-17T15:24:16,Runehold Release,1,1
13,Florian,2024-09-17T15:24:16,Well Grounded,1,1
14,Florian,2024-09-17T15:34:33,Arcanic Spike (red),1,0
14,Florian,2024-09-17T15:34:33,Blossoming Decay (red),1,0
14,Florian,2024-09-17T15:34:33,Cadaverous Tilling (red),1,0
14,Florian,2024-09-17T15:34:33,Consuming Volition (red),1,0
14,Florian,2024-09-17T15:34:33,Deadwood Dirge (red),1,0
14,Florian,2024-09-17T15:34:33,Fruits of the Forest (red),1,0
14,Florian,2024-09-17T15:34:33,Fyendal's Fighting Spirit (red),1,0
14,Florian,2024-09-17T15:34:33,Harvest Season (red),1,0
14,Florian,2024-09-17T15:34:33,Haunting Rendition (red),1,0
14,Florian,2024-09-17T15:34:33,Hocus Pocus (red),1,0
14,Florian,2024-09-17T15:34:33,Meat and Greet (red),1,0
14,Florian,2024-09-17T15:34:33,Oath of the Arknight (red),2,0
14,Florian,2024-09-17T15:34:33,Runerager Swarm (red),1,0
14,Florian,2024-09-17T15:34:33,Strong Yield (red),1,0
14,Florian,2024-09-17T15:34:33,Consuming Volition (yellow),1,0
14,Florian,2024-09-17T15:34:33,Deadwood Dirge (yellow),1,0
14,Florian,2024-09-17T15:34:33,Harvest Season (yellow),1,0
14,Florian,2024-09-17T15:34:33,Hit the High Notes (yellow),1,0
14,Florian,2024-09-17T15:34:33,Runerager Swarm (yellow),1,0
14,Florian,2024-09-17T15:34:33,Strong Yield (yellow),1,0
14,Florian,2024-09-17T15:34:33,Blossoming Decay (blue),1,0
14,Florian,2024-09-17T15:34:33,Consuming Volition (blue),1,0
14,Florian,2024-09-17T15:34:33,Count Your Blessings (blue),1,0
14,Florian,2024-09-17T15:34:33,Fertile Ground (blue),1,0
14,Florian,2024-09-17T15:34:33,Hit the High Notes (blue),1,0
14,Florian,2024-09-17T15:34:33,Hocus Pocus (blue),1,0
14,Florian,2024-09-17T15:34:33,Meat and Greet (blue),1,0
14,Florian,2024-09-17T15:34:33,Sigil of Deadwood (blue),3,0
14,Florian,2024-09-17T15:34:33,Strength of Four Seasons (blue),1,0
14,Florian,2024-09-17T15:34:33,Summer's Fall (blue),1,0
14,Florian,2024-09-17T15:34:33,Vantage Point (blue),1,0
14,Florian,2024-09-17T15:34:33,Bruised Leather,1,1
14,Florian,2024-09-17T15:34:33,Runehold Release,1,1
14,Florian,2024-09-17T15:34:33,Well Grounded,1,1
15,Verdance,2024-09-17T17:59:40,Arcane Twining (red),2,0
15,Verdance,2024-09-17T17:59:40,Blossoming Decay (red),1,0
15,Verdance,2024-09-17T17:59:40,Chorus of the Amphitheater (red),1,0
15,Verdance,2024-09-17T17:59:40,Etchings of Arcana (red),1,0
15,Verdance,2024-09-17T17:59:40,Fruits of the Forest (red),1,0
15,Verdance,2024-09-17T17:59:40,Glyph Overlay (red),1,0
15,Verdance,2024-09-17T17:59:40,Open the Flood Gates (red),1,0
15,Verdance,2024-09-17T17:59:40,Overflow the Aetherwell (red),1,0
15,Verdance,2024-09-17T17:59:40,Perennial Aetherbloom (red),2,0
15,Verdance,2024-09-17T17:59:40,Photon Splicing (red),1,0
15,Verdance,2024-09-17T17:59:40,Strength of Four Seasons (red),1,0
15,Verdance,2024-09-17T17:59:40,Trailblazing Aether (red),1,0
15,Verdance,2024-09-17T17:59:40,Autumn's Touch (yellow),1,0
15,Verdance,2024-09-17T17:59:40,Cadaverous Tilling (yellow),1,0
15,Verdance,2024-09-17T17:59:40,Etchings of Arcana (yellow),1,0
15,Verdance,2024-09-17T17:59:40,Fyendal's Fighting Spirit (yellow),1,0
15,Verdance,2024-09-17T17:59:40,Save the Thought (yellow),1,0
15,Verdance,2024-09-17T17:59:40,Trailblazing Aether (yellow),1,0
15,Verdance,2024-09-17T17:59:40,Aether Quickening (blue),1,0
15,Verdance,2024-09-17T17:59:40,Arcane Twining (blue),2,0
15,Verdance,2024-09-17T17:59:40,Cadaverous Tilling (blue),1,0
15,Verdance,2024-09-17T17:59:40,Earth Form (blue),1,0
15,Verdance,2024-09-17T17:59:40,Etchings of Arcana (blue),1,0
15,Verdance,2024-09-17T17:59:40,Exploding Aether (blue),1,0
15,Verdance,2024-09-17T17:59:40,Fruits of the Forest (blue),2,0
15,Verdance,2024-09-17T17:59:40,Fyendal's Fighting Spirit (blue),1,0
15,Verdance,2024-09-17T17:59:40,Open the Flood Gates (blue),1,0
15,Verdance,2024-09-17T17:59:40,Overflow the Aetherwell (blue),1,0
15,Verdance,2024-09-17T17:59:40,Perennial Aetherbloom (blue),1,0
15,Verdance,2024-09-17T17:59:40,Rootbound Carapace (blue),1,0
15,Verdance,2024-09-17T17:59:40,Sigil of Earth (blue),1,0
15,Verdance,2024-09-17T17:59:40,Trailblazing Aether (blue),2,0
15,Verdance,2024-09-17T17:59:40,Bruised Leather,1,1
15,Verdance,2024-09-17T17:59:40,Hold Focus,1,1
15,Verdance,2024-09-17T17:59:40,Hood of Second Thoughts,1,1
15,Verdance,2024-09-17T17:59:40,Well Grounded,1,1
16,Verdance,2024-09-17T18:15:43,Arcane Twining (red),1,0
16,Verdance,2024-09-17T18:15:43,Autumn's Touch (red),1,0
16,Verdance,2024-09-17T18:15:43,Blossoming Decay (red),1,0
16,Verdance,2024-09-17T18:15:43,Cadaverous Tilling (red),1,0
16,Verdance,2024-09-17T18:15:43,Exploding Aether (red),1,0
16,Verdance,2024-09-17T18:15:43,Fertile Ground (red),1,0
16,Verdance,2024-09-17T18:15:43,Fruits of the Forest (red),1,0
16,Verdance,2024-09-17T18:15:43,Overflow the Aetherwell (red),1,0
16,Verdance,2024-09-17T18:15:43,Perennial Aetherbloom (red),1,0
16,Verdance,2024-09-17T18:15:43,Pop the Bubble (red),1,0
16,Verdance,2024-09-17T18:15:43,Save the Thought (red),1,0
16,Verdance,2024-09-17T18:15:43,Strong Yield (red),1,0
16,Verdance,2024-09-17T18:15:43,Arcane Polarity (yellow),2,0
16,Verdance,2024-09-17T18:15:43,Etchings of Arcana (yellow),1,0
16,Verdance,2024-09-17T18:15:43,Fyendal's Fighting Spirit (yellow),1,0
16,Verdance,2024-09-17T18:15:43,Perennial Aetherbloom (yellow),2,0
16,Verdance,2024-09-17T18:15:43,Rootbound Carapace (yellow),1,0
16,Verdance,2024-09-17T18:15:43,Summer's Fall (yellow),1,0
16,Verdance,2024-09-17T18:15:43,Trailblazing Aether (yellow),1,0
16,Verdance,2024-09-17T18:15:43,Arcane Twining (blue),1,0
16,Verdance,2024-09-17T18:15:43,Autumn's Touch (blue),1,0
16,Verdance,2024-09-17T18:15:43,Fertile Ground (blue),1,0
16,Verdance,2024-09-17T18:15:43,Fruits of the Forest (blue),3,0
16,Verdance,2024-09-17T18:15:43,Fyendal's Fighting Spirit (blue),2,0
16,Verdance,2024-09-17T18:15:43,Sigil of Fyendal (blue),1,0
16,Verdance,2024-09-17T18:15:43,Strength of Four Seasons (blue),1,0
16,Verdance,2024-09-17T18:15:43,Strong Yield (blue),1,0
16,Verdance,2024-09-17T18:15:43,Bruised Leather,1,1
16,Verdance,2024-09-17T18:15:43,Helm of Lignum Vitae,1,1
16,Verdance,2024-09-17T18:15:43,Hold Focus,1,1
16,Verdance,2024-09-17T18:15:43,Well Grounded,1,1
17,Oscilio,2024-09-17T18:42:10,Aether Quickening (red),1,0
17,Oscilio,2024-09-17T18:42:10,Brush Off (red),1,0
17,Oscilio,2024-09-17T18:42:10,Comet Storm // Shock (red),1,0
17,Oscilio,2024-09-17T18:42:10,Electromagnetic Somersault (red),1,0
17,Oscilio,2024-09-17T18:42:10,Electrostatic Discharge (red),1,0
17,Oscilio,2024-09-17T18:42:10,Etchings of Arcana (red),1,0
17,Oscilio,2024-09-17T18:42:10,Flittering Charge (red),3,0
17,Oscilio,2024-09-17T18:42:10,Fyendal's Fighting Spirit (red),2,0
17,Oscilio,2024-09-17T18:42:10,Glyph Overlay (red),1,0
17,Oscilio,2024-09-17T18:42:10,Open the Flood Gates (red),1,0
17,Oscilio,2024-09-17T18:42:10,Pop the Bubble (red),1,0
17,Oscilio,2024-09-17T18:42:10,Trip the Light Fantastic (red),2,0
17,Oscilio,2024-09-17T18:42:10,Electrostatic Discharge (yellow),1,0
17,Oscilio,2024-09-17T18:42:10,Flash (yellow),1,0
17,Oscilio,2024-09-17T18:42:10,Glyph Overlay (yellow),2,0
17,Oscilio,2024-09-17T18:42:10,Second Strike (yellow),1,0
17,Oscilio,2024-09-17T18:42:10,Trip the Light Fantastic (yellow),1,0
17,Oscilio,2024-09-17T18:42:10,Aether Quickening (blue),1,0
17,Oscilio,2024-09-17T18:42:10,Arcane Polarity (blue),1,0
17,Oscilio,2024-09-17T18:42:10,Arcane Twining (blue),1,0
17,Oscilio,2024-09-17T18:42:10,Electromagnetic Somersault (blue),1,0
17,Oscilio,2024-09-17T18:42:10,Electrostatic Discharge (blue),1,0
17,Oscilio,2024-09-17T18:42:10,Flash (blue),2,0
17,Oscilio,2024-09-17T18:42:10,Flittering Charge (blue),1,0
17,Oscilio,2024-09-17T18:42:10,Fry (blue),1,0
17,Oscilio,2024-09-17T18:42:10,Lightning Surge (blue),2,0
17,Oscilio,2024-09-17T18:42:10,Second Strike (blue),2,0
17,Oscilio,2024-09-17T18:42:10,Sigil of Aether (blue),1,0
17,Oscilio,2024-09-17T18:42:10,Sigil of Lightning (blue),2,0
17,Oscilio,2024-09-17T18:42:10,Flash of Brilliance,1,1
17,Oscilio,2024-09-17T18:42:10,Hold Focus,1,1
17,Oscilio,2024-09-17T18:42:10,Twinkle Toes,1,1
18,Verdance,2024-09-17T19:58:53,Aether Quickening (red),1,0
18,Verdance,2024-09-17T19:58:53,Autumn's Touch (red),1,0
18,Verdance,2024-09-17T19:58:53,Blossoming Decay (red),1,0
18,Verdance,2024-09-17T19:58:53,Etchings of Arcana (red),1,0
18,Verdance,2024-09-17T19:58:53,Fertile Ground (red),2,0
18,Verdance,2024-09-17T19:58:53,Pulsing Aether // Life (red),2,0
18,Verdance,2024-09-17T19:58:53,Strength of Four Seasons (red),1,0
18,Verdance,2024-09-17T19:58:53,Tongue Tied (red),1,0
18,Verdance,2024-09-17T19:58:53,Arcane Twining (yellow),2,0
18,Verdance,2024-09-17T19:58:53,Blossoming Decay (yellow),1,0
18,Verdance,2024-09-17T19:58:53,Fertile Ground (yellow),1,0
18,Verdance,2024-09-17T19:58:53,Fruits of the Forest (yellow),1,0
18,Verdance,2024-09-17T19:58:53,Fyendal's Fighting Spirit (yellow),1,0
18,Verdance,2024-09-17T19:58:53,Trailblazing Aether (yellow),1,0
18,Verdance,2024-09-17T19:58:53,Aether Quickening (blue),1,0
18,Verdance,2024-09-17T19:58:53,Arcane Polarity (blue),1,0
18,Verdance,2024-09-17T19:58:53,Autumn's Touch (blue),2,0
18,Verdance,2024-09-17T19:58:53,Blossoming Decay (blue),1,0
18,Verdance,2024-09-17T19:58:53,Cadaverous Tilling (blue),1,0
18,Verdance,2024-09-17T19:58:53,Count Your Blessings (blue),1,0
18,Verdance,2024-09-17T19:58:53,Etchings of Arcana (blue),1,0
18,Verdance,2024-09-17T19:58:53,Fertile Ground (blue),1,0
18,Verdance,2024-09-17T19:58:53,Fruits of the Forest (blue),2,0
18,Verdance,2024-09-17T19:58:53,Fyendal's Fighting Spirit (blue),1,0
18,Verdance,2024-09-17T19:58:53,Glyph Overlay (blue),1,0
18,Verdance,2024-09-17T19:58:53,Open the Flood Gates (blue),1,0
18,Verdance,2024-09-17T19:58:53,Overflow the Aetherwell (blue),3,0
18,Verdance,2024-09-17T19:58:53,Pop the Bubble (blue),1,0
18,Verdance,2024-09-17T19:58:53,Sigil of Earth (blue),2,0
18,Verdance,2024-09-17T19:58:53,Sigil of Sanctuary (blue),1,0
18,Verdance,2024-09-17T19:58:53,Strength of Four Seasons (blue),1,0
18,Verdance,2024-09-17T19:58:53,Strong Yield (blue),1,0
18,Verdance,2024-09-17T19:58:53,Hold Focus,1,1
18,Verdance,2024-09-17T19:58:53,Ink-lined Cloak,1,1
19,Florian,2024-09-17T20:54:08,Arcane Cussing (red),1,0
19,Florian,2024-09-17T20:54:08,Arcane Seeds // Life (red),1,0
19,Florian,2024-09-17T20:54:08,Arcanic Spike (red),1,0
19,Florian,2024-09-17T20:54:08,Blossoming Decay (red),2,0
19,Florian,2024-09-17T20:54:08,Brush Off (red),1,0
19,Florian,2024-09-17T20:54:08,Cadaverous Tilling (red),1,0
19,Florian,2024-09-17T20:54:08,Consuming Volition (red),1,0
19,Florian,2024-09-17T20:54:08,Harvest Season (red),1,0
19,Florian,2024-09-17T20:54:08,Hit the High Notes (red),1,0
19,Florian,2024-09-17T20:54:08,Hocus Pocus (red),2,0
19,Florian,2024-09-17T20:54:08,Oath of the Arknight (red),1,0
19,Florian,2024-09-17T20:54:08,Splintering Deadwood (red),1,0
19,Florian,2024-09-17T20:54:08,Autumn's Touch (yellow),1,0
19,Florian,2024-09-17T20:54:08,Blossoming Decay (yellow),1,0
19,Florian,2024-09-17T20:54:08,Brush Off (yellow),1,0
19,Florian,2024-09-17T20:54:08,Hit the High Notes (yellow),2,0
19,Florian,2024-09-17T20:54:08,Malefic Incantation (yellow),1,0
19,Florian,2024-09-17T20:54:08,Oath of the Arknight (yellow),1,0
19,Florian,2024-09-17T20:54:08,Strength of Four Seasons (yellow),1,0
19,Florian,2024-09-17T20:54:08,Arcane Polarity (blue),1,0
19,Florian,2024-09-17T20:54:08,Arcanic Spike (blue),1,0
19,Florian,2024-09-17T20:54:08,Cadaverous Tilling (blue),1,0
19,Florian,2024-09-17T20:54:08,Consuming Volition (blue),2,0
19,Florian,2024-09-17T20:54:08,Deadwood Dirge (blue),1,0
19,Florian,2024-09-17T20:54:08,Harvest Season (blue),1,0
19,Florian,2024-09-17T20:54:08,Hit the High Notes (blue),1,0
19,Florian,2024-09-17T20:54:08,Malefic Incantation (blue),1,0
19,Florian,2024-09-17T20:54:08,Meat and Greet (blue),1,0
19,Florian,2024-09-17T20:54:08,Runerager Swarm (blue),1,0
19,Florian,2024-09-17T20:54:08,Sigil of Cycles (blue),1,0
19,Florian,2024-09-17T20:54:08,Sigil of Deadwood (blue),1,0
19,Florian,2024-09-17T20:54:08,Sigil of Earth (blue),1,0
19,Florian,2024-09-17T20:54:08,Sigil of Fyendal (blue),1,0
19,Florian,2024-09-17T20:54:08,Splintering Deadwood (blue),1,0
19,Florian,2024-09-17T20:54:08,Strong Yield (blue),1,0
19,Florian,2024-09-17T20:54:08,Bruised Leather,1,1
19,Florian,2024-09-17T20:54:08,Helm of Lignum Vitae,1,1
19,Florian,2024-09-17T20:54:08,Runehold Release,1,1
20,Oscilio,2024-09-17T21:43:29,Arcane Polarity (red),1,0
20,Oscilio,2024-09-17T21:43:29,Arcane Twining (red),1,0
20,Oscilio,2024-09-17T21:43:29,Etchings of Arcana (red),2,0
20,Oscilio,2024-09-17T21:43:29,Flash (red),3,0
20,Oscilio,2024-09-17T21:43:29,Fry (red),1,0
20,Oscilio,2024-09-17T21:43:29,Overflow the Aetherwell (red),2,0
20,Oscilio,2024-09-17T21:43:29,Perennial Aetherbloom (red),2,0
20,Oscilio,2024-09-17T21:43:29,Photon Splicing (red),1,0
20,Oscilio,2024-09-17T21:43:29,Save the Thought (red),1,0
20,Oscilio,2024-09-17T21:43:29,Trailblazing Aether (red),3,0
20,Oscilio,2024-09-17T21:43:29,Aether Quickening (yellow),1,0
20,Oscilio,2024-09-17T21:43:29,Blast to Oblivion (yellow),1,0
20,Oscilio,2024-09-17T21:43:29,Second Strike (yellow),1,0
20,Oscilio,2024-09-17T21:43:29,Trailblazing Aether (yellow),1,0
20,Oscilio,2024-09-17T21:43:29,Arcane Twining (blue),1,0
20,Oscilio,2024-09-17T21:43:29,Electrostatic Discharge (blue),1,0
20,Oscilio,2024-09-17T21:43:29,Etchings of Arcana (blue),1,0
20,Oscilio,2024-09-17T21:43:29,Flittering Charge (blue),1,0
20,Oscilio,2024-09-17T21:43:29,Overflow the Aetherwell (blue),1,0
20,Oscilio,2024-09-17T21:43:29,Perennial Aetherbloom (blue),1,0
20,Oscilio,2024-09-17T21:43:29,Sigil of Conductivity (blue),1,0
20,Oscilio,2024-09-17T21:43:29,Sigil of Forethought (blue),1,0
20,Oscilio,2024-09-17T21:43:29,Sigil of Temporal Manipulation (blue),2,0
20,Oscilio,2024-09-17T21:43:29,Bruised Leather,1,1
20,Oscilio,2024-09-17T21:43:29,Twinkle Toes,1,1
21,Oscilio,2024-09-17T22:54:59,Aether Quickening (red),1,0
21,Oscilio,2024-09-17T22:54:59,Arcane Twining (red),2,0
21,Oscilio,2024-09-17T22:54:59,Comet Storm // Shock (red),2,0
21,Oscilio,2024-09-17T22:54:59,Etchings of Arcana (red),4,0
21,Oscilio,2024-09-17T22:54:59,Fry (red),1,0
21,Oscilio,2024-09-17T22:54:59,Heaven's Claws (red),1,0
21,Oscilio,2024-09-17T22:54:59,Lightning Form (red),1,0
21,Oscilio,2024-09-17T22:54:59,Perennial Aetherbloom (red),4,0
21,Oscilio,2024-09-17T22:54:59,Trailblazing Aether (red),3,0
21,Oscilio,2024-09-17T22:54:59,Aether Quickening (yellow),1,0
21,Oscilio,2024-09-17T22:54:59,Chorus of the Amphitheater (yellow),1,0
21,Oscilio,2024-09-17T22:54:59,Glyph Overlay (yellow),1,0
21,Oscilio,2024-09-17T22:54:59,Trip the Light Fantastic (yellow),1,0
21,Oscilio,2024-09-17T22:54:59,Arcane Twining (blue),1,0
21,Oscilio,2024-09-17T22:54:59,Etchings of Arcana (blue),3,0
21,Oscilio,2024-09-17T22:54:59,Heaven's Claws (blue),1,0
21,Oscilio,2024-09-17T22:54:59,Photon Splicing (blue),1,0
21,Oscilio,2024-09-17T22:54:59,Second Strike (blue),2,0
21,Oscilio,2024-09-17T22:54:59,Sigil of Cycles (blue),1,0
21,Oscilio,2024-09-17T22:54:59,Sigil of Forethought (blue),2,0
21,Oscilio,2024-09-17T22:54:59,Sigil of Fyendal (blue),1,0
21,Oscilio,2024-09-17T22:54:59,Sigil of Lightning (blue),2,0
21,Oscilio,2024-09-17T22:54:59,Flash of Brilliance,1,1
21,Oscilio,2024-09-17T22:54:59,Hold Focus,1,1
21,Oscilio,2024-09-17T22:54:59,Ink-lined Cloak,1,1
21,Oscilio,2024-09-17T22:54:59,Twinkle Toes,1,1
22,Verdance,2024-09-17T23:28:17,Aether Quickening (red),1,0
22,Verdance,2024-09-17T23:28:17,Cadaverous Tilling (red),2,0
22,Verdance,2024-09-17T23:28:17,Etchings of Arcana (red),1,0
22,Verdance,2024-09-17T23:28:17,Exploding Aether (red),1,0
22,Verdance,2024-09-17T23:28:17,Fyendal's Fighting Spirit (red),1,0
22,Verdance,2024-09-17T23:28:17,Overflow the Aetherwell (red),1,0
22,Verdance,2024-09-17T23:28:17,Pulsing Aether // Life (red),2,0
22,Verdance,2024-09-17T23:28:17,Strength of Four Seasons (red),1,0
22,Verdance,2024-09-17T23:28:17,Tongue Tied (red),1,0
22,Verdance,2024-09-17T23:28:17,Chorus of the Amphitheater (yellow),1,0
22,Verdance,2024-09-17T23:28:17,Etchings of Arcana (yellow),1,0
22,Verdance,2024-09-17T23:28:17,Fertile Ground (yellow),1,0
22,Verdance,2024-09-17T23:28:17,Harvest Season (yellow),1,0
22,Verdance,2024-09-17T23:28:17,Overflow the Aetherwell (yellow),1,0
22,Verdance,2024-09-17T23:28:17,Perennial Aetherbloom (yellow),1,0
22,Verdance,2024-09-17T23:28:17,Rootbound Carapace (yellow),1,0
22,Verdance,2024-09-17T23:28:17,Strength of Four Seasons (yellow),1,0
22,Verdance,2024-09-17T23:28:17,Strong Yield (yellow),1,0
22,Verdance,2024-09-17T23:28:17,Aether Quickening (blue),1,0
22,Verdance,2024-09-17T23:28:17,Blossoming Decay (blue),1,0
22,Verdance,2024-09-17T23:28:17,Fertile Ground (blue),2,0
22,Verdance,2024-09-17T23:28:17,Fruits of the Forest (blue),2,0
22,Verdance,2024-09-17T23:28:17,Fyendal's Fighting Spirit (blue),2,0
22,Verdance,2024-09-17T23:28:17,Save the Thought (blue),1,0
22,Verdance,2024-09-17T23:28:17,Sigil of Earth (blue),2,0
22,Verdance,2024-09-17T23:28:17,Sigil of Sanctuary (blue),1,0
22,Verdance,2024-09-17T23:28:17,Strength of Four Seasons (blue),1,0
22,Verdance,2024-09-17T23:28:17,Trailblazing Aether (blue),1,0
22,Verdance,2024-09-17T23:28:17,Bruised Leather,1,1
22,Verdance,2024-09-17T23:28:17,Four Finger Gloves,1,1
22,Verdance,2024-09-17T23:28:17,Helm of Lignum Vitae,1,1
22,Verdance,2024-09-17T23:28:17,Well Grounded,1,1
23,Oscilio,2024-09-17T23:58:15,Aether Quickening (red),1,0
23,Oscilio,2024-09-17T23:58:15,Arcane Twining (red),2,0
23,Oscilio,2024-09-17T23:58:15,Brush Off (red),1,0
23,Oscilio,2024-09-17T23:58:15,Electrostatic Discharge (red),1,0
23,Oscilio,2024-09-17T23:58:15,Exploding Aether (red),1,0
23,Oscilio,2024-09-17T23:58:15,Flittering Charge (red),1,0
23,Oscilio,2024-09-17T23:58:15,Fry (red),2,0
23,Oscilio,2024-09-17T23:58:15,Glyph Overlay (red),1,0
23,Oscilio,2024-09-17T23:58:15,Heaven's Claws (red),1,0
23,Oscilio,2024-09-17T23:58:15,Lightning Surge (red),1,0
23,Oscilio,2024-09-17T23:58:15,Overflow the Aetherwell (red),1,0
23,Oscilio,2024-09-17T23:58:15,Photon Splicing (red),1,0
23,Oscilio,2024-09-17T23:58:15,Second Strike (red),1,0
23,Oscilio,2024-09-17T23:58:15,Trailblazing Aether (red),2,0
23,Oscilio,2024-09-17T23:58:15,Aether Quickening (yellow),1,0
23,Oscilio,2024-09-17T23:58:15,Etchings of Arcana (yellow),1,0
23,Oscilio,2024-09-17T23:58:15,Null // Shock (yellow),1,0
23,Oscilio,2024-09-17T23:58:15,Overflow the Aetherwell (yellow),1,0
23,Oscilio,2024-09-17T23:58:15,Second Strike (yellow),2,0
23,Oscilio,2024-09-17T23:58:15,Trailblazing Aether (yellow),1,0
23,Oscilio,2024-09-17T23:58:15,Trip the Light Fantastic (yellow),1,0
23,Oscilio,2024-09-17T23:58:15,Aether Quickening (blue),2,0
23,Oscilio,2024-09-17T23:58:15,Arcane Polarity (blue),1,0
23,Oscilio,2024-09-17T23:58:15,Flash (blue),1,0
23,Oscilio,2024-09-17T23:58:15,Open the Flood Gates (blue),3,0
23,Oscilio,2024-09-17T23:58:15,Perennial Aetherbloom (blue),1,0
23,Oscilio,2024-09-17T23:58:15,Save the Thought (blue),1,0
23,Oscilio,2024-09-17T23:58:15,Second Strike (blue),1,0
23,Oscilio,2024-09-17T23:58:15,Sigil of Aether (blue),1,0
23,Oscilio,2024-09-17T23:58:15,Sigil of Conductivity (blue),1,0
23,Oscilio,2024-09-17T23:58:15,Sigil of Fyendal (blue),1,0
23,Oscilio,2024-09-17T23:58:15,Sigil of Temporal Manipulation (blue),1,0
23,Oscilio,2024-09-17T23:58:15,Trailblazing Aether (blue),1,0
23,Oscilio,2024-09-17T23:58:15,Hold Focus,1,1
24,Florian,2024-09-18T00:26:32,Arcane Cussing (red),1,0
24,Florian,2024-09-18T00:26:32,Arcane Polarity (red),2,0
24,Florian,2024-09-18T00:26:32,Cadaverous Tilling (red),1,0
24,Florian,2024-09-18T00:26:32,Fertile Ground (red),2,0
24,Florian,2024-09-18T00:26:32,Fruits of the Forest (red),2,0
24,Florian,2024-09-18T00:26:32,Haunting Rendition (red),1,0
24,Florian,2024-09-18T00:26:32,Hit the High Notes (red),1,0
24,Florian,2024-09-18T00:26:32,Strength of Four Seasons (red),1,0
24,Florian,2024-09-18T00:26:32,Summer's Fall (red),1,0
24,Florian,2024-09-18T00:26:32,Blossoming Decay (yellow),1,0
24,Florian,2024-09-18T00:26:32,Deadwood Dirge (yellow),1,0
24,Florian,2024-09-18T00:26:32,Fruits of the Forest (yellow),1,0
24,Florian,2024-09-18T00:26:32,Splintering Deadwood (yellow),1,0
24,Florian,2024-09-18T00:26:32,Strength of Four Seasons (yellow),1,0
24,Florian,2024-09-18T00:26:32,Vantage Point (yellow),1,0
24,Florian,2024-09-18T00:26:32,Arcanic Spike (blue),1,0
24,Florian,2024-09-18T00:26:32,Autumn's Touch (blue),2,0
24,Florian,2024-09-18T00:26:32,Brush Off (blue),1,0
24,Florian,2024-09-18T00:26:32,Cadaverous Tilling (blue),2,0
24,Florian,2024-09-18T00:26:32,Condemn to Slaughter (blue),1,0
24,Florian,2024-09-18T00:26:32,Earth Form (blue),1,0
24,Florian,2024-09-18T00:26:32,Fruits of the Forest (blue),1,0
24,Florian,2024-09-18T00:26:32,Hit the High Notes (blue),1,0
24,Florian,2024-09-18T00:26:32,Hocus Pocus (blue),1,0
24,Florian,2024-09-18T00:26:32,Malefic Incantation (blue),1,0
24,Florian,2024-09-18T00:26:32,Meat and Greet (blue),1,0
24,Florian,2024-09-18T00:26:32,Sigil of Deadwood (blue),1,0
24,Florian,2024-09-18T00:26:32,Sigil of Earth (blue),1,0
24,Florian,2024-09-18T00:26:32,Sigil of Sanctuary (blue),1,0
24,Florian,2024-09-18T00:26:32,Strength of Four Seasons (blue),2,0
24,Florian,2024-09-18T00:26:32,Strong Yield (blue),1,0
24,Florian,2024-09-18T00:26:32,Four Finger Gloves,1,1
25,Verdance,2024-09-18T00:32:17,Arcane Polarity (red),3,0
25,Verdance,2024-09-18T00:32:17,Autumn's Touch (red),2,0
25,Verdance,2024-09-18T00:32:17,Earth Form (red),1,0
25,Verdance,2024-09-18T00:32:17,Fertile Ground (red),1,0
25,Verdance,2024-09-18T00:32:17,Fyendal's Fighting Spirit (red),2,0
25,Verdance,2024-09-18T00:32:17,Hand Behind the Pen (red),1,0
25,Verdance,2024-09-18T00:32:17,Open the Flood Gates (red),1,0
25,Verdance,2024-09-18T00:32:17,Overflow the Aetherwell (red),1,0
25,Verdance,2024-09-18T00:32:17,Perennial Aetherbloom (red),1,0
25,Verdance,2024-09-18T00:32:17,Fyendal's Fighting Spirit (yellow),1,0
25,Verdance,2024-09-18T00:32:17,Open the Flood Gates (yellow),1,0
25,Verdance,2024-09-18T00:32:17,Perennial Aetherbloom (yellow),1,0
25,Verdance,2024-09-18T00:32:17,Strength of Four Seasons (yellow),1,0
25,Verdance,2024-09-18T00:32:17,Strong Yield (yellow),1,0
25,Verdance,2024-09-18T00:32:17,Summer's Fall (yellow),1,0
25,Verdance,2024-09-18T00:32:17,Trailblazing Aether (yellow),1,0
25,Verdance,2024-09-18T00:32:17,Aether Quickening (blue),1,0
25,Verdance,2024-09-18T00:32:17,Arcane Twining (blue),1,0
25,Verdance,2024-09-18T00:32:17,Autumn's Touch (blue),2,0
25,Verdance,2024-09-18T00:32:17,Fertile Ground (blue),1,0
25,Verdance,2024-09-18T00:32:17,Fyendal's Fighting Spirit (blue),1,0
25,Verdance,2024-09-18T00:32:17,Harvest Season (blue),1,0
25,Verdance,2024-09-18T00:32:17,Open the Flood Gates (blue),1,0
25,Verdance,2024-09-18T00:32:17,Overflow the Aetherwell (blue),1,0
25,Verdance,2024-09-18T00:32:17,Perennial Aetherbloom (blue),1,0
25,Verdance,2024-09-18T00:32:17,Rootbound Carapace (blue),1,0
25,Verdance,2024-09-18T00:32:17,Sigil of Earth (blue),1,0
25,Verdance,2024-09-18T00:32:17,Summer's Fall (blue),1,0
25,Verdance,2024-09-18T00:32:17,Trailblazing Aether (blue),1,0
25,Verdance,2024-09-18T00:32:17,Helm of Lignum Vitae,1,1
25,Verdance,2024-09-18T00:32:17,Well Grounded,1,1
26,Florian,2024-09-18T02:19:00,Arcane Polarity (red),2,0
26,Florian,2024-09-18T02:19:00,Blossoming Decay (red),1,0
26,Florian,2024-09-18T02:19:00,Consuming Volition (red),1,0
26,Florian,2024-09-18T02:19:00,Deadwood Dirge (red),1,0
26,Florian,2024-09-18T02:19:00,Fertile Ground (red),3,0
26,Florian,2024-09-18T02:19:00,Hit the High Notes (red),1,0
26,Florian,2024-09-18T02:19:00,Hocus Pocus (red),1,0
26,Florian,2024-09-18T02:19:00,Meat and Greet (red),1,0
26,Florian,2024-09-18T02:19:00,Runerager Swarm (red),2,0
26,Florian,2024-09-18T02:19:00,Strong Yield (red),1,0
26,Florian,2024-09-18T02:19:00,Autumn's Touch (yellow),1,0
26,Florian,2024-09-18T02:19:00,Blossoming Decay (yellow),1,0
26,Florian,2024-09-18T02:19:00,Cadaverous Tilling (yellow),1,0
26,Florian,2024-09-18T02:19:00,Fertile Ground (yellow),1,0
26,Florian,2024-09-18T02:19:00,Fruits of the Forest (yellow),1,0
26,Florian,2024-09-18T02:19:00,Malefic Incantation (yellow),1,0
26,Florian,2024-09-18T02:19:00,Blossoming Decay (blue),1,0
26,Florian,2024-09-18T02:19:00,Cadaverous Tilling (blue),2,0
26,Florian,2024-09-18T02:19:00,Fruits of the Forest (blue),2,0
26,Florian,2024-09-18T02:19:00,Harvest Season (blue),1,0
26,Florian,2024-09-18T02:19:00,Hocus Pocus (blue),2,0
26,Florian,2024-09-18T02:19:00,Machinations of Dominion (blue),1,0
26,Florian,2024-09-18T02:19:00,Meat and Greet (blue),1,0
26,Florian,2024-09-18T02:19:00,Rootbound Carapace (blue),1,0
26,Florian,2024-09-18T02:19:00,Sigil of Deadwood (blue),2,0
26,Florian,2024-09-18T02:19:00,Sigil of Earth (blue),1,0
26,Florian,2024-09-18T02:19:00,Strength of Four Seasons (blue),1,0
26,Florian,2024-09-18T02:19:00,Strong Yield (blue),1,0
26,Florian,2024-09-18T02:19:00,Bloodtorn Bodice,1,1
26,Florian,2024-09-18T02:19:00,Helm of Lignum Vitae,1,1
26,Florian,2024-09-18T02:19:00,Runehold Release,1,1
26,Florian,2024-09-18T02:19:00,Well Grounded,1,1
27,Aurora,2024-09-18T02:41:30,Arcane Cussing (red),1,0
27,Aurora,2024-09-18T02:41:30,Arcane Polarity (red),1,0
27,Aurora,2024-09-18T02:41:30,Arcanic Spike (red),1,0
27,Aurora,2024-09-18T02:41:30,Burn Up // Shock (red),1,0
27,Aurora,2024-09-18T02:41:30,Electromagnetic Somersault (red),1,0
27,Aurora,2024-09-18T02:41:30,Electrostatic Discharge (red),3,0
27,Aurora,2024-09-18T02:41:30,Fyendal's Fighting Spirit (red),1,0
27,Aurora,2024-09-18T02:41:30,Heaven's Claws (red),2,0
27,Aurora,2024-09-18T02:41:30,Hit the High Notes (red),2,0
27,Aurora,2024-09-18T02:41:30,Lightning Surge (red),1,0
27,Aurora,2024-09-18T02:41:30,Runerager Swarm (red),1,0
27,Aurora,2024-09-18T02:41:30,Second Strike (red),1,0
27,Aurora,2024-09-18T02:41:30,Trip the Light Fantastic (red),2,0
27,Aurora,2024-09-18T02:41:30,Blast to Oblivion (yellow),1,0
27,Aurora,2024-09-18T02:41:30,Fry (yellow),1,0
27,Aurora,2024-09-18T02:41:30,Hit the High Notes (yellow),1,0
27,Aurora,2024-09-18T02:41:30,Lightning Form (yellow),1,0
27,Aurora,2024-09-18T02:41:30,Runerager Swarm (yellow),1,0
27,Aurora,2024-09-18T02:41:30,Splintering Deadwood (yellow),1,0
27,Aurora,2024-09-18T02:41:30,Arcanic Spike (blue),2,0
27,Aurora,2024-09-18T02:41:30,Blast to Oblivion (blue),1,0
27,Aurora,2024-09-18T02:41:30,Brush Off (blue),1,0
27,Aurora,2024-09-18T02:41:30,Deadwood Dirge (blue),1,0
27,Aurora,2024-09-18T02:41:30,Electrostatic Discharge (blue),1,0
27,Aurora,2024-09-18T02:41:30,Flittering Charge (blue),1,0
27,Aurora,2024-09-18T02:41:30,Hit the High Notes (blue),1,0
27,Aurora,2024-09-18T02:41:30,Hocus Pocus (blue),1,0
27,Aurora,2024-09-18T02:41:30,Lightning Surge (blue),1,0
27,Aurora,2024-09-18T02:41:30,Meat and Greet (blue),1,0
27,Aurora,2024-09-18T02:41:30,Oath of the Arknight (blue),1,0
27,Aurora,2024-09-18T02:41:30,Sigil of the Arknight (blue),1,0
27,Aurora,2024-09-18T02:41:30,Trip the Light Fantastic (blue),1,0
27,Aurora,2024-09-18T02:41:30,Bloodtorn Bodice,1,1
27,Aurora,2024-09-18T02:41:30,Flash of Brilliance,1,1
27,Aurora,2024-09-18T02:41:30,Twinkle Toes,1,1
28,Verdance,2024-09-18T04:28:11,Arcane Twining (red),2,0
28,Verdance,2024-09-18T04:28:11,Blossoming Decay (red),1,0
28,Verdance,2024-09-18T04:28:11,Etchings of Arcana (red),1,0
28,Verdance,2024-09-18T04:28:11,Exploding Aether (red),1,0
28,Verdance,2024-09-18T04:28:11,Felling of the Crown (red),1,0
28,Verdance,2024-09-18T04:28:11,Hand Behind the Pen (red),2,0
28,Verdance,2024-09-18T04:28:11,Perennial Aetherbloom (red),1,0
28,Verdance,2024-09-18T04:28:11,Pulsing Aether // Life (red),1,0
28,Verdance,2024-09-18T04:28:11,Rootbound Carapace (red),1,0
28,Verdance,2024-09-18T04:28:11,Save the Thought (red),1,0
28,Verdance,2024-09-18T04:28:11,Aether Quickening (yellow),1,0
28,Verdance,2024-09-18T04:28:11,Fruits of the Forest (yellow),1,0
28,Verdance,2024-09-18T04:28:11,Fyendal's Fighting Spirit (yellow),1,0
28,Verdance,2024-09-18T04:28:11,Rampant Growth // Life (yellow),1,0
28,Verdance,2024-09-18T04:28:11,Autumn's Touch (blue),1,0
28,Verdance,2024-09-18T04:28:11,Blossoming Decay (blue),1,0
28,Verdance,2024-09-18T04:28:11,Brush Off (blue),2,0
28,Verdance,2024-09-18T04:28:11,Etchings of Arcana (blue),1,0
28,Verdance,2024-09-18T04:28:11,Exploding Aether (blue),1,0
28,Verdance,2024-09-18T04:28:11,Fertile Ground (blue),2,0
28,Verdance,2024-09-18T04:28:11,Fruits of the Forest (blue),1,0
28,Verdance,2024-09-18T04:28:11,Open the Flood Gates (blue),2,0
28,Verdance,2024-09-18T04:28:11,Overflow the Aetherwell (blue),2,0
28,Verdance,2024-09-18T04:28:11,Photon Splicing (blue),1,0
28,Verdance,2024-09-18T04:28:11,Sigil of Fyendal (blue),1,0
28,Verdance,2024-09-18T04:28:11,Summer's Fall (blue),1,0
28,Verdance,2024-09-18T04:28:11,Trailblazing Aether (blue),1,0
28,Verdance,2024-09-18T04:28:11,Helm of Lignum Vitae,1,1
28,Verdance,2024-09-18T04:28:11,Hold Focus,1,1
28,Verdance,2024-09-18T04:28:11,Hood of Second Thoughts,1,1
28,Verdance,2024-09-18T04:28:11,Well Grounded,1,1
29,Oscilio,2024-09-18T06:10:50,Arcane Polarity (red),1,0
29,Oscilio,2024-09-18T06:10:50,Arcane Twining (red),1,0
29,Oscilio,2024-09-18T06:10:50,Comet Storm // Shock (red),2,0
29,Oscilio,2024-09-18T06:10:50,Etchings of Arcana (red),1,0
29,Oscilio,2024-09-18T06:10:50,Eternal Inferno (red),1,0
29,Oscilio,2024-09-18T06:10:50,Exploding Aether (red),2,0
29,Oscilio,2024-09-18T06:10:50,Flash (red),1,0
29,Oscilio,2024-09-18T06:10:50,Lightning Surge (red),1,0
29,Oscilio,2024-09-18T06:10:50,Open the Flood Gates (red),3,0
29,Oscilio,2024-09-18T06:10:50,Overflow the Aetherwell (red),1,0
29,Oscilio,2024-09-18T06:10:50,Perennial Aetherbloom (red),1,0
29,Oscilio,2024-09-18T06:10:50,Trailblazing Aether (red),1,0
29,Oscilio,2024-09-18T06:10:50,Etchings of Arcana (yellow),1,0
29,Oscilio,2024-09-18T06:10:50,Fry (yellow),1,0
29,Oscilio,2024-09-18T06:10:50,Overflow the Aetherwell (yellow),1,0
29,Oscilio,2024-09-18T06:10:50,Trailblazing Aether (yellow),1,0
29,Oscilio,2024-09-18T06:10:50,Aether Quickening (blue),2,0
29,Oscilio,2024-09-18T06:10:50,Arcane Polarity (blue),1,0
29,Oscilio,2024-09-18T06:10:50,Chorus of the Amphitheater (blue),1,0
29,Oscilio,2024-09-18T06:10:50,Exploding Aether (blue),1,0
29,Oscilio,2024-09-18T06:10:50,Flash (blue),1,0
29,Oscilio,2024-09-18T06:10:50,Overflow the Aetherwell (blue),1,0
29,Oscilio,2024-09-18T06:10:50,Perennial Aetherbloom (blue),1,0
29,Oscilio,2024-09-18T06:10:50,Sigil of Forethought (blue),1,0
29,Oscilio,2024-09-18T06:10:50,Sigil of Lightning (blue),1,0
29,Oscilio,2024-09-18T06:10:50,Sigil of Temporal Manipulation (blue),1,0
29,Oscilio,2024-09-18T06:10:50,Trailblazing Aether (blue),2,0
29,Oscilio,2024-09-18T06:10:50,Trip the Light Fantastic (blue),1,0
29,Oscilio,2024-09-18T06:10:50,Bruised Leather,1,1
29,Oscilio,2024-09-18T06:10:50,Flash of Brilliance,1,1
29,Oscilio,2024-09-18T06:10:50,Hold Focus,1,1
29,Oscilio,2024-09-18T06:10:50,Twinkle Toes,1,1
30,Florian,2024-09-18T07:24:46,Autumn's Touch (red),1,0
30,Florian,2024-09-18T07:24:46,Blossoming Decay (red),2,0
30,Florian,2024-09-18T07:24:46,Cadaverous Tilling (red),2,0
30,Florian,2024-09-18T07:24:46,Deadwood Dirge (red),1,0
30,Florian,2024-09-18T07:24:46,Fruits of the Forest (red),2,0
30,Florian,2024-09-18T07:24:46,Fyendal's Fighting Spirit (red),1,0
30,Florian,2024-09-18T07:24:46,Hand Behind the Pen (red),1,0
30,Florian,2024-09-18T07:24:46,Hit the High Notes (red),1,0
30,Florian,2024-09-18T07:24:46,Hocus Pocus (red),2,0
30,Florian,2024-09-18T07:24:46,Oath of the Arknight (red),1,0
30,Florian,2024-09-18T07:24:46,Strong Yield (red),1,0
30,Florian,2024-09-18T07:24:46,Arcane Polarity (yellow),1,0
30,Florian,2024-09-18T07:24:46,Arcanic Spike (yellow),1,0
30,Florian,2024-09-18T07:24:46,Autumn's Touch (yellow),1,0
30,Florian,2024-09-18T07:24:46,Cadaverous Tilling (yellow),1,0
30,Florian,2024-09-18T07:24:46,Fertile Ground (yellow),1,0
30,Florian,2024-09-18T07:24:46,Fruits of the Forest (yellow),1,0
30,Florian,2024-09-18T07:24:46,Fyendal's Fighting Spirit (yellow),2,0
30,Florian,2024-09-18T07:24:46,Hit the High Notes (yellow),1,0
30,Florian,2024-09-18T07:24:46,Summer's Fall (yellow),1,0
30,Florian,2024-09-18T07:24:46,Arcane Cussing (blue),1,0
30,Florian,2024-09-18T07:24:46,Autumn's Touch (blue),1,0
30,Florian,2024-09-18T07:24:46,Blossoming Decay (blue),1,0
30,Florian,2024-09-18T07:24:46,Brush Off (blue),1,0
30,Florian,2024-09-18T07:24:46,Count Your Blessings (blue),1,0
30,Florian,2024-09-18T07:24:46,Earth Form (blue),1,0
30,Florian,2024-09-18T07:24:46,Fruits of the Forest (blue),1,0
30,Florian,2024-09-18T07:24:46,Germinate (blue),1,0
30,Florian,2024-09-18T07:24:46,Hit the High Notes (blue),1,0
30,Florian,2024-09-18T07:24:46,Hocus Pocus (blue),2,0
30,Florian,2024-09-18T07:24:46,Runerager Swarm (blue),1,0
30,Florian,2024-09-18T07:24:46,Sigil of the Arknight (blue),1,0
30,Florian,2024-09-18T07:24:46,Strength of Four Seasons (blue),1,0
30,Florian,2024-09-18T07:24:46,Four Finger Gloves,1,1
30,Florian,2024-09-18T07:24:46,Well Grounded,1,1
31,Oscilio,2024-09-18T08:32:59,Aether Quickening (red),1,0
31,Oscilio,2024-09-18T08:32:59,Arcane Twining (red),2,0
31,Oscilio,2024-09-18T08:32:59,Comet Storm // Shock (red),1,0
31,Oscilio,2024-09-18T08:32:59,Electromagnetic Somersault (red),1,0
31,Oscilio,2024-09-18T08:32:59,Electrostatic Discharge (red),1,0
31,Oscilio,2024-09-18T08:32:59,Flash (red),1,0
31,Oscilio,2024-09-18T08:32:59,Lightning Surge (red),1,0
31,Oscilio,2024-09-18T08:32:59,Overflow the Aetherwell (red),1,0
31,Oscilio,2024-09-18T08:32:59,Perennial Aetherbloom (red),1,0
31,Oscilio,2024-09-18T08:32:59,Trip the Light Fantastic (red),1,0
31,Oscilio,2024-09-18T08:32:59,Aether Quickening (yellow),1,0
31,Oscilio,2024-09-18T08:32:59,Arcane Twining (yellow),2,0
31,Oscilio,2024-09-18T08:32:59,Flittering Charge (yellow),1,0
31,Oscilio,2024-09-18T08:32:59,Fry (yellow),1,0
31,Oscilio,2024-09-18T08:32:59,Photon Splicing (yellow),1,0
31,Oscilio,2024-09-18T08:32:59,Trailblazing Aether (yellow),1,0
31,Oscilio,2024-09-18T08:32:59,Arcane Twining (blue),1,0
31,Oscilio,2024-09-18T08:32:59,Brush Off (blue),1,0
31,Oscilio,2024-09-18T08:32:59,Count Your Blessings (blue),1,0
31,Oscilio,2024-09-18T08:32:59,Flittering Charge (blue),2,0
31,Oscilio,2024-09-18T08:32:59,Fry (blue),2,0
31,Oscilio,2024-09-18T08:32:59,Lightning Surge (blue),1,0
31,Oscilio,2024-09-18T08:32:59,Open the Flood Gates (blue),1,0
31,Oscilio,2024-09-18T08:32:59,Pop the Bubble (blue),1,0
31,Oscilio,2024-09-18T08:32:59,Sigil of Conductivity (blue),1,0
31,Oscilio,2024-09-18T08:32:59,Sigil of Forethought (blue),1,0
31,Oscilio,2024-09-18T08:32:59,Sigil of Fyendal (blue),3,0
31,Oscilio,2024-09-18T08:32:59,Bruised Leather,1,1
31,Oscilio,2024-09-18T08:32:59,Hold Focus,1,1
31,Oscilio,2024-09-18T08:32:59,Hood of Second Thoughts,1,1
32,Verdance,2024-09-18T09:20:56,Aether Quickening (red),1,0
32,Verdance,2024-09-18T09:20:56,Blossoming Decay (red),1,0
32,Verdance,2024-09-18T09:20:56,Cadaverous Tilling (red),1,0
32,Verdance,2024-09-18T09:20:56,Etchings of Arcana (red),1,0
32,Verdance,2024-09-18T09:20:56,Open the Flood Gates (red),1,0
32,Verdance,2024-09-18T09:20:56,Overflow the Aetherwell (red),1,0
32,Verdance,2024-09-18T09:20:56,Photon Splicing (red),2,0
32,Verdance,2024-09-18T09:20:56,Pop the Bubble (red),1,0
32,Verdance,2024-09-18T09:20:56,Strong Yield (red),1,0
32,Verdance,2024-09-18T09:20:56,Trailblazing Aether (red),3,0
32,Verdance,2024-09-18T09:20:56,Blossoming Decay (yellow),1,0
32,Verdance,2024-09-18T09:20:56,Earth Form (yellow),1,0
32,Verdance,2024-09-18T09:20:56,Etchings of Arcana (yellow),1,0
32,Verdance,2024-09-18T09:20:56,Perennial Aetherbloom (yellow),1,0
32,Verdance,2024-09-18T09:20:56,Photon Splicing (yellow),1,0
32,Verdance,2024-09-18T09:20:56,Pop the Bubble (yellow),1,0
32,Verdance,2024-09-18T09:20:56,Save the Thought (yellow),1,0
32,Verdance,2024-09-18T09:20:56,Summer's Fall (yellow),1,0
32,Verdance,2024-09-18T09:20:56,Aether Quickening (blue),1,0
32,Verdance,2024-09-18T09:20:56,Arcane Twining (blue),1,0
32,Verdance,2024-09-18T09:20:56,Blossoming Decay (blue),1,0
32,Verdance,2024-09-18T09:20:56,Earth Form (blue),2,0
32,Verdance,2024-09-18T09:20:56,Etchings of Arcana (blue),1,0
32,Verdance,2024-09-18T09:20:56,Fyendal's Fighting Spirit (blue),1,0
32,Verdance,2024-09-18T09:20:56,Harvest Season (blue),1,0
32,Verdance,2024-09-18T09:20:56,Perennial Aetherbloom (blue),2,0
32,Verdance,2024-09-18T09:20:56,Sigil of Earth (blue),2,0
32,Verdance,2024-09-18T09:20:56,Strength of Four Seasons (blue),1,0
32,Verdance,2024-09-18T09:20:56,Bruised Leather,1,1
32,Verdance,2024-09-18T09:20:56,Helm of Lignum Vitae,1,1
32,Verdance,2024-09-18T09:20:56,Hold Focus,1,1
32,Verdance,2024-09-18T09:20:56,Ink-lined Cloak,1,1
32,Verdance,2024-09-18T09:20:56,Well Grounded,1,1
33,Florian,2024-09-18T14:06:46,Arcane Cussing (red),1,0
33,Florian,2024-09-18T14:06:46,Autumn's Touch (red),1,0
33,Florian,2024-09-18T14:06:46,Deadwood Dirge (red),2,0
33,Florian,2024-09-18T14:06:46,Meat and Greet (red),1,0
33,Florian,2024-09-18T14:06:46,Oath of the Arknight (red),1,0
33,Florian,2024-09-18T14:06:46,Strength of Four Seasons (red),1,0
33,Florian,2024-09-18T14:06:46,Strong Yield (red),1,0
33,Florian,2024-09-18T14:06:46,Arcane Cussing (yellow),1,0
33,Florian,2024-09-18T14:06:46,Arcane Polarity (yellow),2,0
33,Florian,2024-09-18T14:06:46,Arcanic Spike (yellow),1,0
33,Florian,2024-09-18T14:06:46,Earth Form (yellow),1,0
33,Florian,2024-09-18T14:06:46,Strength of Four Seasons (yellow),1,0
33,Florian,2024-09-18T14:06:46,Thistle Bloom // Life (yellow),1,0
33,Florian,2024-09-18T14:06:46,Vantage Point (yellow),1,0
33,Florian,2024-09-18T14:06:46,Arcanic Spike (blue),2,0
33,Florian,2024-09-18T14:06:46,Cadaverous Tilling (blue),3,0
33,Florian,2024-09-18T14:06:46,Consuming Volition (blue),1,0
33,Florian,2024-09-18T14:06:46,Fyendal's Fighting Spirit (blue),2,0
33,Florian,2024-09-18T14:06:46,Meat and Greet (blue),1,0
33,Florian,2024-09-18T14:06:46,Oath of the Arknight (blue),1,0
33,Florian,2024-09-18T14:06:46,Runerager Swarm (blue),1,0
33,Florian,2024-09-18T14:06:46,Sigil of Deadwood (blue),1,0
33,Florian,2024-09-18T14:06:46,Strength of Four Seasons (blue),1,0
33,Florian,2024-09-18T14:06:46,Strong Yield (blue),1,0
33,Florian,2024-09-18T14:06:46,Vantage Point (blue),1,0
33,Florian,2024-09-18T14:06:46,Bloodtorn Bodice,1,1
33,Florian,2024-09-18T14:06:46,Hood of Second Thoughts,1,1
33,Florian,2024-09-18T14:06:46,Runehold Release,1,1
33,Florian,2024-09-18T14:06:46,Well Grounded,1,1
34,Verdance,2024-09-18T15:30:16,Blossoming Decay (red),2,0
34,Verdance,2024-09-18T15:30:16,Brush Off (red),1,0
34,Verdance,2024-09-18T15:30:16,Cadaverous Tilling (red),2,0
34,Verdance,2024-09-18T15:30:16,Earth Form (red),1,0
34,Verdance,2024-09-18T15:30:16,Fertile Ground (red),1,0
34,Verdance,2024-09-18T15:30:16,Harvest Season (red),1,0
34,Verdance,2024-09-18T15:30:16,Overflow the Aetherwell (red),1,0
34,Verdance,2024-09-18T15:30:16,Perennial Aetherbloom (red),2,0
34,Verdance,2024-09-18T15:30:16,Save the Thought (red),1,0
34,Verdance,2024-09-18T15:30:16,Strength of Four Seasons (red),1,0
34,Verdance,2024-09-18T15:30:16,Tongue Tied (red),1,0
34,Verdance,2024-09-18T15:30:16,Autumn's Touch (yellow),1,0
34,Verdance,2024-09-18T15:30:16,Count Your Blessings (yellow),1,0
34,Verdance,2024-09-18T15:30:16,Etchings of Arcana (yellow),1,0
34,Verdance,2024-09-18T15:30:16,Glyph Overlay (yellow),1,0
34,Verdance,2024-09-18T15:30:16,Harvest Season (yellow),1,0
34,Verdance,2024-09-18T15:30:16,Open the Flood Gates (yellow),1,0
34,Verdance,2024-09-18T15:30:16,Perennial Aetherbloom (yellow),1,0
34,Verdance,2024-09-18T15:30:16,Pop the Bubble (yellow),1,0
34,Verdance,2024-09-18T15:30:16,Strong Yield (yellow),1,0
34,Verdance,2024-09-18T15:30:16,Arcane Polarity (blue),1,0
34,Verdance,2024-09-18T15:30:16,Destructive Aethertide (blue),1,0
34,Verdance,2024-09-18T15:30:16,Fruits of the Forest (blue),1,0
34,Verdance,2024-09-18T15:30:16,Fyendal's Fighting Spirit (blue),1,0
34,Verdance,2024-09-18T15:30:16,Harvest Season (blue),2,0
34,Verdance,2024-09-18T15:30:16,Open the Flood Gates (blue),1,0
34,Verdance,2024-09-18T15:30:16,Overflow the Aetherwell (blue),1,0
34,Verdance,2024-09-18T15:30:16,Perennial Aetherbloom (blue),1,0
34,Verdance,2024-09-18T15:30:16,Photon Splicing (blue),1,0
34,Verdance,2024-09-18T15:30:16,Sigil of Earth (blue),1,0
34,Verdance,2024-09-18T15:30:16,Sigil of Fyendal (blue),1,0
34,Verdance,2024-09-18T15:30:16,Strong Yield (blue),1,0
34,Verdance,2024-09-18T15:30:16,Summer's Fall (blue),1,0
34,Verdance,2024-09-18T15:30:16,Hold Focus,1,1
34,Verdance,2024-09-18T15:30:16,Well Grounded,1,1
35,Florian,2024-09-18T17:06:22,Arcane Cussing (red),1,0
35,Florian,2024-09-18T17:06:22,Arcane Polarity (red),1,0
35,Florian,2024-09-18T17:06:22,Blossoming Decay (red),1,0
35,Florian,2024-09-18T17:06:22,Cadaverous Tilling (red),1,0
35,Florian,2024-09-18T17:06:22,Condemn to Slaughter (red),1,0
35,Florian,2024-09-18T17:06:22,Harvest Season (red),1,0
35,Florian,2024-09-18T17:06:22,Hit the High Notes (red),2,0
35,Florian,2024-09-18T17:06:22,Hocus Pocus (red),1,0
35,Florian,2024-09-18T17:06:22,Oath of the Arknight (red),1,0
35,Florian,2024-09-18T17:06:22,Strong Yield (red),1,0
35,Florian,2024-09-18T17:06:22,Arcane Polarity (yellow),2,0
35,Florian,2024-09-18T17:06:22,Brush Off (yellow),1,0
35,Florian,2024-09-18T17:06:22,Condemn to Slaughter (yellow),1,0
35,Florian,2024-09-18T17:06:22,Harvest Season (yellow),1,0
35,Florian,2024-09-18T17:06:22,Hit the High Notes (yellow),1,0
35,Florian,2024-09-18T17:06:22,Malefic Incantation (yellow),1,0
35,Florian,2024-09-18T17:06:22,Splintering Deadwood (yellow),1,0
35,Florian,2024-09-18T17:06:22,Strong Yield (yellow),1,0
35,Florian,2024-09-18T17:06:22,Arcanic Spike (blue),1,0
35,Florian,2024-09-18T17:06:22,Autumn's Touch (blue),2,0
35,Florian,2024-09-18T17:06:22,Blossoming Decay (blue),1,0
35,Florian,2024-09-18T17:06:22,Cadaverous Tilling (blue),1,0
35,Florian,2024-09-18T17:06:22,Consuming Volition (blue),1,0
35,Florian,2024-09-18T17:06:22,Fertile Ground (blue),1,0
35,Florian,2024-09-18T17:06:22,Fruits of the Forest (blue),1,0
35,Florian,2024-09-18T17:06:22,Hit the High Notes (blue),2,0
35,Florian,2024-09-18T17:06:22,Hocus Pocus (blue),2,0
35,Florian,2024-09-18T17:06:22,Malefic Incantation (blue),1,0
35,Florian,2024-09-18T17:06:22,Bloodtorn Bodice,1,1
35,Florian,2024-09-18T17:06:22,Four Finger Gloves,1,1
35,Florian,2024-09-18T17:06:22,Helm of Lignum Vitae,1,1
35,Florian,2024-09-18T17:06:22,Runaways,1,1
36,Aurora,2024-09-18T18:15:11,Arcane Cussing (red),1,0
36,Aurora,2024-09-18T18:15:11,Arcanic Spike (red),1,0
36,Aurora,2024-09-18T18:15:11,Burn Up // Shock (red),1,0
36,Aurora,2024-09-18T18:15:11,Deadwood Dirge (red),2,0
36,Aurora,2024-09-18T18:15:11,Hit the High Notes (red),1,0
36,Aurora,2024-09-18T18:15:11,Lightning Form (red),1,0
36,Aurora,2024-09-18T18:15:11,Lightning Surge (red),1,0
36,Aurora,2024-09-18T18:15:11,Malefic Incantation (red),1,0
36,Aurora,2024-09-18T18:15:11,Second Strike (red),1,0
36,Aurora,2024-09-18T18:15:11,Tongue Tied (red),1,0
36,Aurora,2024-09-18T18:15:11,Trip the Light Fantastic (red),1,0
36,Aurora,2024-09-18T18:15:11,Vantage Point (red),1,0
36,Aurora,2024-09-18T18:15:11,Arcanic Spike (yellow),1,0
36,Aurora,2024-09-18T18:15:11,Electrostatic Discharge (yellow),1,0
36,Aurora,2024-09-18T18:15:11,Flash (yellow),1,0
36,Aurora,2024-09-18T18:15:11,Flittering Charge (yellow),1,0
36,Aurora,2024-09-18T18:15:11,Fry (yellow),2,0
36,Aurora,2024-09-18T18:15:11,Heaven's Claws (yellow),1,0
36,Aurora,2024-09-18T18:15:11,Hit the High Notes (yellow),1,0
36,Aurora,2024-09-18T18:15:11,Splintering Deadwood (yellow),1,0
36,Aurora,2024-09-18T18:15:11,Trip the Light Fantastic (yellow),2,0
36,Aurora,2024-09-18T18:15:11,Arcanic Spike (blue),1,0
36,Aurora,2024-09-18T18:15:11,Electrostatic Discharge (blue),1,0
36,Aurora,2024-09-18T18:15:11,Heaven's Claws (blue),1,0
36,Aurora,2024-09-18T18:15:11,Hit the High Notes (blue),2,0
36,Aurora,2024-09-18T18:15:11,Second Strike (blue),1,0
36,Aurora,2024-09-18T18:15:11,Sigil of Conductivity (blue),1,0
36,Aurora,2024-09-18T18:15:11,Sigil of Lightning (blue),1,0
36,Aurora,2024-09-18T18:15:11,Sigil of the Arknight (blue),2,0
36,Aurora,2024-09-18T18:15:11,Trip the Light Fantastic (blue),1,0
36,Aurora,2024-09-18T18:15:11,Bloodtorn Bodice,1,1
36,Aurora,2024-09-18T18:15:11,Hood of Second Thoughts,1,1
36,Aurora,2024-09-18T18:15:11,Twinkle Toes,1,1
37,Aurora,2024-09-18T18:20:37,Blast to Oblivion (red),1,0
37,Aurora,2024-09-18T18:20:37,Burn Up // Shock (red),1,0
37,Aurora,2024-09-18T18:20:37,Consuming Volition (red),1,0
37,Aurora,2024-09-18T18:20:37,Deadwood Dirge (red),1,0
37,Aurora,2024-09-18T18:20:37,Electromagnetic Somersault (red),1,0
37,Aurora,2024-09-18T18:20:37,Electrostatic Discharge (red),2,0
37,Aurora,2024-09-18T18:20:37,Flittering Charge (red),1,0
37,Aurora,2024-09-18T18:20:37,Fry (red),2,0
37,Aurora,2024-09-18T18:20:37,Hocus Pocus (red),2,0
37,Aurora,2024-09-18T18:20:37,Malefic Incantation (red),1,0
37,Aurora,2024-09-18T18:20:37,Meat and Greet (red),2,0
37,Aurora,2024-09-18T18:20:37,Runerager Swarm (red),1,0
37,Aurora,2024-09-18T18:20:37,Second Strike (red),1,0
37,Aurora,2024-09-18T18:20:37,Trip the Light Fantastic (red),1,0
37,Aurora,2024-09-18T18:20:37,Arcanic Spike (yellow),1,0
37,Aurora,2024-09-18T18:20:37,Consuming Volition (yellow),1,0
37,Aurora,2024-09-18T18:20:37,Count Your Blessings (yellow),1,0
37,Aurora,2024-09-18T18:20:37,Electrostatic Discharge (yellow),1,0
37,Aurora,2024-09-18T18:20:37,Lightning Form (yellow),1,0
37,Aurora,2024-09-18T18:20:37,Meat and Greet (yellow),1,0
37,Aurora,2024-09-18T18:20:37,Arcane Cussing (blue),1,0
37,Aurora,2024-09-18T18:20:37,Arcane Polarity (blue),1,0
37,Aurora,2024-09-18T18:20:37,Arcanic Spike (blue),2,0
37,Aurora,2024-09-18T18:20:37,Lightning Surge (blue),1,0
37,Aurora,2024-09-18T18:20:37,Meat and Greet (blue),1,0
37,Aurora,2024-09-18T18:20:37,Sigil of Conductivity (blue),1,0
37,Aurora,2024-09-18T18:20:37,Sigil of Lightning (blue),1,0
37,Aurora,2024-09-18T18:20:37,Splintering Deadwood (blue),1,0
37,Aurora,2024-09-18T18:20:37,Trip the Light Fantastic (blue),1,0
37,Aurora,2024-09-18T18:20:37,Vantage Point (blue),1,0
37,Aurora,2024-09-18T18:20:37,Bloodtorn Bodice,1,1
37,Aurora,2024-09-18T18:20:37,Flash of Brilliance,1,1
37,Aurora,2024-09-18T18:20:37,Runehold Release,1,1
37,Aurora,2024-09-18T18:20:37,Twinkle Toes,1,1
38,Florian,2024-09-18T20:37:43,Arcane Seeds // Life (red),1,0
38,Florian,2024-09-18T20:37:43,Arcanic Spike (red),2,0
38,Florian,2024-09-18T20:37:43,Autumn's Touch (red),1,0
38,Florian,2024-09-18T20:37:43,Blossoming Decay (red),2,0
38,Florian,2024-09-18T20:37:43,Cadaverous Tilling (red),1,0
38,Florian,2024-09-18T20:37:43,Consuming Volition (red),1,0
38,Florian,2024-09-18T20:37:43,Deadwood Dirge (red),2,0
38,Florian,2024-09-18T20:37:43,Fruits of the Forest (red),1,0
38,Florian,2024-09-18T20:37:43,Fyendal's Fighting Spirit (red),1,0
38,Florian,2024-09-18T20:37:43,Hocus Pocus (red),1,0
38,Florian,2024-09-18T20:37:43,Meat and Greet (red),1,0
38,Florian,2024-09-18T20:37:43,Oath of the Arknight (red),1,0
38,Florian,2024-09-18T20:37:43,Runerager Swarm (red),1,0
38,Florian,2024-09-18T20:37:43,Strong Yield (red),2,0
38,Florian,2024-09-18T20:37:43,Fertile Ground (yellow),1,0
38,Florian,2024-09-18T20:37:43,Fruits of the Forest (yellow),1,0
38,Florian,2024-09-18T20:37:43,Hocus Pocus (yellow),1,0
38,Florian,2024-09-18T20:37:43,Malefic Incantation (yellow),1,0
38,Florian,2024-09-18T20:37:43,Runerager Swarm (yellow),1,0
38,Florian,2024-09-18T20:37:43,Splintering Deadwood (yellow),1,0
38,Florian,2024-09-18T20:37:43,Strength of Four Seasons (yellow),1,0
38,Florian,2024-09-18T20:37:43,Strong Yield (yellow),1,0
38,Florian,2024-09-18T20:37:43,Arcanic Spike (blue),1,0
38,Florian,2024-09-18T20:37:43,Hit the High Notes (blue),3,0
38,Florian,2024-09-18T20:37:43,Machinations of Dominion (blue),1,0
38,Florian,2024-09-18T20:37:43,Meat and Greet (blue),1,0
38,Florian,2024-09-18T20:37:43,Oath of the Arknight (blue),1,0
38,Florian,2024-09-18T20:37:43,Runerager Swarm (blue),2,0
38,Florian,2024-09-18T20:37:43,Sigil of Deadwood (blue),1,0
38,Florian,2024-09-18T20:37:43,Helm of Lignum Vitae,1,1
38,Florian,2024-09-18T20:37:43,Runehold Release,1,1
38,Florian,2024-09-18T20:37:43,Well Grounded,1,1
39,Florian,2024-09-18T21:00:34,Arcane Polarity (red),1,0
39,Florian,2024-09-18T21:00:34,Arcane Seeds // Life (red),1,0
39,Florian,2024-09-18T21:00:34,Autumn's Touch (red),1,0
39,Florian,2024-09-18T21:00:34,Blossoming Decay (red),1,0
39,Florian,2024-09-18T21:00:34,Fertile Ground (red),1,0
39,Florian,2024-09-18T21:00:34,Fruits of the Forest (red),1,0
39,Florian,2024-09-18T21:00:34,Hocus Pocus (red),1,0
39,Florian,2024-09-18T21:00:34,Strength of Four Seasons (red),2,0
39,Florian,2024-09-18T21:00:34,Summer's Fall (red),1,0
39,Florian,2024-09-18T21:00:34,Ten Foot Tall and Bulletproof (red),1,0
39,Florian,2024-09-18T21:00:34,Arcane Polarity (yellow),1,0
39,Florian,2024-09-18T21:00:34,Consuming Volition (yellow),1,0
39,Florian,2024-09-18T21:00:34,Fruits of the Forest (yellow),2,0
39,Florian,2024-09-18T21:00:34,Fyendal's Fighting Spirit (yellow),1,0
39,Florian,2024-09-18T21:00:34,Hit the High Notes (yellow),1,0
39,Florian,2024-09-18T21:00:34,Runerager Swarm (yellow),1,0
39,Florian,2024-09-18T21:00:34,Arcane Polarity (blue),1,0
39,Florian,2024-09-18T21:00:34,Autumn's Touch (blue),2,0
39,Florian,2024-09-18T21:00:34,Blossoming Decay (blue),1,0
39,Florian,2024-09-18T21:00:34,Brush Off (blue),1,0
39,Florian,2024-09-18T21:00:34,Cadaverous Tilling (blue),2,0
39,Florian,2024-09-18T21:00:34,Consuming Volition (blue),1,0
39,Florian,2024-09-18T21:00:34,Fruits of the Forest (blue),1,0
39,Florian,2024-09-18T21:00:34,Fyendal's Fighting Spirit (blue),1,0
39,Florian,2024-09-18T21:00:34,Hit the High Notes (blue),1,0
39,Florian,2024-09-18T21:00:34,Runerager Swarm (blue),1,0
39,Florian,2024-09-18T21:00:34,Sigil of Deadwood (blue),2,0
39,Florian,2024-09-18T21:00:34,Sigil of Earth (blue),1,0
39,Florian,2024-09-18T21:00:34,Sigil of Fyendal (blue),1,0
39,Florian,2024-09-18T21:00:34,Strength of Four Seasons (blue),4,0
39,Florian,2024-09-18T21:00:34,Helm of Lignum Vitae,1,1
39,Florian,2024-09-18T21:00:34,Runehold Release,1,1
40,Aurora,2024-09-18T21:37:45,Arcane Polarity (red),1,0
40,Aurora,2024-09-18T21:37:45,Brush Off (red),1,0
40,Aurora,2024-09-18T21:37:45,Burn Up // Shock (red),2,0
40,Aurora,2024-09-18T21:37:45,Consuming Volition (red),1,0
40,Aurora,2024-09-18T21:37:45,Electrostatic Discharge (red),1,0
40,Aurora,2024-09-18T21:37:45,Flittering Charge (red),1,0
40,Aurora,2024-09-18T21:37:45,Fyendal's Fighting Spirit (red),1,0
40,Aurora,2024-09-18T21:37:45,Heaven's Claws (red),1,0
40,Aurora,2024-09-18T21:37:45,Hit the High Notes (red),1,0
40,Aurora,2024-09-18T21:37:45,Hocus Pocus (red),1,0
40,Aurora,2024-09-18T21:37:45,Meat and Greet (red),2,0
40,Aurora,2024-09-18T21:37:45,Oath of the Arknight (red),1,0
40,Aurora,2024-09-18T21:37:45,Second Strike (red),1,0
40,Aurora,2024-09-18T21:37:45,Trip the Light Fantastic (red),1,0
40,Aurora,2024-09-18T21:37:45,Arcane Cussing (yellow),1,0
40,Aurora,2024-09-18T21:37:45,Blast to Oblivion (yellow),1,0
40,Aurora,2024-09-18T21:37:45,Deadwood Dirge (yellow),1,0
40,Aurora,2024-09-18T21:37:45,Electromagnetic Somersault (yellow),1,0
40,Aurora,2024-09-18T21:37:45,Flittering Charge (yellow),1,0
40,Aurora,2024-09-18T21:37:45,Lightning Form (yellow),1,0
40,Aurora,2024-09-18T21:37:45,Splintering Deadwood (yellow),1,0
40,Aurora,2024-09-18T21:37:45,Arcane Cussing (blue),1,0
40,Aurora,2024-09-18T21:37:45,Deadwood Dirge (blue),1,0
40,Aurora,2024-09-18T21:37:45,Flash (blue),2,0
40,Aurora,2024-09-18T21:37:45,Hit the High Notes (blue),1,0
40,Aurora,2024-09-18T21:37:45,Hocus Pocus (blue),1,0
40,Aurora,2024-09-18T21:37:45,Meat and Greet (blue),1,0
40,Aurora,2024-09-18T21:37:45,Oath of the Arknight (blue),1,0
40,Aurora,2024-09-18T21:37:45,Second Strike (blue),2,0
40,Aurora,2024-09-18T21:37:45,Sigil of Deadwood (blue),2,0
40,Aurora,2024-09-18T21:37:45,Vantage Point (blue),1,0
40,Aurora,2024-09-18T21:37:45,Bloodtorn Bodice,1,1
40,Aurora,2024-09-18T21:37:45,Bruised Leather,1,1
40,Aurora,2024-09-18T21:37:45,Flash of Brilliance,1,1
40,Aurora,2024-09-18T21:37:45,Runaways,1,1
40,Aurora,2024-09-18T21:37:45,Runehold Release,1,1
41,Florian,2024-09-18T22:14:10,Arcane Cussing (red),1,0
41,Florian,2024-09-18T22:14:10,Arcane Seeds // Life (red),1,0
41,Florian,2024-09-18T22:14:10,Blossoming Decay (red),2,0
41,Florian,2024-09-18T22:14:10,Brush Off (red),1,0
41,Florian,2024-09-18T22:14:10,Consuming Volition (red),1,0
41,Florian,2024-09-18T22:14:10,Deadwood Dirge (red),3,0
41,Florian,2024-09-18T22:14:10,Fruits of the Forest (red),1,0
41,Florian,2024-09-18T22:14:10,Malefic Incantation (red),2,0
41,Florian,2024-09-18T22:14:10,Rootbound Carapace (red),1,0
41,Florian,2024-09-18T22:14:10,Strong Yield (red),1,0
41,Florian,2024-09-18T22:14:10,Tongue Tied (red),1,0
41,Florian,2024-09-18T22:14:10,Blossoming Decay (yellow),1,0
41,Florian,2024-09-18T22:14:10,Deadwood Dirge (yellow),1,0
41,Florian,2024-09-18T22:14:10,Harvest Season (yellow),1,0
41,Florian,2024-09-18T22:14:10,Hocus Pocus (yellow),1,0
41,Florian,2024-09-18T22:14:10,Oath of the Arknight (yellow),1,0
41,Florian,2024-09-18T22:14:10,Runerager Swarm (yellow),1,0
41,Florian,2024-09-18T22:14:10,Strong Yield (yellow),1,0
41,Florian,2024-09-18T22:14:10,Cadaverous Tilling (blue),1,0
41,Florian,2024-09-18T22:14:10,Hit the High Notes (blue),1,0
41,Florian,2024-09-18T22:14:10,Hocus Pocus (blue),1,0
41,Florian,2024-09-18T22:14:10,Machinations of Dominion (blue),1,0
41,Florian,2024-09-18T22:14:10,Oath of the Arknight (blue),2,0
41,Florian,2024-09-18T22:14:10,Runerager Swarm (blue),1,0
41,Florian,2024-09-18T22:14:10,Sigil of Earth (blue),1,0
41,Florian,2024-09-18T22:14:10,Sigil of Sanctuary (blue),1,0
41,Florian,2024-09-18T22:14:10,Strong Yield (blue),2,0
41,Florian,2024-09-18T22:14:10,Bruised Leather,1,1
41,Florian,2024-09-18T22:14:10,Well Grounded,1,1
42,Oscilio,2024-09-18T22:46:56,Arcane Twining (red),1,0
42,Oscilio,2024-09-18T22:46:56,Blast to Oblivion (red),1,0
42,Oscilio,2024-09-18T22:46:56,Chorus of the Amphitheater (red),1,0
42,Oscilio,2024-09-18T22:46:56,Comet Storm // Shock (red),1,0
42,Oscilio,2024-09-18T22:46:56,Electromagnetic Somersault (red),1,0
42,Oscilio,2024-09-18T22:46:56,Etchings of Arcana (red),1,0
42,Oscilio,2024-09-18T22:46:56,Flittering Charge (red),2,0
42,Oscilio,2024-09-18T22:46:56,Fry (red),2,0
42,Oscilio,2024-09-18T22:46:56,Glyph Overlay (red),1,0
42,Oscilio,2024-09-18T22:46:56,Lightning Form (red),1,0
42,Oscilio,2024-09-18T22:46:56,Lightning Surge (red),1,0
42,Oscilio,2024-09-18T22:46:56,Open the Flood Gates (red),3,0
42,Oscilio,2024-09-18T22:46:56,Perennial Aetherbloom (red),1,0
42,Oscilio,2024-09-18T22:46:56,Trip the Light Fantastic (red),1,0
42,Oscilio,2024-09-18T22:46:56,Arcane Twining (yellow),1,0
42,Oscilio,2024-09-18T22:46:56,Flash (yellow),2,0
42,Oscilio,2024-09-18T22:46:56,Glyph Overlay (yellow),2,0
42,Oscilio,2024-09-18T22:46:56,Heaven's Claws (yellow),1,0
42,Oscilio,2024-09-18T22:46:56,Overflow the Aetherwell (yellow),1,0
42,Oscilio,2024-09-18T22:46:56,Aether Quickening (blue),1,0
42,Oscilio,2024-09-18T22:46:56,Blast to Oblivion (blue),2,0
42,Oscilio,2024-09-18T22:46:56,Etchings of Arcana (blue),1,0
42,Oscilio,2024-09-18T22:46:56,Flash (blue),1,0
42,Oscilio,2024-09-18T22:46:56,Fry (blue),1,0
42,Oscilio,2024-09-18T22:46:56,Glyph Overlay (blue),2,0
42,Oscilio,2024-09-18T22:46:56,Lightning Surge (blue),1,0
42,Oscilio,2024-09-18T22:46:56,Perennial Aetherbloom (blue),1,0
42,Oscilio,2024-09-18T22:46:56,Sigil of Forethought (blue),1,0
42,Oscilio,2024-09-18T22:46:56,Sigil of Temporal Manipulation (blue),2,0
42,Oscilio,2024-09-18T22:46:56,Trailblazing Aether (blue),1,0
42,Oscilio,2024-09-18T22:46:56,Flash of Brilliance,1,1
42,Oscilio,2024-09-18T22:46:56,Ink-lined Cloak,1,1
42,Oscilio,2024-09-18T22:46:56,Twinkle Toes,1,1
43,Florian,2024-09-18T23:22:57,Arcane Cussing (red),2,0
43,Florian,2024-09-18T23:22:57,Arcanic Spike (red),1,0
43,Florian,2024-09-18T23:22:57,Condemn to Slaughter (red),1,0
43,Florian,2024-09-18T23:22:57,Consuming Volition (red),1,0
43,Florian,2024-09-18T23:22:57,Cut Through the Facade (red),1,0
43,Florian,2024-09-18T23:22:57,Deadwood Dirge (red),1,0
43,Florian,2024-09-18T23:22:57,Hit the High Notes (red),1,0
43,Florian,2024-09-18T23:22:57,Hocus Pocus (red),1,0
43,Florian,2024-09-18T23:22:57,Meat and Greet (red),1,0
43,Florian,2024-09-18T23:22:57,Oath of the Arknight (red),3,0
43,Florian,2024-09-18T23:22:57,Runerager Swarm (red),1,0
43,Florian,2024-09-18T23:22:57,Smash Up (red),1,0
43,Florian,2024-09-18T23:22:57,Arcanic Spike (yellow),1,0
43,Florian,2024-09-18T23:22:57,Consuming Volition (yellow),2,0
43,Florian,2024-09-18T23:22:57,Fyendal's Fighting Spirit (yellow),1,0
43,Florian,2024-09-18T23:22:57,Oath of the Arknight (yellow),1,0
43,Florian,2024-09-18T23:22:57,Runerager Swarm (yellow),1,0
43,Florian,2024-09-18T23:22:57,Arcane Cussing (blue),2,0
43,Florian,2024-09-18T23:22:57,Arcane Polarity (blue),2,0
43,Florian,2024-09-18T23:22:57,Arcanic Spike (blue),2,0
43,Florian,2024-09-18T23:22:57,Consuming Volition (blue),1,0
43,Florian,2024-09-18T23:22:57,Fruits of the Forest (blue),1,0
43,Florian,2024-09-18T23:22:57,Hit the High Notes (blue),1,0
43,Florian,2024-09-18T23:22:57,Hocus Pocus (blue),1,0
43,Florian,2024-09-18T23:22:57,Oath of the Arknight (blue),2,0
43,Florian,2024-09-18T23:22:57,Runerager Swarm (blue),1,0
43,Florian,2024-09-18T23:22:57,Sigil of Fyendal (blue),1,0
43,Florian,2024-09-18T23:22:57,Sigil of Sanctuary (blue),1,0
43,Florian,2024-09-18T23:22:57,Bruised Leather,1,1
43,Florian,2024-09-18T23:22:57,Helm of Lignum Vitae,1,1
43,Florian,2024-09-18T23:22:57,Runaways,1,1
43,Florian,2024-09-18T23:22:57,Runehold Release,1,1
44,Oscilio,2024-09-18T23:31:13,Aether Quickening (red),1,0
44,Oscilio,2024-09-18T23:31:13,Arcane Twining (red),2,0
44,Oscilio,2024-09-18T23:31:13,Electromagnetic Somersault (red),1,0
44,Oscilio,2024-09-18T23:31:13,Etchings of Arcana (red),2,0
44,Oscilio,2024-09-18T23:31:13,Exploding Aether (red),1,0
44,Oscilio,2024-09-18T23:31:13,Flash (red),1,0
44,Oscilio,2024-09-18T23:31:13,Fry (red),1,0
44,Oscilio,2024-09-18T23:31:13,Gone in a Flash (red),1,0
44,Oscilio,2024-09-18T23:31:13,Open the Flood Gates (red),1,0
44,Oscilio,2024-09-18T23:31:13,Overflow the Aetherwell (red),1,0
44,Oscilio,2024-09-18T23:31:13,Photon Splicing (red),2,0
44,Oscilio,2024-09-18T23:31:13,Trailblazing Aether (red),1,0
44,Oscilio,2024-09-18T23:31:13,Aether Quickening (yellow),1,0
44,Oscilio,2024-09-18T23:31:13,Brush Off (yellow),1,0
44,Oscilio,2024-09-18T23:31:13,Photon Splicing (yellow),2,0
44,Oscilio,2024-09-18T23:31:13,Save the Thought (yellow),1,0
44,Oscilio,2024-09-18T23:31:13,Arcane Polarity (blue),1,0
44,Oscilio,2024-09-18T23:31:13,Etchings of Arcana (blue),1,0
44,Oscilio,2024-09-18T23:31:13,Exploding Aether (blue),2,0
44,Oscilio,2024-09-18T23:31:13,Open the Flood Gates (blue),1,0
44,Oscilio,2024-09-18T23:31:13,Overflow the Aetherwell (blue),3,0
44,Oscilio,2024-09-18T23:31:13,Photon Splicing (blue),2,0
44,Oscilio,2024-09-18T23:31:13,Second Strike (blue),1,0
44,Oscilio,2024-09-18T23:31:13,Sigil of Lightning (blue),1,0
44,Oscilio,2024-09-18T23:31:13,Sigil of Temporal Manipulation (blue),1,0
44,Oscilio,2024-09-18T23:31:13,Trailblazing Aether (blue),1,0
44,Oscilio,2024-09-18T23:31:13,Trip the Light Fantastic (blue),2,0
44,Oscilio,2024-09-18T23:31:13,Flash of Brilliance,1,1
44,Oscilio,2024-09-18T23:31:13,Hold Focus,1,1
44,Oscilio,2024-09-18T23:31:13,Ink-lined Cloak,1,1
44,Oscilio,2024-09-18T23:31:13,Twinkle Toes,1,1
45,Oscilio,2024-09-19T01:28:40,Aether Quickening (red),1,0
45,Oscilio,2024-09-19T01:28:40,Arcane Twining (red),1,0
45,Oscilio,2024-09-19T01:28:40,Chorus of the Amphitheater (red),1,0
45,Oscilio,2024-09-19T01:28:40,Etchings of Arcana (red),2,0
45,Oscilio,2024-09-19T01:28:40,Flash (red),1,0
45,Oscilio,2024-09-19T01:28:40,Fry (red),2,0
45,Oscilio,2024-09-19T01:28:40,Fyendal's Fighting Spirit (red),1,0
45,Oscilio,2024-09-19T01:28:40,Glyph Overlay (red),1,0
45,Oscilio,2024-09-19T01:28:40,Overflow the Aetherwell (red),3,0
45,Oscilio,2024-09-19T01:28:40,Second Strike (red),2,0
45,Oscilio,2024-09-19T01:28:40,Aether Quickening (yellow),1,0
45,Oscilio,2024-09-19T01:28:40,Brush Off (yellow),1,0
45,Oscilio,2024-09-19T01:28:40,Etchings of Arcana (yellow),1,0
45,Oscilio,2024-09-19T01:28:40,Exploding Aether (yellow),1,0
45,Oscilio,2024-09-19T01:28:40,Fry (yellow),1,0
45,Oscilio,2024-09-19T01:28:40,Lightning Surge (yellow),1,0
45,Oscilio,2024-09-19T01:28:40,Save the Thought (yellow),1,0
45,Oscilio,2024-09-19T01:28:40,Brush Off (blue),1,0
45,Oscilio,2024-09-19T01:28:40,Exploding Aether (blue),1,0
45,Oscilio,2024-09-19T01:28:40,Flittering Charge (blue),1,0
45,Oscilio,2024-09-19T01:28:40,Fyendal's Fighting Spirit (blue),1,0
45,Oscilio,2024-09-19T01:28:40,Open the Flood Gates (blue),1,0
45,Oscilio,2024-09-19T01:28:40,Overflow the Aetherwell (blue),1,0
45,Oscilio,2024-09-19T01:28:40,Perennial Aetherbloom (blue),1,0
45,Oscilio,2024-09-19T01:28:40,Photon Splicing (blue),1,0
45,Oscilio,2024-09-19T01:28:40,Save the Thought (blue),1,0
45,Oscilio,2024-09-19T01:28:40,Sigil of Conductivity (blue),1,0
45,Oscilio,2024-09-19T01:28:40,Sigil of Forethought (blue),1,0
45,Oscilio,2024-09-19T01:28:40,Sigil of Temporal Manipulation (blue),1,0
45,Oscilio,2024-09-19T01:28:40,Trailblazing Aether (blue),1,0
45,Oscilio,2024-09-19T01:28:40,Bruised Leather,1,1
45,Oscilio,2024-09-19T01:28:40,Four Finger Gloves,1,1
45,Oscilio,2024-09-19T01:28:40,Hold Focus,1,1
45,Oscilio,2024-09-19T01:28:40,Hood of Second Thoughts,1,1
45,Oscilio,2024-09-19T01:28:40,Runaways,1,1
46,Oscilio,2024-09-19T02:46:20,Aether Quickening (red),1,0
46,Oscilio,2024-09-19T02:46:20,Arcane Twining (red),1,0
46,Oscilio,2024-09-19T02:46:20,Blast to Oblivion (red),1,0
46,Oscilio,2024-09-19T02:46:20,Brush Off (red),1,0
46,Oscilio,2024-09-19T02:46:20,Chorus of the Amphitheater (red),1,0
46,Oscilio,2024-09-19T02:46:20,Count Your Blessings (red),1,0
46,Oscilio,2024-09-19T02:46:20,Flash (red),1,0
46,Oscilio,2024-09-19T02:46:20,Flittering Charge (red),2,0
46,Oscilio,2024-09-19T02:46:20,Glyph Overlay (red),1,0
46,Oscilio,2024-09-19T02:46:20,Lightning Surge (red),1,0
46,Oscilio,2024-09-19T02:46:20,Open the Flood Gates (red),3,0
46,Oscilio,2024-09-19T02:46:20,Count Your Blessings (yellow),1,0
46,Oscilio,2024-09-19T02:46:20,Glyph Overlay (yellow),2,0
46,Oscilio,2024-09-19T02:46:20,Lightning Form (yellow),1,0
46,Oscilio,2024-09-19T02:46:20,Photon Splicing (yellow),1,0
46,Oscilio,2024-09-19T02:46:20,Trip the Light Fantastic (yellow),1,0
46,Oscilio,2024-09-19T02:46:20,Aether Quickening (blue),1,0
46,Oscilio,2024-09-19T02:46:20,Arcane Polarity (blue),1,0
46,Oscilio,2024-09-19T02:46:20,Arcane Twining (blue),1,0
46,Oscilio,2024-09-19T02:46:20,Electrostatic Discharge (blue),1,0
46,Oscilio,2024-09-19T02:46:20,Etchings of Arcana (blue),1,0
46,Oscilio,2024-09-19T02:46:20,Flash (blue),2,0
46,Oscilio,2024-09-19T02:46:20,Fry (blue),2,0
46,Oscilio,2024-09-19T02:46:20,Lightning Surge (blue),1,0
46,Oscilio,2024-09-19T02:46:20,Open the Flood Gates (blue),1,0
46,Oscilio,2024-09-19T02:46:20,Overflow the Aetherwell (blue),1,0
46,Oscilio,2024-09-19T02:46:20,Perennial Aetherbloom (blue),2,0
46,Oscilio,2024-09-19T02:46:20,Sigil of Lightning (blue),2,0
46,Oscilio,2024-09-19T02:46:20,Sigil of Temporal Manipulation (blue),1,0
46,Oscilio,2024-09-19T02:46:20,Trip the Light Fantastic (blue),3,0
46,Oscilio,2024-09-19T02:46:20,Flash of Brilliance,1,1
46,Oscilio,2024-09-19T02:46:20,Ink-lined Cloak,1,1
47,Oscilio,2024-09-19T04:33:07,Aether Quickening (red),2,0
47,Oscilio,2024-09-19T04:33:07,Arcane Polarity (red),1,0
47,Oscilio,2024-09-19T04:33:07,Arcane Twining (red),1,0
47,Oscilio,2024-09-19T04:33:07,Chorus of the Amphitheater (red),1,0
47,Oscilio,2024-09-19T04:33:07,Electrostatic Discharge (red),1,0
47,Oscilio,2024-09-19T04:33:07,Flash (red),1,0
47,Oscilio,2024-09-19T04:33:07,Open the Flood Gates (red),3,0
47,Oscilio,2024-09-19T04:33:07,Perennial Aetherbloom (red),1,0
47,Oscilio,2024-09-19T04:33:07,Photon Splicing (red),2,0
47,Oscilio,2024-09-19T04:33:07,Aether Quickening (yellow),1,0
47,Oscilio,2024-09-19T04:33:07,Etchings of Arcana (yellow),1,0
47,Oscilio,2024-09-19T04:33:07,Flash (yellow),1,0
47,Oscilio,2024-09-19T04:33:07,Fry (yellow),1,0
47,Oscilio,2024-09-19T04:33:07,Open the Flood Gates (yellow),2,0
47,Oscilio,2024-09-19T04:33:07,Perennial Aetherbloom (yellow),1,0
47,Oscilio,2024-09-19T04:33:07,Photon Splicing (yellow),1,0
47,Oscilio,2024-09-19T04:33:07,Sigil of Brilliance (yellow),1,0
47,Oscilio,2024-09-19T04:33:07,Aether Quickening (blue),1,0
47,Oscilio,2024-09-19T04:33:07,Chorus of the Amphitheater (blue),2,0
47,Oscilio,2024-09-19T04:33:07,Etchings of Arcana (blue),1,0
47,Oscilio,2024-09-19T04:33:07,Exploding Aether (blue),1,0
47,Oscilio,2024-09-19T04:33:07,Flash (blue),2,0
47,Oscilio,2024-09-19T04:33:07,Open the Flood Gates (blue),2,0
47,Oscilio,2024-09-19T04:33:07,Overflow the Aetherwell (blue),1,0
47,Oscilio,2024-09-19T04:33:07,Second Strike (blue),1,0
47,Oscilio,2024-09-19T04:33:07,Sigil of Forethought (blue),1,0
47,Oscilio,2024-09-19T04:33:07,Trailblazing Aether (blue),2,0
47,Oscilio,2024-09-19T04:33:07,Flash of Brilliance,1,1
47,Oscilio,2024-09-19T04:33:07,Hold Focus,1,1
47,Oscilio,2024-09-19T04:33:07,Twinkle Toes,1,1
48,Verdance,2024-09-19T05:14:59,Blossoming Decay (red),1,0
48,Verdance,2024-09-19T05:14:59,Cadaverous Tilling (red),1,0
48,Verdance,2024-09-19T05:14:59,Earth Form (red),1,0
48,Verdance,2024-09-19T05:14:59,Fertile Ground (red),2,0
48,Verdance,2024-09-19T05:14:59,Fruits of the Forest (red),1,0
48,Verdance,2024-09-19T05:14:59,Harvest Season (red),1,0
48,Verdance,2024-09-19T05:14:59,Perennial Aetherbloom (red),1,0
48,Verdance,2024-09-19T05:14:59,Pulsing Aether // Life (red),1,0
48,Verdance,2024-09-19T05:14:59,Strength of Four Seasons (red),3,0
48,Verdance,2024-09-19T05:14:59,Strong Yield (red),1,0
48,Verdance,2024-09-19T05:14:59,Trailblazing Aether (red),1,0
48,Verdance,2024-09-19T05:14:59,Arcane Twining (yellow),1,0
48,Verdance,2024-09-19T05:14:59,Count Your Blessings (yellow),1,0
48,Verdance,2024-09-19T05:14:59,Earth Form (yellow),1,0
48,Verdance,2024-09-19T05:14:59,Fertile Ground (yellow),1,0
48,Verdance,2024-09-19T05:14:59,Summer's Fall (yellow),1,0
48,Verdance,2024-09-19T05:14:59,Autumn's Touch (blue),1,0
48,Verdance,2024-09-19T05:14:59,Blossoming Decay (blue),2,0
48,Verdance,2024-09-19T05:14:59,Brush Off (blue),1,0
48,Verdance,2024-09-19T05:14:59,Cadaverous Tilling (blue),2,0
48,Verdance,2024-09-19T05:14:59,Etchings of Arcana (blue),1,0
48,Verdance,2024-09-19T05:14:59,Fertile Ground (blue),1,0
48,Verdance,2024-09-19T05:14:59,Fyendal's Fighting Spirit (blue),3,0
48,Verdance,2024-09-19T05:14:59,Sigil of Fyendal (blue),1,0
48,Verdance,2024-09-19T05:14:59,Strength of Four Seasons (blue),2,0
48,Verdance,2024-09-19T05:14:59,Trailblazing Aether (blue),1,0
48,Verdance,2024-09-19T05:14:59,Bruised Leather,1,1
48,Verdance,2024-09-19T05:14:59,Hood of Second Thoughts,1,1
48,Verdance,2024-09-19T05:14:59,Runaways,1,1
49,Florian,2024-09-19T06:47:15,Arcane Seeds // Life (red),1,0
49,Florian,2024-09-19T06:47:15,Blossoming Decay (red),1,0
49,Florian,2024-09-19T06:47:15,Brush Off (red),1,0
49,Florian,2024-09-19T06:47:15,Consuming Volition (red),1,0
49,Florian,2024-09-19T06:47:15,Deadwood Dirge (red),1,0
49,Florian,2024-09-19T06:47:15,Felling of the Crown (red),1,0
49,Florian,2024-09-19T06:47:15,Fruits of the Forest (red),1,0
49,Florian,2024-09-19T06:47:15,Fyendal's Fighting Spirit (red),1,0
49,Florian,2024-09-19T06:47:15,Harvest Season (red),1,0
49,Florian,2024-09-19T06:47:15,Hit the High Notes (red),1,0
49,Florian,2024-09-19T06:47:15,Oath of the Arknight (red),1,0
49,Florian,2024-09-19T06:47:15,Runerager Swarm (red),1,0
49,Florian,2024-09-19T06:47:15,Strength of Four Seasons (red),1,0
49,Florian,2024-09-19T06:47:15,Strong Yield (red),2,0
49,Florian,2024-09-19T06:47:15,Summer's Fall (red),1,0
49,Florian,2024-09-19T06:47:15,Vantage Point (red),1,0
49,Florian,2024-09-19T06:47:15,Arcane Cussing (yellow),1,0
49,Florian,2024-09-19T06:47:15,Harvest Season (yellow),1,0
49,Florian,2024-09-19T06:47:15,Hit the High Notes (yellow),1,0
49,Florian,2024-09-19T06:47:15,Meat and Greet (yellow),1,0
49,Florian,2024-09-19T06:47:15,Plow Under (yellow),1,0
49,Florian,2024-09-19T06:47:15,Fertile Ground (blue),2,0
49,Florian,2024-09-19T06:47:15,Fruits of the Forest (blue),2,0
49,Florian,2024-09-19T06:47:15,Fyendal's Fighting Spirit (blue),1,0
49,Florian,2024-09-19T06:47:15,Hit the High Notes (blue),1,0
49,Florian,2024-09-19T06:47:15,Malefic Incantation (blue),1,0
49,Florian,2024-09-19T06:47:15,Oath of the Arknight (blue),3,0
49,Florian,2024-09-19T06:47:15,Sigil of Deadwood (blue),1,0
49,Florian,2024-09-19T06:47:15,Sigil of Earth (blue),1,0
49,Florian,2024-09-19T06:47:15,Sigil of Fyendal (blue),1,0
49,Florian,2024-09-19T06:47:15,Sigil of Sanctuary (blue),1,0
49,Florian,2024-09-19T06:47:15,Strong Yield (blue),1,0
49,Florian,2024-09-19T06:47:15,Helm of Lignum Vitae,1,1
49,Florian,2024-09-19T06:47:15,Runaways,1,1
49,Florian,2024-09-19T06:47:15,Runehold Release,1,1
50,Verdance,2024-09-19T07:34:01,Arcane Twining (red),2,0
50,Verdance,2024-09-19T07:34:01,Brush Off (red),1,0
50,Verdance,2024-09-19T07:34:01,Cadaverous Tilling (red),1,0
50,Verdance,2024-09-19T07:34:01,Channel the Millennium Tree (red),1,0
50,Verdance,2024-09-19T07:34:01,Exploding Aether (red),2,0
50,Verdance,2024-09-19T07:34:01,Fruits of the Forest (red),1,0
50,Verdance,2024-09-19T07:34:01,Overflow the Aetherwell (red),3,0
50,Verdance,2024-09-19T07:34:01,Perennial Aetherbloom (red),1,0
50,Verdance,2024-09-19T07:34:01,Trailblazing Aether (red),1,0
50,Verdance,2024-09-19T07:34:01,Arcane Twining (yellow),1,0
50,Verdance,2024-09-19T07:34:01,Autumn's Touch (yellow),1,0
50,Verdance,2024-09-19T07:34:01,Etchings of Arcana (yellow),1,0
50,Verdance,2024-09-19T07:34:01,Fertile Ground (yellow),1,0
50,Verdance,2024-09-19T07:34:01,Perennial Aetherbloom (yellow),1,0
50,Verdance,2024-09-19T07:34:01,Rootbound Carapace (yellow),1,0
50,Verdance,2024-09-19T07:34:01,Autumn's Touch (blue),1,0
50,Verdance,2024-09-19T07:34:01,Brush Off (blue),1,0
50,Verdance,2024-09-19T07:34:01,Cadaverous Tilling (blue),2,0
50,Verdance,2024-09-19T07:34:01,Count Your Blessings (blue),1,0
50,Verdance,2024-09-19T07:34:01,Fertile Ground (blue),1,0
50,Verdance,2024-09-19T07:34:01,Fruits of the Forest (blue),1,0
50,Verdance,2024-09-19T07:34:01,Open the Flood Gates (blue),1,0
50,Verdance,2024-09-19T07:34:01,Photon Splicing (blue),1,0
50,Verdance,2024-09-19T07:34:01,Rootbound Carapace (blue),1,0
50,Verdance,2024-09-19T07:34:01,Sigil of Earth (blue),2,0
50,Verdance,2024-09-19T07:34:01,Strength of Four Seasons (blue),1,0
50,Verdance,2024-09-19T07:34:01,Strong Yield (blue),2,0
50,Verdance,2024-09-19T07:34:01,Trailblazing Aether (blue),1,0
50,Verdance,2024-09-19T07:34:01,Truce (blue),1,0
50,Verdance,2024-09-19T07:34:01,Bruised Leather,1,1
50,Verdance,2024-09-19T07:34:01,Helm of Lignum Vitae,1,1
50,Verdance,2024-09-19T07:34:01,Hold Focus,1,1
50,Verdance,2024-09-19T07:34:01,Runaways,1,1
51,Verdance,2024-09-19T09:29:30,Aether Quickening (red),1,0
51,Verdance,2024-09-19T09:29:30,Arcane Polarity (red),1,0
51,Verdance,2024-09-19T09:29:30,Arcane Twining (red),1,0
51,Verdance,2024-09-19T09:29:30,Blossoming Decay (red),1,0
51,Verdance,2024-09-19T09:29:30,Cadaverous Tilling (red),1,0
51,Verdance,2024-09-19T09:29:30,Exploding Aether (red),1,0
51,Verdance,2024-09-19T09:29:30,Fertile Ground (red),1,0
51,Verdance,2024-09-19T09:29:30,Fyendal's Fighting Spirit (red),1,0
51,Verdance,2024-09-19T09:29:30,Overflow the Aetherwell (red),1,0
51,Verdance,2024-09-19T09:29:30,Pulsing Aether // Life (red),1,0
51,Verdance,2024-09-19T09:29:30,Save the Thought (red),1,0
51,Verdance,2024-09-19T09:29:30,Strong Yield (red),1,0
51,Verdance,2024-09-19T09:29:30,Exploding Aether (yellow),1,0
51,Verdance,2024-09-19T09:29:30,Fertile Ground (yellow),1,0
51,Verdance,2024-09-19T09:29:30,Fruits of the Forest (yellow),1,0
51,Verdance,2024-09-19T09:29:30,Overflow the Aetherwell (yellow),1,0
51,Verdance,2024-09-19T09:29:30,Photon Splicing (yellow),1,0
51,Verdance,2024-09-19T09:29:30,Pop the Bubble (yellow),1,0
51,Verdance,2024-09-19T09:29:30,Rootbound Carapace (yellow),1,0
51,Verdance,2024-09-19T09:29:30,Autumn's Touch (blue),1,0
51,Verdance,2024-09-19T09:29:30,Call to the Grave (blue),1,0
51,Verdance,2024-09-19T09:29:30,Chorus of the Amphitheater (blue),1,0
51,Verdance,2024-09-19T09:29:30,Destructive Aethertide (blue),1,0
51,Verdance,2024-09-19T09:29:30,Earth Form (blue),1,0
51,Verdance,2024-09-19T09:29:30,Fertile Ground (blue),1,0
51,Verdance,2024-09-19T09:29:30,Fruits of the Forest (blue),1,0
51,Verdance,2024-09-19T09:29:30,Glyph Overlay (blue),1,0
51,Verdance,2024-09-19T09:29:30,Overflow the Aetherwell (blue),3,0
51,Verdance,2024-09-19T09:29:30,Sigil of Cycles (blue),1,0
51,Verdance,2024-09-19T09:29:30,Strength of Four Seasons (blue),1,0
51,Verdance,2024-09-19T09:29:30,Helm of Lignum Vitae,1,1
51,Verdance,2024-09-19T09:29:30,Hood of Second Thoughts,1,1
51,Verdance,2024-09-19T09:29:30,Ink-lined Cloak,1,1
52,Verdance,2024-09-19T09:30:20,Arcane Polarity (red),1,0
52,Verdance,2024-09-19T09:30:20,Cadaverous Tilling (red),1,0
52,Verdance,2024-09-19T09:30:20,Count Your Blessings (red),1,0
52,Verdance,2024-09-19T09:30:20,Earth Form (red),2,0
52,Verdance,2024-09-19T09:30:20,Fertile Ground (red),1,0
52,Verdance,2024-09-19T09:30:20,Fyendal's Fighting Spirit (red),1,0
52,Verdance,2024-09-19T09:30:20,Overflow the Aetherwell (red),1,0
52,Verdance,2024-09-19T09:30:20,Pop the Bubble (red),2,0
52,Verdance,2024-09-19T09:30:20,Arcane Twining (yellow),1,0
52,Verdance,2024-09-19T09:30:20,Autumn's Touch (yellow),1,0
52,Verdance,2024-09-19T09:30:20,Cadaverous Tilling (yellow),1,0
52,Verdance,2024-09-19T09:30:20,Exploding Aether (yellow),1,0
52,Verdance,2024-09-19T09:30:20,Fertile Ground (yellow),1,0
52,Verdance,2024-09-19T09:30:20,Glyph Overlay (yellow),1,0
52,Verdance,2024-09-19T09:30:20,Perennial Aetherbloom (yellow),1,0
52,Verdance,2024-09-19T09:30:20,Strong Yield (yellow),1,0
52,Verdance,2024-09-19T09:30:20,Trailblazing Aether (yellow),1,0
52,Verdance,2024-09-19T09:30:20,Arcane Twining (blue),1,0
52,Verdance,2024-09-19T09:30:20,Blossoming Decay (blue),1,0
52,Verdance,2024-09-19T09:30:20,Call to the Grave (blue),1,0
52,Verdance,2024-09-19T09:30:20,Earth Form (blue),1,0
52,Verdance,2024-09-19T09:30:20,Etchings of Arcana (blue),1,0
52,Verdance,2024-09-19T09:30:20,Exploding Aether (blue),1,0
52,Verdance,2024-09-19T09:30:20,Fertile Ground (blue),1,0
52,Verdance,2024-09-19T09:30:20,Fruits of the Forest (blue),1,0
52,Verdance,2024-09-19T09:30:20,Fyendal's Fighting Spirit (blue),1,0
52,Verdance,2024-09-19T09:30:20,Overflow the Aetherwell (blue),1,0
52,Verdance,2024-09-19T09:30:20,Perennial Aetherbloom (blue),1,0
52,Verdance,2024-09-19T09:30:20,Sigil of Fyendal (blue),1,0
52,Verdance,2024-09-19T09:30:20,Strength of Four Seasons (blue),1,0
52,Verdance,2024-09-19T09:30:20,Helm of Lignum Vitae,1,1
52,Verdance,2024-09-19T09:30:20,Well Grounded,1,1
53,Verdance,2024-09-19T12:47:44,Aether Quickening (red),1,0
53,Verdance,2024-09-19T12:47:44,Brush Off (red),1,0
53,Verdance,2024-09-19T12:47:44,Fertile Ground (red),3,0
53,Verdance,2024-09-19T12:47:44,Fruits of the Forest (red),1,0
53,Verdance,2024-09-19T12:47:44,Overflow the Aetherwell (red),1,0
53,Verdance,2024-09-19T12:47:44,Pulsing Aether // Life (red),1,0
53,Verdance,2024-09-19T12:47:44,Rootbound Carapace (red),1,0
53,Verdance,2024-09-19T12:47:44,Strength of Four Seasons (red),2,0
53,Verdance,2024-09-19T12:47:44,Arcane Polarity (yellow),1,0
53,Verdance,2024-09-19T12:47:44,Blossoming Decay (yellow),2,0
53,Verdance,2024-09-19T12:47:44,Earth Form (yellow),1,0
53,Verdance,2024-09-19T12:47:44,Fertile Ground (yellow),1,0
53,Verdance,2024-09-19T12:47:44,Harvest Season (yellow),1,0
53,Verdance,2024-09-19T12:47:44,Photon Splicing (yellow),1,0
53,Verdance,2024-09-19T12:47:44,Strength of Four Seasons (yellow),2,0
53,Verdance,2024-09-19T12:47:44,Autumn's Touch (blue),1,0
53,Verdance,2024-09-19T12:47:44,Blossoming Decay (blue),2,0
53,Verdance,2024-09-19T12:47:44,Cadaverous Tilling (blue),1,0
53,Verdance,2024-09-19T12:47:44,Count Your Blessings (blue),1,0
53,Verdance,2024-09-19T12:47:44,Exploding Aether (blue),1,0
53,Verdance,2024-09-19T12:47:44,Fertile Ground (blue),1,0
53,Verdance,2024-09-19T12:47:44,Fruits of the Forest (blue),1,0
53,Verdance,2024-09-19T12:47:44,Fyendal's Fighting Spirit (blue),1,0
53,Verdance,2024-09-19T12:47:44,Harvest Season (blue),1,0
53,Verdance,2024-09-19T12:47:44,Seeds of Tomorrow (blue),1,0
53,Verdance,2024-09-19T12:47:44,Sigil of Earth (blue),1,0
53,Verdance,2024-09-19T12:47:44,Strength of Four Seasons (blue),1,0
53,Verdance,2024-09-19T12:47:44,Strong Yield (blue),2,0
53,Verdance,2024-09-19T12:47:44,Summer's Fall (blue),1,0
53,Verdance,2024-09-19T12:47:44,Trailblazing Aether (blue),2,0
53,Verdance,2024-09-19T12:47:44,Helm of Lignum Vitae,1,1
53,Verdance,2024-09-19T12:47:44,Hold Focus,1,1
54,Aurora,2024-09-19T13:26:43,Burn Up // Shock (red),1,0
54,Aurora,2024-09-19T13:26:43,Condemn to Slaughter (red),1,0
54,Aurora,2024-09-19T13:26:43,Consuming Volition (red),1,0
54,Aurora,2024-09-19T13:26:43,Eclectic Magnetism (red),1,0
54,Aurora,2024-09-19T13:26:43,Flash (red),2,0
54,Aurora,2024-09-19T13:26:43,Flittering Charge (red),1,0
54,Aurora,2024-09-19T13:26:43,Fry (red),2,0
54,Aurora,2024-09-19T13:26:43,Gone in a Flash (red),1,0
54,Aurora,2024-09-19T13:26:43,Heaven's Claws (red),1,0
54,Aurora,2024-09-19T13:26:43,Hit the High Notes (red),1,0
54,Aurora,2024-09-19T13:26:43,Runerager Swarm (red),2,0
54,Aurora,2024-09-19T13:26:43,Second Strike (red),1,0
54,Aurora,2024-09-19T13:26:43,Trip the Light Fantastic (red),2,0
54,Aurora,2024-09-19T13:26:43,Consuming Volition (yellow),1,0
54,Aurora,2024-09-19T13:26:43,Electromagnetic Somersault (yellow),1,0
54,Aurora,2024-09-19T13:26:43,Electrostatic Discharge (yellow),1,0
54,Aurora,2024-09-19T13:26:43,Fry (yellow),1,0
54,Aurora,2024-09-19T13:26:43,Arcanic Spike (blue),1,0
54,Aurora,2024-09-19T13:26:43,Electrostatic Discharge (blue),2,0
54,Aurora,2024-09-19T13:26:43,Flittering Charge (blue),2,0
54,Aurora,2024-09-19T13:26:43,Fry (blue),1,0
54,Aurora,2024-09-19T13:26:43,Lightning Surge (blue),2,0
54,Aurora,2024-09-19T13:26:43,Machinations of Dominion (blue),1,0
54,Aurora,2024-09-19T13:26:43,Oath of the Arknight (blue),1,0
54,Aurora,2024-09-19T13:26:43,Runerager Swarm (blue),2,0
54,Aurora,2024-09-19T13:26:43,Sigil of Fyendal (blue),1,0
54,Aurora,2024-09-19T13:26:43,Sigil of Lightning (blue),1,0
54,Aurora,2024-09-19T13:26:43,Splintering Deadwood (blue),1,0
54,Aurora,2024-09-19T13:26:43,Trip the Light Fantastic (blue),1,0
54,Aurora,2024-09-19T13:26:43,Bloodtorn Bodice,1,1
54,Aurora,2024-09-19T13:26:43,Flash of Brilliance,1,1
54,Aurora,2024-09-19T13:26:43,Runehold Release,1,1
54,Aurora,2024-09-19T13:26:43,Twinkle Toes,1,1
55,Verdance,2024-09-19T14:18:51,Aether Quickening (red),1,0
55,Verdance,2024-09-19T14:18:51,Arcane Twining (red),1,0
55,Verdance,2024-09-19T14:18:51,Cadaverous Tilling (red),1,0
55,Verdance,2024-09-19T14:18:51,Etchings of Arcana (red),2,0
55,Verdance,2024-09-19T14:18:51,Overflow the Aetherwell (red),1,0
55,Verdance,2024-09-19T14:18:51,Perennial Aetherbloom (red),1,0
55,Verdance,2024-09-19T14:18:51,Photon Splicing (red),3,0
55,Verdance,2024-09-19T14:18:51,Strong Yield (red),1,0
55,Verdance,2024-09-19T14:18:51,Trailblazing Aether (red),3,0
55,Verdance,2024-09-19T14:18:51,Arcane Polarity (yellow),1,0
55,Verdance,2024-09-19T14:18:51,Arcane Twining (yellow),1,0
55,Verdance,2024-09-19T14:18:51,Glyph Overlay (yellow),1,0
55,Verdance,2024-09-19T14:18:51,Overflow the Aetherwell (yellow),1,0
55,Verdance,2024-09-19T14:18:51,Perennial Aetherbloom (yellow),2,0
55,Verdance,2024-09-19T14:18:51,Photon Splicing (yellow),1,0
55,Verdance,2024-09-19T14:18:51,Strong Yield (yellow),1,0
55,Verdance,2024-09-19T14:18:51,Trailblazing Aether (yellow),1,0
55,Verdance,2024-09-19T14:18:51,Aether Quickening (blue),1,0
55,Verdance,2024-09-19T14:18:51,Brush Off (blue),1,0
55,Verdance,2024-09-19T14:18:51,Fyendal's Fighting Spirit (blue),1,0
55,Verdance,2024-09-19T14:18:51,Overflow the Aetherwell (blue),3,0
55,Verdance,2024-09-19T14:18:51,Photon Splicing (blue),1,0
55,Verdance,2024-09-19T14:18:51,Sigil of Cycles (blue),1,0
55,Verdance,2024-09-19T14:18:51,Sigil of Earth (blue),1,0
55,Verdance,2024-09-19T14:18:51,Sigil of Forethought (blue),1,0
55,Verdance,2024-09-19T14:18:51,Sigil of Sanctuary (blue),1,0
55,Verdance,2024-09-19T14:18:51,Sigil of Temporal Manipulation (blue),2,0
55,Verdance,2024-09-19T14:18:51,Trailblazing Aether (blue),1,0
55,Verdance,2024-09-19T14:18:51,Helm of Lignum Vitae,1,1
55,Verdance,2024-09-19T14:18:51,Hold Focus,1,1
55,Verdance,2024-09-19T14:18:51,Ink-lined Cloak,1,1
56,Oscilio,2024-09-19T15:45:54,Blast to Oblivion (red),1,0
56,Oscilio,2024-09-19T15:45:54,Comet Storm // Shock (red),1,0
56,Oscilio,2024-09-19T15:45:54,Eclectic Magnetism (red),1,0
56,Oscilio,2024-09-19T15:45:54,Electrostatic Discharge (red),1,0
56,Oscilio,2024-09-19T15:45:54,Etchings of Arcana (red),2,0
56,Oscilio,2024-09-19T15:45:54,Flittering Charge (red),1,0
56,Oscilio,2024-09-19T15:45:54,Lightning Form (red),1,0
56,Oscilio,2024-09-19T15:45:54,Lightning Surge (red),1,0
56,Oscilio,2024-09-19T15:45:54,Perennial Aetherbloom (red),1,0
56,Oscilio,2024-09-19T15:45:54,Photon Splicing (red),2,0
56,Oscilio,2024-09-19T15:45:54,Second Strike (red),2,0
56,Oscilio,2024-09-19T15:45:54,Tongue Tied (red),1,0
56,Oscilio,2024-09-19T15:45:54,Trailblazing Aether (red),1,0
56,Oscilio,2024-09-19T15:45:54,Electrostatic Discharge (yellow),1,0
56,Oscilio,2024-09-19T15:45:54,Flash (yellow),1,0
56,Oscilio,2024-09-19T15:45:54,Heaven's Claws (yellow),1,0
56,Oscilio,2024-09-19T15:45:54,Open the Flood Gates (yellow),1,0
56,Oscilio,2024-09-19T15:45:54,Aether Quickening (blue),1,0
56,Oscilio,2024-09-19T15:45:54,Arcane Polarity (blue),1,0
56,Oscilio,2024-09-19T15:45:54,Arcane Twining (blue),1,0
56,Oscilio,2024-09-19T15:45:54,Brush Off (blue),1,0
56,Oscilio,2024-09-19T15:45:54,Electromagnetic Somersault (blue),1,0
56,Oscilio,2024-09-19T15:45:54,Electrostatic Discharge (blue),1,0
56,Oscilio,2024-09-19T15:45:54,Etchings of Arcana (blue),2,0
56,Oscilio,2024-09-19T15:45:54,Fry (blue),1,0
56,Oscilio,2024-09-19T15:45:54,Heaven's Claws (blue),1,0
56,Oscilio,2024-09-19T15:45:54,Lightning Form (blue),1,0
56,Oscilio,2024-09-19T15:45:54,Open the Flood Gates (blue),1,0
56,Oscilio,2024-09-19T15:45:54,Overflow the Aetherwell (blue),1,0
56,Oscilio,2024-09-19T15:45:54,Pop the Bubble (blue),1,0
56,Oscilio,2024-09-19T15:45:54,Sigil of Lightning (blue),2,0
56,Oscilio,2024-09-19T15:45:54,Flash of Brilliance,1,1
56,Oscilio,2024-09-19T15:45:54,Ink-lined Cloak,1,1
56,Oscilio,2024-09-19T15:45:54,Twinkle Toes,1,1
57,Verdance,2024-09-19T16:10:32,Arcane Polarity (red),1,0
57,Verdance,2024-09-19T16:10:32,Arcane Twining (red),2,0
57,Verdance,2024-09-19T16:10:32,Autumn's Touch (red),2,0
57,Verdance,2024-09-19T16:10:32,Count Your Blessings (red),1,0
57,Verdance,2024-09-19T16:10:32,Exploding Aether (red),2,0
57,Verdance,2024-09-19T16:10:32,Fruits of the Forest (red),2,0
57,Verdance,2024-09-19T16:10:32,Overflow the Aetherwell (red),2,0
57,Verdance,2024-09-19T16:10:32,Perennial Aetherbloom (red),2,0
57,Verdance,2024-09-19T16:10:32,Photon Splicing (red),1,0
57,Verdance,2024-09-19T16:10:32,Pulsing Aether // Life (red),2,0
57,Verdance,2024-09-19T16:10:32,Strong Yield (red),1,0
57,Verdance,2024-09-19T16:10:32,Trailblazing Aether (red),2,0
57,Verdance,2024-09-19T16:10:32,Arcane Twining (yellow),1,0
57,Verdance,2024-09-19T16:10:32,Fruits of the Forest (yellow),1,0
57,Verdance,2024-09-19T16:10:32,Overflow the Aetherwell (yellow),1,0
57,Verdance,2024-09-19T16:10:32,Photon Splicing (yellow),1,0
57,Verdance,2024-09-19T16:10:32,Aether Quickening (blue),1,0
57,Verdance,2024-09-19T16:10:32,Arcane Twining (blue),1,0
57,Verdance,2024-09-19T16:10:32,Autumn's Touch (blue),1,0
57,Verdance,2024-09-19T16:10:32,Etchings of Arcana (blue),2,0
57,Verdance,2024-09-19T16:10:32,Exploding Aether (blue),1,0
57,Verdance,2024-09-19T16:10:32,Open the Flood Gates (blue),1,0
57,Verdance,2024-09-19T16:10:32,Overflow the Aetherwell (blue),2,0
57,Verdance,2024-09-19T16:10:32,Perennial Aetherbloom (blue),1,0
57,Verdance,2024-09-19T16:10:32,Sigil of Forethought (blue),1,0
57,Verdance,2024-09-19T16:10:32,Sigil of Fyendal (blue),1,0
57,Verdance,2024-09-19T16:10:32,Trailblazing Aether (blue),2,0
57,Verdance,2024-09-19T16:10:32,Hood of Second Thoughts,1,1
57,Verdance,2024-09-19T16:10:32,Runaways,1,1
58,Oscilio,2024-09-19T17:54:30,Aether Quickening (red),1,0
58,Oscilio,2024-09-19T17:54:30,Arcane Twining (red),1,0
58,Oscilio,2024-09-19T17:54:30,Comet Storm // Shock (red),1,0
58,Oscilio,2024-09-19T17:54:30,Exploding Aether (red),3,0
58,Oscilio,2024-09-19T17:54:30,Hand Behind the Pen (red),1,0
58,Oscilio,2024-09-19T17:54:30,Open the Flood Gates (red),1,0
58,Oscilio,2024-09-19T17:54:30,Overflow the Aetherwell (red),1,0
58,Oscilio,2024-09-19T17:54:30,Perennial Aetherbloom (red),2,0
58,Oscilio,2024-09-19T17:54:30,Photon Splicing (red),3,0
58,Oscilio,2024-09-19T17:54:30,Save the Thought (red),1,0
58,Oscilio,2024-09-19T17:54:30,Smash Up (red),2,0
58,Oscilio,2024-09-19T17:54:30,Trip the Light Fantastic (red),1,0
58,Oscilio,2024-09-19T17:54:30,Aether Quickening (yellow),1,0
58,Oscilio,2024-09-19T17:54:30,Flash (yellow),1,0
58,Oscilio,2024-09-19T17:54:30,Open the Flood Gates (yellow),1,0
58,Oscilio,2024-09-19T17:54:30,Trip the Light Fantastic (yellow),1,0
58,Oscilio,2024-09-19T17:54:30,Arcane Twining (blue),2,0
58,Oscilio,2024-09-19T17:54:30,Electromagnetic Somersault (blue),1,0
58,Oscilio,2024-09-19T17:54:30,Etchings of Arcana (blue),2,0
58,Oscilio,2024-09-19T17:54:30,Flash (blue),1,0
58,Oscilio,2024-09-19T17:54:30,Open the Flood Gates (blue),2,0
58,Oscilio,2024-09-19T17:54:30,Perennial Aetherbloom (blue),1,0
58,Oscilio,2024-09-19T17:54:30,Photon Splicing (blue),1,0
58,Oscilio,2024-09-19T17:54:30,Second Strike (blue),1,0
58,Oscilio,2024-09-19T17:54:30,Sigil of Lightning (blue),1,0
58,Oscilio,2024-09-19T17:54:30,Trailblazing Aether (blue),2,0
58,Oscilio,2024-09-19T17:54:30,Trip the Light Fantastic (blue),2,0
58,Oscilio,2024-09-19T17:54:30,Flash of Brilliance,1,1
58,Oscilio,2024-09-19T17:54:30,Hold Focus,1,1
58,Oscilio,2024-09-19T17:54:30,Twinkle Toes,1,1
59,Florian,2024-09-19T19:32:04,Arcane Cussing (red),2,0
59,Florian,2024-09-19T19:32:04,Arcanic Spike (red),2,0
59,Florian,2024-09-19T19:32:04,Autumn's Touch (red),1,0
59,Florian,2024-09-19T19:32:04,Cadaverous Tilling (red),2,0
59,Florian,2024-09-19T19:32:04,Deadwood Dirge (red),2,0
59,Florian,2024-09-19T19:32:04,Fertile Ground (red),2,0
59,Florian,2024-09-19T19:32:04,Harvest Season (red),2,0
59,Florian,2024-09-19T19:32:04,Haunting Rendition (red),1,0
59,Florian,2024-09-19T19:32:04,Meat and Greet (red),2,0
59,Florian,2024-09-19T19:32:04,Strong Yield (red),1,0
59,Florian,2024-09-19T19:32:04,Arcane Polarity (yellow),1,0
59,Florian,2024-09-19T19:32:04,Arcanic Spike (yellow),1,0
59,Florian,2024-09-19T19:32:04,Brush Off (yellow),1,0
59,Florian,2024-09-19T19:32:04,Cadaverous Tilling (yellow),1,0
59,Florian,2024-09-19T19:32:04,Deadwood Dirge (yellow),1,0
59,Florian,2024-09-19T19:32:04,Fruits of the Forest (yellow),1,0
59,Florian,2024-09-19T19:32:04,Hocus Pocus (yellow),1,0
59,Florian,2024-09-19T19:32:04,Meat and Greet (yellow),1,0
59,Florian,2024-09-19T19:32:04,Runerager Swarm (yellow),1,0
59,Florian,2024-09-19T19:32:04,Strong Yield (yellow),1,0
59,Florian,2024-09-19T19:32:04,Arcane Polarity (blue),1,0
59,Florian,2024-09-19T19:32:04,Arcanic Spike (blue),1,0
59,Florian,2024-09-19T19:32:04,Autumn's Touch (blue),1,0
59,Florian,2024-09-19T19:32:04,Condemn to Slaughter (blue),1,0
59,Florian,2024-09-19T19:32:04,Fertile Ground (blue),1,0
59,Florian,2024-09-19T19:32:04,Fruits of the Forest (blue),1,0
59,Florian,2024-09-19T19:32:04,Hit the High Notes (blue),1,0
59,Florian,2024-09-19T19:32:04,Hocus Pocus (blue),1,0
59,Florian,2024-09-19T19:32:04,Malefic Incantation (blue),1,0
59,Florian,2024-09-19T19:32:04,Sigil of Deadwood (blue),2,0
59,Florian,2024-09-19T19:32:04,Bloodtorn Bodice,1,1
59,Florian,2024-09-19T19:32:04,Runaways,1,1
59,Florian,2024-09-19T19:32:04,Runehold Release,1,1
60,Florian,2024-09-19T21:54:22,Arcane Cussing (red),1,0
60,Florian,2024-09-19T21:54:22,Arcane Polarity (red),1,0
60,Florian,2024-09-19T21:54:22,Arcane Seeds // Life (red),1,0
60,Florian,2024-09-19T21:54:22,Autumn's Touch (red),1,0
60,Florian,2024-09-19T21:54:22,Cadaverous Tilling (red),1,0
60,Florian,2024-09-19T21:54:22,Condemn to Slaughter (red),1,0
60,Florian,2024-09-19T21:54:22,Fruits of the Forest (red),3,0
60,Florian,2024-09-19T21:54:22,Oath of the Arknight (red),1,0
60,Florian,2024-09-19T21:54:22,Runerager Swarm (red),2,0
60,Florian,2024-09-19T21:54:22,Strength of Four Seasons (red),2,0
60,Florian,2024-09-19T21:54:22,Strong Yield (red),1,0
60,Florian,2024-09-19T21:54:22,Tongue Tied (red),1,0
60,Florian,2024-09-19T21:54:22,Arcanic Spike (yellow),1,0
60,Florian,2024-09-19T21:54:22,Blossoming Decay (yellow),1,0
60,Florian,2024-09-19T21:54:22,Earth Form (yellow),1,0
60,Florian,2024-09-19T21:54:22,Hit the High Notes (yellow),1,0
60,Florian,2024-09-19T21:54:22,Splintering Deadwood (yellow),2,0
60,Florian,2024-09-19T21:54:22,Arcanic Spike (blue),1,0
60,Florian,2024-09-19T21:54:22,Autumn's Touch (blue),1,0
60,Florian,2024-09-19T21:54:22,Deadwood Dirge (blue),1,0
60,Florian,2024-09-19T21:54:22,Earth Form (blue),1,0
60,Florian,2024-09-19T21:54:22,Fruits of the Forest (blue),1,0
60,Florian,2024-09-19T21:54:22,Fyendal's Fighting Spirit (blue),1,0
60,Florian,2024-09-19T21:54:22,Hocus Pocus (blue),1,0
60,Florian,2024-09-19T21:54:22,Runerager Swarm (blue),2,0
60,Florian,2024-09-19T21:54:22,Sigil of Deadwood (blue),2,0
60,Florian,2024-09-19T21:54:22,Vantage Point (blue),1,0
60,Florian,2024-09-19T21:54:22,Bloodtorn Bodice,1,1
60,Florian,2024-09-19T21:54:22,Helm of Lignum Vitae,1,1
60,Florian,2024-09-19T21:54:22,Runaways,1,1
60,Florian,2024-09-19T21:54:22,Runehold Release,1,1
61,Aurora,2024-09-19T22:19:45,Arcane Cussing (red),1,0
61,Aurora,2024-09-19T22:19:45,Condemn to Slaughter (red),1,0
61,Aurora,2024-09-19T22:19:45,Electrostatic Discharge (red),1,0
61,Aurora,2024-09-19T22:19:45,Flittering Charge (red),2,0
61,Aurora,2024-09-19T22:19:45,Fyendal's Fighting Spirit (red),2,0
61,Aurora,2024-09-19T22:19:45,Lightning Surge (red),1,0
61,Aurora,2024-09-19T22:19:45,Meat and Greet (red),1,0
61,Aurora,2024-09-19T22:19:45,Second Strike (red),2,0
61,Aurora,2024-09-19T22:19:45,Splintering Deadwood (red),1,0
61,Aurora,2024-09-19T22:19:45,Arc Lightning (yellow),1,0
61,Aurora,2024-09-19T22:19:45,Electromagnetic Somersault (yellow),1,0
61,Aurora,2024-09-19T22:19:45,Flittering Charge (yellow),1,0
61,Aurora,2024-09-19T22:19:45,Heaven's Claws (yellow),1,0
61,Aurora,2024-09-19T22:19:45,Hit the High Notes (yellow),2,0
61,Aurora,2024-09-19T22:19:45,Trip the Light Fantastic (yellow),1,0
61,Aurora,2024-09-19T22:19:45,Arcane Cussing (blue),2,0
61,Aurora,2024-09-19T22:19:45,Brush Off (blue),1,0
61,Aurora,2024-09-19T22:19:45,Consuming Volition (blue),4,0
61,Aurora,2024-09-19T22:19:45,Deadwood Dirge (blue),1,0
61,Aurora,2024-09-19T22:19:45,Flittering Charge (blue),1,0
61,Aurora,2024-09-19T22:19:45,Hit the High Notes (blue),1,0
61,Aurora,2024-09-19T22:19:45,Meat and Greet (blue),1,0
61,Aurora,2024-09-19T22:19:45,Sigil of Deadwood (blue),2,0
61,Aurora,2024-09-19T22:19:45,Sigil of the Arknight (blue),1,0
61,Aurora,2024-09-19T22:19:45,Trip the Light Fantastic (blue),2,0
61,Aurora,2024-09-19T22:19:45,Bloodtorn Bodice,1,1
61,Aurora,2024-09-19T22:19:45,Runaways,1,1
61,Aurora,2024-09-19T22:19:45,Runehold Release,1,1
62,Oscilio,2024-09-20T01:58:44,Aether Quickening (red),1,0
62,Oscilio,2024-09-20T01:58:44,Arcane Polarity (red),1,0
62,Oscilio,2024-09-20T01:58:44,Exploding Aether (red),1,0
62,Oscilio,2024-09-20T01:58:44,Fry (red),2,0
62,Oscilio,2024-09-20T01:58:44,Heaven's Claws (red),1,0
62,Oscilio,2024-09-20T01:58:44,Open the Flood Gates (red),1,0
62,Oscilio,2024-09-20T01:58:44,Perennial Aetherbloom (red),1,0
62,Oscilio,2024-09-20T01:58:44,Pop the Bubble (red),1,0
62,Oscilio,2024-09-20T01:58:44,Smash Up (red),1,0
62,Oscilio,2024-09-20T01:58:44,Aether Quickening (yellow),1,0
62,Oscilio,2024-09-20T01:58:44,Flash (yellow),2,0
62,Oscilio,2024-09-20T01:58:44,Lightning Surge (yellow),2,0
62,Oscilio,2024-09-20T01:58:44,Open the Flood Gates (yellow),1,0
62,Oscilio,2024-09-20T01:58:44,Overflow the Aetherwell (yellow),1,0
62,Oscilio,2024-09-20T01:58:44,Second Strike (yellow),1,0
62,Oscilio,2024-09-20T01:58:44,Arcane Twining (blue),2,0
62,Oscilio,2024-09-20T01:58:44,Brush Off (blue),1,0
62,Oscilio,2024-09-20T01:58:44,Electromagnetic Somersault (blue),1,0
62,Oscilio,2024-09-20T01:58:44,Flash (blue),3,0
62,Oscilio,2024-09-20T01:58:44,Fry (blue),1,0
62,Oscilio,2024-09-20T01:58:44,Fyendal's Fighting Spirit (blue),1,0
62,Oscilio,2024-09-20T01:58:44,Lightning Surge (blue),1,0
62,Oscilio,2024-09-20T01:58:44,Open the Flood Gates (blue),3,0
62,Oscilio,2024-09-20T01:58:44,Pop the Bubble (blue),2,0
62,Oscilio,2024-09-20T01:58:44,Sigil of Conductivity (blue),1,0
62,Oscilio,2024-09-20T01:58:44,Sigil of Lightning (blue),2,0
62,Oscilio,2024-09-20T01:58:44,Sigil of Temporal Manipulation (blue),1,0
62,Oscilio,2024-09-20T01:58:44,Truce (blue),1,0
62,Oscilio,2024-09-20T01:58:44,Bruised Leather,1,1
62,Oscilio,2024-09-20T01:58:44,Flash of Brilliance,1,1
62,Oscilio,2024-09-20T01:58:44,Runaways,1,1
63,Verdance,2024-09-20T05:38:32,Arcane Polarity (red),2,0
63,Verdance,2024-09-20T05:38:32,Autumn's Touch (red),2,0
63,Verdance,2024-09-20T05:38:32,Blossoming Decay (red),1,0
63,Verdance,2024-09-20T05:38:32,Etchings of Arcana (red),1,0
63,Verdance,2024-09-20T05:38:32,Fruits of the Forest (red),2,0
63,Verdance,2024-09-20T05:38:32,Hand Behind the Pen (red),1,0
63,Verdance,2024-09-20T05:38:32,Harvest Season (red),1,0
63,Verdance,2024-09-20T05:38:32,Pulsing Aether // Life (red),1,0
63,Verdance,2024-09-20T05:38:32,Rootbound Carapace (red),1,0
63,Verdance,2024-09-20T05:38:32,Save the Thought (red),1,0
63,Verdance,2024-09-20T05:38:32,Arcane Polarity (yellow),1,0
63,Verdance,2024-09-20T05:38:32,Autumn's Touch (yellow),1,0
63,Verdance,2024-09-20T05:38:32,Cadaverous Tilling (yellow),1,0
63,Verdance,2024-09-20T05:38:32,Earth Form (yellow),1,0
63,Verdance,2024-09-20T05:38:32,Exploding Aether (yellow),1,0
63,Verdance,2024-09-20T05:38:32,Fruits of the Forest (yellow),1,0
63,Verdance,2024-09-20T05:38:32,Perennial Aetherbloom (yellow),1,0
63,Verdance,2024-09-20T05:38:32,Arcane Twining (blue),1,0
63,Verdance,2024-09-20T05:38:32,Cadaverous Tilling (blue),1,0
63,Verdance,2024-09-20T05:38:32,Exploding Aether (blue),1,0
63,Verdance,2024-09-20T05:38:32,Fruits of the Forest (blue),1,0
63,Verdance,2024-09-20T05:38:32,Overflow the Aetherwell (blue),2,0
63,Verdance,2024-09-20T05:38:32,Sigil of Earth (blue),2,0
63,Verdance,2024-09-20T05:38:32,Sigil of Fyendal (blue),1,0
63,Verdance,2024-09-20T05:38:32,Strength of Four Seasons (blue),1,0
63,Verdance,2024-09-20T05:38:32,Summer's Fall (blue),1,0
63,Verdance,2024-09-20T05:38:32,Bruised Leather,1,1
63,Verdance,2024-09-20T05:38:32,Helm of Lignum Vitae,1,1
63,Verdance,2024-09-20T05:38:32,Hold Focus,1,1
63,Verdance,2024-09-20T05:38:32,Well Grounded,1,1
64,Florian,2024-09-20T06:23:34,Cadaverous Tilling (red),1,0
64,Florian,2024-09-20T06:23:34,Count Your Blessings (red),1,0
64,Florian,2024-09-20T06:23:34,Earth Form (red),1,0
64,Florian,2024-09-20T06:23:34,Fertile Ground (red),2,0
64,Florian,2024-09-20T06:23:34,Fruits of the Forest (red),1,0
64,Florian,2024-09-20T06:23:34,Fyendal's Fighting Spirit (red),1,0
64,Florian,2024-09-20T06:23:34,Hand Behind the Pen (red),1,0
64,Florian,2024-09-20T06:23:34,Harvest Season (red),1,0
64,Florian,2024-09-20T06:23:34,Hit the High Notes (red),2,0
64,Florian,2024-09-20T06:23:34,Strength of Four Seasons (red),1,0
64,Florian,2024-09-20T06:23:34,Summer's Fall (red),2,0
64,Florian,2024-09-20T06:23:34,Arcane Polarity (yellow),1,0
64,Florian,2024-09-20T06:23:34,Autumn's Touch (yellow),1,0
64,Florian,2024-09-20T06:23:34,Brush Off (yellow),1,0
64,Florian,2024-09-20T06:23:34,Cadaverous Tilling (yellow),1,0
64,Florian,2024-09-20T06:23:34,Fyendal's Fighting Spirit (yellow),2,0
64,Florian,2024-09-20T06:23:34,Arcanic Spike (blue),2,0
64,Florian,2024-09-20T06:23:34,Blossoming Decay (blue),1,0
64,Florian,2024-09-20T06:23:34,Fruits of the Forest (blue),2,0
64,Florian,2024-09-20T06:23:34,Fyendal's Fighting Spirit (blue),1,0
64,Florian,2024-09-20T06:23:34,Hit the High Notes (blue),2,0
64,Florian,2024-09-20T06:23:34,Oath of the Arknight (blue),1,0
64,Florian,2024-09-20T06:23:34,Sigil of Earth (blue),1,0
64,Florian,2024-09-20T06:23:34,Sigil of Fyendal (blue),1,0
64,Florian,2024-09-20T06:23:34,Sigil of Sanctuary (blue),1,0
64,Florian,2024-09-20T06:23:34,Strength of Four Seasons (blue),1,0
64,Florian,2024-09-20T06:23:34,Bloodtorn Bodice,1,1
64,Florian,2024-09-20T06:23:34,Four Finger Gloves,1,1
64,Florian,2024-09-20T06:23:34,Hood of Second Thoughts,1,1
64,Florian,2024-09-20T06:23:34,Well Grounded,1,1
65,Florian,2024-09-20T15:08:55,Arcanic Spike (red),1,0
65,Florian,2024-09-20T15:08:55,Blossoming Decay (red),1,0
65,Florian,2024-09-20T15:08:55,Deadwood Dirge (red),1,0
65,Florian,2024-09-20T15:08:55,Fruits of the Forest (red),1,0
65,Florian,2024-09-20T15:08:55,Fyendal's Fighting Spirit (red),1,0
65,Florian,2024-09-20T15:08:55,Harvest Season (red),1,0
65,Florian,2024-09-20T15:08:55,Hocus Pocus (red),1,0
65,Florian,2024-09-20T15:08:55,Oath of the Arknight (red),2,0
65,Florian,2024-09-20T15:08:55,Rootbound Carapace (red),1,0
65,Florian,2024-09-20T15:08:55,Splintering Deadwood (red),1,0
65,Florian,2024-09-20T15:08:55,Arcane Polarity (yellow),1,0
65,Florian,2024-09-20T15:08:55,Earth Form (yellow),1,0
65,Florian,2024-09-20T15:08:55,Fruits of the Forest (yellow),1,0
65,Florian,2024-09-20T15:08:55,Hocus Pocus (yellow),1,0
65,Florian,2024-09-20T15:08:55,Malefic Incantation (yellow),1,0
65,Florian,2024-09-20T15:08:55,Meat and Greet (yellow),1,0
65,Florian,2024-09-20T15:08:55,Splintering Deadwood (yellow),1,0
65,Florian,2024-09-20T15:08:55,Arcanic Spike (blue),1,0
65,Florian,2024-09-20T15:08:55,Autumn's Touch (blue),1,0
65,Florian,2024-09-20T15:08:55,Cadaverous Tilling (blue),3,0
65,Florian,2024-09-20T15:08:55,Consuming Volition (blue),1,0
65,Florian,2024-09-20T15:08:55,Fruits of the Forest (blue),1,0
65,Florian,2024-09-20T15:08:55,Fyendal's Fighting Spirit (blue),2,0
65,Florian,2024-09-20T15:08:55,Hit the High Notes (blue),1,0
65,Florian,2024-09-20T15:08:55,Hocus Pocus (blue),1,0
65,Florian,2024-09-20T15:08:55,Meat and Greet (blue),1,0
65,Florian,2024-09-20T15:08:55,Seeds of Tomorrow (blue),1,0
65,Florian,2024-09-20T15:08:55,Sigil of Deadwood (blue),1,0
65,Florian,2024-09-20T15:08:55,Sigil of the Arknight (blue),1,0
65,Florian,2024-09-20T15:08:55,Splintering Deadwood (blue),1,0
65,Florian,2024-09-20T15:08:55,Strong Yield (blue),1,0
65,Florian,2024-09-20T15:08:55,Bruised Leather,1,1
65,Florian,2024-09-20T15:08:55,Helm of Lignum Vitae,1,1
65,Florian,2024-09-20T15:08:55,Well Grounded,1,1
66,Verdance,2024-09-20T18:57:39,Arcane Polarity (red),1,0
66,Verdance,2024-09-20T18:57:39,Blossoming Decay (red),1,0
66,Verdance,2024-09-20T18:57:39,Etchings of Arcana (red),1,0
66,Verdance,2024-09-20T18:57:39,Fertile Ground (red),1,0
66,Verdance,2024-09-20T18:57:39,Fruits of the Forest (red),1,0
66,Verdance,2024-09-20T18:57:39,Fyendal's Fighting Spirit (red),2,0
66,Verdance,2024-09-20T18:57:39,Glyph Overlay (red),1,0
66,Verdance,2024-09-20T18:57:39,Harvest Season (red),1,0
66,Verdance,2024-09-20T18:57:39,Overflow the Aetherwell (red),1,0
66,Verdance,2024-09-20T18:57:39,Perennial Aetherbloom (red),1,0
66,Verdance,2024-09-20T18:57:39,Pulsing Aether // Life (red),1,0
66,Verdance,2024-09-20T18:57:39,Strength of Four Seasons (red),1,0
66,Verdance,2024-09-20T18:57:39,Strong Yield (red),1,0
66,Verdance,2024-09-20T18:57:39,Summer's Fall (red),1,0
66,Verdance,2024-09-20T18:57:39,Arcane Twining (yellow),1,0
66,Verdance,2024-09-20T18:57:39,Blossoming Decay (yellow),2,0
66,Verdance,2024-09-20T18:57:39,Fruits of the Forest (yellow),1,0
66,Verdance,2024-09-20T18:57:39,Open the Flood Gates (yellow),1,0
66,Verdance,2024-09-20T18:57:39,Perennial Aetherbloom (yellow),1,0
66,Verdance,2024-09-20T18:57:39,Trailblazing Aether (yellow),1,0
66,Verdance,2024-09-20T18:57:39,Arcane Twining (blue),1,0
66,Verdance,2024-09-20T18:57:39,Blossoming Decay (blue),1,0
66,Verdance,2024-09-20T18:57:39,Etchings of Arcana (blue),1,0
66,Verdance,2024-09-20T18:57:39,Fertile Ground (blue),1,0
66,Verdance,2024-09-20T18:57:39,Fyendal's Fighting Spirit (blue),1,0
66,Verdance,2024-09-20T18:57:39,Open the Flood Gates (blue),2,0
66,Verdance,2024-09-20T18:57:39,Overflow the Aetherwell (blue),2,0
66,Verdance,2024-09-20T18:57:39,Perennial Aetherbloom (blue),1,0
66,Verdance,2024-09-20T18:57:39,Rootbound Carapace (blue),1,0
66,Verdance,2024-09-20T18:57:39,Sigil of Aether (blue),1,0
66,Verdance,2024-09-20T18:57:39,Sigil of Earth (blue),2,0
66,Verdance,2024-09-20T18:57:39,Sigil of Forethought (blue),2,0
66,Verdance,2024-09-20T18:57:39,Strong Yield (blue),1,0
66,Verdance,2024-09-20T18:57:39,Helm of Lignum Vitae,1,1
66,Verdance,2024-09-20T18:57:39,Hold Focus,1,1
66,Verdance,2024-09-20T18:57:39,Ink-lined Cloak,1,1
67,Aurora,2024-09-20T19:32:21,Arcanic Spike (red),1,0
67,Aurora,2024-09-20T19:32:21,Brush Off (red),1,0
67,Aurora,2024-09-20T19:32:21,Consuming Volition (red),1,0
67,Aurora,2024-09-20T19:32:21,Deadwood Dirge (red),1,0
67,Aurora,2024-09-20T19:32:21,Electrostatic Discharge (red),3,0
67,Aurora,2024-09-20T19:32:21,Fyendal's Fighting Spirit (red),1,0
67,Aurora,2024-09-20T19:32:21,Heaven's Claws (red),1,0
67,Aurora,2024-09-20T19:32:21,Hit the High Notes (red),1,0
67,Aurora,2024-09-20T19:32:21,Hocus Pocus (red),1,0
67,Aurora,2024-09-20T19:32:21,Lightning Form (red),1,0
67,Aurora,2024-09-20T19:32:21,Lightning Surge (red),2,0
67,Aurora,2024-09-20T19:32:21,Meat and Greet (red),1,0
67,Aurora,2024-09-20T19:32:21,Runerager Swarm (red),1,0
67,Aurora,2024-09-20T19:32:21,Trip the Light Fantastic (red),1,0
67,Aurora,2024-09-20T19:32:21,Lightning Surge (yellow),2,0
67,Aurora,2024-09-20T19:32:21,Arcane Cussing (blue),1,0
67,Aurora,2024-09-20T19:32:21,Brush Off (blue),1,0
67,Aurora,2024-09-20T19:32:21,Deadwood Dirge (blue),1,0
67,Aurora,2024-09-20T19:32:21,Electrostatic Discharge (blue),1,0
67,Aurora,2024-09-20T19:32:21,Heaven's Claws (blue),3,0
67,Aurora,2024-09-20T19:32:21,Hit the High Notes (blue),1,0
67,Aurora,2024-09-20T19:32:21,Hocus Pocus (blue),1,0
67,Aurora,2024-09-20T19:32:21,Lightning Surge (blue),2,0
67,Aurora,2024-09-20T19:32:21,Malefic Incantation (blue),1,0
67,Aurora,2024-09-20T19:32:21,Oath of the Arknight (blue),1,0
67,Aurora,2024-09-20T19:32:21,Sigil of Cycles (blue),1,0
67,Aurora,2024-09-20T19:32:21,Trip the Light Fantastic (blue),1,0
67,Aurora,2024-09-20T19:32:21,Vantage Point (blue),1,0
67,Aurora,2024-09-20T19:32:21,Bruised Leather,1,1
67,Aurora,2024-09-20T19:32:21,Flash of Brilliance,1,1
67,Aurora,2024-09-20T19:32:21,Runaways,1,1
67,Aurora,2024-09-20T19:32:21,Runehold Release,1,1
68,Verdance,2024-09-20T22:05:16,Aether Quickening (red),1,0
68,Verdance,2024-09-20T22:05:16,Autumn's Touch (red),2,0
68,Verdance,2024-09-20T22:05:16,Blossoming Decay (red),1,0
68,Verdance,2024-09-20T22:05:16,Cadaverous Tilling (red),2,0
68,Verdance,2024-09-20T22:05:16,Earth Form (red),1,0
68,Verdance,2024-09-20T22:05:16,Fertile Ground (red),3,0
68,Verdance,2024-09-20T22:05:16,Fruits of the Forest (red),1,0
68,Verdance,2024-09-20T22:05:16,Fyendal's Fighting Spirit (red),1,0
68,Verdance,2024-09-20T22:05:16,Harvest Season (red),2,0
68,Verdance,2024-09-20T22:05:16,Photon Splicing (red),1,0
68,Verdance,2024-09-20T22:05:16,Pulsing Aether // Life (red),2,0
68,Verdance,2024-09-20T22:05:16,Strength of Four Seasons (red),2,0
68,Verdance,2024-09-20T22:05:16,Blossoming Decay (yellow),1,0
68,Verdance,2024-09-20T22:05:16,Cadaverous Tilling (yellow),2,0
68,Verdance,2024-09-20T22:05:16,Fertile Ground (yellow),1,0
68,Verdance,2024-09-20T22:05:16,Fyendal's Fighting Spirit (yellow),1,0
68,Verdance,2024-09-20T22:05:16,Trailblazing Aether (yellow),1,0
68,Verdance,2024-09-20T22:05:16,Blossoming Decay (blue),1,0
68,Verdance,2024-09-20T22:05:16,Brush Off (blue),1,0
68,Verdance,2024-09-20T22:05:16,Earth Form (blue),1,0
68,Verdance,2024-09-20T22:05:16,Fertile Ground (blue),3,0
68,Verdance,2024-09-20T22:05:16,Harvest Season (blue),1,0
68,Verdance,2024-09-20T22:05:16,Perennial Aetherbloom (blue),2,0
68,Verdance,2024-09-20T22:05:16,Photon Splicing (blue),1,0
68,Verdance,2024-09-20T22:05:16,Sigil of Earth (blue),1,0
68,Verdance,2024-09-20T22:05:16,Sigil of Forethought (blue),1,0
68,Verdance,2024-09-20T22:05:16,Strength of Four Seasons (blue),1,0
68,Verdance,2024-09-20T22:05:16,Strong Yield (blue),1,0
68,Verdance,2024-09-20T22:05:16,Trailblazing Aether (blue),2,0
68,Verdance,2024-09-20T22:05:16,Helm of Lignum Vitae,1,1
69,Aurora,2024-09-21T22:32:14,Electromagnetic Somersault (red),1,0
69,Aurora,2024-09-21T22:32:14,Electrostatic Discharge (red),1,0
69,Aurora,2024-09-21T22:32:14,Fry (red),2,0
69,Aurora,2024-09-21T22:32:14,Fyendal's Fighting Spirit (red),1,0
69,Aurora,2024-09-21T22:32:14,Hit the High Notes (red),1,0
69,Aurora,2024-09-21T22:32:14,Lightning Surge (red),2,0
69,Aurora,2024-09-21T22:32:14,Runerager Swarm (red),2,0
69,Aurora,2024-09-21T22:32:14,Second Strike (red),2,0
69,Aurora,2024-09-21T22:32:14,Arcane Cussing (yellow),1,0
69,Aurora,2024-09-21T22:32:14,Deadwood Dirge (yellow),1,0
69,Aurora,2024-09-21T22:32:14,Electrostatic Discharge (yellow),1,0
69,Aurora,2024-09-21T22:32:14,Fry (yellow),1,0
69,Aurora,2024-09-21T22:32:14,Heaven's Claws (yellow),1,0
69,Aurora,2024-09-21T22:32:14,Hit the High Notes (yellow),1,0
69,Aurora,2024-09-21T22:32:14,Lightning Form (yellow),1,0
69,Aurora,2024-09-21T22:32:14,Lightning Surge (yellow),1,0
69,Aurora,2024-09-21T22:32:14,Second Strike (yellow),1,0
69,Aurora,2024-09-21T22:32:14,Trip the Light Fantastic (yellow),1,0
69,Aurora,2024-09-21T22:32:14,Arcane Cussing (blue),1,0
69,Aurora,2024-09-21T22:32:14,Arcanic Spike (blue),2,0
69,Aurora,2024-09-21T22:32:14,Flittering Charge (blue),1,0
69,Aurora,2024-09-21T22:32:14,Fry (blue),1,0
69,Aurora,2024-09-21T22:32:14,Hit the High Notes (blue),1,0
69,Aurora,2024-09-21T22:32:14,Hocus Pocus (blue),2,0
69,Aurora,2024-09-21T22:32:14,Lightning Surge (blue),1,0
69,Aurora,2024-09-21T22:32:14,Oath of the Arknight (blue),1,0
69,Aurora,2024-09-21T22:32:14,Runerager Swarm (blue),1,0
69,Aurora,2024-09-21T22:32:14,Second Strike (blue),1,0
69,Aurora,2024-09-21T22:32:14,Sigil of Lightning (blue),1,0
69,Aurora,2024-09-21T22:32:14,Vantage Point (blue),1,0
69,Aurora,2024-09-21T22:32:14,Bruised Leather,1,1
69,Aurora,2024-09-21T22:32:14,Flash of Brilliance,1,1
69,Aurora,2024-09-21T22:32:14,Runehold Release,1,1
69,Aurora,2024-09-21T22:32:14,Twinkle Toes,1,1
70,Verdance,2024-09-22T00:49:07,Aether Quickening (red),1,0
70,Verdance,2024-09-22T00:49:07,Arcane Twining (red),3,0
70,Verdance,2024-09-22T00:49:07,Etchings of Arcana (red),1,0
70,Verdance,2024-09-22T00:49:07,Exploding Aether (red),1,0
70,Verdance,2024-09-22T00:49:07,Glyph Overlay (red),1,0
70,Verdance,2024-09-22T00:49:07,Harvest Season (red),1,0
70,Verdance,2024-09-22T00:49:07,Open the Flood Gates (red),1,0
70,Verdance,2024-09-22T00:49:07,Overflow the Aetherwell (red),1,0
70,Verdance,2024-09-22T00:49:07,Perennial Aetherbloom (red),3,0
70,Verdance,2024-09-22T00:49:07,Photon Splicing (red),1,0
70,Verdance,2024-09-22T00:49:07,Pop the Bubble (red),2,0
70,Verdance,2024-09-22T00:49:07,Pulsing Aether // Life (red),1,0
70,Verdance,2024-09-22T00:49:07,Trailblazing Aether (red),1,0
70,Verdance,2024-09-22T00:49:07,Exploding Aether (yellow),2,0
70,Verdance,2024-09-22T00:49:07,Open the Flood Gates (yellow),1,0
70,Verdance,2024-09-22T00:49:07,Perennial Aetherbloom (yellow),1,0
70,Verdance,2024-09-22T00:49:07,Photon Splicing (yellow),2,0
70,Verdance,2024-09-22T00:49:07,Arcane Polarity (blue),1,0
70,Verdance,2024-09-22T00:49:07,Arcane Twining (blue),1,0
70,Verdance,2024-09-22T00:49:07,Earth's Embrace (blue),1,0
70,Verdance,2024-09-22T00:49:07,Etchings of Arcana (blue),2,0
70,Verdance,2024-09-22T00:49:07,Fruits of the Forest (blue),1,0
70,Verdance,2024-09-22T00:49:07,Open the Flood Gates (blue),1,0
70,Verdance,2024-09-22T00:49:07,Overflow the Aetherwell (blue),3,0
70,Verdance,2024-09-22T00:49:07,Perennial Aetherbloom (blue),2,0
70,Verdance,2024-09-22T00:49:07,Photon Splicing (blue),2,0
70,Verdance,2024-09-22T00:49:07,Trailblazing Aether (blue),2,0
70,Verdance,2024-09-22T00:49:07,Helm of Lignum Vitae,1,1
71,Florian,2024-09-22T11:13:22,Arcane Seeds // Life (red),1,0
71,Florian,2024-09-22T11:13:22,Autumn's Touch (red),2,0
71,Florian,2024-09-22T11:13:22,Blossoming Decay (red),1,0
71,Florian,2024-09-22T11:13:22,Cadaverous Tilling (red),1,0
71,Florian,2024-09-22T11:13:22,Consuming Volition (red),1,0
71,Florian,2024-09-22T11:13:22,Deadwood Dirge (red),1,0
71,Florian,2024-09-22T11:13:22,Fertile Ground (red),1,0
71,Florian,2024-09-22T11:13:22,Runerager Swarm (red),2,0
71,Florian,2024-09-22T11:13:22,Vantage Point (red),1,0
71,Florian,2024-09-22T11:13:22,Arcane Cussing (yellow),2,0
71,Florian,2024-09-22T11:13:22,Arcane Polarity (yellow),2,0
71,Florian,2024-09-22T11:13:22,Cadaverous Tilling (yellow),2,0
71,Florian,2024-09-22T11:13:22,Condemn to Slaughter (yellow),1,0
71,Florian,2024-09-22T11:13:22,Fruits of the Forest (yellow),1,0
71,Florian,2024-09-22T11:13:22,Harvest Season (yellow),2,0
71,Florian,2024-09-22T11:13:22,Meat and Greet (yellow),1,0
71,Florian,2024-09-22T11:13:22,Strength of Four Seasons (yellow),1,0
71,Florian,2024-09-22T11:13:22,Arcane Cussing (blue),1,0
71,Florian,2024-09-22T11:13:22,Condemn to Slaughter (blue),1,0
71,Florian,2024-09-22T11:13:22,Deadwood Dirge (blue),1,0
71,Florian,2024-09-22T11:13:22,Earth Form (blue),1,0
71,Florian,2024-09-22T11:13:22,Fyendal's Fighting Spirit (blue),1,0
71,Florian,2024-09-22T11:13:22,Runerager Swarm (blue),1,0
71,Florian,2024-09-22T11:13:22,Seeds of Tomorrow (blue),1,0
71,Florian,2024-09-22T11:13:22,Sigil of Deadwood (blue),2,0
71,Florian,2024-09-22T11:13:22,Strong Yield (blue),1,0
71,Florian,2024-09-22T11:13:22,Helm of Lignum Vitae,1,1
71,Florian,2024-09-22T11:13:22,Runehold Release,1,1
71,Florian,2024-09-22T11:13:22,Well Grounded,1,1
72,Aurora,2024-09-22T15:52:51,Arcane Cussing (red),1,0
72,Aurora,2024-09-22T15:52:51,Arcane Polarity (red),1,0
72,Aurora,2024-09-22T15:52:51,Arcanic Spike (red),1,0
72,Aurora,2024-09-22T15:52:51,Condemn to Slaughter (red),1,0
72,Aurora,2024-09-22T15:52:51,Consuming Volition (red),3,0
72,Aurora,2024-09-22T15:52:51,Deadwood Dirge (red),1,0
72,Aurora,2024-09-22T15:52:51,Flittering Charge (red),1,0
72,Aurora,2024-09-22T15:52:51,Hit the High Notes (red),1,0
72,Aurora,2024-09-22T15:52:51,Lightning Surge (red),2,0
72,Aurora,2024-09-22T15:52:51,Meat and Greet (red),1,0
72,Aurora,2024-09-22T15:52:51,Oath of the Arknight (red),1,0
72,Aurora,2024-09-22T15:52:51,Smash Up (red),1,0
72,Aurora,2024-09-22T15:52:51,Trip the Light Fantastic (red),1,0
72,Aurora,2024-09-22T15:52:51,Arc Lightning (yellow),1,0
72,Aurora,2024-09-22T15:52:51,Arcane Cussing (yellow),2,0
72,Aurora,2024-09-22T15:52:51,Arcane Polarity (yellow),1,0
72,Aurora,2024-09-22T15:52:51,Electrostatic Discharge (yellow),1,0
72,Aurora,2024-09-22T15:52:51,Heaven's Claws (yellow),1,0
72,Aurora,2024-09-22T15:52:51,Hit the High Notes (yellow),1,0
72,Aurora,2024-09-22T15:52:51,Splintering Deadwood (yellow),1,0
72,Aurora,2024-09-22T15:52:51,Arcanic Spike (blue),1,0
72,Aurora,2024-09-22T15:52:51,Consuming Volition (blue),1,0
72,Aurora,2024-09-22T15:52:51,Deadwood Dirge (blue),1,0
72,Aurora,2024-09-22T15:52:51,Meat and Greet (blue),1,0
72,Aurora,2024-09-22T15:52:51,Oath of the Arknight (blue),1,0
72,Aurora,2024-09-22T15:52:51,Runerager Swarm (blue),1,0
72,Aurora,2024-09-22T15:52:51,Second Strike (blue),1,0
72,Aurora,2024-09-22T15:52:51,Sigil of Conductivity (blue),1,0
72,Aurora,2024-09-22T15:52:51,Sigil of Fyendal (blue),1,0
72,Aurora,2024-09-22T15:52:51,Sigil of Lightning (blue),1,0
72,Aurora,2024-09-22T15:52:51,Trip the Light Fantastic (blue),2,0
72,Aurora,2024-09-22T15:52:51,Flash of Brilliance,1,1
72,Aurora,2024-09-22T15:52:51,Twinkle Toes,1,1
73,Verdance,2024-09-22T18:27:38,Aether Quickening (red),1,0
73,Verdance,2024-09-22T18:27:38,Arcane Twining (red),1,0
73,Verdance,2024-09-22T18:27:38,Etchings of Arcana (red),3,0
73,Verdance,2024-09-22T18:27:38,Exploding Aether (red),1,0
73,Verdance,2024-09-22T18:27:38,Open the Flood Gates (red),1,0
73,Verdance,2024-09-22T18:27:38,Perennial Aetherbloom (red),2,0
73,Verdance,2024-09-22T18:27:38,Photon Splicing (red),1,0
73,Verdance,2024-09-22T18:27:38,Pop the Bubble (red),1,0
73,Verdance,2024-09-22T18:27:38,Trailblazing Aether (red),2,0
73,Verdance,2024-09-22T18:27:38,Aether Quickening (yellow),3,0
73,Verdance,2024-09-22T18:27:38,Arcane Twining (yellow),1,0
73,Verdance,2024-09-22T18:27:38,Exploding Aether (yellow),1,0
73,Verdance,2024-09-22T18:27:38,Overflow the Aetherwell (yellow),2,0
73,Verdance,2024-09-22T18:27:38,Perennial Aetherbloom (yellow),1,0
73,Verdance,2024-09-22T18:27:38,Pop the Bubble (yellow),1,0
73,Verdance,2024-09-22T18:27:38,Trailblazing Aether (yellow),1,0
73,Verdance,2024-09-22T18:27:38,Arcane Polarity (blue),1,0
73,Verdance,2024-09-22T18:27:38,Arcane Twining (blue),1,0
73,Verdance,2024-09-22T18:27:38,Destructive Aethertide (blue),1,0
73,Verdance,2024-09-22T18:27:38,Exploding Aether (blue),1,0
73,Verdance,2024-09-22T18:27:38,Fertile Ground (blue),1,0
73,Verdance,2024-09-22T18:27:38,Open the Flood Gates (blue),1,0
73,Verdance,2024-09-22T18:27:38,Overflow the Aetherwell (blue),1,0
73,Verdance,2024-09-22T18:27:38,Save the Thought (blue),1,0
73,Verdance,2024-09-22T18:27:38,Sigil of Forethought (blue),2,0
73,Verdance,2024-09-22T18:27:38,Sigil of Fyendal (blue),1,0
73,Verdance,2024-09-22T18:27:38,Trailblazing Aether (blue),2,0
73,Verdance,2024-09-22T18:27:38,Ink-lined Cloak,1,1
74,Aurora,2024-09-22T18:33:38,Arcane Cussing (red),1,0
74,Aurora,2024-09-22T18:33:38,Brush Off (red),1,0
74,Aurora,2024-09-22T18:33:38,Deadwood Dirge (red),1,0
74,Aurora,2024-09-22T18:33:38,Hit the High Notes (red),1,0
74,Aurora,2024-09-22T18:33:38,Hocus Pocus (red),2,0
74,Aurora,2024-09-22T18:33:38,Lightning Form (red),1,0
74,Aurora,2024-09-22T18:33:38,Lightning Surge (red),1,0
74,Aurora,2024-09-22T18:33:38,Meat and Greet (red),2,0
74,Aurora,2024-09-22T18:33:38,Oath of the Arknight (red),1,0
74,Aurora,2024-09-22T18:33:38,Tongue Tied (red),1,0
74,Aurora,2024-09-22T18:33:38,Arcane Cussing (yellow),1,0
74,Aurora,2024-09-22T18:33:38,Arcanic Spike (yellow),1,0
74,Aurora,2024-09-22T18:33:38,Condemn to Slaughter (yellow),1,0
74,Aurora,2024-09-22T18:33:38,Consuming Volition (yellow),1,0
74,Aurora,2024-09-22T18:33:38,Count Your Blessings (yellow),1,0
74,Aurora,2024-09-22T18:33:38,Heaven's Claws (yellow),1,0
74,Aurora,2024-09-22T18:33:38,Meat and Greet (yellow),1,0
74,Aurora,2024-09-22T18:33:38,Oath of the Arknight (yellow),2,0
74,Aurora,2024-09-22T18:33:38,Arcane Cussing (blue),1,0
74,Aurora,2024-09-22T18:33:38,Condemn to Slaughter (blue),1,0
74,Aurora,2024-09-22T18:33:38,Deadwood Dirge (blue),2,0
74,Aurora,2024-09-22T18:33:38,Heaven's Claws (blue),2,0
74,Aurora,2024-09-22T18:33:38,Meat and Greet (blue),1,0
74,Aurora,2024-09-22T18:33:38,Sigil of Conductivity (blue),1,0
74,Aurora,2024-09-22T18:33:38,Sigil of Deadwood (blue),2,0
74,Aurora,2024-09-22T18:33:38,Sigil of Lightning (blue),2,0
74,Aurora,2024-09-22T18:33:38,Splintering Deadwood (blue),1,0
74,Aurora,2024-09-22T18:33:38,Bloodtorn Bodice,1,1
74,Aurora,2024-09-22T18:33:38,Flash of Brilliance,1,1
74,Aurora,2024-09-22T18:33:38,Runehold Release,1,1
74,Aurora,2024-09-22T18:33:38,Twinkle Toes,1,1
75,Oscilio,2024-09-22T19:17:29,Etchings of Arcana (red),1,0
75,Oscilio,2024-09-22T19:17:29,Exploding Aether (red),2,0
75,Oscilio,2024-09-22T19:17:29,Lightning Surge (red),2,0
75,Oscilio,2024-09-22T19:17:29,Open the Flood Gates (red),2,0
75,Oscilio,2024-09-22T19:17:29,Overflow the Aetherwell (red),1,0
75,Oscilio,2024-09-22T19:17:29,Photon Splicing (red),1,0
75,Oscilio,2024-09-22T19:17:29,Second Strike (red),1,0
75,Oscilio,2024-09-22T19:17:29,Aether Quickening (yellow),1,0
75,Oscilio,2024-09-22T19:17:29,Arcane Twining (yellow),1,0
75,Oscilio,2024-09-22T19:17:29,Etchings of Arcana (yellow),1,0
75,Oscilio,2024-09-22T19:17:29,Flash (yellow),1,0
75,Oscilio,2024-09-22T19:17:29,Fry (yellow),3,0
75,Oscilio,2024-09-22T19:17:29,Photon Splicing (yellow),1,0
75,Oscilio,2024-09-22T19:17:29,Pop the Bubble (yellow),2,0
75,Oscilio,2024-09-22T19:17:29,Trailblazing Aether (yellow),1,0
75,Oscilio,2024-09-22T19:17:29,Arcane Polarity (blue),1,0
75,Oscilio,2024-09-22T19:17:29,Arcane Twining (blue),1,0
75,Oscilio,2024-09-22T19:17:29,Brush Off (blue),2,0
75,Oscilio,2024-09-22T19:17:29,Glyph Overlay (blue),1,0
75,Oscilio,2024-09-22T19:17:29,High Voltage (blue),1,0
75,Oscilio,2024-09-22T19:17:29,Lightning Surge (blue),1,0
75,Oscilio,2024-09-22T19:17:29,Overflow the Aetherwell (blue),1,0
75,Oscilio,2024-09-22T19:17:29,Photon Splicing (blue),1,0
75,Oscilio,2024-09-22T19:17:29,Sigil of Forethought (blue),1,0
75,Oscilio,2024-09-22T19:17:29,Sigil of Temporal Manipulation (blue),2,0
75,Oscilio,2024-09-22T19:17:29,Trailblazing Aether (blue),2,0
75,Oscilio,2024-09-22T19:17:29,Flash of Brilliance,1,1
75,Oscilio,2024-09-22T19:17:29,Four Finger Gloves,1,1
75,Oscilio,2024-09-22T19:17:29,Ink-lined Cloak,1,1
75,Oscilio,2024-09-22T19:17:29,Twinkle Toes,1,1
76,Oscilio,2024-09-22T21:56:08,Aether Quickening (red),2,0
76,Oscilio,2024-09-22T21:56:08,Blast to Oblivion (red),1,0
76,Oscilio,2024-09-22T21:56:08,Electromagnetic Somersault (red),1,0
76,Oscilio,2024-09-22T21:56:08,Etchings of Arcana (red),2,0
76,Oscilio,2024-09-22T21:56:08,Exploding Aether (red),1,0
76,Oscilio,2024-09-22T21:56:08,Flash (red),1,0
76,Oscilio,2024-09-22T21:56:08,Flittering Charge (red),1,0
76,Oscilio,2024-09-22T21:56:08,Fry (red),2,0
76,Oscilio,2024-09-22T21:56:08,Glyph Overlay (red),2,0
76,Oscilio,2024-09-22T21:56:08,Open the Flood Gates (red),2,0
76,Oscilio,2024-09-22T21:56:08,Overflow the Aetherwell (red),1,0
76,Oscilio,2024-09-22T21:56:08,Second Strike (red),1,0
76,Oscilio,2024-09-22T21:56:08,Trip the Light Fantastic (red),2,0
76,Oscilio,2024-09-22T21:56:08,Arcane Twining (yellow),1,0
76,Oscilio,2024-09-22T21:56:08,Electrostatic Discharge (yellow),1,0
76,Oscilio,2024-09-22T21:56:08,Etchings of Arcana (yellow),1,0
76,Oscilio,2024-09-22T21:56:08,Exploding Aether (yellow),2,0
76,Oscilio,2024-09-22T21:56:08,Lightning Form (yellow),1,0
76,Oscilio,2024-09-22T21:56:08,Pop the Bubble (yellow),1,0
76,Oscilio,2024-09-22T21:56:08,Trailblazing Aether (yellow),1,0
76,Oscilio,2024-09-22T21:56:08,Etchings of Arcana (blue),1,0
76,Oscilio,2024-09-22T21:56:08,Flash (blue),1,0
76,Oscilio,2024-09-22T21:56:08,Lightning Surge (blue),1,0
76,Oscilio,2024-09-22T21:56:08,Overflow the Aetherwell (blue),1,0
76,Oscilio,2024-09-22T21:56:08,Photon Splicing (blue),1,0
76,Oscilio,2024-09-22T21:56:08,Second Strike (blue),1,0
76,Oscilio,2024-09-22T21:56:08,Sigil of Lightning (blue),2,0
76,Oscilio,2024-09-22T21:56:08,Sigil of Temporal Manipulation (blue),1,0
76,Oscilio,2024-09-22T21:56:08,Four Finger Gloves,1,1
76,Oscilio,2024-09-22T21:56:08,Hood of Second Thoughts,1,1
76,Oscilio,2024-09-22T21:56:08,Ink-lined Cloak,1,1
76,Oscilio,2024-09-22T21:56:08,Twinkle Toes,1,1
77,Florian,2024-09-23T00:13:44,Arcanic Spike (red),1,0
77,Florian,2024-09-23T00:13:44,Autumn's Touch (red),1,0
77,Florian,2024-09-23T00:13:44,Brush Off (red),1,0
77,Florian,2024-09-23T00:13:44,Fertile Ground (red),1,0
77,Florian,2024-09-23T00:13:44,Fruits of the Forest (red),2,0
77,Florian,2024-09-23T00:13:44,Hand Behind the Pen (red),1,0
77,Florian,2024-09-23T00:13:44,Arcane Polarity (yellow),3,0
77,Florian,2024-09-23T00:13:44,Autumn's Touch (yellow),1,0
77,Florian,2024-09-23T00:13:44,Cadaverous Tilling (yellow),2,0
77,Florian,2024-09-23T00:13:44,Condemn to Slaughter (yellow),1,0
77,Florian,2024-09-23T00:13:44,Consuming Volition (yellow),1,0
77,Florian,2024-09-23T00:13:44,Count Your Blessings (yellow),2,0
77,Florian,2024-09-23T00:13:44,Deadwood Dirge (yellow),1,0
77,Florian,2024-09-23T00:13:44,Fertile Ground (yellow),1,0
77,Florian,2024-09-23T00:13:44,Fruits of the Forest (yellow),2,0
77,Florian,2024-09-23T00:13:44,Hocus Pocus (yellow),2,0
77,Florian,2024-09-23T00:13:44,Meat and Greet (yellow),1,0
77,Florian,2024-09-23T00:13:44,Splintering Deadwood (yellow),1,0
77,Florian,2024-09-23T00:13:44,Strong Yield (yellow),1,0
77,Florian,2024-09-23T00:13:44,Brush Off (blue),1,0
77,Florian,2024-09-23T00:13:44,Cadaverous Tilling (blue),1,0
77,Florian,2024-09-23T00:13:44,Consuming Volition (blue),1,0
77,Florian,2024-09-23T00:13:44,Fruits of the Forest (blue),1,0
77,Florian,2024-09-23T00:13:44,Germinate (blue),1,0
77,Florian,2024-09-23T00:13:44,Malefic Incantation (blue),1,0
77,Florian,2024-09-23T00:13:44,Sigil of Deadwood (blue),2,0
77,Florian,2024-09-23T00:13:44,Sigil of Fyendal (blue),1,0
77,Florian,2024-09-23T00:13:44,Strong Yield (blue),2,0
77,Florian,2024-09-23T00:13:44,Summer's Fall (blue),1,0
77,Florian,2024-09-23T00:13:44,Helm of Lignum Vitae,1,1
77,Florian,2024-09-23T00:13:44,Well Grounded,1,1
78,Florian,2024-09-23T01:18:12,Autumn's Touch (red),1,0
78,Florian,2024-09-23T01:18:12,Cadaverous Tilling (red),2,0
78,Florian,2024-09-23T01:18:12,Consuming Volition (red),1,0
78,Florian,2024-09-23T01:18:12,Deadwood Dirge (red),1,0
78,Florian,2024-09-23T01:18:12,Harvest Season (red),2,0
78,Florian,2024-09-23T01:18:12,Meat and Greet (red),2,0
78,Florian,2024-09-23T01:18:12,Runerager Swarm (red),1,0
78,Florian,2024-09-23T01:18:12,Splintering Deadwood (red),1,0
78,Florian,2024-09-23T01:18:12,Strong Yield (red),1,0
78,Florian,2024-09-23T01:18:12,Brush Off (yellow),2,0
78,Florian,2024-09-23T01:18:12,Cadaverous Tilling (yellow),1,0
78,Florian,2024-09-23T01:18:12,Fertile Ground (yellow),1,0
78,Florian,2024-09-23T01:18:12,Malefic Incantation (yellow),1,0
78,Florian,2024-09-23T01:18:12,Meat and Greet (yellow),2,0
78,Florian,2024-09-23T01:18:12,Oath of the Arknight (yellow),1,0
78,Florian,2024-09-23T01:18:12,Vantage Point (yellow),1,0
78,Florian,2024-09-23T01:18:12,Blossoming Decay (blue),1,0
78,Florian,2024-09-23T01:18:12,Consuming Volition (blue),1,0
78,Florian,2024-09-23T01:18:12,Earth's Embrace (blue),1,0
78,Florian,2024-09-23T01:18:12,Hit the High Notes (blue),1,0
78,Florian,2024-09-23T01:18:12,Hocus Pocus (blue),1,0
78,Florian,2024-09-23T01:18:12,Machinations of Dominion (blue),1,0
78,Florian,2024-09-23T01:18:12,Runerager Swarm (blue),1,0
78,Florian,2024-09-23T01:18:12,Sigil of Deadwood (blue),2,0
78,Florian,2024-09-23T01:18:12,Sigil of Earth (blue),3,0
78,Florian,2024-09-23T01:18:12,Splintering Deadwood (blue),1,0
78,Florian,2024-09-23T01:18:12,Summer's Fall (blue),1,0
78,Florian,2024-09-23T01:18:12,Truce (blue),1,0
78,Florian,2024-09-23T01:18:12,Hood of Second Thoughts,1,1
78,Florian,2024-09-23T01:18:12,Runaways,1,1
79,Aurora,2024-09-23T03:01:32,Burn Up // Shock (red),1,0
79,Aurora,2024-09-23T03:01:32,Fry (red),3,0
79,Aurora,2024-09-23T03:01:32,Hit the High Notes (red),1,0
79,Aurora,2024-09-23T03:01:32,Malefic Incantation (red),1,0
79,Aurora,2024-09-23T03:01:32,Meat and Greet (red),1,0
79,Aurora,2024-09-23T03:01:32,Runerager Swarm (red),2,0
79,Aurora,2024-09-23T03:01:32,Second Strike (red),1,0
79,Aurora,2024-09-23T03:01:32,Trip the Light Fantastic (red),1,0
79,Aurora,2024-09-23T03:01:32,Electrostatic Discharge (yellow),3,0
79,Aurora,2024-09-23T03:01:32,Fry (yellow),1,0
79,Aurora,2024-09-23T03:01:32,Heaven's Claws (yellow),1,0
79,Aurora,2024-09-23T03:01:32,Hit the High Notes (yellow),1,0
79,Aurora,2024-09-23T03:01:32,Hocus Pocus (yellow),1,0
79,Aurora,2024-09-23T03:01:32,Lightning Surge (yellow),2,0
79,Aurora,2024-09-23T03:01:32,Trip the Light Fantastic (yellow),1,0
79,Aurora,2024-09-23T03:01:32,Arcanic Spike (blue),1,0
79,Aurora,2024-09-23T03:01:32,Electrostatic Discharge (blue),2,0
79,Aurora,2024-09-23T03:01:32,Flash (blue),2,0
79,Aurora,2024-09-23T03:01:32,Flittering Charge (blue),1,0
79,Aurora,2024-09-23T03:01:32,Fry (blue),1,0
79,Aurora,2024-09-23T03:01:32,Heaven's Claws (blue),1,0
79,Aurora,2024-09-23T03:01:32,Hocus Pocus (blue),1,0
79,Aurora,2024-09-23T03:01:32,Lightning Surge (blue),3,0
79,Aurora,2024-09-23T03:01:32,Runerager Swarm (blue),1,0
79,Aurora,2024-09-23T03:01:32,Second Strike (blue),2,0
79,Aurora,2024-09-23T03:01:32,Sigil of Lightning (blue),1,0
79,Aurora,2024-09-23T03:01:32,Bloodtorn Bodice,1,1
79,Aurora,2024-09-23T03:01:32,Flash of Brilliance,1,1
79,Aurora,2024-09-23T03:01:32,Twinkle Toes,1,1
80,Florian,2024-09-23T18:43:03,Arcane Seeds // Life (red),1,0
80,Florian,2024-09-23T18:43:03,Blossoming Decay (red),1,0
80,Florian,2024-09-23T18:43:03,Fertile Ground (red),1,0
80,Florian,2024-09-23T18:43:03,Harvest Season (red),2,0
80,Florian,2024-09-23T18:43:03,Hit the High Notes (red),2,0
80,Florian,2024-09-23T18:43:03,Strength of Four Seasons (red),2,0
80,Florian,2024-09-23T18:43:03,Strong Yield (red),2,0
80,Florian,2024-09-23T18:43:03,Summer's Fall (red),2,0
80,Florian,2024-09-23T18:43:03,Tongue Tied (red),1,0
80,Florian,2024-09-23T18:43:03,Vantage Point (red),1,0
80,Florian,2024-09-23T18:43:03,Arcanic Spike (yellow),1,0
80,Florian,2024-09-23T18:43:03,Autumn's Touch (yellow),1,0
80,Florian,2024-09-23T18:43:03,Blossoming Decay (yellow),1,0
80,Florian,2024-09-23T18:43:03,Fertile Ground (yellow),2,0
80,Florian,2024-09-23T18:43:03,Vantage Point (yellow),1,0
80,Florian,2024-09-23T18:43:03,Arcane Cussing (blue),1,0
80,Florian,2024-09-23T18:43:03,Autumn's Touch (blue),1,0
80,Florian,2024-09-23T18:43:03,Blossoming Decay (blue),1,0
80,Florian,2024-09-23T18:43:03,Cadaverous Tilling (blue),1,0
80,Florian,2024-09-23T18:43:03,Deadwood Dirge (blue),1,0
80,Florian,2024-09-23T18:43:03,Fruits of the Forest (blue),1,0
80,Florian,2024-09-23T18:43:03,Fyendal's Fighting Spirit (blue),2,0
80,Florian,2024-09-23T18:43:03,Hit the High Notes (blue),2,0
80,Florian,2024-09-23T18:43:03,Meat and Greet (blue),1,0
80,Florian,2024-09-23T18:43:03,Rootbound Carapace (blue),1,0
80,Florian,2024-09-23T18:43:03,Sigil of Deadwood (blue),2,0
80,Florian,2024-09-23T18:43:03,Runehold Release,1,1
80,Florian,2024-09-23T18:43:03,Well Grounded,1,1
81,Aurora,2024-09-23T19:38:20,Burn Up // Shock (red),1,0
81,Aurora,2024-09-23T19:38:20,Electromagnetic Somersault (red),1,0
81,Aurora,2024-09-23T19:38:20,Flittering Charge (red),2,0
81,Aurora,2024-09-23T19:38:20,Hocus Pocus (red),1,0
81,Aurora,2024-09-23T19:38:20,Lightning Form (red),1,0
81,Aurora,2024-09-23T19:38:20,Meat and Greet (red),1,0
81,Aurora,2024-09-23T19:38:20,Runerager Swarm (red),2,0
81,Aurora,2024-09-23T19:38:20,Second Strike (red),3,0
81,Aurora,2024-09-23T19:38:20,Trip the Light Fantastic (red),1,0
81,Aurora,2024-09-23T19:38:20,Consuming Volition (yellow),2,0
81,Aurora,2024-09-23T19:38:20,Electrostatic Discharge (yellow),3,0
81,Aurora,2024-09-23T19:38:20,Flittering Charge (yellow),1,0
81,Aurora,2024-09-23T19:38:20,Lightning Form (yellow),1,0
81,Aurora,2024-09-23T19:38:20,Lightning Surge (yellow),1,0
81,Aurora,2024-09-23T19:38:20,Second Strike (yellow),1,0
81,Aurora,2024-09-23T19:38:20,Electromagnetic Somersault (blue),1,0
81,Aurora,2024-09-23T19:38:20,Electrostatic Discharge (blue),1,0
81,Aurora,2024-09-23T19:38:20,Flash (blue),1,0
81,Aurora,2024-09-23T19:38:20,Fyendal's Fighting Spirit (blue),1,0
81,Aurora,2024-09-23T19:38:20,Heaven's Claws (blue),2,0
81,Aurora,2024-09-23T19:38:20,Hocus Pocus (blue),1,0
81,Aurora,2024-09-23T19:38:20,Meat and Greet (blue),1,0
81,Aurora,2024-09-23T19:38:20,Sigil of Conductivity (blue),1,0
81,Aurora,2024-09-23T19:38:20,Trip the Light Fantastic (blue),2,0
81,Aurora,2024-09-23T19:38:20,Bloodtorn Bodice,1,1
81,Aurora,2024-09-23T19:38:20,Flash of Brilliance,1,1
81,Aurora,2024-09-23T19:38:20,Runehold Release,1,1
81,Aurora,2024-09-23T19:38:20,Twinkle Toes,1,1
82,Verdance,2024-09-23T19:55:28,Aether Quickening (red),1,0
82,Verdance,2024-09-23T19:55:28,Cadaverous Tilling (red),1,0
82,Verdance,2024-09-23T19:55:28,Fertile Ground (red),1,0
82,Verdance,2024-09-23T19:55:28,Fruits of the Forest (red),1,0
82,Verdance,2024-09-23T19:55:28,Overflow the Aetherwell (red),1,0
82,Verdance,2024-09-23T19:55:28,Perennial Aetherbloom (red),2,0
82,Verdance,2024-09-23T19:55:28,Strength of Four Seasons (red),1,0
82,Verdance,2024-09-23T19:55:28,Strong Yield (red),1,0
82,Verdance,2024-09-23T19:55:28,Summer's Fall (red),1,0
82,Verdance,2024-09-23T19:55:28,Tongue Tied (red),1,0
82,Verdance,2024-09-23T19:55:28,Aether Quickening (yellow),2,0
82,Verdance,2024-09-23T19:55:28,Arcane Polarity (yellow),1,0
82,Verdance,2024-09-23T19:55:28,Arcane Twining (yellow),1,0
82,Verdance,2024-09-23T19:55:28,Autumn's Touch (yellow),1,0
82,Verdance,2024-09-23T19:55:28,Fyendal's Fighting Spirit (yellow),2,0
82,Verdance,2024-09-23T19:55:28,Overflow the Aetherwell (yellow),1,0
82,Verdance,2024-09-23T19:55:28,Trailblazing Aether (yellow),2,0
82,Verdance,2024-09-23T19:55:28,Aether Quickening (blue),2,0
82,Verdance,2024-09-23T19:55:28,Arcane Polarity (blue),1,0
82,Verdance,2024-09-23T19:55:28,Cadaverous Tilling (blue),1,0
82,Verdance,2024-09-23T19:55:28,Fertile Ground (blue),1,0
82,Verdance,2024-09-23T19:55:28,Overflow the Aetherwell (blue),2,0
82,Verdance,2024-09-23T19:55:28,Perennial Aetherbloom (blue),1,0
82,Verdance,2024-09-23T19:55:28,Photon Splicing (blue),1,0
82,Verdance,2024-09-23T19:55:28,Sigil of Sanctuary (blue),1,0
82,Verdance,2024-09-23T19:55:28,Strength of Four Seasons (blue),1,0
82,Verdance,2024-09-23T19:55:28,Strong Yield (blue),1,0
82,Verdance,2024-09-23T19:55:28,Trailblazing Aether (blue),1,0
82,Verdance,2024-09-23T19:55:28,Bruised Leather,1,1
82,Verdance,2024-09-23T19:55:28,Four Finger Gloves,1,1
82,Verdance,2024-09-23T19:55:28,Well Grounded,1,1
83,Aurora,2024-09-23T21:19:45,Consuming Volition (red),2,0
83,Aurora,2024-09-23T21:19:45,Electromagnetic Somersault (red),1,0
83,Aurora,2024-09-23T21:19:45,Electrostatic Discharge (red),2,0
83,Aurora,2024-09-23T21:19:45,Flittering Charge (red),2,0
83,Aurora,2024-09-23T21:19:45,Heaven's Claws (red),1,0
83,Aurora,2024-09-23T21:19:45,Hit the High Notes (red),1,0
83,Aurora,2024-09-23T21:19:45,Lightning Form (red),2,0
83,Aurora,2024-09-23T21:19:45,Lightning Surge (red),1,0
83,Aurora,2024-09-23T21:19:45,Meat and Greet (red),1,0
83,Aurora,2024-09-23T21:19:45,Runerager Swarm (red),1,0
83,Aurora,2024-09-23T21:19:45,Second Strike (red),1,0
83,Aurora,2024-09-23T21:19:45,Splintering Deadwood (red),1,0
83,Aurora,2024-09-23T21:19:45,Arc Lightning (yellow),1,0
83,Aurora,2024-09-23T21:19:45,Channel Lightning Valley (yellow),1,0
83,Aurora,2024-09-23T21:19:45,Deadwood Dirge (yellow),1,0
83,Aurora,2024-09-23T21:19:45,Electromagnetic Somersault (yellow),1,0
83,Aurora,2024-09-23T21:19:45,Electrostatic Discharge (yellow),1,0
83,Aurora,2024-09-23T21:19:45,Flash (yellow),2,0
83,Aurora,2024-09-23T21:19:45,Heaven's Claws (yellow),1,0
83,Aurora,2024-09-23T21:19:45,Meat and Greet (yellow),1,0
83,Aurora,2024-09-23T21:19:45,Second Strike (yellow),1,0
83,Aurora,2024-09-23T21:19:45,Trip the Light Fantastic (yellow),2,0
83,Aurora,2024-09-23T21:19:45,Flittering Charge (blue),1,0
83,Aurora,2024-09-23T21:19:45,Fry (blue),1,0
83,Aurora,2024-09-23T21:19:45,Heaven's Claws (blue),1,0
83,Aurora,2024-09-23T21:19:45,Hit the High Notes (blue),1,0
83,Aurora,2024-09-23T21:19:45,Hocus Pocus (blue),1,0
83,Aurora,2024-09-23T21:19:45,Oath of the Arknight (blue),1,0
83,Aurora,2024-09-23T21:19:45,Runerager Swarm (blue),1,0
83,Aurora,2024-09-23T21:19:45,Sigil of Lightning (blue),3,0
83,Aurora,2024-09-23T21:19:45,Vantage Point (blue),1,0
83,Aurora,2024-09-23T21:19:45,Flash of Brilliance,1,1
83,Aurora,2024-09-23T21:19:45,Twinkle Toes,1,1
84,Florian,2024-09-24T01:41:29,Consuming Volition (red),1,0
84,Florian,2024-09-24T01:41:29,Fyendal's Fighting Spirit (red),1,0
84,Florian,2024-09-24T01:41:29,Hand Behind the Pen (red),1,0
84,Florian,2024-09-24T01:41:29,Oath of the Arknight (red),1,0
84,Florian,2024-09-24T01:41:29,Smash Up (red),1,0
84,Florian,2024-09-24T01:41:29,Splintering Deadwood (red),1,0
84,Florian,2024-09-24T01:41:29,Strong Yield (red),2,0
84,Florian,2024-09-24T01:41:29,Arcane Polarity (yellow),2,0
84,Florian,2024-09-24T01:41:29,Autumn's Touch (yellow),1,0
84,Florian,2024-09-24T01:41:29,Earth Form (yellow),1,0
84,Florian,2024-09-24T01:41:29,Harvest Season (yellow),1,0
84,Florian,2024-09-24T01:41:29,Malefic Incantation (yellow),2,0
84,Florian,2024-09-24T01:41:29,Strong Yield (yellow),4,0
84,Florian,2024-09-24T01:41:29,Arcanic Spike (blue),1,0
84,Florian,2024-09-24T01:41:29,Autumn's Touch (blue),1,0
84,Florian,2024-09-24T01:41:29,Condemn to Slaughter (blue),2,0
84,Florian,2024-09-24T01:41:29,Fyendal's Fighting Spirit (blue),2,0
84,Florian,2024-09-24T01:41:29,Hit the High Notes (blue),1,0
84,Florian,2024-09-24T01:41:29,Oath of the Arknight (blue),1,0
84,Florian,2024-09-24T01:41:29,Sigil of Deadwood (blue),2,0
84,Florian,2024-09-24T01:41:29,Sigil of Earth (blue),1,0
84,Florian,2024-09-24T01:41:29,Sigil of the Arknight (blue),1,0
84,Florian,2024-09-24T01:41:29,Hood of Second Thoughts,1,1
84,Florian,2024-09-24T01:41:29,Runehold Release,1,1
85,Aurora,2024-09-24T02:26:57,Brush Off (red),1,0
85,Aurora,2024-09-24T02:26:57,Consuming Volition (red),1,0
85,Aurora,2024-09-24T02:26:57,Deadwood Dirge (red),1,0
85,Aurora,2024-09-24T02:26:57,Electrostatic Discharge (red),1,0
85,Aurora,2024-09-24T02:26:57,Fry (red),2,0
85,Aurora,2024-09-24T02:26:57,Hand Behind the Pen (red),1,0
85,Aurora,2024-09-24T02:26:57,Heaven's Claws (red),1,0
85,Aurora,2024-09-24T02:26:57,Hit the High Notes (red),1,0
85,Aurora,2024-09-24T02:26:57,Hocus Pocus (red),1,0
85,Aurora,2024-09-24T02:26:57,Lightning Surge (red),2,0
85,Aurora,2024-09-24T02:26:57,Meat and Greet (red),1,0
85,Aurora,2024-09-24T02:26:57,Runerager Swarm (red),3,0
85,Aurora,2024-09-24T02:26:57,Second Strike (red),1,0
85,Aurora,2024-09-24T02:26:57,Smash Up (red),1,0
85,Aurora,2024-09-24T02:26:57,Splintering Deadwood (red),1,0
85,Aurora,2024-09-24T02:26:57,Trip the Light Fantastic (red),1,0
85,Aurora,2024-09-24T02:26:57,Deadwood Dirge (yellow),1,0
85,Aurora,2024-09-24T02:26:57,Electromagnetic Somersault (yellow),1,0
85,Aurora,2024-09-24T02:26:57,Electrostatic Discharge (yellow),1,0
85,Aurora,2024-09-24T02:26:57,Heaven's Claws (yellow),1,0
85,Aurora,2024-09-24T02:26:57,Oath of the Arknight (yellow),1,0
85,Aurora,2024-09-24T02:26:57,Second Strike (yellow),1,0
85,Aurora,2024-09-24T02:26:57,Arcane Polarity (blue),1,0
85,Aurora,2024-09-24T02:26:57,Arcanic Spike (blue),1,0
85,Aurora,2024-09-24T02:26:57,Condemn to Slaughter (blue),1,0
85,Aurora,2024-09-24T02:26:57,Consuming Volition (blue),1,0
85,Aurora,2024-09-24T02:26:57,Deadwood Dirge (blue),1,0
85,Aurora,2024-09-24T02:26:57,Heaven's Claws (blue),3,0
85,Aurora,2024-09-24T02:26:57,Lightning Surge (blue),2,0
85,Aurora,2024-09-24T02:26:57,Oath of the Arknight (blue),1,0
85,Aurora,2024-09-24T02:26:57,Sigil of Lightning (blue),1,0
85,Aurora,2024-09-24T02:26:57,Bloodtorn Bodice,1,1
85,Aurora,2024-09-24T02:26:57,Flash of Brilliance,1,1
85,Aurora,2024-09-24T02:26:57,Four Finger Gloves,1,1
85,Aurora,2024-09-24T02:26:57,Twinkle Toes,1,1
86,Aurora,2024-09-24T18:39:26,Burn Up // Shock (red),2,0
86,Aurora,2024-09-24T18:39:26,Deadwood Dirge (red),1,0
86,Aurora,2024-09-24T18:39:26,Electrostatic Discharge (red),1,0
86,Aurora,2024-09-24T18:39:26,Flittering Charge (red),1,0
86,Aurora,2024-09-24T18:39:26,Fry (red),1,0
86,Aurora,2024-09-24T18:39:26,Meat and Greet (red),1,0
86,Aurora,2024-09-24T18:39:26,Second Strike (red),3,0
86,Aurora,2024-09-24T18:39:26,Trip the Light Fantastic (red),2,0
86,Aurora,2024-09-24T18:39:26,Arcane Cussing (yellow),1,0
86,Aurora,2024-09-24T18:39:26,Condemn to Slaughter (yellow),1,0
86,Aurora,2024-09-24T18:39:26,Hit the High Notes (yellow),2,0
86,Aurora,2024-09-24T18:39:26,Lightning Form (yellow),1,0
86,Aurora,2024-09-24T18:39:26,Lightning Surge (yellow),1,0
86,Aurora,2024-09-24T18:39:26,Second Strike (yellow),2,0
86,Aurora,2024-09-24T18:39:26,Trip the Light Fantastic (yellow),2,0
86,Aurora,2024-09-24T18:39:26,Arcane Cussing (blue),1,0
86,Aurora,2024-09-24T18:39:26,Consuming Volition (blue),1,0
86,Aurora,2024-09-24T18:39:26,Deadwood Dirge (blue),1,0
86,Aurora,2024-09-24T18:39:26,Electromagnetic Somersault (blue),1,0
86,Aurora,2024-09-24T18:39:26,Electrostatic Discharge (blue),1,0
86,Aurora,2024-09-24T18:39:26,Flash (blue),1,0
86,Aurora,2024-09-24T18:39:26,Heaven's Claws (blue),1,0
86,Aurora,2024-09-24T18:39:26,Hit the High Notes (blue),1,0
86,Aurora,2024-09-24T18:39:26,Runerager Swarm (blue),1,0
86,Aurora,2024-09-24T18:39:26,Sigil of Lightning (blue),2,0
86,Aurora,2024-09-24T18:39:26,Sigil of the Arknight (blue),1,0
86,Aurora,2024-09-24T18:39:26,Bruised Leather,1,1
86,Aurora,2024-09-24T18:39:26,Flash of Brilliance,1,1
86,Aurora,2024-09-24T18:39:26,Twinkle Toes,1,1
87,Aurora,2024-09-24T20:27:07,Burn Up // Shock (red),2,0
87,Aurora,2024-09-24T20:27:07,Consuming Volition (red),1,0
87,Aurora,2024-09-24T20:27:07,Fyendal's Fighting Spirit (red),1,0
87,Aurora,2024-09-24T20:27:07,Heaven's Claws (red),1,0
87,Aurora,2024-09-24T20:27:07,Hocus Pocus (red),1,0
87,Aurora,2024-09-24T20:27:07,Lightning Form (red),1,0
87,Aurora,2024-09-24T20:27:07,Second Strike (red),1,0
87,Aurora,2024-09-24T20:27:07,Trip the Light Fantastic (red),1,0
87,Aurora,2024-09-24T20:27:07,Electromagnetic Somersault (yellow),2,0
87,Aurora,2024-09-24T20:27:07,Electrostatic Discharge (yellow),2,0
87,Aurora,2024-09-24T20:27:07,Flittering Charge (yellow),1,0
87,Aurora,2024-09-24T20:27:07,Heaven's Claws (yellow),2,0
87,Aurora,2024-09-24T20:27:07,Hit the High Notes (yellow),1,0
87,Aurora,2024-09-24T20:27:07,Hocus Pocus (yellow),1,0
87,Aurora,2024-09-24T20:27:07,Lightning Form (yellow),1,0
87,Aurora,2024-09-24T20:27:07,Lightning Surge (yellow),1,0
87,Aurora,2024-09-24T20:27:07,Second Strike (yellow),1,0
87,Aurora,2024-09-24T20:27:07,Trip the Light Fantastic (yellow),1,0
87,Aurora,2024-09-24T20:27:07,Arcane Cussing (blue),1,0
87,Aurora,2024-09-24T20:27:07,Consuming Volition (blue),2,0
87,Aurora,2024-09-24T20:27:07,Electrostatic Discharge (blue),1,0
87,Aurora,2024-09-24T20:27:07,Heaven's Claws (blue),2,0
87,Aurora,2024-09-24T20:27:07,Lightning Surge (blue),1,0
87,Aurora,2024-09-24T20:27:07,Meat and Greet (blue),1,0
87,Aurora,2024-09-24T20:27:07,Runerager Swarm (blue),1,0
87,Aurora,2024-09-24T20:27:07,Second Strike (blue),1,0
87,Aurora,2024-09-24T20:27:07,Sigil of Conductivity (blue),1,0
87,Aurora,2024-09-24T20:27:07,Sigil of Lightning (blue),2,0
87,Aurora,2024-09-24T20:27:07,Trip the Light Fantastic (blue),2,0
87,Aurora,2024-09-24T20:27:07,Hood of Second Thoughts,1,1
87,Aurora,2024-09-24T20:27:07,Runaways,1,1
87,Aurora,2024-09-24T20:27:07,Runehold Release,1,1
88,Verdance,2024-09-24T20:54:41,Aether Quickening (red),1,0
88,Verdance,2024-09-24T20:54:41,Blossoming Decay (red),1,0
88,Verdance,2024-09-24T20:54:41,Chorus of the Amphitheater (red),1,0
88,Verdance,2024-09-24T20:54:41,Exploding Aether (red),1,0
88,Verdance,2024-09-24T20:54:41,Glyph Overlay (red),1,0
88,Verdance,2024-09-24T20:54:41,Hand Behind the Pen (red),1,0
88,Verdance,2024-09-24T20:54:41,Open the Flood Gates (red),1,0
88,Verdance,2024-09-24T20:54:41,Overflow the Aetherwell (red),1,0
88,Verdance,2024-09-24T20:54:41,Photon Splicing (red),1,0
88,Verdance,2024-09-24T20:54:41,Rootbound Carapace (red),1,0
88,Verdance,2024-09-24T20:54:41,Strength of Four Seasons (red),1,0
88,Verdance,2024-09-24T20:54:41,Trailblazing Aether (red),2,0
88,Verdance,2024-09-24T20:54:41,Arcane Twining (yellow),1,0
88,Verdance,2024-09-24T20:54:41,Autumn's Touch (yellow),1,0
88,Verdance,2024-09-24T20:54:41,Blossoming Decay (yellow),1,0
88,Verdance,2024-09-24T20:54:41,Etchings of Arcana (yellow),1,0
88,Verdance,2024-09-24T20:54:41,Fruits of the Forest (yellow),2,0
88,Verdance,2024-09-24T20:54:41,Photon Splicing (yellow),1,0
88,Verdance,2024-09-24T20:54:41,Arcane Twining (blue),1,0
88,Verdance,2024-09-24T20:54:41,Autumn's Touch (blue),1,0
88,Verdance,2024-09-24T20:54:41,Blossoming Decay (blue),1,0
88,Verdance,2024-09-24T20:54:41,Earth Form (blue),1,0
88,Verdance,2024-09-24T20:54:41,Exploding Aether (blue),1,0
88,Verdance,2024-09-24T20:54:41,Harvest Season (blue),1,0
88,Verdance,2024-09-24T20:54:41,Open the Flood Gates (blue),1,0
88,Verdance,2024-09-24T20:54:41,Perennial Aetherbloom (blue),2,0
88,Verdance,2024-09-24T20:54:41,Photon Splicing (blue),1,0
88,Verdance,2024-09-24T20:54:41,Pop the Bubble (blue),1,0
88,Verdance,2024-09-24T20:54:41,Sigil of Forethought (blue),2,0
88,Verdance,2024-09-24T20:54:41,Trailblazing Aether (blue),2,0
88,Verdance,2024-09-24T20:54:41,Hold Focus,1,1
88,Verdance,2024-09-24T20:54:41,Hood of Second Thoughts,1,1
88,Verdance,2024-09-24T20:54:41,Ink-lined Cloak,1,1
89,Florian,2024-09-24T21:59:44,Arcane Cussing (red),1,0
89,Florian,2024-09-24T21:59:44,Arcane Polarity (red),1,0
89,Florian,2024-09-24T21:59:44,Arcane Seeds // Life (red),2,0
89,Florian,2024-09-24T21:59:44,Deadwood Dirge (red),2,0
89,Florian,2024-09-24T21:59:44,Hit the High Notes (red),1,0
89,Florian,2024-09-24T21:59:44,Meat and Greet (red),1,0
89,Florian,2024-09-24T21:59:44,Oath of the Arknight (red),1,0
89,Florian,2024-09-24T21:59:44,Arcane Polarity (yellow),1,0
89,Florian,2024-09-24T21:59:44,Arcanic Spike (yellow),1,0
89,Florian,2024-09-24T21:59:44,Blossoming Decay (yellow),1,0
89,Florian,2024-09-24T21:59:44,Brush Off (yellow),1,0
89,Florian,2024-09-24T21:59:44,Consuming Volition (yellow),2,0
89,Florian,2024-09-24T21:59:44,Earth Form (yellow),1,0
89,Florian,2024-09-24T21:59:44,Fyendal's Fighting Spirit (yellow),1,0
89,Florian,2024-09-24T21:59:44,Hit the High Notes (yellow),1,0
89,Florian,2024-09-24T21:59:44,Malefic Incantation (yellow),1,0
89,Florian,2024-09-24T21:59:44,Runerager Swarm (yellow),1,0
89,Florian,2024-09-24T21:59:44,Arcanic Spike (blue),2,0
89,Florian,2024-09-24T21:59:44,Cadaverous Tilling (blue),1,0
89,Florian,2024-09-24T21:59:44,Oath of the Arknight (blue),2,0
89,Florian,2024-09-24T21:59:44,Sigil of Deadwood (blue),4,0
89,Florian,2024-09-24T21:59:44,Sigil of the Arknight (blue),1,0
89,Florian,2024-09-24T21:59:44,Vantage Point (blue),1,0
89,Florian,2024-09-24T21:59:44,Bloodtorn Bodice,1,1
89,Florian,2024-09-24T21:59:44,Helm of Lignum Vitae,1,1
89,Florian,2024-09-24T21:59:44,Runehold Release,1,1
89,Florian,2024-09-24T21:59:44,Well Grounded,1,1
90,Verdance,2024-09-25T02:20:42,Autumn's Touch (red),1,0
90,Verdance,2024-09-25T02:20:42,Blossoming Decay (red),2,0
90,Verdance,2024-09-25T02:20:42,Cadaverous Tilling (red),1,0
90,Verdance,2024-09-25T02:20:42,Earth Form (red),1,0
90,Verdance,2024-09-25T02:20:42,Fertile Ground (red),1,0
90,Verdance,2024-09-25T02:20:42,Fruits of the Forest (red),1,0
90,Verdance,2024-09-25T02:20:42,Save the Thought (red),1,0
90,Verdance,2024-09-25T02:20:42,Strength of Four Seasons (red),1,0
90,Verdance,2024-09-25T02:20:42,Autumn's Touch (yellow),1,0
90,Verdance,2024-09-25T02:20:42,Fyendal's Fighting Spirit (yellow),1,0
90,Verdance,2024-09-25T02:20:42,Pop the Bubble (yellow),1,0
90,Verdance,2024-09-25T02:20:42,Strength of Four Seasons (yellow),1,0
90,Verdance,2024-09-25T02:20:42,Arcane Polarity (blue),1,0
90,Verdance,2024-09-25T02:20:42,Autumn's Touch (blue),1,0
90,Verdance,2024-09-25T02:20:42,Brush Off (blue),1,0
90,Verdance,2024-09-25T02:20:42,Cadaverous Tilling (blue),1,0
90,Verdance,2024-09-25T02:20:42,Chorus of the Amphitheater (blue),1,0
90,Verdance,2024-09-25T02:20:42,Exploding Aether (blue),3,0
90,Verdance,2024-09-25T02:20:42,Fruits of the Forest (blue),1,0
90,Verdance,2024-09-25T02:20:42,Fyendal's Fighting Spirit (blue),1,0
90,Verdance,2024-09-25T02:20:42,Harvest Season (blue),2,0
90,Verdance,2024-09-25T02:20:42,Heartbeat of Candlehold (blue),1,0
90,Verdance,2024-09-25T02:20:42,Open the Flood Gates (blue),1,0
90,Verdance,2024-09-25T02:20:42,Overflow the Aetherwell (blue),1,0
90,Verdance,2024-09-25T02:20:42,Photon Splicing (blue),1,0
90,Verdance,2024-09-25T02:20:42,Save the Thought (blue),1,0
90,Verdance,2024-09-25T02:20:42,Sigil of Fyendal (blue),1,0
90,Verdance,2024-09-25T02:20:42,Strength of Four Seasons (blue),1,0
90,Verdance,2024-09-25T02:20:42,Strong Yield (blue),1,0
90,Verdance,2024-09-25T02:20:42,Truce (blue),1,0
90,Verdance,2024-09-25T02:20:42,Four Finger Gloves,1,1
90,Verdance,2024-09-25T02:20:42,Helm of Lignum Vitae,1,1
91,Florian,2024-09-25T03:44:29,Arcane Polarity (red),1,0
91,Florian,2024-09-25T03:44:29,Arcane Seeds // Life (red),2,0
91,Florian,2024-09-25T03:44:29,Condemn to Slaughter (red),1,0
91,Florian,2024-09-25T03:44:29,Consuming Volition (red),2,0
91,Florian,2024-09-25T03:44:29,Count Your Blessings (red),2,0
91,Florian,2024-09-25T03:44:29,Deadwood Dirge (red),1,0
91,Florian,2024-09-25T03:44:29,Fyendal's Fighting Spirit (red),1,0
91,Florian,2024-09-25T03:44:29,Harvest Season (red),1,0
91,Florian,2024-09-25T03:44:29,Hit the High Notes (red),2,0
91,Florian,2024-09-25T03:44:29,Meat and Greet (red),1,0
91,Florian,2024-09-25T03:44:29,Oath of the Arknight (red),1,0
91,Florian,2024-09-25T03:44:29,Runerager Swarm (red),1,0
91,Florian,2024-09-25T03:44:29,Strength of Four Seasons (red),1,0
91,Florian,2024-09-25T03:44:29,Ten Foot Tall and Bulletproof (red),1,0
91,Florian,2024-09-25T03:44:29,Count Your Blessings (yellow),1,0
91,Florian,2024-09-25T03:44:29,Fruits of the Forest (yellow),1,0
91,Florian,2024-09-25T03:44:29,Oath of the Arknight (yellow),1,0
91,Florian,2024-09-25T03:44:29,Runerager Swarm (yellow),1,0
91,Florian,2024-09-25T03:44:29,Arcane Cussing (blue),1,0
91,Florian,2024-09-25T03:44:29,Blossoming Decay (blue),1,0
91,Florian,2024-09-25T03:44:29,Deadwood Dirge (blue),1,0
91,Florian,2024-09-25T03:44:29,Fruits of the Forest (blue),1,0
91,Florian,2024-09-25T03:44:29,Fyendal's Fighting Spirit (blue),1,0
91,Florian,2024-09-25T03:44:29,Hit the High Notes (blue),2,0
91,Florian,2024-09-25T03:44:29,Hocus Pocus (blue),1,0
91,Florian,2024-09-25T03:44:29,Meat and Greet (blue),1,0
91,Florian,2024-09-25T03:44:29,Oath of the Arknight (blue),1,0
91,Florian,2024-09-25T03:44:29,Runerager Swarm (blue),1,0
91,Florian,2024-09-25T03:44:29,Sigil of Deadwood (blue),1,0
91,Florian,2024-09-25T03:44:29,Sigil of Fyendal (blue),1,0
91,Florian,2024-09-25T03:44:29,Splintering Deadwood (blue),1,0
91,Florian,2024-09-25T03:44:29,Bloodtorn Bodice,1,1
91,Florian,2024-09-25T03:44:29,Helm of Lignum Vitae,1,1
91,Florian,2024-09-25T03:44:29,Runehold Release,1,1
92,Florian,2024-09-25T08:36:13,Cadaverous Tilling (red),1,0
92,Florian,2024-09-25T08:36:13,Deadwood Dirge (red),1,0
92,Florian,2024-09-25T08:36:13,Fruits of the Forest (red),1,0
92,Florian,2024-09-25T08:36:13,Fyendal's Fighting Spirit (red),1,0
92,Florian,2024-09-25T08:36:13,Hit the High Notes (red),2,0
92,Florian,2024-09-25T08:36:13,Hocus Pocus (red),1,0
92,Florian,2024-09-25T08:36:13,Rootbound Carapace (red),1,0
92,Florian,2024-09-25T08:36:13,Strength of Four Seasons (red),2,0
92,Florian,2024-09-25T08:36:13,Strong Yield (red),2,0
92,Florian,2024-09-25T08:36:13,Arcane Cussing (yellow),1,0
92,Florian,2024-09-25T08:36:13,Fyendal's Fighting Spirit (yellow),1,0
92,Florian,2024-09-25T08:36:13,Hit the High Notes (yellow),2,0
92,Florian,2024-09-25T08:36:13,Hocus Pocus (yellow),2,0
92,Florian,2024-09-25T08:36:13,Plow Under (yellow),1,0
92,Florian,2024-09-25T08:36:13,Strong Yield (yellow),1,0
92,Florian,2024-09-25T08:36:13,Summer's Fall (yellow),1,0
92,Florian,2024-09-25T08:36:13,Arcane Cussing (blue),1,0
92,Florian,2024-09-25T08:36:13,Autumn's Touch (blue),1,0
92,Florian,2024-09-25T08:36:13,Cadaverous Tilling (blue),1,0
92,Florian,2024-09-25T08:36:13,Deadwood Dirge (blue),1,0
92,Florian,2024-09-25T08:36:13,Germinate (blue),1,0
92,Florian,2024-09-25T08:36:13,Hit the High Notes (blue),1,0
92,Florian,2024-09-25T08:36:13,Hocus Pocus (blue),1,0
92,Florian,2024-09-25T08:36:13,Sigil of Earth (blue),1,0
92,Florian,2024-09-25T08:36:13,Sigil of Sanctuary (blue),1,0
92,Florian,2024-09-25T08:36:13,Sigil of the Arknight (blue),1,0
92,Florian,2024-09-25T08:36:13,Strength of Four Seasons (blue),1,0
92,Florian,2024-09-25T08:36:13,Summer's Fall (blue),2,0
92,Florian,2024-09-25T08:36:13,Vantage Point (blue),1,0
92,Florian,2024-09-25T08:36:13,Bruised Leather,1,1
92,Florian,2024-09-25T08:36:13,Well Grounded,1,1
93,Aurora,2024-09-25T14:58:18,Blast to Oblivion (red),1,0
93,Aurora,2024-09-25T14:58:18,Burn Up // Shock (red),1,0
93,Aurora,2024-09-25T14:58:18,Flash (red),1,0
93,Aurora,2024-09-25T14:58:18,Fry (red),1,0
93,Aurora,2024-09-25T14:58:18,Hand Behind the Pen (red),1,0
93,Aurora,2024-09-25T14:58:18,Heaven's Claws (red),1,0
93,Aurora,2024-09-25T14:58:18,Hit the High Notes (red),1,0
93,Aurora,2024-09-25T14:58:18,Lightning Form (red),1,0
93,Aurora,2024-09-25T14:58:18,Meat and Greet (red),2,0
93,Aurora,2024-09-25T14:58:18,Trip the Light Fantastic (red),2,0
93,Aurora,2024-09-25T14:58:18,Vantage Point (red),1,0
93,Aurora,2024-09-25T14:58:18,Arcanic Spike (yellow),1,0
93,Aurora,2024-09-25T14:58:18,Brush Off (yellow),1,0
93,Aurora,2024-09-25T14:58:18,Electromagnetic Somersault (yellow),1,0
93,Aurora,2024-09-25T14:58:18,Flittering Charge (yellow),1,0
93,Aurora,2024-09-25T14:58:18,Heaven's Claws (yellow),2,0
93,Aurora,2024-09-25T14:58:18,Splintering Deadwood (yellow),2,0
93,Aurora,2024-09-25T14:58:18,Trip the Light Fantastic (yellow),1,0
93,Aurora,2024-09-25T14:58:18,Vantage Point (yellow),1,0
93,Aurora,2024-09-25T14:58:18,Arcane Cussing (blue),1,0
93,Aurora,2024-09-25T14:58:18,Arcanic Spike (blue),1,0
93,Aurora,2024-09-25T14:58:18,Current Funnel (blue),1,0
93,Aurora,2024-09-25T14:58:18,Fry (blue),1,0
93,Aurora,2024-09-25T14:58:18,Fyendal's Fighting Spirit (blue),1,0
93,Aurora,2024-09-25T14:58:18,Heaven's Claws (blue),1,0
93,Aurora,2024-09-25T14:58:18,Hocus Pocus (blue),2,0
93,Aurora,2024-09-25T14:58:18,Meat and Greet (blue),1,0
93,Aurora,2024-09-25T14:58:18,Runerager Swarm (blue),1,0
93,Aurora,2024-09-25T14:58:18,Second Strike (blue),1,0
93,Aurora,2024-09-25T14:58:18,Sigil of Conductivity (blue),1,0
93,Aurora,2024-09-25T14:58:18,Vantage Point (blue),1,0
93,Aurora,2024-09-25T14:58:18,Bloodtorn Bodice,1,1
93,Aurora,2024-09-25T14:58:18,Flash of Brilliance,1,1
93,Aurora,2024-09-25T14:58:18,Runehold Release,1,1
93,Aurora,2024-09-25T14:58:18,Twinkle Toes,1,1
94,Aurora,2024-09-26T08:54:55,Arcanic Spike (red),1,0
94,Aurora,2024-09-26T08:54:55,Electrostatic Discharge (red),1,0
94,Aurora,2024-09-26T08:54:55,Flash (red),1,0
94,Aurora,2024-09-26T08:54:55,Flittering Charge (red),1,0
94,Aurora,2024-09-26T08:54:55,Fry (red),2,0
94,Aurora,2024-09-26T08:54:55,Fyendal's Fighting Spirit (red),1,0
94,Aurora,2024-09-26T08:54:55,Hit the High Notes (red),1,0
94,Aurora,2024-09-26T08:54:55,Lightning Surge (red),3,0
94,Aurora,2024-09-26T08:54:55,Splintering Deadwood (red),1,0
94,Aurora,2024-09-26T08:54:55,Trip the Light Fantastic (red),1,0
94,Aurora,2024-09-26T08:54:55,Vantage Point (red),2,0
94,Aurora,2024-09-26T08:54:55,Consuming Volition (yellow),1,0
94,Aurora,2024-09-26T08:54:55,Electromagnetic Somersault (yellow),1,0
94,Aurora,2024-09-26T08:54:55,Electrostatic Discharge (yellow),2,0
94,Aurora,2024-09-26T08:54:55,Flittering Charge (yellow),1,0
94,Aurora,2024-09-26T08:54:55,Heaven's Claws (yellow),1,0
94,Aurora,2024-09-26T08:54:55,Hit the High Notes (yellow),1,0
94,Aurora,2024-09-26T08:54:55,Lightning Surge (yellow),1,0
94,Aurora,2024-09-26T08:54:55,Runerager Swarm (yellow),1,0
94,Aurora,2024-09-26T08:54:55,Splintering Deadwood (yellow),1,0
94,Aurora,2024-09-26T08:54:55,Arcanic Spike (blue),1,0
94,Aurora,2024-09-26T08:54:55,Blast to Oblivion (blue),1,0
94,Aurora,2024-09-26T08:54:55,Heaven's Claws (blue),2,0
94,Aurora,2024-09-26T08:54:55,Hit the High Notes (blue),1,0
94,Aurora,2024-09-26T08:54:55,Hocus Pocus (blue),1,0
94,Aurora,2024-09-26T08:54:55,Meat and Greet (blue),1,0
94,Aurora,2024-09-26T08:54:55,Runerager Swarm (blue),1,0
94,Aurora,2024-09-26T08:54:55,Second Strike (blue),3,0
94,Aurora,2024-09-26T08:54:55,Sigil of Lightning (blue),1,0
94,Aurora,2024-09-26T08:54:55,Bloodtorn Bodice,1,1
94,Aurora,2024-09-26T08:54:55,Flash of Brilliance,1,1
94,Aurora,2024-09-26T08:54:55,Twinkle Toes,1,1
95,Aurora,2024-09-26T11:40:38,Flittering Charge (red),1,0
95,Aurora,2024-09-26T11:40:38,Fry (red),1,0
95,Aurora,2024-09-26T11:40:38,Gone in a Flash (red),1,0
95,Aurora,2024-09-26T11:40:38,Hit the High Notes (red),2,0
95,Aurora,2024-09-26T11:40:38,Lightning Surge (red),2,0
95,Aurora,2024-09-26T11:40:38,Second Strike (red),1,0
95,Aurora,2024-09-26T11:40:38,Tongue Tied (red),1,0
95,Aurora,2024-09-26T11:40:38,Trip the Light Fantastic (red),1,0
95,Aurora,2024-09-26T11:40:38,Condemn to Slaughter (yellow),1,0
95,Aurora,2024-09-26T11:40:38,Deadwood Dirge (yellow),1,0
95,Aurora,2024-09-26T11:40:38,Electrostatic Discharge (yellow),3,0
95,Aurora,2024-09-26T11:40:38,Flittering Charge (yellow),1,0
95,Aurora,2024-09-26T11:40:38,Fry (yellow),1,0
95,Aurora,2024-09-26T11:40:38,Hocus Pocus (yellow),3,0
95,Aurora,2024-09-26T11:40:38,Meat and Greet (yellow),2,0
95,Aurora,2024-09-26T11:40:38,Runerager Swarm (yellow),2,0
95,Aurora,2024-09-26T11:40:38,Second Strike (yellow),1,0
95,Aurora,2024-09-26T11:40:38,Arcane Polarity (blue),1,0
95,Aurora,2024-09-26T11:40:38,Consuming Volition (blue),1,0
95,Aurora,2024-09-26T11:40:38,Deadwood Dirge (blue),2,0
95,Aurora,2024-09-26T11:40:38,Electrostatic Discharge (blue),1,0
95,Aurora,2024-09-26T11:40:38,Fry (blue),1,0
95,Aurora,2024-09-26T11:40:38,Hit the High Notes (blue),2,0
95,Aurora,2024-09-26T11:40:38,Hocus Pocus (blue),1,0
95,Aurora,2024-09-26T11:40:38,Sigil of Deadwood (blue),1,0
95,Aurora,2024-09-26T11:40:38,Sigil of Lightning (blue),1,0
95,Aurora,2024-09-26T11:40:38,Trip the Light Fantastic (blue),2,0
95,Aurora,2024-09-26T11:40:38,Bloodtorn Bodice,1,1
95,Aurora,2024-09-26T11:40:38,Flash of Brilliance,1,1
95,Aurora,2024-09-26T11:40:38,Runehold Release,1,1
95,Aurora,2024-09-26T11:40:38,Twinkle Toes,1,1
96,Florian,2024-09-26T17:04:26,Arcane Cussing (red),1,0
96,Florian,2024-09-26T17:04:26,Arcane Seeds // Life (red),1,0
96,Florian,2024-09-26T17:04:26,Brush Off (red),1,0
96,Florian,2024-09-26T17:04:26,Cadaverous Tilling (red),1,0
96,Florian,2024-09-26T17:04:26,Earth Form (red),1,0
96,Florian,2024-09-26T17:04:26,Fertile Ground (red),1,0
96,Florian,2024-09-26T17:04:26,Fruits of the Forest (red),1,0
96,Florian,2024-09-26T17:04:26,Meat and Greet (red),1,0
96,Florian,2024-09-26T17:04:26,Oath of the Arknight (red),1,0
96,Florian,2024-09-26T17:04:26,Rootbound Carapace (red),1,0
96,Florian,2024-09-26T17:04:26,Splintering Deadwood (red),1,0
96,Florian,2024-09-26T17:04:26,Strength of Four Seasons (red),2,0
96,Florian,2024-09-26T17:04:26,Strong Yield (red),1,0
96,Florian,2024-09-26T17:04:26,Arcanic Spike (yellow),1,0
96,Florian,2024-09-26T17:04:26,Autumn's Touch (yellow),1,0
96,Florian,2024-09-26T17:04:26,Cadaverous Tilling (yellow),1,0
96,Florian,2024-09-26T17:04:26,Deadwood Dirge (yellow),1,0
96,Florian,2024-09-26T17:04:26,Fyendal's Fighting Spirit (yellow),1,0
96,Florian,2024-09-26T17:04:26,Hocus Pocus (yellow),3,0
96,Florian,2024-09-26T17:04:26,Strength of Four Seasons (yellow),1,0
96,Florian,2024-09-26T17:04:26,Vantage Point (yellow),1,0
96,Florian,2024-09-26T17:04:26,Arcane Cussing (blue),2,0
96,Florian,2024-09-26T17:04:26,Fertile Ground (blue),2,0
96,Florian,2024-09-26T17:04:26,Hocus Pocus (blue),2,0
96,Florian,2024-09-26T17:04:26,Rootbound Carapace (blue),1,0
96,Florian,2024-09-26T17:04:26,Runerager Swarm (blue),2,0
96,Florian,2024-09-26T17:04:26,Sigil of Earth (blue),1,0
96,Florian,2024-09-26T17:04:26,Summer's Fall (blue),2,0
96,Florian,2024-09-26T17:04:26,Bruised Leather,1,1
96,Florian,2024-09-26T17:04:26,Four Finger Gloves,1,1
96,Florian,2024-09-26T17:04:26,Helm of Lignum Vitae,1,1
96,Florian,2024-09-26T17:04:26,Well Grounded,1,1
97,Florian,2024-09-26T17:20:04,Arcane Seeds // Life (red),1,0
97,Florian,2024-09-26T17:20:04,Blossoming Decay (red),1,0
97,Florian,2024-09-26T17:20:04,Cadaverous Tilling (red),1,0
97,Florian,2024-09-26T17:20:04,Count Your Blessings (red),1,0
97,Florian,2024-09-26T17:20:04,Felling of the Crown (red),1,0
97,Florian,2024-09-26T17:20:04,Fertile Ground (red),1,0
97,Florian,2024-09-26T17:20:04,Fruits of the Forest (red),2,0
97,Florian,2024-09-26T17:20:04,Strength of Four Seasons (red),2,0
97,Florian,2024-09-26T17:20:04,Strong Yield (red),1,0
97,Florian,2024-09-26T17:20:04,Cadaverous Tilling (yellow),1,0
97,Florian,2024-09-26T17:20:04,Earth Form (yellow),2,0
97,Florian,2024-09-26T17:20:04,Fertile Ground (yellow),2,0
97,Florian,2024-09-26T17:20:04,Hit the High Notes (yellow),1,0
97,Florian,2024-09-26T17:20:04,Meat and Greet (yellow),1,0
97,Florian,2024-09-26T17:20:04,Splintering Deadwood (yellow),2,0
97,Florian,2024-09-26T17:20:04,Strength of Four Seasons (yellow),1,0
97,Florian,2024-09-26T17:20:04,Autumn's Touch (blue),2,0
97,Florian,2024-09-26T17:20:04,Cadaverous Tilling (blue),1,0
97,Florian,2024-09-26T17:20:04,Condemn to Slaughter (blue),1,0
97,Florian,2024-09-26T17:20:04,Earth Form (blue),1,0
97,Florian,2024-09-26T17:20:04,Fertile Ground (blue),1,0
97,Florian,2024-09-26T17:20:04,Malefic Incantation (blue),1,0
97,Florian,2024-09-26T17:20:04,Sigil of Cycles (blue),1,0
97,Florian,2024-09-26T17:20:04,Sigil of Earth (blue),1,0
97,Florian,2024-09-26T17:20:04,Sigil of Fyendal (blue),1,0
97,Florian,2024-09-26T17:20:04,Strength of Four Seasons (blue),1,0
97,Florian,2024-09-26T17:20:04,Vantage Point (blue),1,0
97,Florian,2024-09-26T17:20:04,Bruised Leather,1,1
97,Florian,2024-09-26T17:20:04,Helm of Lignum Vitae,1,1
97,Florian,2024-09-26T17:20:04,Runehold Release,1,1
97,Florian,2024-09-26T17:20:04,Well Grounded,1,1
98,Florian,2024-09-26T18:24:26,Brush Off (red),1,0
98,Florian,2024-09-26T18:24:26,Cadaverous Tilling (red),1,0
98,Florian,2024-09-26T18:24:26,Consuming Volition (red),1,0
98,Florian,2024-09-26T18:24:26,Cut Through the Facade (red),1,0
98,Florian,2024-09-26T18:24:26,Fyendal's Fighting Spirit (red),3,0
98,Florian,2024-09-26T18:24:26,Harvest Season (red),1,0
98,Florian,2024-09-26T18:24:26,Hocus Pocus (red),1,0
98,Florian,2024-09-26T18:24:26,Oath of the Arknight (red),2,0
98,Florian,2024-09-26T18:24:26,Autumn's Touch (yellow),1,0
98,Florian,2024-09-26T18:24:26,Cadaverous Tilling (yellow),1,0
98,Florian,2024-09-26T18:24:26,Consuming Volition (yellow),1,0
98,Florian,2024-09-26T18:24:26,Deadwood Dirge (yellow),1,0
98,Florian,2024-09-26T18:24:26,Earth Form (yellow),1,0
98,Florian,2024-09-26T18:24:26,Fyendal's Fighting Spirit (yellow),1,0
98,Florian,2024-09-26T18:24:26,Hit the High Notes (yellow),1,0
98,Florian,2024-09-26T18:24:26,Arcane Polarity (blue),1,0
98,Florian,2024-09-26T18:24:26,Arcanic Spike (blue),1,0
98,Florian,2024-09-26T18:24:26,Consuming Volition (blue),1,0
98,Florian,2024-09-26T18:24:26,Deadwood Dirge (blue),1,0
98,Florian,2024-09-26T18:24:26,Fertile Ground (blue),2,0
98,Florian,2024-09-26T18:24:26,Fruits of the Forest (blue),1,0
98,Florian,2024-09-26T18:24:26,Fyendal's Fighting Spirit (blue),2,0
98,Florian,2024-09-26T18:24:26,Hocus Pocus (blue),1,0
98,Florian,2024-09-26T18:24:26,Sigil of Deadwood (blue),3,0
98,Florian,2024-09-26T18:24:26,Sigil of Earth (blue),1,0
98,Florian,2024-09-26T18:24:26,Splintering Deadwood (blue),1,0
98,Florian,2024-09-26T18:24:26,Bloodtorn Bodice,1,1
98,Florian,2024-09-26T18:24:26,Helm of Lignum Vitae,1,1
98,Florian,2024-09-26T18:24:26,Runehold Release,1,1
98,Florian,2024-09-26T18:24:26,Well Grounded,1,1
99,Florian,2024-09-26T18:37:07,Arcane Cussing (red),1,0
99,Florian,2024-09-26T18:37:07,Arcane Seeds // Life (red),1,0
99,Florian,2024-09-26T18:37:07,Arcanic Spike (red),2,0
99,Florian,2024-09-26T18:37:07,Cadaverous Tilling (red),2,0
99,Florian,2024-09-26T18:37:07,Consuming Volition (red),1,0
99,Florian,2024-09-26T18:37:07,Fertile Ground (red),1,0
99,Florian,2024-09-26T18:37:07,Fruits of the Forest (red),1,0
99,Florian,2024-09-26T18:37:07,Harvest Season (red),1,0
99,Florian,2024-09-26T18:37:07,Splintering Deadwood (red),1,0
99,Florian,2024-09-26T18:37:07,Arcanic Spike (yellow),1,0
99,Florian,2024-09-26T18:37:07,Autumn's Touch (yellow),2,0
99,Florian,2024-09-26T18:37:07,Blossoming Decay (yellow),2,0
99,Florian,2024-09-26T18:37:07,Brush Off (yellow),1,0
99,Florian,2024-09-26T18:37:07,Condemn to Slaughter (yellow),1,0
99,Florian,2024-09-26T18:37:07,Consuming Volition (yellow),1,0
99,Florian,2024-09-26T18:37:07,Plow Under (yellow),1,0
99,Florian,2024-09-26T18:37:07,Condemn to Slaughter (blue),1,0
99,Florian,2024-09-26T18:37:07,Fertile Ground (blue),2,0
99,Florian,2024-09-26T18:37:07,Fruits of the Forest (blue),1,0
99,Florian,2024-09-26T18:37:07,Harvest Season (blue),1,0
99,Florian,2024-09-26T18:37:07,Malefic Incantation (blue),3,0
99,Florian,2024-09-26T18:37:07,Meat and Greet (blue),1,0
99,Florian,2024-09-26T18:37:07,Sigil of Deadwood (blue),1,0
99,Florian,2024-09-26T18:37:07,Sigil of the Arknight (blue),1,0
99,Florian,2024-09-26T18:37:07,Splintering Deadwood (blue),1,0
99,Florian,2024-09-26T18:37:07,Strength of Four Seasons (blue),2,0
99,Florian,2024-09-26T18:37:07,Summer's Fall (blue),1,0
99,Florian,2024-09-26T18:37:07,Four Finger Gloves,1,1
99,Florian,2024-09-26T18:37:07,Helm of Lignum Vitae,1,1
99,Florian,2024-09-26T18:37:07,Well Grounded,1,1
100,Oscilio,2024-09-26T19:24:28,Arcane Polarity (red),1,0
100,Oscilio,2024-09-26T19:24:28,Blast to Oblivion (red),1,0
100,Oscilio,2024-09-26T19:24:28,Electrostatic Discharge (red),1,0
100,Oscilio,2024-09-26T19:24:28,Etchings of Arcana (red),1,0
100,Oscilio,2024-09-26T19:24:28,Flash (red),1,0
100,Oscilio,2024-09-26T19:24:28,Flittering Charge (red),2,0
100,Oscilio,2024-09-26T19:24:28,Glyph Overlay (red),2,0
100,Oscilio,2024-09-26T19:24:28,Heaven's Claws (red),1,0
100,Oscilio,2024-09-26T19:24:28,Lightning Surge (red),1,0
100,Oscilio,2024-09-26T19:24:28,Overflow the Aetherwell (red),1,0
100,Oscilio,2024-09-26T19:24:28,Photon Splicing (red),1,0
100,Oscilio,2024-09-26T19:24:28,Second Strike (red),1,0
100,Oscilio,2024-09-26T19:24:28,Trip the Light Fantastic (red),2,0
100,Oscilio,2024-09-26T19:24:28,Etchings of Arcana (yellow),1,0
100,Oscilio,2024-09-26T19:24:28,Exploding Aether (yellow),1,0
100,Oscilio,2024-09-26T19:24:28,Fry (yellow),1,0
100,Oscilio,2024-09-26T19:24:28,Glyph Overlay (yellow),1,0
100,Oscilio,2024-09-26T19:24:28,Lightning Form (yellow),1,0
100,Oscilio,2024-09-26T19:24:28,Overflow the Aetherwell (yellow),1,0
100,Oscilio,2024-09-26T19:24:28,Perennial Aetherbloom (yellow),1,0
100,Oscilio,2024-09-26T19:24:28,Pop the Bubble (yellow),1,0
100,Oscilio,2024-09-26T19:24:28,Arcane Twining (blue),2,0
100,Oscilio,2024-09-26T19:24:28,Fry (blue),2,0
100,Oscilio,2024-09-26T19:24:28,Perennial Aetherbloom (blue),1,0
100,Oscilio,2024-09-26T19:24:28,Pop the Bubble (blue),1,0
100,Oscilio,2024-09-26T19:24:28,Sigil of Conductivity (blue),1,0
100,Oscilio,2024-09-26T19:24:28,Sigil of Forethought (blue),1,0
100,Oscilio,2024-09-26T19:24:28,Sigil of Lightning (blue),3,0
100,Oscilio,2024-09-26T19:24:28,Trailblazing Aether (blue),1,0
100,Oscilio,2024-09-26T19:24:28,Trip the Light Fantastic (blue),1,0
100,Oscilio,2024-09-26T19:24:28,Flash of Brilliance,1,1
100,Oscilio,2024-09-26T19:24:28,Four Finger Gloves,1,1
100,Oscilio,2024-09-26T19:24:28,Ink-lined Cloak,1,1
100,Oscilio,2024-09-26T19:24:28,Runaways,1,1
100,Oscilio,2024-09-26T19:24:28,Twinkle Toes,1,1
101,Florian,2024-09-26T22:39:57,Arcane Cussing (red),1,0
101,Florian,2024-09-26T22:39:57,Arcane Seeds // Life (red),1,0
101,Florian,2024-09-26T22:39:57,Autumn's Touch (red),2,0
101,Florian,2024-09-26T22:39:57,Cadaverous Tilling (red),1,0
101,Florian,2024-09-26T22:39:57,Fertile Ground (red),2,0
101,Florian,2024-09-26T22:39:57,Fruits of the Forest (red),1,0
101,Florian,2024-09-26T22:39:57,Harvest Season (red),1,0
101,Florian,2024-09-26T22:39:57,Summer's Fall (red),1,0
101,Florian,2024-09-26T22:39:57,Vantage Point (red),1,0
101,Florian,2024-09-26T22:39:57,Blossoming Decay (yellow),1,0
101,Florian,2024-09-26T22:39:57,Brush Off (yellow),1,0
101,Florian,2024-09-26T22:39:57,Fertile Ground (yellow),2,0
101,Florian,2024-09-26T22:39:57,Fruits of the Forest (yellow),1,0
101,Florian,2024-09-26T22:39:57,Fyendal's Fighting Spirit (yellow),1,0
101,Florian,2024-09-26T22:39:57,Oath of the Arknight (yellow),1,0
101,Florian,2024-09-26T22:39:57,Runerager Swarm (yellow),1,0
101,Florian,2024-09-26T22:39:57,Arcane Cussing (blue),1,0
101,Florian,2024-09-26T22:39:57,Brush Off (blue),1,0
101,Florian,2024-09-26T22:39:57,Cadaverous Tilling (blue),1,0
101,Florian,2024-09-26T22:39:57,Fertile Ground (blue),4,0
101,Florian,2024-09-26T22:39:57,Fyendal's Fighting Spirit (blue),2,0
101,Florian,2024-09-26T22:39:57,Harvest Season (blue),1,0
101,Florian,2024-09-26T22:39:57,Rootbound Carapace (blue),1,0
101,Florian,2024-09-26T22:39:57,Runerager Swarm (blue),1,0
101,Florian,2024-09-26T22:39:57,Sigil of Deadwood (blue),2,0
101,Florian,2024-09-26T22:39:57,Sigil of Earth (blue),2,0
101,Florian,2024-09-26T22:39:57,Strength of Four Seasons (blue),1,0
101,Florian,2024-09-26T22:39:57,Bruised Leather,1,1
101,Florian,2024-09-26T22:39:57,Four Finger Gloves,1,1
101,Florian,2024-09-26T22:39:57,Helm of Lignum Vitae,1,1
102,Oscilio,2024-09-27T01:17:45,Aether Quickening (red),1,0
102,Oscilio,2024-09-27T01:17:45,Etchings of Arcana (red),1,0
102,Oscilio,2024-09-27T01:17:45,Exploding Aether (red),1,0
102,Oscilio,2024-09-27T01:17:45,Flash (red),2,0
102,Oscilio,2024-09-27T01:17:45,Flittering Charge (red),1,0
102,Oscilio,2024-09-27T01:17:45,Fyendal's Fighting Spirit (red),1,0
102,Oscilio,2024-09-27T01:17:45,Open the Flood Gates (red),3,0
102,Oscilio,2024-09-27T01:17:45,Overflow the Aetherwell (red),1,0
102,Oscilio,2024-09-27T01:17:45,Pop the Bubble (red),1,0
102,Oscilio,2024-09-27T01:17:45,Trailblazing Aether (red),1,0
102,Oscilio,2024-09-27T01:17:45,Electrostatic Discharge (yellow),1,0
102,Oscilio,2024-09-27T01:17:45,Exploding Aether (yellow),1,0
102,Oscilio,2024-09-27T01:17:45,Flash (yellow),1,0
102,Oscilio,2024-09-27T01:17:45,Fyendal's Fighting Spirit (yellow),1,0
102,Oscilio,2024-09-27T01:17:45,Glyph Overlay (yellow),1,0
102,Oscilio,2024-09-27T01:17:45,Trailblazing Aether (yellow),1,0
102,Oscilio,2024-09-27T01:17:45,Arcane Twining (blue),1,0
102,Oscilio,2024-09-27T01:17:45,Electrostatic Discharge (blue),1,0
102,Oscilio,2024-09-27T01:17:45,Exploding Aether (blue),1,0
102,Oscilio,2024-09-27T01:17:45,Fry (blue),2,0
102,Oscilio,2024-09-27T01:17:45,Heaven's Claws (blue),1,0
102,Oscilio,2024-09-27T01:17:45,Open the Flood Gates (blue),2,0
102,Oscilio,2024-09-27T01:17:45,Overflow the Aetherwell (blue),2,0
102,Oscilio,2024-09-27T01:17:45,Photon Splicing (blue),1,0
102,Oscilio,2024-09-27T01:17:45,Sigil of Conductivity (blue),1,0
102,Oscilio,2024-09-27T01:17:45,Sigil of Cycles (blue),1,0
102,Oscilio,2024-09-27T01:17:45,Sigil of Lightning (blue),2,0
102,Oscilio,2024-09-27T01:17:45,Flash of Brilliance,1,1
102,Oscilio,2024-09-27T01:17:45,Hold Focus,1,1
102,Oscilio,2024-09-27T01:17:45,Twinkle Toes,1,1
103,Florian,2024-09-27T10:25:28,Arcane Cussing (red),3,0
103,Florian,2024-09-27T10:25:28,Arcane Polarity (red),2,0
103,Florian,2024-09-27T10:25:28,Consuming Volition (red),1,0
103,Florian,2024-09-27T10:25:28,Hand Behind the Pen (red),1,0
103,Florian,2024-09-27T10:25:28,Harvest Season (red),1,0
103,Florian,2024-09-27T10:25:28,Malefic Incantation (red),1,0
103,Florian,2024-09-27T10:25:28,Meat and Greet (red),1,0
103,Florian,2024-09-27T10:25:28,Oath of the Arknight (red),1,0
103,Florian,2024-09-27T10:25:28,Runerager Swarm (red),2,0
103,Florian,2024-09-27T10:25:28,Splintering Deadwood (red),1,0
103,Florian,2024-09-27T10:25:28,Arcanic Spike (yellow),1,0
103,Florian,2024-09-27T10:25:28,Deadwood Dirge (yellow),1,0
103,Florian,2024-09-27T10:25:28,Fruits of the Forest (yellow),1,0
103,Florian,2024-09-27T10:25:28,Fyendal's Fighting Spirit (yellow),1,0
103,Florian,2024-09-27T10:25:28,Splintering Deadwood (yellow),2,0
103,Florian,2024-09-27T10:25:28,Autumn's Touch (blue),1,0
103,Florian,2024-09-27T10:25:28,Fruits of the Forest (blue),1,0
103,Florian,2024-09-27T10:25:28,Meat and Greet (blue),1,0
103,Florian,2024-09-27T10:25:28,Oath of the Arknight (blue),1,0
103,Florian,2024-09-27T10:25:28,Runerager Swarm (blue),1,0
103,Florian,2024-09-27T10:25:28,Sigil of Deadwood (blue),2,0
103,Florian,2024-09-27T10:25:28,Sigil of Earth (blue),1,0
103,Florian,2024-09-27T10:25:28,Sigil of Fyendal (blue),1,0
103,Florian,2024-09-27T10:25:28,Splintering Deadwood (blue),1,0
103,Florian,2024-09-27T10:25:28,Bloodtorn Bodice,1,1
103,Florian,2024-09-27T10:25:28,Hood of Second Thoughts,1,1
103,Florian,2024-09-27T10:25:28,Runaways,1,1
103,Florian,2024-09-27T10:25:28,Well Grounded,1,1
104,Aurora,2024-09-27T10:47:34,Arcane Polarity (red),1,0
104,Aurora,2024-09-27T10:47:34,Deadwood Dirge (red),1,0
104,Aurora,2024-09-27T10:47:34,Electromagnetic Somersault (red),1,0
104,Aurora,2024-09-27T10:47:34,Flittering Charge (red),1,0
104,Aurora,2024-09-27T10:47:34,Fry (red),1,0
104,Aurora,2024-09-27T10:47:34,Fyendal's Fighting Spirit (red),1,0
104,Aurora,2024-09-27T10:47:34,Hand Behind the Pen (red),2,0
104,Aurora,2024-09-27T10:47:34,Heaven's Claws (red),1,0
104,Aurora,2024-09-27T10:47:34,Hit the High Notes (red),1,0
104,Aurora,2024-09-27T10:47:34,Hocus Pocus (red),2,0
104,Aurora,2024-09-27T10:47:34,Meat and Greet (red),2,0
104,Aurora,2024-09-27T10:47:34,Vantage Point (red),1,0
104,Aurora,2024-09-27T10:47:34,Arcanic Spike (yellow),2,0
104,Aurora,2024-09-27T10:47:34,Consuming Volition (yellow),1,0
104,Aurora,2024-09-27T10:47:34,Fyendal's Fighting Spirit (yellow),1,0
104,Aurora,2024-09-27T10:47:34,Heaven's Claws (yellow),1,0
104,Aurora,2024-09-27T10:47:34,Hit the High Notes (yellow),1,0
104,Aurora,2024-09-27T10:47:34,Hocus Pocus (yellow),2,0
104,Aurora,2024-09-27T10:47:34,Meat and Greet (yellow),1,0
104,Aurora,2024-09-27T10:47:34,Oath of the Arknight (yellow),1,0
104,Aurora,2024-09-27T10:47:34,Vantage Point (yellow),1,0
104,Aurora,2024-09-27T10:47:34,Blast to Oblivion (blue),1,0
104,Aurora,2024-09-27T10:47:34,Electrostatic Discharge (blue),1,0
104,Aurora,2024-09-27T10:47:34,Heaven's Claws (blue),1,0
104,Aurora,2024-09-27T10:47:34,Hit the High Notes (blue),2,0
104,Aurora,2024-09-27T10:47:34,Lightning Form (blue),1,0
104,Aurora,2024-09-27T10:47:34,Sigil of Deadwood (blue),1,0
104,Aurora,2024-09-27T10:47:34,Trip the Light Fantastic (blue),2,0
104,Aurora,2024-09-27T10:47:34,Vantage Point (blue),1,0
104,Aurora,2024-09-27T10:47:34,Flash of Brilliance,1,1
104,Aurora,2024-09-27T10:47:34,Runehold Release,1,1
104,Aurora,2024-09-27T10:47:34,Twinkle Toes,1,1
105,Florian,2024-09-27T16:02:06,Arcane Cussing (red),1,0
105,Florian,2024-09-27T16:02:06,Arcane Seeds // Life (red),1,0
105,Florian,2024-09-27T16:02:06,Autumn's Touch (red),1,0
105,Florian,2024-09-27T16:02:06,Blossoming Decay (red),1,0
105,Florian,2024-09-27T16:02:06,Consuming Volition (red),1,0
105,Florian,2024-09-27T16:02:06,Harvest Season (red),1,0
105,Florian,2024-09-27T16:02:06,Hit the High Notes (red),1,0
105,Florian,2024-09-27T16:02:06,Malefic Incantation (red),1,0
105,Florian,2024-09-27T16:02:06,Meat and Greet (red),1,0
105,Florian,2024-09-27T16:02:06,Oath of the Arknight (red),1,0
105,Florian,2024-09-27T16:02:06,Runerager Swarm (red),1,0
105,Florian,2024-09-27T16:02:06,Strength of Four Seasons (red),1,0
105,Florian,2024-09-27T16:02:06,Arcanic Spike (yellow),1,0
105,Florian,2024-09-27T16:02:06,Autumn's Touch (yellow),1,0
105,Florian,2024-09-27T16:02:06,Cadaverous Tilling (yellow),3,0
105,Florian,2024-09-27T16:02:06,Deadwood Dirge (yellow),2,0
105,Florian,2024-09-27T16:02:06,Hit the High Notes (yellow),1,0
105,Florian,2024-09-27T16:02:06,Hocus Pocus (yellow),2,0
105,Florian,2024-09-27T16:02:06,Meat and Greet (yellow),1,0
105,Florian,2024-09-27T16:02:06,Strong Yield (yellow),1,0
105,Florian,2024-09-27T16:02:06,Arcane Cussing (blue),1,0
105,Florian,2024-09-27T16:02:06,Fertile Ground (blue),3,0
105,Florian,2024-09-27T16:02:06,Fruits of the Forest (blue),2,0
105,Florian,2024-09-27T16:02:06,Meat and Greet (blue),1,0
105,Florian,2024-09-27T16:02:06,Oath of the Arknight (blue),1,0
105,Florian,2024-09-27T16:02:06,Runerager Swarm (blue),1,0
105,Florian,2024-09-27T16:02:06,Sigil of Deadwood (blue),2,0
105,Florian,2024-09-27T16:02:06,Sigil of Earth (blue),2,0
105,Florian,2024-09-27T16:02:06,Strong Yield (blue),1,0
105,Florian,2024-09-27T16:02:06,Bloodtorn Bodice,1,1
105,Florian,2024-09-27T16:02:06,Helm of Lignum Vitae,1,1
105,Florian,2024-09-27T16:02:06,Runehold Release,1,1
105,Florian,2024-09-27T16:02:06,Well Grounded,1,1
106,Florian,2024-09-27T17:29:22,Arcane Polarity (red),2,0
106,Florian,2024-09-27T17:29:22,Autumn's Touch (red),1,0
106,Florian,2024-09-27T17:29:22,Brush Off (red),1,0
106,Florian,2024-09-27T17:29:22,Consuming Volition (red),1,0
106,Florian,2024-09-27T17:29:22,Fyendal's Fighting Spirit (red),1,0
106,Florian,2024-09-27T17:29:22,Hit the High Notes (red),2,0
106,Florian,2024-09-27T17:29:22,Hocus Pocus (red),1,0
106,Florian,2024-09-27T17:29:22,Strength of Four Seasons (red),1,0
106,Florian,2024-09-27T17:29:22,Strong Yield (red),1,0
106,Florian,2024-09-27T17:29:22,Summer's Fall (red),1,0
106,Florian,2024-09-27T17:29:22,Arcane Cussing (yellow),1,0
106,Florian,2024-09-27T17:29:22,Arcanic Spike (yellow),1,0
106,Florian,2024-09-27T17:29:22,Autumn's Touch (yellow),1,0
106,Florian,2024-09-27T17:29:22,Blossoming Decay (yellow),1,0
106,Florian,2024-09-27T17:29:22,Consuming Volition (yellow),1,0
106,Florian,2024-09-27T17:29:22,Fyendal's Fighting Spirit (yellow),2,0
106,Florian,2024-09-27T17:29:22,Strength of Four Seasons (yellow),2,0
106,Florian,2024-09-27T17:29:22,Arcane Cussing (blue),1,0
106,Florian,2024-09-27T17:29:22,Consuming Volition (blue),1,0
106,Florian,2024-09-27T17:29:22,Earth's Embrace (blue),1,0
106,Florian,2024-09-27T17:29:22,Fyendal's Fighting Spirit (blue),1,0
106,Florian,2024-09-27T17:29:22,Oath of the Arknight (blue),3,0
106,Florian,2024-09-27T17:29:22,Sigil of Earth (blue),3,0
106,Florian,2024-09-27T17:29:22,Summer's Fall (blue),1,0
106,Florian,2024-09-27T17:29:22,Bruised Leather,1,1
106,Florian,2024-09-27T17:29:22,Four Finger Gloves,1,1
106,Florian,2024-09-27T17:29:22,Helm of Lignum Vitae,1,1
106,Florian,2024-09-27T17:29:22,Well Grounded,1,1
107,Aurora,2024-09-27T20:54:36,Arcanic Spike (red),1,0
107,Aurora,2024-09-27T20:54:36,Eclectic Magnetism (red),1,0
107,Aurora,2024-09-27T20:54:36,Electromagnetic Somersault (red),1,0
107,Aurora,2024-09-27T20:54:36,Electrostatic Discharge (red),3,0
107,Aurora,2024-09-27T20:54:36,Flittering Charge (red),1,0
107,Aurora,2024-09-27T20:54:36,Fry (red),1,0
107,Aurora,2024-09-27T20:54:36,Heaven's Claws (red),1,0
107,Aurora,2024-09-27T20:54:36,Hit the High Notes (red),1,0
107,Aurora,2024-09-27T20:54:36,Hocus Pocus (red),1,0
107,Aurora,2024-09-27T20:54:36,Lightning Form (red),1,0
107,Aurora,2024-09-27T20:54:36,Lightning Surge (red),1,0
107,Aurora,2024-09-27T20:54:36,Runerager Swarm (red),4,0
107,Aurora,2024-09-27T20:54:36,Trip the Light Fantastic (red),1,0
107,Aurora,2024-09-27T20:54:36,Arc Lightning (yellow),1,0
107,Aurora,2024-09-27T20:54:36,Oath of the Arknight (yellow),1,0
107,Aurora,2024-09-27T20:54:36,Trip the Light Fantastic (yellow),3,0
107,Aurora,2024-09-27T20:54:36,Arcane Polarity (blue),2,0
107,Aurora,2024-09-27T20:54:36,Arcanic Spike (blue),1,0
107,Aurora,2024-09-27T20:54:36,Deadwood Dirge (blue),1,0
107,Aurora,2024-09-27T20:54:36,Electrostatic Discharge (blue),2,0
107,Aurora,2024-09-27T20:54:36,Flittering Charge (blue),1,0
107,Aurora,2024-09-27T20:54:36,Hit the High Notes (blue),1,0
107,Aurora,2024-09-27T20:54:36,Lightning Surge (blue),1,0
107,Aurora,2024-09-27T20:54:36,Sigil of Lightning (blue),4,0
107,Aurora,2024-09-27T20:54:36,Trip the Light Fantastic (blue),1,0
107,Aurora,2024-09-27T20:54:36,Bruised Leather,1,1
107,Aurora,2024-09-27T20:54:36,Hood of Second Thoughts,1,1
107,Aurora,2024-09-27T20:54:36,Runehold Release,1,1
107,Aurora,2024-09-27T20:54:36,Twinkle Toes,1,1
108,Verdance,2024-09-27T23:42:47,Etchings of Arcana (red),1,0
108,Verdance,2024-09-27T23:42:47,Fertile Ground (red),1,0
108,Verdance,2024-09-27T23:42:47,Glyph Overlay (red),1,0
108,Verdance,2024-09-27T23:42:47,Harvest Season (red),1,0
108,Verdance,2024-09-27T23:42:47,Open the Flood Gates (red),1,0
108,Verdance,2024-09-27T23:42:47,Overflow the Aetherwell (red),1,0
108,Verdance,2024-09-27T23:42:47,Perennial Aetherbloom (red),1,0
108,Verdance,2024-09-27T23:42:47,Photon Splicing (red),1,0
108,Verdance,2024-09-27T23:42:47,Pulsing Aether // Life (red),2,0
108,Verdance,2024-09-27T23:42:47,Trailblazing Aether (red),1,0
108,Verdance,2024-09-27T23:42:47,Blossoming Decay (yellow),1,0
108,Verdance,2024-09-27T23:42:47,Earth Form (yellow),1,0
108,Verdance,2024-09-27T23:42:47,Glyph Overlay (yellow),1,0
108,Verdance,2024-09-27T23:42:47,Overflow the Aetherwell (yellow),1,0
108,Verdance,2024-09-27T23:42:47,Perennial Aetherbloom (yellow),1,0
108,Verdance,2024-09-27T23:42:47,Strength of Four Seasons (yellow),2,0
108,Verdance,2024-09-27T23:42:47,Strong Yield (yellow),1,0
108,Verdance,2024-09-27T23:42:47,Summer's Fall (yellow),1,0
108,Verdance,2024-09-27T23:42:47,Aether Quickening (blue),1,0
108,Verdance,2024-09-27T23:42:47,Arcane Twining (blue),1,0
108,Verdance,2024-09-27T23:42:47,Etchings of Arcana (blue),1,0
108,Verdance,2024-09-27T23:42:47,Exploding Aether (blue),2,0
108,Verdance,2024-09-27T23:42:47,Glyph Overlay (blue),1,0
108,Verdance,2024-09-27T23:42:47,Perennial Aetherbloom (blue),2,0
108,Verdance,2024-09-27T23:42:47,Photon Splicing (blue),1,0
108,Verdance,2024-09-27T23:42:47,Sigil of Earth (blue),1,0
108,Verdance,2024-09-27T23:42:47,Sigil of Fyendal (blue),2,0
108,Verdance,2024-09-27T23:42:47,Strength of Four Seasons (blue),2,0
108,Verdance,2024-09-27T23:42:47,Bruised Leather,1,1
108,Verdance,2024-09-27T23:42:47,Helm of Lignum Vitae,1,1
108,Verdance,2024-09-27T23:42:47,Well Grounded,1,1
109,Florian,2024-09-28T09:57:33,Arcane Cussing (red),1,0
109,Florian,2024-09-28T09:57:33,Arcanic Spike (red),1,0
109,Florian,2024-09-28T09:57:33,Brush Off (red),1,0
109,Florian,2024-09-28T09:57:33,Deadwood Dirge (red),3,0
109,Florian,2024-09-28T09:57:33,Harvest Season (red),1,0
109,Florian,2024-09-28T09:57:33,Hit the High Notes (red),2,0
109,Florian,2024-09-28T09:57:33,Meat and Greet (red),1,0
109,Florian,2024-09-28T09:57:33,Oath of the Arknight (red),1,0
109,Florian,2024-09-28T09:57:33,Rootbound Carapace (red),1,0
109,Florian,2024-09-28T09:57:33,Strong Yield (red),1,0
109,Florian,2024-09-28T09:57:33,Vantage Point (red),1,0
109,Florian,2024-09-28T09:57:33,Arcane Cussing (yellow),2,0
109,Florian,2024-09-28T09:57:33,Arcane Polarity (yellow),1,0
109,Florian,2024-09-28T09:57:33,Cadaverous Tilling (yellow),1,0
109,Florian,2024-09-28T09:57:33,Condemn to Slaughter (yellow),1,0
109,Florian,2024-09-28T09:57:33,Deadwood Dirge (yellow),1,0
109,Florian,2024-09-28T09:57:33,Earth Form (yellow),1,0
109,Florian,2024-09-28T09:57:33,Fruits of the Forest (yellow),2,0
109,Florian,2024-09-28T09:57:33,Oath of the Arknight (yellow),1,0
109,Florian,2024-09-28T09:57:33,Runerager Swarm (yellow),1,0
109,Florian,2024-09-28T09:57:33,Splintering Deadwood (yellow),1,0
109,Florian,2024-09-28T09:57:33,Strong Yield (yellow),1,0
109,Florian,2024-09-28T09:57:33,Summer's Fall (yellow),1,0
109,Florian,2024-09-28T09:57:33,Vantage Point (yellow),1,0
109,Florian,2024-09-28T09:57:33,Call to the Grave (blue),1,0
109,Florian,2024-09-28T09:57:33,Fertile Ground (blue),2,0
109,Florian,2024-09-28T09:57:33,Rootbound Carapace (blue),1,0
109,Florian,2024-09-28T09:57:33,Sigil of Cycles (blue),1,0
109,Florian,2024-09-28T09:57:33,Sigil of Deadwood (blue),2,0
109,Florian,2024-09-28T09:57:33,Sigil of Fyendal (blue),1,0
109,Florian,2024-09-28T09:57:33,Sigil of the Arknight (blue),1,0
109,Florian,2024-09-28T09:57:33,Splintering Deadwood (blue),1,0
109,Florian,2024-09-28T09:57:33,Strong Yield (blue),1,0
109,Florian,2024-09-28T09:57:33,Runaways,1,1
110,Verdance,2024-09-28T19:38:12,Arcane Twining (red),1,0
110,Verdance,2024-09-28T19:38:12,Count Your Blessings (red),1,0
110,Verdance,2024-09-28T19:38:12,Fertile Ground (red),1,0
110,Verdance,2024-09-28T19:38:12,Fruits of the Forest (red),1,0
110,Verdance,2024-09-28T19:38:12,Harvest Season (red),1,0
110,Verdance,2024-09-28T19:38:12,Overflow the Aetherwell (red),1,0
110,Verdance,2024-09-28T19:38:12,Perennial Aetherbloom (red),1,0
110,Verdance,2024-09-28T19:38:12,Photon Splicing (red),1,0
110,Verdance,2024-09-28T19:38:12,Pulsing Aether // Life (red),2,0
110,Verdance,2024-09-28T19:38:12,Summer's Fall (red),1,0
110,Verdance,2024-09-28T19:38:12,Tongue Tied (red),1,0
110,Verdance,2024-09-28T19:38:12,Trailblazing Aether (red),2,0
110,Verdance,2024-09-28T19:38:12,Autumn's Touch (yellow),1,0
110,Verdance,2024-09-28T19:38:12,Count Your Blessings (yellow),1,0
110,Verdance,2024-09-28T19:38:12,Fertile Ground (yellow),1,0
110,Verdance,2024-09-28T19:38:12,Overflow the Aetherwell (yellow),1,0
110,Verdance,2024-09-28T19:38:12,Perennial Aetherbloom (yellow),1,0
110,Verdance,2024-09-28T19:38:12,Pop the Bubble (yellow),1,0
110,Verdance,2024-09-28T19:38:12,Save the Thought (yellow),1,0
110,Verdance,2024-09-28T19:38:12,Arcane Twining (blue),1,0
110,Verdance,2024-09-28T19:38:12,Cadaverous Tilling (blue),1,0
110,Verdance,2024-09-28T19:38:12,Etchings of Arcana (blue),2,0
110,Verdance,2024-09-28T19:38:12,Fertile Ground (blue),2,0
110,Verdance,2024-09-28T19:38:12,Heartbeat of Candlehold (blue),1,0
110,Verdance,2024-09-28T19:38:12,Overflow the Aetherwell (blue),1,0
110,Verdance,2024-09-28T19:38:12,Perennial Aetherbloom (blue),1,0
110,Verdance,2024-09-28T19:38:12,Photon Splicing (blue),1,0
110,Verdance,2024-09-28T19:38:12,Pop the Bubble (blue),1,0
110,Verdance,2024-09-28T19:38:12,Strength of Four Seasons (blue),1,0
110,Verdance,2024-09-28T19:38:12,Strong Yield (blue),1,0
110,Verdance,2024-09-28T19:38:12,Summer's Fall (blue),1,0
110,Verdance,2024-09-28T19:38:12,Trailblazing Aether (blue),1,0
110,Verdance,2024-09-28T19:38:12,Bruised Leather,1,1
110,Verdance,2024-09-28T19:38:12,Four Finger Gloves,1,1
111,Verdance,2024-09-28T21:57:15,Arcane Twining (red),1,0
111,Verdance,2024-09-28T21:57:15,Chorus of the Amphitheater (red),1,0
111,Verdance,2024-09-28T21:57:15,Harvest Season (red),1,0
111,Verdance,2024-09-28T21:57:15,Overflow the Aetherwell (red),3,0
111,Verdance,2024-09-28T21:57:15,Perennial Aetherbloom (red),3,0
111,Verdance,2024-09-28T21:57:15,Pulsing Aether // Life (red),1,0
111,Verdance,2024-09-28T21:57:15,Trailblazing Aether (red),3,0
111,Verdance,2024-09-28T21:57:15,Aether Quickening (yellow),2,0
111,Verdance,2024-09-28T21:57:15,Arcane Twining (yellow),1,0
111,Verdance,2024-09-28T21:57:15,Exploding Aether (yellow),1,0
111,Verdance,2024-09-28T21:57:15,Open the Flood Gates (yellow),1,0
111,Verdance,2024-09-28T21:57:15,Overflow the Aetherwell (yellow),1,0
111,Verdance,2024-09-28T21:57:15,Perennial Aetherbloom (yellow),2,0
111,Verdance,2024-09-28T21:57:15,Trailblazing Aether (yellow),2,0
111,Verdance,2024-09-28T21:57:15,Aether Quickening (blue),2,0
111,Verdance,2024-09-28T21:57:15,Etchings of Arcana (blue),2,0
111,Verdance,2024-09-28T21:57:15,Fruits of the Forest (blue),1,0
111,Verdance,2024-09-28T21:57:15,Open the Flood Gates (blue),1,0
111,Verdance,2024-09-28T21:57:15,Overflow the Aetherwell (blue),2,0
111,Verdance,2024-09-28T21:57:15,Photon Splicing (blue),2,0
111,Verdance,2024-09-28T21:57:15,Sigil of Earth (blue),1,0
111,Verdance,2024-09-28T21:57:15,Four Finger Gloves,1,1
111,Verdance,2024-09-28T21:57:15,Helm of Lignum Vitae,1,1
111,Verdance,2024-09-28T21:57:15,Hold Focus,1,1
111,Verdance,2024-09-28T21:57:15,Ink-lined Cloak,1,1
111,Verdance,2024-09-28T21:57:15,Runaways,1,1
112,Florian,2024-09-28T22:59:28,Arcane Cussing (red),1,0
112,Florian,2024-09-28T22:59:28,Autumn's Touch (red),1,0
112,Florian,2024-09-28T22:59:28,Blossoming Decay (red),1,0
112,Florian,2024-09-28T22:59:28,Cadaverous Tilling (red),2,0
112,Florian,2024-09-28T22:59:28,Condemn to Slaughter (red),1,0
112,Florian,2024-09-28T22:59:28,Felling of the Crown (red),1,0
112,Florian,2024-09-28T22:59:28,Harvest Season (red),1,0
112,Florian,2024-09-28T22:59:28,Hit the High Notes (red),2,0
112,Florian,2024-09-28T22:59:28,Meat and Greet (red),3,0
112,Florian,2024-09-28T22:59:28,Oath of the Arknight (red),2,0
112,Florian,2024-09-28T22:59:28,Runerager Swarm (red),1,0
112,Florian,2024-09-28T22:59:28,Strong Yield (red),2,0
112,Florian,2024-09-28T22:59:28,Arcane Cussing (yellow),1,0
112,Florian,2024-09-28T22:59:28,Fruits of the Forest (yellow),1,0
112,Florian,2024-09-28T22:59:28,Fyendal's Fighting Spirit (yellow),1,0
112,Florian,2024-09-28T22:59:28,Hocus Pocus (yellow),1,0
112,Florian,2024-09-28T22:59:28,Runerager Swarm (yellow),1,0
112,Florian,2024-09-28T22:59:28,Autumn's Touch (blue),1,0
112,Florian,2024-09-28T22:59:28,Blossoming Decay (blue),1,0
112,Florian,2024-09-28T22:59:28,Consuming Volition (blue),1,0
112,Florian,2024-09-28T22:59:28,Fruits of the Forest (blue),1,0
112,Florian,2024-09-28T22:59:28,Hit the High Notes (blue),1,0
112,Florian,2024-09-28T22:59:28,Hocus Pocus (blue),2,0
112,Florian,2024-09-28T22:59:28,Meat and Greet (blue),2,0
112,Florian,2024-09-28T22:59:28,Oath of the Arknight (blue),1,0
112,Florian,2024-09-28T22:59:28,Strong Yield (blue),1,0
112,Florian,2024-09-28T22:59:28,Bloodtorn Bodice,1,1
112,Florian,2024-09-28T22:59:28,Helm of Lignum Vitae,1,1
112,Florian,2024-09-28T22:59:28,Well Grounded,1,1
113,Florian,2024-09-29T00:59:52,Arcane Seeds // Life (red),1,0
113,Florian,2024-09-29T00:59:52,Autumn's Touch (red),1,0
113,Florian,2024-09-29T00:59:52,Blossoming Decay (red),1,0
113,Florian,2024-09-29T00:59:52,Deadwood Dirge (red),1,0
113,Florian,2024-09-29T00:59:52,Hit the High Notes (red),1,0
113,Florian,2024-09-29T00:59:52,Meat and Greet (red),1,0
113,Florian,2024-09-29T00:59:52,Strength of Four Seasons (red),1,0
113,Florian,2024-09-29T00:59:52,Strong Yield (red),2,0
113,Florian,2024-09-29T00:59:52,Arcane Polarity (yellow),1,0
113,Florian,2024-09-29T00:59:52,Blossoming Decay (yellow),1,0
113,Florian,2024-09-29T00:59:52,Condemn to Slaughter (yellow),1,0
113,Florian,2024-09-29T00:59:52,Fertile Ground (yellow),1,0
113,Florian,2024-09-29T00:59:52,Harvest Season (yellow),1,0
113,Florian,2024-09-29T00:59:52,Hocus Pocus (yellow),1,0
113,Florian,2024-09-29T00:59:52,Arcane Cussing (blue),1,0
113,Florian,2024-09-29T00:59:52,Autumn's Touch (blue),1,0
113,Florian,2024-09-29T00:59:52,Consuming Volition (blue),1,0
113,Florian,2024-09-29T00:59:52,Deadwood Dirge (blue),2,0
113,Florian,2024-09-29T00:59:52,Fertile Ground (blue),2,0
113,Florian,2024-09-29T00:59:52,Hit the High Notes (blue),2,0
113,Florian,2024-09-29T00:59:52,Meat and Greet (blue),1,0
113,Florian,2024-09-29T00:59:52,Oath of the Arknight (blue),3,0
113,Florian,2024-09-29T00:59:52,Sigil of Deadwood (blue),1,0
113,Florian,2024-09-29T00:59:52,Sigil of Earth (blue),1,0
113,Florian,2024-09-29T00:59:52,Strength of Four Seasons (blue),1,0
113,Florian,2024-09-29T00:59:52,Summer's Fall (blue),2,0
113,Florian,2024-09-29T00:59:52,Bloodtorn Bodice,1,1
113,Florian,2024-09-29T00:59:52,Helm of Lignum Vitae,1,1
113,Florian,2024-09-29T00:59:52,Runehold Release,1,1
114,Aurora,2024-09-29T17:20:31,Deadwood Dirge (red),1,0
114,Aurora,2024-09-29T17:20:31,Electrostatic Discharge (red),2,0
114,Aurora,2024-09-29T17:20:31,Flash (red),1,0
114,Aurora,2024-09-29T17:20:31,Fry (red),1,0
114,Aurora,2024-09-29T17:20:31,Heaven's Claws (red),1,0
114,Aurora,2024-09-29T17:20:31,Hit the High Notes (red),1,0
114,Aurora,2024-09-29T17:20:31,Malefic Incantation (red),2,0
114,Aurora,2024-09-29T17:20:31,Meat and Greet (red),2,0
114,Aurora,2024-09-29T17:20:31,Oath of the Arknight (red),1,0
114,Aurora,2024-09-29T17:20:31,Runerager Swarm (red),1,0
114,Aurora,2024-09-29T17:20:31,Second Strike (red),1,0
114,Aurora,2024-09-29T17:20:31,Trip the Light Fantastic (red),1,0
114,Aurora,2024-09-29T17:20:31,Arcane Cussing (yellow),2,0
114,Aurora,2024-09-29T17:20:31,Arcanic Spike (yellow),1,0
114,Aurora,2024-09-29T17:20:31,Deadwood Dirge (yellow),1,0
114,Aurora,2024-09-29T17:20:31,Electromagnetic Somersault (yellow),1,0
114,Aurora,2024-09-29T17:20:31,Flash (yellow),1,0
114,Aurora,2024-09-29T17:20:31,Flittering Charge (yellow),1,0
114,Aurora,2024-09-29T17:20:31,Fry (yellow),1,0
114,Aurora,2024-09-29T17:20:31,Hocus Pocus (yellow),1,0
114,Aurora,2024-09-29T17:20:31,Oath of the Arknight (yellow),1,0
114,Aurora,2024-09-29T17:20:31,Runerager Swarm (yellow),1,0
114,Aurora,2024-09-29T17:20:31,Blast to Oblivion (blue),1,0
114,Aurora,2024-09-29T17:20:31,Brush Off (blue),1,0
114,Aurora,2024-09-29T17:20:31,Flash (blue),1,0
114,Aurora,2024-09-29T17:20:31,Hit the High Notes (blue),1,0
114,Aurora,2024-09-29T17:20:31,Meat and Greet (blue),2,0
114,Aurora,2024-09-29T17:20:31,Second Strike (blue),1,0
114,Aurora,2024-09-29T17:20:31,Splintering Deadwood (blue),1,0
114,Aurora,2024-09-29T17:20:31,Trip the Light Fantastic (blue),2,0
114,Aurora,2024-09-29T17:20:31,Flash of Brilliance,1,1
114,Aurora,2024-09-29T17:20:31,Four Finger Gloves,1,1
114,Aurora,2024-09-29T17:20:31,Twinkle Toes,1,1
115,Florian,2024-09-29T20:25:10,Arcanic Spike (red),1,0
115,Florian,2024-09-29T20:25:10,Autumn's Touch (red),1,0
115,Florian,2024-09-29T20:25:10,Blossoming Decay (red),1,0
115,Florian,2024-09-29T20:25:10,Cadaverous Tilling (red),1,0
115,Florian,2024-09-29T20:25:10,Fruits of the Forest (red),1,0
115,Florian,2024-09-29T20:25:10,Harvest Season (red),1,0
115,Florian,2024-09-29T20:25:10,Hocus Pocus (red),2,0
115,Florian,2024-09-29T20:25:10,Rootbound Carapace (red),1,0
115,Florian,2024-09-29T20:25:10,Splintering Deadwood (red),1,0
115,Florian,2024-09-29T20:25:10,Summer's Fall (red),1,0
115,Florian,2024-09-29T20:25:10,Arcane Cussing (yellow),1,0
115,Florian,2024-09-29T20:25:10,Autumn's Touch (yellow),2,0
115,Florian,2024-09-29T20:25:10,Brush Off (yellow),1,0
115,Florian,2024-09-29T20:25:10,Deadwood Dirge (yellow),1,0
115,Florian,2024-09-29T20:25:10,Fruits of the Forest (yellow),1,0
115,Florian,2024-09-29T20:25:10,Fyendal's Fighting Spirit (yellow),1,0
115,Florian,2024-09-29T20:25:10,Hocus Pocus (yellow),1,0
115,Florian,2024-09-29T20:25:10,Runerager Swarm (yellow),1,0
115,Florian,2024-09-29T20:25:10,Strength of Four Seasons (yellow),1,0
115,Florian,2024-09-29T20:25:10,Summer's Fall (yellow),1,0
115,Florian,2024-09-29T20:25:10,Arcane Cussing (blue),1,0
115,Florian,2024-09-29T20:25:10,Arcanic Spike (blue),2,0
115,Florian,2024-09-29T20:25:10,Fruits of the Forest (blue),2,0
115,Florian,2024-09-29T20:25:10,Fyendal's Fighting Spirit (blue),1,0
115,Florian,2024-09-29T20:25:10,Hit the High Notes (blue),2,0
115,Florian,2024-09-29T20:25:10,Hocus Pocus (blue),1,0
115,Florian,2024-09-29T20:25:10,Meat and Greet (blue),2,0
115,Florian,2024-09-29T20:25:10,Oath of the Arknight (blue),1,0
115,Florian,2024-09-29T20:25:10,Sigil of Fyendal (blue),1,0
115,Florian,2024-09-29T20:25:10,Vantage Point (blue),1,0
115,Florian,2024-09-29T20:25:10,Four Finger Gloves,1,1
115,Florian,2024-09-29T20:25:10,Helm of Lignum Vitae,1,1
115,Florian,2024-09-29T20:25:10,Well Grounded,1,1
116,Verdance,2024-09-29T21:11:34,Autumn's Touch (red),1,0
116,Verdance,2024-09-29T21:11:34,Channel the Millennium Tree (red),1,0
116,Verdance,2024-09-29T21:11:34,Fruits of the Forest (red),1,0
116,Verdance,2024-09-29T21:11:34,Glyph Overlay (red),1,0
116,Verdance,2024-09-29T21:11:34,Hand Behind the Pen (red),1,0
116,Verdance,2024-09-29T21:11:34,Open the Flood Gates (red),1,0
116,Verdance,2024-09-29T21:11:34,Overflow the Aetherwell (red),1,0
116,Verdance,2024-09-29T21:11:34,Perennial Aetherbloom (red),1,0
116,Verdance,2024-09-29T21:11:34,Pop the Bubble (red),1,0
116,Verdance,2024-09-29T21:11:34,Strength of Four Seasons (red),1,0
116,Verdance,2024-09-29T21:11:34,Summer's Fall (red),1,0
116,Verdance,2024-09-29T21:11:34,Arcane Twining (yellow),1,0
116,Verdance,2024-09-29T21:11:34,Autumn's Touch (yellow),1,0
116,Verdance,2024-09-29T21:11:34,Earth Form (yellow),1,0
116,Verdance,2024-09-29T21:11:34,Etchings of Arcana (yellow),1,0
116,Verdance,2024-09-29T21:11:34,Fruits of the Forest (yellow),1,0
116,Verdance,2024-09-29T21:11:34,Fyendal's Fighting Spirit (yellow),1,0
116,Verdance,2024-09-29T21:11:34,Overflow the Aetherwell (yellow),1,0
116,Verdance,2024-09-29T21:11:34,Save the Thought (yellow),1,0
116,Verdance,2024-09-29T21:11:34,Trailblazing Aether (yellow),2,0
116,Verdance,2024-09-29T21:11:34,Autumn's Touch (blue),1,0
116,Verdance,2024-09-29T21:11:34,Call to the Grave (blue),1,0
116,Verdance,2024-09-29T21:11:34,Etchings of Arcana (blue),1,0
116,Verdance,2024-09-29T21:11:34,Fyendal's Fighting Spirit (blue),1,0
116,Verdance,2024-09-29T21:11:34,Overflow the Aetherwell (blue),2,0
116,Verdance,2024-09-29T21:11:34,Photon Splicing (blue),2,0
116,Verdance,2024-09-29T21:11:34,Rootbound Carapace (blue),1,0
116,Verdance,2024-09-29T21:11:34,Sigil of Earth (blue),1,0
116,Verdance,2024-09-29T21:11:34,Sigil of Forethought (blue),1,0
116,Verdance,2024-09-29T21:11:34,Sigil of Fyendal (blue),1,0
116,Verdance,2024-09-29T21:11:34,Sigil of Sanctuary (blue),1,0
116,Verdance,2024-09-29T21:11:34,Helm of Lignum Vitae,1,1
116,Verdance,2024-09-29T21:11:34,Ink-lined Cloak,1,1
116,Verdance,2024-09-29T21:11:34,Runaways,1,1
117,Florian,2024-09-29T21:33:43,Arcane Cussing (red),2,0
117,Florian,2024-09-29T21:33:43,Arcane Polarity (red),1,0
117,Florian,2024-09-29T21:33:43,Arcane Seeds // Life (red),2,0
117,Florian,2024-09-29T21:33:43,Cadaverous Tilling (red),1,0
117,Florian,2024-09-29T21:33:43,Deadwood Dirge (red),4,0
117,Florian,2024-09-29T21:33:43,Earth Form (red),1,0
117,Florian,2024-09-29T21:33:43,Fruits of the Forest (red),1,0
117,Florian,2024-09-29T21:33:43,Hit the High Notes (red),1,0
117,Florian,2024-09-29T21:33:43,Malefic Incantation (red),1,0
117,Florian,2024-09-29T21:33:43,Meat and Greet (red),2,0
117,Florian,2024-09-29T21:33:43,Runerager Swarm (red),1,0
117,Florian,2024-09-29T21:33:43,Splintering Deadwood (red),1,0
117,Florian,2024-09-29T21:33:43,Arcane Cussing (yellow),1,0
117,Florian,2024-09-29T21:33:43,Arcane Polarity (yellow),1,0
117,Florian,2024-09-29T21:33:43,Deadwood Dirge (yellow),1,0
117,Florian,2024-09-29T21:33:43,Hit the High Notes (yellow),1,0
117,Florian,2024-09-29T21:33:43,Strength of Four Seasons (yellow),2,0
117,Florian,2024-09-29T21:33:43,Thistle Bloom // Life (yellow),1,0
117,Florian,2024-09-29T21:33:43,Arcane Cussing (blue),2,0
117,Florian,2024-09-29T21:33:43,Arcane Polarity (blue),1,0
117,Florian,2024-09-29T21:33:43,Deadwood Dirge (blue),1,0
117,Florian,2024-09-29T21:33:43,Fruits of the Forest (blue),1,0
117,Florian,2024-09-29T21:33:43,Hit the High Notes (blue),1,0
117,Florian,2024-09-29T21:33:43,Oath of the Arknight (blue),1,0
117,Florian,2024-09-29T21:33:43,Sigil of Deadwood (blue),2,0
117,Florian,2024-09-29T21:33:43,Splintering Deadwood (blue),2,0
117,Florian,2024-09-29T21:33:43,Summer's Fall (blue),2,0
117,Florian,2024-09-29T21:33:43,Runehold Release,1,1
118,Florian,2024-09-30T00:11:39,Arcane Polarity (red),1,0
118,Florian,2024-09-30T00:11:39,Autumn's Touch (red),1,0
118,Florian,2024-09-30T00:11:39,Cadaverous Tilling (red),2,0
118,Florian,2024-09-30T00:11:39,Fyendal's Fighting Spirit (red),2,0
118,Florian,2024-09-30T00:11:39,Oath of the Arknight (red),1,0
118,Florian,2024-09-30T00:11:39,Smash Up (red),1,0
118,Florian,2024-09-30T00:11:39,Strength of Four Seasons (red),1,0
118,Florian,2024-09-30T00:11:39,Strong Yield (red),1,0
118,Florian,2024-09-30T00:11:39,Vantage Point (red),1,0
118,Florian,2024-09-30T00:11:39,Arcane Polarity (yellow),1,0
118,Florian,2024-09-30T00:11:39,Cadaverous Tilling (yellow),1,0
118,Florian,2024-09-30T00:11:39,Count Your Blessings (yellow),1,0
118,Florian,2024-09-30T00:11:39,Deadwood Dirge (yellow),1,0
118,Florian,2024-09-30T00:11:39,Fertile Ground (yellow),1,0
118,Florian,2024-09-30T00:11:39,Fruits of the Forest (yellow),1,0
118,Florian,2024-09-30T00:11:39,Strength of Four Seasons (yellow),1,0
118,Florian,2024-09-30T00:11:39,Autumn's Touch (blue),1,0
118,Florian,2024-09-30T00:11:39,Consuming Volition (blue),1,0
118,Florian,2024-09-30T00:11:39,Fertile Ground (blue),2,0
118,Florian,2024-09-30T00:11:39,Fruits of the Forest (blue),1,0
118,Florian,2024-09-30T00:11:39,Fyendal's Fighting Spirit (blue),1,0
118,Florian,2024-09-30T00:11:39,Hit the High Notes (blue),2,0
118,Florian,2024-09-30T00:11:39,Meat and Greet (blue),1,0
118,Florian,2024-09-30T00:11:39,Oath of the Arknight (blue),1,0
118,Florian,2024-09-30T00:11:39,Rootbound Carapace (blue),1,0
118,Florian,2024-09-30T00:11:39,Seeds of Tomorrow (blue),1,0
118,Florian,2024-09-30T00:11:39,Sigil of Earth (blue),2,0
118,Florian,2024-09-30T00:11:39,Strong Yield (blue),1,0
118,Florian,2024-09-30T00:11:39,Helm of Lignum Vitae,1,1
118,Florian,2024-09-30T00:11:39,Runehold Release,1,1
118,Florian,2024-09-30T00:11:39,Well Grounded,1,1
119,Aurora,2024-09-30T01:47:22,Blast to Oblivion (red),1,0
119,Aurora,2024-09-30T01:47:22,Electrostatic Discharge (red),2,0
119,Aurora,2024-09-30T01:47:22,Flittering Charge (red),2,0
119,Aurora,2024-09-30T01:47:22,Fry (red),2,0
119,Aurora,2024-09-30T01:47:22,Fyendal's Fighting Spirit (red),1,0
119,Aurora,2024-09-30T01:47:22,Heaven's Claws (red),1,0
119,Aurora,2024-09-30T01:47:22,Hit the High Notes (red),1,0
119,Aurora,2024-09-30T01:47:22,Lightning Surge (red),2,0
119,Aurora,2024-09-30T01:47:22,Trip the Light Fantastic (red),3,0
119,Aurora,2024-09-30T01:47:22,Brush Off (yellow),1,0
119,Aurora,2024-09-30T01:47:22,Electrostatic Discharge (yellow),2,0
119,Aurora,2024-09-30T01:47:22,Flittering Charge (yellow),3,0
119,Aurora,2024-09-30T01:47:22,Lightning Surge (yellow),1,0
119,Aurora,2024-09-30T01:47:22,Second Strike (yellow),1,0
119,Aurora,2024-09-30T01:47:22,Trip the Light Fantastic (yellow),1,0
119,Aurora,2024-09-30T01:47:22,Blast to Oblivion (blue),1,0
119,Aurora,2024-09-30T01:47:22,Brush Off (blue),1,0
119,Aurora,2024-09-30T01:47:22,Electromagnetic Somersault (blue),1,0
119,Aurora,2024-09-30T01:47:22,Flash (blue),1,0
119,Aurora,2024-09-30T01:47:22,Heaven's Claws (blue),2,0
119,Aurora,2024-09-30T01:47:22,Lightning Surge (blue),4,0
119,Aurora,2024-09-30T01:47:22,Sigil of Fyendal (blue),1,0
119,Aurora,2024-09-30T01:47:22,Sigil of Lightning (blue),3,0
119,Aurora,2024-09-30T01:47:22,Flash of Brilliance,1,1
119,Aurora,2024-09-30T01:47:22,Twinkle Toes,1,1
120,Oscilio,2024-09-30T07:08:21,Arcane Twining (red),1,0
120,Oscilio,2024-09-30T07:08:21,Brush Off (red),1,0
120,Oscilio,2024-09-30T07:08:21,Comet Storm // Shock (red),2,0
120,Oscilio,2024-09-30T07:08:21,Etchings of Arcana (red),2,0
120,Oscilio,2024-09-30T07:08:21,Exploding Aether (red),1,0
120,Oscilio,2024-09-30T07:08:21,Lightning Surge (red),1,0
120,Oscilio,2024-09-30T07:08:21,Perennial Aetherbloom (red),1,0
120,Oscilio,2024-09-30T07:08:21,Save the Thought (red),1,0
120,Oscilio,2024-09-30T07:08:21,Trailblazing Aether (red),1,0
120,Oscilio,2024-09-30T07:08:21,Aether Quickening (yellow),2,0
120,Oscilio,2024-09-30T07:08:21,Arcane Twining (yellow),1,0
120,Oscilio,2024-09-30T07:08:21,Brush Off (yellow),1,0
120,Oscilio,2024-09-30T07:08:21,Flittering Charge (yellow),1,0
120,Oscilio,2024-09-30T07:08:21,Fry (yellow),2,0
120,Oscilio,2024-09-30T07:08:21,Glyph Overlay (yellow),1,0
120,Oscilio,2024-09-30T07:08:21,Heaven's Claws (yellow),1,0
120,Oscilio,2024-09-30T07:08:21,Lightning Surge (yellow),1,0
120,Oscilio,2024-09-30T07:08:21,Perennial Aetherbloom (yellow),1,0
120,Oscilio,2024-09-30T07:08:21,Save the Thought (yellow),1,0
120,Oscilio,2024-09-30T07:08:21,Trailblazing Aether (yellow),1,0
120,Oscilio,2024-09-30T07:08:21,Blast to Oblivion (blue),1,0
120,Oscilio,2024-09-30T07:08:21,Brush Off (blue),1,0
120,Oscilio,2024-09-30T07:08:21,Chorus of the Amphitheater (blue),1,0
120,Oscilio,2024-09-30T07:08:21,Electrostatic Discharge (blue),1,0
120,Oscilio,2024-09-30T07:08:21,Flash (blue),1,0
120,Oscilio,2024-09-30T07:08:21,Photon Splicing (blue),1,0
120,Oscilio,2024-09-30T07:08:21,Sigil of Conductivity (blue),1,0
120,Oscilio,2024-09-30T07:08:21,Sigil of Cycles (blue),1,0
120,Oscilio,2024-09-30T07:08:21,Sigil of Forethought (blue),1,0
120,Oscilio,2024-09-30T07:08:21,Sigil of Lightning (blue),2,0
120,Oscilio,2024-09-30T07:08:21,Sigil of Temporal Manipulation (blue),2,0
120,Oscilio,2024-09-30T07:08:21,Trailblazing Aether (blue),1,0
120,Oscilio,2024-09-30T07:08:21,Flash of Brilliance,1,1
120,Oscilio,2024-09-30T07:08:21,Hold Focus,1,1
120,Oscilio,2024-09-30T07:08:21,Ink-lined Cloak,1,1
120,Oscilio,2024-09-30T07:08:21,Twinkle Toes,1,1
121,Aurora,2024-09-30T07:48:26,Blast to Oblivion (red),1,0
121,Aurora,2024-09-30T07:48:26,Deadwood Dirge (red),1,0
121,Aurora,2024-09-30T07:48:26,Electromagnetic Somersault (red),1,0
121,Aurora,2024-09-30T07:48:26,Electrostatic Discharge (red),2,0
121,Aurora,2024-09-30T07:48:26,Flash (red),2,0
121,Aurora,2024-09-30T07:48:26,Flittering Charge (red),2,0
121,Aurora,2024-09-30T07:48:26,Fry (red),1,0
121,Aurora,2024-09-30T07:48:26,Heaven's Claws (red),1,0
121,Aurora,2024-09-30T07:48:26,Hocus Pocus (red),1,0
121,Aurora,2024-09-30T07:48:26,Lightning Form (red),2,0
121,Aurora,2024-09-30T07:48:26,Lightning Surge (red),1,0
121,Aurora,2024-09-30T07:48:26,Runerager Swarm (red),1,0
121,Aurora,2024-09-30T07:48:26,Smash Up (red),1,0
121,Aurora,2024-09-30T07:48:26,Trip the Light Fantastic (red),1,0
121,Aurora,2024-09-30T07:48:26,Blast to Oblivion (yellow),1,0
121,Aurora,2024-09-30T07:48:26,Deadwood Dirge (yellow),1,0
121,Aurora,2024-09-30T07:48:26,Electrostatic Discharge (yellow),1,0
121,Aurora,2024-09-30T07:48:26,Heaven's Claws (yellow),1,0
121,Aurora,2024-09-30T07:48:26,Hocus Pocus (yellow),1,0
121,Aurora,2024-09-30T07:48:26,Malefic Incantation (yellow),2,0
121,Aurora,2024-09-30T07:48:26,Arcanic Spike (blue),1,0
121,Aurora,2024-09-30T07:48:26,Electrostatic Discharge (blue),1,0
121,Aurora,2024-09-30T07:48:26,Flittering Charge (blue),1,0
121,Aurora,2024-09-30T07:48:26,Heaven's Claws (blue),1,0
121,Aurora,2024-09-30T07:48:26,Hit the High Notes (blue),1,0
121,Aurora,2024-09-30T07:48:26,Hocus Pocus (blue),1,0
121,Aurora,2024-09-30T07:48:26,Lightning Surge (blue),1,0
121,Aurora,2024-09-30T07:48:26,Second Strike (blue),1,0
121,Aurora,2024-09-30T07:48:26,Sigil of Lightning (blue),3,0
121,Aurora,2024-09-30T07:48:26,Flash of Brilliance,1,1
121,Aurora,2024-09-30T07:48:26,Runehold Release,1,1
121,Aurora,2024-09-30T07:48:26,Twinkle Toes,1,1
122,Verdance,2024-09-30T14:16:46,Aether Quickening (red),1,0
122,Verdance,2024-09-30T14:16:46,Arcane Polarity (red),2,0
122,Verdance,2024-09-30T14:16:46,Arcane Twining (red),1,0
122,Verdance,2024-09-30T14:16:46,Chorus of the Amphitheater (red),1,0
122,Verdance,2024-09-30T14:16:46,Exploding Aether (red),1,0
122,Verdance,2024-09-30T14:16:46,Open the Flood Gates (red),3,0
122,Verdance,2024-09-30T14:16:46,Photon Splicing (red),3,0
122,Verdance,2024-09-30T14:16:46,Trailblazing Aether (red),3,0
122,Verdance,2024-09-30T14:16:46,Aether Quickening (yellow),1,0
122,Verdance,2024-09-30T14:16:46,Arcane Polarity (yellow),1,0
122,Verdance,2024-09-30T14:16:46,Fyendal's Fighting Spirit (yellow),1,0
122,Verdance,2024-09-30T14:16:46,Open the Flood Gates (yellow),1,0
122,Verdance,2024-09-30T14:16:46,Overflow the Aetherwell (yellow),1,0
122,Verdance,2024-09-30T14:16:46,Perennial Aetherbloom (yellow),1,0
122,Verdance,2024-09-30T14:16:46,Trailblazing Aether (yellow),1,0
122,Verdance,2024-09-30T14:16:46,Aether Quickening (blue),1,0
122,Verdance,2024-09-30T14:16:46,Arcane Twining (blue),4,0
122,Verdance,2024-09-30T14:16:46,Autumn's Touch (blue),1,0
122,Verdance,2024-09-30T14:16:46,Chorus of the Amphitheater (blue),1,0
122,Verdance,2024-09-30T14:16:46,Exploding Aether (blue),1,0
122,Verdance,2024-09-30T14:16:46,Fruits of the Forest (blue),1,0
122,Verdance,2024-09-30T14:16:46,Open the Flood Gates (blue),2,0
122,Verdance,2024-09-30T14:16:46,Perennial Aetherbloom (blue),1,0
122,Verdance,2024-09-30T14:16:46,Photon Splicing (blue),1,0
122,Verdance,2024-09-30T14:16:46,Sigil of Earth (blue),1,0
122,Verdance,2024-09-30T14:16:46,Trailblazing Aether (blue),1,0
122,Verdance,2024-09-30T14:16:46,Hood of Second Thoughts,1,1
123,Florian,2024-09-30T14:53:54,Arcane Polarity (red),1,0
123,Florian,2024-09-30T14:53:54,Arcane Seeds // Life (red),1,0
123,Florian,2024-09-30T14:53:54,Arcanic Spike (red),1,0
123,Florian,2024-09-30T14:53:54,Autumn's Touch (red),1,0
123,Florian,2024-09-30T14:53:54,Blossoming Decay (red),1,0
123,Florian,2024-09-30T14:53:54,Cadaverous Tilling (red),1,0
123,Florian,2024-09-30T14:53:54,Fruits of the Forest (red),2,0
123,Florian,2024-09-30T14:53:54,Fyendal's Fighting Spirit (red),1,0
123,Florian,2024-09-30T14:53:54,Hocus Pocus (red),1,0
123,Florian,2024-09-30T14:53:54,Oath of the Arknight (red),2,0
123,Florian,2024-09-30T14:53:54,Splintering Deadwood (red),1,0
123,Florian,2024-09-30T14:53:54,Autumn's Touch (yellow),1,0
123,Florian,2024-09-30T14:53:54,Blossoming Decay (yellow),2,0
123,Florian,2024-09-30T14:53:54,Cadaverous Tilling (yellow),2,0
123,Florian,2024-09-30T14:53:54,Hocus Pocus (yellow),1,0
123,Florian,2024-09-30T14:53:54,Oath of the Arknight (yellow),1,0
123,Florian,2024-09-30T14:53:54,Runerager Swarm (yellow),2,0
123,Florian,2024-09-30T14:53:54,Strength of Four Seasons (yellow),1,0
123,Florian,2024-09-30T14:53:54,Arcane Polarity (blue),1,0
123,Florian,2024-09-30T14:53:54,Autumn's Touch (blue),1,0
123,Florian,2024-09-30T14:53:54,Deadwood Dirge (blue),1,0
123,Florian,2024-09-30T14:53:54,Fruits of the Forest (blue),1,0
123,Florian,2024-09-30T14:53:54,Harvest Season (blue),1,0
123,Florian,2024-09-30T14:53:54,Hocus Pocus (blue),1,0
123,Florian,2024-09-30T14:53:54,Meat and Greet (blue),1,0
123,Florian,2024-09-30T14:53:54,Sigil of Deadwood (blue),1,0
123,Florian,2024-09-30T14:53:54,Strength of Four Seasons (blue),2,0
123,Florian,2024-09-30T14:53:54,Summer's Fall (blue),1,0
123,Florian,2024-09-30T14:53:54,Truce (blue),1,0
123,Florian,2024-09-30T14:53:54,Runaways,1,1
123,Florian,2024-09-30T14:53:54,Runehold Release,1,1
124,Aurora,2024-09-30T17:02:49,Arcane Polarity (red),1,0
124,Aurora,2024-09-30T17:02:49,Burn Up // Shock (red),1,0
124,Aurora,2024-09-30T17:02:49,Electrostatic Discharge (red),1,0
124,Aurora,2024-09-30T17:02:49,Flittering Charge (red),1,0
124,Aurora,2024-09-30T17:02:49,Fry (red),1,0
124,Aurora,2024-09-30T17:02:49,Fyendal's Fighting Spirit (red),1,0
124,Aurora,2024-09-30T17:02:49,Heaven's Claws (red),2,0
124,Aurora,2024-09-30T17:02:49,Hit the High Notes (red),1,0
124,Aurora,2024-09-30T17:02:49,Hocus Pocus (red),1,0
124,Aurora,2024-09-30T17:02:49,Lightning Surge (red),2,0
124,Aurora,2024-09-30T17:02:49,Meat and Greet (red),2,0
124,Aurora,2024-09-30T17:02:49,Oath of the Arknight (red),1,0
124,Aurora,2024-09-30T17:02:49,Runerager Swarm (red),2,0
124,Aurora,2024-09-30T17:02:49,Second Strike (red),1,0
124,Aurora,2024-09-30T17:02:49,Trip the Light Fantastic (red),1,0
124,Aurora,2024-09-30T17:02:49,Electrostatic Discharge (yellow),2,0
124,Aurora,2024-09-30T17:02:49,Flittering Charge (yellow),2,0
124,Aurora,2024-09-30T17:02:49,Fry (yellow),1,0
124,Aurora,2024-09-30T17:02:49,Hit the High Notes (yellow),1,0
124,Aurora,2024-09-30T17:02:49,Lightning Surge (yellow),1,0
124,Aurora,2024-09-30T17:02:49,Runerager Swarm (yellow),1,0
124,Aurora,2024-09-30T17:02:49,Trip the Light Fantastic (yellow),1,0
124,Aurora,2024-09-30T17:02:49,Arcane Polarity (blue),1,0
124,Aurora,2024-09-30T17:02:49,Arcanic Spike (blue),1,0
124,Aurora,2024-09-30T17:02:49,Electrostatic Discharge (blue),1,0
124,Aurora,2024-09-30T17:02:49,Hit the High Notes (blue),1,0
124,Aurora,2024-09-30T17:02:49,Lightning Form (blue),1,0
124,Aurora,2024-09-30T17:02:49,Lightning Surge (blue),1,0
124,Aurora,2024-09-30T17:02:49,Oath of the Arknight (blue),1,0
124,Aurora,2024-09-30T17:02:49,Runerager Swarm (blue),1,0
124,Aurora,2024-09-30T17:02:49,Trip the Light Fantastic (blue),1,0
124,Aurora,2024-09-30T17:02:49,Bloodtorn Bodice,1,1
124,Aurora,2024-09-30T17:02:49,Flash of Brilliance,1,1
124,Aurora,2024-09-30T17:02:49,Hood of Second Thoughts,1,1
124,Aurora,2024-09-30T17:02:49,Runehold Release,1,1
125,Aurora,2024-09-30T21:26:57,Arcane Cussing (red),2,0
125,Aurora,2024-09-30T21:26:57,Arcanic Spike (red),1,0
125,Aurora,2024-09-30T21:26:57,Deadwood Dirge (red),1,0
125,Aurora,2024-09-30T21:26:57,Electromagnetic Somersault (red),1,0
125,Aurora,2024-09-30T21:26:57,Fyendal's Fighting Spirit (red),1,0
125,Aurora,2024-09-30T21:26:57,Hocus Pocus (red),1,0
125,Aurora,2024-09-30T21:26:57,Lightning Form (red),1,0
125,Aurora,2024-09-30T21:26:57,Malefic Incantation (red),1,0
125,Aurora,2024-09-30T21:26:57,Runerager Swarm (red),1,0
125,Aurora,2024-09-30T21:26:57,Tongue Tied (red),1,0
125,Aurora,2024-09-30T21:26:57,Trip the Light Fantastic (red),1,0
125,Aurora,2024-09-30T21:26:57,Consuming Volition (yellow),1,0
125,Aurora,2024-09-30T21:26:57,Deadwood Dirge (yellow),2,0
125,Aurora,2024-09-30T21:26:57,Fry (yellow),2,0
125,Aurora,2024-09-30T21:26:57,Heaven's Claws (yellow),1,0
125,Aurora,2024-09-30T21:26:57,Hit the High Notes (yellow),1,0
125,Aurora,2024-09-30T21:26:57,Lightning Surge (yellow),1,0
125,Aurora,2024-09-30T21:26:57,Malefic Incantation (yellow),1,0
125,Aurora,2024-09-30T21:26:57,Trip the Light Fantastic (yellow),1,0
125,Aurora,2024-09-30T21:26:57,Vantage Point (yellow),1,0
125,Aurora,2024-09-30T21:26:57,Arcane Cussing (blue),1,0
125,Aurora,2024-09-30T21:26:57,Brush Off (blue),1,0
125,Aurora,2024-09-30T21:26:57,Deadwood Dirge (blue),2,0
125,Aurora,2024-09-30T21:26:57,Heaven's Claws (blue),1,0
125,Aurora,2024-09-30T21:26:57,Hit the High Notes (blue),1,0
125,Aurora,2024-09-30T21:26:57,Sigil of Deadwood (blue),1,0
125,Aurora,2024-09-30T21:26:57,Sigil of Lightning (blue),2,0
125,Aurora,2024-09-30T21:26:57,Splintering Deadwood (blue),1,0
125,Aurora,2024-09-30T21:26:57,Trip the Light Fantastic (blue),2,0
125,Aurora,2024-09-30T21:26:57,Bloodtorn Bodice,1,1
125,Aurora,2024-09-30T21:26:57,Runehold Release,1,1
125,Aurora,2024-09-30T21:26:57,Twinkle Toes,1,1
126,Oscilio,2024-09-30T22:46:54,Aether Quickening (red),1,0
126,Oscilio,2024-09-30T22:46:54,Brush Off (red),1,0
126,Oscilio,2024-09-30T22:46:54,Comet Storm // Shock (red),1,0
126,Oscilio,2024-09-30T22:46:54,Etchings of Arcana (red),3,0
126,Oscilio,2024-09-30T22:46:54,Flash (red),1,0
126,Oscilio,2024-09-30T22:46:54,Heaven's Claws (red),1,0
126,Oscilio,2024-09-30T22:46:54,Open the Flood Gates (red),2,0
126,Oscilio,2024-09-30T22:46:54,Trailblazing Aether (red),1,0
126,Oscilio,2024-09-30T22:46:54,Trip the Light Fantastic (red),1,0
126,Oscilio,2024-09-30T22:46:54,Aether Quickening (yellow),1,0
126,Oscilio,2024-09-30T22:46:54,Arcane Twining (yellow),1,0
126,Oscilio,2024-09-30T22:46:54,Etchings of Arcana (yellow),2,0
126,Oscilio,2024-09-30T22:46:54,Flittering Charge (yellow),1,0
126,Oscilio,2024-09-30T22:46:54,Heaven's Claws (yellow),2,0
126,Oscilio,2024-09-30T22:46:54,Overflow the Aetherwell (yellow),1,0
126,Oscilio,2024-09-30T22:46:54,Perennial Aetherbloom (yellow),1,0
126,Oscilio,2024-09-30T22:46:54,Save the Thought (yellow),1,0
126,Oscilio,2024-09-30T22:46:54,Trailblazing Aether (yellow),1,0
126,Oscilio,2024-09-30T22:46:54,Arcane Twining (blue),1,0
126,Oscilio,2024-09-30T22:46:54,Etchings of Arcana (blue),1,0
126,Oscilio,2024-09-30T22:46:54,Flittering Charge (blue),1,0
126,Oscilio,2024-09-30T22:46:54,Fry (blue),1,0
126,Oscilio,2024-09-30T22:46:54,Glyph Overlay (blue),2,0
126,Oscilio,2024-09-30T22:46:54,Heaven's Claws (blue),1,0
126,Oscilio,2024-09-30T22:46:54,Mental Block (blue),1,0
126,Oscilio,2024-09-30T22:46:54,Perennial Aetherbloom (blue),2,0
126,Oscilio,2024-09-30T22:46:54,Photon Splicing (blue),1,0
126,Oscilio,2024-09-30T22:46:54,Sigil of Lightning (blue),4,0
126,Oscilio,2024-09-30T22:46:54,Bruised Leather,1,1
126,Oscilio,2024-09-30T22:46:54,Flash of Brilliance,1,1
126,Oscilio,2024-09-30T22:46:54,Twinkle Toes,1,1
127,Florian,2024-10-01T01:38:38,Arcane Cussing (red),2,0
127,Florian,2024-10-01T01:38:38,Arcane Polarity (red),1,0
127,Florian,2024-10-01T01:38:38,Condemn to Slaughter (red),1,0
127,Florian,2024-10-01T01:38:38,Deadwood Dirge (red),2,0
127,Florian,2024-10-01T01:38:38,Earth Form (red),1,0
127,Florian,2024-10-01T01:38:38,Fyendal's Fighting Spirit (red),2,0
127,Florian,2024-10-01T01:38:38,Malefic Incantation (red),1,0
127,Florian,2024-10-01T01:38:38,Runerager Swarm (red),2,0
127,Florian,2024-10-01T01:38:38,Vantage Point (red),1,0
127,Florian,2024-10-01T01:38:38,Arcanic Spike (yellow),1,0
127,Florian,2024-10-01T01:38:38,Blossoming Decay (yellow),1,0
127,Florian,2024-10-01T01:38:38,Brush Off (yellow),1,0
127,Florian,2024-10-01T01:38:38,Consuming Volition (yellow),2,0
127,Florian,2024-10-01T01:38:38,Fruits of the Forest (yellow),1,0
127,Florian,2024-10-01T01:38:38,Arcanic Spike (blue),1,0
127,Florian,2024-10-01T01:38:38,Autumn's Touch (blue),1,0
127,Florian,2024-10-01T01:38:38,Brush Off (blue),1,0
127,Florian,2024-10-01T01:38:38,Consuming Volition (blue),1,0
127,Florian,2024-10-01T01:38:38,Deadwood Dirge (blue),1,0
127,Florian,2024-10-01T01:38:38,Earth Form (blue),2,0
127,Florian,2024-10-01T01:38:38,Fertile Ground (blue),1,0
127,Florian,2024-10-01T01:38:38,Fruits of the Forest (blue),1,0
127,Florian,2024-10-01T01:38:38,Harvest Season (blue),1,0
127,Florian,2024-10-01T01:38:38,Hit the High Notes (blue),2,0
127,Florian,2024-10-01T01:38:38,Malefic Incantation (blue),1,0
127,Florian,2024-10-01T01:38:38,Rootbound Carapace (blue),1,0
127,Florian,2024-10-01T01:38:38,Sigil of Deadwood (blue),2,0
127,Florian,2024-10-01T01:38:38,Sigil of Sanctuary (blue),1,0
127,Florian,2024-10-01T01:38:38,Strong Yield (blue),1,0
127,Florian,2024-10-01T01:38:38,Hood of Second Thoughts,1,1
127,Florian,2024-10-01T01:38:38,Runehold Release,1,1
127,Florian,2024-10-01T01:38:38,Well Grounded,1,1
128,Aurora,2024-10-01T06:30:26,Electromagnetic Somersault (red),1,0
128,Aurora,2024-10-01T06:30:26,Electrostatic Discharge (red),3,0
128,Aurora,2024-10-01T06:30:26,Flash (red),1,0
128,Aurora,2024-10-01T06:30:26,Flittering Charge (red),1,0
128,Aurora,2024-10-01T06:30:26,Fry (red),1,0
128,Aurora,2024-10-01T06:30:26,Gone in a Flash (red),1,0
128,Aurora,2024-10-01T06:30:26,Hit the High Notes (red),1,0
128,Aurora,2024-10-01T06:30:26,Hocus Pocus (red),2,0
128,Aurora,2024-10-01T06:30:26,Lightning Surge (red),1,0
128,Aurora,2024-10-01T06:30:26,Runerager Swarm (red),2,0
128,Aurora,2024-10-01T06:30:26,Second Strike (red),1,0
128,Aurora,2024-10-01T06:30:26,Tongue Tied (red),1,0
128,Aurora,2024-10-01T06:30:26,Trip the Light Fantastic (red),2,0
128,Aurora,2024-10-01T06:30:26,Arc Lightning (yellow),1,0
128,Aurora,2024-10-01T06:30:26,Channel Lightning Valley (yellow),1,0
128,Aurora,2024-10-01T06:30:26,Electrostatic Discharge (yellow),2,0
128,Aurora,2024-10-01T06:30:26,Flittering Charge (yellow),2,0
128,Aurora,2024-10-01T06:30:26,Heaven's Claws (yellow),1,0
128,Aurora,2024-10-01T06:30:26,Hocus Pocus (yellow),1,0
128,Aurora,2024-10-01T06:30:26,Lightning Form (yellow),1,0
128,Aurora,2024-10-01T06:30:26,Second Strike (yellow),1,0
128,Aurora,2024-10-01T06:30:26,Arcanic Spike (blue),1,0
128,Aurora,2024-10-01T06:30:26,Flittering Charge (blue),1,0
128,Aurora,2024-10-01T06:30:26,Heaven's Claws (blue),1,0
128,Aurora,2024-10-01T06:30:26,Hit the High Notes (blue),1,0
128,Aurora,2024-10-01T06:30:26,Meat and Greet (blue),1,0
128,Aurora,2024-10-01T06:30:26,Oath of the Arknight (blue),1,0
128,Aurora,2024-10-01T06:30:26,Sigil of Deadwood (blue),1,0
128,Aurora,2024-10-01T06:30:26,Sigil of Lightning (blue),2,0
128,Aurora,2024-10-01T06:30:26,Trip the Light Fantastic (blue),1,0
128,Aurora,2024-10-01T06:30:26,Flash of Brilliance,1,1
128,Aurora,2024-10-01T06:30:26,Four Finger Gloves,1,1
129,Verdance,2024-10-01T12:11:31,Arcane Polarity (red),1,0
129,Verdance,2024-10-01T12:11:31,Blossoming Decay (red),2,0
129,Verdance,2024-10-01T12:11:31,Brush Off (red),1,0
129,Verdance,2024-10-01T12:11:31,Cadaverous Tilling (red),1,0
129,Verdance,2024-10-01T12:11:31,Channel the Millennium Tree (red),1,0
129,Verdance,2024-10-01T12:11:31,Exploding Aether (red),2,0
129,Verdance,2024-10-01T12:11:31,Fertile Ground (red),1,0
129,Verdance,2024-10-01T12:11:31,Perennial Aetherbloom (red),2,0
129,Verdance,2024-10-01T12:11:31,Summer's Fall (red),1,0
129,Verdance,2024-10-01T12:11:31,Trailblazing Aether (red),1,0
129,Verdance,2024-10-01T12:11:31,Autumn's Touch (yellow),1,0
129,Verdance,2024-10-01T12:11:31,Cadaverous Tilling (yellow),1,0
129,Verdance,2024-10-01T12:11:31,Fertile Ground (yellow),1,0
129,Verdance,2024-10-01T12:11:31,Save the Thought (yellow),1,0
129,Verdance,2024-10-01T12:11:31,Strong Yield (yellow),1,0
129,Verdance,2024-10-01T12:11:31,Arcane Polarity (blue),1,0
129,Verdance,2024-10-01T12:11:31,Autumn's Touch (blue),1,0
129,Verdance,2024-10-01T12:11:31,Blossoming Decay (blue),1,0
129,Verdance,2024-10-01T12:11:31,Fruits of the Forest (blue),2,0
129,Verdance,2024-10-01T12:11:31,Harvest Season (blue),1,0
129,Verdance,2024-10-01T12:11:31,Open the Flood Gates (blue),2,0
129,Verdance,2024-10-01T12:11:31,Overflow the Aetherwell (blue),3,0
129,Verdance,2024-10-01T12:11:31,Perennial Aetherbloom (blue),1,0
129,Verdance,2024-10-01T12:11:31,Rootbound Carapace (blue),1,0
129,Verdance,2024-10-01T12:11:31,Sigil of Earth (blue),1,0
129,Verdance,2024-10-01T12:11:31,Sigil of Fyendal (blue),1,0
129,Verdance,2024-10-01T12:11:31,Strong Yield (blue),2,0
129,Verdance,2024-10-01T12:11:31,Trailblazing Aether (blue),1,0
129,Verdance,2024-10-01T12:11:31,Hold Focus,1,1
129,Verdance,2024-10-01T12:11:31,Ink-lined Cloak,1,1
129,Verdance,2024-10-01T12:11:31,Well Grounded,1,1
130,Aurora,2024-10-01T12:40:04,Arcane Cussing (red),2,0
130,Aurora,2024-10-01T12:40:04,Arcanic Spike (red),1,0
130,Aurora,2024-10-01T12:40:04,Brush Off (red),1,0
130,Aurora,2024-10-01T12:40:04,Deadwood Dirge (red),3,0
130,Aurora,2024-10-01T12:40:04,Electrostatic Discharge (red),3,0
130,Aurora,2024-10-01T12:40:04,Flittering Charge (red),1,0
130,Aurora,2024-10-01T12:40:04,Fry (red),1,0
130,Aurora,2024-10-01T12:40:04,Heaven's Claws (red),1,0
130,Aurora,2024-10-01T12:40:04,Hocus Pocus (red),1,0
130,Aurora,2024-10-01T12:40:04,Lightning Form (red),2,0
130,Aurora,2024-10-01T12:40:04,Lightning Surge (red),1,0
130,Aurora,2024-10-01T12:40:04,Second Strike (red),2,0
130,Aurora,2024-10-01T12:40:04,Smash Up (red),1,0
130,Aurora,2024-10-01T12:40:04,Arcane Polarity (yellow),1,0
130,Aurora,2024-10-01T12:40:04,Brush Off (yellow),1,0
130,Aurora,2024-10-01T12:40:04,Electromagnetic Somersault (yellow),1,0
130,Aurora,2024-10-01T12:40:04,Fry (yellow),1,0
130,Aurora,2024-10-01T12:40:04,Hit the High Notes (yellow),1,0
130,Aurora,2024-10-01T12:40:04,Lightning Form (yellow),1,0
130,Aurora,2024-10-01T12:40:04,Lightning Surge (yellow),1,0
130,Aurora,2024-10-01T12:40:04,Second Strike (yellow),1,0
130,Aurora,2024-10-01T12:40:04,Runerager Swarm (blue),1,0
130,Aurora,2024-10-01T12:40:04,Sigil of Deadwood (blue),1,0
130,Aurora,2024-10-01T12:40:04,Splintering Deadwood (blue),1,0
130,Aurora,2024-10-01T12:40:04,Trip the Light Fantastic (blue),4,0
130,Aurora,2024-10-01T12:40:04,Twinkle Toes,1,1
131,Verdance,2024-10-01T16:38:58,Aether Quickening (red),2,0
131,Verdance,2024-10-01T16:38:58,Autumn's Touch (red),1,0
131,Verdance,2024-10-01T16:38:58,Blossoming Decay (red),1,0
131,Verdance,2024-10-01T16:38:58,Channel the Millennium Tree (red),1,0
131,Verdance,2024-10-01T16:38:58,Fruits of the Forest (red),1,0
131,Verdance,2024-10-01T16:38:58,Glyph Overlay (red),1,0
131,Verdance,2024-10-01T16:38:58,Pop the Bubble (red),1,0
131,Verdance,2024-10-01T16:38:58,Pulsing Aether // Life (red),1,0
131,Verdance,2024-10-01T16:38:58,Save the Thought (red),2,0
131,Verdance,2024-10-01T16:38:58,Trailblazing Aether (red),1,0
131,Verdance,2024-10-01T16:38:58,Arcane Polarity (yellow),1,0
131,Verdance,2024-10-01T16:38:58,Autumn's Touch (yellow),1,0
131,Verdance,2024-10-01T16:38:58,Cadaverous Tilling (yellow),1,0
131,Verdance,2024-10-01T16:38:58,Exploding Aether (yellow),1,0
131,Verdance,2024-10-01T16:38:58,Fruits of the Forest (yellow),4,0
131,Verdance,2024-10-01T16:38:58,Fyendal's Fighting Spirit (yellow),2,0
131,Verdance,2024-10-01T16:38:58,Glyph Overlay (yellow),1,0
131,Verdance,2024-10-01T16:38:58,Perennial Aetherbloom (yellow),1,0
131,Verdance,2024-10-01T16:38:58,Rootbound Carapace (yellow),1,0
131,Verdance,2024-10-01T16:38:58,Arcane Polarity (blue),1,0
131,Verdance,2024-10-01T16:38:58,Arcane Twining (blue),1,0
131,Verdance,2024-10-01T16:38:58,Etchings of Arcana (blue),1,0
131,Verdance,2024-10-01T16:38:58,Exploding Aether (blue),1,0
131,Verdance,2024-10-01T16:38:58,Fruits of the Forest (blue),1,0
131,Verdance,2024-10-01T16:38:58,Open the Flood Gates (blue),2,0
131,Verdance,2024-10-01T16:38:58,Photon Splicing (blue),3,0
131,Verdance,2024-10-01T16:38:58,Rootbound Carapace (blue),1,0
131,Verdance,2024-10-01T16:38:58,Sigil of Forethought (blue),2,0
131,Verdance,2024-10-01T16:38:58,Hold Focus,1,1
131,Verdance,2024-10-01T16:38:58,Ink-lined Cloak,1,1
131,Verdance,2024-10-01T16:38:58,Well Grounded,1,1
132,Aurora,2024-10-01T16:40:26,Electromagnetic Somersault (red),1,0
132,Aurora,2024-10-01T16:40:26,Electrostatic Discharge (red),2,0
132,Aurora,2024-10-01T16:40:26,Flash (red),1,0
132,Aurora,2024-10-01T16:40:26,Flittering Charge (red),2,0
132,Aurora,2024-10-01T16:40:26,Fry (red),1,0
132,Aurora,2024-10-01T16:40:26,Heaven's Claws (red),2,0
132,Aurora,2024-10-01T16:40:26,Hit the High Notes (red),1,0
132,Aurora,2024-10-01T16:40:26,Lightning Form (red),1,0
132,Aurora,2024-10-01T16:40:26,Lightning Surge (red),2,0
132,Aurora,2024-10-01T16:40:26,Smash Up (red),2,0
132,Aurora,2024-10-01T16:40:26,Trip the Light Fantastic (red),2,0
132,Aurora,2024-10-01T16:40:26,Electrostatic Discharge (yellow),3,0
132,Aurora,2024-10-01T16:40:26,Flittering Charge (yellow),1,0
132,Aurora,2024-10-01T16:40:26,Fry (yellow),1,0
132,Aurora,2024-10-01T16:40:26,Hocus Pocus (yellow),1,0
132,Aurora,2024-10-01T16:40:26,Lightning Form (yellow),2,0
132,Aurora,2024-10-01T16:40:26,Trip the Light Fantastic (yellow),2,0
132,Aurora,2024-10-01T16:40:26,Arcane Cussing (blue),1,0
132,Aurora,2024-10-01T16:40:26,Deadwood Dirge (blue),1,0
132,Aurora,2024-10-01T16:40:26,Flittering Charge (blue),2,0
132,Aurora,2024-10-01T16:40:26,Hocus Pocus (blue),1,0
132,Aurora,2024-10-01T16:40:26,Lightning Surge (blue),2,0
132,Aurora,2024-10-01T16:40:26,Sigil of Conductivity (blue),1,0
132,Aurora,2024-10-01T16:40:26,Sigil of Lightning (blue),1,0
132,Aurora,2024-10-01T16:40:26,Splintering Deadwood (blue),1,0
132,Aurora,2024-10-01T16:40:26,Trip the Light Fantastic (blue),2,0
132,Aurora,2024-10-01T16:40:26,Flash of Brilliance,1,1
132,Aurora,2024-10-01T16:40:26,Twinkle Toes,1,1
133,Florian,2024-10-01T18:35:20,Arcane Polarity (red),1,0
133,Florian,2024-10-01T18:35:20,Arcane Seeds // Life (red),1,0
133,Florian,2024-10-01T18:35:20,Brush Off (red),1,0
133,Florian,2024-10-01T18:35:20,Felling of the Crown (red),1,0
133,Florian,2024-10-01T18:35:20,Fertile Ground (red),1,0
133,Florian,2024-10-01T18:35:20,Hand Behind the Pen (red),1,0
133,Florian,2024-10-01T18:35:20,Harvest Season (red),2,0
133,Florian,2024-10-01T18:35:20,Rootbound Carapace (red),1,0
133,Florian,2024-10-01T18:35:20,Strength of Four Seasons (red),1,0
133,Florian,2024-10-01T18:35:20,Strong Yield (red),2,0
133,Florian,2024-10-01T18:35:20,Tongue Tied (red),1,0
133,Florian,2024-10-01T18:35:20,Arcanic Spike (yellow),1,0
133,Florian,2024-10-01T18:35:20,Consuming Volition (yellow),1,0
133,Florian,2024-10-01T18:35:20,Fyendal's Fighting Spirit (yellow),1,0
133,Florian,2024-10-01T18:35:20,Harvest Season (yellow),2,0
133,Florian,2024-10-01T18:35:20,Strength of Four Seasons (yellow),1,0
133,Florian,2024-10-01T18:35:20,Arcane Cussing (blue),1,0
133,Florian,2024-10-01T18:35:20,Arcane Polarity (blue),1,0
133,Florian,2024-10-01T18:35:20,Autumn's Touch (blue),2,0
133,Florian,2024-10-01T18:35:20,Fertile Ground (blue),1,0
133,Florian,2024-10-01T18:35:20,Fyendal's Fighting Spirit (blue),1,0
133,Florian,2024-10-01T18:35:20,Harvest Season (blue),1,0
133,Florian,2024-10-01T18:35:20,Hit the High Notes (blue),2,0
133,Florian,2024-10-01T18:35:20,Runerager Swarm (blue),1,0
133,Florian,2024-10-01T18:35:20,Sigil of Fyendal (blue),1,0
133,Florian,2024-10-01T18:35:20,Sigil of Sanctuary (blue),1,0
133,Florian,2024-10-01T18:35:20,Strength of Four Seasons (blue),2,0
133,Florian,2024-10-01T18:35:20,Strong Yield (blue),2,0
133,Florian,2024-10-01T18:35:20,Four Finger Gloves,1,1
133,Florian,2024-10-01T18:35:20,Helm of Lignum Vitae,1,1
133,Florian,2024-10-01T18:35:20,Hood of Second Thoughts,1,1
133,Florian,2024-10-01T18:35:20,Well Grounded,1,1
134,Aurora,2024-10-01T20:22:44,Brush Off (red),1,0
134,Aurora,2024-10-01T20:22:44,Consuming Volition (red),1,0
134,Aurora,2024-10-01T20:22:44,Flittering Charge (red),2,0
134,Aurora,2024-10-01T20:22:44,Fry (red),3,0
134,Aurora,2024-10-01T20:22:44,Fyendal's Fighting Spirit (red),1,0
134,Aurora,2024-10-01T20:22:44,Heaven's Claws (red),1,0
134,Aurora,2024-10-01T20:22:44,Hit the High Notes (red),1,0
134,Aurora,2024-10-01T20:22:44,Hocus Pocus (red),2,0
134,Aurora,2024-10-01T20:22:44,Lightning Form (red),1,0
134,Aurora,2024-10-01T20:22:44,Lightning Surge (red),1,0
134,Aurora,2024-10-01T20:22:44,Meat and Greet (red),1,0
134,Aurora,2024-10-01T20:22:44,Second Strike (red),1,0
134,Aurora,2024-10-01T20:22:44,Smash Up (red),1,0
134,Aurora,2024-10-01T20:22:44,Trip the Light Fantastic (red),1,0
134,Aurora,2024-10-01T20:22:44,Vantage Point (red),1,0
134,Aurora,2024-10-01T20:22:44,Arc Lightning (yellow),1,0
134,Aurora,2024-10-01T20:22:44,Arcanic Spike (yellow),1,0
134,Aurora,2024-10-01T20:22:44,Electrostatic Discharge (yellow),2,0
134,Aurora,2024-10-01T20:22:44,Consuming Volition (blue),2,0
134,Aurora,2024-10-01T20:22:44,Deadwood Dirge (blue),1,0
134,Aurora,2024-10-01T20:22:44,Flash (blue),1,0
134,Aurora,2024-10-01T20:22:44,Fyendal's Fighting Spirit (blue),1,0
134,Aurora,2024-10-01T20:22:44,Hit the High Notes (blue),2,0
134,Aurora,2024-10-01T20:22:44,Hocus Pocus (blue),1,0
134,Aurora,2024-10-01T20:22:44,Malefic Incantation (blue),2,0
134,Aurora,2024-10-01T20:22:44,Meat and Greet (blue),2,0
134,Aurora,2024-10-01T20:22:44,Second Strike (blue),1,0
134,Aurora,2024-10-01T20:22:44,Sigil of Conductivity (blue),1,0
134,Aurora,2024-10-01T20:22:44,Vantage Point (blue),1,0
134,Aurora,2024-10-01T20:22:44,Hood of Second Thoughts,1,1
134,Aurora,2024-10-01T20:22:44,Twinkle Toes,1,1
135,Aurora,2024-10-01T20:37:55,Blast to Oblivion (red),1,0
135,Aurora,2024-10-01T20:37:55,Burn Up // Shock (red),2,0
135,Aurora,2024-10-01T20:37:55,Condemn to Slaughter (red),1,0
135,Aurora,2024-10-01T20:37:55,Electrostatic Discharge (red),1,0
135,Aurora,2024-10-01T20:37:55,Fyendal's Fighting Spirit (red),1,0
135,Aurora,2024-10-01T20:37:55,Hit the High Notes (red),2,0
135,Aurora,2024-10-01T20:37:55,Hocus Pocus (red),1,0
135,Aurora,2024-10-01T20:37:55,Lightning Surge (red),1,0
135,Aurora,2024-10-01T20:37:55,Malefic Incantation (red),1,0
135,Aurora,2024-10-01T20:37:55,Second Strike (red),3,0
135,Aurora,2024-10-01T20:37:55,Smash Up (red),1,0
135,Aurora,2024-10-01T20:37:55,Trip the Light Fantastic (red),1,0
135,Aurora,2024-10-01T20:37:55,Electrostatic Discharge (yellow),1,0
135,Aurora,2024-10-01T20:37:55,Flash (yellow),1,0
135,Aurora,2024-10-01T20:37:55,Flittering Charge (yellow),1,0
135,Aurora,2024-10-01T20:37:55,Fry (yellow),1,0
135,Aurora,2024-10-01T20:37:55,Hit the High Notes (yellow),1,0
135,Aurora,2024-10-01T20:37:55,Hocus Pocus (yellow),1,0
135,Aurora,2024-10-01T20:37:55,Lightning Form (yellow),1,0
135,Aurora,2024-10-01T20:37:55,Runerager Swarm (yellow),1,0
135,Aurora,2024-10-01T20:37:55,Second Strike (yellow),2,0
135,Aurora,2024-10-01T20:37:55,Trip the Light Fantastic (yellow),1,0
135,Aurora,2024-10-01T20:37:55,Arcanic Spike (blue),1,0
135,Aurora,2024-10-01T20:37:55,Consuming Volition (blue),2,0
135,Aurora,2024-10-01T20:37:55,Flash (blue),1,0
135,Aurora,2024-10-01T20:37:55,Fry (blue),2,0
135,Aurora,2024-10-01T20:37:55,Heaven's Claws (blue),1,0
135,Aurora,2024-10-01T20:37:55,Hit the High Notes (blue),1,0
135,Aurora,2024-10-01T20:37:55,Hocus Pocus (blue),1,0
135,Aurora,2024-10-01T20:37:55,Lightning Surge (blue),1,0
135,Aurora,2024-10-01T20:37:55,Sigil of Lightning (blue),1,0
135,Aurora,2024-10-01T20:37:55,Trip the Light Fantastic (blue),1,0
135,Aurora,2024-10-01T20:37:55,Flash of Brilliance,1,1
135,Aurora,2024-10-01T20:37:55,Runaways,1,1
135,Aurora,2024-10-01T20:37:55,Runehold Release,1,1
136,Oscilio,2024-10-01T21:45:39,Arcane Polarity (red),1,0
136,Oscilio,2024-10-01T21:45:39,Arcane Twining (red),3,0
136,Oscilio,2024-10-01T21:45:39,Blast to Oblivion (red),1,0
136,Oscilio,2024-10-01T21:45:39,Electrostatic Discharge (red),1,0
136,Oscilio,2024-10-01T21:45:39,Etchings of Arcana (red),2,0
136,Oscilio,2024-10-01T21:45:39,Flittering Charge (red),1,0
136,Oscilio,2024-10-01T21:45:39,Fry (red),1,0
136,Oscilio,2024-10-01T21:45:39,Lightning Surge (red),1,0
136,Oscilio,2024-10-01T21:45:39,Overflow the Aetherwell (red),1,0
136,Oscilio,2024-10-01T21:45:39,Aether Quickening (yellow),1,0
136,Oscilio,2024-10-01T21:45:39,Arcane Twining (yellow),1,0
136,Oscilio,2024-10-01T21:45:39,Etchings of Arcana (yellow),1,0
136,Oscilio,2024-10-01T21:45:39,Flittering Charge (yellow),2,0
136,Oscilio,2024-10-01T21:45:39,Fry (yellow),1,0
136,Oscilio,2024-10-01T21:45:39,Lightning Surge (yellow),2,0
136,Oscilio,2024-10-01T21:45:39,Open the Flood Gates (yellow),1,0
136,Oscilio,2024-10-01T21:45:39,Overflow the Aetherwell (yellow),1,0
136,Oscilio,2024-10-01T21:45:39,Trip the Light Fantastic (yellow),2,0
136,Oscilio,2024-10-01T21:45:39,Electrostatic Discharge (blue),1,0
136,Oscilio,2024-10-01T21:45:39,Etchings of Arcana (blue),2,0
136,Oscilio,2024-10-01T21:45:39,Flash (blue),1,0
136,Oscilio,2024-10-01T21:45:39,Flittering Charge (blue),1,0
136,Oscilio,2024-10-01T21:45:39,Fry (blue),1,0
136,Oscilio,2024-10-01T21:45:39,Heaven's Claws (blue),2,0
136,Oscilio,2024-10-01T21:45:39,Open the Flood Gates (blue),1,0
136,Oscilio,2024-10-01T21:45:39,Second Strike (blue),2,0
136,Oscilio,2024-10-01T21:45:39,Sigil of Conductivity (blue),2,0
136,Oscilio,2024-10-01T21:45:39,Sigil of Lightning (blue),1,0
136,Oscilio,2024-10-01T21:45:39,Bruised Leather,1,1
136,Oscilio,2024-10-01T21:45:39,Flash of Brilliance,1,1
136,Oscilio,2024-10-01T21:45:39,Hold Focus,1,1
136,Oscilio,2024-10-01T21:45:39,Twinkle Toes,1,1
137,Verdance,2024-10-01T22:15:01,Arcane Polarity (red),1,0
137,Verdance,2024-10-01T22:15:01,Blossoming Decay (red),1,0
137,Verdance,2024-10-01T22:15:01,Brush Off (red),1,0
137,Verdance,2024-10-01T22:15:01,Fertile Ground (red),1,0
137,Verdance,2024-10-01T22:15:01,Fyendal's Fighting Spirit (red),2,0
137,Verdance,2024-10-01T22:15:01,Glyph Overlay (red),1,0
137,Verdance,2024-10-01T22:15:01,Open the Flood Gates (red),1,0
137,Verdance,2024-10-01T22:15:01,Overflow the Aetherwell (red),1,0
137,Verdance,2024-10-01T22:15:01,Photon Splicing (red),2,0
137,Verdance,2024-10-01T22:15:01,Summer's Fall (red),1,0
137,Verdance,2024-10-01T22:15:01,Autumn's Touch (yellow),1,0
137,Verdance,2024-10-01T22:15:01,Etchings of Arcana (yellow),1,0
137,Verdance,2024-10-01T22:15:01,Exploding Aether (yellow),1,0
137,Verdance,2024-10-01T22:15:01,Fertile Ground (yellow),1,0
137,Verdance,2024-10-01T22:15:01,Harvest Season (yellow),2,0
137,Verdance,2024-10-01T22:15:01,Overflow the Aetherwell (yellow),1,0
137,Verdance,2024-10-01T22:15:01,Strength of Four Seasons (yellow),1,0
137,Verdance,2024-10-01T22:15:01,Strong Yield (yellow),1,0
137,Verdance,2024-10-01T22:15:01,Aether Quickening (blue),1,0
137,Verdance,2024-10-01T22:15:01,Arcane Twining (blue),1,0
137,Verdance,2024-10-01T22:15:01,Blossoming Decay (blue),1,0
137,Verdance,2024-10-01T22:15:01,Destructive Aethertide (blue),1,0
137,Verdance,2024-10-01T22:15:01,Etchings of Arcana (blue),1,0
137,Verdance,2024-10-01T22:15:01,Fertile Ground (blue),1,0
137,Verdance,2024-10-01T22:15:01,Harvest Season (blue),1,0
137,Verdance,2024-10-01T22:15:01,Heartbeat of Candlehold (blue),1,0
137,Verdance,2024-10-01T22:15:01,Overflow the Aetherwell (blue),1,0
137,Verdance,2024-10-01T22:15:01,Perennial Aetherbloom (blue),1,0
137,Verdance,2024-10-01T22:15:01,Sigil of Earth (blue),1,0
137,Verdance,2024-10-01T22:15:01,Sigil of Fyendal (blue),2,0
137,Verdance,2024-10-01T22:15:01,Strong Yield (blue),1,0
137,Verdance,2024-10-01T22:15:01,Bruised Leather,1,1
137,Verdance,2024-10-01T22:15:01,Helm of Lignum Vitae,1,1
137,Verdance,2024-10-01T22:15:01,Hold Focus,1,1
138,Aurora,2024-10-01T23:27:29,Arcane Cussing (red),1,0
138,Aurora,2024-10-01T23:27:29,Arcanic Spike (red),1,0
138,Aurora,2024-10-01T23:27:29,Consuming Volition (red),1,0
138,Aurora,2024-10-01T23:27:29,Deadwood Dirge (red),1,0
138,Aurora,2024-10-01T23:27:29,Electrostatic Discharge (red),1,0
138,Aurora,2024-10-01T23:27:29,Flash (red),1,0
138,Aurora,2024-10-01T23:27:29,Fyendal's Fighting Spirit (red),1,0
138,Aurora,2024-10-01T23:27:29,Hit the High Notes (red),1,0
138,Aurora,2024-10-01T23:27:29,Meat and Greet (red),1,0
138,Aurora,2024-10-01T23:27:29,Runerager Swarm (red),1,0
138,Aurora,2024-10-01T23:27:29,Splintering Deadwood (red),2,0
138,Aurora,2024-10-01T23:27:29,Count Your Blessings (yellow),1,0
138,Aurora,2024-10-01T23:27:29,Electrostatic Discharge (yellow),1,0
138,Aurora,2024-10-01T23:27:29,Heaven's Claws (yellow),1,0
138,Aurora,2024-10-01T23:27:29,Lightning Form (yellow),1,0
138,Aurora,2024-10-01T23:27:29,Lightning Surge (yellow),1,0
138,Aurora,2024-10-01T23:27:29,Malefic Incantation (yellow),1,0
138,Aurora,2024-10-01T23:27:29,Runerager Swarm (yellow),1,0
138,Aurora,2024-10-01T23:27:29,Second Strike (yellow),1,0
138,Aurora,2024-10-01T23:27:29,Trip the Light Fantastic (yellow),1,0
138,Aurora,2024-10-01T23:27:29,Brush Off (blue),1,0
138,Aurora,2024-10-01T23:27:29,Electrostatic Discharge (blue),1,0
138,Aurora,2024-10-01T23:27:29,Flash (blue),1,0
138,Aurora,2024-10-01T23:27:29,Heaven's Claws (blue),2,0
138,Aurora,2024-10-01T23:27:29,Oath of the Arknight (blue),1,0
138,Aurora,2024-10-01T23:27:29,Second Strike (blue),1,0
138,Aurora,2024-10-01T23:27:29,Sigil of Deadwood (blue),1,0
138,Aurora,2024-10-01T23:27:29,Sigil of Fyendal (blue),1,0
138,Aurora,2024-10-01T23:27:29,Splintering Deadwood (blue),2,0
138,Aurora,2024-10-01T23:27:29,Trip the Light Fantastic (blue),1,0
138,Aurora,2024-10-01T23:27:29,Bloodtorn Bodice,1,1
138,Aurora,2024-10-01T23:27:29,Bruised Leather,1,1
138,Aurora,2024-10-01T23:27:29,Flash of Brilliance,1,1
138,Aurora,2024-10-01T23:27:29,Four Finger Gloves,1,1
138,Aurora,2024-10-01T23:27:29,Twinkle Toes,1,1
139,Florian,2024-10-02T00:27:15,Arcane Polarity (red),1,0
139,Florian,2024-10-02T00:27:15,Autumn's Touch (red),1,0
139,Florian,2024-10-02T00:27:15,Blossoming Decay (red),1,0
139,Florian,2024-10-02T00:27:15,Cadaverous Tilling (red),2,0
139,Florian,2024-10-02T00:27:15,Deadwood Dirge (red),1,0
139,Florian,2024-10-02T00:27:15,Fertile Ground (red),1,0
139,Florian,2024-10-02T00:27:15,Meat and Greet (red),1,0
139,Florian,2024-10-02T00:27:15,Strong Yield (red),1,0
139,Florian,2024-10-02T00:27:15,Arcane Cussing (yellow),1,0
139,Florian,2024-10-02T00:27:15,Arcane Polarity (yellow),1,0
139,Florian,2024-10-02T00:27:15,Blossoming Decay (yellow),1,0
139,Florian,2024-10-02T00:27:15,Cadaverous Tilling (yellow),1,0
139,Florian,2024-10-02T00:27:15,Deadwood Dirge (yellow),1,0
139,Florian,2024-10-02T00:27:15,Earth Form (yellow),1,0
139,Florian,2024-10-02T00:27:15,Fyendal's Fighting Spirit (yellow),1,0
139,Florian,2024-10-02T00:27:15,Hit the High Notes (yellow),1,0
139,Florian,2024-10-02T00:27:15,Hocus Pocus (yellow),1,0
139,Florian,2024-10-02T00:27:15,Meat and Greet (yellow),1,0
139,Florian,2024-10-02T00:27:15,Strength of Four Seasons (yellow),1,0
139,Florian,2024-10-02T00:27:15,Strong Yield (yellow),1,0
139,Florian,2024-10-02T00:27:15,Arcanic Spike (blue),1,0
139,Florian,2024-10-02T00:27:15,Brush Off (blue),1,0
139,Florian,2024-10-02T00:27:15,Fyendal's Fighting Spirit (blue),1,0
139,Florian,2024-10-02T00:27:15,Germinate (blue),2,0
139,Florian,2024-10-02T00:27:15,Hit the High Notes (blue),1,0
139,Florian,2024-10-02T00:27:15,Hocus Pocus (blue),2,0
139,Florian,2024-10-02T00:27:15,Runerager Swarm (blue),1,0
139,Florian,2024-10-02T00:27:15,Sigil of Fyendal (blue),1,0
139,Florian,2024-10-02T00:27:15,Splintering Deadwood (blue),1,0
139,Florian,2024-10-02T00:27:15,Strength of Four Seasons (blue),1,0
139,Florian,2024-10-02T00:27:15,Strong Yield (blue),1,0
139,Florian,2024-10-02T00:27:15,Bruised Leather,1,1
139,Florian,2024-10-02T00:27:15,Helm of Lignum Vitae,1,1
139,Florian,2024-10-02T00:27:15,Runehold Release,1,1
139,Florian,2024-10-02T00:27:15,Well Grounded,1,1
140,Aurora,2024-10-02T09:52:01,Blast to Oblivion (red),2,0
140,Aurora,2024-10-02T09:52:01,Burn Up // Shock (red),1,0
140,Aurora,2024-10-02T09:52:01,Consuming Volition (red),3,0
140,Aurora,2024-10-02T09:52:01,Electromagnetic Somersault (red),1,0
140,Aurora,2024-10-02T09:52:01,Electrostatic Discharge (red),1,0
140,Aurora,2024-10-02T09:52:01,Fry (red),1,0
140,Aurora,2024-10-02T09:52:01,Heaven's Claws (red),1,0
140,Aurora,2024-10-02T09:52:01,Hocus Pocus (red),1,0
140,Aurora,2024-10-02T09:52:01,Lightning Form (red),1,0
140,Aurora,2024-10-02T09:52:01,Lightning Surge (red),1,0
140,Aurora,2024-10-02T09:52:01,Second Strike (red),2,0
140,Aurora,2024-10-02T09:52:01,Smash Up (red),1,0
140,Aurora,2024-10-02T09:52:01,Trip the Light Fantastic (red),1,0
140,Aurora,2024-10-02T09:52:01,Arc Lightning (yellow),1,0
140,Aurora,2024-10-02T09:52:01,Arcane Polarity (yellow),1,0
140,Aurora,2024-10-02T09:52:01,Arcanic Spike (yellow),1,0
140,Aurora,2024-10-02T09:52:01,Electromagnetic Somersault (yellow),2,0
140,Aurora,2024-10-02T09:52:01,Electrostatic Discharge (yellow),1,0
140,Aurora,2024-10-02T09:52:01,Fry (yellow),1,0
140,Aurora,2024-10-02T09:52:01,Hit the High Notes (yellow),1,0
140,Aurora,2024-10-02T09:52:01,Lightning Form (yellow),3,0
140,Aurora,2024-10-02T09:52:01,Second Strike (yellow),1,0
140,Aurora,2024-10-02T09:52:01,Condemn to Slaughter (blue),1,0
140,Aurora,2024-10-02T09:52:01,Deadwood Dirge (blue),1,0
140,Aurora,2024-10-02T09:52:01,Fry (blue),1,0
140,Aurora,2024-10-02T09:52:01,Lightning Surge (blue),1,0
140,Aurora,2024-10-02T09:52:01,Oath of the Arknight (blue),1,0
140,Aurora,2024-10-02T09:52:01,Sigil of Fyendal (blue),1,0
140,Aurora,2024-10-02T09:52:01,Sigil of Lightning (blue),1,0
140,Aurora,2024-10-02T09:52:01,Sigil of the Arknight (blue),1,0
140,Aurora,2024-10-02T09:52:01,Bruised Leather,1,1
140,Aurora,2024-10-02T09:52:01,Flash of Brilliance,1,1
140,Aurora,2024-10-02T09:52:01,Four Finger Gloves,1,1
140,Aurora,2024-10-02T09:52:01,Hood of Second Thoughts,1,1
140,Aurora,2024-10-02T09:52:01,Twinkle Toes,1,1
141,Florian,2024-10-02T12:29:49,Autumn's Touch (red),2,0
141,Florian,2024-10-02T12:29:49,Blossoming Decay (red),1,0
141,Florian,2024-10-02T12:29:49,Cadaverous Tilling (red),1,0
141,Florian,2024-10-02T12:29:49,Fertile Ground (red),1,0
141,Florian,2024-10-02T12:29:49,Hocus Pocus (red),1,0
141,Florian,2024-10-02T12:29:49,Oath of the Arknight (red),1,0
141,Florian,2024-10-02T12:29:49,Strength of Four Seasons (red),2,0
141,Florian,2024-10-02T12:29:49,Strong Yield (red),1,0
141,Florian,2024-10-02T12:29:49,Arcanic Spike (yellow),1,0
141,Florian,2024-10-02T12:29:49,Autumn's Touch (yellow),1,0
141,Florian,2024-10-02T12:29:49,Cadaverous Tilling (yellow),2,0
141,Florian,2024-10-02T12:29:49,Fruits of the Forest (yellow),1,0
141,Florian,2024-10-02T12:29:49,Harvest Season (yellow),1,0
141,Florian,2024-10-02T12:29:49,Oath of the Arknight (yellow),1,0
141,Florian,2024-10-02T12:29:49,Blossoming Decay (blue),1,0
141,Florian,2024-10-02T12:29:49,Cadaverous Tilling (blue),1,0
141,Florian,2024-10-02T12:29:49,Earth Form (blue),1,0
141,Florian,2024-10-02T12:29:49,Fruits of the Forest (blue),1,0
141,Florian,2024-10-02T12:29:49,Harvest Season (blue),1,0
141,Florian,2024-10-02T12:29:49,Hocus Pocus (blue),3,0
141,Florian,2024-10-02T12:29:49,Oath of the Arknight (blue),1,0
141,Florian,2024-10-02T12:29:49,Sigil of Fyendal (blue),1,0
141,Florian,2024-10-02T12:29:49,Strength of Four Seasons (blue),2,0
141,Florian,2024-10-02T12:29:49,Strong Yield (blue),2,0
141,Florian,2024-10-02T12:29:49,Helm of Lignum Vitae,1,1
141,Florian,2024-10-02T12:29:49,Well Grounded,1,1
142,Verdance,2024-10-02T18:27:42,Arcane Polarity (red),1,0
142,Verdance,2024-10-02T18:27:42,Arcane Twining (red),1,0
142,Verdance,2024-10-02T18:27:42,Blossoming Decay (red),2,0
142,Verdance,2024-10-02T18:27:42,Chorus of the Amphitheater (red),1,0
142,Verdance,2024-10-02T18:27:42,Exploding Aether (red),1,0
142,Verdance,2024-10-02T18:27:42,Fertile Ground (red),1,0
142,Verdance,2024-10-02T18:27:42,Open the Flood Gates (red),1,0
142,Verdance,2024-10-02T18:27:42,Perennial Aetherbloom (red),2,0
142,Verdance,2024-10-02T18:27:42,Pulsing Aether // Life (red),1,0
142,Verdance,2024-10-02T18:27:42,Trailblazing Aether (red),2,0
142,Verdance,2024-10-02T18:27:42,Arcane Polarity (yellow),1,0
142,Verdance,2024-10-02T18:27:42,Earth Form (yellow),1,0
142,Verdance,2024-10-02T18:27:42,Etchings of Arcana (yellow),2,0
142,Verdance,2024-10-02T18:27:42,Exploding Aether (yellow),1,0
142,Verdance,2024-10-02T18:27:42,Glyph Overlay (yellow),1,0
142,Verdance,2024-10-02T18:27:42,Overflow the Aetherwell (yellow),1,0
142,Verdance,2024-10-02T18:27:42,Perennial Aetherbloom (yellow),1,0
142,Verdance,2024-10-02T18:27:42,Pop the Bubble (yellow),1,0
142,Verdance,2024-10-02T18:27:42,Strength of Four Seasons (yellow),1,0
142,Verdance,2024-10-02T18:27:42,Arcane Twining (blue),1,0
142,Verdance,2024-10-02T18:27:42,Etchings of Arcana (blue),1,0
142,Verdance,2024-10-02T18:27:42,Fyendal's Fighting Spirit (blue),2,0
142,Verdance,2024-10-02T18:27:42,Glyph Overlay (blue),1,0
142,Verdance,2024-10-02T18:27:42,Harvest Season (blue),2,0
142,Verdance,2024-10-02T18:27:42,Overflow the Aetherwell (blue),1,0
142,Verdance,2024-10-02T18:27:42,Photon Splicing (blue),2,0
142,Verdance,2024-10-02T18:27:42,Pop the Bubble (blue),1,0
142,Verdance,2024-10-02T18:27:42,Bruised Leather,1,1
142,Verdance,2024-10-02T18:27:42,Hold Focus,1,1
142,Verdance,2024-10-02T18:27:42,Ink-lined Cloak,1,1
142,Verdance,2024-10-02T18:27:42,Runaways,1,1
143,Verdance,2024-10-02T19:37:49,Aether Quickening (red),1,0
143,Verdance,2024-10-02T19:37:49,Chorus of the Amphitheater (red),1,0
143,Verdance,2024-10-02T19:37:49,Etchings of Arcana (red),1,0
143,Verdance,2024-10-02T19:37:49,Exploding Aether (red),1,0
143,Verdance,2024-10-02T19:37:49,Open the Flood Gates (red),1,0
143,Verdance,2024-10-02T19:37:49,Overflow the Aetherwell (red),1,0
143,Verdance,2024-10-02T19:37:49,Photon Splicing (red),3,0
143,Verdance,2024-10-02T19:37:49,Pop the Bubble (red),1,0
143,Verdance,2024-10-02T19:37:49,Trailblazing Aether (red),3,0
143,Verdance,2024-10-02T19:37:49,Aether Quickening (yellow),2,0
143,Verdance,2024-10-02T19:37:49,Arcane Twining (yellow),1,0
143,Verdance,2024-10-02T19:37:49,Etchings of Arcana (yellow),1,0
143,Verdance,2024-10-02T19:37:49,Exploding Aether (yellow),2,0
143,Verdance,2024-10-02T19:37:49,Glyph Overlay (yellow),1,0
143,Verdance,2024-10-02T19:37:49,Harvest Season (yellow),1,0
143,Verdance,2024-10-02T19:37:49,Open the Flood Gates (yellow),1,0
143,Verdance,2024-10-02T19:37:49,Overflow the Aetherwell (yellow),1,0
143,Verdance,2024-10-02T19:37:49,Perennial Aetherbloom (yellow),1,0
143,Verdance,2024-10-02T19:37:49,Photon Splicing (yellow),1,0
143,Verdance,2024-10-02T19:37:49,Trailblazing Aether (yellow),1,0
143,Verdance,2024-10-02T19:37:49,Arcane Twining (blue),1,0
143,Verdance,2024-10-02T19:37:49,Cadaverous Tilling (blue),1,0
143,Verdance,2024-10-02T19:37:49,Fruits of the Forest (blue),1,0
143,Verdance,2024-10-02T19:37:49,Fyendal's Fighting Spirit (blue),1,0
143,Verdance,2024-10-02T19:37:49,Photon Splicing (blue),1,0
143,Verdance,2024-10-02T19:37:49,Sigil of Forethought (blue),2,0
143,Verdance,2024-10-02T19:37:49,Sigil of Fyendal (blue),1,0
143,Verdance,2024-10-02T19:37:49,Sigil of Sanctuary (blue),1,0
143,Verdance,2024-10-02T19:37:49,Sigil of Temporal Manipulation (blue),1,0
143,Verdance,2024-10-02T19:37:49,Bruised Leather,1,1
143,Verdance,2024-10-02T19:37:49,Helm of Lignum Vitae,1,1
144,Verdance,2024-10-02T20:19:52,Aether Quickening (red),1,0
144,Verdance,2024-10-02T20:19:52,Arcane Twining (red),4,0
144,Verdance,2024-10-02T20:19:52,Autumn's Touch (red),1,0
144,Verdance,2024-10-02T20:19:52,Exploding Aether (red),1,0
144,Verdance,2024-10-02T20:19:52,Open the Flood Gates (red),1,0
144,Verdance,2024-10-02T20:19:52,Perennial Aetherbloom (red),2,0
144,Verdance,2024-10-02T20:19:52,Photon Splicing (red),2,0
144,Verdance,2024-10-02T20:19:52,Pop the Bubble (red),1,0
144,Verdance,2024-10-02T20:19:52,Trailblazing Aether (red),1,0
144,Verdance,2024-10-02T20:19:52,Etchings of Arcana (yellow),2,0
144,Verdance,2024-10-02T20:19:52,Fyendal's Fighting Spirit (yellow),1,0
144,Verdance,2024-10-02T20:19:52,Overflow the Aetherwell (yellow),1,0
144,Verdance,2024-10-02T20:19:52,Perennial Aetherbloom (yellow),2,0
144,Verdance,2024-10-02T20:19:52,Pop the Bubble (yellow),2,0
144,Verdance,2024-10-02T20:19:52,Trailblazing Aether (yellow),2,0
144,Verdance,2024-10-02T20:19:52,Arcane Polarity (blue),1,0
144,Verdance,2024-10-02T20:19:52,Fertile Ground (blue),1,0
144,Verdance,2024-10-02T20:19:52,Fruits of the Forest (blue),1,0
144,Verdance,2024-10-02T20:19:52,Harvest Season (blue),1,0
144,Verdance,2024-10-02T20:19:52,Open the Flood Gates (blue),1,0
144,Verdance,2024-10-02T20:19:52,Perennial Aetherbloom (blue),1,0
144,Verdance,2024-10-02T20:19:52,Photon Splicing (blue),1,0
144,Verdance,2024-10-02T20:19:52,Sigil of Aether (blue),1,0
144,Verdance,2024-10-02T20:19:52,Sigil of Earth (blue),1,0
144,Verdance,2024-10-02T20:19:52,Sigil of Sanctuary (blue),1,0
144,Verdance,2024-10-02T20:19:52,Strength of Four Seasons (blue),1,0
144,Verdance,2024-10-02T20:19:52,Strong Yield (blue),1,0
144,Verdance,2024-10-02T20:19:52,Trailblazing Aether (blue),2,0
144,Verdance,2024-10-02T20:19:52,Hold Focus,1,1
145,Aurora,2024-10-02T20:35:20,Blast to Oblivion (red),2,0
145,Aurora,2024-10-02T20:35:20,Consuming Volition (red),1,0
145,Aurora,2024-10-02T20:35:20,Electromagnetic Somersault (red),1,0
145,Aurora,2024-10-02T20:35:20,Electrostatic Discharge (red),1,0
145,Aurora,2024-10-02T20:35:20,Flittering Charge (red),1,0
145,Aurora,2024-10-02T20:35:20,Fry (red),1,0
145,Aurora,2024-10-02T20:35:20,Fyendal's Fighting Spirit (red),1,0
145,Aurora,2024-10-02T20:35:20,Heaven's Claws (red),2,0
145,Aurora,2024-10-02T20:35:20,Hit the High Notes (red),1,0
145,Aurora,2024-10-02T20:35:20,Hocus Pocus (red),1,0
145,Aurora,2024-10-02T20:35:20,Lightning Surge (red),1,0
145,Aurora,2024-10-02T20:35:20,Meat and Greet (red),1,0
145,Aurora,2024-10-02T20:35:20,Runerager Swarm (red),1,0
145,Aurora,2024-10-02T20:35:20,Trip the Light Fantastic (red),1,0
145,Aurora,2024-10-02T20:35:20,Consuming Volition (yellow),1,0
145,Aurora,2024-10-02T20:35:20,Flittering Charge (yellow),1,0
145,Aurora,2024-10-02T20:35:20,Heaven's Claws (yellow),2,0
145,Aurora,2024-10-02T20:35:20,Hit the High Notes (yellow),1,0
145,Aurora,2024-10-02T20:35:20,Meat and Greet (yellow),1,0
145,Aurora,2024-10-02T20:35:20,Consuming Volition (blue),2,0
145,Aurora,2024-10-02T20:35:20,Flittering Charge (blue),2,0
145,Aurora,2024-10-02T20:35:20,Fry (blue),1,0
145,Aurora,2024-10-02T20:35:20,Heaven's Claws (blue),1,0
145,Aurora,2024-10-02T20:35:20,Hit the High Notes (blue),1,0
145,Aurora,2024-10-02T20:35:20,Meat and Greet (blue),1,0
145,Aurora,2024-10-02T20:35:20,Oath of the Arknight (blue),2,0
145,Aurora,2024-10-02T20:35:20,Runerager Swarm (blue),1,0
145,Aurora,2024-10-02T20:35:20,Sigil of Fyendal (blue),1,0
145,Aurora,2024-10-02T20:35:20,Sigil of Lightning (blue),2,0
145,Aurora,2024-10-02T20:35:20,Trip the Light Fantastic (blue),1,0
145,Aurora,2024-10-02T20:35:20,Flash of Brilliance,1,1
145,Aurora,2024-10-02T20:35:20,Hood of Second Thoughts,1,1
145,Aurora,2024-10-02T20:35:20,Twinkle Toes,1,1
146,Florian,2024-10-02T22:28:08,Arcane Polarity (red),1,0
146,Florian,2024-10-02T22:28:08,Arcanic Spike (red),1,0
146,Florian,2024-10-02T22:28:08,Blossoming Decay (red),2,0
146,Florian,2024-10-02T22:28:08,Consuming Volition (red),1,0
146,Florian,2024-10-02T22:28:08,Deadwood Dirge (red),1,0
146,Florian,2024-10-02T22:28:08,Earth Form (red),1,0
146,Florian,2024-10-02T22:28:08,Fertile Ground (red),2,0
146,Florian,2024-10-02T22:28:08,Fyendal's Fighting Spirit (red),1,0
146,Florian,2024-10-02T22:28:08,Harvest Season (red),1,0
146,Florian,2024-10-02T22:28:08,Meat and Greet (red),1,0
146,Florian,2024-10-02T22:28:08,Runerager Swarm (red),1,0
146,Florian,2024-10-02T22:28:08,Strength of Four Seasons (red),2,0
146,Florian,2024-10-02T22:28:08,Strong Yield (red),1,0
146,Florian,2024-10-02T22:28:08,Arcane Cussing (yellow),1,0
146,Florian,2024-10-02T22:28:08,Blossoming Decay (yellow),1,0
146,Florian,2024-10-02T22:28:08,Brush Off (yellow),1,0
146,Florian,2024-10-02T22:28:08,Hocus Pocus (yellow),1,0
146,Florian,2024-10-02T22:28:08,Meat and Greet (yellow),1,0
146,Florian,2024-10-02T22:28:08,Oath of the Arknight (yellow),1,0
146,Florian,2024-10-02T22:28:08,Runerager Swarm (yellow),1,0
146,Florian,2024-10-02T22:28:08,Blossoming Decay (blue),1,0
146,Florian,2024-10-02T22:28:08,Condemn to Slaughter (blue),1,0
146,Florian,2024-10-02T22:28:08,Consuming Volition (blue),1,0
146,Florian,2024-10-02T22:28:08,Fertile Ground (blue),1,0
146,Florian,2024-10-02T22:28:08,Fruits of the Forest (blue),2,0
146,Florian,2024-10-02T22:28:08,Fyendal's Fighting Spirit (blue),1,0
146,Florian,2024-10-02T22:28:08,Harvest Season (blue),1,0
146,Florian,2024-10-02T22:28:08,Hit the High Notes (blue),1,0
146,Florian,2024-10-02T22:28:08,Splintering Deadwood (blue),1,0
146,Florian,2024-10-02T22:28:08,Strength of Four Seasons (blue),1,0
146,Florian,2024-10-02T22:28:08,Bloodtorn Bodice,1,1
146,Florian,2024-10-02T22:28:08,Helm of Lignum Vitae,1,1
146,Florian,2024-10-02T22:28:08,Well Grounded,1,1
147,Aurora,2024-10-02T22:46:14,Arcane Cussing (red),1,0
147,Aurora,2024-10-02T22:46:14,Deadwood Dirge (red),2,0
147,Aurora,2024-10-02T22:46:14,Flittering Charge (red),1,0
147,Aurora,2024-10-02T22:46:14,Heaven's Claws (red),2,0
147,Aurora,2024-10-02T22:46:14,Hocus Pocus (red),2,0
147,Aurora,2024-10-02T22:46:14,Lightning Surge (red),2,0
147,Aurora,2024-10-02T22:46:14,Oath of the Arknight (red),1,0
147,Aurora,2024-10-02T22:46:14,Runerager Swarm (red),1,0
147,Aurora,2024-10-02T22:46:14,Second Strike (red),1,0
147,Aurora,2024-10-02T22:46:14,Smash Up (red),1,0
147,Aurora,2024-10-02T22:46:14,Trip the Light Fantastic (red),1,0
147,Aurora,2024-10-02T22:46:14,Blast to Oblivion (yellow),1,0
147,Aurora,2024-10-02T22:46:14,Consuming Volition (yellow),1,0
147,Aurora,2024-10-02T22:46:14,Fry (yellow),1,0
147,Aurora,2024-10-02T22:46:14,Hit the High Notes (yellow),1,0
147,Aurora,2024-10-02T22:46:14,Hocus Pocus (yellow),1,0
147,Aurora,2024-10-02T22:46:14,Lightning Form (yellow),2,0
147,Aurora,2024-10-02T22:46:14,Arcane Cussing (blue),1,0
147,Aurora,2024-10-02T22:46:14,Brush Off (blue),1,0
147,Aurora,2024-10-02T22:46:14,Consuming Volition (blue),3,0
147,Aurora,2024-10-02T22:46:14,Hocus Pocus (blue),1,0
147,Aurora,2024-10-02T22:46:14,Runerager Swarm (blue),1,0
147,Aurora,2024-10-02T22:46:14,Second Strike (blue),2,0
147,Aurora,2024-10-02T22:46:14,Sigil of Fyendal (blue),1,0
147,Aurora,2024-10-02T22:46:14,Sigil of the Arknight (blue),1,0
147,Aurora,2024-10-02T22:46:14,Vantage Point (blue),1,0
147,Aurora,2024-10-02T22:46:14,Bruised Leather,1,1
147,Aurora,2024-10-02T22:46:14,Flash of Brilliance,1,1
147,Aurora,2024-10-02T22:46:14,Four Finger Gloves,1,1
147,Aurora,2024-10-02T22:46:14,Runaways,1,1
148,Verdance,2024-10-03T00:17:20,Arcane Twining (red),2,0
148,Verdance,2024-10-03T00:17:20,Autumn's Touch (red),1,0
148,Verdance,2024-10-03T00:17:20,Brush Off (red),1,0
148,Verdance,2024-10-03T00:17:20,Fyendal's Fighting Spirit (red),1,0
148,Verdance,2024-10-03T00:17:20,Overflow the Aetherwell (red),1,0
148,Verdance,2024-10-03T00:17:20,Perennial Aetherbloom (red),1,0
148,Verdance,2024-10-03T00:17:20,Rootbound Carapace (red),1,0
148,Verdance,2024-10-03T00:17:20,Arcane Polarity (yellow),1,0
148,Verdance,2024-10-03T00:17:20,Autumn's Touch (yellow),1,0
148,Verdance,2024-10-03T00:17:20,Blossoming Decay (yellow),1,0
148,Verdance,2024-10-03T00:17:20,Etchings of Arcana (yellow),2,0
148,Verdance,2024-10-03T00:17:20,Fertile Ground (yellow),1,0
148,Verdance,2024-10-03T00:17:20,Fruits of the Forest (yellow),2,0
148,Verdance,2024-10-03T00:17:20,Perennial Aetherbloom (yellow),2,0
148,Verdance,2024-10-03T00:17:20,Pop the Bubble (yellow),1,0
148,Verdance,2024-10-03T00:17:20,Save the Thought (yellow),1,0
148,Verdance,2024-10-03T00:17:20,Strength of Four Seasons (yellow),1,0
148,Verdance,2024-10-03T00:17:20,Arcane Twining (blue),2,0
148,Verdance,2024-10-03T00:17:20,Cadaverous Tilling (blue),1,0
148,Verdance,2024-10-03T00:17:20,Earth Form (blue),1,0
148,Verdance,2024-10-03T00:17:20,Etchings of Arcana (blue),1,0
148,Verdance,2024-10-03T00:17:20,Fruits of the Forest (blue),1,0
148,Verdance,2024-10-03T00:17:20,Overflow the Aetherwell (blue),1,0
148,Verdance,2024-10-03T00:17:20,Photon Splicing (blue),1,0
148,Verdance,2024-10-03T00:17:20,Sigil of Cycles (blue),1,0
148,Verdance,2024-10-03T00:17:20,Sigil of Earth (blue),1,0
148,Verdance,2024-10-03T00:17:20,Trailblazing Aether (blue),1,0
148,Verdance,2024-10-03T00:17:20,Helm of Lignum Vitae,1,1
148,Verdance,2024-10-03T00:17:20,Hold Focus,1,1
148,Verdance,2024-10-03T00:17:20,Ink-lined Cloak,1,1
148,Verdance,2024-10-03T00:17:20,Runaways,1,1
149,Aurora,2024-10-03T01:46:30,Burn Up // Shock (red),1,0
149,Aurora,2024-10-03T01:46:30,Consuming Volition (red),1,0
149,Aurora,2024-10-03T01:46:30,Electromagnetic Somersault (red),1,0
149,Aurora,2024-10-03T01:46:30,Electrostatic Discharge (red),1,0
149,Aurora,2024-10-03T01:46:30,Flittering Charge (red),3,0
149,Aurora,2024-10-03T01:46:30,Fry (red),1,0
149,Aurora,2024-10-03T01:46:30,Heaven's Claws (red),1,0
149,Aurora,2024-10-03T01:46:30,Runerager Swarm (red),1,0
149,Aurora,2024-10-03T01:46:30,Second Strike (red),1,0
149,Aurora,2024-10-03T01:46:30,Trip the Light Fantastic (red),1,0
149,Aurora,2024-10-03T01:46:30,Condemn to Slaughter (yellow),1,0
149,Aurora,2024-10-03T01:46:30,Consuming Volition (yellow),1,0
149,Aurora,2024-10-03T01:46:30,Electromagnetic Somersault (yellow),2,0
149,Aurora,2024-10-03T01:46:30,Electrostatic Discharge (yellow),1,0
149,Aurora,2024-10-03T01:46:30,Flittering Charge (yellow),2,0
149,Aurora,2024-10-03T01:46:30,Second Strike (yellow),2,0
149,Aurora,2024-10-03T01:46:30,Vantage Point (yellow),1,0
149,Aurora,2024-10-03T01:46:30,Vaporize // Shock (yellow),1,0
149,Aurora,2024-10-03T01:46:30,Blast to Oblivion (blue),1,0
149,Aurora,2024-10-03T01:46:30,Condemn to Slaughter (blue),1,0
149,Aurora,2024-10-03T01:46:30,Consuming Volition (blue),1,0
149,Aurora,2024-10-03T01:46:30,Electrostatic Discharge (blue),2,0
149,Aurora,2024-10-03T01:46:30,Flittering Charge (blue),1,0
149,Aurora,2024-10-03T01:46:30,Fry (blue),1,0
149,Aurora,2024-10-03T01:46:30,Heaven's Claws (blue),2,0
149,Aurora,2024-10-03T01:46:30,Hit the High Notes (blue),1,0
149,Aurora,2024-10-03T01:46:30,Runerager Swarm (blue),1,0
149,Aurora,2024-10-03T01:46:30,Sigil of Lightning (blue),1,0
149,Aurora,2024-10-03T01:46:30,Splintering Deadwood (blue),1,0
149,Aurora,2024-10-03T01:46:30,Trip the Light Fantastic (blue),1,0
149,Aurora,2024-10-03T01:46:30,Bloodtorn Bodice,1,1
149,Aurora,2024-10-03T01:46:30,Hood of Second Thoughts,1,1
149,Aurora,2024-10-03T01:46:30,Runehold Release,1,1
149,Aurora,2024-10-03T01:46:30,Twinkle Toes,1,1
150,Florian,2024-10-03T02:59:28,Arcane Seeds // Life (red),1,0
150,Florian,2024-10-03T02:59:28,Arcanic Spike (red),2,0
150,Florian,2024-10-03T02:59:28,Autumn's Touch (red),1,0
150,Florian,2024-10-03T02:59:28,Blossoming Decay (red),1,0
150,Florian,2024-10-03T02:59:28,Cadaverous Tilling (red),1,0
150,Florian,2024-10-03T02:59:28,Consuming Volition (red),1,0
150,Florian,2024-10-03T02:59:28,Cut Through the Facade (red),1,0
150,Florian,2024-10-03T02:59:28,Deadwood Dirge (red),1,0
150,Florian,2024-10-03T02:59:28,Fertile Ground (red),1,0
150,Florian,2024-10-03T02:59:28,Harvest Season (red),1,0
150,Florian,2024-10-03T02:59:28,Hit the High Notes (red),1,0
150,Florian,2024-10-03T02:59:28,Meat and Greet (red),1,0
150,Florian,2024-10-03T02:59:28,Oath of the Arknight (red),1,0
150,Florian,2024-10-03T02:59:28,Rootbound Carapace (red),1,0
150,Florian,2024-10-03T02:59:28,Smash Up (red),1,0
150,Florian,2024-10-03T02:59:28,Arcane Cussing (yellow),3,0
150,Florian,2024-10-03T02:59:28,Brush Off (yellow),1,0
150,Florian,2024-10-03T02:59:28,Cadaverous Tilling (yellow),1,0
150,Florian,2024-10-03T02:59:28,Fyendal's Fighting Spirit (yellow),1,0
150,Florian,2024-10-03T02:59:28,Harvest Season (yellow),2,0
150,Florian,2024-10-03T02:59:28,Hocus Pocus (yellow),3,0
150,Florian,2024-10-03T02:59:28,Malefic Incantation (yellow),1,0
150,Florian,2024-10-03T02:59:28,Strength of Four Seasons (yellow),1,0
150,Florian,2024-10-03T02:59:28,Arcane Cussing (blue),1,0
150,Florian,2024-10-03T02:59:28,Cadaverous Tilling (blue),1,0
150,Florian,2024-10-03T02:59:28,Consuming Volition (blue),1,0
150,Florian,2024-10-03T02:59:28,Hocus Pocus (blue),1,0
150,Florian,2024-10-03T02:59:28,Oath of the Arknight (blue),2,0
150,Florian,2024-10-03T02:59:28,Sigil of Deadwood (blue),1,0
150,Florian,2024-10-03T02:59:28,Splintering Deadwood (blue),1,0
150,Florian,2024-10-03T02:59:28,Four Finger Gloves,1,1
150,Florian,2024-10-03T02:59:28,Helm of Lignum Vitae,1,1
150,Florian,2024-10-03T02:59:28,Well Grounded,1,1
151,Verdance,2024-10-03T03:09:29,Arcane Polarity (red),1,0
151,Verdance,2024-10-03T03:09:29,Arcane Twining (red),2,0
151,Verdance,2024-10-03T03:09:29,Count Your Blessings (red),1,0
151,Verdance,2024-10-03T03:09:29,Exploding Aether (red),2,0
151,Verdance,2024-10-03T03:09:29,Open the Flood Gates (red),1,0
151,Verdance,2024-10-03T03:09:29,Overflow the Aetherwell (red),1,0
151,Verdance,2024-10-03T03:09:29,Perennial Aetherbloom (red),1,0
151,Verdance,2024-10-03T03:09:29,Photon Splicing (red),1,0
151,Verdance,2024-10-03T03:09:29,Trailblazing Aether (red),1,0
151,Verdance,2024-10-03T03:09:29,Aether Quickening (yellow),3,0
151,Verdance,2024-10-03T03:09:29,Fyendal's Fighting Spirit (yellow),1,0
151,Verdance,2024-10-03T03:09:29,Glyph Overlay (yellow),1,0
151,Verdance,2024-10-03T03:09:29,Save the Thought (yellow),1,0
151,Verdance,2024-10-03T03:09:29,Trailblazing Aether (yellow),2,0
151,Verdance,2024-10-03T03:09:29,Aether Quickening (blue),1,0
151,Verdance,2024-10-03T03:09:29,Arcane Polarity (blue),1,0
151,Verdance,2024-10-03T03:09:29,Arcane Twining (blue),1,0
151,Verdance,2024-10-03T03:09:29,Destructive Aethertide (blue),2,0
151,Verdance,2024-10-03T03:09:29,Exploding Aether (blue),1,0
151,Verdance,2024-10-03T03:09:29,Fertile Ground (blue),1,0
151,Verdance,2024-10-03T03:09:29,Fyendal's Fighting Spirit (blue),1,0
151,Verdance,2024-10-03T03:09:29,Glyph Overlay (blue),1,0
151,Verdance,2024-10-03T03:09:29,Overflow the Aetherwell (blue),1,0
151,Verdance,2024-10-03T03:09:29,Perennial Aetherbloom (blue),1,0
151,Verdance,2024-10-03T03:09:29,Pop the Bubble (blue),1,0
151,Verdance,2024-10-03T03:09:29,Sigil of Earth (blue),1,0
151,Verdance,2024-10-03T03:09:29,Sigil of Sanctuary (blue),1,0
151,Verdance,2024-10-03T03:09:29,Sigil of Temporal Manipulation (blue),1,0
151,Verdance,2024-10-03T03:09:29,Trailblazing Aether (blue),3,0
151,Verdance,2024-10-03T03:09:29,Four Finger Gloves,1,1
151,Verdance,2024-10-03T03:09:29,Hold Focus,1,1
152,Florian,2024-10-03T04:11:38,Blossoming Decay (red),1,0
152,Florian,2024-10-03T04:11:38,Consuming Volition (red),1,0
152,Florian,2024-10-03T04:11:38,Earth Form (red),1,0
152,Florian,2024-10-03T04:11:38,Fyendal's Fighting Spirit (red),1,0
152,Florian,2024-10-03T04:11:38,Harvest Season (red),1,0
152,Florian,2024-10-03T04:11:38,Strong Yield (red),1,0
152,Florian,2024-10-03T04:11:38,Arcane Cussing (yellow),2,0
152,Florian,2024-10-03T04:11:38,Arcanic Spike (yellow),1,0
152,Florian,2024-10-03T04:11:38,Autumn's Touch (yellow),1,0
152,Florian,2024-10-03T04:11:38,Blossoming Decay (yellow),1,0
152,Florian,2024-10-03T04:11:38,Deadwood Dirge (yellow),1,0
152,Florian,2024-10-03T04:11:38,Fertile Ground (yellow),1,0
152,Florian,2024-10-03T04:11:38,Fruits of the Forest (yellow),1,0
152,Florian,2024-10-03T04:11:38,Harvest Season (yellow),1,0
152,Florian,2024-10-03T04:11:38,Hit the High Notes (yellow),1,0
152,Florian,2024-10-03T04:11:38,Meat and Greet (yellow),1,0
152,Florian,2024-10-03T04:11:38,Oath of the Arknight (yellow),1,0
152,Florian,2024-10-03T04:11:38,Runerager Swarm (yellow),1,0
152,Florian,2024-10-03T04:11:38,Strength of Four Seasons (yellow),2,0
152,Florian,2024-10-03T04:11:38,Summer's Fall (yellow),1,0
152,Florian,2024-10-03T04:11:38,Autumn's Touch (blue),1,0
152,Florian,2024-10-03T04:11:38,Blossoming Decay (blue),2,0
152,Florian,2024-10-03T04:11:38,Count Your Blessings (blue),1,0
152,Florian,2024-10-03T04:11:38,Earth Form (blue),1,0
152,Florian,2024-10-03T04:11:38,Fyendal's Fighting Spirit (blue),1,0
152,Florian,2024-10-03T04:11:38,Meat and Greet (blue),1,0
152,Florian,2024-10-03T04:11:38,Runerager Swarm (blue),1,0
152,Florian,2024-10-03T04:11:38,Sigil of Deadwood (blue),1,0
152,Florian,2024-10-03T04:11:38,Sigil of Earth (blue),1,0
152,Florian,2024-10-03T04:11:38,Sigil of Fyendal (blue),1,0
152,Florian,2024-10-03T04:11:38,Strong Yield (blue),1,0
152,Florian,2024-10-03T04:11:38,Four Finger Gloves,1,1
152,Florian,2024-10-03T04:11:38,Helm of Lignum Vitae,1,1
153,Oscilio,2024-10-03T04:25:19,Arcane Polarity (red),1,0
153,Oscilio,2024-10-03T04:25:19,Arcane Twining (red),1,0
153,Oscilio,2024-10-03T04:25:19,Brush Off (red),1,0
153,Oscilio,2024-10-03T04:25:19,Chorus of the Amphitheater (red),2,0
153,Oscilio,2024-10-03T04:25:19,Etchings of Arcana (red),1,0
153,Oscilio,2024-10-03T04:25:19,Exploding Aether (red),3,0
153,Oscilio,2024-10-03T04:25:19,Open the Flood Gates (red),1,0
153,Oscilio,2024-10-03T04:25:19,Photon Splicing (red),1,0
153,Oscilio,2024-10-03T04:25:19,Second Strike (red),2,0
153,Oscilio,2024-10-03T04:25:19,Trailblazing Aether (red),3,0
153,Oscilio,2024-10-03T04:25:19,Aether Quickening (yellow),1,0
153,Oscilio,2024-10-03T04:25:19,Arcane Twining (yellow),1,0
153,Oscilio,2024-10-03T04:25:19,Brush Off (yellow),1,0
153,Oscilio,2024-10-03T04:25:19,Etchings of Arcana (yellow),1,0
153,Oscilio,2024-10-03T04:25:19,Open the Flood Gates (yellow),1,0
153,Oscilio,2024-10-03T04:25:19,Arcane Polarity (blue),2,0
153,Oscilio,2024-10-03T04:25:19,Chorus of the Amphitheater (blue),1,0
153,Oscilio,2024-10-03T04:25:19,Electromagnetic Somersault (blue),1,0
153,Oscilio,2024-10-03T04:25:19,Etchings of Arcana (blue),1,0
153,Oscilio,2024-10-03T04:25:19,Flash (blue),1,0
153,Oscilio,2024-10-03T04:25:19,Fry (blue),2,0
153,Oscilio,2024-10-03T04:25:19,Fyendal's Fighting Spirit (blue),1,0
153,Oscilio,2024-10-03T04:25:19,Lightning Form (blue),1,0
153,Oscilio,2024-10-03T04:25:19,Photon Splicing (blue),1,0
153,Oscilio,2024-10-03T04:25:19,Sigil of Forethought (blue),1,0
153,Oscilio,2024-10-03T04:25:19,Sigil of Fyendal (blue),1,0
153,Oscilio,2024-10-03T04:25:19,Sigil of Lightning (blue),1,0
153,Oscilio,2024-10-03T04:25:19,Bruised Leather,1,1
153,Oscilio,2024-10-03T04:25:19,Flash of Brilliance,1,1
153,Oscilio,2024-10-03T04:25:19,Hold Focus,1,1
153,Oscilio,2024-10-03T04:25:19,Runaways,1,1
154,Aurora,2024-10-03T05:33:53,Blast to Oblivion (red),1,0
154,Aurora,2024-10-03T05:33:53,Brush Off (red),1,0
154,Aurora,2024-10-03T05:33:53,Burn Up // Shock (red),1,0
154,Aurora,2024-10-03T05:33:53,Eclectic Magnetism (red),1,0
154,Aurora,2024-10-03T05:33:53,Electromagnetic Somersault (red),2,0
154,Aurora,2024-10-03T05:33:53,Electrostatic Discharge (red),2,0
154,Aurora,2024-10-03T05:33:53,Fry (red),2,0
154,Aurora,2024-10-03T05:33:53,Hand Behind the Pen (red),1,0
154,Aurora,2024-10-03T05:33:53,Heaven's Claws (red),2,0
154,Aurora,2024-10-03T05:33:53,Lightning Form (red),1,0
154,Aurora,2024-10-03T05:33:53,Lightning Surge (red),2,0
154,Aurora,2024-10-03T05:33:53,Runerager Swarm (red),1,0
154,Aurora,2024-10-03T05:33:53,Second Strike (red),1,0
154,Aurora,2024-10-03T05:33:53,Trip the Light Fantastic (red),1,0
154,Aurora,2024-10-03T05:33:53,Arc Lightning (yellow),1,0
154,Aurora,2024-10-03T05:33:53,Channel Lightning Valley (yellow),1,0
154,Aurora,2024-10-03T05:33:53,Arcane Polarity (blue),1,0
154,Aurora,2024-10-03T05:33:53,Flash (blue),1,0
154,Aurora,2024-10-03T05:33:53,Flittering Charge (blue),2,0
154,Aurora,2024-10-03T05:33:53,Lightning Form (blue),2,0
154,Aurora,2024-10-03T05:33:53,Sigil of Conductivity (blue),1,0
154,Aurora,2024-10-03T05:33:53,Sigil of Deadwood (blue),1,0
154,Aurora,2024-10-03T05:33:53,Sigil of Lightning (blue),3,0
154,Aurora,2024-10-03T05:33:53,Trip the Light Fantastic (blue),1,0
154,Aurora,2024-10-03T05:33:53,Runehold Release,1,1
154,Aurora,2024-10-03T05:33:53,Twinkle Toes,1,1
155,Aurora,2024-10-03T08:26:14,Arcane Polarity (red),1,0
155,Aurora,2024-10-03T08:26:14,Consuming Volition (red),1,0
155,Aurora,2024-10-03T08:26:14,Deadwood Dirge (red),1,0
155,Aurora,2024-10-03T08:26:14,Electromagnetic Somersault (red),1,0
155,Aurora,2024-10-03T08:26:14,Electrostatic Discharge (red),1,0
155,Aurora,2024-10-03T08:26:14,Flash (red),2,0
155,Aurora,2024-10-03T08:26:14,Flittering Charge (red),2,0
155,Aurora,2024-10-03T08:26:14,Fry (red),1,0
155,Aurora,2024-10-03T08:26:14,Fyendal's Fighting Spirit (red),1,0
155,Aurora,2024-10-03T08:26:14,Heaven's Claws (red),2,0
155,Aurora,2024-10-03T08:26:14,Hit the High Notes (red),1,0
155,Aurora,2024-10-03T08:26:14,Lightning Surge (red),1,0
155,Aurora,2024-10-03T08:26:14,Second Strike (red),1,0
155,Aurora,2024-10-03T08:26:14,Smash Up (red),1,0
155,Aurora,2024-10-03T08:26:14,Blast to Oblivion (yellow),1,0
155,Aurora,2024-10-03T08:26:14,Brush Off (yellow),1,0
155,Aurora,2024-10-03T08:26:14,Consuming Volition (yellow),2,0
155,Aurora,2024-10-03T08:26:14,Electrostatic Discharge (yellow),1,0
155,Aurora,2024-10-03T08:26:14,Flash (yellow),1,0
155,Aurora,2024-10-03T08:26:14,Flittering Charge (yellow),1,0
155,Aurora,2024-10-03T08:26:14,Heaven's Claws (yellow),1,0
155,Aurora,2024-10-03T08:26:14,Hit the High Notes (yellow),2,0
155,Aurora,2024-10-03T08:26:14,Lightning Surge (yellow),1,0
155,Aurora,2024-10-03T08:26:14,Arcanic Spike (blue),1,0
155,Aurora,2024-10-03T08:26:14,Current Funnel (blue),1,0
155,Aurora,2024-10-03T08:26:14,Heaven's Claws (blue),1,0
155,Aurora,2024-10-03T08:26:14,Hit the High Notes (blue),1,0
155,Aurora,2024-10-03T08:26:14,Runerager Swarm (blue),1,0
155,Aurora,2024-10-03T08:26:14,Sigil of Lightning (blue),1,0
155,Aurora,2024-10-03T08:26:14,Sigil of the Arknight (blue),1,0
155,Aurora,2024-10-03T08:26:14,Trip the Light Fantastic (blue),3,0
155,Aurora,2024-10-03T08:26:14,Four Finger Gloves,1,1
155,Aurora,2024-10-03T08:26:14,Runaways,1,1
155,Aurora,2024-10-03T08:26:14,Runehold Release,1,1
156,Verdance,2024-10-03T11:35:31,Brush Off (red),1,0
156,Verdance,2024-10-03T11:35:31,Cadaverous Tilling (red),1,0
156,Verdance,2024-10-03T11:35:31,Count Your Blessings (red),1,0
156,Verdance,2024-10-03T11:35:31,Fertile Ground (red),2,0
156,Verdance,2024-10-03T11:35:31,Fruits of the Forest (red),1,0
156,Verdance,2024-10-03T11:35:31,Summer's Fall (red),2,0
156,Verdance,2024-10-03T11:35:31,Blossoming Decay (yellow),1,0
156,Verdance,2024-10-03T11:35:31,Cadaverous Tilling (yellow),1,0
156,Verdance,2024-10-03T11:35:31,Chorus of the Amphitheater (yellow),1,0
156,Verdance,2024-10-03T11:35:31,Count Your Blessings (yellow),3,0
156,Verdance,2024-10-03T11:35:31,Perennial Aetherbloom (yellow),1,0
156,Verdance,2024-10-03T11:35:31,Pop the Bubble (yellow),1,0
156,Verdance,2024-10-03T11:35:31,Strength of Four Seasons (yellow),1,0
156,Verdance,2024-10-03T11:35:31,Summer's Fall (yellow),1,0
156,Verdance,2024-10-03T11:35:31,Aether Quickening (blue),1,0
156,Verdance,2024-10-03T11:35:31,Arcane Polarity (blue),1,0
156,Verdance,2024-10-03T11:35:31,Brush Off (blue),1,0
156,Verdance,2024-10-03T11:35:31,Fertile Ground (blue),1,0
156,Verdance,2024-10-03T11:35:31,Harvest Season (blue),1,0
156,Verdance,2024-10-03T11:35:31,Overflow the Aetherwell (blue),1,0
156,Verdance,2024-10-03T11:35:31,Perennial Aetherbloom (blue),1,0
156,Verdance,2024-10-03T11:35:31,Photon Splicing (blue),1,0
156,Verdance,2024-10-03T11:35:31,Pop the Bubble (blue),1,0
156,Verdance,2024-10-03T11:35:31,Sigil of Earth (blue),1,0
156,Verdance,2024-10-03T11:35:31,Sigil of Sanctuary (blue),1,0
156,Verdance,2024-10-03T11:35:31,Strength of Four Seasons (blue),1,0
156,Verdance,2024-10-03T11:35:31,Strong Yield (blue),1,0
156,Verdance,2024-10-03T11:35:31,Summer's Fall (blue),1,0
156,Verdance,2024-10-03T11:35:31,Trailblazing Aether (blue),1,0
156,Verdance,2024-10-03T11:35:31,Hold Focus,1,1
156,Verdance,2024-10-03T11:35:31,Hood of Second Thoughts,1,1
156,Verdance,2024-10-03T11:35:31,Well Grounded,1,1
157,Florian,2024-10-03T11:45:34,Arcane Polarity (red),1,0
157,Florian,2024-10-03T11:45:34,Arcanic Spike (red),1,0
157,Florian,2024-10-03T11:45:34,Autumn's Touch (red),1,0
157,Florian,2024-10-03T11:45:34,Cadaverous Tilling (red),2,0
157,Florian,2024-10-03T11:45:34,Count Your Blessings (red),1,0
157,Florian,2024-10-03T11:45:34,Fyendal's Fighting Spirit (red),1,0
157,Florian,2024-10-03T11:45:34,Hocus Pocus (red),1,0
157,Florian,2024-10-03T11:45:34,Meat and Greet (red),1,0
157,Florian,2024-10-03T11:45:34,Oath of the Arknight (red),1,0
157,Florian,2024-10-03T11:45:34,Runerager Swarm (red),1,0
157,Florian,2024-10-03T11:45:34,Tongue Tied (red),1,0
157,Florian,2024-10-03T11:45:34,Arcane Cussing (yellow),1,0
157,Florian,2024-10-03T11:45:34,Arcanic Spike (yellow),1,0
157,Florian,2024-10-03T11:45:34,Autumn's Touch (yellow),1,0
157,Florian,2024-10-03T11:45:34,Consuming Volition (yellow),1,0
157,Florian,2024-10-03T11:45:34,Earth Form (yellow),1,0
157,Florian,2024-10-03T11:45:34,Fruits of the Forest (yellow),1,0
157,Florian,2024-10-03T11:45:34,Hit the High Notes (yellow),1,0
157,Florian,2024-10-03T11:45:34,Hocus Pocus (yellow),1,0
157,Florian,2024-10-03T11:45:34,Meat and Greet (yellow),1,0
157,Florian,2024-10-03T11:45:34,Oath of the Arknight (yellow),1,0
157,Florian,2024-10-03T11:45:34,Arcanic Spike (blue),1,0
157,Florian,2024-10-03T11:45:34,Deadwood Dirge (blue),1,0
157,Florian,2024-10-03T11:45:34,Fertile Ground (blue),1,0
157,Florian,2024-10-03T11:45:34,Fruits of the Forest (blue),1,0
157,Florian,2024-10-03T11:45:34,Fyendal's Fighting Spirit (blue),1,0
157,Florian,2024-10-03T11:45:34,Malefic Incantation (blue),1,0
157,Florian,2024-10-03T11:45:34,Runerager Swarm (blue),1,0
157,Florian,2024-10-03T11:45:34,Sigil of Cycles (blue),1,0
157,Florian,2024-10-03T11:45:34,Sigil of Deadwood (blue),1,0
157,Florian,2024-10-03T11:45:34,Sigil of Earth (blue),2,0
157,Florian,2024-10-03T11:45:34,Sigil of Sanctuary (blue),1,0
157,Florian,2024-10-03T11:45:34,Bloodtorn Bodice,1,1
157,Florian,2024-10-03T11:45:34,Helm of Lignum Vitae,1,1
157,Florian,2024-10-03T11:45:34,Runehold Release,1,1
157,Florian,2024-10-03T11:45:34,Well Grounded,1,1
158,Oscilio,2024-10-03T12:13:18,Arcane Twining (red),1,0
158,Oscilio,2024-10-03T12:13:18,Chorus of the Amphitheater (red),2,0
158,Oscilio,2024-10-03T12:13:18,Comet Storm // Shock (red),1,0
158,Oscilio,2024-10-03T12:13:18,Electrostatic Discharge (red),1,0
158,Oscilio,2024-10-03T12:13:18,Etchings of Arcana (red),1,0
158,Oscilio,2024-10-03T12:13:18,Exploding Aether (red),1,0
158,Oscilio,2024-10-03T12:13:18,Fry (red),1,0
158,Oscilio,2024-10-03T12:13:18,Hand Behind the Pen (red),1,0
158,Oscilio,2024-10-03T12:13:18,Overflow the Aetherwell (red),1,0
158,Oscilio,2024-10-03T12:13:18,Photon Splicing (red),1,0
158,Oscilio,2024-10-03T12:13:18,Aether Quickening (yellow),1,0
158,Oscilio,2024-10-03T12:13:18,Arcane Twining (yellow),1,0
158,Oscilio,2024-10-03T12:13:18,Flash (yellow),1,0
158,Oscilio,2024-10-03T12:13:18,Fyendal's Fighting Spirit (yellow),1,0
158,Oscilio,2024-10-03T12:13:18,Glyph Overlay (yellow),1,0
158,Oscilio,2024-10-03T12:13:18,Lightning Surge (yellow),2,0
158,Oscilio,2024-10-03T12:13:18,Null // Shock (yellow),1,0
158,Oscilio,2024-10-03T12:13:18,Perennial Aetherbloom (yellow),1,0
158,Oscilio,2024-10-03T12:13:18,Photon Splicing (yellow),1,0
158,Oscilio,2024-10-03T12:13:18,Second Strike (yellow),1,0
158,Oscilio,2024-10-03T12:13:18,Trip the Light Fantastic (yellow),1,0
158,Oscilio,2024-10-03T12:13:18,Aether Quickening (blue),1,0
158,Oscilio,2024-10-03T12:13:18,Arcane Polarity (blue),1,0
158,Oscilio,2024-10-03T12:13:18,Brush Off (blue),1,0
158,Oscilio,2024-10-03T12:13:18,Electromagnetic Somersault (blue),1,0
158,Oscilio,2024-10-03T12:13:18,Electrostatic Discharge (blue),1,0
158,Oscilio,2024-10-03T12:13:18,Exploding Aether (blue),1,0
158,Oscilio,2024-10-03T12:13:18,High Voltage (blue),1,0
158,Oscilio,2024-10-03T12:13:18,Open the Flood Gates (blue),1,0
158,Oscilio,2024-10-03T12:13:18,Sigil of Aether (blue),1,0
158,Oscilio,2024-10-03T12:13:18,Sigil of Conductivity (blue),1,0
158,Oscilio,2024-10-03T12:13:18,Sigil of Forethought (blue),1,0
158,Oscilio,2024-10-03T12:13:18,Sigil of Lightning (blue),1,0
158,Oscilio,2024-10-03T12:13:18,Sigil of Temporal Manipulation (blue),2,0
158,Oscilio,2024-10-03T12:13:18,Trip the Light Fantastic (blue),2,0
158,Oscilio,2024-10-03T12:13:18,Flash of Brilliance,1,1
158,Oscilio,2024-10-03T12:13:18,Four Finger Gloves,1,1
158,Oscilio,2024-10-03T12:13:18,Ink-lined Cloak,1,1
159,Florian,2024-10-03T14:11:21,Brush Off (red),1,0
159,Florian,2024-10-03T14:11:21,Cadaverous Tilling (red),1,0
159,Florian,2024-10-03T14:11:21,Fertile Ground (red),1,0
159,Florian,2024-10-03T14:11:21,Fyendal's Fighting Spirit (red),1,0
159,Florian,2024-10-03T14:11:21,Meat and Greet (red),1,0
159,Florian,2024-10-03T14:11:21,Strength of Four Seasons (red),1,0
159,Florian,2024-10-03T14:11:21,Arcane Polarity (yellow),3,0
159,Florian,2024-10-03T14:11:21,Arcanic Spike (yellow),1,0
159,Florian,2024-10-03T14:11:21,Autumn's Touch (yellow),1,0
159,Florian,2024-10-03T14:11:21,Cadaverous Tilling (yellow),1,0
159,Florian,2024-10-03T14:11:21,Deadwood Dirge (yellow),1,0
159,Florian,2024-10-03T14:11:21,Fertile Ground (yellow),1,0
159,Florian,2024-10-03T14:11:21,Fruits of the Forest (yellow),1,0
159,Florian,2024-10-03T14:11:21,Fyendal's Fighting Spirit (yellow),1,0
159,Florian,2024-10-03T14:11:21,Hocus Pocus (yellow),1,0
159,Florian,2024-10-03T14:11:21,Oath of the Arknight (yellow),1,0
159,Florian,2024-10-03T14:11:21,Rootbound Carapace (yellow),1,0
159,Florian,2024-10-03T14:11:21,Vantage Point (yellow),1,0
159,Florian,2024-10-03T14:11:21,Autumn's Touch (blue),1,0
159,Florian,2024-10-03T14:11:21,Cadaverous Tilling (blue),1,0
159,Florian,2024-10-03T14:11:21,Deadwood Dirge (blue),2,0
159,Florian,2024-10-03T14:11:21,Earth Form (blue),1,0
159,Florian,2024-10-03T14:11:21,Harvest Season (blue),1,0
159,Florian,2024-10-03T14:11:21,Hocus Pocus (blue),1,0
159,Florian,2024-10-03T14:11:21,Meat and Greet (blue),1,0
159,Florian,2024-10-03T14:11:21,Runerager Swarm (blue),2,0
159,Florian,2024-10-03T14:11:21,Sigil of Deadwood (blue),1,0
159,Florian,2024-10-03T14:11:21,Strength of Four Seasons (blue),1,0
159,Florian,2024-10-03T14:11:21,Runehold Release,1,1
159,Florian,2024-10-03T14:11:21,Well Grounded,1,1
160,Verdance,2024-10-03T16:11:03,Aether Quickening (red),1,0
160,Verdance,2024-10-03T16:11:03,Arcane Twining (red),1,0
160,Verdance,2024-10-03T16:11:03,Chorus of the Amphitheater (red),1,0
160,Verdance,2024-10-03T16:11:03,Exploding Aether (red),2,0
160,Verdance,2024-10-03T16:11:03,Overflow the Aetherwell (red),1,0
160,Verdance,2024-10-03T16:11:03,Photon Splicing (red),2,0
160,Verdance,2024-10-03T16:11:03,Pulsing Aether // Life (red),2,0
160,Verdance,2024-10-03T16:11:03,Trailblazing Aether (red),2,0
160,Verdance,2024-10-03T16:11:03,Aether Quickening (yellow),1,0
160,Verdance,2024-10-03T16:11:03,Arcane Twining (yellow),2,0
160,Verdance,2024-10-03T16:11:03,Brush Off (yellow),1,0
160,Verdance,2024-10-03T16:11:03,Overflow the Aetherwell (yellow),1,0
160,Verdance,2024-10-03T16:11:03,Photon Splicing (yellow),2,0
160,Verdance,2024-10-03T16:11:03,Pop the Bubble (yellow),1,0
160,Verdance,2024-10-03T16:11:03,Trailblazing Aether (yellow),1,0
160,Verdance,2024-10-03T16:11:03,Arcane Polarity (blue),3,0
160,Verdance,2024-10-03T16:11:03,Arcane Twining (blue),2,0
160,Verdance,2024-10-03T16:11:03,Cadaverous Tilling (blue),1,0
160,Verdance,2024-10-03T16:11:03,Etchings of Arcana (blue),1,0
160,Verdance,2024-10-03T16:11:03,Exploding Aether (blue),1,0
160,Verdance,2024-10-03T16:11:03,Overflow the Aetherwell (blue),1,0
160,Verdance,2024-10-03T16:11:03,Perennial Aetherbloom (blue),1,0
160,Verdance,2024-10-03T16:11:03,Photon Splicing (blue),2,0
160,Verdance,2024-10-03T16:11:03,Sigil of Earth (blue),2,0
160,Verdance,2024-10-03T16:11:03,Sigil of Forethought (blue),1,0
160,Verdance,2024-10-03T16:11:03,Sigil of Temporal Manipulation (blue),1,0
160,Verdance,2024-10-03T16:11:03,Bruised Leather,1,1
160,Verdance,2024-10-03T16:11:03,Hold Focus,1,1
160,Verdance,2024-10-03T16:11:03,Hood of Second Thoughts,1,1
160,Verdance,2024-10-03T16:11:03,Runaways,1,1
161,Florian,2024-10-03T16:32:21,Arcane Cussing (red),2,0
161,Florian,2024-10-03T16:32:21,Autumn's Touch (red),1,0
161,Florian,2024-10-03T16:32:21,Brush Off (red),1,0
161,Florian,2024-10-03T16:32:21,Deadwood Dirge (red),3,0
161,Florian,2024-10-03T16:32:21,Fruits of the Forest (red),1,0
161,Florian,2024-10-03T16:32:21,Fyendal's Fighting Spirit (red),1,0
161,Florian,2024-10-03T16:32:21,Hit the High Notes (red),1,0
161,Florian,2024-10-03T16:32:21,Runerager Swarm (red),2,0
161,Florian,2024-10-03T16:32:21,Splintering Deadwood (red),1,0
161,Florian,2024-10-03T16:32:21,Arcane Cussing (yellow),1,0
161,Florian,2024-10-03T16:32:21,Arcane Polarity (yellow),1,0
161,Florian,2024-10-03T16:32:21,Deadwood Dirge (yellow),2,0
161,Florian,2024-10-03T16:32:21,Harvest Season (yellow),1,0
161,Florian,2024-10-03T16:32:21,Oath of the Arknight (yellow),3,0
161,Florian,2024-10-03T16:32:21,Rootbound Carapace (yellow),1,0
161,Florian,2024-10-03T16:32:21,Strength of Four Seasons (yellow),1,0
161,Florian,2024-10-03T16:32:21,Strong Yield (yellow),1,0
161,Florian,2024-10-03T16:32:21,Arcane Cussing (blue),1,0
161,Florian,2024-10-03T16:32:21,Autumn's Touch (blue),1,0
161,Florian,2024-10-03T16:32:21,Cadaverous Tilling (blue),1,0
161,Florian,2024-10-03T16:32:21,Fruits of the Forest (blue),1,0
161,Florian,2024-10-03T16:32:21,Hocus Pocus (blue),1,0
161,Florian,2024-10-03T16:32:21,Oath of the Arknight (blue),2,0
161,Florian,2024-10-03T16:32:21,Rootbound Carapace (blue),1,0
161,Florian,2024-10-03T16:32:21,Sigil of Deadwood (blue),2,0
161,Florian,2024-10-03T16:32:21,Sigil of Fyendal (blue),1,0
161,Florian,2024-10-03T16:32:21,Splintering Deadwood (blue),1,0
161,Florian,2024-10-03T16:32:21,Strong Yield (blue),1,0
161,Florian,2024-10-03T16:32:21,Bloodtorn Bodice,1,1
161,Florian,2024-10-03T16:32:21,Helm of Lignum Vitae,1,1
161,Florian,2024-10-03T16:32:21,Well Grounded,1,1
162,Aurora,2024-10-03T16:41:59,Blast to Oblivion (red),1,0
162,Aurora,2024-10-03T16:41:59,Brush Off (red),1,0
162,Aurora,2024-10-03T16:41:59,Eclectic Magnetism (red),1,0
162,Aurora,2024-10-03T16:41:59,Electromagnetic Somersault (red),1,0
162,Aurora,2024-10-03T16:41:59,Electrostatic Discharge (red),1,0
162,Aurora,2024-10-03T16:41:59,Flittering Charge (red),1,0
162,Aurora,2024-10-03T16:41:59,Hocus Pocus (red),1,0
162,Aurora,2024-10-03T16:41:59,Lightning Surge (red),1,0
162,Aurora,2024-10-03T16:41:59,Malefic Incantation (red),1,0
162,Aurora,2024-10-03T16:41:59,Meat and Greet (red),1,0
162,Aurora,2024-10-03T16:41:59,Trip the Light Fantastic (red),2,0
162,Aurora,2024-10-03T16:41:59,Arcanic Spike (yellow),1,0
162,Aurora,2024-10-03T16:41:59,Consuming Volition (yellow),1,0
162,Aurora,2024-10-03T16:41:59,Flittering Charge (yellow),1,0
162,Aurora,2024-10-03T16:41:59,Fry (yellow),1,0
162,Aurora,2024-10-03T16:41:59,Heaven's Claws (yellow),1,0
162,Aurora,2024-10-03T16:41:59,Lightning Form (yellow),1,0
162,Aurora,2024-10-03T16:41:59,Lightning Surge (yellow),1,0
162,Aurora,2024-10-03T16:41:59,Oath of the Arknight (yellow),1,0
162,Aurora,2024-10-03T16:41:59,Trip the Light Fantastic (yellow),1,0
162,Aurora,2024-10-03T16:41:59,Vantage Point (yellow),2,0
162,Aurora,2024-10-03T16:41:59,Blast to Oblivion (blue),1,0
162,Aurora,2024-10-03T16:41:59,Condemn to Slaughter (blue),1,0
162,Aurora,2024-10-03T16:41:59,Electrostatic Discharge (blue),2,0
162,Aurora,2024-10-03T16:41:59,Flittering Charge (blue),1,0
162,Aurora,2024-10-03T16:41:59,Heaven's Claws (blue),2,0
162,Aurora,2024-10-03T16:41:59,Sigil of Conductivity (blue),1,0
162,Aurora,2024-10-03T16:41:59,Sigil of Deadwood (blue),1,0
162,Aurora,2024-10-03T16:41:59,Sigil of Lightning (blue),2,0
162,Aurora,2024-10-03T16:41:59,Trip the Light Fantastic (blue),1,0
162,Aurora,2024-10-03T16:41:59,Flash of Brilliance,1,1
162,Aurora,2024-10-03T16:41:59,Runehold Release,1,1
162,Aurora,2024-10-03T16:41:59,Twinkle Toes,1,1
163,Aurora,2024-10-03T17:38:56,Arcanic Spike (red),1,0
163,Aurora,2024-10-03T17:38:56,Blast to Oblivion (red),1,0
163,Aurora,2024-10-03T17:38:56,Burn Up // Shock (red),2,0
163,Aurora,2024-10-03T17:38:56,Electrostatic Discharge (red),1,0
163,Aurora,2024-10-03T17:38:56,Flittering Charge (red),1,0
163,Aurora,2024-10-03T17:38:56,Fry (red),1,0
163,Aurora,2024-10-03T17:38:56,Hand Behind the Pen (red),2,0
163,Aurora,2024-10-03T17:38:56,Heaven's Claws (red),1,0
163,Aurora,2024-10-03T17:38:56,Hit the High Notes (red),1,0
163,Aurora,2024-10-03T17:38:56,Hocus Pocus (red),2,0
163,Aurora,2024-10-03T17:38:56,Tongue Tied (red),1,0
163,Aurora,2024-10-03T17:38:56,Flittering Charge (yellow),2,0
163,Aurora,2024-10-03T17:38:56,Heaven's Claws (yellow),2,0
163,Aurora,2024-10-03T17:38:56,Hit the High Notes (yellow),1,0
163,Aurora,2024-10-03T17:38:56,Lightning Form (yellow),2,0
163,Aurora,2024-10-03T17:38:56,Second Strike (yellow),2,0
163,Aurora,2024-10-03T17:38:56,Trip the Light Fantastic (yellow),1,0
163,Aurora,2024-10-03T17:38:56,Arcane Cussing (blue),1,0
163,Aurora,2024-10-03T17:38:56,Count Your Blessings (blue),1,0
163,Aurora,2024-10-03T17:38:56,Current Funnel (blue),2,0
163,Aurora,2024-10-03T17:38:56,Electrostatic Discharge (blue),1,0
163,Aurora,2024-10-03T17:38:56,Flash (blue),2,0
163,Aurora,2024-10-03T17:38:56,Fyendal's Fighting Spirit (blue),1,0
163,Aurora,2024-10-03T17:38:56,Heaven's Claws (blue),1,0
163,Aurora,2024-10-03T17:38:56,Lightning Form (blue),1,0
163,Aurora,2024-10-03T17:38:56,Second Strike (blue),1,0
163,Aurora,2024-10-03T17:38:56,Sigil of Lightning (blue),1,0
163,Aurora,2024-10-03T17:38:56,Sigil of the Arknight (blue),1,0
163,Aurora,2024-10-03T17:38:56,Bruised Leather,1,1
163,Aurora,2024-10-03T17:38:56,Flash of Brilliance,1,1
163,Aurora,2024-10-03T17:38:56,Four Finger Gloves,1,1
164,Aurora,2024-10-03T18:00:26,Arcane Polarity (red),1,0
164,Aurora,2024-10-03T18:00:26,Brush Off (red),1,0
164,Aurora,2024-10-03T18:00:26,Consuming Volition (red),1,0
164,Aurora,2024-10-03T18:00:26,Electromagnetic Somersault (red),1,0
164,Aurora,2024-10-03T18:00:26,Electrostatic Discharge (red),2,0
164,Aurora,2024-10-03T18:00:26,Flittering Charge (red),1,0
164,Aurora,2024-10-03T18:00:26,Fry (red),1,0
164,Aurora,2024-10-03T18:00:26,Fyendal's Fighting Spirit (red),1,0
164,Aurora,2024-10-03T18:00:26,Hit the High Notes (red),1,0
164,Aurora,2024-10-03T18:00:26,Oath of the Arknight (red),1,0
164,Aurora,2024-10-03T18:00:26,Snuff Out (red),1,0
164,Aurora,2024-10-03T18:00:26,Ten Foot Tall and Bulletproof (red),1,0
164,Aurora,2024-10-03T18:00:26,Trip the Light Fantastic (red),2,0
164,Aurora,2024-10-03T18:00:26,Arcane Polarity (yellow),1,0
164,Aurora,2024-10-03T18:00:26,Blast to Oblivion (yellow),1,0
164,Aurora,2024-10-03T18:00:26,Flittering Charge (yellow),1,0
164,Aurora,2024-10-03T18:00:26,Fry (yellow),1,0
164,Aurora,2024-10-03T18:00:26,Heaven's Claws (yellow),1,0
164,Aurora,2024-10-03T18:00:26,Hit the High Notes (yellow),1,0
164,Aurora,2024-10-03T18:00:26,Runerager Swarm (yellow),1,0
164,Aurora,2024-10-03T18:00:26,Splintering Deadwood (yellow),1,0
164,Aurora,2024-10-03T18:00:26,Trip the Light Fantastic (yellow),1,0
164,Aurora,2024-10-03T18:00:26,Arcane Cussing (blue),1,0
164,Aurora,2024-10-03T18:00:26,Arcane Polarity (blue),1,0
164,Aurora,2024-10-03T18:00:26,Arcanic Spike (blue),1,0
164,Aurora,2024-10-03T18:00:26,Condemn to Slaughter (blue),1,0
164,Aurora,2024-10-03T18:00:26,Consuming Volition (blue),1,0
164,Aurora,2024-10-03T18:00:26,Deadwood Dirge (blue),1,0
164,Aurora,2024-10-03T18:00:26,Flash (blue),1,0
164,Aurora,2024-10-03T18:00:26,Heaven's Claws (blue),1,0
164,Aurora,2024-10-03T18:00:26,Hocus Pocus (blue),1,0
164,Aurora,2024-10-03T18:00:26,Lightning Surge (blue),1,0
164,Aurora,2024-10-03T18:00:26,Runerager Swarm (blue),1,0
164,Aurora,2024-10-03T18:00:26,Second Strike (blue),1,0
164,Aurora,2024-10-03T18:00:26,Sigil of Conductivity (blue),1,0
164,Aurora,2024-10-03T18:00:26,Trip the Light Fantastic (blue),1,0
164,Aurora,2024-10-03T18:00:26,Flash of Brilliance,1,1
164,Aurora,2024-10-03T18:00:26,Runehold Release,1,1
164,Aurora,2024-10-03T18:00:26,Twinkle Toes,1,1
165,Verdance,2024-10-03T18:55:29,Arcane Polarity (red),2,0
165,Verdance,2024-10-03T18:55:29,Arcane Twining (red),1,0
165,Verdance,2024-10-03T18:55:29,Earth Form (red),1,0
165,Verdance,2024-10-03T18:55:29,Etchings of Arcana (red),1,0
165,Verdance,2024-10-03T18:55:29,Exploding Aether (red),1,0
165,Verdance,2024-10-03T18:55:29,Fertile Ground (red),1,0
165,Verdance,2024-10-03T18:55:29,Fyendal's Fighting Spirit (red),1,0
165,Verdance,2024-10-03T18:55:29,Rootbound Carapace (red),1,0
165,Verdance,2024-10-03T18:55:29,Save the Thought (red),1,0
165,Verdance,2024-10-03T18:55:29,Arcane Polarity (yellow),1,0
165,Verdance,2024-10-03T18:55:29,Blossoming Decay (yellow),1,0
165,Verdance,2024-10-03T18:55:29,Etchings of Arcana (yellow),1,0
165,Verdance,2024-10-03T18:55:29,Exploding Aether (yellow),1,0
165,Verdance,2024-10-03T18:55:29,Fruits of the Forest (yellow),1,0
165,Verdance,2024-10-03T18:55:29,Perennial Aetherbloom (yellow),1,0
165,Verdance,2024-10-03T18:55:29,Photon Splicing (yellow),3,0
165,Verdance,2024-10-03T18:55:29,Aether Quickening (blue),1,0
165,Verdance,2024-10-03T18:55:29,Brush Off (blue),1,0
165,Verdance,2024-10-03T18:55:29,Etchings of Arcana (blue),1,0
165,Verdance,2024-10-03T18:55:29,Fertile Ground (blue),1,0
165,Verdance,2024-10-03T18:55:29,Fyendal's Fighting Spirit (blue),1,0
165,Verdance,2024-10-03T18:55:29,Heartbeat of Candlehold (blue),1,0
165,Verdance,2024-10-03T18:55:29,Perennial Aetherbloom (blue),1,0
165,Verdance,2024-10-03T18:55:29,Photon Splicing (blue),1,0
165,Verdance,2024-10-03T18:55:29,Pop the Bubble (blue),1,0
165,Verdance,2024-10-03T18:55:29,Sigil of Earth (blue),3,0
165,Verdance,2024-10-03T18:55:29,Sigil of Fyendal (blue),1,0
165,Verdance,2024-10-03T18:55:29,Sigil of Sanctuary (blue),1,0
165,Verdance,2024-10-03T18:55:29,Sigil of Temporal Manipulation (blue),1,0
165,Verdance,2024-10-03T18:55:29,Helm of Lignum Vitae,1,1
165,Verdance,2024-10-03T18:55:29,Hold Focus,1,1
165,Verdance,2024-10-03T18:55:29,Well Grounded,1,1
166,Florian,2024-10-03T19:36:37,Arcane Seeds // Life (red),1,0
166,Florian,2024-10-03T19:36:37,Autumn's Touch (red),2,0
166,Florian,2024-10-03T19:36:37,Blossoming Decay (red),1,0
166,Florian,2024-10-03T19:36:37,Count Your Blessings (red),1,0
166,Florian,2024-10-03T19:36:37,Fruits of the Forest (red),1,0
166,Florian,2024-10-03T19:36:37,Harvest Season (red),3,0
166,Florian,2024-10-03T19:36:37,Oath of the Arknight (red),1,0
166,Florian,2024-10-03T19:36:37,Strength of Four Seasons (red),2,0
166,Florian,2024-10-03T19:36:37,Autumn's Touch (yellow),2,0
166,Florian,2024-10-03T19:36:37,Blossoming Decay (yellow),1,0
166,Florian,2024-10-03T19:36:37,Brush Off (yellow),1,0
166,Florian,2024-10-03T19:36:37,Cadaverous Tilling (yellow),1,0
166,Florian,2024-10-03T19:36:37,Consuming Volition (yellow),2,0
166,Florian,2024-10-03T19:36:37,Earth Form (yellow),1,0
166,Florian,2024-10-03T19:36:37,Fruits of the Forest (yellow),1,0
166,Florian,2024-10-03T19:36:37,Fyendal's Fighting Spirit (yellow),1,0
166,Florian,2024-10-03T19:36:37,Harvest Season (yellow),1,0
166,Florian,2024-10-03T19:36:37,Strength of Four Seasons (yellow),1,0
166,Florian,2024-10-03T19:36:37,Strong Yield (yellow),1,0
166,Florian,2024-10-03T19:36:37,Summer's Fall (yellow),1,0
166,Florian,2024-10-03T19:36:37,Autumn's Touch (blue),1,0
166,Florian,2024-10-03T19:36:37,Deadwood Dirge (blue),1,0
166,Florian,2024-10-03T19:36:37,Earth Form (blue),1,0
166,Florian,2024-10-03T19:36:37,Fertile Ground (blue),1,0
166,Florian,2024-10-03T19:36:37,Harvest Season (blue),1,0
166,Florian,2024-10-03T19:36:37,Oath of the Arknight (blue),1,0
166,Florian,2024-10-03T19:36:37,Rootbound Carapace (blue),1,0
166,Florian,2024-10-03T19:36:37,Sigil of Deadwood (blue),1,0
166,Florian,2024-10-03T19:36:37,Sigil of Sanctuary (blue),1,0
166,Florian,2024-10-03T19:36:37,Strong Yield (blue),1,0
166,Florian,2024-10-03T19:36:37,Summer's Fall (blue),1,0
166,Florian,2024-10-03T19:36:37,Vantage Point (blue),2,0
166,Florian,2024-10-03T19:36:37,Helm of Lignum Vitae,1,1
166,Florian,2024-10-03T19:36:37,Runaways,1,1
167,Verdance,2024-10-03T21:20:47,Aether Quickening (red),1,0
167,Verdance,2024-10-03T21:20:47,Arcane Twining (red),1,0
167,Verdance,2024-10-03T21:20:47,Brush Off (red),1,0
167,Verdance,2024-10-03T21:20:47,Chorus of the Amphitheater (red),1,0
167,Verdance,2024-10-03T21:20:47,Earth Form (red),1,0
167,Verdance,2024-10-03T21:20:47,Etchings of Arcana (red),2,0
167,Verdance,2024-10-03T21:20:47,Fruits of the Forest (red),1,0
167,Verdance,2024-10-03T21:20:47,Perennial Aetherbloom (red),2,0
167,Verdance,2024-10-03T21:20:47,Photon Splicing (red),1,0
167,Verdance,2024-10-03T21:20:47,Pulsing Aether // Life (red),2,0
167,Verdance,2024-10-03T21:20:47,Tongue Tied (red),1,0
167,Verdance,2024-10-03T21:20:47,Trailblazing Aether (red),1,0
167,Verdance,2024-10-03T21:20:47,Perennial Aetherbloom (yellow),1,0
167,Verdance,2024-10-03T21:20:47,Trailblazing Aether (yellow),1,0
167,Verdance,2024-10-03T21:20:47,Aether Quickening (blue),1,0
167,Verdance,2024-10-03T21:20:47,Arcane Twining (blue),2,0
167,Verdance,2024-10-03T21:20:47,Autumn's Touch (blue),1,0
167,Verdance,2024-10-03T21:20:47,Exploding Aether (blue),1,0
167,Verdance,2024-10-03T21:20:47,Harvest Season (blue),1,0
167,Verdance,2024-10-03T21:20:47,Open the Flood Gates (blue),1,0
167,Verdance,2024-10-03T21:20:47,Photon Splicing (blue),2,0
167,Verdance,2024-10-03T21:20:47,Sigil of Earth (blue),1,0
167,Verdance,2024-10-03T21:20:47,Trailblazing Aether (blue),3,0
167,Verdance,2024-10-03T21:20:47,Helm of Lignum Vitae,1,1
167,Verdance,2024-10-03T21:20:47,Ink-lined Cloak,1,1
167,Verdance,2024-10-03T21:20:47,Runaways,1,1
168,Verdance,2024-10-03T21:36:38,Aether Quickening (red),1,0
168,Verdance,2024-10-03T21:36:38,Arcane Twining (red),1,0
168,Verdance,2024-10-03T21:36:38,Blossoming Decay (red),1,0
168,Verdance,2024-10-03T21:36:38,Channel the Millennium Tree (red),1,0
168,Verdance,2024-10-03T21:36:38,Etchings of Arcana (red),2,0
168,Verdance,2024-10-03T21:36:38,Exploding Aether (red),1,0
168,Verdance,2024-10-03T21:36:38,Fertile Ground (red),1,0
168,Verdance,2024-10-03T21:36:38,Fruits of the Forest (red),1,0
168,Verdance,2024-10-03T21:36:38,Perennial Aetherbloom (red),1,0
168,Verdance,2024-10-03T21:36:38,Photon Splicing (red),1,0
168,Verdance,2024-10-03T21:36:38,Strength of Four Seasons (red),1,0
168,Verdance,2024-10-03T21:36:38,Trailblazing Aether (red),1,0
168,Verdance,2024-10-03T21:36:38,Arcane Polarity (yellow),1,0
168,Verdance,2024-10-03T21:36:38,Blossoming Decay (yellow),1,0
168,Verdance,2024-10-03T21:36:38,Exploding Aether (yellow),1,0
168,Verdance,2024-10-03T21:36:38,Fertile Ground (yellow),2,0
168,Verdance,2024-10-03T21:36:38,Fruits of the Forest (yellow),1,0
168,Verdance,2024-10-03T21:36:38,Overflow the Aetherwell (yellow),1,0
168,Verdance,2024-10-03T21:36:38,Photon Splicing (yellow),1,0
168,Verdance,2024-10-03T21:36:38,Pop the Bubble (yellow),1,0
168,Verdance,2024-10-03T21:36:38,Rootbound Carapace (yellow),1,0
168,Verdance,2024-10-03T21:36:38,Trailblazing Aether (yellow),1,0
168,Verdance,2024-10-03T21:36:38,Arcane Twining (blue),1,0
168,Verdance,2024-10-03T21:36:38,Blossoming Decay (blue),1,0
168,Verdance,2024-10-03T21:36:38,Cadaverous Tilling (blue),1,0
168,Verdance,2024-10-03T21:36:38,Exploding Aether (blue),1,0
168,Verdance,2024-10-03T21:36:38,Fyendal's Fighting Spirit (blue),1,0
168,Verdance,2024-10-03T21:36:38,Glyph Overlay (blue),1,0
168,Verdance,2024-10-03T21:36:38,Perennial Aetherbloom (blue),1,0
168,Verdance,2024-10-03T21:36:38,Photon Splicing (blue),1,0
168,Verdance,2024-10-03T21:36:38,Pop the Bubble (blue),1,0
168,Verdance,2024-10-03T21:36:38,Rootbound Carapace (blue),1,0
168,Verdance,2024-10-03T21:36:38,Save the Thought (blue),1,0
168,Verdance,2024-10-03T21:36:38,Sigil of Fyendal (blue),1,0
168,Verdance,2024-10-03T21:36:38,Sigil of Temporal Manipulation (blue),2,0
168,Verdance,2024-10-03T21:36:38,Strong Yield (blue),1,0
168,Verdance,2024-10-03T21:36:38,Ink-lined Cloak,1,1
168,Verdance,2024-10-03T21:36:38,Well Grounded,1,1
169,Verdance,2024-10-03T21:38:58,Aether Quickening (red),1,0
169,Verdance,2024-10-03T21:38:58,Brush Off (red),1,0
169,Verdance,2024-10-03T21:38:58,Cadaverous Tilling (red),1,0
169,Verdance,2024-10-03T21:38:58,Fruits of the Forest (red),2,0
169,Verdance,2024-10-03T21:38:58,Pulsing Aether // Life (red),2,0
169,Verdance,2024-10-03T21:38:58,Rootbound Carapace (red),1,0
169,Verdance,2024-10-03T21:38:58,Strength of Four Seasons (red),2,0
169,Verdance,2024-10-03T21:38:58,Strong Yield (red),2,0
169,Verdance,2024-10-03T21:38:58,Aether Quickening (yellow),1,0
169,Verdance,2024-10-03T21:38:58,Arcane Polarity (yellow),1,0
169,Verdance,2024-10-03T21:38:58,Arcane Twining (yellow),1,0
169,Verdance,2024-10-03T21:38:58,Cadaverous Tilling (yellow),1,0
169,Verdance,2024-10-03T21:38:58,Fertile Ground (yellow),1,0
169,Verdance,2024-10-03T21:38:58,Fruits of the Forest (yellow),1,0
169,Verdance,2024-10-03T21:38:58,Perennial Aetherbloom (yellow),2,0
169,Verdance,2024-10-03T21:38:58,Summer's Fall (yellow),1,0
169,Verdance,2024-10-03T21:38:58,Trailblazing Aether (yellow),2,0
169,Verdance,2024-10-03T21:38:58,Aether Quickening (blue),1,0
169,Verdance,2024-10-03T21:38:58,Cadaverous Tilling (blue),1,0
169,Verdance,2024-10-03T21:38:58,Etchings of Arcana (blue),2,0
169,Verdance,2024-10-03T21:38:58,Open the Flood Gates (blue),1,0
169,Verdance,2024-10-03T21:38:58,Perennial Aetherbloom (blue),1,0
169,Verdance,2024-10-03T21:38:58,Sigil of Earth (blue),1,0
169,Verdance,2024-10-03T21:38:58,Sigil of Forethought (blue),1,0
169,Verdance,2024-10-03T21:38:58,Strength of Four Seasons (blue),1,0
169,Verdance,2024-10-03T21:38:58,Trailblazing Aether (blue),1,0
169,Verdance,2024-10-03T21:38:58,Helm of Lignum Vitae,1,1
169,Verdance,2024-10-03T21:38:58,Hold Focus,1,1
169,Verdance,2024-10-03T21:38:58,Ink-lined Cloak,1,1
169,Verdance,2024-10-03T21:38:58,Runaways,1,1
169,Verdance,2024-10-03T21:38:58,Well Grounded,1,1
170,Aurora,2024-10-03T22:23:04,Burn Up // Shock (red),1,0
170,Aurora,2024-10-03T22:23:04,Deadwood Dirge (red),1,0
170,Aurora,2024-10-03T22:23:04,Electrostatic Discharge (red),1,0
170,Aurora,2024-10-03T22:23:04,Flittering Charge (red),1,0
170,Aurora,2024-10-03T22:23:04,Heaven's Claws (red),1,0
170,Aurora,2024-10-03T22:23:04,Hit the High Notes (red),1,0
170,Aurora,2024-10-03T22:23:04,Hocus Pocus (red),2,0
170,Aurora,2024-10-03T22:23:04,Lightning Surge (red),1,0
170,Aurora,2024-10-03T22:23:04,Malefic Incantation (red),1,0
170,Aurora,2024-10-03T22:23:04,Oath of the Arknight (red),1,0
170,Aurora,2024-10-03T22:23:04,Second Strike (red),1,0
170,Aurora,2024-10-03T22:23:04,Arcanic Spike (yellow),1,0
170,Aurora,2024-10-03T22:23:04,Brush Off (yellow),1,0
170,Aurora,2024-10-03T22:23:04,Electromagnetic Somersault (yellow),1,0
170,Aurora,2024-10-03T22:23:04,Fyendal's Fighting Spirit (yellow),1,0
170,Aurora,2024-10-03T22:23:04,Heaven's Claws (yellow),1,0
170,Aurora,2024-10-03T22:23:04,Hit the High Notes (yellow),1,0
170,Aurora,2024-10-03T22:23:04,Splintering Deadwood (yellow),1,0
170,Aurora,2024-10-03T22:23:04,Vaporize // Shock (yellow),1,0
170,Aurora,2024-10-03T22:23:04,Arcanic Spike (blue),3,0
170,Aurora,2024-10-03T22:23:04,Fyendal's Fighting Spirit (blue),1,0
170,Aurora,2024-10-03T22:23:04,Hit the High Notes (blue),1,0
170,Aurora,2024-10-03T22:23:04,Hocus Pocus (blue),2,0
170,Aurora,2024-10-03T22:23:04,Lightning Surge (blue),1,0
170,Aurora,2024-10-03T22:23:04,Runerager Swarm (blue),1,0
170,Aurora,2024-10-03T22:23:04,Second Strike (blue),1,0
170,Aurora,2024-10-03T22:23:04,Trip the Light Fantastic (blue),1,0
170,Aurora,2024-10-03T22:23:04,Four Finger Gloves,1,1
170,Aurora,2024-10-03T22:23:04,Hood of Second Thoughts,1,1
170,Aurora,2024-10-03T22:23:04,Twinkle Toes,1,1
171,Florian,2024-10-03T23:49:23,Arcane Cussing (red),1,0
171,Florian,2024-10-03T23:49:23,Arcane Seeds // Life (red),1,0
171,Florian,2024-10-03T23:49:23,Arcanic Spike (red),1,0
171,Florian,2024-10-03T23:49:23,Consuming Volition (red),1,0
171,Florian,2024-10-03T23:49:23,Deadwood Dirge (red),1,0
171,Florian,2024-10-03T23:49:23,Hit the High Notes (red),1,0
171,Florian,2024-10-03T23:49:23,Runerager Swarm (red),1,0
171,Florian,2024-10-03T23:49:23,Strong Yield (red),1,0
171,Florian,2024-10-03T23:49:23,Arcane Cussing (yellow),1,0
171,Florian,2024-10-03T23:49:23,Arcane Polarity (yellow),1,0
171,Florian,2024-10-03T23:49:23,Blossoming Decay (yellow),1,0
171,Florian,2024-10-03T23:49:23,Brush Off (yellow),1,0
171,Florian,2024-10-03T23:49:23,Deadwood Dirge (yellow),1,0
171,Florian,2024-10-03T23:49:23,Fyendal's Fighting Spirit (yellow),1,0
171,Florian,2024-10-03T23:49:23,Hit the High Notes (yellow),1,0
171,Florian,2024-10-03T23:49:23,Meat and Greet (yellow),1,0
171,Florian,2024-10-03T23:49:23,Splintering Deadwood (yellow),1,0
171,Florian,2024-10-03T23:49:23,Strength of Four Seasons (yellow),1,0
171,Florian,2024-10-03T23:49:23,Arcanic Spike (blue),1,0
171,Florian,2024-10-03T23:49:23,Autumn's Touch (blue),1,0
171,Florian,2024-10-03T23:49:23,Blossoming Decay (blue),1,0
171,Florian,2024-10-03T23:49:23,Condemn to Slaughter (blue),1,0
171,Florian,2024-10-03T23:49:23,Deadwood Dirge (blue),1,0
171,Florian,2024-10-03T23:49:23,Fruits of the Forest (blue),1,0
171,Florian,2024-10-03T23:49:23,Germinate (blue),1,0
171,Florian,2024-10-03T23:49:23,Harvest Season (blue),1,0
171,Florian,2024-10-03T23:49:23,Hit the High Notes (blue),1,0
171,Florian,2024-10-03T23:49:23,Sigil of Earth (blue),1,0
171,Florian,2024-10-03T23:49:23,Splintering Deadwood (blue),1,0
171,Florian,2024-10-03T23:49:23,Strong Yield (blue),1,0
171,Florian,2024-10-03T23:49:23,Bloodtorn Bodice,1,1
171,Florian,2024-10-03T23:49:23,Helm of Lignum Vitae,1,1
171,Florian,2024-10-03T23:49:23,Runaways,1,1
171,Florian,2024-10-03T23:49:23,Runehold Release,1,1
172,Florian,2024-10-03T23:55:41,Arcane Cussing (red),1,0
172,Florian,2024-10-03T23:55:41,Arcane Polarity (red),1,0
172,Florian,2024-10-03T23:55:41,Arcane Seeds // Life (red),1,0
172,Florian,2024-10-03T23:55:41,Arcanic Spike (red),1,0
172,Florian,2024-10-03T23:55:41,Condemn to Slaughter (red),3,0
172,Florian,2024-10-03T23:55:41,Deadwood Dirge (red),1,0
172,Florian,2024-10-03T23:55:41,Harvest Season (red),1,0
172,Florian,2024-10-03T23:55:41,Haunting Rendition (red),1,0
172,Florian,2024-10-03T23:55:41,Hit the High Notes (red),2,0
172,Florian,2024-10-03T23:55:41,Hocus Pocus (red),1,0
172,Florian,2024-10-03T23:55:41,Meat and Greet (red),1,0
172,Florian,2024-10-03T23:55:41,Oath of the Arknight (red),1,0
172,Florian,2024-10-03T23:55:41,Runerager Swarm (red),2,0
172,Florian,2024-10-03T23:55:41,Vantage Point (red),1,0
172,Florian,2024-10-03T23:55:41,Arcanic Spike (yellow),2,0
172,Florian,2024-10-03T23:55:41,Hit the High Notes (yellow),2,0
172,Florian,2024-10-03T23:55:41,Meat and Greet (yellow),2,0
172,Florian,2024-10-03T23:55:41,Oath of the Arknight (yellow),1,0
172,Florian,2024-10-03T23:55:41,Splintering Deadwood (yellow),1,0
172,Florian,2024-10-03T23:55:41,Arcane Cussing (blue),2,0
172,Florian,2024-10-03T23:55:41,Consuming Volition (blue),1,0
172,Florian,2024-10-03T23:55:41,Hocus Pocus (blue),1,0
172,Florian,2024-10-03T23:55:41,Meat and Greet (blue),1,0
172,Florian,2024-10-03T23:55:41,Runerager Swarm (blue),1,0
172,Florian,2024-10-03T23:55:41,Sigil of Deadwood (blue),3,0
172,Florian,2024-10-03T23:55:41,Splintering Deadwood (blue),1,0
172,Florian,2024-10-03T23:55:41,Bloodtorn Bodice,1,1
172,Florian,2024-10-03T23:55:41,Runehold Release,1,1
173,Florian,2024-10-04T00:51:16,Condemn to Slaughter (red),1,0
173,Florian,2024-10-04T00:51:16,Deadwood Dirge (red),1,0
173,Florian,2024-10-04T00:51:16,Earth Form (red),1,0
173,Florian,2024-10-04T00:51:16,Fruits of the Forest (red),1,0
173,Florian,2024-10-04T00:51:16,Fyendal's Fighting Spirit (red),1,0
173,Florian,2024-10-04T00:51:16,Harvest Season (red),1,0
173,Florian,2024-10-04T00:51:16,Haunting Rendition (red),1,0
173,Florian,2024-10-04T00:51:16,Hocus Pocus (red),2,0
173,Florian,2024-10-04T00:51:16,Rootbound Carapace (red),1,0
173,Florian,2024-10-04T00:51:16,Strength of Four Seasons (red),1,0
173,Florian,2024-10-04T00:51:16,Vantage Point (red),1,0
173,Florian,2024-10-04T00:51:16,Arcane Cussing (yellow),1,0
173,Florian,2024-10-04T00:51:16,Arcane Polarity (yellow),1,0
173,Florian,2024-10-04T00:51:16,Blossoming Decay (yellow),1,0
173,Florian,2024-10-04T00:51:16,Deadwood Dirge (yellow),1,0
173,Florian,2024-10-04T00:51:16,Fruits of the Forest (yellow),1,0
173,Florian,2024-10-04T00:51:16,Fyendal's Fighting Spirit (yellow),1,0
173,Florian,2024-10-04T00:51:16,Harvest Season (yellow),2,0
173,Florian,2024-10-04T00:51:16,Hocus Pocus (yellow),1,0
173,Florian,2024-10-04T00:51:16,Oath of the Arknight (yellow),1,0
173,Florian,2024-10-04T00:51:16,Runerager Swarm (yellow),1,0
173,Florian,2024-10-04T00:51:16,Strong Yield (yellow),1,0
173,Florian,2024-10-04T00:51:16,Brush Off (blue),1,0
173,Florian,2024-10-04T00:51:16,Cadaverous Tilling (blue),1,0
173,Florian,2024-10-04T00:51:16,Deadwood Dirge (blue),1,0
173,Florian,2024-10-04T00:51:16,Fyendal's Fighting Spirit (blue),1,0
173,Florian,2024-10-04T00:51:16,Hocus Pocus (blue),1,0
173,Florian,2024-10-04T00:51:16,Oath of the Arknight (blue),1,0
173,Florian,2024-10-04T00:51:16,Sigil of Deadwood (blue),1,0
173,Florian,2024-10-04T00:51:16,Strong Yield (blue),1,0
173,Florian,2024-10-04T00:51:16,Vantage Point (blue),1,0
173,Florian,2024-10-04T00:51:16,Hood of Second Thoughts,1,1
173,Florian,2024-10-04T00:51:16,Runehold Release,1,1
173,Florian,2024-10-04T00:51:16,Well Grounded,1,1
174,Verdance,2024-10-04T01:27:18,Arcane Twining (red),3,0
174,Verdance,2024-10-04T01:27:18,Etchings of Arcana (red),1,0
174,Verdance,2024-10-04T01:27:18,Exploding Aether (red),2,0
174,Verdance,2024-10-04T01:27:18,Fruits of the Forest (red),1,0
174,Verdance,2024-10-04T01:27:18,Fyendal's Fighting Spirit (red),1,0
174,Verdance,2024-10-04T01:27:18,Harvest Season (red),1,0
174,Verdance,2024-10-04T01:27:18,Open the Flood Gates (red),1,0
174,Verdance,2024-10-04T01:27:18,Perennial Aetherbloom (red),2,0
174,Verdance,2024-10-04T01:27:18,Photon Splicing (red),2,0
174,Verdance,2024-10-04T01:27:18,Pop the Bubble (red),1,0
174,Verdance,2024-10-04T01:27:18,Pulsing Aether // Life (red),1,0
174,Verdance,2024-10-04T01:27:18,Exploding Aether (yellow),1,0
174,Verdance,2024-10-04T01:27:18,Trailblazing Aether (yellow),1,0
174,Verdance,2024-10-04T01:27:18,Aether Quickening (blue),1,0
174,Verdance,2024-10-04T01:27:18,Arcane Twining (blue),3,0
174,Verdance,2024-10-04T01:27:18,Chorus of the Amphitheater (blue),1,0
174,Verdance,2024-10-04T01:27:18,Etchings of Arcana (blue),2,0
174,Verdance,2024-10-04T01:27:18,Fertile Ground (blue),1,0
174,Verdance,2024-10-04T01:27:18,Fruits of the Forest (blue),1,0
174,Verdance,2024-10-04T01:27:18,Harvest Season (blue),1,0
174,Verdance,2024-10-04T01:27:18,Open the Flood Gates (blue),1,0
174,Verdance,2024-10-04T01:27:18,Overflow the Aetherwell (blue),1,0
174,Verdance,2024-10-04T01:27:18,Perennial Aetherbloom (blue),1,0
174,Verdance,2024-10-04T01:27:18,Photon Splicing (blue),1,0
174,Verdance,2024-10-04T01:27:18,Sigil of Aether (blue),1,0
174,Verdance,2024-10-04T01:27:18,Sigil of Cycles (blue),1,0
174,Verdance,2024-10-04T01:27:18,Sigil of Earth (blue),1,0
174,Verdance,2024-10-04T01:27:18,Sigil of Forethought (blue),1,0
174,Verdance,2024-10-04T01:27:18,Strength of Four Seasons (blue),1,0
174,Verdance,2024-10-04T01:27:18,Trailblazing Aether (blue),1,0
174,Verdance,2024-10-04T01:27:18,Helm of Lignum Vitae,1,1
174,Verdance,2024-10-04T01:27:18,Hold Focus,1,1
174,Verdance,2024-10-04T01:27:18,Ink-lined Cloak,1,1
175,Florian,2024-10-04T01:45:59,Arcanic Spike (red),2,0
175,Florian,2024-10-04T01:45:59,Autumn's Touch (red),1,0
175,Florian,2024-10-04T01:45:59,Cadaverous Tilling (red),1,0
175,Florian,2024-10-04T01:45:59,Deadwood Dirge (red),2,0
175,Florian,2024-10-04T01:45:59,Fertile Ground (red),1,0
175,Florian,2024-10-04T01:45:59,Harvest Season (red),1,0
175,Florian,2024-10-04T01:45:59,Hit the High Notes (red),1,0
175,Florian,2024-10-04T01:45:59,Runerager Swarm (red),1,0
175,Florian,2024-10-04T01:45:59,Blossoming Decay (yellow),1,0
175,Florian,2024-10-04T01:45:59,Cadaverous Tilling (yellow),1,0
175,Florian,2024-10-04T01:45:59,Deadwood Dirge (yellow),1,0
175,Florian,2024-10-04T01:45:59,Fruits of the Forest (yellow),1,0
175,Florian,2024-10-04T01:45:59,Harvest Season (yellow),1,0
175,Florian,2024-10-04T01:45:59,Meat and Greet (yellow),1,0
175,Florian,2024-10-04T01:45:59,Oath of the Arknight (yellow),1,0
175,Florian,2024-10-04T01:45:59,Runerager Swarm (yellow),1,0
175,Florian,2024-10-04T01:45:59,Arcane Cussing (blue),1,0
175,Florian,2024-10-04T01:45:59,Arcanic Spike (blue),1,0
175,Florian,2024-10-04T01:45:59,Autumn's Touch (blue),1,0
175,Florian,2024-10-04T01:45:59,Germinate (blue),1,0
175,Florian,2024-10-04T01:45:59,Hocus Pocus (blue),2,0
175,Florian,2024-10-04T01:45:59,Runerager Swarm (blue),2,0
175,Florian,2024-10-04T01:45:59,Sigil of Deadwood (blue),1,0
175,Florian,2024-10-04T01:45:59,Sigil of Fyendal (blue),3,0
175,Florian,2024-10-04T01:45:59,Strength of Four Seasons (blue),1,0
175,Florian,2024-10-04T01:45:59,Bloodtorn Bodice,1,1
175,Florian,2024-10-04T01:45:59,Four Finger Gloves,1,1
175,Florian,2024-10-04T01:45:59,Helm of Lignum Vitae,1,1
175,Florian,2024-10-04T01:45:59,Well Grounded,1,1
176,Verdance,2024-10-04T02:07:52,Arcane Twining (red),1,0
176,Verdance,2024-10-04T02:07:52,Autumn's Touch (red),2,0
176,Verdance,2024-10-04T02:07:52,Blossoming Decay (red),1,0
176,Verdance,2024-10-04T02:07:52,Brush Off (red),1,0
176,Verdance,2024-10-04T02:07:52,Channel the Millennium Tree (red),1,0
176,Verdance,2024-10-04T02:07:52,Fertile Ground (red),1,0
176,Verdance,2024-10-04T02:07:52,Fruits of the Forest (red),1,0
176,Verdance,2024-10-04T02:07:52,Open the Flood Gates (red),1,0
176,Verdance,2024-10-04T02:07:52,Overflow the Aetherwell (red),2,0
176,Verdance,2024-10-04T02:07:52,Save the Thought (red),1,0
176,Verdance,2024-10-04T02:07:52,Arcane Polarity (yellow),1,0
176,Verdance,2024-10-04T02:07:52,Arcane Twining (yellow),1,0
176,Verdance,2024-10-04T02:07:52,Chorus of the Amphitheater (yellow),1,0
176,Verdance,2024-10-04T02:07:52,Etchings of Arcana (yellow),1,0
176,Verdance,2024-10-04T02:07:52,Overflow the Aetherwell (yellow),2,0
176,Verdance,2024-10-04T02:07:52,Perennial Aetherbloom (yellow),1,0
176,Verdance,2024-10-04T02:07:52,Photon Splicing (yellow),1,0
176,Verdance,2024-10-04T02:07:52,Summer's Fall (yellow),1,0
176,Verdance,2024-10-04T02:07:52,Arcane Polarity (blue),3,0
176,Verdance,2024-10-04T02:07:52,Earth Form (blue),1,0
176,Verdance,2024-10-04T02:07:52,Fertile Ground (blue),1,0
176,Verdance,2024-10-04T02:07:52,Fruits of the Forest (blue),1,0
176,Verdance,2024-10-04T02:07:52,Overflow the Aetherwell (blue),1,0
176,Verdance,2024-10-04T02:07:52,Photon Splicing (blue),1,0
176,Verdance,2024-10-04T02:07:52,Sigil of Earth (blue),1,0
176,Verdance,2024-10-04T02:07:52,Sigil of Forethought (blue),1,0
176,Verdance,2024-10-04T02:07:52,Strength of Four Seasons (blue),1,0
176,Verdance,2024-10-04T02:07:52,Strong Yield (blue),1,0
176,Verdance,2024-10-04T02:07:52,Trailblazing Aether (blue),2,0
176,Verdance,2024-10-04T02:07:52,Helm of Lignum Vitae,1,1
176,Verdance,2024-10-04T02:07:52,Hold Focus,1,1
177,Verdance,2024-10-04T02:39:45,Arcane Polarity (red),1,0
177,Verdance,2024-10-04T02:39:45,Autumn's Touch (red),1,0
177,Verdance,2024-10-04T02:39:45,Cadaverous Tilling (red),1,0
177,Verdance,2024-10-04T02:39:45,Etchings of Arcana (red),1,0
177,Verdance,2024-10-04T02:39:45,Exploding Aether (red),1,0
177,Verdance,2024-10-04T02:39:45,Fruits of the Forest (red),1,0
177,Verdance,2024-10-04T02:39:45,Hand Behind the Pen (red),1,0
177,Verdance,2024-10-04T02:39:45,Open the Flood Gates (red),2,0
177,Verdance,2024-10-04T02:39:45,Perennial Aetherbloom (red),1,0
177,Verdance,2024-10-04T02:39:45,Photon Splicing (red),1,0
177,Verdance,2024-10-04T02:39:45,Summer's Fall (red),1,0
177,Verdance,2024-10-04T02:39:45,Trailblazing Aether (red),1,0
177,Verdance,2024-10-04T02:39:45,Arcane Twining (yellow),1,0
177,Verdance,2024-10-04T02:39:45,Chorus of the Amphitheater (yellow),1,0
177,Verdance,2024-10-04T02:39:45,Harvest Season (yellow),2,0
177,Verdance,2024-10-04T02:39:45,Overflow the Aetherwell (yellow),1,0
177,Verdance,2024-10-04T02:39:45,Photon Splicing (yellow),1,0
177,Verdance,2024-10-04T02:39:45,Plow Under (yellow),1,0
177,Verdance,2024-10-04T02:39:45,Trailblazing Aether (yellow),1,0
177,Verdance,2024-10-04T02:39:45,Aether Quickening (blue),1,0
177,Verdance,2024-10-04T02:39:45,Arcane Twining (blue),1,0
177,Verdance,2024-10-04T02:39:45,Blossoming Decay (blue),1,0
177,Verdance,2024-10-04T02:39:45,Cadaverous Tilling (blue),1,0
177,Verdance,2024-10-04T02:39:45,Chorus of the Amphitheater (blue),1,0
177,Verdance,2024-10-04T02:39:45,Exploding Aether (blue),1,0
177,Verdance,2024-10-04T02:39:45,Harvest Season (blue),1,0
177,Verdance,2024-10-04T02:39:45,Perennial Aetherbloom (blue),1,0
177,Verdance,2024-10-04T02:39:45,Photon Splicing (blue),2,0
177,Verdance,2024-10-04T02:39:45,Rootbound Carapace (blue),1,0
177,Verdance,2024-10-04T02:39:45,Sigil of Earth (blue),1,0
177,Verdance,2024-10-04T02:39:45,Trailblazing Aether (blue),2,0
177,Verdance,2024-10-04T02:39:45,Bruised Leather,1,1
177,Verdance,2024-10-04T02:39:45,Hold Focus,1,1
177,Verdance,2024-10-04T02:39:45,Well Grounded,1,1
178,Florian,2024-10-04T12:00:53,Arcane Cussing (red),1,0
178,Florian,2024-10-04T12:00:53,Arcane Polarity (red),1,0
178,Florian,2024-10-04T12:00:53,Arcane Seeds // Life (red),1,0
178,Florian,2024-10-04T12:00:53,Arcanic Spike (red),1,0
178,Florian,2024-10-04T12:00:53,Autumn's Touch (red),1,0
178,Florian,2024-10-04T12:00:53,Cadaverous Tilling (red),1,0
178,Florian,2024-10-04T12:00:53,Count Your Blessings (red),1,0
178,Florian,2024-10-04T12:00:53,Fruits of the Forest (red),1,0
178,Florian,2024-10-04T12:00:53,Fyendal's Fighting Spirit (red),1,0
178,Florian,2024-10-04T12:00:53,Hocus Pocus (red),1,0
178,Florian,2024-10-04T12:00:53,Meat and Greet (red),1,0
178,Florian,2024-10-04T12:00:53,Strong Yield (red),1,0
178,Florian,2024-10-04T12:00:53,Summer's Fall (red),1,0
178,Florian,2024-10-04T12:00:53,Vantage Point (red),1,0
178,Florian,2024-10-04T12:00:53,Count Your Blessings (yellow),1,0
178,Florian,2024-10-04T12:00:53,Deadwood Dirge (yellow),1,0
178,Florian,2024-10-04T12:00:53,Fruits of the Forest (yellow),1,0
178,Florian,2024-10-04T12:00:53,Splintering Deadwood (yellow),1,0
178,Florian,2024-10-04T12:00:53,Strength of Four Seasons (yellow),1,0
178,Florian,2024-10-04T12:00:53,Cadaverous Tilling (blue),1,0
178,Florian,2024-10-04T12:00:53,Fertile Ground (blue),1,0
178,Florian,2024-10-04T12:00:53,Fyendal's Fighting Spirit (blue),2,0
178,Florian,2024-10-04T12:00:53,Harvest Season (blue),1,0
178,Florian,2024-10-04T12:00:53,Meat and Greet (blue),3,0
178,Florian,2024-10-04T12:00:53,Oath of the Arknight (blue),1,0
178,Florian,2024-10-04T12:00:53,Sigil of Deadwood (blue),2,0
178,Florian,2024-10-04T12:00:53,Sigil of Earth (blue),1,0
178,Florian,2024-10-04T12:00:53,Sigil of Fyendal (blue),1,0
178,Florian,2024-10-04T12:00:53,Summer's Fall (blue),1,0
178,Florian,2024-10-04T12:00:53,Bloodtorn Bodice,1,1
178,Florian,2024-10-04T12:00:53,Hood of Second Thoughts,1,1
178,Florian,2024-10-04T12:00:53,Well Grounded,1,1
179,Oscilio,2024-10-04T13:27:02,Aether Quickening (red),2,0
179,Oscilio,2024-10-04T13:27:02,Arcane Polarity (red),1,0
179,Oscilio,2024-10-04T13:27:02,Comet Storm // Shock (red),1,0
179,Oscilio,2024-10-04T13:27:02,Fry (red),2,0
179,Oscilio,2024-10-04T13:27:02,Heaven's Claws (red),1,0
179,Oscilio,2024-10-04T13:27:02,Lightning Surge (red),2,0
179,Oscilio,2024-10-04T13:27:02,Trailblazing Aether (red),1,0
179,Oscilio,2024-10-04T13:27:02,Trip the Light Fantastic (red),1,0
179,Oscilio,2024-10-04T13:27:02,Aether Quickening (yellow),1,0
179,Oscilio,2024-10-04T13:27:02,Arcane Polarity (yellow),1,0
179,Oscilio,2024-10-04T13:27:02,Brush Off (yellow),1,0
179,Oscilio,2024-10-04T13:27:02,Exploding Aether (yellow),1,0
179,Oscilio,2024-10-04T13:27:02,Flash (yellow),1,0
179,Oscilio,2024-10-04T13:27:02,Fry (yellow),1,0
179,Oscilio,2024-10-04T13:27:02,Overflow the Aetherwell (yellow),2,0
179,Oscilio,2024-10-04T13:27:02,Photon Splicing (yellow),1,0
179,Oscilio,2024-10-04T13:27:02,Trip the Light Fantastic (yellow),1,0
179,Oscilio,2024-10-04T13:27:02,Aether Quickening (blue),1,0
179,Oscilio,2024-10-04T13:27:02,Flittering Charge (blue),2,0
179,Oscilio,2024-10-04T13:27:02,Fry (blue),1,0
179,Oscilio,2024-10-04T13:27:02,Glyph Overlay (blue),1,0
179,Oscilio,2024-10-04T13:27:02,Heaven's Claws (blue),1,0
179,Oscilio,2024-10-04T13:27:02,Open the Flood Gates (blue),2,0
179,Oscilio,2024-10-04T13:27:02,Overflow the Aetherwell (blue),2,0
179,Oscilio,2024-10-04T13:27:02,Sigil of Conductivity (blue),1,0
179,Oscilio,2024-10-04T13:27:02,Sigil of Lightning (blue),4,0
179,Oscilio,2024-10-04T13:27:02,Trip the Light Fantastic (blue),1,0
179,Oscilio,2024-10-04T13:27:02,Flash of Brilliance,1,1
179,Oscilio,2024-10-04T13:27:02,Four Finger Gloves,1,1
179,Oscilio,2024-10-04T13:27:02,Twinkle Toes,1,1
180,Verdance,2024-10-04T16:01:25,Aether Quickening (red),2,0
180,Verdance,2024-10-04T16:01:25,Autumn's Touch (red),1,0
180,Verdance,2024-10-04T16:01:25,Blossoming Decay (red),2,0
180,Verdance,2024-10-04T16:01:25,Cadaverous Tilling (red),1,0
180,Verdance,2024-10-04T16:01:25,Etchings of Arcana (red),1,0
180,Verdance,2024-10-04T16:01:25,Exploding Aether (red),2,0
180,Verdance,2024-10-04T16:01:25,Fyendal's Fighting Spirit (red),1,0
180,Verdance,2024-10-04T16:01:25,Perennial Aetherbloom (red),2,0
180,Verdance,2024-10-04T16:01:25,Photon Splicing (red),1,0
180,Verdance,2024-10-04T16:01:25,Trailblazing Aether (red),2,0
180,Verdance,2024-10-04T16:01:25,Aether Quickening (yellow),1,0
180,Verdance,2024-10-04T16:01:25,Arcane Twining (yellow),1,0
180,Verdance,2024-10-04T16:01:25,Chorus of the Amphitheater (yellow),1,0
180,Verdance,2024-10-04T16:01:25,Count Your Blessings (yellow),1,0
180,Verdance,2024-10-04T16:01:25,Etchings of Arcana (yellow),1,0
180,Verdance,2024-10-04T16:01:25,Exploding Aether (yellow),1,0
180,Verdance,2024-10-04T16:01:25,Fruits of the Forest (yellow),1,0
180,Verdance,2024-10-04T16:01:25,Perennial Aetherbloom (yellow),1,0
180,Verdance,2024-10-04T16:01:25,Photon Splicing (yellow),1,0
180,Verdance,2024-10-04T16:01:25,Trailblazing Aether (yellow),1,0
180,Verdance,2024-10-04T16:01:25,Aether Quickening (blue),2,0
180,Verdance,2024-10-04T16:01:25,Arcane Twining (blue),1,0
180,Verdance,2024-10-04T16:01:25,Count Your Blessings (blue),1,0
180,Verdance,2024-10-04T16:01:25,Exploding Aether (blue),1,0
180,Verdance,2024-10-04T16:01:25,Fertile Ground (blue),1,0
180,Verdance,2024-10-04T16:01:25,Photon Splicing (blue),1,0
180,Verdance,2024-10-04T16:01:25,Sigil of Forethought (blue),1,0
180,Verdance,2024-10-04T16:01:25,Sigil of Fyendal (blue),1,0
180,Verdance,2024-10-04T16:01:25,Strength of Four Seasons (blue),1,0
180,Verdance,2024-10-04T16:01:25,Bruised Leather,1,1
180,Verdance,2024-10-04T16:01:25,Four Finger Gloves,1,1
180,Verdance,2024-10-04T16:01:25,Hood of Second Thoughts,1,1
181,Florian,2024-10-04T18:54:09,Arcane Polarity (red),2,0
181,Florian,2024-10-04T18:54:09,Arcanic Spike (red),1,0
181,Florian,2024-10-04T18:54:09,Cadaverous Tilling (red),2,0
181,Florian,2024-10-04T18:54:09,Earth Form (red),1,0
181,Florian,2024-10-04T18:54:09,Fyendal's Fighting Spirit (red),2,0
181,Florian,2024-10-04T18:54:09,Harvest Season (red),1,0
181,Florian,2024-10-04T18:54:09,Meat and Greet (red),1,0
181,Florian,2024-10-04T18:54:09,Arcane Cussing (yellow),1,0
181,Florian,2024-10-04T18:54:09,Arcane Polarity (yellow),1,0
181,Florian,2024-10-04T18:54:09,Arcanic Spike (yellow),1,0
181,Florian,2024-10-04T18:54:09,Autumn's Touch (yellow),1,0
181,Florian,2024-10-04T18:54:09,Blossoming Decay (yellow),1,0
181,Florian,2024-10-04T18:54:09,Brush Off (yellow),1,0
181,Florian,2024-10-04T18:54:09,Deadwood Dirge (yellow),1,0
181,Florian,2024-10-04T18:54:09,Harvest Season (yellow),1,0
181,Florian,2024-10-04T18:54:09,Meat and Greet (yellow),1,0
181,Florian,2024-10-04T18:54:09,Oath of the Arknight (yellow),1,0
181,Florian,2024-10-04T18:54:09,Strong Yield (yellow),1,0
181,Florian,2024-10-04T18:54:09,Vantage Point (yellow),1,0
181,Florian,2024-10-04T18:54:09,Autumn's Touch (blue),1,0
181,Florian,2024-10-04T18:54:09,Consuming Volition (blue),1,0
181,Florian,2024-10-04T18:54:09,Earth Form (blue),1,0
181,Florian,2024-10-04T18:54:09,Fyendal's Fighting Spirit (blue),1,0
181,Florian,2024-10-04T18:54:09,Oath of the Arknight (blue),1,0
181,Florian,2024-10-04T18:54:09,Runerager Swarm (blue),1,0
181,Florian,2024-10-04T18:54:09,Sigil of Cycles (blue),1,0
181,Florian,2024-10-04T18:54:09,Sigil of Deadwood (blue),1,0
181,Florian,2024-10-04T18:54:09,Sigil of Earth (blue),1,0
181,Florian,2024-10-04T18:54:09,Sigil of Sanctuary (blue),1,0
181,Florian,2024-10-04T18:54:09,Strength of Four Seasons (blue),1,0
181,Florian,2024-10-04T18:54:09,Bloodtorn Bodice,1,1
181,Florian,2024-10-04T18:54:09,Four Finger Gloves,1,1
181,Florian,2024-10-04T18:54:09,Helm of Lignum Vitae,1,1
181,Florian,2024-10-04T18:54:09,Well Grounded,1,1
182,Florian,2024-10-04T19:24:16,Arcane Polarity (red),2,0
182,Florian,2024-10-04T19:24:16,Autumn's Touch (red),1,0
182,Florian,2024-10-04T19:24:16,Deadwood Dirge (red),1,0
182,Florian,2024-10-04T19:24:16,Harvest Season (red),2,0
182,Florian,2024-10-04T19:24:16,Runerager Swarm (red),1,0
182,Florian,2024-10-04T19:24:16,Summer's Fall (red),2,0
182,Florian,2024-10-04T19:24:16,Tongue Tied (red),1,0
182,Florian,2024-10-04T19:24:16,Arcane Polarity (yellow),2,0
182,Florian,2024-10-04T19:24:16,Autumn's Touch (yellow),2,0
182,Florian,2024-10-04T19:24:16,Brush Off (yellow),1,0
182,Florian,2024-10-04T19:24:16,Condemn to Slaughter (yellow),1,0
182,Florian,2024-10-04T19:24:16,Fertile Ground (yellow),1,0
182,Florian,2024-10-04T19:24:16,Fruits of the Forest (yellow),1,0
182,Florian,2024-10-04T19:24:16,Fyendal's Fighting Spirit (yellow),1,0
182,Florian,2024-10-04T19:24:16,Harvest Season (yellow),1,0
182,Florian,2024-10-04T19:24:16,Meat and Greet (yellow),2,0
182,Florian,2024-10-04T19:24:16,Oath of the Arknight (yellow),1,0
182,Florian,2024-10-04T19:24:16,Strong Yield (yellow),1,0
182,Florian,2024-10-04T19:24:16,Arcanic Spike (blue),1,0
182,Florian,2024-10-04T19:24:16,Autumn's Touch (blue),1,0
182,Florian,2024-10-04T19:24:16,Fruits of the Forest (blue),1,0
182,Florian,2024-10-04T19:24:16,Harvest Season (blue),2,0
182,Florian,2024-10-04T19:24:16,Hocus Pocus (blue),1,0
182,Florian,2024-10-04T19:24:16,Oath of the Arknight (blue),1,0
182,Florian,2024-10-04T19:24:16,Seeds of Tomorrow (blue),1,0
182,Florian,2024-10-04T19:24:16,Sigil of Earth (blue),2,0
182,Florian,2024-10-04T19:24:16,Four Finger Gloves,1,1
182,Florian,2024-10-04T19:24:16,Hood of Second Thoughts,1,1
182,Florian,2024-10-04T19:24:16,Well Grounded,1,1
183,Oscilio,2024-10-04T19:32:02,Arcane Twining (red),1,0
183,Oscilio,2024-10-04T19:32:02,Blast to Oblivion (red),1,0
183,Oscilio,2024-10-04T19:32:02,Comet Storm // Shock (red),1,0
183,Oscilio,2024-10-04T19:32:02,Electrostatic Discharge (red),1,0
183,Oscilio,2024-10-04T19:32:02,Etchings of Arcana (red),3,0
183,Oscilio,2024-10-04T19:32:02,Exploding Aether (red),1,0
183,Oscilio,2024-10-04T19:32:02,Flash (red),1,0
183,Oscilio,2024-10-04T19:32:02,Fry (red),1,0
183,Oscilio,2024-10-04T19:32:02,Overflow the Aetherwell (red),2,0
183,Oscilio,2024-10-04T19:32:02,Perennial Aetherbloom (red),2,0
183,Oscilio,2024-10-04T19:32:02,Pop the Bubble (red),1,0
183,Oscilio,2024-10-04T19:32:02,Trip the Light Fantastic (red),1,0
183,Oscilio,2024-10-04T19:32:02,Aether Quickening (yellow),1,0
183,Oscilio,2024-10-04T19:32:02,Arcane Twining (yellow),1,0
183,Oscilio,2024-10-04T19:32:02,Chorus of the Amphitheater (yellow),1,0
183,Oscilio,2024-10-04T19:32:02,Exploding Aether (yellow),3,0
183,Oscilio,2024-10-04T19:32:02,Heaven's Claws (yellow),1,0
183,Oscilio,2024-10-04T19:32:02,Perennial Aetherbloom (yellow),1,0
183,Oscilio,2024-10-04T19:32:02,Photon Splicing (yellow),1,0
183,Oscilio,2024-10-04T19:32:02,Trailblazing Aether (yellow),1,0
183,Oscilio,2024-10-04T19:32:02,Aether Quickening (blue),2,0
183,Oscilio,2024-10-04T19:32:02,Arcane Polarity (blue),1,0
183,Oscilio,2024-10-04T19:32:02,Arcane Twining (blue),1,0
183,Oscilio,2024-10-04T19:32:02,High Voltage (blue),1,0
183,Oscilio,2024-10-04T19:32:02,Perennial Aetherbloom (blue),2,0
183,Oscilio,2024-10-04T19:32:02,Sigil of Conductivity (blue),1,0
183,Oscilio,2024-10-04T19:32:02,Sigil of Forethought (blue),1,0
183,Oscilio,2024-10-04T19:32:02,Sigil of Lightning (blue),2,0
183,Oscilio,2024-10-04T19:32:02,Trailblazing Aether (blue),1,0
183,Oscilio,2024-10-04T19:32:02,Four Finger Gloves,1,1
183,Oscilio,2024-10-04T19:32:02,Hold Focus,1,1
183,Oscilio,2024-10-04T19:32:02,Hood of Second Thoughts,1,1
184,Florian,2024-10-04T19:40:54,Arcane Cussing (red),1,0
184,Florian,2024-10-04T19:40:54,Arcane Polarity (red),1,0
184,Florian,2024-10-04T19:40:54,Cadaverous Tilling (red),1,0
184,Florian,2024-10-04T19:40:54,Hand Behind the Pen (red),1,0
184,Florian,2024-10-04T19:40:54,Hocus Pocus (red),1,0
184,Florian,2024-10-04T19:40:54,Meat and Greet (red),2,0
184,Florian,2024-10-04T19:40:54,Runerager Swarm (red),4,0
184,Florian,2024-10-04T19:40:54,Autumn's Touch (yellow),1,0
184,Florian,2024-10-04T19:40:54,Condemn to Slaughter (yellow),1,0
184,Florian,2024-10-04T19:40:54,Deadwood Dirge (yellow),1,0
184,Florian,2024-10-04T19:40:54,Fruits of the Forest (yellow),2,0
184,Florian,2024-10-04T19:40:54,Malefic Incantation (yellow),2,0
184,Florian,2024-10-04T19:40:54,Runerager Swarm (yellow),2,0
184,Florian,2024-10-04T19:40:54,Summer's Fall (yellow),1,0
184,Florian,2024-10-04T19:40:54,Arcanic Spike (blue),1,0
184,Florian,2024-10-04T19:40:54,Cadaverous Tilling (blue),1,0
184,Florian,2024-10-04T19:40:54,Fruits of the Forest (blue),1,0
184,Florian,2024-10-04T19:40:54,Oath of the Arknight (blue),1,0
184,Florian,2024-10-04T19:40:54,Runerager Swarm (blue),1,0
184,Florian,2024-10-04T19:40:54,Sigil of Deadwood (blue),2,0
184,Florian,2024-10-04T19:40:54,Sigil of Earth (blue),2,0
184,Florian,2024-10-04T19:40:54,Strength of Four Seasons (blue),1,0
184,Florian,2024-10-04T19:40:54,Well Grounded,1,1
185,Oscilio,2024-10-04T20:47:21,Arcane Polarity (red),1,0
185,Oscilio,2024-10-04T20:47:21,Brush Off (red),1,0
185,Oscilio,2024-10-04T20:47:21,Electrostatic Discharge (red),1,0
185,Oscilio,2024-10-04T20:47:21,Etchings of Arcana (red),1,0
185,Oscilio,2024-10-04T20:47:21,Eternal Inferno (red),1,0
185,Oscilio,2024-10-04T20:47:21,Flash (red),1,0
185,Oscilio,2024-10-04T20:47:21,Flittering Charge (red),1,0
185,Oscilio,2024-10-04T20:47:21,Glyph Overlay (red),1,0
185,Oscilio,2024-10-04T20:47:21,Open the Flood Gates (red),1,0
185,Oscilio,2024-10-04T20:47:21,Photon Splicing (red),4,0
185,Oscilio,2024-10-04T20:47:21,Save the Thought (red),1,0
185,Oscilio,2024-10-04T20:47:21,Trailblazing Aether (red),2,0
185,Oscilio,2024-10-04T20:47:21,Arcane Twining (yellow),1,0
185,Oscilio,2024-10-04T20:47:21,Electrostatic Discharge (yellow),1,0
185,Oscilio,2024-10-04T20:47:21,Exploding Aether (yellow),2,0
185,Oscilio,2024-10-04T20:47:21,Lightning Surge (yellow),1,0
185,Oscilio,2024-10-04T20:47:21,Open the Flood Gates (yellow),2,0
185,Oscilio,2024-10-04T20:47:21,Overflow the Aetherwell (yellow),1,0
185,Oscilio,2024-10-04T20:47:21,Perennial Aetherbloom (yellow),1,0
185,Oscilio,2024-10-04T20:47:21,Photon Splicing (yellow),1,0
185,Oscilio,2024-10-04T20:47:21,Trailblazing Aether (yellow),1,0
185,Oscilio,2024-10-04T20:47:21,Etchings of Arcana (blue),2,0
185,Oscilio,2024-10-04T20:47:21,Flittering Charge (blue),1,0
185,Oscilio,2024-10-04T20:47:21,Overflow the Aetherwell (blue),1,0
185,Oscilio,2024-10-04T20:47:21,Photon Splicing (blue),2,0
185,Oscilio,2024-10-04T20:47:21,Sigil of Forethought (blue),1,0
185,Oscilio,2024-10-04T20:47:21,Sigil of Fyendal (blue),1,0
185,Oscilio,2024-10-04T20:47:21,Sigil of Lightning (blue),1,0
185,Oscilio,2024-10-04T20:47:21,Trailblazing Aether (blue),1,0
185,Oscilio,2024-10-04T20:47:21,Trip the Light Fantastic (blue),1,0
185,Oscilio,2024-10-04T20:47:21,Hold Focus,1,1
185,Oscilio,2024-10-04T20:47:21,Ink-lined Cloak,1,1
185,Oscilio,2024-10-04T20:47:21,Twinkle Toes,1,1
186,Verdance,2024-10-04T21:58:00,Aether Quickening (red),2,0
186,Verdance,2024-10-04T21:58:00,Arcane Twining (red),1,0
186,Verdance,2024-10-04T21:58:00,Etchings of Arcana (red),2,0
186,Verdance,2024-10-04T21:58:00,Exploding Aether (red),1,0
186,Verdance,2024-10-04T21:58:00,Perennial Aetherbloom (red),1,0
186,Verdance,2024-10-04T21:58:00,Pulsing Aether // Life (red),2,0
186,Verdance,2024-10-04T21:58:00,Trailblazing Aether (red),4,0
186,Verdance,2024-10-04T21:58:00,Aether Quickening (yellow),1,0
186,Verdance,2024-10-04T21:58:00,Arcane Polarity (yellow),1,0
186,Verdance,2024-10-04T21:58:00,Arcane Twining (yellow),1,0
186,Verdance,2024-10-04T21:58:00,Etchings of Arcana (yellow),1,0
186,Verdance,2024-10-04T21:58:00,Exploding Aether (yellow),1,0
186,Verdance,2024-10-04T21:58:00,Overflow the Aetherwell (yellow),1,0
186,Verdance,2024-10-04T21:58:00,Perennial Aetherbloom (yellow),2,0
186,Verdance,2024-10-04T21:58:00,Trailblazing Aether (yellow),3,0
186,Verdance,2024-10-04T21:58:00,Aether Quickening (blue),1,0
186,Verdance,2024-10-04T21:58:00,Chorus of the Amphitheater (blue),1,0
186,Verdance,2024-10-04T21:58:00,Etchings of Arcana (blue),1,0
186,Verdance,2024-10-04T21:58:00,Harvest Season (blue),1,0
186,Verdance,2024-10-04T21:58:00,Open the Flood Gates (blue),1,0
186,Verdance,2024-10-04T21:58:00,Perennial Aetherbloom (blue),1,0
186,Verdance,2024-10-04T21:58:00,Photon Splicing (blue),1,0
186,Verdance,2024-10-04T21:58:00,Save the Thought (blue),1,0
186,Verdance,2024-10-04T21:58:00,Sigil of Earth (blue),1,0
186,Verdance,2024-10-04T21:58:00,Sigil of Forethought (blue),3,0
186,Verdance,2024-10-04T21:58:00,Sigil of Temporal Manipulation (blue),1,0
186,Verdance,2024-10-04T21:58:00,Bruised Leather,1,1
186,Verdance,2024-10-04T21:58:00,Ink-lined Cloak,1,1
187,Oscilio,2024-10-04T23:02:11,Aether Quickening (red),1,0
187,Oscilio,2024-10-04T23:02:11,Brush Off (red),1,0
187,Oscilio,2024-10-04T23:02:11,Comet Storm // Shock (red),2,0
187,Oscilio,2024-10-04T23:02:11,Etchings of Arcana (red),1,0
187,Oscilio,2024-10-04T23:02:11,Exploding Aether (red),2,0
187,Oscilio,2024-10-04T23:02:11,Flash (red),1,0
187,Oscilio,2024-10-04T23:02:11,Flittering Charge (red),1,0
187,Oscilio,2024-10-04T23:02:11,Fry (red),1,0
187,Oscilio,2024-10-04T23:02:11,Perennial Aetherbloom (red),1,0
187,Oscilio,2024-10-04T23:02:11,Photon Splicing (red),2,0
187,Oscilio,2024-10-04T23:02:11,Trailblazing Aether (red),1,0
187,Oscilio,2024-10-04T23:02:11,Arcane Polarity (yellow),1,0
187,Oscilio,2024-10-04T23:02:11,Arcane Twining (yellow),1,0
187,Oscilio,2024-10-04T23:02:11,Etchings of Arcana (yellow),1,0
187,Oscilio,2024-10-04T23:02:11,Exploding Aether (yellow),1,0
187,Oscilio,2024-10-04T23:02:11,Flittering Charge (yellow),1,0
187,Oscilio,2024-10-04T23:02:11,Heaven's Claws (yellow),1,0
187,Oscilio,2024-10-04T23:02:11,Null // Shock (yellow),1,0
187,Oscilio,2024-10-04T23:02:11,Aether Quickening (blue),1,0
187,Oscilio,2024-10-04T23:02:11,Arcane Twining (blue),1,0
187,Oscilio,2024-10-04T23:02:11,Electrostatic Discharge (blue),2,0
187,Oscilio,2024-10-04T23:02:11,Photon Splicing (blue),2,0
187,Oscilio,2024-10-04T23:02:11,Pop the Bubble (blue),1,0
187,Oscilio,2024-10-04T23:02:11,Sigil of Conductivity (blue),2,0
187,Oscilio,2024-10-04T23:02:11,Sigil of Forethought (blue),1,0
187,Oscilio,2024-10-04T23:02:11,Sigil of Fyendal (blue),3,0
187,Oscilio,2024-10-04T23:02:11,Sigil of Lightning (blue),2,0
187,Oscilio,2024-10-04T23:02:11,Flash of Brilliance,1,1
187,Oscilio,2024-10-04T23:02:11,Ink-lined Cloak,1,1
187,Oscilio,2024-10-04T23:02:11,Twinkle Toes,1,1
188,Aurora,2024-10-04T23:18:20,Arcane Cussing (red),1,0
188,Aurora,2024-10-04T23:18:20,Burn Up // Shock (red),1,0
188,Aurora,2024-10-04T23:18:20,Electrostatic Discharge (red),2,0
188,Aurora,2024-10-04T23:18:20,Haunting Rendition (red),1,0
188,Aurora,2024-10-04T23:18:20,Hit the High Notes (red),2,0
188,Aurora,2024-10-04T23:18:20,Hocus Pocus (red),2,0
188,Aurora,2024-10-04T23:18:20,Lightning Surge (red),2,0
188,Aurora,2024-10-04T23:18:20,Meat and Greet (red),4,0
188,Aurora,2024-10-04T23:18:20,Runerager Swarm (red),1,0
188,Aurora,2024-10-04T23:18:20,Trip the Light Fantastic (red),1,0
188,Aurora,2024-10-04T23:18:20,Consuming Volition (yellow),1,0
188,Aurora,2024-10-04T23:18:20,Electrostatic Discharge (yellow),2,0
188,Aurora,2024-10-04T23:18:20,Flash (yellow),1,0
188,Aurora,2024-10-04T23:18:20,Flittering Charge (yellow),2,0
188,Aurora,2024-10-04T23:18:20,Oath of the Arknight (yellow),1,0
188,Aurora,2024-10-04T23:18:20,Splintering Deadwood (yellow),1,0
188,Aurora,2024-10-04T23:18:20,Electrostatic Discharge (blue),1,0
188,Aurora,2024-10-04T23:18:20,Flash (blue),2,0
188,Aurora,2024-10-04T23:18:20,Flittering Charge (blue),2,0
188,Aurora,2024-10-04T23:18:20,Machinations of Dominion (blue),1,0
188,Aurora,2024-10-04T23:18:20,Meat and Greet (blue),3,0
188,Aurora,2024-10-04T23:18:20,Oath of the Arknight (blue),1,0
188,Aurora,2024-10-04T23:18:20,Second Strike (blue),1,0
188,Aurora,2024-10-04T23:18:20,Sigil of Lightning (blue),1,0
188,Aurora,2024-10-04T23:18:20,Trip the Light Fantastic (blue),1,0
188,Aurora,2024-10-04T23:18:20,Bloodtorn Bodice,1,1
188,Aurora,2024-10-04T23:18:20,Flash of Brilliance,1,1
188,Aurora,2024-10-04T23:18:20,Runehold Release,1,1
188,Aurora,2024-10-04T23:18:20,Twinkle Toes,1,1
189,Verdance,2024-10-05T01:57:58,Autumn's Touch (red),1,0
189,Verdance,2024-10-05T01:57:58,Fertile Ground (red),1,0
189,Verdance,2024-10-05T01:57:58,Overflow the Aetherwell (red),1,0
189,Verdance,2024-10-05T01:57:58,Photon Splicing (red),1,0
189,Verdance,2024-10-05T01:57:58,Pop the Bubble (red),1,0
189,Verdance,2024-10-05T01:57:58,Save the Thought (red),1,0
189,Verdance,2024-10-05T01:57:58,Strength of Four Seasons (red),1,0
189,Verdance,2024-10-05T01:57:58,Strong Yield (red),1,0
189,Verdance,2024-10-05T01:57:58,Summer's Fall (red),1,0
189,Verdance,2024-10-05T01:57:58,Ten Foot Tall and Bulletproof (red),1,0
189,Verdance,2024-10-05T01:57:58,Trailblazing Aether (red),2,0
189,Verdance,2024-10-05T01:57:58,Arcane Twining (yellow),1,0
189,Verdance,2024-10-05T01:57:58,Cadaverous Tilling (yellow),1,0
189,Verdance,2024-10-05T01:57:58,Fruits of the Forest (yellow),2,0
189,Verdance,2024-10-05T01:57:58,Fyendal's Fighting Spirit (yellow),1,0
189,Verdance,2024-10-05T01:57:58,Open the Flood Gates (yellow),1,0
189,Verdance,2024-10-05T01:57:58,Overflow the Aetherwell (yellow),1,0
189,Verdance,2024-10-05T01:57:58,Perennial Aetherbloom (yellow),1,0
189,Verdance,2024-10-05T01:57:58,Pop the Bubble (yellow),1,0
189,Verdance,2024-10-05T01:57:58,Trailblazing Aether (yellow),2,0
189,Verdance,2024-10-05T01:57:58,Arcane Twining (blue),1,0
189,Verdance,2024-10-05T01:57:58,Chorus of the Amphitheater (blue),1,0
189,Verdance,2024-10-05T01:57:58,Etchings of Arcana (blue),3,0
189,Verdance,2024-10-05T01:57:58,Fertile Ground (blue),1,0
189,Verdance,2024-10-05T01:57:58,Fruits of the Forest (blue),1,0
189,Verdance,2024-10-05T01:57:58,Fyendal's Fighting Spirit (blue),1,0
189,Verdance,2024-10-05T01:57:58,Open the Flood Gates (blue),2,0
189,Verdance,2024-10-05T01:57:58,Overflow the Aetherwell (blue),1,0
189,Verdance,2024-10-05T01:57:58,Perennial Aetherbloom (blue),1,0
189,Verdance,2024-10-05T01:57:58,Photon Splicing (blue),1,0
189,Verdance,2024-10-05T01:57:58,Seeds of Tomorrow (blue),1,0
189,Verdance,2024-10-05T01:57:58,Sigil of Aether (blue),1,0
189,Verdance,2024-10-05T01:57:58,Four Finger Gloves,1,1
189,Verdance,2024-10-05T01:57:58,Well Grounded,1,1
190,Florian,2024-10-05T02:46:53,Arcane Cussing (red),1,0
190,Florian,2024-10-05T02:46:53,Consuming Volition (red),1,0
190,Florian,2024-10-05T02:46:53,Deadwood Dirge (red),1,0
190,Florian,2024-10-05T02:46:53,Earth Form (red),2,0
190,Florian,2024-10-05T02:46:53,Fertile Ground (red),1,0
190,Florian,2024-10-05T02:46:53,Fruits of the Forest (red),2,0
190,Florian,2024-10-05T02:46:53,Harvest Season (red),1,0
190,Florian,2024-10-05T02:46:53,Meat and Greet (red),2,0
190,Florian,2024-10-05T02:46:53,Oath of the Arknight (red),2,0
190,Florian,2024-10-05T02:46:53,Summer's Fall (red),1,0
190,Florian,2024-10-05T02:46:53,Arcane Polarity (yellow),1,0
190,Florian,2024-10-05T02:46:53,Cadaverous Tilling (yellow),1,0
190,Florian,2024-10-05T02:46:53,Earth Form (yellow),2,0
190,Florian,2024-10-05T02:46:53,Hocus Pocus (yellow),1,0
190,Florian,2024-10-05T02:46:53,Splintering Deadwood (yellow),2,0
190,Florian,2024-10-05T02:46:53,Arcane Polarity (blue),2,0
190,Florian,2024-10-05T02:46:53,Autumn's Touch (blue),2,0
190,Florian,2024-10-05T02:46:53,Hit the High Notes (blue),1,0
190,Florian,2024-10-05T02:46:53,Hocus Pocus (blue),2,0
190,Florian,2024-10-05T02:46:53,Meat and Greet (blue),1,0
190,Florian,2024-10-05T02:46:53,Rootbound Carapace (blue),1,0
190,Florian,2024-10-05T02:46:53,Runerager Swarm (blue),1,0
190,Florian,2024-10-05T02:46:53,Sigil of Deadwood (blue),1,0
190,Florian,2024-10-05T02:46:53,Splintering Deadwood (blue),1,0
190,Florian,2024-10-05T02:46:53,Strong Yield (blue),1,0
190,Florian,2024-10-05T02:46:53,Bloodtorn Bodice,1,1
190,Florian,2024-10-05T02:46:53,Helm of Lignum Vitae,1,1
190,Florian,2024-10-05T02:46:53,Runehold Release,1,1
190,Florian,2024-10-05T02:46:53,Well Grounded,1,1
191,Verdance,2024-10-05T05:33:42,Aether Quickening (red),1,0
191,Verdance,2024-10-05T05:33:42,Arcane Polarity (red),1,0
191,Verdance,2024-10-05T05:33:42,Brush Off (red),1,0
191,Verdance,2024-10-05T05:33:42,Fruits of the Forest (red),2,0
191,Verdance,2024-10-05T05:33:42,Perennial Aetherbloom (red),2,0
191,Verdance,2024-10-05T05:33:42,Pulsing Aether // Life (red),2,0
191,Verdance,2024-10-05T05:33:42,Aether Quickening (yellow),1,0
191,Verdance,2024-10-05T05:33:42,Blossoming Decay (yellow),1,0
191,Verdance,2024-10-05T05:33:42,Cadaverous Tilling (yellow),1,0
191,Verdance,2024-10-05T05:33:42,Etchings of Arcana (yellow),1,0
191,Verdance,2024-10-05T05:33:42,Fertile Ground (yellow),1,0
191,Verdance,2024-10-05T05:33:42,Fruits of the Forest (yellow),2,0
191,Verdance,2024-10-05T05:33:42,Open the Flood Gates (yellow),1,0
191,Verdance,2024-10-05T05:33:42,Overflow the Aetherwell (yellow),1,0
191,Verdance,2024-10-05T05:33:42,Perennial Aetherbloom (yellow),2,0
191,Verdance,2024-10-05T05:33:42,Pop the Bubble (yellow),1,0
191,Verdance,2024-10-05T05:33:42,Aether Quickening (blue),2,0
191,Verdance,2024-10-05T05:33:42,Blossoming Decay (blue),1,0
191,Verdance,2024-10-05T05:33:42,Cadaverous Tilling (blue),2,0
191,Verdance,2024-10-05T05:33:42,Chorus of the Amphitheater (blue),1,0
191,Verdance,2024-10-05T05:33:42,Etchings of Arcana (blue),1,0
191,Verdance,2024-10-05T05:33:42,Fyendal's Fighting Spirit (blue),1,0
191,Verdance,2024-10-05T05:33:42,Open the Flood Gates (blue),1,0
191,Verdance,2024-10-05T05:33:42,Overflow the Aetherwell (blue),2,0
191,Verdance,2024-10-05T05:33:42,Perennial Aetherbloom (blue),1,0
191,Verdance,2024-10-05T05:33:42,Photon Splicing (blue),1,0
191,Verdance,2024-10-05T05:33:42,Pop the Bubble (blue),1,0
191,Verdance,2024-10-05T05:33:42,Sigil of Fyendal (blue),1,0
191,Verdance,2024-10-05T05:33:42,Trailblazing Aether (blue),1,0
191,Verdance,2024-10-05T05:33:42,Bruised Leather,1,1
191,Verdance,2024-10-05T05:33:42,Hood of Second Thoughts,1,1
191,Verdance,2024-10-05T05:33:42,Ink-lined Cloak,1,1
191,Verdance,2024-10-05T05:33:42,Runaways,1,1
191,Verdance,2024-10-05T05:33:42,Well Grounded,1,1
192,Florian,2024-10-05T14:36:33,Arcane Cussing (red),1,0
192,Florian,2024-10-05T14:36:33,Arcane Seeds // Life (red),2,0
192,Florian,2024-10-05T14:36:33,Arcanic Spike (red),1,0
192,Florian,2024-10-05T14:36:33,Cadaverous Tilling (red),3,0
192,Florian,2024-10-05T14:36:33,Condemn to Slaughter (red),1,0
192,Florian,2024-10-05T14:36:33,Consuming Volition (red),1,0
192,Florian,2024-10-05T14:36:33,Fertile Ground (red),2,0
192,Florian,2024-10-05T14:36:33,Fruits of the Forest (red),1,0
192,Florian,2024-10-05T14:36:33,Fyendal's Fighting Spirit (red),1,0
192,Florian,2024-10-05T14:36:33,Harvest Season (red),1,0
192,Florian,2024-10-05T14:36:33,Runerager Swarm (red),2,0
192,Florian,2024-10-05T14:36:33,Strong Yield (red),2,0
192,Florian,2024-10-05T14:36:33,Arcane Cussing (yellow),2,0
192,Florian,2024-10-05T14:36:33,Arcanic Spike (yellow),1,0
192,Florian,2024-10-05T14:36:33,Blossoming Decay (yellow),2,0
192,Florian,2024-10-05T14:36:33,Harvest Season (yellow),1,0
192,Florian,2024-10-05T14:36:33,Arcanic Spike (blue),1,0
192,Florian,2024-10-05T14:36:33,Autumn's Touch (blue),1,0
192,Florian,2024-10-05T14:36:33,Blossoming Decay (blue),1,0
192,Florian,2024-10-05T14:36:33,Condemn to Slaughter (blue),1,0
192,Florian,2024-10-05T14:36:33,Consuming Volition (blue),1,0
192,Florian,2024-10-05T14:36:33,Deadwood Dirge (blue),2,0
192,Florian,2024-10-05T14:36:33,Hit the High Notes (blue),1,0
192,Florian,2024-10-05T14:36:33,Hocus Pocus (blue),1,0
192,Florian,2024-10-05T14:36:33,Malefic Incantation (blue),1,0
192,Florian,2024-10-05T14:36:33,Meat and Greet (blue),1,0
192,Florian,2024-10-05T14:36:33,Oath of the Arknight (blue),1,0
192,Florian,2024-10-05T14:36:33,Sigil of Deadwood (blue),2,0
192,Florian,2024-10-05T14:36:33,Hood of Second Thoughts,1,1
192,Florian,2024-10-05T14:36:33,Runehold Release,1,1
192,Florian,2024-10-05T14:36:33,Well Grounded,1,1
193,Florian,2024-10-05T16:34:25,Arcane Seeds // Life (red),2,0
193,Florian,2024-10-05T16:34:25,Blossoming Decay (red),1,0
193,Florian,2024-10-05T16:34:25,Cadaverous Tilling (red),1,0
193,Florian,2024-10-05T16:34:25,Count Your Blessings (red),1,0
193,Florian,2024-10-05T16:34:25,Fertile Ground (red),1,0
193,Florian,2024-10-05T16:34:25,Oath of the Arknight (red),1,0
193,Florian,2024-10-05T16:34:25,Runerager Swarm (red),1,0
193,Florian,2024-10-05T16:34:25,Smash Up (red),1,0
193,Florian,2024-10-05T16:34:25,Arcane Polarity (yellow),1,0
193,Florian,2024-10-05T16:34:25,Blossoming Decay (yellow),1,0
193,Florian,2024-10-05T16:34:25,Fertile Ground (yellow),1,0
193,Florian,2024-10-05T16:34:25,Fruits of the Forest (yellow),1,0
193,Florian,2024-10-05T16:34:25,Fyendal's Fighting Spirit (yellow),1,0
193,Florian,2024-10-05T16:34:25,Hit the High Notes (yellow),1,0
193,Florian,2024-10-05T16:34:25,Hocus Pocus (yellow),1,0
193,Florian,2024-10-05T16:34:25,Runerager Swarm (yellow),2,0
193,Florian,2024-10-05T16:34:25,Strong Yield (yellow),1,0
193,Florian,2024-10-05T16:34:25,Arcane Cussing (blue),1,0
193,Florian,2024-10-05T16:34:25,Earth's Embrace (blue),1,0
193,Florian,2024-10-05T16:34:25,Hit the High Notes (blue),3,0
193,Florian,2024-10-05T16:34:25,Runerager Swarm (blue),2,0
193,Florian,2024-10-05T16:34:25,Sigil of Deadwood (blue),1,0
193,Florian,2024-10-05T16:34:25,Sigil of Earth (blue),1,0
193,Florian,2024-10-05T16:34:25,Sigil of Fyendal (blue),1,0
193,Florian,2024-10-05T16:34:25,Strength of Four Seasons (blue),1,0
193,Florian,2024-10-05T16:34:25,Bloodtorn Bodice,1,1
193,Florian,2024-10-05T16:34:25,Hood of Second Thoughts,1,1
193,Florian,2024-10-05T16:34:25,Well Grounded,1,1
194,Verdance,2024-10-05T18:18:41,Arcane Twining (red),1,0
194,Verdance,2024-10-05T18:18:41,Chorus of the Amphitheater (red),1,0
194,Verdance,2024-10-05T18:18:41,Etchings of Arcana (red),1,0
194,Verdance,2024-10-05T18:18:41,Glyph Overlay (red),1,0
194,Verdance,2024-10-05T18:18:41,Overflow the Aetherwell (red),2,0
194,Verdance,2024-10-05T18:18:41,Photon Splicing (red),2,0
194,Verdance,2024-10-05T18:18:41,Pulsing Aether // Life (red),1,0
194,Verdance,2024-10-05T18:18:41,Trailblazing Aether (red),2,0
194,Verdance,2024-10-05T18:18:41,Brush Off (yellow),1,0
194,Verdance,2024-10-05T18:18:41,Glyph Overlay (yellow),2,0
194,Verdance,2024-10-05T18:18:41,Perennial Aetherbloom (yellow),1,0
194,Verdance,2024-10-05T18:18:41,Save the Thought (yellow),1,0
194,Verdance,2024-10-05T18:18:41,Trailblazing Aether (yellow),2,0
194,Verdance,2024-10-05T18:18:41,Aether Quickening (blue),1,0
194,Verdance,2024-10-05T18:18:41,Arcane Twining (blue),1,0
194,Verdance,2024-10-05T18:18:41,Chorus of the Amphitheater (blue),1,0
194,Verdance,2024-10-05T18:18:41,Etchings of Arcana (blue),1,0
194,Verdance,2024-10-05T18:18:41,Glyph Overlay (blue),1,0
194,Verdance,2024-10-05T18:18:41,Overflow the Aetherwell (blue),1,0
194,Verdance,2024-10-05T18:18:41,Perennial Aetherbloom (blue),2,0
194,Verdance,2024-10-05T18:18:41,Photon Splicing (blue),1,0
194,Verdance,2024-10-05T18:18:41,Sigil of Fyendal (blue),3,0
194,Verdance,2024-10-05T18:18:41,Sigil of Sanctuary (blue),1,0
194,Verdance,2024-10-05T18:18:41,Sigil of Temporal Manipulation (blue),1,0
194,Verdance,2024-10-05T18:18:41,Trailblazing Aether (blue),1,0
194,Verdance,2024-10-05T18:18:41,Four Finger Gloves,1,1
194,Verdance,2024-10-05T18:18:41,Hood of Second Thoughts,1,1
194,Verdance,2024-10-05T18:18:41,Ink-lined Cloak,1,1
194,Verdance,2024-10-05T18:18:41,Runaways,1,1
195,Florian,2024-10-05T19:14:21,Arcane Seeds // Life (red),1,0
195,Florian,2024-10-05T19:14:21,Blossoming Decay (red),1,0
195,Florian,2024-10-05T19:14:21,Consuming Volition (red),1,0
195,Florian,2024-10-05T19:14:21,Deadwood Dirge (red),1,0
195,Florian,2024-10-05T19:14:21,Fruits of the Forest (red),1,0
195,Florian,2024-10-05T19:14:21,Fyendal's Fighting Spirit (red),1,0
195,Florian,2024-10-05T19:14:21,Harvest Season (red),1,0
195,Florian,2024-10-05T19:14:21,Meat and Greet (red),1,0
195,Florian,2024-10-05T19:14:21,Oath of the Arknight (red),1,0
195,Florian,2024-10-05T19:14:21,Rootbound Carapace (red),1,0
195,Florian,2024-10-05T19:14:21,Strong Yield (red),1,0
195,Florian,2024-10-05T19:14:21,Arcane Cussing (yellow),1,0
195,Florian,2024-10-05T19:14:21,Autumn's Touch (yellow),2,0
195,Florian,2024-10-05T19:14:21,Brush Off (yellow),1,0
195,Florian,2024-10-05T19:14:21,Cadaverous Tilling (yellow),1,0
195,Florian,2024-10-05T19:14:21,Fertile Ground (yellow),1,0
195,Florian,2024-10-05T19:14:21,Fruits of the Forest (yellow),1,0
195,Florian,2024-10-05T19:14:21,Harvest Season (yellow),1,0
195,Florian,2024-10-05T19:14:21,Hocus Pocus (yellow),2,0
195,Florian,2024-10-05T19:14:21,Meat and Greet (yellow),1,0
195,Florian,2024-10-05T19:14:21,Arcane Polarity (blue),1,0
195,Florian,2024-10-05T19:14:21,Autumn's Touch (blue),1,0
195,Florian,2024-10-05T19:14:21,Brush Off (blue),1,0
195,Florian,2024-10-05T19:14:21,Consuming Volition (blue),1,0
195,Florian,2024-10-05T19:14:21,Fyendal's Fighting Spirit (blue),1,0
195,Florian,2024-10-05T19:14:21,Hocus Pocus (blue),1,0
195,Florian,2024-10-05T19:14:21,Sigil of Deadwood (blue),1,0
195,Florian,2024-10-05T19:14:21,Sigil of Earth (blue),1,0
195,Florian,2024-10-05T19:14:21,Sigil of the Arknight (blue),1,0
195,Florian,2024-10-05T19:14:21,Strength of Four Seasons (blue),1,0
195,Florian,2024-10-05T19:14:21,Four Finger Gloves,1,1
195,Florian,2024-10-05T19:14:21,Helm of Lignum Vitae,1,1
195,Florian,2024-10-05T19:14:21,Well Grounded,1,1
196,Florian,2024-10-05T20:27:38,Arcanic Spike (red),1,0
196,Florian,2024-10-05T20:27:38,Autumn's Touch (red),1,0
196,Florian,2024-10-05T20:27:38,Earth Form (red),1,0
196,Florian,2024-10-05T20:27:38,Fruits of the Forest (red),1,0
196,Florian,2024-10-05T20:27:38,Fyendal's Fighting Spirit (red),1,0
196,Florian,2024-10-05T20:27:38,Harvest Season (red),2,0
196,Florian,2024-10-05T20:27:38,Hocus Pocus (red),1,0
196,Florian,2024-10-05T20:27:38,Runerager Swarm (red),1,0
196,Florian,2024-10-05T20:27:38,Strength of Four Seasons (red),1,0
196,Florian,2024-10-05T20:27:38,Strong Yield (red),1,0
196,Florian,2024-10-05T20:27:38,Summer's Fall (red),1,0
196,Florian,2024-10-05T20:27:38,Tongue Tied (red),1,0
196,Florian,2024-10-05T20:27:38,Arcane Polarity (yellow),1,0
196,Florian,2024-10-05T20:27:38,Cadaverous Tilling (yellow),1,0
196,Florian,2024-10-05T20:27:38,Earth Form (yellow),1,0
196,Florian,2024-10-05T20:27:38,Oath of the Arknight (yellow),1,0
196,Florian,2024-10-05T20:27:38,Strong Yield (yellow),1,0
196,Florian,2024-10-05T20:27:38,Arcane Polarity (blue),1,0
196,Florian,2024-10-05T20:27:38,Arcanic Spike (blue),1,0
196,Florian,2024-10-05T20:27:38,Cadaverous Tilling (blue),1,0
196,Florian,2024-10-05T20:27:38,Condemn to Slaughter (blue),2,0
196,Florian,2024-10-05T20:27:38,Consuming Volition (blue),2,0
196,Florian,2024-10-05T20:27:38,Deadwood Dirge (blue),2,0
196,Florian,2024-10-05T20:27:38,Fertile Ground (blue),1,0
196,Florian,2024-10-05T20:27:38,Hit the High Notes (blue),1,0
196,Florian,2024-10-05T20:27:38,Hocus Pocus (blue),1,0
196,Florian,2024-10-05T20:27:38,Meat and Greet (blue),1,0
196,Florian,2024-10-05T20:27:38,Oath of the Arknight (blue),1,0
196,Florian,2024-10-05T20:27:38,Runerager Swarm (blue),1,0
196,Florian,2024-10-05T20:27:38,Strength of Four Seasons (blue),1,0
196,Florian,2024-10-05T20:27:38,Bruised Leather,1,1
196,Florian,2024-10-05T20:27:38,Four Finger Gloves,1,1
196,Florian,2024-10-05T20:27:38,Helm of Lignum Vitae,1,1
196,Florian,2024-10-05T20:27:38,Runaways,1,1
197,Florian,2024-10-05T21:03:50,Arcane Cussing (red),1,0
197,Florian,2024-10-05T21:03:50,Autumn's Touch (red),1,0
197,Florian,2024-10-05T21:03:50,Brush Off (red),1,0
197,Florian,2024-10-05T21:03:50,Deadwood Dirge (red),1,0
197,Florian,2024-10-05T21:03:50,Runerager Swarm (red),1,0
197,Florian,2024-10-05T21:03:50,Strength of Four Seasons (red),1,0
197,Florian,2024-10-05T21:03:50,Tongue Tied (red),1,0
197,Florian,2024-10-05T21:03:50,Arcane Cussing (yellow),2,0
197,Florian,2024-10-05T21:03:50,Autumn's Touch (yellow),1,0
197,Florian,2024-10-05T21:03:50,Blossoming Decay (yellow),1,0
197,Florian,2024-10-05T21:03:50,Brush Off (yellow),1,0
197,Florian,2024-10-05T21:03:50,Deadwood Dirge (yellow),1,0
197,Florian,2024-10-05T21:03:50,Fruits of the Forest (yellow),2,0
197,Florian,2024-10-05T21:03:50,Oath of the Arknight (yellow),1,0
197,Florian,2024-10-05T21:03:50,Runerager Swarm (yellow),2,0
197,Florian,2024-10-05T21:03:50,Strength of Four Seasons (yellow),1,0
197,Florian,2024-10-05T21:03:50,Autumn's Touch (blue),1,0
197,Florian,2024-10-05T21:03:50,Blossoming Decay (blue),1,0
197,Florian,2024-10-05T21:03:50,Cadaverous Tilling (blue),1,0
197,Florian,2024-10-05T21:03:50,Deadwood Dirge (blue),1,0
197,Florian,2024-10-05T21:03:50,Earth Form (blue),1,0
197,Florian,2024-10-05T21:03:50,Earth's Embrace (blue),1,0
197,Florian,2024-10-05T21:03:50,Fertile Ground (blue),1,0
197,Florian,2024-10-05T21:03:50,Fruits of the Forest (blue),1,0
197,Florian,2024-10-05T21:03:50,Oath of the Arknight (blue),1,0
197,Florian,2024-10-05T21:03:50,Sigil of Deadwood (blue),2,0
197,Florian,2024-10-05T21:03:50,Sigil of Earth (blue),1,0
197,Florian,2024-10-05T21:03:50,Sigil of Fyendal (blue),1,0
197,Florian,2024-10-05T21:03:50,Sigil of Sanctuary (blue),1,0
197,Florian,2024-10-05T21:03:50,Strength of Four Seasons (blue),1,0
197,Florian,2024-10-05T21:03:50,Bruised Leather,1,1
197,Florian,2024-10-05T21:03:50,Helm of Lignum Vitae,1,1
197,Florian,2024-10-05T21:03:50,Runehold Release,1,1
197,Florian,2024-10-05T21:03:50,Well Grounded,1,1
198,Florian,2024-10-05T23:35:32,Arcane Seeds // Life (red),2,0
198,Florian,2024-10-05T23:35:32,Blossoming Decay (red),1,0
198,Florian,2024-10-05T23:35:32,Brush Off (red),1,0
198,Florian,2024-10-05T23:35:32,Consuming Volition (red),1,0
198,Florian,2024-10-05T23:35:32,Fruits of the Forest (red),1,0
198,Florian,2024-10-05T23:35:32,Hocus Pocus (red),1,0
198,Florian,2024-10-05T23:35:32,Rootbound Carapace (red),1,0
198,Florian,2024-10-05T23:35:32,Runerager Swarm (red),1,0
198,Florian,2024-10-05T23:35:32,Summer's Fall (red),1,0
198,Florian,2024-10-05T23:35:32,Arcane Polarity (yellow),1,0
198,Florian,2024-10-05T23:35:32,Autumn's Touch (yellow),1,0
198,Florian,2024-10-05T23:35:32,Blossoming Decay (yellow),1,0
198,Florian,2024-10-05T23:35:32,Brush Off (yellow),1,0
198,Florian,2024-10-05T23:35:32,Cadaverous Tilling (yellow),1,0
198,Florian,2024-10-05T23:35:32,Consuming Volition (yellow),1,0
198,Florian,2024-10-05T23:35:32,Fertile Ground (yellow),1,0
198,Florian,2024-10-05T23:35:32,Fruits of the Forest (yellow),2,0
198,Florian,2024-10-05T23:35:32,Harvest Season (yellow),3,0
198,Florian,2024-10-05T23:35:32,Hocus Pocus (yellow),2,0
198,Florian,2024-10-05T23:35:32,Meat and Greet (yellow),1,0
198,Florian,2024-10-05T23:35:32,Strong Yield (yellow),1,0
198,Florian,2024-10-05T23:35:32,Summer's Fall (yellow),1,0
198,Florian,2024-10-05T23:35:32,Arcanic Spike (blue),1,0
198,Florian,2024-10-05T23:35:32,Autumn's Touch (blue),1,0
198,Florian,2024-10-05T23:35:32,Cadaverous Tilling (blue),2,0
198,Florian,2024-10-05T23:35:32,Consuming Volition (blue),1,0
198,Florian,2024-10-05T23:35:32,Meat and Greet (blue),1,0
198,Florian,2024-10-05T23:35:32,Oath of the Arknight (blue),1,0
198,Florian,2024-10-05T23:35:32,Sigil of Earth (blue),1,0
198,Florian,2024-10-05T23:35:32,Strong Yield (blue),1,0
198,Florian,2024-10-05T23:35:32,Vantage Point (blue),1,0
198,Florian,2024-10-05T23:35:32,Runehold Release,1,1
198,Florian,2024-10-05T23:35:32,Well Grounded,1,1
199,Verdance,2024-10-06T09:33:20,Brush Off (red),1,0
199,Verdance,2024-10-06T09:33:20,Exploding Aether (red),3,0
199,Verdance,2024-10-06T09:33:20,Hand Behind the Pen (red),1,0
199,Verdance,2024-10-06T09:33:20,Harvest Season (red),1,0
199,Verdance,2024-10-06T09:33:20,Open the Flood Gates (red),1,0
199,Verdance,2024-10-06T09:33:20,Photon Splicing (red),2,0
199,Verdance,2024-10-06T09:33:20,Pulsing Aether // Life (red),2,0
199,Verdance,2024-10-06T09:33:20,Trailblazing Aether (red),3,0
199,Verdance,2024-10-06T09:33:20,Chorus of the Amphitheater (yellow),1,0
199,Verdance,2024-10-06T09:33:20,Fyendal's Fighting Spirit (yellow),1,0
199,Verdance,2024-10-06T09:33:20,Overflow the Aetherwell (yellow),2,0
199,Verdance,2024-10-06T09:33:20,Photon Splicing (yellow),1,0
199,Verdance,2024-10-06T09:33:20,Pop the Bubble (yellow),1,0
199,Verdance,2024-10-06T09:33:20,Strong Yield (yellow),1,0
199,Verdance,2024-10-06T09:33:20,Aether Quickening (blue),1,0
199,Verdance,2024-10-06T09:33:20,Arcane Polarity (blue),2,0
199,Verdance,2024-10-06T09:33:20,Arcane Twining (blue),1,0
199,Verdance,2024-10-06T09:33:20,Call to the Grave (blue),1,0
199,Verdance,2024-10-06T09:33:20,Chorus of the Amphitheater (blue),1,0
199,Verdance,2024-10-06T09:33:20,Earth Form (blue),1,0
199,Verdance,2024-10-06T09:33:20,Etchings of Arcana (blue),1,0
199,Verdance,2024-10-06T09:33:20,Exploding Aether (blue),1,0
199,Verdance,2024-10-06T09:33:20,Overflow the Aetherwell (blue),1,0
199,Verdance,2024-10-06T09:33:20,Trailblazing Aether (blue),1,0
199,Verdance,2024-10-06T09:33:20,Helm of Lignum Vitae,1,1
199,Verdance,2024-10-06T09:33:20,Ink-lined Cloak,1,1
200,Verdance,2024-10-06T18:19:20,Aether Quickening (red),1,0
200,Verdance,2024-10-06T18:19:20,Arcane Twining (red),1,0
200,Verdance,2024-10-06T18:19:20,Autumn's Touch (red),1,0
200,Verdance,2024-10-06T18:19:20,Count Your Blessings (red),1,0
200,Verdance,2024-10-06T18:19:20,Exploding Aether (red),1,0
200,Verdance,2024-10-06T18:19:20,Fruits of the Forest (red),1,0
200,Verdance,2024-10-06T18:19:20,Overflow the Aetherwell (red),2,0
200,Verdance,2024-10-06T18:19:20,Perennial Aetherbloom (red),2,0
200,Verdance,2024-10-06T18:19:20,Photon Splicing (red),2,0
200,Verdance,2024-10-06T18:19:20,Summer's Fall (red),1,0
200,Verdance,2024-10-06T18:19:20,Trailblazing Aether (red),2,0
200,Verdance,2024-10-06T18:19:20,Fruits of the Forest (yellow),1,0
200,Verdance,2024-10-06T18:19:20,Perennial Aetherbloom (yellow),1,0
200,Verdance,2024-10-06T18:19:20,Photon Splicing (yellow),2,0
200,Verdance,2024-10-06T18:19:20,Trailblazing Aether (yellow),1,0
200,Verdance,2024-10-06T18:19:20,Arcane Polarity (blue),1,0
200,Verdance,2024-10-06T18:19:20,Fertile Ground (blue),1,0
200,Verdance,2024-10-06T18:19:20,Fruits of the Forest (blue),1,0
200,Verdance,2024-10-06T18:19:20,Harvest Season (blue),1,0
200,Verdance,2024-10-06T18:19:20,Heartbeat of Candlehold (blue),1,0
200,Verdance,2024-10-06T18:19:20,Open the Flood Gates (blue),1,0
200,Verdance,2024-10-06T18:19:20,Overflow the Aetherwell (blue),1,0
200,Verdance,2024-10-06T18:19:20,Perennial Aetherbloom (blue),1,0
200,Verdance,2024-10-06T18:19:20,Photon Splicing (blue),1,0
200,Verdance,2024-10-06T18:19:20,Pop the Bubble (blue),1,0
200,Verdance,2024-10-06T18:19:20,Sigil of Earth (blue),1,0
200,Verdance,2024-10-06T18:19:20,Sigil of Fyendal (blue),1,0
200,Verdance,2024-10-06T18:19:20,Trailblazing Aether (blue),1,0
200,Verdance,2024-10-06T18:19:20,Truce (blue),1,0
200,Verdance,2024-10-06T18:19:20,Helm of Lignum Vitae,1,1
200,Verdance,2024-10-06T18:19:20,Hold Focus,1,1
200,Verdance,2024-10-06T18:19:20,Ink-lined Cloak,1,1
201,Verdance,2024-10-06T19:54:42,Aether Quickening (red),2,0
201,Verdance,2024-10-06T19:54:42,Autumn's Touch (red),1,0
201,Verdance,2024-10-06T19:54:42,Blossoming Decay (red),1,0
201,Verdance,2024-10-06T19:54:42,Cadaverous Tilling (red),1,0
201,Verdance,2024-10-06T19:54:42,Count Your Blessings (red),1,0
201,Verdance,2024-10-06T19:54:42,Etchings of Arcana (red),1,0
201,Verdance,2024-10-06T19:54:42,Fruits of the Forest (red),1,0
201,Verdance,2024-10-06T19:54:42,Perennial Aetherbloom (red),1,0
201,Verdance,2024-10-06T19:54:42,Photon Splicing (red),1,0
201,Verdance,2024-10-06T19:54:42,Pop the Bubble (red),1,0
201,Verdance,2024-10-06T19:54:42,Trailblazing Aether (red),1,0
201,Verdance,2024-10-06T19:54:42,Arcane Polarity (yellow),1,0
201,Verdance,2024-10-06T19:54:42,Blossoming Decay (yellow),1,0
201,Verdance,2024-10-06T19:54:42,Brush Off (yellow),2,0
201,Verdance,2024-10-06T19:54:42,Count Your Blessings (yellow),1,0
201,Verdance,2024-10-06T19:54:42,Perennial Aetherbloom (yellow),1,0
201,Verdance,2024-10-06T19:54:42,Pop the Bubble (yellow),1,0
201,Verdance,2024-10-06T19:54:42,Trailblazing Aether (yellow),1,0
201,Verdance,2024-10-06T19:54:42,Aether Quickening (blue),2,0
201,Verdance,2024-10-06T19:54:42,Arcane Polarity (blue),1,0
201,Verdance,2024-10-06T19:54:42,Arcane Twining (blue),1,0
201,Verdance,2024-10-06T19:54:42,Autumn's Touch (blue),1,0
201,Verdance,2024-10-06T19:54:42,Blossoming Decay (blue),2,0
201,Verdance,2024-10-06T19:54:42,Brush Off (blue),1,0
201,Verdance,2024-10-06T19:54:42,Exploding Aether (blue),2,0
201,Verdance,2024-10-06T19:54:42,Fertile Ground (blue),1,0
201,Verdance,2024-10-06T19:54:42,Fruits of the Forest (blue),1,0
201,Verdance,2024-10-06T19:54:42,Harvest Season (blue),1,0
201,Verdance,2024-10-06T19:54:42,Mental Block (blue),1,0
201,Verdance,2024-10-06T19:54:42,Open the Flood Gates (blue),1,0
201,Verdance,2024-10-06T19:54:42,Seeds of Tomorrow (blue),1,0
201,Verdance,2024-10-06T19:54:42,Sigil of Fyendal (blue),1,0
201,Verdance,2024-10-06T19:54:42,Strength of Four Seasons (blue),1,0
201,Verdance,2024-10-06T19:54:42,Bruised Leather,1,1
201,Verdance,2024-10-06T19:54:42,Helm of Lignum Vitae,1,1
201,Verdance,2024-10-06T19:54:42,Hold Focus,1,1
202,Verdance,2024-10-07T00:37:05,Arcane Polarity (red),1,0
202,Verdance,2024-10-07T00:37:05,Autumn's Touch (red),1,0
202,Verdance,2024-10-07T00:37:05,Blossoming Decay (red),1,0
202,Verdance,2024-10-07T00:37:05,Cadaverous Tilling (red),1,0
202,Verdance,2024-10-07T00:37:05,Fertile Ground (red),1,0
202,Verdance,2024-10-07T00:37:05,Fruits of the Forest (red),1,0
202,Verdance,2024-10-07T00:37:05,Glyph Overlay (red),1,0
202,Verdance,2024-10-07T00:37:05,Harvest Season (red),1,0
202,Verdance,2024-10-07T00:37:05,Photon Splicing (red),1,0
202,Verdance,2024-10-07T00:37:05,Pulsing Aether // Life (red),1,0
202,Verdance,2024-10-07T00:37:05,Arcane Polarity (yellow),1,0
202,Verdance,2024-10-07T00:37:05,Chorus of the Amphitheater (yellow),1,0
202,Verdance,2024-10-07T00:37:05,Etchings of Arcana (yellow),1,0
202,Verdance,2024-10-07T00:37:05,Exploding Aether (yellow),1,0
202,Verdance,2024-10-07T00:37:05,Fertile Ground (yellow),1,0
202,Verdance,2024-10-07T00:37:05,Fruits of the Forest (yellow),1,0
202,Verdance,2024-10-07T00:37:05,Fyendal's Fighting Spirit (yellow),1,0
202,Verdance,2024-10-07T00:37:05,Open the Flood Gates (yellow),1,0
202,Verdance,2024-10-07T00:37:05,Overflow the Aetherwell (yellow),2,0
202,Verdance,2024-10-07T00:37:05,Perennial Aetherbloom (yellow),1,0
202,Verdance,2024-10-07T00:37:05,Photon Splicing (yellow),1,0
202,Verdance,2024-10-07T00:37:05,Summer's Fall (yellow),1,0
202,Verdance,2024-10-07T00:37:05,Autumn's Touch (blue),1,0
202,Verdance,2024-10-07T00:37:05,Earth Form (blue),1,0
202,Verdance,2024-10-07T00:37:05,Etchings of Arcana (blue),2,0
202,Verdance,2024-10-07T00:37:05,Fyendal's Fighting Spirit (blue),1,0
202,Verdance,2024-10-07T00:37:05,Glyph Overlay (blue),1,0
202,Verdance,2024-10-07T00:37:05,Pop the Bubble (blue),1,0
202,Verdance,2024-10-07T00:37:05,Rootbound Carapace (blue),1,0
202,Verdance,2024-10-07T00:37:05,Sigil of Earth (blue),3,0
202,Verdance,2024-10-07T00:37:05,Sigil of Forethought (blue),1,0
202,Verdance,2024-10-07T00:37:05,Sigil of Sanctuary (blue),1,0
202,Verdance,2024-10-07T00:37:05,Four Finger Gloves,1,1
202,Verdance,2024-10-07T00:37:05,Helm of Lignum Vitae,1,1
202,Verdance,2024-10-07T00:37:05,Ink-lined Cloak,1,1
202,Verdance,2024-10-07T00:37:05,Well Grounded,1,1
203,Aurora,2024-10-07T04:59:22,Arcane Cussing (red),1,0
203,Aurora,2024-10-07T04:59:22,Arcanic Spike (red),1,0
203,Aurora,2024-10-07T04:59:22,Brush Off (red),1,0
203,Aurora,2024-10-07T04:59:22,Consuming Volition (red),1,0
203,Aurora,2024-10-07T04:59:22,Electromagnetic Somersault (red),1,0
203,Aurora,2024-10-07T04:59:22,Electrostatic Discharge (red),1,0
203,Aurora,2024-10-07T04:59:22,Flittering Charge (red),2,0
203,Aurora,2024-10-07T04:59:22,Fry (red),2,0
203,Aurora,2024-10-07T04:59:22,Heaven's Claws (red),2,0
203,Aurora,2024-10-07T04:59:22,Hit the High Notes (red),1,0
203,Aurora,2024-10-07T04:59:22,Lightning Form (red),2,0
203,Aurora,2024-10-07T04:59:22,Lightning Surge (red),1,0
203,Aurora,2024-10-07T04:59:22,Runerager Swarm (red),1,0
203,Aurora,2024-10-07T04:59:22,Second Strike (red),2,0
203,Aurora,2024-10-07T04:59:22,Snuff Out (red),1,0
203,Aurora,2024-10-07T04:59:22,Trip the Light Fantastic (red),1,0
203,Aurora,2024-10-07T04:59:22,Blast to Oblivion (yellow),1,0
203,Aurora,2024-10-07T04:59:22,Fry (yellow),1,0
203,Aurora,2024-10-07T04:59:22,Meat and Greet (yellow),1,0
203,Aurora,2024-10-07T04:59:22,Runerager Swarm (yellow),1,0
203,Aurora,2024-10-07T04:59:22,Arcanic Spike (blue),1,0
203,Aurora,2024-10-07T04:59:22,Consuming Volition (blue),2,0
203,Aurora,2024-10-07T04:59:22,Electromagnetic Somersault (blue),1,0
203,Aurora,2024-10-07T04:59:22,Electrostatic Discharge (blue),1,0
203,Aurora,2024-10-07T04:59:22,Heaven's Claws (blue),1,0
203,Aurora,2024-10-07T04:59:22,Hit the High Notes (blue),1,0
203,Aurora,2024-10-07T04:59:22,Hocus Pocus (blue),1,0
203,Aurora,2024-10-07T04:59:22,Meat and Greet (blue),1,0
203,Aurora,2024-10-07T04:59:22,Oath of the Arknight (blue),1,0
203,Aurora,2024-10-07T04:59:22,Runerager Swarm (blue),1,0
203,Aurora,2024-10-07T04:59:22,Second Strike (blue),1,0
203,Aurora,2024-10-07T04:59:22,Bruised Leather,1,1
203,Aurora,2024-10-07T04:59:22,Flash of Brilliance,1,1
203,Aurora,2024-10-07T04:59:22,Four Finger Gloves,1,1
203,Aurora,2024-10-07T04:59:22,Runaways,1,1
204,Aurora,2024-10-07T19:09:07,Brush Off (red),1,0
204,Aurora,2024-10-07T19:09:07,Burn Up // Shock (red),1,0
204,Aurora,2024-10-07T19:09:07,Electrostatic Discharge (red),1,0
204,Aurora,2024-10-07T19:09:07,Flash (red),1,0
204,Aurora,2024-10-07T19:09:07,Flittering Charge (red),1,0
204,Aurora,2024-10-07T19:09:07,Fry (red),1,0
204,Aurora,2024-10-07T19:09:07,Heaven's Claws (red),1,0
204,Aurora,2024-10-07T19:09:07,Hocus Pocus (red),1,0
204,Aurora,2024-10-07T19:09:07,Lightning Form (red),2,0
204,Aurora,2024-10-07T19:09:07,Meat and Greet (red),2,0
204,Aurora,2024-10-07T19:09:07,Runerager Swarm (red),1,0
204,Aurora,2024-10-07T19:09:07,Second Strike (red),1,0
204,Aurora,2024-10-07T19:09:07,Smash Up (red),1,0
204,Aurora,2024-10-07T19:09:07,Arcane Polarity (yellow),1,0
204,Aurora,2024-10-07T19:09:07,Brush Off (yellow),1,0
204,Aurora,2024-10-07T19:09:07,Consuming Volition (yellow),2,0
204,Aurora,2024-10-07T19:09:07,Deadwood Dirge (yellow),1,0
204,Aurora,2024-10-07T19:09:07,Electrostatic Discharge (yellow),1,0
204,Aurora,2024-10-07T19:09:07,Fry (yellow),1,0
204,Aurora,2024-10-07T19:09:07,Hit the High Notes (yellow),2,0
204,Aurora,2024-10-07T19:09:07,Lightning Surge (yellow),1,0
204,Aurora,2024-10-07T19:09:07,Runerager Swarm (yellow),1,0
204,Aurora,2024-10-07T19:09:07,Second Strike (yellow),1,0
204,Aurora,2024-10-07T19:09:07,Arcanic Spike (blue),1,0
204,Aurora,2024-10-07T19:09:07,Deadwood Dirge (blue),1,0
204,Aurora,2024-10-07T19:09:07,Electrostatic Discharge (blue),1,0
204,Aurora,2024-10-07T19:09:07,Hocus Pocus (blue),1,0
204,Aurora,2024-10-07T19:09:07,Runerager Swarm (blue),1,0
204,Aurora,2024-10-07T19:09:07,Second Strike (blue),2,0
204,Aurora,2024-10-07T19:09:07,Splintering Deadwood (blue),1,0
204,Aurora,2024-10-07T19:09:07,Trip the Light Fantastic (blue),1,0
204,Aurora,2024-10-07T19:09:07,Bruised Leather,1,1
204,Aurora,2024-10-07T19:09:07,Flash of Brilliance,1,1
204,Aurora,2024-10-07T19:09:07,Runaways,1,1
205,Verdance,2024-10-07T21:04:20,Aether Quickening (red),2,0
205,Verdance,2024-10-07T21:04:20,Arcane Polarity (red),1,0
205,Verdance,2024-10-07T21:04:20,Exploding Aether (red),1,0
205,Verdance,2024-10-07T21:04:20,Fruits of the Forest (red),1,0
205,Verdance,2024-10-07T21:04:20,Overflow the Aetherwell (red),1,0
205,Verdance,2024-10-07T21:04:20,Perennial Aetherbloom (red),4,0
205,Verdance,2024-10-07T21:04:20,Pop the Bubble (red),1,0
205,Verdance,2024-10-07T21:04:20,Strong Yield (red),1,0
205,Verdance,2024-10-07T21:04:20,Trailblazing Aether (red),2,0
205,Verdance,2024-10-07T21:04:20,Chorus of the Amphitheater (yellow),2,0
205,Verdance,2024-10-07T21:04:20,Earth Form (yellow),1,0
205,Verdance,2024-10-07T21:04:20,Fruits of the Forest (yellow),2,0
205,Verdance,2024-10-07T21:04:20,Perennial Aetherbloom (yellow),2,0
205,Verdance,2024-10-07T21:04:20,Photon Splicing (yellow),1,0
205,Verdance,2024-10-07T21:04:20,Aether Quickening (blue),1,0
205,Verdance,2024-10-07T21:04:20,Arcane Polarity (blue),1,0
205,Verdance,2024-10-07T21:04:20,Cadaverous Tilling (blue),1,0
205,Verdance,2024-10-07T21:04:20,Chorus of the Amphitheater (blue),1,0
205,Verdance,2024-10-07T21:04:20,Etchings of Arcana (blue),2,0
205,Verdance,2024-10-07T21:04:20,Fruits of the Forest (blue),2,0
205,Verdance,2024-10-07T21:04:20,Open the Flood Gates (blue),3,0
205,Verdance,2024-10-07T21:04:20,Perennial Aetherbloom (blue),1,0
205,Verdance,2024-10-07T21:04:20,Sigil of Forethought (blue),1,0
205,Verdance,2024-10-07T21:04:20,Strong Yield (blue),1,0
205,Verdance,2024-10-07T21:04:20,Four Finger Gloves,1,1
205,Verdance,2024-10-07T21:04:20,Helm of Lignum Vitae,1,1
205,Verdance,2024-10-07T21:04:20,Ink-lined Cloak,1,1
205,Verdance,2024-10-07T21:04:20,Well Grounded,1,1
206,Oscilio,2024-10-07T21:57:16,Aether Quickening (red),2,0
206,Oscilio,2024-10-07T21:57:16,Arcane Twining (red),1,0
206,Oscilio,2024-10-07T21:57:16,Chorus of the Amphitheater (red),1,0
206,Oscilio,2024-10-07T21:57:16,Comet Storm // Shock (red),1,0
206,Oscilio,2024-10-07T21:57:16,Etchings of Arcana (red),1,0
206,Oscilio,2024-10-07T21:57:16,Exploding Aether (red),1,0
206,Oscilio,2024-10-07T21:57:16,Fry (red),1,0
206,Oscilio,2024-10-07T21:57:16,Glyph Overlay (red),1,0
206,Oscilio,2024-10-07T21:57:16,Open the Flood Gates (red),2,0
206,Oscilio,2024-10-07T21:57:16,Perennial Aetherbloom (red),2,0
206,Oscilio,2024-10-07T21:57:16,Save the Thought (red),1,0
206,Oscilio,2024-10-07T21:57:16,Trip the Light Fantastic (red),1,0
206,Oscilio,2024-10-07T21:57:16,Chorus of the Amphitheater (yellow),1,0
206,Oscilio,2024-10-07T21:57:16,Etchings of Arcana (yellow),1,0
206,Oscilio,2024-10-07T21:57:16,Lightning Surge (yellow),2,0
206,Oscilio,2024-10-07T21:57:16,Photon Splicing (yellow),1,0
206,Oscilio,2024-10-07T21:57:16,Pop the Bubble (yellow),1,0
206,Oscilio,2024-10-07T21:57:16,Arcane Twining (blue),2,0
206,Oscilio,2024-10-07T21:57:16,Electrostatic Discharge (blue),1,0
206,Oscilio,2024-10-07T21:57:16,Flittering Charge (blue),2,0
206,Oscilio,2024-10-07T21:57:16,Mental Block (blue),1,0
206,Oscilio,2024-10-07T21:57:16,Overflow the Aetherwell (blue),1,0
206,Oscilio,2024-10-07T21:57:16,Perennial Aetherbloom (blue),1,0
206,Oscilio,2024-10-07T21:57:16,Photon Splicing (blue),1,0
206,Oscilio,2024-10-07T21:57:16,Sigil of Conductivity (blue),1,0
206,Oscilio,2024-10-07T21:57:16,Sigil of Fyendal (blue),1,0
206,Oscilio,2024-10-07T21:57:16,Sigil of Temporal Manipulation (blue),1,0
206,Oscilio,2024-10-07T21:57:16,Trailblazing Aether (blue),1,0
206,Oscilio,2024-10-07T21:57:16,Trip the Light Fantastic (blue),1,0
206,Oscilio,2024-10-07T21:57:16,Flash of Brilliance,1,1
206,Oscilio,2024-10-07T21:57:16,Ink-lined Cloak,1,1
206,Oscilio,2024-10-07T21:57:16,Twinkle Toes,1,1
207,Verdance,2024-10-07T23:33:34,Aether Quickening (red),1,0
207,Verdance,2024-10-07T23:33:34,Blossoming Decay (red),1,0
207,Verdance,2024-10-07T23:33:34,Brush Off (red),1,0
207,Verdance,2024-10-07T23:33:34,Exploding Aether (red),3,0
207,Verdance,2024-10-07T23:33:34,Open the Flood Gates (red),1,0
207,Verdance,2024-10-07T23:33:34,Overflow the Aetherwell (red),2,0
207,Verdance,2024-10-07T23:33:34,Perennial Aetherbloom (red),2,0
207,Verdance,2024-10-07T23:33:34,Pulsing Aether // Life (red),1,0
207,Verdance,2024-10-07T23:33:34,Trailblazing Aether (red),2,0
207,Verdance,2024-10-07T23:33:34,Aether Quickening (yellow),1,0
207,Verdance,2024-10-07T23:33:34,Overflow the Aetherwell (yellow),1,0
207,Verdance,2024-10-07T23:33:34,Perennial Aetherbloom (yellow),1,0
207,Verdance,2024-10-07T23:33:34,Photon Splicing (yellow),1,0
207,Verdance,2024-10-07T23:33:34,Strong Yield (yellow),1,0
207,Verdance,2024-10-07T23:33:34,Arcane Twining (blue),1,0
207,Verdance,2024-10-07T23:33:34,Blossoming Decay (blue),1,0
207,Verdance,2024-10-07T23:33:34,Cadaverous Tilling (blue),1,0
207,Verdance,2024-10-07T23:33:34,Fruits of the Forest (blue),2,0
207,Verdance,2024-10-07T23:33:34,Open the Flood Gates (blue),1,0
207,Verdance,2024-10-07T23:33:34,Overflow the Aetherwell (blue),3,0
207,Verdance,2024-10-07T23:33:34,Perennial Aetherbloom (blue),1,0
207,Verdance,2024-10-07T23:33:34,Photon Splicing (blue),2,0
207,Verdance,2024-10-07T23:33:34,Sigil of Aether (blue),1,0
207,Verdance,2024-10-07T23:33:34,Sigil of Earth (blue),1,0
207,Verdance,2024-10-07T23:33:34,Sigil of Forethought (blue),1,0
207,Verdance,2024-10-07T23:33:34,Strong Yield (blue),1,0
207,Verdance,2024-10-07T23:33:34,Trailblazing Aether (blue),1,0
207,Verdance,2024-10-07T23:33:34,Bruised Leather,1,1
207,Verdance,2024-10-07T23:33:34,Four Finger Gloves,1,1
207,Verdance,2024-10-07T23:33:34,Hold Focus,1,1
207,Verdance,2024-10-07T23:33:34,Hood of Second Thoughts,1,1
208,Oscilio,2024-10-08T00:38:41,Aether Quickening (red),1,0
208,Oscilio,2024-10-08T00:38:41,Comet Storm // Shock (red),2,0
208,Oscilio,2024-10-08T00:38:41,Etchings of Arcana (red),1,0
208,Oscilio,2024-10-08T00:38:41,Exploding Aether (red),1,0
208,Oscilio,2024-10-08T00:38:41,Flash (red),2,0
208,Oscilio,2024-10-08T00:38:41,Glyph Overlay (red),2,0
208,Oscilio,2024-10-08T00:38:41,Heaven's Claws (red),1,0
208,Oscilio,2024-10-08T00:38:41,Open the Flood Gates (red),2,0
208,Oscilio,2024-10-08T00:38:41,Overflow the Aetherwell (red),1,0
208,Oscilio,2024-10-08T00:38:41,Perennial Aetherbloom (red),1,0
208,Oscilio,2024-10-08T00:38:41,Photon Splicing (red),2,0
208,Oscilio,2024-10-08T00:38:41,Trailblazing Aether (red),1,0
208,Oscilio,2024-10-08T00:38:41,Trip the Light Fantastic (red),2,0
208,Oscilio,2024-10-08T00:38:41,Arcane Twining (yellow),2,0
208,Oscilio,2024-10-08T00:38:41,Chorus of the Amphitheater (yellow),1,0
208,Oscilio,2024-10-08T00:38:41,Etchings of Arcana (yellow),1,0
208,Oscilio,2024-10-08T00:38:41,Open the Flood Gates (yellow),1,0
208,Oscilio,2024-10-08T00:38:41,Trailblazing Aether (yellow),1,0
208,Oscilio,2024-10-08T00:38:41,Arcane Twining (blue),1,0
208,Oscilio,2024-10-08T00:38:41,Etchings of Arcana (blue),1,0
208,Oscilio,2024-10-08T00:38:41,Flash (blue),1,0
208,Oscilio,2024-10-08T00:38:41,Fry (blue),1,0
208,Oscilio,2024-10-08T00:38:41,Glyph Overlay (blue),1,0
208,Oscilio,2024-10-08T00:38:41,Overflow the Aetherwell (blue),1,0
208,Oscilio,2024-10-08T00:38:41,Sigil of Aether (blue),1,0
208,Oscilio,2024-10-08T00:38:41,Sigil of Conductivity (blue),1,0
208,Oscilio,2024-10-08T00:38:41,Sigil of Forethought (blue),2,0
208,Oscilio,2024-10-08T00:38:41,Sigil of Lightning (blue),1,0
208,Oscilio,2024-10-08T00:38:41,Sigil of Temporal Manipulation (blue),1,0
208,Oscilio,2024-10-08T00:38:41,Trailblazing Aether (blue),2,0
208,Oscilio,2024-10-08T00:38:41,Hold Focus,1,1
208,Oscilio,2024-10-08T00:38:41,Ink-lined Cloak,1,1
208,Oscilio,2024-10-08T00:38:41,Twinkle Toes,1,1
209,Florian,2024-10-08T01:04:25,Arcane Cussing (red),1,0
209,Florian,2024-10-08T01:04:25,Arcane Polarity (red),1,0
209,Florian,2024-10-08T01:04:25,Autumn's Touch (red),1,0
209,Florian,2024-10-08T01:04:25,Cadaverous Tilling (red),1,0
209,Florian,2024-10-08T01:04:25,Condemn to Slaughter (red),1,0
209,Florian,2024-10-08T01:04:25,Deadwood Dirge (red),1,0
209,Florian,2024-10-08T01:04:25,Fertile Ground (red),1,0
209,Florian,2024-10-08T01:04:25,Hand Behind the Pen (red),1,0
209,Florian,2024-10-08T01:04:25,Harvest Season (red),1,0
209,Florian,2024-10-08T01:04:25,Oath of the Arknight (red),1,0
209,Florian,2024-10-08T01:04:25,Rootbound Carapace (red),1,0
209,Florian,2024-10-08T01:04:25,Runerager Swarm (red),1,0
209,Florian,2024-10-08T01:04:25,Arcane Cussing (yellow),1,0
209,Florian,2024-10-08T01:04:25,Autumn's Touch (yellow),1,0
209,Florian,2024-10-08T01:04:25,Blossoming Decay (yellow),1,0
209,Florian,2024-10-08T01:04:25,Fertile Ground (yellow),1,0
209,Florian,2024-10-08T01:04:25,Malefic Incantation (yellow),1,0
209,Florian,2024-10-08T01:04:25,Meat and Greet (yellow),1,0
209,Florian,2024-10-08T01:04:25,Oath of the Arknight (yellow),1,0
209,Florian,2024-10-08T01:04:25,Runerager Swarm (yellow),2,0
209,Florian,2024-10-08T01:04:25,Strong Yield (yellow),2,0
209,Florian,2024-10-08T01:04:25,Vantage Point (yellow),1,0
209,Florian,2024-10-08T01:04:25,Autumn's Touch (blue),1,0
209,Florian,2024-10-08T01:04:25,Cadaverous Tilling (blue),1,0
209,Florian,2024-10-08T01:04:25,Condemn to Slaughter (blue),1,0
209,Florian,2024-10-08T01:04:25,Fruits of the Forest (blue),1,0
209,Florian,2024-10-08T01:04:25,Rootbound Carapace (blue),1,0
209,Florian,2024-10-08T01:04:25,Sigil of Cycles (blue),1,0
209,Florian,2024-10-08T01:04:25,Sigil of Deadwood (blue),2,0
209,Florian,2024-10-08T01:04:25,Sigil of Fyendal (blue),1,0
209,Florian,2024-10-08T01:04:25,Strength of Four Seasons (blue),1,0
209,Florian,2024-10-08T01:04:25,Strong Yield (blue),1,0
209,Florian,2024-10-08T01:04:25,Bloodtorn Bodice,1,1
209,Florian,2024-10-08T01:04:25,Helm of Lignum Vitae,1,1
209,Florian,2024-10-08T01:04:25,Well Grounded,1,1
210,Verdance,2024-10-08T01:44:00,Arcane Polarity (red),1,0
210,Verdance,2024-10-08T01:44:00,Blossoming Decay (red),1,0
210,Verdance,2024-10-08T01:44:00,Cadaverous Tilling (red),1,0
210,Verdance,2024-10-08T01:44:00,Channel the Millennium Tree (red),1,0
210,Verdance,2024-10-08T01:44:00,Etchings of Arcana (red),1,0
210,Verdance,2024-10-08T01:44:00,Fertile Ground (red),1,0
210,Verdance,2024-10-08T01:44:00,Fruits of the Forest (red),2,0
210,Verdance,2024-10-08T01:44:00,Perennial Aetherbloom (red),1,0
210,Verdance,2024-10-08T01:44:00,Photon Splicing (red),1,0
210,Verdance,2024-10-08T01:44:00,Pulsing Aether // Life (red),2,0
210,Verdance,2024-10-08T01:44:00,Arcane Polarity (yellow),2,0
210,Verdance,2024-10-08T01:44:00,Arcane Twining (yellow),1,0
210,Verdance,2024-10-08T01:44:00,Autumn's Touch (yellow),1,0
210,Verdance,2024-10-08T01:44:00,Cadaverous Tilling (yellow),1,0
210,Verdance,2024-10-08T01:44:00,Fertile Ground (yellow),1,0
210,Verdance,2024-10-08T01:44:00,Fruits of the Forest (yellow),1,0
210,Verdance,2024-10-08T01:44:00,Photon Splicing (yellow),1,0
210,Verdance,2024-10-08T01:44:00,Save the Thought (yellow),2,0
210,Verdance,2024-10-08T01:44:00,Trailblazing Aether (yellow),1,0
210,Verdance,2024-10-08T01:44:00,Chorus of the Amphitheater (blue),1,0
210,Verdance,2024-10-08T01:44:00,Count Your Blessings (blue),2,0
210,Verdance,2024-10-08T01:44:00,Exploding Aether (blue),1,0
210,Verdance,2024-10-08T01:44:00,Harvest Season (blue),2,0
210,Verdance,2024-10-08T01:44:00,Perennial Aetherbloom (blue),2,0
210,Verdance,2024-10-08T01:44:00,Photon Splicing (blue),1,0
210,Verdance,2024-10-08T01:44:00,Pop the Bubble (blue),1,0
210,Verdance,2024-10-08T01:44:00,Sigil of Fyendal (blue),1,0
210,Verdance,2024-10-08T01:44:00,Sigil of Sanctuary (blue),1,0
210,Verdance,2024-10-08T01:44:00,Strength of Four Seasons (blue),1,0
210,Verdance,2024-10-08T01:44:00,Trailblazing Aether (blue),2,0
210,Verdance,2024-10-08T01:44:00,Helm of Lignum Vitae,1,1
210,Verdance,2024-10-08T01:44:00,Hold Focus,1,1
210,Verdance,2024-10-08T01:44:00,Ink-lined Cloak,1,1
211,Aurora,2024-10-08T03:09:32,Arcanic Spike (red),1,0
211,Aurora,2024-10-08T03:09:32,Burn Up // Shock (red),1,0
211,Aurora,2024-10-08T03:09:32,Consuming Volition (red),1,0
211,Aurora,2024-10-08T03:09:32,Electrostatic Discharge (red),3,0
211,Aurora,2024-10-08T03:09:32,Flash (red),1,0
211,Aurora,2024-10-08T03:09:32,Heaven's Claws (red),1,0
211,Aurora,2024-10-08T03:09:32,Hit the High Notes (red),1,0
211,Aurora,2024-10-08T03:09:32,Oath of the Arknight (red),1,0
211,Aurora,2024-10-08T03:09:32,Runerager Swarm (red),3,0
211,Aurora,2024-10-08T03:09:32,Smash Up (red),1,0
211,Aurora,2024-10-08T03:09:32,Channel Lightning Valley (yellow),1,0
211,Aurora,2024-10-08T03:09:32,Flittering Charge (yellow),1,0
211,Aurora,2024-10-08T03:09:32,Fry (yellow),1,0
211,Aurora,2024-10-08T03:09:32,Heaven's Claws (yellow),1,0
211,Aurora,2024-10-08T03:09:32,Hit the High Notes (yellow),1,0
211,Aurora,2024-10-08T03:09:32,Malefic Incantation (yellow),1,0
211,Aurora,2024-10-08T03:09:32,Second Strike (yellow),1,0
211,Aurora,2024-10-08T03:09:32,Arcane Cussing (blue),1,0
211,Aurora,2024-10-08T03:09:32,Flittering Charge (blue),1,0
211,Aurora,2024-10-08T03:09:32,Fyendal's Fighting Spirit (blue),1,0
211,Aurora,2024-10-08T03:09:32,Lightning Surge (blue),1,0
211,Aurora,2024-10-08T03:09:32,Malefic Incantation (blue),1,0
211,Aurora,2024-10-08T03:09:32,Runerager Swarm (blue),2,0
211,Aurora,2024-10-08T03:09:32,Second Strike (blue),1,0
211,Aurora,2024-10-08T03:09:32,Sigil of Lightning (blue),2,0
211,Aurora,2024-10-08T03:09:32,Trip the Light Fantastic (blue),2,0
211,Aurora,2024-10-08T03:09:32,Bruised Leather,1,1
211,Aurora,2024-10-08T03:09:32,Runehold Release,1,1
211,Aurora,2024-10-08T03:09:32,Twinkle Toes,1,1
212,Oscilio,2024-10-08T04:26:52,Arcane Polarity (red),1,0
212,Oscilio,2024-10-08T04:26:52,Arcane Twining (red),1,0
212,Oscilio,2024-10-08T04:26:52,Chorus of the Amphitheater (red),2,0
212,Oscilio,2024-10-08T04:26:52,Comet Storm // Shock (red),1,0
212,Oscilio,2024-10-08T04:26:52,Etchings of Arcana (red),1,0
212,Oscilio,2024-10-08T04:26:52,Exploding Aether (red),2,0
212,Oscilio,2024-10-08T04:26:52,Flash (red),1,0
212,Oscilio,2024-10-08T04:26:52,Photon Splicing (red),2,0
212,Oscilio,2024-10-08T04:26:52,Trailblazing Aether (red),3,0
212,Oscilio,2024-10-08T04:26:52,Trip the Light Fantastic (red),2,0
212,Oscilio,2024-10-08T04:26:52,Aether Quickening (yellow),4,0
212,Oscilio,2024-10-08T04:26:52,Arcane Twining (yellow),3,0
212,Oscilio,2024-10-08T04:26:52,Chorus of the Amphitheater (yellow),1,0
212,Oscilio,2024-10-08T04:26:52,Etchings of Arcana (yellow),2,0
212,Oscilio,2024-10-08T04:26:52,Exploding Aether (yellow),1,0
212,Oscilio,2024-10-08T04:26:52,Heaven's Claws (yellow),1,0
212,Oscilio,2024-10-08T04:26:52,Overflow the Aetherwell (yellow),1,0
212,Oscilio,2024-10-08T04:26:52,Sigil of Brilliance (yellow),1,0
212,Oscilio,2024-10-08T04:26:52,Current Funnel (blue),1,0
212,Oscilio,2024-10-08T04:26:52,Exploding Aether (blue),1,0
212,Oscilio,2024-10-08T04:26:52,Flash (blue),1,0
212,Oscilio,2024-10-08T04:26:52,Flittering Charge (blue),1,0
212,Oscilio,2024-10-08T04:26:52,Fry (blue),1,0
212,Oscilio,2024-10-08T04:26:52,Glyph Overlay (blue),1,0
212,Oscilio,2024-10-08T04:26:52,Photon Splicing (blue),1,0
212,Oscilio,2024-10-08T04:26:52,Sigil of Temporal Manipulation (blue),1,0
212,Oscilio,2024-10-08T04:26:52,Trip the Light Fantastic (blue),1,0
212,Oscilio,2024-10-08T04:26:52,Bruised Leather,1,1
212,Oscilio,2024-10-08T04:26:52,Hold Focus,1,1
212,Oscilio,2024-10-08T04:26:52,Runaways,1,1
213,Florian,2024-10-08T18:23:22,Arcane Seeds // Life (red),2,0
213,Florian,2024-10-08T18:23:22,Deadwood Dirge (red),2,0
213,Florian,2024-10-08T18:23:22,Felling of the Crown (red),1,0
213,Florian,2024-10-08T18:23:22,Fertile Ground (red),1,0
213,Florian,2024-10-08T18:23:22,Fyendal's Fighting Spirit (red),1,0
213,Florian,2024-10-08T18:23:22,Harvest Season (red),3,0
213,Florian,2024-10-08T18:23:22,Haunting Rendition (red),1,0
213,Florian,2024-10-08T18:23:22,Oath of the Arknight (red),1,0
213,Florian,2024-10-08T18:23:22,Strength of Four Seasons (red),1,0
213,Florian,2024-10-08T18:23:22,Consuming Volition (yellow),1,0
213,Florian,2024-10-08T18:23:22,Earth Form (yellow),1,0
213,Florian,2024-10-08T18:23:22,Fyendal's Fighting Spirit (yellow),1,0
213,Florian,2024-10-08T18:23:22,Harvest Season (yellow),1,0
213,Florian,2024-10-08T18:23:22,Meat and Greet (yellow),1,0
213,Florian,2024-10-08T18:23:22,Oath of the Arknight (yellow),1,0
213,Florian,2024-10-08T18:23:22,Strength of Four Seasons (yellow),1,0
213,Florian,2024-10-08T18:23:22,Strong Yield (yellow),1,0
213,Florian,2024-10-08T18:23:22,Summer's Fall (yellow),1,0
213,Florian,2024-10-08T18:23:22,Fruits of the Forest (blue),1,0
213,Florian,2024-10-08T18:23:22,Fyendal's Fighting Spirit (blue),1,0
213,Florian,2024-10-08T18:23:22,Meat and Greet (blue),1,0
213,Florian,2024-10-08T18:23:22,Sigil of Deadwood (blue),3,0
213,Florian,2024-10-08T18:23:22,Sigil of Fyendal (blue),3,0
213,Florian,2024-10-08T18:23:22,Strong Yield (blue),1,0
213,Florian,2024-10-08T18:23:22,Summer's Fall (blue),1,0
213,Florian,2024-10-08T18:23:22,Truce (blue),1,0
213,Florian,2024-10-08T18:23:22,Four Finger Gloves,1,1
213,Florian,2024-10-08T18:23:22,Helm of Lignum Vitae,1,1
213,Florian,2024-10-08T18:23:22,Well Grounded,1,1
214,Verdance,2024-10-08T19:17:42,Aether Quickening (red),2,0
214,Verdance,2024-10-08T19:17:42,Arcane Polarity (red),1,0
214,Verdance,2024-10-08T19:17:42,Arcane Twining (red),1,0
214,Verdance,2024-10-08T19:17:42,Autumn's Touch (red),1,0
214,Verdance,2024-10-08T19:17:42,Cadaverous Tilling (red),1,0
214,Verdance,2024-10-08T19:17:42,Fertile Ground (red),2,0
214,Verdance,2024-10-08T19:17:42,Glyph Overlay (red),1,0
214,Verdance,2024-10-08T19:17:42,Perennial Aetherbloom (red),1,0
214,Verdance,2024-10-08T19:17:42,Pop the Bubble (red),1,0
214,Verdance,2024-10-08T19:17:42,Pulsing Aether // Life (red),2,0
214,Verdance,2024-10-08T19:17:42,Strength of Four Seasons (red),1,0
214,Verdance,2024-10-08T19:17:42,Trailblazing Aether (red),1,0
214,Verdance,2024-10-08T19:17:42,Aether Quickening (yellow),1,0
214,Verdance,2024-10-08T19:17:42,Arcane Twining (yellow),1,0
214,Verdance,2024-10-08T19:17:42,Autumn's Touch (yellow),1,0
214,Verdance,2024-10-08T19:17:42,Blossoming Decay (yellow),1,0
214,Verdance,2024-10-08T19:17:42,Cadaverous Tilling (yellow),1,0
214,Verdance,2024-10-08T19:17:42,Earth Form (yellow),1,0
214,Verdance,2024-10-08T19:17:42,Etchings of Arcana (yellow),1,0
214,Verdance,2024-10-08T19:17:42,Fertile Ground (yellow),1,0
214,Verdance,2024-10-08T19:17:42,Glyph Overlay (yellow),1,0
214,Verdance,2024-10-08T19:17:42,Open the Flood Gates (yellow),1,0
214,Verdance,2024-10-08T19:17:42,Photon Splicing (yellow),2,0
214,Verdance,2024-10-08T19:17:42,Plow Under (yellow),1,0
214,Verdance,2024-10-08T19:17:42,Aether Quickening (blue),1,0
214,Verdance,2024-10-08T19:17:42,Arcane Twining (blue),1,0
214,Verdance,2024-10-08T19:17:42,Blossoming Decay (blue),2,0
214,Verdance,2024-10-08T19:17:42,Exploding Aether (blue),1,0
214,Verdance,2024-10-08T19:17:42,Sigil of Earth (blue),2,0
214,Verdance,2024-10-08T19:17:42,Trailblazing Aether (blue),2,0
214,Verdance,2024-10-08T19:17:42,Helm of Lignum Vitae,1,1
214,Verdance,2024-10-08T19:17:42,Ink-lined Cloak,1,1
214,Verdance,2024-10-08T19:17:42,Well Grounded,1,1
215,Aurora,2024-10-08T20:24:02,Arcane Polarity (red),1,0
215,Aurora,2024-10-08T20:24:02,Burn Up // Shock (red),1,0
215,Aurora,2024-10-08T20:24:02,Electromagnetic Somersault (red),1,0
215,Aurora,2024-10-08T20:24:02,Electrostatic Discharge (red),1,0
215,Aurora,2024-10-08T20:24:02,Flittering Charge (red),1,0
215,Aurora,2024-10-08T20:24:02,Fry (red),1,0
215,Aurora,2024-10-08T20:24:02,Heaven's Claws (red),2,0
215,Aurora,2024-10-08T20:24:02,Hit the High Notes (red),1,0
215,Aurora,2024-10-08T20:24:02,Hocus Pocus (red),1,0
215,Aurora,2024-10-08T20:24:02,Lightning Form (red),1,0
215,Aurora,2024-10-08T20:24:02,Lightning Surge (red),2,0
215,Aurora,2024-10-08T20:24:02,Meat and Greet (red),1,0
215,Aurora,2024-10-08T20:24:02,Oath of the Arknight (red),1,0
215,Aurora,2024-10-08T20:24:02,Second Strike (red),1,0
215,Aurora,2024-10-08T20:24:02,Trip the Light Fantastic (red),2,0
215,Aurora,2024-10-08T20:24:02,Blast to Oblivion (yellow),1,0
215,Aurora,2024-10-08T20:24:02,Electromagnetic Somersault (yellow),1,0
215,Aurora,2024-10-08T20:24:02,Electrostatic Discharge (yellow),1,0
215,Aurora,2024-10-08T20:24:02,Fry (yellow),1,0
215,Aurora,2024-10-08T20:24:02,Heaven's Claws (yellow),3,0
215,Aurora,2024-10-08T20:24:02,Lightning Form (yellow),1,0
215,Aurora,2024-10-08T20:24:02,Lightning Surge (yellow),2,0
215,Aurora,2024-10-08T20:24:02,Trip the Light Fantastic (yellow),1,0
215,Aurora,2024-10-08T20:24:02,Deadwood Dirge (blue),1,0
215,Aurora,2024-10-08T20:24:02,Flittering Charge (blue),1,0
215,Aurora,2024-10-08T20:24:02,Sigil of Conductivity (blue),1,0
215,Aurora,2024-10-08T20:24:02,Sigil of Lightning (blue),2,0
215,Aurora,2024-10-08T20:24:02,Trip the Light Fantastic (blue),1,0
215,Aurora,2024-10-08T20:24:02,Bloodtorn Bodice,1,1
215,Aurora,2024-10-08T20:24:02,Flash of Brilliance,1,1
215,Aurora,2024-10-08T20:24:02,Runehold Release,1,1
215,Aurora,2024-10-08T20:24:02,Twinkle Toes,1,1
216,Florian,2024-10-08T20:56:30,Cadaverous Tilling (red),1,0
216,Florian,2024-10-08T20:56:30,Deadwood Dirge (red),1,0
216,Florian,2024-10-08T20:56:30,Earth Form (red),1,0
216,Florian,2024-10-08T20:56:30,Fruits of the Forest (red),2,0
216,Florian,2024-10-08T20:56:30,Hocus Pocus (red),1,0
216,Florian,2024-10-08T20:56:30,Meat and Greet (red),1,0
216,Florian,2024-10-08T20:56:30,Runerager Swarm (red),1,0
216,Florian,2024-10-08T20:56:30,Splintering Deadwood (red),1,0
216,Florian,2024-10-08T20:56:30,Strength of Four Seasons (red),3,0
216,Florian,2024-10-08T20:56:30,Strong Yield (red),2,0
216,Florian,2024-10-08T20:56:30,Arcane Polarity (yellow),1,0
216,Florian,2024-10-08T20:56:30,Autumn's Touch (yellow),1,0
216,Florian,2024-10-08T20:56:30,Blossoming Decay (yellow),2,0
216,Florian,2024-10-08T20:56:30,Brush Off (yellow),1,0
216,Florian,2024-10-08T20:56:30,Cadaverous Tilling (yellow),2,0
216,Florian,2024-10-08T20:56:30,Earth Form (yellow),1,0
216,Florian,2024-10-08T20:56:30,Hit the High Notes (yellow),2,0
216,Florian,2024-10-08T20:56:30,Arcanic Spike (blue),1,0
216,Florian,2024-10-08T20:56:30,Blossoming Decay (blue),2,0
216,Florian,2024-10-08T20:56:30,Brush Off (blue),1,0
216,Florian,2024-10-08T20:56:30,Condemn to Slaughter (blue),1,0
216,Florian,2024-10-08T20:56:30,Fertile Ground (blue),1,0
216,Florian,2024-10-08T20:56:30,Fruits of the Forest (blue),1,0
216,Florian,2024-10-08T20:56:30,Hocus Pocus (blue),1,0
216,Florian,2024-10-08T20:56:30,Meat and Greet (blue),1,0
216,Florian,2024-10-08T20:56:30,Oath of the Arknight (blue),1,0
216,Florian,2024-10-08T20:56:30,Sigil of Deadwood (blue),1,0
216,Florian,2024-10-08T20:56:30,Sigil of Sanctuary (blue),1,0
216,Florian,2024-10-08T20:56:30,Strong Yield (blue),1,0
216,Florian,2024-10-08T20:56:30,Bruised Leather,1,1
216,Florian,2024-10-08T20:56:30,Helm of Lignum Vitae,1,1
216,Florian,2024-10-08T20:56:30,Runaways,1,1
216,Florian,2024-10-08T20:56:30,Runehold Release,1,1
217,Aurora,2024-10-08T21:49:29,Blast to Oblivion (red),1,0
217,Aurora,2024-10-08T21:49:29,Electrostatic Discharge (red),2,0
217,Aurora,2024-10-08T21:49:29,Flittering Charge (red),1,0
217,Aurora,2024-10-08T21:49:29,Fyendal's Fighting Spirit (red),1,0
217,Aurora,2024-10-08T21:49:29,Heaven's Claws (red),2,0
217,Aurora,2024-10-08T21:49:29,Lightning Surge (red),1,0
217,Aurora,2024-10-08T21:49:29,Meat and Greet (red),1,0
217,Aurora,2024-10-08T21:49:29,Oath of the Arknight (red),2,0
217,Aurora,2024-10-08T21:49:29,Runerager Swarm (red),3,0
217,Aurora,2024-10-08T21:49:29,Second Strike (red),1,0
217,Aurora,2024-10-08T21:49:29,Smash Up (red),1,0
217,Aurora,2024-10-08T21:49:29,Trip the Light Fantastic (red),2,0
217,Aurora,2024-10-08T21:49:29,Channel Lightning Valley (yellow),1,0
217,Aurora,2024-10-08T21:49:29,Condemn to Slaughter (yellow),1,0
217,Aurora,2024-10-08T21:49:29,Consuming Volition (yellow),1,0
217,Aurora,2024-10-08T21:49:29,Flittering Charge (yellow),1,0
217,Aurora,2024-10-08T21:49:29,Fry (yellow),1,0
217,Aurora,2024-10-08T21:49:29,Lightning Surge (yellow),1,0
217,Aurora,2024-10-08T21:49:29,Runerager Swarm (yellow),2,0
217,Aurora,2024-10-08T21:49:29,Second Strike (yellow),1,0
217,Aurora,2024-10-08T21:49:29,Trip the Light Fantastic (yellow),1,0
217,Aurora,2024-10-08T21:49:29,Arcanic Spike (blue),1,0
217,Aurora,2024-10-08T21:49:29,Blast to Oblivion (blue),1,0
217,Aurora,2024-10-08T21:49:29,Electrostatic Discharge (blue),1,0
217,Aurora,2024-10-08T21:49:29,Flittering Charge (blue),2,0
217,Aurora,2024-10-08T21:49:29,Hocus Pocus (blue),1,0
217,Aurora,2024-10-08T21:49:29,Runerager Swarm (blue),1,0
217,Aurora,2024-10-08T21:49:29,Sigil of Conductivity (blue),1,0
217,Aurora,2024-10-08T21:49:29,Sigil of Deadwood (blue),1,0
217,Aurora,2024-10-08T21:49:29,Trip the Light Fantastic (blue),2,0
217,Aurora,2024-10-08T21:49:29,Flash of Brilliance,1,1
218,Florian,2024-10-08T23:04:21,Arcane Polarity (red),1,0
218,Florian,2024-10-08T23:04:21,Fyendal's Fighting Spirit (red),1,0
218,Florian,2024-10-08T23:04:21,Harvest Season (red),1,0
218,Florian,2024-10-08T23:04:21,Haunting Rendition (red),1,0
218,Florian,2024-10-08T23:04:21,Hocus Pocus (red),1,0
218,Florian,2024-10-08T23:04:21,Meat and Greet (red),2,0
218,Florian,2024-10-08T23:04:21,Oath of the Arknight (red),1,0
218,Florian,2024-10-08T23:04:21,Runerager Swarm (red),1,0
218,Florian,2024-10-08T23:04:21,Snuff Out (red),1,0
218,Florian,2024-10-08T23:04:21,Strong Yield (red),2,0
218,Florian,2024-10-08T23:04:21,Arcanic Spike (yellow),1,0
218,Florian,2024-10-08T23:04:21,Autumn's Touch (yellow),1,0
218,Florian,2024-10-08T23:04:21,Consuming Volition (yellow),1,0
218,Florian,2024-10-08T23:04:21,Fertile Ground (yellow),1,0
218,Florian,2024-10-08T23:04:21,Fruits of the Forest (yellow),1,0
218,Florian,2024-10-08T23:04:21,Fyendal's Fighting Spirit (yellow),1,0
218,Florian,2024-10-08T23:04:21,Malefic Incantation (yellow),1,0
218,Florian,2024-10-08T23:04:21,Oath of the Arknight (yellow),3,0
218,Florian,2024-10-08T23:04:21,Splintering Deadwood (yellow),1,0
218,Florian,2024-10-08T23:04:21,Vantage Point (yellow),1,0
218,Florian,2024-10-08T23:04:21,Arcane Cussing (blue),1,0
218,Florian,2024-10-08T23:04:21,Deadwood Dirge (blue),2,0
218,Florian,2024-10-08T23:04:21,Fertile Ground (blue),2,0
218,Florian,2024-10-08T23:04:21,Fyendal's Fighting Spirit (blue),1,0
218,Florian,2024-10-08T23:04:21,Hocus Pocus (blue),2,0
218,Florian,2024-10-08T23:04:21,Oath of the Arknight (blue),1,0
218,Florian,2024-10-08T23:04:21,Rootbound Carapace (blue),1,0
218,Florian,2024-10-08T23:04:21,Runerager Swarm (blue),1,0
218,Florian,2024-10-08T23:04:21,Sigil of Deadwood (blue),1,0
218,Florian,2024-10-08T23:04:21,Bruised Leather,1,1
218,Florian,2024-10-08T23:04:21,Runehold Release,1,1
218,Florian,2024-10-08T23:04:21,Well Grounded,1,1
219,Florian,2024-10-08T23:43:31,Arcane Polarity (red),1,0
219,Florian,2024-10-08T23:43:31,Blossoming Decay (red),2,0
219,Florian,2024-10-08T23:43:31,Cadaverous Tilling (red),2,0
219,Florian,2024-10-08T23:43:31,Harvest Season (red),1,0
219,Florian,2024-10-08T23:43:31,Splintering Deadwood (red),1,0
219,Florian,2024-10-08T23:43:31,Strength of Four Seasons (red),1,0
219,Florian,2024-10-08T23:43:31,Strong Yield (red),1,0
219,Florian,2024-10-08T23:43:31,Arcane Cussing (yellow),3,0
219,Florian,2024-10-08T23:43:31,Arcane Polarity (yellow),1,0
219,Florian,2024-10-08T23:43:31,Arcanic Spike (yellow),1,0
219,Florian,2024-10-08T23:43:31,Deadwood Dirge (yellow),2,0
219,Florian,2024-10-08T23:43:31,Fruits of the Forest (yellow),1,0
219,Florian,2024-10-08T23:43:31,Fyendal's Fighting Spirit (yellow),3,0
219,Florian,2024-10-08T23:43:31,Oath of the Arknight (yellow),2,0
219,Florian,2024-10-08T23:43:31,Plow Under (yellow),1,0
219,Florian,2024-10-08T23:43:31,Strong Yield (yellow),1,0
219,Florian,2024-10-08T23:43:31,Autumn's Touch (blue),2,0
219,Florian,2024-10-08T23:43:31,Earth Form (blue),1,0
219,Florian,2024-10-08T23:43:31,Fertile Ground (blue),1,0
219,Florian,2024-10-08T23:43:31,Fruits of the Forest (blue),1,0
219,Florian,2024-10-08T23:43:31,Harvest Season (blue),2,0
219,Florian,2024-10-08T23:43:31,Hit the High Notes (blue),1,0
219,Florian,2024-10-08T23:43:31,Malefic Incantation (blue),1,0
219,Florian,2024-10-08T23:43:31,Sigil of Deadwood (blue),1,0
219,Florian,2024-10-08T23:43:31,Strength of Four Seasons (blue),1,0
219,Florian,2024-10-08T23:43:31,Bloodtorn Bodice,1,1
219,Florian,2024-10-08T23:43:31,Helm of Lignum Vitae,1,1
219,Florian,2024-10-08T23:43:31,Well Grounded,1,1
220,Florian,2024-10-09T01:58:22,Arcanic Spike (red),1,0
220,Florian,2024-10-09T01:58:22,Autumn's Touch (red),1,0
220,Florian,2024-10-09T01:58:22,Deadwood Dirge (red),1,0
220,Florian,2024-10-09T01:58:22,Fertile Ground (red),1,0
220,Florian,2024-10-09T01:58:22,Fyendal's Fighting Spirit (red),1,0
220,Florian,2024-10-09T01:58:22,Harvest Season (red),1,0
220,Florian,2024-10-09T01:58:22,Hit the High Notes (red),2,0
220,Florian,2024-10-09T01:58:22,Hocus Pocus (red),1,0
220,Florian,2024-10-09T01:58:22,Malefic Incantation (red),1,0
220,Florian,2024-10-09T01:58:22,Oath of the Arknight (red),1,0
220,Florian,2024-10-09T01:58:22,Splintering Deadwood (red),2,0
220,Florian,2024-10-09T01:58:22,Ten Foot Tall and Bulletproof (red),1,0
220,Florian,2024-10-09T01:58:22,Arcane Polarity (yellow),2,0
220,Florian,2024-10-09T01:58:22,Arcanic Spike (yellow),1,0
220,Florian,2024-10-09T01:58:22,Count Your Blessings (yellow),1,0
220,Florian,2024-10-09T01:58:22,Harvest Season (yellow),1,0
220,Florian,2024-10-09T01:58:22,Hocus Pocus (yellow),1,0
220,Florian,2024-10-09T01:58:22,Strength of Four Seasons (yellow),1,0
220,Florian,2024-10-09T01:58:22,Vantage Point (yellow),1,0
220,Florian,2024-10-09T01:58:22,Arcane Polarity (blue),1,0
220,Florian,2024-10-09T01:58:22,Arcanic Spike (blue),1,0
220,Florian,2024-10-09T01:58:22,Blossoming Decay (blue),1,0
220,Florian,2024-10-09T01:58:22,Deadwood Dirge (blue),1,0
220,Florian,2024-10-09T01:58:22,Hit the High Notes (blue),1,0
220,Florian,2024-10-09T01:58:22,Hocus Pocus (blue),1,0
220,Florian,2024-10-09T01:58:22,Runerager Swarm (blue),1,0
220,Florian,2024-10-09T01:58:22,Sigil of Deadwood (blue),1,0
220,Florian,2024-10-09T01:58:22,Sigil of Earth (blue),1,0
220,Florian,2024-10-09T01:58:22,Sigil of Fyendal (blue),1,0
220,Florian,2024-10-09T01:58:22,Bruised Leather,1,1
220,Florian,2024-10-09T01:58:22,Four Finger Gloves,1,1
220,Florian,2024-10-09T01:58:22,Helm of Lignum Vitae,1,1
220,Florian,2024-10-09T01:58:22,Well Grounded,1,1
221,Aurora,2024-10-09T09:17:37,Burn Up // Shock (red),1,0
221,Aurora,2024-10-09T09:17:37,Consuming Volition (red),1,0
221,Aurora,2024-10-09T09:17:37,Electrostatic Discharge (red),2,0
221,Aurora,2024-10-09T09:17:37,Flittering Charge (red),2,0
221,Aurora,2024-10-09T09:17:37,Fyendal's Fighting Spirit (red),1,0
221,Aurora,2024-10-09T09:17:37,Hand Behind the Pen (red),2,0
221,Aurora,2024-10-09T09:17:37,Heaven's Claws (red),1,0
221,Aurora,2024-10-09T09:17:37,Hocus Pocus (red),1,0
221,Aurora,2024-10-09T09:17:37,Malefic Incantation (red),1,0
221,Aurora,2024-10-09T09:17:37,Second Strike (red),2,0
221,Aurora,2024-10-09T09:17:37,Blast to Oblivion (yellow),1,0
221,Aurora,2024-10-09T09:17:37,Flittering Charge (yellow),1,0
221,Aurora,2024-10-09T09:17:37,Fry (yellow),1,0
221,Aurora,2024-10-09T09:17:37,Hocus Pocus (yellow),2,0
221,Aurora,2024-10-09T09:17:37,Lightning Surge (yellow),1,0
221,Aurora,2024-10-09T09:17:37,Second Strike (yellow),1,0
221,Aurora,2024-10-09T09:17:37,Trip the Light Fantastic (yellow),1,0
221,Aurora,2024-10-09T09:17:37,Consuming Volition (blue),1,0
221,Aurora,2024-10-09T09:17:37,Deadwood Dirge (blue),2,0
221,Aurora,2024-10-09T09:17:37,Electrostatic Discharge (blue),1,0
221,Aurora,2024-10-09T09:17:37,Flash (blue),1,0
221,Aurora,2024-10-09T09:17:37,Heaven's Claws (blue),1,0
221,Aurora,2024-10-09T09:17:37,Lightning Form (blue),1,0
221,Aurora,2024-10-09T09:17:37,Meat and Greet (blue),1,0
221,Aurora,2024-10-09T09:17:37,Oath of the Arknight (blue),1,0
221,Aurora,2024-10-09T09:17:37,Sigil of Deadwood (blue),2,0
221,Aurora,2024-10-09T09:17:37,Sigil of Lightning (blue),2,0
221,Aurora,2024-10-09T09:17:37,Sigil of the Arknight (blue),1,0
221,Aurora,2024-10-09T09:17:37,Trip the Light Fantastic (blue),1,0
221,Aurora,2024-10-09T09:17:37,Bruised Leather,1,1
221,Aurora,2024-10-09T09:17:37,Flash of Brilliance,1,1
221,Aurora,2024-10-09T09:17:37,Twinkle Toes,1,1
222,Verdance,2024-10-09T13:06:52,Aether Quickening (red),1,0
222,Verdance,2024-10-09T13:06:52,Cadaverous Tilling (red),1,0
222,Verdance,2024-10-09T13:06:52,Chorus of the Amphitheater (red),1,0
222,Verdance,2024-10-09T13:06:52,Etchings of Arcana (red),2,0
222,Verdance,2024-10-09T13:06:52,Exploding Aether (red),2,0
222,Verdance,2024-10-09T13:06:52,Fruits of the Forest (red),1,0
222,Verdance,2024-10-09T13:06:52,Overflow the Aetherwell (red),2,0
222,Verdance,2024-10-09T13:06:52,Perennial Aetherbloom (red),1,0
222,Verdance,2024-10-09T13:06:52,Photon Splicing (red),2,0
222,Verdance,2024-10-09T13:06:52,Pop the Bubble (red),1,0
222,Verdance,2024-10-09T13:06:52,Tongue Tied (red),1,0
222,Verdance,2024-10-09T13:06:52,Trailblazing Aether (red),1,0
222,Verdance,2024-10-09T13:06:52,Arcane Twining (yellow),1,0
222,Verdance,2024-10-09T13:06:52,Cadaverous Tilling (yellow),2,0
222,Verdance,2024-10-09T13:06:52,Count Your Blessings (yellow),1,0
222,Verdance,2024-10-09T13:06:52,Chorus of the Amphitheater (blue),1,0
222,Verdance,2024-10-09T13:06:52,Fertile Ground (blue),1,0
222,Verdance,2024-10-09T13:06:52,Fruits of the Forest (blue),1,0
222,Verdance,2024-10-09T13:06:52,Harvest Season (blue),1,0
222,Verdance,2024-10-09T13:06:52,Perennial Aetherbloom (blue),2,0
222,Verdance,2024-10-09T13:06:52,Photon Splicing (blue),1,0
222,Verdance,2024-10-09T13:06:52,Rootbound Carapace (blue),1,0
222,Verdance,2024-10-09T13:06:52,Save the Thought (blue),1,0
222,Verdance,2024-10-09T13:06:52,Sigil of Forethought (blue),2,0
222,Verdance,2024-10-09T13:06:52,Strength of Four Seasons (blue),1,0
222,Verdance,2024-10-09T13:06:52,Strong Yield (blue),1,0
222,Verdance,2024-10-09T13:06:52,Trailblazing Aether (blue),1,0
222,Verdance,2024-10-09T13:06:52,Four Finger Gloves,1,1
222,Verdance,2024-10-09T13:06:52,Helm of Lignum Vitae,1,1
222,Verdance,2024-10-09T13:06:52,Hold Focus,1,1
222,Verdance,2024-10-09T13:06:52,Ink-lined Cloak,1,1
222,Verdance,2024-10-09T13:06:52,Well Grounded,1,1
223,Verdance,2024-10-09T17:00:13,Brush Off (red),1,0
223,Verdance,2024-10-09T17:00:13,Etchings of Arcana (red),1,0
223,Verdance,2024-10-09T17:00:13,Fertile Ground (red),1,0
223,Verdance,2024-10-09T17:00:13,Fruits of the Forest (red),1,0
223,Verdance,2024-10-09T17:00:13,Overflow the Aetherwell (red),1,0
223,Verdance,2024-10-09T17:00:13,Photon Splicing (red),2,0
223,Verdance,2024-10-09T17:00:13,Save the Thought (red),1,0
223,Verdance,2024-10-09T17:00:13,Summer's Fall (red),1,0
223,Verdance,2024-10-09T17:00:13,Arcane Polarity (yellow),1,0
223,Verdance,2024-10-09T17:00:13,Etchings of Arcana (yellow),2,0
223,Verdance,2024-10-09T17:00:13,Perennial Aetherbloom (yellow),2,0
223,Verdance,2024-10-09T17:00:13,Photon Splicing (yellow),1,0
223,Verdance,2024-10-09T17:00:13,Summer's Fall (yellow),1,0
223,Verdance,2024-10-09T17:00:13,Trailblazing Aether (yellow),2,0
223,Verdance,2024-10-09T17:00:13,Arcane Polarity (blue),1,0
223,Verdance,2024-10-09T17:00:13,Call to the Grave (blue),1,0
223,Verdance,2024-10-09T17:00:13,Count Your Blessings (blue),1,0
223,Verdance,2024-10-09T17:00:13,Exploding Aether (blue),1,0
223,Verdance,2024-10-09T17:00:13,Fertile Ground (blue),1,0
223,Verdance,2024-10-09T17:00:13,Fruits of the Forest (blue),1,0
223,Verdance,2024-10-09T17:00:13,Fyendal's Fighting Spirit (blue),1,0
223,Verdance,2024-10-09T17:00:13,Harvest Season (blue),1,0
223,Verdance,2024-10-09T17:00:13,Photon Splicing (blue),2,0
223,Verdance,2024-10-09T17:00:13,Pop the Bubble (blue),1,0
223,Verdance,2024-10-09T17:00:13,Rootbound Carapace (blue),1,0
223,Verdance,2024-10-09T17:00:13,Sigil of Fyendal (blue),2,0
223,Verdance,2024-10-09T17:00:13,Strength of Four Seasons (blue),2,0
223,Verdance,2024-10-09T17:00:13,Bruised Leather,1,1
223,Verdance,2024-10-09T17:00:13,Helm of Lignum Vitae,1,1
223,Verdance,2024-10-09T17:00:13,Hold Focus,1,1
223,Verdance,2024-10-09T17:00:13,Well Grounded,1,1
224,Florian,2024-10-09T18:34:46,Cadaverous Tilling (red),2,0
224,Florian,2024-10-09T18:34:46,Deadwood Dirge (red),1,0
224,Florian,2024-10-09T18:34:46,Fertile Ground (red),1,0
224,Florian,2024-10-09T18:34:46,Hand Behind the Pen (red),1,0
224,Florian,2024-10-09T18:34:46,Harvest Season (red),2,0
224,Florian,2024-10-09T18:34:46,Hocus Pocus (red),1,0
224,Florian,2024-10-09T18:34:46,Runerager Swarm (red),1,0
224,Florian,2024-10-09T18:34:46,Snuff Out (red),1,0
224,Florian,2024-10-09T18:34:46,Summer's Fall (red),1,0
224,Florian,2024-10-09T18:34:46,Arcane Cussing (yellow),1,0
224,Florian,2024-10-09T18:34:46,Arcanic Spike (yellow),1,0
224,Florian,2024-10-09T18:34:46,Blossoming Decay (yellow),2,0
224,Florian,2024-10-09T18:34:46,Condemn to Slaughter (yellow),1,0
224,Florian,2024-10-09T18:34:46,Harvest Season (yellow),1,0
224,Florian,2024-10-09T18:34:46,Hit the High Notes (yellow),1,0
224,Florian,2024-10-09T18:34:46,Hocus Pocus (yellow),1,0
224,Florian,2024-10-09T18:34:46,Meat and Greet (yellow),2,0
224,Florian,2024-10-09T18:34:46,Runerager Swarm (yellow),1,0
224,Florian,2024-10-09T18:34:46,Splintering Deadwood (yellow),1,0
224,Florian,2024-10-09T18:34:46,Autumn's Touch (blue),1,0
224,Florian,2024-10-09T18:34:46,Blossoming Decay (blue),1,0
224,Florian,2024-10-09T18:34:46,Deadwood Dirge (blue),1,0
224,Florian,2024-10-09T18:34:46,Fruits of the Forest (blue),2,0
224,Florian,2024-10-09T18:34:46,Fyendal's Fighting Spirit (blue),1,0
224,Florian,2024-10-09T18:34:46,Harvest Season (blue),1,0
224,Florian,2024-10-09T18:34:46,Oath of the Arknight (blue),1,0
224,Florian,2024-10-09T18:34:46,Sigil of Deadwood (blue),1,0
224,Florian,2024-10-09T18:34:46,Sigil of Earth (blue),2,0
224,Florian,2024-10-09T18:34:46,Summer's Fall (blue),1,0
224,Florian,2024-10-09T18:34:46,Vantage Point (blue),1,0
224,Florian,2024-10-09T18:34:46,Helm of Lignum Vitae,1,1
224,Florian,2024-10-09T18:34:46,Runehold Release,1,1
224,Florian,2024-10-09T18:34:46,Well Grounded,1,1
225,Oscilio,2024-10-09T18:42:18,Aether Quickening (red),2,0
225,Oscilio,2024-10-09T18:42:18,Blast to Oblivion (red),1,0
225,Oscilio,2024-10-09T18:42:18,Etchings of Arcana (red),2,0
225,Oscilio,2024-10-09T18:42:18,Exploding Aether (red),1,0
225,Oscilio,2024-10-09T18:42:18,Fry (red),2,0
225,Oscilio,2024-10-09T18:42:18,Lightning Surge (red),1,0
225,Oscilio,2024-10-09T18:42:18,Perennial Aetherbloom (red),1,0
225,Oscilio,2024-10-09T18:42:18,Trailblazing Aether (red),1,0
225,Oscilio,2024-10-09T18:42:18,Trip the Light Fantastic (red),1,0
225,Oscilio,2024-10-09T18:42:18,Channel Lightning Valley (yellow),1,0
225,Oscilio,2024-10-09T18:42:18,Chorus of the Amphitheater (yellow),1,0
225,Oscilio,2024-10-09T18:42:18,Electromagnetic Somersault (yellow),1,0
225,Oscilio,2024-10-09T18:42:18,Flash (yellow),1,0
225,Oscilio,2024-10-09T18:42:18,Flittering Charge (yellow),2,0
225,Oscilio,2024-10-09T18:42:18,Fry (yellow),2,0
225,Oscilio,2024-10-09T18:42:18,Overflow the Aetherwell (yellow),1,0
225,Oscilio,2024-10-09T18:42:18,Pop the Bubble (yellow),1,0
225,Oscilio,2024-10-09T18:42:18,Second Strike (yellow),1,0
225,Oscilio,2024-10-09T18:42:18,Trip the Light Fantastic (yellow),1,0
225,Oscilio,2024-10-09T18:42:18,Aether Quickening (blue),1,0
225,Oscilio,2024-10-09T18:42:18,Electromagnetic Somersault (blue),1,0
225,Oscilio,2024-10-09T18:42:18,Flash (blue),1,0
225,Oscilio,2024-10-09T18:42:18,Heaven's Claws (blue),1,0
225,Oscilio,2024-10-09T18:42:18,Lightning Surge (blue),2,0
225,Oscilio,2024-10-09T18:42:18,Open the Flood Gates (blue),1,0
225,Oscilio,2024-10-09T18:42:18,Photon Splicing (blue),1,0
225,Oscilio,2024-10-09T18:42:18,Sigil of Forethought (blue),2,0
225,Oscilio,2024-10-09T18:42:18,Sigil of Fyendal (blue),1,0
225,Oscilio,2024-10-09T18:42:18,Trip the Light Fantastic (blue),1,0
225,Oscilio,2024-10-09T18:42:18,Flash of Brilliance,1,1
225,Oscilio,2024-10-09T18:42:18,Hold Focus,1,1
225,Oscilio,2024-10-09T18:42:18,Ink-lined Cloak,1,1
226,Verdance,2024-10-09T19:56:44,Aether Quickening (red),2,0
226,Verdance,2024-10-09T19:56:44,Arcane Polarity (red),1,0
226,Verdance,2024-10-09T19:56:44,Autumn's Touch (red),1,0
226,Verdance,2024-10-09T19:56:44,Count Your Blessings (red),2,0
226,Verdance,2024-10-09T19:56:44,Pulsing Aether // Life (red),2,0
226,Verdance,2024-10-09T19:56:44,Strength of Four Seasons (red),2,0
226,Verdance,2024-10-09T19:56:44,Aether Quickening (yellow),1,0
226,Verdance,2024-10-09T19:56:44,Autumn's Touch (yellow),1,0
226,Verdance,2024-10-09T19:56:44,Blossoming Decay (yellow),1,0
226,Verdance,2024-10-09T19:56:44,Count Your Blessings (yellow),1,0
226,Verdance,2024-10-09T19:56:44,Fertile Ground (yellow),2,0
226,Verdance,2024-10-09T19:56:44,Fruits of the Forest (yellow),1,0
226,Verdance,2024-10-09T19:56:44,Harvest Season (yellow),2,0
226,Verdance,2024-10-09T19:56:44,Open the Flood Gates (yellow),2,0
226,Verdance,2024-10-09T19:56:44,Perennial Aetherbloom (yellow),1,0
226,Verdance,2024-10-09T19:56:44,Photon Splicing (yellow),1,0
226,Verdance,2024-10-09T19:56:44,Strong Yield (yellow),1,0
226,Verdance,2024-10-09T19:56:44,Etchings of Arcana (blue),1,0
226,Verdance,2024-10-09T19:56:44,Fertile Ground (blue),1,0
226,Verdance,2024-10-09T19:56:44,Perennial Aetherbloom (blue),1,0
226,Verdance,2024-10-09T19:56:44,Pop the Bubble (blue),1,0
226,Verdance,2024-10-09T19:56:44,Rootbound Carapace (blue),2,0
226,Verdance,2024-10-09T19:56:44,Save the Thought (blue),1,0
226,Verdance,2024-10-09T19:56:44,Sigil of Earth (blue),1,0
226,Verdance,2024-10-09T19:56:44,Sigil of Fyendal (blue),1,0
226,Verdance,2024-10-09T19:56:44,Strong Yield (blue),1,0
226,Verdance,2024-10-09T19:56:44,Helm of Lignum Vitae,1,1
226,Verdance,2024-10-09T19:56:44,Hold Focus,1,1
226,Verdance,2024-10-09T19:56:44,Well Grounded,1,1
227,Florian,2024-10-09T21:33:26,Autumn's Touch (red),2,0
227,Florian,2024-10-09T21:33:26,Blossoming Decay (red),1,0
227,Florian,2024-10-09T21:33:26,Deadwood Dirge (red),1,0
227,Florian,2024-10-09T21:33:26,Hocus Pocus (red),1,0
227,Florian,2024-10-09T21:33:26,Malefic Incantation (red),2,0
227,Florian,2024-10-09T21:33:26,Splintering Deadwood (red),1,0
227,Florian,2024-10-09T21:33:26,Strong Yield (red),1,0
227,Florian,2024-10-09T21:33:26,Vantage Point (red),1,0
227,Florian,2024-10-09T21:33:26,Arcane Cussing (yellow),2,0
227,Florian,2024-10-09T21:33:26,Arcanic Spike (yellow),1,0
227,Florian,2024-10-09T21:33:26,Cadaverous Tilling (yellow),1,0
227,Florian,2024-10-09T21:33:26,Consuming Volition (yellow),1,0
227,Florian,2024-10-09T21:33:26,Hocus Pocus (yellow),1,0
227,Florian,2024-10-09T21:33:26,Malefic Incantation (yellow),1,0
227,Florian,2024-10-09T21:33:26,Meat and Greet (yellow),1,0
227,Florian,2024-10-09T21:33:26,Oath of the Arknight (yellow),1,0
227,Florian,2024-10-09T21:33:26,Strength of Four Seasons (yellow),1,0
227,Florian,2024-10-09T21:33:26,Summer's Fall (yellow),1,0
227,Florian,2024-10-09T21:33:26,Arcane Cussing (blue),2,0
227,Florian,2024-10-09T21:33:26,Arcanic Spike (blue),2,0
227,Florian,2024-10-09T21:33:26,Cadaverous Tilling (blue),1,0
227,Florian,2024-10-09T21:33:26,Condemn to Slaughter (blue),1,0
227,Florian,2024-10-09T21:33:26,Fertile Ground (blue),1,0
227,Florian,2024-10-09T21:33:26,Fyendal's Fighting Spirit (blue),1,0
227,Florian,2024-10-09T21:33:26,Hit the High Notes (blue),1,0
227,Florian,2024-10-09T21:33:26,Hocus Pocus (blue),1,0
227,Florian,2024-10-09T21:33:26,Meat and Greet (blue),1,0
227,Florian,2024-10-09T21:33:26,Oath of the Arknight (blue),1,0
227,Florian,2024-10-09T21:33:26,Sigil of Cycles (blue),1,0
227,Florian,2024-10-09T21:33:26,Sigil of Fyendal (blue),1,0
227,Florian,2024-10-09T21:33:26,Strength of Four Seasons (blue),1,0
227,Florian,2024-10-09T21:33:26,Bloodtorn Bodice,1,1
227,Florian,2024-10-09T21:33:26,Runehold Release,1,1
227,Florian,2024-10-09T21:33:26,Well Grounded,1,1
228,Aurora,2024-10-09T21:59:10,Arcane Cussing (red),1,0
228,Aurora,2024-10-09T21:59:10,Blast to Oblivion (red),1,0
228,Aurora,2024-10-09T21:59:10,Consuming Volition (red),1,0
228,Aurora,2024-10-09T21:59:10,Flittering Charge (red),1,0
228,Aurora,2024-10-09T21:59:10,Fry (red),2,0
228,Aurora,2024-10-09T21:59:10,Fyendal's Fighting Spirit (red),2,0
228,Aurora,2024-10-09T21:59:10,Hand Behind the Pen (red),1,0
228,Aurora,2024-10-09T21:59:10,Heaven's Claws (red),1,0
228,Aurora,2024-10-09T21:59:10,Hocus Pocus (red),1,0
228,Aurora,2024-10-09T21:59:10,Lightning Surge (red),2,0
228,Aurora,2024-10-09T21:59:10,Oath of the Arknight (red),1,0
228,Aurora,2024-10-09T21:59:10,Trip the Light Fantastic (red),2,0
228,Aurora,2024-10-09T21:59:10,Arcane Polarity (yellow),2,0
228,Aurora,2024-10-09T21:59:10,Blast to Oblivion (yellow),1,0
228,Aurora,2024-10-09T21:59:10,Electromagnetic Somersault (yellow),1,0
228,Aurora,2024-10-09T21:59:10,Lightning Form (yellow),1,0
228,Aurora,2024-10-09T21:59:10,Runerager Swarm (yellow),1,0
228,Aurora,2024-10-09T21:59:10,Trip the Light Fantastic (yellow),2,0
228,Aurora,2024-10-09T21:59:10,Arcane Cussing (blue),1,0
228,Aurora,2024-10-09T21:59:10,Arcanic Spike (blue),1,0
228,Aurora,2024-10-09T21:59:10,Blast to Oblivion (blue),1,0
228,Aurora,2024-10-09T21:59:10,Deadwood Dirge (blue),1,0
228,Aurora,2024-10-09T21:59:10,Electrostatic Discharge (blue),1,0
228,Aurora,2024-10-09T21:59:10,Flittering Charge (blue),2,0
228,Aurora,2024-10-09T21:59:10,Heaven's Claws (blue),1,0
228,Aurora,2024-10-09T21:59:10,Hocus Pocus (blue),1,0
228,Aurora,2024-10-09T21:59:10,Lightning Surge (blue),1,0
228,Aurora,2024-10-09T21:59:10,Meat and Greet (blue),1,0
228,Aurora,2024-10-09T21:59:10,Oath of the Arknight (blue),1,0
228,Aurora,2024-10-09T21:59:10,Runerager Swarm (blue),1,0
228,Aurora,2024-10-09T21:59:10,Vantage Point (blue),1,0
228,Aurora,2024-10-09T21:59:10,Runehold Release,1,1
228,Aurora,2024-10-09T21:59:10,Twinkle Toes,1,1
229,Verdance,2024-10-09T23:29:27,Arcane Polarity (red),1,0
229,Verdance,2024-10-09T23:29:27,Blossoming Decay (red),1,0
229,Verdance,2024-10-09T23:29:27,Cadaverous Tilling (red),2,0
229,Verdance,2024-10-09T23:29:27,Chorus of the Amphitheater (red),1,0
229,Verdance,2024-10-09T23:29:27,Etchings of Arcana (red),1,0
229,Verdance,2024-10-09T23:29:27,Exploding Aether (red),2,0
229,Verdance,2024-10-09T23:29:27,Fruits of the Forest (red),1,0
229,Verdance,2024-10-09T23:29:27,Harvest Season (red),1,0
229,Verdance,2024-10-09T23:29:27,Open the Flood Gates (red),1,0
229,Verdance,2024-10-09T23:29:27,Photon Splicing (red),1,0
229,Verdance,2024-10-09T23:29:27,Trailblazing Aether (red),3,0
229,Verdance,2024-10-09T23:29:27,Aether Quickening (yellow),3,0
229,Verdance,2024-10-09T23:29:27,Cadaverous Tilling (yellow),1,0
229,Verdance,2024-10-09T23:29:27,Exploding Aether (yellow),2,0
229,Verdance,2024-10-09T23:29:27,Fertile Ground (yellow),2,0
229,Verdance,2024-10-09T23:29:27,Harvest Season (yellow),1,0
229,Verdance,2024-10-09T23:29:27,Open the Flood Gates (yellow),1,0
229,Verdance,2024-10-09T23:29:27,Perennial Aetherbloom (yellow),2,0
229,Verdance,2024-10-09T23:29:27,Photon Splicing (yellow),1,0
229,Verdance,2024-10-09T23:29:27,Summer's Fall (yellow),1,0
229,Verdance,2024-10-09T23:29:27,Aether Quickening (blue),1,0
229,Verdance,2024-10-09T23:29:27,Count Your Blessings (blue),1,0
229,Verdance,2024-10-09T23:29:27,Etchings of Arcana (blue),1,0
229,Verdance,2024-10-09T23:29:27,Fruits of the Forest (blue),3,0
229,Verdance,2024-10-09T23:29:27,Open the Flood Gates (blue),1,0
229,Verdance,2024-10-09T23:29:27,Photon Splicing (blue),1,0
229,Verdance,2024-10-09T23:29:27,Save the Thought (blue),1,0
229,Verdance,2024-10-09T23:29:27,Sigil of Forethought (blue),1,0
229,Verdance,2024-10-09T23:29:27,Sigil of Temporal Manipulation (blue),1,0
229,Verdance,2024-10-09T23:29:27,Helm of Lignum Vitae,1,1
230,Florian,2024-10-10T03:06:20,Arcane Polarity (red),1,0
230,Florian,2024-10-10T03:06:20,Arcane Seeds // Life (red),1,0
230,Florian,2024-10-10T03:06:20,Blossoming Decay (red),1,0
230,Florian,2024-10-10T03:06:20,Brush Off (red),1,0
230,Florian,2024-10-10T03:06:20,Earth Form (red),2,0
230,Florian,2024-10-10T03:06:20,Fertile Ground (red),1,0
230,Florian,2024-10-10T03:06:20,Fruits of the Forest (red),1,0
230,Florian,2024-10-10T03:06:20,Harvest Season (red),1,0
230,Florian,2024-10-10T03:06:20,Hit the High Notes (red),1,0
230,Florian,2024-10-10T03:06:20,Hocus Pocus (red),1,0
230,Florian,2024-10-10T03:06:20,Strong Yield (red),1,0
230,Florian,2024-10-10T03:06:20,Summer's Fall (red),1,0
230,Florian,2024-10-10T03:06:20,Arcane Cussing (yellow),2,0
230,Florian,2024-10-10T03:06:20,Autumn's Touch (yellow),1,0
230,Florian,2024-10-10T03:06:20,Blossoming Decay (yellow),1,0
230,Florian,2024-10-10T03:06:20,Condemn to Slaughter (yellow),1,0
230,Florian,2024-10-10T03:06:20,Deadwood Dirge (yellow),1,0
230,Florian,2024-10-10T03:06:20,Oath of the Arknight (yellow),1,0
230,Florian,2024-10-10T03:06:20,Runerager Swarm (yellow),2,0
230,Florian,2024-10-10T03:06:20,Arcane Cussing (blue),1,0
230,Florian,2024-10-10T03:06:20,Cadaverous Tilling (blue),1,0
230,Florian,2024-10-10T03:06:20,Consuming Volition (blue),1,0
230,Florian,2024-10-10T03:06:20,Fertile Ground (blue),1,0
230,Florian,2024-10-10T03:06:20,Fruits of the Forest (blue),1,0
230,Florian,2024-10-10T03:06:20,Hocus Pocus (blue),1,0
230,Florian,2024-10-10T03:06:20,Oath of the Arknight (blue),2,0
230,Florian,2024-10-10T03:06:20,Sigil of Deadwood (blue),2,0
230,Florian,2024-10-10T03:06:20,Sigil of Earth (blue),1,0
230,Florian,2024-10-10T03:06:20,Strength of Four Seasons (blue),1,0
230,Florian,2024-10-10T03:06:20,Bloodtorn Bodice,1,1
230,Florian,2024-10-10T03:06:20,Helm of Lignum Vitae,1,1
230,Florian,2024-10-10T03:06:20,Runehold Release,1,1
230,Florian,2024-10-10T03:06:20,Well Grounded,1,1
231,Aurora,2024-10-10T08:16:36,Burn Up // Shock (red),1,0
231,Aurora,2024-10-10T08:16:36,Eclectic Magnetism (red),1,0
231,Aurora,2024-10-10T08:16:36,Electrostatic Discharge (red),1,0
231,Aurora,2024-10-10T08:16:36,Flittering Charge (red),1,0
231,Aurora,2024-10-10T08:16:36,Heaven's Claws (red),1,0
231,Aurora,2024-10-10T08:16:36,Hocus Pocus (red),3,0
231,Aurora,2024-10-10T08:16:36,Lightning Form (red),2,0
231,Aurora,2024-10-10T08:16:36,Malefic Incantation (red),1,0
231,Aurora,2024-10-10T08:16:36,Second Strike (red),2,0
231,Aurora,2024-10-10T08:16:36,Arcane Polarity (yellow),2,0
231,Aurora,2024-10-10T08:16:36,Channel Lightning Valley (yellow),1,0
231,Aurora,2024-10-10T08:16:36,Consuming Volition (yellow),1,0
231,Aurora,2024-10-10T08:16:36,Deadwood Dirge (yellow),1,0
231,Aurora,2024-10-10T08:16:36,Hit the High Notes (yellow),2,0
231,Aurora,2024-10-10T08:16:36,Lightning Form (yellow),1,0
231,Aurora,2024-10-10T08:16:36,Lightning Surge (yellow),1,0
231,Aurora,2024-10-10T08:16:36,Runerager Swarm (yellow),1,0
231,Aurora,2024-10-10T08:16:36,Second Strike (yellow),1,0
231,Aurora,2024-10-10T08:16:36,Trip the Light Fantastic (yellow),2,0
231,Aurora,2024-10-10T08:16:36,Arcanic Spike (blue),1,0
231,Aurora,2024-10-10T08:16:36,Flittering Charge (blue),1,0
231,Aurora,2024-10-10T08:16:36,Fry (blue),1,0
231,Aurora,2024-10-10T08:16:36,Hit the High Notes (blue),2,0
231,Aurora,2024-10-10T08:16:36,Hocus Pocus (blue),1,0
231,Aurora,2024-10-10T08:16:36,Lightning Form (blue),1,0
231,Aurora,2024-10-10T08:16:36,Sigil of Conductivity (blue),1,0
231,Aurora,2024-10-10T08:16:36,Sigil of the Arknight (blue),2,0
231,Aurora,2024-10-10T08:16:36,Flash of Brilliance,1,1
231,Aurora,2024-10-10T08:16:36,Twinkle Toes,1,1
232,Oscilio,2024-10-10T09:09:21,Aether Quickening (red),2,0
232,Oscilio,2024-10-10T09:09:21,Count Your Blessings (red),1,0
232,Oscilio,2024-10-10T09:09:21,Eternal Inferno (red),1,0
232,Oscilio,2024-10-10T09:09:21,Exploding Aether (red),1,0
232,Oscilio,2024-10-10T09:09:21,Flash (red),1,0
232,Oscilio,2024-10-10T09:09:21,Open the Flood Gates (red),4,0
232,Oscilio,2024-10-10T09:09:21,Photon Splicing (red),1,0
232,Oscilio,2024-10-10T09:09:21,Second Strike (red),2,0
232,Oscilio,2024-10-10T09:09:21,Trailblazing Aether (red),3,0
232,Oscilio,2024-10-10T09:09:21,Trip the Light Fantastic (red),1,0
232,Oscilio,2024-10-10T09:09:21,Electrostatic Discharge (yellow),1,0
232,Oscilio,2024-10-10T09:09:21,Etchings of Arcana (yellow),1,0
232,Oscilio,2024-10-10T09:09:21,Exploding Aether (yellow),1,0
232,Oscilio,2024-10-10T09:09:21,Flash (yellow),1,0
232,Oscilio,2024-10-10T09:09:21,Overflow the Aetherwell (yellow),1,0
232,Oscilio,2024-10-10T09:09:21,Trailblazing Aether (yellow),3,0
232,Oscilio,2024-10-10T09:09:21,Aether Quickening (blue),2,0
232,Oscilio,2024-10-10T09:09:21,Chorus of the Amphitheater (blue),1,0
232,Oscilio,2024-10-10T09:09:21,Second Strike (blue),1,0
232,Oscilio,2024-10-10T09:09:21,Sigil of Aether (blue),1,0
232,Oscilio,2024-10-10T09:09:21,Sigil of Conductivity (blue),1,0
232,Oscilio,2024-10-10T09:09:21,Sigil of Cycles (blue),1,0
232,Oscilio,2024-10-10T09:09:21,Trailblazing Aether (blue),2,0
232,Oscilio,2024-10-10T09:09:21,Bruised Leather,1,1
232,Oscilio,2024-10-10T09:09:21,Hold Focus,1,1
232,Oscilio,2024-10-10T09:09:21,Hood of Second Thoughts,1,1
232,Oscilio,2024-10-10T09:09:21,Twinkle Toes,1,1
233,Florian,2024-10-10T12:09:03,Arcanic Spike (red),2,0
233,Florian,2024-10-10T12:09:03,Autumn's Touch (red),3,0
233,Florian,2024-10-10T12:09:03,Cadaverous Tilling (red),1,0
233,Florian,2024-10-10T12:09:03,Earth Form (red),1,0
233,Florian,2024-10-10T12:09:03,Fertile Ground (red),1,0
233,Florian,2024-10-10T12:09:03,Oath of the Arknight (red),1,0
233,Florian,2024-10-10T12:09:03,Rootbound Carapace (red),1,0
233,Florian,2024-10-10T12:09:03,Strength of Four Seasons (red),2,0
233,Florian,2024-10-10T12:09:03,Strong Yield (red),1,0
233,Florian,2024-10-10T12:09:03,Vantage Point (red),1,0
233,Florian,2024-10-10T12:09:03,Cadaverous Tilling (yellow),1,0
233,Florian,2024-10-10T12:09:03,Fertile Ground (yellow),2,0
233,Florian,2024-10-10T12:09:03,Fruits of the Forest (yellow),1,0
233,Florian,2024-10-10T12:09:03,Hocus Pocus (yellow),1,0
233,Florian,2024-10-10T12:09:03,Strength of Four Seasons (yellow),1,0
233,Florian,2024-10-10T12:09:03,Summer's Fall (yellow),1,0
233,Florian,2024-10-10T12:09:03,Arcane Cussing (blue),1,0
233,Florian,2024-10-10T12:09:03,Arcane Polarity (blue),1,0
233,Florian,2024-10-10T12:09:03,Arcanic Spike (blue),1,0
233,Florian,2024-10-10T12:09:03,Autumn's Touch (blue),1,0
233,Florian,2024-10-10T12:09:03,Cadaverous Tilling (blue),1,0
233,Florian,2024-10-10T12:09:03,Condemn to Slaughter (blue),1,0
233,Florian,2024-10-10T12:09:03,Hit the High Notes (blue),1,0
233,Florian,2024-10-10T12:09:03,Sigil of Earth (blue),2,0
233,Florian,2024-10-10T12:09:03,Sigil of Fyendal (blue),1,0
233,Florian,2024-10-10T12:09:03,Sigil of Sanctuary (blue),1,0
233,Florian,2024-10-10T12:09:03,Splintering Deadwood (blue),1,0
233,Florian,2024-10-10T12:09:03,Vantage Point (blue),1,0
233,Florian,2024-10-10T12:09:03,Bloodtorn Bodice,1,1
233,Florian,2024-10-10T12:09:03,Bruised Leather,1,1
233,Florian,2024-10-10T12:09:03,Hood of Second Thoughts,1,1
233,Florian,2024-10-10T12:09:03,Runehold Release,1,1
234,Verdance,2024-10-10T18:33:18,Arcane Twining (red),2,0
234,Verdance,2024-10-10T18:33:18,Cadaverous Tilling (red),1,0
234,Verdance,2024-10-10T18:33:18,Etchings of Arcana (red),1,0
234,Verdance,2024-10-10T18:33:18,Hand Behind the Pen (red),1,0
234,Verdance,2024-10-10T18:33:18,Harvest Season (red),1,0
234,Verdance,2024-10-10T18:33:18,Perennial Aetherbloom (red),1,0
234,Verdance,2024-10-10T18:33:18,Pop the Bubble (red),1,0
234,Verdance,2024-10-10T18:33:18,Pulsing Aether // Life (red),1,0
234,Verdance,2024-10-10T18:33:18,Strength of Four Seasons (red),1,0
234,Verdance,2024-10-10T18:33:18,Summer's Fall (red),1,0
234,Verdance,2024-10-10T18:33:18,Aether Quickening (yellow),2,0
234,Verdance,2024-10-10T18:33:18,Arcane Twining (yellow),1,0
234,Verdance,2024-10-10T18:33:18,Blossoming Decay (yellow),1,0
234,Verdance,2024-10-10T18:33:18,Cadaverous Tilling (yellow),1,0
234,Verdance,2024-10-10T18:33:18,Etchings of Arcana (yellow),1,0
234,Verdance,2024-10-10T18:33:18,Fertile Ground (yellow),1,0
234,Verdance,2024-10-10T18:33:18,Harvest Season (yellow),2,0
234,Verdance,2024-10-10T18:33:18,Open the Flood Gates (yellow),1,0
234,Verdance,2024-10-10T18:33:18,Pop the Bubble (yellow),1,0
234,Verdance,2024-10-10T18:33:18,Strength of Four Seasons (yellow),1,0
234,Verdance,2024-10-10T18:33:18,Strong Yield (yellow),1,0
234,Verdance,2024-10-10T18:33:18,Arcane Polarity (blue),1,0
234,Verdance,2024-10-10T18:33:18,Etchings of Arcana (blue),1,0
234,Verdance,2024-10-10T18:33:18,Exploding Aether (blue),1,0
234,Verdance,2024-10-10T18:33:18,Fruits of the Forest (blue),2,0
234,Verdance,2024-10-10T18:33:18,Fyendal's Fighting Spirit (blue),1,0
234,Verdance,2024-10-10T18:33:18,Open the Flood Gates (blue),2,0
234,Verdance,2024-10-10T18:33:18,Photon Splicing (blue),1,0
234,Verdance,2024-10-10T18:33:18,Sigil of Earth (blue),1,0
234,Verdance,2024-10-10T18:33:18,Sigil of Forethought (blue),1,0
234,Verdance,2024-10-10T18:33:18,Strength of Four Seasons (blue),1,0
234,Verdance,2024-10-10T18:33:18,Four Finger Gloves,1,1
235,Aurora,2024-10-10T22:09:35,Arcane Polarity (red),1,0
235,Aurora,2024-10-10T22:09:35,Blast to Oblivion (red),2,0
235,Aurora,2024-10-10T22:09:35,Burn Up // Shock (red),1,0
235,Aurora,2024-10-10T22:09:35,Cut Through the Facade (red),1,0
235,Aurora,2024-10-10T22:09:35,Electrostatic Discharge (red),1,0
235,Aurora,2024-10-10T22:09:35,Fry (red),2,0
235,Aurora,2024-10-10T22:09:35,Heaven's Claws (red),2,0
235,Aurora,2024-10-10T22:09:35,Hit the High Notes (red),2,0
235,Aurora,2024-10-10T22:09:35,Lightning Form (red),2,0
235,Aurora,2024-10-10T22:09:35,Lightning Surge (red),2,0
235,Aurora,2024-10-10T22:09:35,Meat and Greet (red),1,0
235,Aurora,2024-10-10T22:09:35,Second Strike (red),1,0
235,Aurora,2024-10-10T22:09:35,Splintering Deadwood (red),1,0
235,Aurora,2024-10-10T22:09:35,Trip the Light Fantastic (red),1,0
235,Aurora,2024-10-10T22:09:35,Blast to Oblivion (yellow),1,0
235,Aurora,2024-10-10T22:09:35,Electromagnetic Somersault (yellow),1,0
235,Aurora,2024-10-10T22:09:35,Heaven's Claws (yellow),2,0
235,Aurora,2024-10-10T22:09:35,Hit the High Notes (yellow),1,0
235,Aurora,2024-10-10T22:09:35,Lightning Surge (yellow),1,0
235,Aurora,2024-10-10T22:09:35,Second Strike (yellow),1,0
235,Aurora,2024-10-10T22:09:35,Trip the Light Fantastic (yellow),1,0
235,Aurora,2024-10-10T22:09:35,Vaporize // Shock (yellow),1,0
235,Aurora,2024-10-10T22:09:35,Arcanic Spike (blue),1,0
235,Aurora,2024-10-10T22:09:35,Consuming Volition (blue),1,0
235,Aurora,2024-10-10T22:09:35,Count Your Blessings (blue),1,0
235,Aurora,2024-10-10T22:09:35,Electrostatic Discharge (blue),1,0
235,Aurora,2024-10-10T22:09:35,Heaven's Claws (blue),1,0
235,Aurora,2024-10-10T22:09:35,Lightning Form (blue),1,0
235,Aurora,2024-10-10T22:09:35,Lightning Surge (blue),1,0
235,Aurora,2024-10-10T22:09:35,Sigil of Deadwood (blue),1,0
235,Aurora,2024-10-10T22:09:35,Sigil of Lightning (blue),1,0
235,Aurora,2024-10-10T22:09:35,Sigil of the Arknight (blue),1,0
235,Aurora,2024-10-10T22:09:35,Bruised Leather,1,1
235,Aurora,2024-10-10T22:09:35,Flash of Brilliance,1,1
235,Aurora,2024-10-10T22:09:35,Twinkle Toes,1,1
236,Florian,2024-10-11T00:10:11,Arcane Polarity (red),1,0
236,Florian,2024-10-11T00:10:11,Arcane Seeds // Life (red),1,0
236,Florian,2024-10-11T00:10:11,Blossoming Decay (red),1,0
236,Florian,2024-10-11T00:10:11,Cadaverous Tilling (red),1,0
236,Florian,2024-10-11T00:10:11,Hocus Pocus (red),1,0
236,Florian,2024-10-11T00:10:11,Malefic Incantation (red),1,0
236,Florian,2024-10-11T00:10:11,Arcane Polarity (yellow),1,0
236,Florian,2024-10-11T00:10:11,Arcanic Spike (yellow),1,0
236,Florian,2024-10-11T00:10:11,Blossoming Decay (yellow),2,0
236,Florian,2024-10-11T00:10:11,Condemn to Slaughter (yellow),1,0
236,Florian,2024-10-11T00:10:11,Deadwood Dirge (yellow),1,0
236,Florian,2024-10-11T00:10:11,Fruits of the Forest (yellow),1,0
236,Florian,2024-10-11T00:10:11,Harvest Season (yellow),1,0
236,Florian,2024-10-11T00:10:11,Meat and Greet (yellow),1,0
236,Florian,2024-10-11T00:10:11,Oath of the Arknight (yellow),1,0
236,Florian,2024-10-11T00:10:11,Arcane Cussing (blue),1,0
236,Florian,2024-10-11T00:10:11,Arcane Polarity (blue),1,0
236,Florian,2024-10-11T00:10:11,Arcanic Spike (blue),1,0
236,Florian,2024-10-11T00:10:11,Autumn's Touch (blue),1,0
236,Florian,2024-10-11T00:10:11,Cadaverous Tilling (blue),1,0
236,Florian,2024-10-11T00:10:11,Fertile Ground (blue),2,0
236,Florian,2024-10-11T00:10:11,Fyendal's Fighting Spirit (blue),1,0
236,Florian,2024-10-11T00:10:11,Meat and Greet (blue),1,0
236,Florian,2024-10-11T00:10:11,Runerager Swarm (blue),2,0
236,Florian,2024-10-11T00:10:11,Sigil of Deadwood (blue),1,0
236,Florian,2024-10-11T00:10:11,Sigil of Earth (blue),1,0
236,Florian,2024-10-11T00:10:11,Sigil of Fyendal (blue),1,0
236,Florian,2024-10-11T00:10:11,Strong Yield (blue),1,0
236,Florian,2024-10-11T00:10:11,Vantage Point (blue),1,0
236,Florian,2024-10-11T00:10:11,Bloodtorn Bodice,1,1
236,Florian,2024-10-11T00:10:11,Helm of Lignum Vitae,1,1
236,Florian,2024-10-11T00:10:11,Hood of Second Thoughts,1,1
236,Florian,2024-10-11T00:10:11,Well Grounded,1,1
237,Verdance,2024-10-11T04:25:24,Aether Quickening (red),2,0
237,Verdance,2024-10-11T04:25:24,Arcane Twining (red),1,0
237,Verdance,2024-10-11T04:25:24,Autumn's Touch (red),1,0
237,Verdance,2024-10-11T04:25:24,Blossoming Decay (red),1,0
237,Verdance,2024-10-11T04:25:24,Fertile Ground (red),1,0
237,Verdance,2024-10-11T04:25:24,Fruits of the Forest (red),1,0
237,Verdance,2024-10-11T04:25:24,Fyendal's Fighting Spirit (red),1,0
237,Verdance,2024-10-11T04:25:24,Open the Flood Gates (red),1,0
237,Verdance,2024-10-11T04:25:24,Photon Splicing (red),1,0
237,Verdance,2024-10-11T04:25:24,Pulsing Aether // Life (red),1,0
237,Verdance,2024-10-11T04:25:24,Summer's Fall (red),1,0
237,Verdance,2024-10-11T04:25:24,Aether Quickening (yellow),1,0
237,Verdance,2024-10-11T04:25:24,Autumn's Touch (yellow),1,0
237,Verdance,2024-10-11T04:25:24,Blossoming Decay (yellow),1,0
237,Verdance,2024-10-11T04:25:24,Etchings of Arcana (yellow),1,0
237,Verdance,2024-10-11T04:25:24,Perennial Aetherbloom (yellow),2,0
237,Verdance,2024-10-11T04:25:24,Photon Splicing (yellow),1,0
237,Verdance,2024-10-11T04:25:24,Aether Quickening (blue),1,0
237,Verdance,2024-10-11T04:25:24,Arcane Twining (blue),1,0
237,Verdance,2024-10-11T04:25:24,Cadaverous Tilling (blue),1,0
237,Verdance,2024-10-11T04:25:24,Earth Form (blue),1,0
237,Verdance,2024-10-11T04:25:24,Etchings of Arcana (blue),1,0
237,Verdance,2024-10-11T04:25:24,Harvest Season (blue),1,0
237,Verdance,2024-10-11T04:25:24,Heartbeat of Candlehold (blue),1,0
237,Verdance,2024-10-11T04:25:24,Perennial Aetherbloom (blue),2,0
237,Verdance,2024-10-11T04:25:24,Sigil of Earth (blue),2,0
237,Verdance,2024-10-11T04:25:24,Sigil of Sanctuary (blue),1,0
237,Verdance,2024-10-11T04:25:24,Strength of Four Seasons (blue),1,0
237,Verdance,2024-10-11T04:25:24,Bruised Leather,1,1
237,Verdance,2024-10-11T04:25:24,Helm of Lignum Vitae,1,1
237,Verdance,2024-10-11T04:25:24,Hold Focus,1,1
237,Verdance,2024-10-11T04:25:24,Well Grounded,1,1
238,Aurora,2024-10-11T08:58:18,Arcanic Spike (red),1,0
238,Aurora,2024-10-11T08:58:18,Brush Off (red),1,0
238,Aurora,2024-10-11T08:58:18,Burn Up // Shock (red),1,0
238,Aurora,2024-10-11T08:58:18,Flittering Charge (red),2,0
238,Aurora,2024-10-11T08:58:18,Fry (red),1,0
238,Aurora,2024-10-11T08:58:18,Fyendal's Fighting Spirit (red),1,0
238,Aurora,2024-10-11T08:58:18,Heaven's Claws (red),1,0
238,Aurora,2024-10-11T08:58:18,Hocus Pocus (red),1,0
238,Aurora,2024-10-11T08:58:18,Lightning Surge (red),1,0
238,Aurora,2024-10-11T08:58:18,Runerager Swarm (red),1,0
238,Aurora,2024-10-11T08:58:18,Second Strike (red),1,0
238,Aurora,2024-10-11T08:58:18,Trip the Light Fantastic (red),1,0
238,Aurora,2024-10-11T08:58:18,Arc Lightning (yellow),1,0
238,Aurora,2024-10-11T08:58:18,Arcane Polarity (yellow),1,0
238,Aurora,2024-10-11T08:58:18,Arcanic Spike (yellow),1,0
238,Aurora,2024-10-11T08:58:18,Consuming Volition (yellow),2,0
238,Aurora,2024-10-11T08:58:18,Flittering Charge (yellow),1,0
238,Aurora,2024-10-11T08:58:18,Fyendal's Fighting Spirit (yellow),1,0
238,Aurora,2024-10-11T08:58:18,Heaven's Claws (yellow),1,0
238,Aurora,2024-10-11T08:58:18,Hit the High Notes (yellow),1,0
238,Aurora,2024-10-11T08:58:18,Runerager Swarm (yellow),1,0
238,Aurora,2024-10-11T08:58:18,Count Your Blessings (blue),1,0
238,Aurora,2024-10-11T08:58:18,Hit the High Notes (blue),1,0
238,Aurora,2024-10-11T08:58:18,Hocus Pocus (blue),1,0
238,Aurora,2024-10-11T08:58:18,Runerager Swarm (blue),1,0
238,Aurora,2024-10-11T08:58:18,Sigil of Fyendal (blue),2,0
238,Aurora,2024-10-11T08:58:18,Trip the Light Fantastic (blue),1,0
238,Aurora,2024-10-11T08:58:18,Truce (blue),1,0
238,Aurora,2024-10-11T08:58:18,Flash of Brilliance,1,1
238,Aurora,2024-10-11T08:58:18,Twinkle Toes,1,1
239,Florian,2024-10-11T10:12:28,Arcane Cussing (red),1,0
239,Florian,2024-10-11T10:12:28,Arcane Polarity (red),1,0
239,Florian,2024-10-11T10:12:28,Arcane Seeds // Life (red),1,0
239,Florian,2024-10-11T10:12:28,Arcanic Spike (red),1,0
239,Florian,2024-10-11T10:12:28,Autumn's Touch (red),1,0
239,Florian,2024-10-11T10:12:28,Blossoming Decay (red),1,0
239,Florian,2024-10-11T10:12:28,Cadaverous Tilling (red),2,0
239,Florian,2024-10-11T10:12:28,Deadwood Dirge (red),1,0
239,Florian,2024-10-11T10:12:28,Fyendal's Fighting Spirit (red),1,0
239,Florian,2024-10-11T10:12:28,Hocus Pocus (red),1,0
239,Florian,2024-10-11T10:12:28,Splintering Deadwood (red),1,0
239,Florian,2024-10-11T10:12:28,Strong Yield (red),2,0
239,Florian,2024-10-11T10:12:28,Summer's Fall (red),1,0
239,Florian,2024-10-11T10:12:28,Arcane Cussing (yellow),1,0
239,Florian,2024-10-11T10:12:28,Cadaverous Tilling (yellow),1,0
239,Florian,2024-10-11T10:12:28,Condemn to Slaughter (yellow),1,0
239,Florian,2024-10-11T10:12:28,Deadwood Dirge (yellow),2,0
239,Florian,2024-10-11T10:12:28,Fruits of the Forest (yellow),1,0
239,Florian,2024-10-11T10:12:28,Strength of Four Seasons (yellow),1,0
239,Florian,2024-10-11T10:12:28,Strong Yield (yellow),2,0
239,Florian,2024-10-11T10:12:28,Blossoming Decay (blue),2,0
239,Florian,2024-10-11T10:12:28,Consuming Volition (blue),1,0
239,Florian,2024-10-11T10:12:28,Deadwood Dirge (blue),1,0
239,Florian,2024-10-11T10:12:28,Fruits of the Forest (blue),1,0
239,Florian,2024-10-11T10:12:28,Hit the High Notes (blue),1,0
239,Florian,2024-10-11T10:12:28,Malefic Incantation (blue),1,0
239,Florian,2024-10-11T10:12:28,Sigil of Deadwood (blue),2,0
239,Florian,2024-10-11T10:12:28,Sigil of Earth (blue),1,0
239,Florian,2024-10-11T10:12:28,Splintering Deadwood (blue),1,0
239,Florian,2024-10-11T10:12:28,Vantage Point (blue),1,0
239,Florian,2024-10-11T10:12:28,Bruised Leather,1,1
239,Florian,2024-10-11T10:12:28,Four Finger Gloves,1,1
239,Florian,2024-10-11T10:12:28,Helm of Lignum Vitae,1,1
240,Verdance,2024-10-11T16:26:42,Arcane Twining (red),1,0
240,Verdance,2024-10-11T16:26:42,Blossoming Decay (red),1,0
240,Verdance,2024-10-11T16:26:42,Etchings of Arcana (red),1,0
240,Verdance,2024-10-11T16:26:42,Fyendal's Fighting Spirit (red),1,0
240,Verdance,2024-10-11T16:26:42,Harvest Season (red),1,0
240,Verdance,2024-10-11T16:26:42,Overflow the Aetherwell (red),1,0
240,Verdance,2024-10-11T16:26:42,Perennial Aetherbloom (red),1,0
240,Verdance,2024-10-11T16:26:42,Pop the Bubble (red),1,0
240,Verdance,2024-10-11T16:26:42,Pulsing Aether // Life (red),2,0
240,Verdance,2024-10-11T16:26:42,Blossoming Decay (yellow),1,0
240,Verdance,2024-10-11T16:26:42,Open the Flood Gates (yellow),1,0
240,Verdance,2024-10-11T16:26:42,Perennial Aetherbloom (yellow),1,0
240,Verdance,2024-10-11T16:26:42,Pop the Bubble (yellow),2,0
240,Verdance,2024-10-11T16:26:42,Save the Thought (yellow),1,0
240,Verdance,2024-10-11T16:26:42,Trailblazing Aether (yellow),2,0
240,Verdance,2024-10-11T16:26:42,Aether Quickening (blue),2,0
240,Verdance,2024-10-11T16:26:42,Arcane Polarity (blue),1,0
240,Verdance,2024-10-11T16:26:42,Fertile Ground (blue),3,0
240,Verdance,2024-10-11T16:26:42,Fruits of the Forest (blue),1,0
240,Verdance,2024-10-11T16:26:42,Fyendal's Fighting Spirit (blue),1,0
240,Verdance,2024-10-11T16:26:42,Harvest Season (blue),1,0
240,Verdance,2024-10-11T16:26:42,Open the Flood Gates (blue),1,0
240,Verdance,2024-10-11T16:26:42,Photon Splicing (blue),2,0
240,Verdance,2024-10-11T16:26:42,Pop the Bubble (blue),1,0
240,Verdance,2024-10-11T16:26:42,Sigil of Earth (blue),3,0
240,Verdance,2024-10-11T16:26:42,Sigil of Forethought (blue),1,0
240,Verdance,2024-10-11T16:26:42,Helm of Lignum Vitae,1,1
240,Verdance,2024-10-11T16:26:42,Ink-lined Cloak,1,1
240,Verdance,2024-10-11T16:26:42,Well Grounded,1,1
241,Verdance,2024-10-11T22:18:13,Aether Quickening (red),1,0
241,Verdance,2024-10-11T22:18:13,Arcane Polarity (red),1,0
241,Verdance,2024-10-11T22:18:13,Channel the Millennium Tree (red),1,0
241,Verdance,2024-10-11T22:18:13,Etchings of Arcana (red),1,0
241,Verdance,2024-10-11T22:18:13,Exploding Aether (red),3,0
241,Verdance,2024-10-11T22:18:13,Open the Flood Gates (red),2,0
241,Verdance,2024-10-11T22:18:13,Overflow the Aetherwell (red),1,0
241,Verdance,2024-10-11T22:18:13,Trailblazing Aether (red),2,0
241,Verdance,2024-10-11T22:18:13,Aether Quickening (yellow),1,0
241,Verdance,2024-10-11T22:18:13,Exploding Aether (yellow),3,0
241,Verdance,2024-10-11T22:18:13,Open the Flood Gates (yellow),1,0
241,Verdance,2024-10-11T22:18:13,Overflow the Aetherwell (yellow),1,0
241,Verdance,2024-10-11T22:18:13,Photon Splicing (yellow),4,0
241,Verdance,2024-10-11T22:18:13,Trailblazing Aether (yellow),1,0
241,Verdance,2024-10-11T22:18:13,Aether Quickening (blue),1,0
241,Verdance,2024-10-11T22:18:13,Arcane Twining (blue),1,0
241,Verdance,2024-10-11T22:18:13,Autumn's Touch (blue),1,0
241,Verdance,2024-10-11T22:18:13,Chorus of the Amphitheater (blue),1,0
241,Verdance,2024-10-11T22:18:13,Etchings of Arcana (blue),1,0
241,Verdance,2024-10-11T22:18:13,Open the Flood Gates (blue),1,0
241,Verdance,2024-10-11T22:18:13,Overflow the Aetherwell (blue),1,0
241,Verdance,2024-10-11T22:18:13,Perennial Aetherbloom (blue),1,0
241,Verdance,2024-10-11T22:18:13,Photon Splicing (blue),1,0
241,Verdance,2024-10-11T22:18:13,Pop the Bubble (blue),1,0
241,Verdance,2024-10-11T22:18:13,Sigil of Forethought (blue),2,0
241,Verdance,2024-10-11T22:18:13,Sigil of Temporal Manipulation (blue),1,0
241,Verdance,2024-10-11T22:18:13,Strength of Four Seasons (blue),1,0
241,Verdance,2024-10-11T22:18:13,Trailblazing Aether (blue),1,0
241,Verdance,2024-10-11T22:18:13,Hold Focus,1,1
241,Verdance,2024-10-11T22:18:13,Hood of Second Thoughts,1,1
241,Verdance,2024-10-11T22:18:13,Runaways,1,1
242,Aurora,2024-10-12T01:15:56,Blast to Oblivion (red),1,0
242,Aurora,2024-10-12T01:15:56,Brush Off (red),1,0
242,Aurora,2024-10-12T01:15:56,Burn Up // Shock (red),1,0
242,Aurora,2024-10-12T01:15:56,Condemn to Slaughter (red),1,0
242,Aurora,2024-10-12T01:15:56,Consuming Volition (red),1,0
242,Aurora,2024-10-12T01:15:56,Electromagnetic Somersault (red),1,0
242,Aurora,2024-10-12T01:15:56,Electrostatic Discharge (red),1,0
242,Aurora,2024-10-12T01:15:56,Flittering Charge (red),1,0
242,Aurora,2024-10-12T01:15:56,Fry (red),1,0
242,Aurora,2024-10-12T01:15:56,Heaven's Claws (red),1,0
242,Aurora,2024-10-12T01:15:56,Lightning Surge (red),1,0
242,Aurora,2024-10-12T01:15:56,Meat and Greet (red),1,0
242,Aurora,2024-10-12T01:15:56,Runerager Swarm (red),1,0
242,Aurora,2024-10-12T01:15:56,Second Strike (red),1,0
242,Aurora,2024-10-12T01:15:56,Trip the Light Fantastic (red),1,0
242,Aurora,2024-10-12T01:15:56,Arcanic Spike (yellow),1,0
242,Aurora,2024-10-12T01:15:56,Blast to Oblivion (yellow),1,0
242,Aurora,2024-10-12T01:15:56,Electromagnetic Somersault (yellow),1,0
242,Aurora,2024-10-12T01:15:56,Electrostatic Discharge (yellow),1,0
242,Aurora,2024-10-12T01:15:56,Fry (yellow),1,0
242,Aurora,2024-10-12T01:15:56,Heaven's Claws (yellow),1,0
242,Aurora,2024-10-12T01:15:56,Lightning Surge (yellow),1,0
242,Aurora,2024-10-12T01:15:56,Malefic Incantation (yellow),1,0
242,Aurora,2024-10-12T01:15:56,Second Strike (yellow),1,0
242,Aurora,2024-10-12T01:15:56,Trip the Light Fantastic (yellow),1,0
242,Aurora,2024-10-12T01:15:56,Consuming Volition (blue),1,0
242,Aurora,2024-10-12T01:15:56,Heaven's Claws (blue),3,0
242,Aurora,2024-10-12T01:15:56,Hit the High Notes (blue),1,0
242,Aurora,2024-10-12T01:15:56,Lightning Surge (blue),2,0
242,Aurora,2024-10-12T01:15:56,Runerager Swarm (blue),1,0
242,Aurora,2024-10-12T01:15:56,Sigil of Conductivity (blue),1,0
242,Aurora,2024-10-12T01:15:56,Trip the Light Fantastic (blue),1,0
242,Aurora,2024-10-12T01:15:56,Bruised Leather,1,1
242,Aurora,2024-10-12T01:15:56,Flash of Brilliance,1,1
242,Aurora,2024-10-12T01:15:56,Runehold Release,1,1
242,Aurora,2024-10-12T01:15:56,Twinkle Toes,1,1
243,Oscilio,2024-10-12T17:02:37,Aether Quickening (red),2,0
243,Oscilio,2024-10-12T17:02:37,Arcane Twining (red),1,0
243,Oscilio,2024-10-12T17:02:37,Comet Storm // Shock (red),2,0
243,Oscilio,2024-10-12T17:02:37,Eclectic Magnetism (red),1,0
243,Oscilio,2024-10-12T17:02:37,Exploding Aether (red),1,0
243,Oscilio,2024-10-12T17:02:37,Fry (red),1,0
243,Oscilio,2024-10-12T17:02:37,Glyph Overlay (red),1,0
243,Oscilio,2024-10-12T17:02:37,Gone in a Flash (red),1,0
243,Oscilio,2024-10-12T17:02:37,Open the Flood Gates (red),2,0
243,Oscilio,2024-10-12T17:02:37,Photon Splicing (red),2,0
243,Oscilio,2024-10-12T17:02:37,Smash Up (red),1,0
243,Oscilio,2024-10-12T17:02:37,Trip the Light Fantastic (red),1,0
243,Oscilio,2024-10-12T17:02:37,Aether Quickening (yellow),1,0
243,Oscilio,2024-10-12T17:02:37,Electrostatic Discharge (yellow),1,0
243,Oscilio,2024-10-12T17:02:37,Exploding Aether (yellow),1,0
243,Oscilio,2024-10-12T17:02:37,Flash (yellow),1,0
243,Oscilio,2024-10-12T17:02:37,Flittering Charge (yellow),1,0
243,Oscilio,2024-10-12T17:02:37,Arcane Polarity (blue),1,0
243,Oscilio,2024-10-12T17:02:37,Arcane Twining (blue),1,0
243,Oscilio,2024-10-12T17:02:37,Etchings of Arcana (blue),1,0
243,Oscilio,2024-10-12T17:02:37,Exploding Aether (blue),2,0
243,Oscilio,2024-10-12T17:02:37,Flash (blue),1,0
243,Oscilio,2024-10-12T17:02:37,Open the Flood Gates (blue),1,0
243,Oscilio,2024-10-12T17:02:37,Photon Splicing (blue),1,0
243,Oscilio,2024-10-12T17:02:37,Second Strike (blue),1,0
243,Oscilio,2024-10-12T17:02:37,Sigil of Forethought (blue),1,0
243,Oscilio,2024-10-12T17:02:37,Sigil of Lightning (blue),4,0
243,Oscilio,2024-10-12T17:02:37,Flash of Brilliance,1,1
243,Oscilio,2024-10-12T17:02:37,Hold Focus,1,1
243,Oscilio,2024-10-12T17:02:37,Ink-lined Cloak,1,1
243,Oscilio,2024-10-12T17:02:37,Twinkle Toes,1,1
244,Oscilio,2024-10-12T22:13:34,Aether Quickening (red),1,0
244,Oscilio,2024-10-12T22:13:34,Chorus of the Amphitheater (red),1,0
244,Oscilio,2024-10-12T22:13:34,Electrostatic Discharge (red),1,0
244,Oscilio,2024-10-12T22:13:34,Flittering Charge (red),1,0
244,Oscilio,2024-10-12T22:13:34,Fry (red),1,0
244,Oscilio,2024-10-12T22:13:34,Lightning Surge (red),1,0
244,Oscilio,2024-10-12T22:13:34,Open the Flood Gates (red),4,0
244,Oscilio,2024-10-12T22:13:34,Trip the Light Fantastic (red),1,0
244,Oscilio,2024-10-12T22:13:34,Aether Quickening (yellow),1,0
244,Oscilio,2024-10-12T22:13:34,Brush Off (yellow),1,0
244,Oscilio,2024-10-12T22:13:34,Chorus of the Amphitheater (yellow),1,0
244,Oscilio,2024-10-12T22:13:34,Etchings of Arcana (yellow),1,0
244,Oscilio,2024-10-12T22:13:34,Flash (yellow),2,0
244,Oscilio,2024-10-12T22:13:34,Flittering Charge (yellow),1,0
244,Oscilio,2024-10-12T22:13:34,Fry (yellow),1,0
244,Oscilio,2024-10-12T22:13:34,Lightning Surge (yellow),1,0
244,Oscilio,2024-10-12T22:13:34,Null // Shock (yellow),1,0
244,Oscilio,2024-10-12T22:13:34,Second Strike (yellow),1,0
244,Oscilio,2024-10-12T22:13:34,Sigil of Brilliance (yellow),1,0
244,Oscilio,2024-10-12T22:13:34,Trip the Light Fantastic (yellow),1,0
244,Oscilio,2024-10-12T22:13:34,Blast to Oblivion (blue),1,0
244,Oscilio,2024-10-12T22:13:34,Flash (blue),1,0
244,Oscilio,2024-10-12T22:13:34,Heaven's Claws (blue),1,0
244,Oscilio,2024-10-12T22:13:34,Lightning Surge (blue),2,0
244,Oscilio,2024-10-12T22:13:34,Open the Flood Gates (blue),1,0
244,Oscilio,2024-10-12T22:13:34,Sigil of Aether (blue),1,0
244,Oscilio,2024-10-12T22:13:34,Sigil of Lightning (blue),2,0
244,Oscilio,2024-10-12T22:13:34,Flash of Brilliance,1,1
244,Oscilio,2024-10-12T22:13:34,Hood of Second Thoughts,1,1
244,Oscilio,2024-10-12T22:13:34,Ink-lined Cloak,1,1
244,Oscilio,2024-10-12T22:13:34,Twinkle Toes,1,1
245,Aurora,2024-10-13T01:31:49,Arcane Cussing (red),1,0
245,Aurora,2024-10-13T01:31:49,Arcane Polarity (red),1,0
245,Aurora,2024-10-13T01:31:49,Arcanic Spike (red),1,0
245,Aurora,2024-10-13T01:31:49,Brush Off (red),1,0
245,Aurora,2024-10-13T01:31:49,Consuming Volition (red),1,0
245,Aurora,2024-10-13T01:31:49,Deadwood Dirge (red),1,0
245,Aurora,2024-10-13T01:31:49,Electrostatic Discharge (red),2,0
245,Aurora,2024-10-13T01:31:49,Flittering Charge (red),1,0
245,Aurora,2024-10-13T01:31:49,Fry (red),1,0
245,Aurora,2024-10-13T01:31:49,Heaven's Claws (red),1,0
245,Aurora,2024-10-13T01:31:49,Hit the High Notes (red),3,0
245,Aurora,2024-10-13T01:31:49,Lightning Surge (red),1,0
245,Aurora,2024-10-13T01:31:49,Malefic Incantation (red),1,0
245,Aurora,2024-10-13T01:31:49,Meat and Greet (red),1,0
245,Aurora,2024-10-13T01:31:49,Oath of the Arknight (red),2,0
245,Aurora,2024-10-13T01:31:49,Arcane Polarity (yellow),1,0
245,Aurora,2024-10-13T01:31:49,Deadwood Dirge (yellow),1,0
245,Aurora,2024-10-13T01:31:49,Electromagnetic Somersault (yellow),1,0
245,Aurora,2024-10-13T01:31:49,Hit the High Notes (yellow),1,0
245,Aurora,2024-10-13T01:31:49,Meat and Greet (yellow),1,0
245,Aurora,2024-10-13T01:31:49,Oath of the Arknight (yellow),1,0
245,Aurora,2024-10-13T01:31:49,Succumb to Temptation (yellow),1,0
245,Aurora,2024-10-13T01:31:49,Vantage Point (yellow),1,0
245,Aurora,2024-10-13T01:31:49,Arcanic Spike (blue),1,0
245,Aurora,2024-10-13T01:31:49,Blast to Oblivion (blue),1,0
245,Aurora,2024-10-13T01:31:49,Brush Off (blue),1,0
245,Aurora,2024-10-13T01:31:49,Consuming Volition (blue),1,0
245,Aurora,2024-10-13T01:31:49,Heaven's Claws (blue),1,0
245,Aurora,2024-10-13T01:31:49,Hocus Pocus (blue),1,0
245,Aurora,2024-10-13T01:31:49,Meat and Greet (blue),1,0
245,Aurora,2024-10-13T01:31:49,Oath of the Arknight (blue),1,0
245,Aurora,2024-10-13T01:31:49,Runerager Swarm (blue),1,0
245,Aurora,2024-10-13T01:31:49,Sigil of Deadwood (blue),1,0
245,Aurora,2024-10-13T01:31:49,Vantage Point (blue),2,0
245,Aurora,2024-10-13T01:31:49,Bloodtorn Bodice,1,1
245,Aurora,2024-10-13T01:31:49,Runehold Release,1,1
245,Aurora,2024-10-13T01:31:49,Twinkle Toes,1,1
246,Oscilio,2024-10-13T09:17:40,Arcane Twining (red),1,0
246,Oscilio,2024-10-13T09:17:40,Chorus of the Amphitheater (red),1,0
246,Oscilio,2024-10-13T09:17:40,Etchings of Arcana (red),1,0
246,Oscilio,2024-10-13T09:17:40,Exploding Aether (red),1,0
246,Oscilio,2024-10-13T09:17:40,Flash (red),1,0
246,Oscilio,2024-10-13T09:17:40,Fry (red),1,0
246,Oscilio,2024-10-13T09:17:40,Open the Flood Gates (red),2,0
246,Oscilio,2024-10-13T09:17:40,Photon Splicing (red),1,0
246,Oscilio,2024-10-13T09:17:40,Second Strike (red),1,0
246,Oscilio,2024-10-13T09:17:40,Trailblazing Aether (red),2,0
246,Oscilio,2024-10-13T09:17:40,Trip the Light Fantastic (red),1,0
246,Oscilio,2024-10-13T09:17:40,Aether Quickening (yellow),3,0
246,Oscilio,2024-10-13T09:17:40,Arcane Twining (yellow),1,0
246,Oscilio,2024-10-13T09:17:40,Brush Off (yellow),1,0
246,Oscilio,2024-10-13T09:17:40,Electrostatic Discharge (yellow),1,0
246,Oscilio,2024-10-13T09:17:40,Flash (yellow),1,0
246,Oscilio,2024-10-13T09:17:40,Open the Flood Gates (yellow),2,0
246,Oscilio,2024-10-13T09:17:40,Overflow the Aetherwell (yellow),1,0
246,Oscilio,2024-10-13T09:17:40,Photon Splicing (yellow),1,0
246,Oscilio,2024-10-13T09:17:40,Save the Thought (yellow),1,0
246,Oscilio,2024-10-13T09:17:40,Trailblazing Aether (yellow),2,0
246,Oscilio,2024-10-13T09:17:40,Arcane Twining (blue),1,0
246,Oscilio,2024-10-13T09:17:40,Current Funnel (blue),1,0
246,Oscilio,2024-10-13T09:17:40,Electrostatic Discharge (blue),1,0
246,Oscilio,2024-10-13T09:17:40,Etchings of Arcana (blue),1,0
246,Oscilio,2024-10-13T09:17:40,Flash (blue),1,0
246,Oscilio,2024-10-13T09:17:40,Mental Block (blue),1,0
246,Oscilio,2024-10-13T09:17:40,Photon Splicing (blue),2,0
246,Oscilio,2024-10-13T09:17:40,Second Strike (blue),1,0
246,Oscilio,2024-10-13T09:17:40,Sigil of Conductivity (blue),1,0
246,Oscilio,2024-10-13T09:17:40,Sigil of Forethought (blue),2,0
246,Oscilio,2024-10-13T09:17:40,Trailblazing Aether (blue),1,0
246,Oscilio,2024-10-13T09:17:40,Flash of Brilliance,1,1
246,Oscilio,2024-10-13T09:17:40,Hold Focus,1,1
247,Verdance,2024-10-13T16:22:06,Aether Quickening (red),2,0
247,Verdance,2024-10-13T16:22:06,Arcane Polarity (red),1,0
247,Verdance,2024-10-13T16:22:06,Arcane Twining (red),1,0
247,Verdance,2024-10-13T16:22:06,Brush Off (red),2,0
247,Verdance,2024-10-13T16:22:06,Etchings of Arcana (red),3,0
247,Verdance,2024-10-13T16:22:06,Exploding Aether (red),2,0
247,Verdance,2024-10-13T16:22:06,Fertile Ground (red),1,0
247,Verdance,2024-10-13T16:22:06,Harvest Season (red),1,0
247,Verdance,2024-10-13T16:22:06,Open the Flood Gates (red),1,0
247,Verdance,2024-10-13T16:22:06,Photon Splicing (red),1,0
247,Verdance,2024-10-13T16:22:06,Pop the Bubble (red),2,0
247,Verdance,2024-10-13T16:22:06,Pulsing Aether // Life (red),1,0
247,Verdance,2024-10-13T16:22:06,Save the Thought (red),1,0
247,Verdance,2024-10-13T16:22:06,Trailblazing Aether (red),1,0
247,Verdance,2024-10-13T16:22:06,Arcane Twining (yellow),1,0
247,Verdance,2024-10-13T16:22:06,Glyph Overlay (yellow),1,0
247,Verdance,2024-10-13T16:22:06,Open the Flood Gates (yellow),2,0
247,Verdance,2024-10-13T16:22:06,Overflow the Aetherwell (yellow),1,0
247,Verdance,2024-10-13T16:22:06,Photon Splicing (yellow),1,0
247,Verdance,2024-10-13T16:22:06,Aether Quickening (blue),1,0
247,Verdance,2024-10-13T16:22:06,Arcane Twining (blue),1,0
247,Verdance,2024-10-13T16:22:06,Earth's Embrace (blue),1,0
247,Verdance,2024-10-13T16:22:06,Fruits of the Forest (blue),1,0
247,Verdance,2024-10-13T16:22:06,Open the Flood Gates (blue),1,0
247,Verdance,2024-10-13T16:22:06,Overflow the Aetherwell (blue),1,0
247,Verdance,2024-10-13T16:22:06,Photon Splicing (blue),1,0
247,Verdance,2024-10-13T16:22:06,Sigil of Earth (blue),1,0
247,Verdance,2024-10-13T16:22:06,Sigil of Forethought (blue),2,0
247,Verdance,2024-10-13T16:22:06,Sigil of Temporal Manipulation (blue),1,0
247,Verdance,2024-10-13T16:22:06,Strength of Four Seasons (blue),1,0
247,Verdance,2024-10-13T16:22:06,Ink-lined Cloak,1,1
248,Florian,2024-10-15T01:00:26,Arcane Seeds // Life (red),1,0
248,Florian,2024-10-15T01:00:26,Arcanic Spike (red),1,0
248,Florian,2024-10-15T01:00:26,Autumn's Touch (red),2,0
248,Florian,2024-10-15T01:00:26,Harvest Season (red),2,0
248,Florian,2024-10-15T01:00:26,Malefic Incantation (red),1,0
248,Florian,2024-10-15T01:00:26,Oath of the Arknight (red),1,0
248,Florian,2024-10-15T01:00:26,Strong Yield (red),1,0
248,Florian,2024-10-15T01:00:26,Arcane Polarity (yellow),1,0
248,Florian,2024-10-15T01:00:26,Brush Off (yellow),1,0
248,Florian,2024-10-15T01:00:26,Cadaverous Tilling (yellow),1,0
248,Florian,2024-10-15T01:00:26,Fertile Ground (yellow),1,0
248,Florian,2024-10-15T01:00:26,Malefic Incantation (yellow),1,0
248,Florian,2024-10-15T01:00:26,Meat and Greet (yellow),1,0
248,Florian,2024-10-15T01:00:26,Runerager Swarm (yellow),1,0
248,Florian,2024-10-15T01:00:26,Splintering Deadwood (yellow),1,0
248,Florian,2024-10-15T01:00:26,Arcanic Spike (blue),3,0
248,Florian,2024-10-15T01:00:26,Cadaverous Tilling (blue),1,0
248,Florian,2024-10-15T01:00:26,Consuming Volition (blue),1,0
248,Florian,2024-10-15T01:00:26,Deadwood Dirge (blue),1,0
248,Florian,2024-10-15T01:00:26,Fertile Ground (blue),1,0
248,Florian,2024-10-15T01:00:26,Fruits of the Forest (blue),1,0
248,Florian,2024-10-15T01:00:26,Harvest Season (blue),1,0
248,Florian,2024-10-15T01:00:26,Malefic Incantation (blue),1,0
248,Florian,2024-10-15T01:00:26,Runerager Swarm (blue),1,0
248,Florian,2024-10-15T01:00:26,Sigil of Cycles (blue),1,0
248,Florian,2024-10-15T01:00:26,Strong Yield (blue),1,0
248,Florian,2024-10-15T01:00:26,Summer's Fall (blue),1,0
248,Florian,2024-10-15T01:00:26,Vantage Point (blue),1,0
248,Florian,2024-10-15T01:00:26,Bruised Leather,1,1
248,Florian,2024-10-15T01:00:26,Well Grounded,1,1
249,Verdance,2024-10-15T14:21:13,Aether Quickening (red),1,0
249,Verdance,2024-10-15T14:21:13,Etchings of Arcana (red),1,0
249,Verdance,2024-10-15T14:21:13,Exploding Aether (red),1,0
249,Verdance,2024-10-15T14:21:13,Fyendal's Fighting Spirit (red),1,0
249,Verdance,2024-10-15T14:21:13,Glyph Overlay (red),1,0
249,Verdance,2024-10-15T14:21:13,Overflow the Aetherwell (red),1,0
249,Verdance,2024-10-15T14:21:13,Perennial Aetherbloom (red),1,0
249,Verdance,2024-10-15T14:21:13,Pulsing Aether // Life (red),2,0
249,Verdance,2024-10-15T14:21:13,Save the Thought (red),1,0
249,Verdance,2024-10-15T14:21:13,Strength of Four Seasons (red),1,0
249,Verdance,2024-10-15T14:21:13,Aether Quickening (yellow),1,0
249,Verdance,2024-10-15T14:21:13,Cadaverous Tilling (yellow),1,0
249,Verdance,2024-10-15T14:21:13,Fertile Ground (yellow),1,0
249,Verdance,2024-10-15T14:21:13,Glyph Overlay (yellow),1,0
249,Verdance,2024-10-15T14:21:13,Harvest Season (yellow),1,0
249,Verdance,2024-10-15T14:21:13,Perennial Aetherbloom (yellow),2,0
249,Verdance,2024-10-15T14:21:13,Photon Splicing (yellow),1,0
249,Verdance,2024-10-15T14:21:13,Trailblazing Aether (yellow),1,0
249,Verdance,2024-10-15T14:21:13,Arcane Twining (blue),1,0
249,Verdance,2024-10-15T14:21:13,Blossoming Decay (blue),1,0
249,Verdance,2024-10-15T14:21:13,Cadaverous Tilling (blue),1,0
249,Verdance,2024-10-15T14:21:13,Harvest Season (blue),1,0
249,Verdance,2024-10-15T14:21:13,Heartbeat of Candlehold (blue),1,0
249,Verdance,2024-10-15T14:21:13,Overflow the Aetherwell (blue),2,0
249,Verdance,2024-10-15T14:21:13,Save the Thought (blue),1,0
249,Verdance,2024-10-15T14:21:13,Sigil of Aether (blue),1,0
249,Verdance,2024-10-15T14:21:13,Sigil of Cycles (blue),1,0
249,Verdance,2024-10-15T14:21:13,Sigil of Earth (blue),1,0
249,Verdance,2024-10-15T14:21:13,Sigil of Fyendal (blue),1,0
249,Verdance,2024-10-15T14:21:13,Trailblazing Aether (blue),3,0
249,Verdance,2024-10-15T14:21:13,Bruised Leather,1,1
249,Verdance,2024-10-15T14:21:13,Hold Focus,1,1
249,Verdance,2024-10-15T14:21:13,Hood of Second Thoughts,1,1
250,Oscilio,2024-10-15T21:54:06,Arcane Twining (red),1,0
250,Oscilio,2024-10-15T21:54:06,Blast to Oblivion (red),1,0
250,Oscilio,2024-10-15T21:54:06,Electrostatic Discharge (red),1,0
250,Oscilio,2024-10-15T21:54:06,Etchings of Arcana (red),2,0
250,Oscilio,2024-10-15T21:54:06,Exploding Aether (red),2,0
250,Oscilio,2024-10-15T21:54:06,Flittering Charge (red),1,0
250,Oscilio,2024-10-15T21:54:06,Glyph Overlay (red),1,0
250,Oscilio,2024-10-15T21:54:06,Hand Behind the Pen (red),1,0
250,Oscilio,2024-10-15T21:54:06,Lightning Surge (red),1,0
250,Oscilio,2024-10-15T21:54:06,Open the Flood Gates (red),1,0
250,Oscilio,2024-10-15T21:54:06,Overflow the Aetherwell (red),1,0
250,Oscilio,2024-10-15T21:54:06,Pop the Bubble (red),1,0
250,Oscilio,2024-10-15T21:54:06,Trailblazing Aether (red),2,0
250,Oscilio,2024-10-15T21:54:06,Etchings of Arcana (yellow),1,0
250,Oscilio,2024-10-15T21:54:06,Exploding Aether (yellow),2,0
250,Oscilio,2024-10-15T21:54:06,Flash (yellow),2,0
250,Oscilio,2024-10-15T21:54:06,Open the Flood Gates (yellow),2,0
250,Oscilio,2024-10-15T21:54:06,Arcane Twining (blue),2,0
250,Oscilio,2024-10-15T21:54:06,Electromagnetic Somersault (blue),1,0
250,Oscilio,2024-10-15T21:54:06,Electrostatic Discharge (blue),1,0
250,Oscilio,2024-10-15T21:54:06,High Voltage (blue),1,0
250,Oscilio,2024-10-15T21:54:06,Lightning Surge (blue),1,0
250,Oscilio,2024-10-15T21:54:06,Pop the Bubble (blue),1,0
250,Oscilio,2024-10-15T21:54:06,Second Strike (blue),1,0
250,Oscilio,2024-10-15T21:54:06,Sigil of Lightning (blue),2,0
250,Oscilio,2024-10-15T21:54:06,Sigil of Temporal Manipulation (blue),1,0
250,Oscilio,2024-10-15T21:54:06,Hold Focus,1,1
250,Oscilio,2024-10-15T21:54:06,Hood of Second Thoughts,1,1
250,Oscilio,2024-10-15T21:54:06,Ink-lined Cloak,1,1
250,Oscilio,2024-10-15T21:54:06,Twinkle Toes,1,1
251,Verdance,2024-10-15T22:41:28,Aether Quickening (red),1,0
251,Verdance,2024-10-15T22:41:28,Blossoming Decay (red),1,0
251,Verdance,2024-10-15T22:41:28,Channel the Millennium Tree (red),1,0
251,Verdance,2024-10-15T22:41:28,Etchings of Arcana (red),3,0
251,Verdance,2024-10-15T22:41:28,Exploding Aether (red),1,0
251,Verdance,2024-10-15T22:41:28,Fertile Ground (red),1,0
251,Verdance,2024-10-15T22:41:28,Photon Splicing (red),2,0
251,Verdance,2024-10-15T22:41:28,Pop the Bubble (red),1,0
251,Verdance,2024-10-15T22:41:28,Trailblazing Aether (red),1,0
251,Verdance,2024-10-15T22:41:28,Aether Quickening (yellow),1,0
251,Verdance,2024-10-15T22:41:28,Arcane Polarity (yellow),1,0
251,Verdance,2024-10-15T22:41:28,Autumn's Touch (yellow),1,0
251,Verdance,2024-10-15T22:41:28,Brush Off (yellow),1,0
251,Verdance,2024-10-15T22:41:28,Cadaverous Tilling (yellow),1,0
251,Verdance,2024-10-15T22:41:28,Etchings of Arcana (yellow),1,0
251,Verdance,2024-10-15T22:41:28,Exploding Aether (yellow),1,0
251,Verdance,2024-10-15T22:41:28,Fertile Ground (yellow),2,0
251,Verdance,2024-10-15T22:41:28,Fruits of the Forest (yellow),1,0
251,Verdance,2024-10-15T22:41:28,Photon Splicing (yellow),1,0
251,Verdance,2024-10-15T22:41:28,Autumn's Touch (blue),1,0
251,Verdance,2024-10-15T22:41:28,Brush Off (blue),1,0
251,Verdance,2024-10-15T22:41:28,Chorus of the Amphitheater (blue),1,0
251,Verdance,2024-10-15T22:41:28,Fertile Ground (blue),1,0
251,Verdance,2024-10-15T22:41:28,Fruits of the Forest (blue),1,0
251,Verdance,2024-10-15T22:41:28,Fyendal's Fighting Spirit (blue),1,0
251,Verdance,2024-10-15T22:41:28,Heartbeat of Candlehold (blue),1,0
251,Verdance,2024-10-15T22:41:28,Overflow the Aetherwell (blue),1,0
251,Verdance,2024-10-15T22:41:28,Perennial Aetherbloom (blue),1,0
251,Verdance,2024-10-15T22:41:28,Sigil of Earth (blue),3,0
251,Verdance,2024-10-15T22:41:28,Sigil of Forethought (blue),1,0
251,Verdance,2024-10-15T22:41:28,Trailblazing Aether (blue),1,0
251,Verdance,2024-10-15T22:41:28,Helm of Lignum Vitae,1,1
251,Verdance,2024-10-15T22:41:28,Hold Focus,1,1
251,Verdance,2024-10-15T22:41:28,Ink-lined Cloak,1,1
252,Florian,2024-10-15T23:09:02,Arcanic Spike (red),1,0
252,Florian,2024-10-15T23:09:02,Autumn's Touch (red),2,0
252,Florian,2024-10-15T23:09:02,Brush Off (red),1,0
252,Florian,2024-10-15T23:09:02,Cadaverous Tilling (red),2,0
252,Florian,2024-10-15T23:09:02,Consuming Volition (red),2,0
252,Florian,2024-10-15T23:09:02,Hit the High Notes (red),1,0
252,Florian,2024-10-15T23:09:02,Hocus Pocus (red),1,0
252,Florian,2024-10-15T23:09:02,Oath of the Arknight (red),1,0
252,Florian,2024-10-15T23:09:02,Rootbound Carapace (red),1,0
252,Florian,2024-10-15T23:09:02,Arcanic Spike (yellow),1,0
252,Florian,2024-10-15T23:09:02,Consuming Volition (yellow),2,0
252,Florian,2024-10-15T23:09:02,Harvest Season (yellow),1,0
252,Florian,2024-10-15T23:09:02,Meat and Greet (yellow),1,0
252,Florian,2024-10-15T23:09:02,Strength of Four Seasons (yellow),2,0
252,Florian,2024-10-15T23:09:02,Arcanic Spike (blue),2,0
252,Florian,2024-10-15T23:09:02,Cadaverous Tilling (blue),2,0
252,Florian,2024-10-15T23:09:02,Fertile Ground (blue),1,0
252,Florian,2024-10-15T23:09:02,Germinate (blue),1,0
252,Florian,2024-10-15T23:09:02,Harvest Season (blue),1,0
252,Florian,2024-10-15T23:09:02,Hit the High Notes (blue),2,0
252,Florian,2024-10-15T23:09:02,Machinations of Dominion (blue),1,0
252,Florian,2024-10-15T23:09:02,Oath of the Arknight (blue),3,0
252,Florian,2024-10-15T23:09:02,Sigil of Deadwood (blue),2,0
252,Florian,2024-10-15T23:09:02,Sigil of Earth (blue),1,0
252,Florian,2024-10-15T23:09:02,Strength of Four Seasons (blue),1,0
252,Florian,2024-10-15T23:09:02,Strong Yield (blue),2,0
252,Florian,2024-10-15T23:09:02,Helm of Lignum Vitae,1,1
252,Florian,2024-10-15T23:09:02,Runehold Release,1,1
253,Verdance,2024-10-16T06:06:13,Arcane Polarity (red),2,0
253,Verdance,2024-10-16T06:06:13,Arcane Twining (red),1,0
253,Verdance,2024-10-16T06:06:13,Autumn's Touch (red),1,0
253,Verdance,2024-10-16T06:06:13,Blossoming Decay (red),1,0
253,Verdance,2024-10-16T06:06:13,Overflow the Aetherwell (red),1,0
253,Verdance,2024-10-16T06:06:13,Strength of Four Seasons (red),1,0
253,Verdance,2024-10-16T06:06:13,Tongue Tied (red),1,0
253,Verdance,2024-10-16T06:06:13,Arcane Twining (yellow),1,0
253,Verdance,2024-10-16T06:06:13,Autumn's Touch (yellow),1,0
253,Verdance,2024-10-16T06:06:13,Brush Off (yellow),1,0
253,Verdance,2024-10-16T06:06:13,Cadaverous Tilling (yellow),1,0
253,Verdance,2024-10-16T06:06:13,Chorus of the Amphitheater (yellow),1,0
253,Verdance,2024-10-16T06:06:13,Exploding Aether (yellow),2,0
253,Verdance,2024-10-16T06:06:13,Fertile Ground (yellow),1,0
253,Verdance,2024-10-16T06:06:13,Overflow the Aetherwell (yellow),1,0
253,Verdance,2024-10-16T06:06:13,Summer's Fall (yellow),1,0
253,Verdance,2024-10-16T06:06:13,Aether Quickening (blue),1,0
253,Verdance,2024-10-16T06:06:13,Autumn's Touch (blue),1,0
253,Verdance,2024-10-16T06:06:13,Cadaverous Tilling (blue),1,0
253,Verdance,2024-10-16T06:06:13,Earth Form (blue),2,0
253,Verdance,2024-10-16T06:06:13,Etchings of Arcana (blue),2,0
253,Verdance,2024-10-16T06:06:13,Fertile Ground (blue),1,0
253,Verdance,2024-10-16T06:06:13,Fruits of the Forest (blue),1,0
253,Verdance,2024-10-16T06:06:13,Overflow the Aetherwell (blue),1,0
253,Verdance,2024-10-16T06:06:13,Sigil of Forethought (blue),1,0
253,Verdance,2024-10-16T06:06:13,Sigil of Fyendal (blue),2,0
253,Verdance,2024-10-16T06:06:13,Helm of Lignum Vitae,1,1
253,Verdance,2024-10-16T06:06:13,Runaways,1,1
253,Verdance,2024-10-16T06:06:13,Well Grounded,1,1
254,Florian,2024-10-16T11:16:54,Arcane Polarity (red),1,0
254,Florian,2024-10-16T11:16:54,Arcane Seeds // Life (red),1,0
254,Florian,2024-10-16T11:16:54,Arcanic Spike (red),1,0
254,Florian,2024-10-16T11:16:54,Cadaverous Tilling (red),2,0
254,Florian,2024-10-16T11:16:54,Consuming Volition (red),1,0
254,Florian,2024-10-16T11:16:54,Earth Form (red),1,0
254,Florian,2024-10-16T11:16:54,Fruits of the Forest (red),1,0
254,Florian,2024-10-16T11:16:54,Harvest Season (red),2,0
254,Florian,2024-10-16T11:16:54,Hocus Pocus (red),1,0
254,Florian,2024-10-16T11:16:54,Strength of Four Seasons (red),1,0
254,Florian,2024-10-16T11:16:54,Strong Yield (red),1,0
254,Florian,2024-10-16T11:16:54,Arcanic Spike (yellow),1,0
254,Florian,2024-10-16T11:16:54,Deadwood Dirge (yellow),1,0
254,Florian,2024-10-16T11:16:54,Fruits of the Forest (yellow),1,0
254,Florian,2024-10-16T11:16:54,Harvest Season (yellow),1,0
254,Florian,2024-10-16T11:16:54,Hocus Pocus (yellow),2,0
254,Florian,2024-10-16T11:16:54,Malefic Incantation (yellow),1,0
254,Florian,2024-10-16T11:16:54,Autumn's Touch (blue),1,0
254,Florian,2024-10-16T11:16:54,Cadaverous Tilling (blue),2,0
254,Florian,2024-10-16T11:16:54,Consuming Volition (blue),1,0
254,Florian,2024-10-16T11:16:54,Fruits of the Forest (blue),2,0
254,Florian,2024-10-16T11:16:54,Fyendal's Fighting Spirit (blue),1,0
254,Florian,2024-10-16T11:16:54,Hit the High Notes (blue),1,0
254,Florian,2024-10-16T11:16:54,Oath of the Arknight (blue),1,0
254,Florian,2024-10-16T11:16:54,Runerager Swarm (blue),1,0
254,Florian,2024-10-16T11:16:54,Sigil of Sanctuary (blue),1,0
254,Florian,2024-10-16T11:16:54,Strong Yield (blue),1,0
254,Florian,2024-10-16T11:16:54,Bruised Leather,1,1
254,Florian,2024-10-16T11:16:54,Helm of Lignum Vitae,1,1
254,Florian,2024-10-16T11:16:54,Well Grounded,1,1
255,Florian,2024-10-16T12:32:40,Arcane Polarity (red),1,0
255,Florian,2024-10-16T12:32:40,Autumn's Touch (red),1,0
255,Florian,2024-10-16T12:32:40,Condemn to Slaughter (red),1,0
255,Florian,2024-10-16T12:32:40,Deadwood Dirge (red),1,0
255,Florian,2024-10-16T12:32:40,Harvest Season (red),1,0
255,Florian,2024-10-16T12:32:40,Hocus Pocus (red),1,0
255,Florian,2024-10-16T12:32:40,Meat and Greet (red),2,0
255,Florian,2024-10-16T12:32:40,Rootbound Carapace (red),1,0
255,Florian,2024-10-16T12:32:40,Runerager Swarm (red),1,0
255,Florian,2024-10-16T12:32:40,Splintering Deadwood (red),2,0
255,Florian,2024-10-16T12:32:40,Arcane Polarity (yellow),1,0
255,Florian,2024-10-16T12:32:40,Cadaverous Tilling (yellow),1,0
255,Florian,2024-10-16T12:32:40,Consuming Volition (yellow),2,0
255,Florian,2024-10-16T12:32:40,Malefic Incantation (yellow),1,0
255,Florian,2024-10-16T12:32:40,Oath of the Arknight (yellow),1,0
255,Florian,2024-10-16T12:32:40,Runerager Swarm (yellow),2,0
255,Florian,2024-10-16T12:32:40,Strong Yield (yellow),1,0
255,Florian,2024-10-16T12:32:40,Arcanic Spike (blue),1,0
255,Florian,2024-10-16T12:32:40,Consuming Volition (blue),1,0
255,Florian,2024-10-16T12:32:40,Deadwood Dirge (blue),1,0
255,Florian,2024-10-16T12:32:40,Fertile Ground (blue),2,0
255,Florian,2024-10-16T12:32:40,Harvest Season (blue),1,0
255,Florian,2024-10-16T12:32:40,Hit the High Notes (blue),1,0
255,Florian,2024-10-16T12:32:40,Hocus Pocus (blue),2,0
255,Florian,2024-10-16T12:32:40,Sigil of Deadwood (blue),2,0
255,Florian,2024-10-16T12:32:40,Sigil of Fyendal (blue),1,0
255,Florian,2024-10-16T12:32:40,Sigil of the Arknight (blue),1,0
255,Florian,2024-10-16T12:32:40,Bloodtorn Bodice,1,1
255,Florian,2024-10-16T12:32:40,Helm of Lignum Vitae,1,1
255,Florian,2024-10-16T12:32:40,Runehold Release,1,1
255,Florian,2024-10-16T12:32:40,Well Grounded,1,1
256,Verdance,2024-10-16T13:29:04,Arcane Polarity (red),1,0
256,Verdance,2024-10-16T13:29:04,Brush Off (red),1,0
256,Verdance,2024-10-16T13:29:04,Exploding Aether (red),1,0
256,Verdance,2024-10-16T13:29:04,Fyendal's Fighting Spirit (red),1,0
256,Verdance,2024-10-16T13:29:04,Perennial Aetherbloom (red),1,0
256,Verdance,2024-10-16T13:29:04,Photon Splicing (red),1,0
256,Verdance,2024-10-16T13:29:04,Pop the Bubble (red),1,0
256,Verdance,2024-10-16T13:29:04,Pulsing Aether // Life (red),1,0
256,Verdance,2024-10-16T13:29:04,Strength of Four Seasons (red),1,0
256,Verdance,2024-10-16T13:29:04,Trailblazing Aether (red),1,0
256,Verdance,2024-10-16T13:29:04,Arcane Polarity (yellow),2,0
256,Verdance,2024-10-16T13:29:04,Arcane Twining (yellow),1,0
256,Verdance,2024-10-16T13:29:04,Blossoming Decay (yellow),1,0
256,Verdance,2024-10-16T13:29:04,Cadaverous Tilling (yellow),1,0
256,Verdance,2024-10-16T13:29:04,Earth Form (yellow),1,0
256,Verdance,2024-10-16T13:29:04,Etchings of Arcana (yellow),1,0
256,Verdance,2024-10-16T13:29:04,Fruits of the Forest (yellow),3,0
256,Verdance,2024-10-16T13:29:04,Overflow the Aetherwell (yellow),1,0
256,Verdance,2024-10-16T13:29:04,Perennial Aetherbloom (yellow),2,0
256,Verdance,2024-10-16T13:29:04,Cadaverous Tilling (blue),1,0
256,Verdance,2024-10-16T13:29:04,Exploding Aether (blue),1,0
256,Verdance,2024-10-16T13:29:04,Fertile Ground (blue),1,0
256,Verdance,2024-10-16T13:29:04,Fruits of the Forest (blue),1,0
256,Verdance,2024-10-16T13:29:04,Overflow the Aetherwell (blue),1,0
256,Verdance,2024-10-16T13:29:04,Perennial Aetherbloom (blue),2,0
256,Verdance,2024-10-16T13:29:04,Photon Splicing (blue),2,0
256,Verdance,2024-10-16T13:29:04,Pop the Bubble (blue),1,0
256,Verdance,2024-10-16T13:29:04,Sigil of Earth (blue),1,0
256,Verdance,2024-10-16T13:29:04,Summer's Fall (blue),1,0
256,Verdance,2024-10-16T13:29:04,Bruised Leather,1,1
256,Verdance,2024-10-16T13:29:04,Hold Focus,1,1
256,Verdance,2024-10-16T13:29:04,Well Grounded,1,1
257,Florian,2024-10-16T16:00:35,Blossoming Decay (red),1,0
257,Florian,2024-10-16T16:00:35,Consuming Volition (red),1,0
257,Florian,2024-10-16T16:00:35,Deadwood Dirge (red),2,0
257,Florian,2024-10-16T16:00:35,Hocus Pocus (red),1,0
257,Florian,2024-10-16T16:00:35,Runerager Swarm (red),1,0
257,Florian,2024-10-16T16:00:35,Strength of Four Seasons (red),1,0
257,Florian,2024-10-16T16:00:35,Blossoming Decay (yellow),2,0
257,Florian,2024-10-16T16:00:35,Cadaverous Tilling (yellow),1,0
257,Florian,2024-10-16T16:00:35,Deadwood Dirge (yellow),1,0
257,Florian,2024-10-16T16:00:35,Earth Form (yellow),1,0
257,Florian,2024-10-16T16:00:35,Fertile Ground (yellow),1,0
257,Florian,2024-10-16T16:00:35,Fruits of the Forest (yellow),2,0
257,Florian,2024-10-16T16:00:35,Harvest Season (yellow),4,0
257,Florian,2024-10-16T16:00:35,Meat and Greet (yellow),2,0
257,Florian,2024-10-16T16:00:35,Oath of the Arknight (yellow),1,0
257,Florian,2024-10-16T16:00:35,Runerager Swarm (yellow),1,0
257,Florian,2024-10-16T16:00:35,Summer's Fall (yellow),1,0
257,Florian,2024-10-16T16:00:35,Vantage Point (yellow),1,0
257,Florian,2024-10-16T16:00:35,Arcane Cussing (blue),1,0
257,Florian,2024-10-16T16:00:35,Arcanic Spike (blue),1,0
257,Florian,2024-10-16T16:00:35,Brush Off (blue),1,0
257,Florian,2024-10-16T16:00:35,Hocus Pocus (blue),2,0
257,Florian,2024-10-16T16:00:35,Meat and Greet (blue),1,0
257,Florian,2024-10-16T16:00:35,Oath of the Arknight (blue),2,0
257,Florian,2024-10-16T16:00:35,Sigil of Fyendal (blue),1,0
257,Florian,2024-10-16T16:00:35,Strength of Four Seasons (blue),1,0
257,Florian,2024-10-16T16:00:35,Bloodtorn Bodice,1,1
257,Florian,2024-10-16T16:00:35,Runehold Release,1,1
257,Florian,2024-10-16T16:00:35,Well Grounded,1,1
258,Verdance,2024-10-16T18:00:20,Arcane Twining (red),1,0
258,Verdance,2024-10-16T18:00:20,Brush Off (red),1,0
258,Verdance,2024-10-16T18:00:20,Cadaverous Tilling (red),1,0
258,Verdance,2024-10-16T18:00:20,Count Your Blessings (red),2,0
258,Verdance,2024-10-16T18:00:20,Etchings of Arcana (red),1,0
258,Verdance,2024-10-16T18:00:20,Harvest Season (red),1,0
258,Verdance,2024-10-16T18:00:20,Overflow the Aetherwell (red),1,0
258,Verdance,2024-10-16T18:00:20,Pulsing Aether // Life (red),2,0
258,Verdance,2024-10-16T18:00:20,Save the Thought (red),1,0
258,Verdance,2024-10-16T18:00:20,Trailblazing Aether (red),1,0
258,Verdance,2024-10-16T18:00:20,Arcane Twining (yellow),1,0
258,Verdance,2024-10-16T18:00:20,Autumn's Touch (yellow),1,0
258,Verdance,2024-10-16T18:00:20,Count Your Blessings (yellow),1,0
258,Verdance,2024-10-16T18:00:20,Etchings of Arcana (yellow),2,0
258,Verdance,2024-10-16T18:00:20,Fyendal's Fighting Spirit (yellow),1,0
258,Verdance,2024-10-16T18:00:20,Overflow the Aetherwell (yellow),1,0
258,Verdance,2024-10-16T18:00:20,Perennial Aetherbloom (yellow),2,0
258,Verdance,2024-10-16T18:00:20,Rampant Growth // Life (yellow),1,0
258,Verdance,2024-10-16T18:00:20,Save the Thought (yellow),1,0
258,Verdance,2024-10-16T18:00:20,Aether Quickening (blue),1,0
258,Verdance,2024-10-16T18:00:20,Arcane Polarity (blue),1,0
258,Verdance,2024-10-16T18:00:20,Cadaverous Tilling (blue),1,0
258,Verdance,2024-10-16T18:00:20,Count Your Blessings (blue),1,0
258,Verdance,2024-10-16T18:00:20,Earth's Embrace (blue),1,0
258,Verdance,2024-10-16T18:00:20,Etchings of Arcana (blue),1,0
258,Verdance,2024-10-16T18:00:20,Exploding Aether (blue),1,0
258,Verdance,2024-10-16T18:00:20,Fertile Ground (blue),1,0
258,Verdance,2024-10-16T18:00:20,Fruits of the Forest (blue),1,0
258,Verdance,2024-10-16T18:00:20,Sigil of Earth (blue),1,0
258,Verdance,2024-10-16T18:00:20,Sigil of Forethought (blue),2,0
258,Verdance,2024-10-16T18:00:20,Sigil of Sanctuary (blue),1,0
258,Verdance,2024-10-16T18:00:20,Strength of Four Seasons (blue),1,0
258,Verdance,2024-10-16T18:00:20,Trailblazing Aether (blue),2,0
258,Verdance,2024-10-16T18:00:20,Runaways,1,1
259,Florian,2024-10-16T19:36:12,Arcane Cussing (red),1,0
259,Florian,2024-10-16T19:36:12,Arcane Polarity (red),1,0
259,Florian,2024-10-16T19:36:12,Arcane Seeds // Life (red),2,0
259,Florian,2024-10-16T19:36:12,Arcanic Spike (red),1,0
259,Florian,2024-10-16T19:36:12,Autumn's Touch (red),1,0
259,Florian,2024-10-16T19:36:12,Cadaverous Tilling (red),1,0
259,Florian,2024-10-16T19:36:12,Consuming Volition (red),1,0
259,Florian,2024-10-16T19:36:12,Deadwood Dirge (red),1,0
259,Florian,2024-10-16T19:36:12,Meat and Greet (red),1,0
259,Florian,2024-10-16T19:36:12,Splintering Deadwood (red),1,0
259,Florian,2024-10-16T19:36:12,Arcane Cussing (yellow),1,0
259,Florian,2024-10-16T19:36:12,Arcanic Spike (yellow),2,0
259,Florian,2024-10-16T19:36:12,Cadaverous Tilling (yellow),1,0
259,Florian,2024-10-16T19:36:12,Consuming Volition (yellow),1,0
259,Florian,2024-10-16T19:36:12,Deadwood Dirge (yellow),2,0
259,Florian,2024-10-16T19:36:12,Arcane Polarity (blue),2,0
259,Florian,2024-10-16T19:36:12,Autumn's Touch (blue),1,0
259,Florian,2024-10-16T19:36:12,Cadaverous Tilling (blue),1,0
259,Florian,2024-10-16T19:36:12,Deadwood Dirge (blue),1,0
259,Florian,2024-10-16T19:36:12,Fruits of the Forest (blue),1,0
259,Florian,2024-10-16T19:36:12,Meat and Greet (blue),1,0
259,Florian,2024-10-16T19:36:12,Oath of the Arknight (blue),1,0
259,Florian,2024-10-16T19:36:12,Rootbound Carapace (blue),1,0
259,Florian,2024-10-16T19:36:12,Sigil of Deadwood (blue),3,0
259,Florian,2024-10-16T19:36:12,Sigil of Fyendal (blue),1,0
259,Florian,2024-10-16T19:36:12,Summer's Fall (blue),1,0
259,Florian,2024-10-16T19:36:12,Vantage Point (blue),1,0
259,Florian,2024-10-16T19:36:12,Bloodtorn Bodice,1,1
259,Florian,2024-10-16T19:36:12,Hood of Second Thoughts,1,1
260,Florian,2024-10-16T21:12:50,Arcane Cussing (red),1,0
260,Florian,2024-10-16T21:12:50,Arcane Polarity (red),1,0
260,Florian,2024-10-16T21:12:50,Brush Off (red),1,0
260,Florian,2024-10-16T21:12:50,Consuming Volition (red),1,0
260,Florian,2024-10-16T21:12:50,Deadwood Dirge (red),1,0
260,Florian,2024-10-16T21:12:50,Earth Form (red),1,0
260,Florian,2024-10-16T21:12:50,Hit the High Notes (red),3,0
260,Florian,2024-10-16T21:12:50,Hocus Pocus (red),1,0
260,Florian,2024-10-16T21:12:50,Oath of the Arknight (red),2,0
260,Florian,2024-10-16T21:12:50,Runerager Swarm (red),1,0
260,Florian,2024-10-16T21:12:50,Splintering Deadwood (red),1,0
260,Florian,2024-10-16T21:12:50,Condemn to Slaughter (yellow),2,0
260,Florian,2024-10-16T21:12:50,Consuming Volition (yellow),1,0
260,Florian,2024-10-16T21:12:50,Fyendal's Fighting Spirit (yellow),1,0
260,Florian,2024-10-16T21:12:50,Oath of the Arknight (yellow),1,0
260,Florian,2024-10-16T21:12:50,Runerager Swarm (yellow),1,0
260,Florian,2024-10-16T21:12:50,Splintering Deadwood (yellow),1,0
260,Florian,2024-10-16T21:12:50,Vantage Point (yellow),1,0
260,Florian,2024-10-16T21:12:50,Arcane Cussing (blue),1,0
260,Florian,2024-10-16T21:12:50,Arcane Polarity (blue),1,0
260,Florian,2024-10-16T21:12:50,Hit the High Notes (blue),1,0
260,Florian,2024-10-16T21:12:50,Hocus Pocus (blue),1,0
260,Florian,2024-10-16T21:12:50,Malefic Incantation (blue),1,0
260,Florian,2024-10-16T21:12:50,Oath of the Arknight (blue),2,0
260,Florian,2024-10-16T21:12:50,Sigil of Deadwood (blue),3,0
260,Florian,2024-10-16T21:12:50,Sigil of Fyendal (blue),1,0
260,Florian,2024-10-16T21:12:50,Sigil of the Arknight (blue),1,0
260,Florian,2024-10-16T21:12:50,Bruised Leather,1,1
260,Florian,2024-10-16T21:12:50,Hood of Second Thoughts,1,1
260,Florian,2024-10-16T21:12:50,Runaways,1,1
260,Florian,2024-10-16T21:12:50,Runehold Release,1,1
261,Florian,2024-10-16T23:21:09,Autumn's Touch (red),1,0
261,Florian,2024-10-16T23:21:09,Blossoming Decay (red),2,0
261,Florian,2024-10-16T23:21:09,Cadaverous Tilling (red),2,0
261,Florian,2024-10-16T23:21:09,Deadwood Dirge (red),1,0
261,Florian,2024-10-16T23:21:09,Fertile Ground (red),1,0
261,Florian,2024-10-16T23:21:09,Fyendal's Fighting Spirit (red),1,0
261,Florian,2024-10-16T23:21:09,Hit the High Notes (red),1,0
261,Florian,2024-10-16T23:21:09,Hocus Pocus (red),1,0
261,Florian,2024-10-16T23:21:09,Oath of the Arknight (red),1,0
261,Florian,2024-10-16T23:21:09,Strength of Four Seasons (red),1,0
261,Florian,2024-10-16T23:21:09,Arcane Cussing (yellow),1,0
261,Florian,2024-10-16T23:21:09,Blossoming Decay (yellow),1,0
261,Florian,2024-10-16T23:21:09,Condemn to Slaughter (yellow),1,0
261,Florian,2024-10-16T23:21:09,Deadwood Dirge (yellow),1,0
261,Florian,2024-10-16T23:21:09,Fruits of the Forest (yellow),1,0
261,Florian,2024-10-16T23:21:09,Malefic Incantation (yellow),1,0
261,Florian,2024-10-16T23:21:09,Meat and Greet (yellow),1,0
261,Florian,2024-10-16T23:21:09,Oath of the Arknight (yellow),1,0
261,Florian,2024-10-16T23:21:09,Autumn's Touch (blue),1,0
261,Florian,2024-10-16T23:21:09,Blossoming Decay (blue),1,0
261,Florian,2024-10-16T23:21:09,Cadaverous Tilling (blue),1,0
261,Florian,2024-10-16T23:21:09,Fruits of the Forest (blue),1,0
261,Florian,2024-10-16T23:21:09,Fyendal's Fighting Spirit (blue),1,0
261,Florian,2024-10-16T23:21:09,Harvest Season (blue),2,0
261,Florian,2024-10-16T23:21:09,Malefic Incantation (blue),1,0
261,Florian,2024-10-16T23:21:09,Oath of the Arknight (blue),1,0
261,Florian,2024-10-16T23:21:09,Sigil of Earth (blue),1,0
261,Florian,2024-10-16T23:21:09,Strength of Four Seasons (blue),1,0
261,Florian,2024-10-16T23:21:09,Strong Yield (blue),1,0
261,Florian,2024-10-16T23:21:09,Helm of Lignum Vitae,1,1
261,Florian,2024-10-16T23:21:09,Runaways,1,1
262,Verdance,2024-10-16T23:56:49,Aether Quickening (red),1,0
262,Verdance,2024-10-16T23:56:49,Arcane Twining (red),2,0
262,Verdance,2024-10-16T23:56:49,Autumn's Touch (red),1,0
262,Verdance,2024-10-16T23:56:49,Brush Off (red),1,0
262,Verdance,2024-10-16T23:56:49,Count Your Blessings (red),1,0
262,Verdance,2024-10-16T23:56:49,Earth Form (red),1,0
262,Verdance,2024-10-16T23:56:49,Fertile Ground (red),1,0
262,Verdance,2024-10-16T23:56:49,Open the Flood Gates (red),1,0
262,Verdance,2024-10-16T23:56:49,Overflow the Aetherwell (red),1,0
262,Verdance,2024-10-16T23:56:49,Perennial Aetherbloom (red),1,0
262,Verdance,2024-10-16T23:56:49,Photon Splicing (red),1,0
262,Verdance,2024-10-16T23:56:49,Pop the Bubble (red),1,0
262,Verdance,2024-10-16T23:56:49,Rootbound Carapace (red),1,0
262,Verdance,2024-10-16T23:56:49,Trailblazing Aether (red),1,0
262,Verdance,2024-10-16T23:56:49,Arcane Polarity (yellow),1,0
262,Verdance,2024-10-16T23:56:49,Count Your Blessings (yellow),2,0
262,Verdance,2024-10-16T23:56:49,Etchings of Arcana (yellow),1,0
262,Verdance,2024-10-16T23:56:49,Fruits of the Forest (yellow),1,0
262,Verdance,2024-10-16T23:56:49,Harvest Season (yellow),1,0
262,Verdance,2024-10-16T23:56:49,Overflow the Aetherwell (yellow),1,0
262,Verdance,2024-10-16T23:56:49,Photon Splicing (yellow),1,0
262,Verdance,2024-10-16T23:56:49,Rampant Growth // Life (yellow),1,0
262,Verdance,2024-10-16T23:56:49,Strength of Four Seasons (yellow),1,0
262,Verdance,2024-10-16T23:56:49,Strong Yield (yellow),1,0
262,Verdance,2024-10-16T23:56:49,Summer's Fall (yellow),1,0
262,Verdance,2024-10-16T23:56:49,Autumn's Touch (blue),1,0
262,Verdance,2024-10-16T23:56:49,Count Your Blessings (blue),2,0
262,Verdance,2024-10-16T23:56:49,Fertile Ground (blue),1,0
262,Verdance,2024-10-16T23:56:49,Fruits of the Forest (blue),1,0
262,Verdance,2024-10-16T23:56:49,Harvest Season (blue),1,0
262,Verdance,2024-10-16T23:56:49,Heartbeat of Candlehold (blue),1,0
262,Verdance,2024-10-16T23:56:49,Overflow the Aetherwell (blue),1,0
262,Verdance,2024-10-16T23:56:49,Save the Thought (blue),1,0
262,Verdance,2024-10-16T23:56:49,Helm of Lignum Vitae,1,1
262,Verdance,2024-10-16T23:56:49,Well Grounded,1,1
263,Oscilio,2024-10-17T00:44:31,Aether Quickening (red),1,0
263,Oscilio,2024-10-17T00:44:31,Arcane Twining (red),1,0
263,Oscilio,2024-10-17T00:44:31,Chorus of the Amphitheater (red),1,0
263,Oscilio,2024-10-17T00:44:31,Electromagnetic Somersault (red),1,0
263,Oscilio,2024-10-17T00:44:31,Etchings of Arcana (red),1,0
263,Oscilio,2024-10-17T00:44:31,Exploding Aether (red),1,0
263,Oscilio,2024-10-17T00:44:31,Flittering Charge (red),2,0
263,Oscilio,2024-10-17T00:44:31,Glyph Overlay (red),1,0
263,Oscilio,2024-10-17T00:44:31,Lightning Surge (red),1,0
263,Oscilio,2024-10-17T00:44:31,Open the Flood Gates (red),2,0
263,Oscilio,2024-10-17T00:44:31,Overflow the Aetherwell (red),1,0
263,Oscilio,2024-10-17T00:44:31,Trailblazing Aether (red),2,0
263,Oscilio,2024-10-17T00:44:31,Aether Quickening (yellow),2,0
263,Oscilio,2024-10-17T00:44:31,Arcane Twining (yellow),1,0
263,Oscilio,2024-10-17T00:44:31,Chorus of the Amphitheater (yellow),2,0
263,Oscilio,2024-10-17T00:44:31,Etchings of Arcana (yellow),1,0
263,Oscilio,2024-10-17T00:44:31,Exploding Aether (yellow),1,0
263,Oscilio,2024-10-17T00:44:31,Flittering Charge (yellow),1,0
263,Oscilio,2024-10-17T00:44:31,Fry (yellow),2,0
263,Oscilio,2024-10-17T00:44:31,Glyph Overlay (yellow),1,0
263,Oscilio,2024-10-17T00:44:31,Save the Thought (yellow),1,0
263,Oscilio,2024-10-17T00:44:31,Sigil of Brilliance (yellow),1,0
263,Oscilio,2024-10-17T00:44:31,Trip the Light Fantastic (yellow),1,0
263,Oscilio,2024-10-17T00:44:31,Chorus of the Amphitheater (blue),2,0
263,Oscilio,2024-10-17T00:44:31,Etchings of Arcana (blue),1,0
263,Oscilio,2024-10-17T00:44:31,Lightning Surge (blue),1,0
263,Oscilio,2024-10-17T00:44:31,Save the Thought (blue),1,0
263,Oscilio,2024-10-17T00:44:31,Second Strike (blue),1,0
263,Oscilio,2024-10-17T00:44:31,Sigil of Conductivity (blue),2,0
263,Oscilio,2024-10-17T00:44:31,Sigil of Forethought (blue),2,0
263,Oscilio,2024-10-17T00:44:31,Flash of Brilliance,1,1
263,Oscilio,2024-10-17T00:44:31,Ink-lined Cloak,1,1
263,Oscilio,2024-10-17T00:44:31,Runaways,1,1
264,Verdance,2024-10-17T01:16:02,Cadaverous Tilling (red),1,0
264,Verdance,2024-10-17T01:16:02,Chorus of the Amphitheater (red),1,0
264,Verdance,2024-10-17T01:16:02,Fruits of the Forest (red),1,0
264,Verdance,2024-10-17T01:16:02,Harvest Season (red),1,0
264,Verdance,2024-10-17T01:16:02,Open the Flood Gates (red),1,0
264,Verdance,2024-10-17T01:16:02,Overflow the Aetherwell (red),1,0
264,Verdance,2024-10-17T01:16:02,Strength of Four Seasons (red),1,0
264,Verdance,2024-10-17T01:16:02,Summer's Fall (red),1,0
264,Verdance,2024-10-17T01:16:02,Aether Quickening (yellow),1,0
264,Verdance,2024-10-17T01:16:02,Arcane Polarity (yellow),1,0
264,Verdance,2024-10-17T01:16:02,Autumn's Touch (yellow),1,0
264,Verdance,2024-10-17T01:16:02,Blossoming Decay (yellow),1,0
264,Verdance,2024-10-17T01:16:02,Etchings of Arcana (yellow),1,0
264,Verdance,2024-10-17T01:16:02,Exploding Aether (yellow),1,0
264,Verdance,2024-10-17T01:16:02,Fertile Ground (yellow),1,0
264,Verdance,2024-10-17T01:16:02,Fruits of the Forest (yellow),1,0
264,Verdance,2024-10-17T01:16:02,Perennial Aetherbloom (yellow),1,0
264,Verdance,2024-10-17T01:16:02,Photon Splicing (yellow),1,0
264,Verdance,2024-10-17T01:16:02,Strength of Four Seasons (yellow),1,0
264,Verdance,2024-10-17T01:16:02,Arcane Twining (blue),1,0
264,Verdance,2024-10-17T01:16:02,Autumn's Touch (blue),1,0
264,Verdance,2024-10-17T01:16:02,Etchings of Arcana (blue),1,0
264,Verdance,2024-10-17T01:16:02,Fertile Ground (blue),2,0
264,Verdance,2024-10-17T01:16:02,Fruits of the Forest (blue),1,0
264,Verdance,2024-10-17T01:16:02,Harvest Season (blue),1,0
264,Verdance,2024-10-17T01:16:02,Perennial Aetherbloom (blue),1,0
264,Verdance,2024-10-17T01:16:02,Photon Splicing (blue),1,0
264,Verdance,2024-10-17T01:16:02,Pop the Bubble (blue),1,0
264,Verdance,2024-10-17T01:16:02,Sigil of Cycles (blue),2,0
264,Verdance,2024-10-17T01:16:02,Sigil of Earth (blue),2,0
264,Verdance,2024-10-17T01:16:02,Sigil of Fyendal (blue),1,0
264,Verdance,2024-10-17T01:16:02,Strength of Four Seasons (blue),1,0
264,Verdance,2024-10-17T01:16:02,Bruised Leather,1,1
264,Verdance,2024-10-17T01:16:02,Helm of Lignum Vitae,1,1
264,Verdance,2024-10-17T01:16:02,Well Grounded,1,1
265,Aurora,2024-10-17T01:57:50,Arcane Polarity (red),1,0
265,Aurora,2024-10-17T01:57:50,Consuming Volition (red),1,0
265,Aurora,2024-10-17T01:57:50,Electromagnetic Somersault (red),1,0
265,Aurora,2024-10-17T01:57:50,Electrostatic Discharge (red),2,0
265,Aurora,2024-10-17T01:57:50,Flittering Charge (red),1,0
265,Aurora,2024-10-17T01:57:50,Fry (red),2,0
265,Aurora,2024-10-17T01:57:50,Heaven's Claws (red),1,0
265,Aurora,2024-10-17T01:57:50,Hit the High Notes (red),1,0
265,Aurora,2024-10-17T01:57:50,Hocus Pocus (red),2,0
265,Aurora,2024-10-17T01:57:50,Lightning Form (red),1,0
265,Aurora,2024-10-17T01:57:50,Lightning Surge (red),2,0
265,Aurora,2024-10-17T01:57:50,Meat and Greet (red),1,0
265,Aurora,2024-10-17T01:57:50,Runerager Swarm (red),1,0
265,Aurora,2024-10-17T01:57:50,Second Strike (red),1,0
265,Aurora,2024-10-17T01:57:50,Channel Lightning Valley (yellow),1,0
265,Aurora,2024-10-17T01:57:50,Fry (yellow),2,0
265,Aurora,2024-10-17T01:57:50,Trip the Light Fantastic (yellow),1,0
265,Aurora,2024-10-17T01:57:50,Arcane Cussing (blue),1,0
265,Aurora,2024-10-17T01:57:50,Arcanic Spike (blue),1,0
265,Aurora,2024-10-17T01:57:50,Fry (blue),1,0
265,Aurora,2024-10-17T01:57:50,Heaven's Claws (blue),2,0
265,Aurora,2024-10-17T01:57:50,Hocus Pocus (blue),1,0
265,Aurora,2024-10-17T01:57:50,Lightning Surge (blue),2,0
265,Aurora,2024-10-17T01:57:50,Meat and Greet (blue),1,0
265,Aurora,2024-10-17T01:57:50,Runerager Swarm (blue),1,0
265,Aurora,2024-10-17T01:57:50,Second Strike (blue),2,0
265,Aurora,2024-10-17T01:57:50,Sigil of Conductivity (blue),1,0
265,Aurora,2024-10-17T01:57:50,Sigil of Lightning (blue),1,0
265,Aurora,2024-10-17T01:57:50,Trip the Light Fantastic (blue),2,0
265,Aurora,2024-10-17T01:57:50,Vantage Point (blue),1,0
265,Aurora,2024-10-17T01:57:50,Bloodtorn Bodice,1,1
265,Aurora,2024-10-17T01:57:50,Flash of Brilliance,1,1
265,Aurora,2024-10-17T01:57:50,Twinkle Toes,1,1
266,Verdance,2024-10-17T08:15:02,Aether Quickening (red),1,0
266,Verdance,2024-10-17T08:15:02,Exploding Aether (red),1,0
266,Verdance,2024-10-17T08:15:02,Hand Behind the Pen (red),1,0
266,Verdance,2024-10-17T08:15:02,Harvest Season (red),1,0
266,Verdance,2024-10-17T08:15:02,Open the Flood Gates (red),1,0
266,Verdance,2024-10-17T08:15:02,Perennial Aetherbloom (red),1,0
266,Verdance,2024-10-17T08:15:02,Photon Splicing (red),1,0
266,Verdance,2024-10-17T08:15:02,Trailblazing Aether (red),2,0
266,Verdance,2024-10-17T08:15:02,Aether Quickening (yellow),1,0
266,Verdance,2024-10-17T08:15:02,Autumn's Touch (yellow),2,0
266,Verdance,2024-10-17T08:15:02,Chorus of the Amphitheater (yellow),1,0
266,Verdance,2024-10-17T08:15:02,Exploding Aether (yellow),2,0
266,Verdance,2024-10-17T08:15:02,Harvest Season (yellow),1,0
266,Verdance,2024-10-17T08:15:02,Perennial Aetherbloom (yellow),1,0
266,Verdance,2024-10-17T08:15:02,Photon Splicing (yellow),1,0
266,Verdance,2024-10-17T08:15:02,Pop the Bubble (yellow),1,0
266,Verdance,2024-10-17T08:15:02,Rootbound Carapace (yellow),1,0
266,Verdance,2024-10-17T08:15:02,Trailblazing Aether (yellow),1,0
266,Verdance,2024-10-17T08:15:02,Aether Quickening (blue),1,0
266,Verdance,2024-10-17T08:15:02,Blossoming Decay (blue),1,0
266,Verdance,2024-10-17T08:15:02,Cadaverous Tilling (blue),1,0
266,Verdance,2024-10-17T08:15:02,Etchings of Arcana (blue),1,0
266,Verdance,2024-10-17T08:15:02,Harvest Season (blue),1,0
266,Verdance,2024-10-17T08:15:02,Open the Flood Gates (blue),1,0
266,Verdance,2024-10-17T08:15:02,Overflow the Aetherwell (blue),1,0
266,Verdance,2024-10-17T08:15:02,Photon Splicing (blue),1,0
266,Verdance,2024-10-17T08:15:02,Rootbound Carapace (blue),1,0
266,Verdance,2024-10-17T08:15:02,Sigil of Earth (blue),2,0
266,Verdance,2024-10-17T08:15:02,Trailblazing Aether (blue),2,0
266,Verdance,2024-10-17T08:15:02,Helm of Lignum Vitae,1,1
266,Verdance,2024-10-17T08:15:02,Hold Focus,1,1
266,Verdance,2024-10-17T08:15:02,Ink-lined Cloak,1,1
266,Verdance,2024-10-17T08:15:02,Well Grounded,1,1
267,Florian,2024-10-17T14:57:52,Cadaverous Tilling (red),2,0
267,Florian,2024-10-17T14:57:52,Consuming Volition (red),1,0
267,Florian,2024-10-17T14:57:52,Deadwood Dirge (red),1,0
267,Florian,2024-10-17T14:57:52,Fertile Ground (red),2,0
267,Florian,2024-10-17T14:57:52,Fruits of the Forest (red),2,0
267,Florian,2024-10-17T14:57:52,Harvest Season (red),1,0
267,Florian,2024-10-17T14:57:52,Hit the High Notes (red),1,0
267,Florian,2024-10-17T14:57:52,Meat and Greet (red),1,0
267,Florian,2024-10-17T14:57:52,Oath of the Arknight (red),1,0
267,Florian,2024-10-17T14:57:52,Runerager Swarm (red),2,0
267,Florian,2024-10-17T14:57:52,Summer's Fall (red),1,0
267,Florian,2024-10-17T14:57:52,Arcane Cussing (yellow),1,0
267,Florian,2024-10-17T14:57:52,Fruits of the Forest (yellow),2,0
267,Florian,2024-10-17T14:57:52,Fyendal's Fighting Spirit (yellow),1,0
267,Florian,2024-10-17T14:57:52,Harvest Season (yellow),1,0
267,Florian,2024-10-17T14:57:52,Hit the High Notes (yellow),1,0
267,Florian,2024-10-17T14:57:52,Hocus Pocus (yellow),1,0
267,Florian,2024-10-17T14:57:52,Oath of the Arknight (yellow),1,0
267,Florian,2024-10-17T14:57:52,Summer's Fall (yellow),1,0
267,Florian,2024-10-17T14:57:52,Vantage Point (yellow),1,0
267,Florian,2024-10-17T14:57:52,Cadaverous Tilling (blue),1,0
267,Florian,2024-10-17T14:57:52,Condemn to Slaughter (blue),1,0
267,Florian,2024-10-17T14:57:52,Consuming Volition (blue),1,0
267,Florian,2024-10-17T14:57:52,Deadwood Dirge (blue),1,0
267,Florian,2024-10-17T14:57:52,Fruits of the Forest (blue),2,0
267,Florian,2024-10-17T14:57:52,Hit the High Notes (blue),1,0
267,Florian,2024-10-17T14:57:52,Meat and Greet (blue),1,0
267,Florian,2024-10-17T14:57:52,Sigil of Deadwood (blue),2,0
267,Florian,2024-10-17T14:57:52,Splintering Deadwood (blue),1,0
267,Florian,2024-10-17T14:57:52,Strength of Four Seasons (blue),1,0
267,Florian,2024-10-17T14:57:52,Bruised Leather,1,1
267,Florian,2024-10-17T14:57:52,Helm of Lignum Vitae,1,1
267,Florian,2024-10-17T14:57:52,Hood of Second Thoughts,1,1
267,Florian,2024-10-17T14:57:52,Runaways,1,1
268,Florian,2024-10-17T21:21:17,Arcane Seeds // Life (red),1,0
268,Florian,2024-10-17T21:21:17,Arcanic Spike (red),1,0
268,Florian,2024-10-17T21:21:17,Autumn's Touch (red),1,0
268,Florian,2024-10-17T21:21:17,Blossoming Decay (red),1,0
268,Florian,2024-10-17T21:21:17,Cadaverous Tilling (red),1,0
268,Florian,2024-10-17T21:21:17,Fertile Ground (red),1,0
268,Florian,2024-10-17T21:21:17,Fruits of the Forest (red),1,0
268,Florian,2024-10-17T21:21:17,Harvest Season (red),1,0
268,Florian,2024-10-17T21:21:17,Meat and Greet (red),1,0
268,Florian,2024-10-17T21:21:17,Rootbound Carapace (red),1,0
268,Florian,2024-10-17T21:21:17,Runerager Swarm (red),1,0
268,Florian,2024-10-17T21:21:17,Strong Yield (red),1,0
268,Florian,2024-10-17T21:21:17,Arcanic Spike (yellow),1,0
268,Florian,2024-10-17T21:21:17,Autumn's Touch (yellow),1,0
268,Florian,2024-10-17T21:21:17,Consuming Volition (yellow),1,0
268,Florian,2024-10-17T21:21:17,Earth Form (yellow),1,0
268,Florian,2024-10-17T21:21:17,Fertile Ground (yellow),1,0
268,Florian,2024-10-17T21:21:17,Fruits of the Forest (yellow),1,0
268,Florian,2024-10-17T21:21:17,Fyendal's Fighting Spirit (yellow),1,0
268,Florian,2024-10-17T21:21:17,Harvest Season (yellow),1,0
268,Florian,2024-10-17T21:21:17,Meat and Greet (yellow),1,0
268,Florian,2024-10-17T21:21:17,Splintering Deadwood (yellow),1,0
268,Florian,2024-10-17T21:21:17,Arcane Cussing (blue),1,0
268,Florian,2024-10-17T21:21:17,Arcane Polarity (blue),1,0
268,Florian,2024-10-17T21:21:17,Autumn's Touch (blue),1,0
268,Florian,2024-10-17T21:21:17,Consuming Volition (blue),1,0
268,Florian,2024-10-17T21:21:17,Deadwood Dirge (blue),1,0
268,Florian,2024-10-17T21:21:17,Fruits of the Forest (blue),2,0
268,Florian,2024-10-17T21:21:17,Harvest Season (blue),1,0
268,Florian,2024-10-17T21:21:17,Hocus Pocus (blue),1,0
268,Florian,2024-10-17T21:21:17,Oath of the Arknight (blue),1,0
268,Florian,2024-10-17T21:21:17,Rootbound Carapace (blue),1,0
268,Florian,2024-10-17T21:21:17,Runerager Swarm (blue),1,0
268,Florian,2024-10-17T21:21:17,Sigil of Sanctuary (blue),1,0
268,Florian,2024-10-17T21:21:17,Strong Yield (blue),1,0
268,Florian,2024-10-17T21:21:17,Four Finger Gloves,1,1
268,Florian,2024-10-17T21:21:17,Runehold Release,1,1
268,Florian,2024-10-17T21:21:17,Well Grounded,1,1
269,Aurora,2024-10-17T21:33:15,Brush Off (red),1,0
269,Aurora,2024-10-17T21:33:15,Burn Up // Shock (red),1,0
269,Aurora,2024-10-17T21:33:15,Electromagnetic Somersault (red),1,0
269,Aurora,2024-10-17T21:33:15,Electrostatic Discharge (red),1,0
269,Aurora,2024-10-17T21:33:15,Flittering Charge (red),2,0
269,Aurora,2024-10-17T21:33:15,Hit the High Notes (red),1,0
269,Aurora,2024-10-17T21:33:15,Hocus Pocus (red),1,0
269,Aurora,2024-10-17T21:33:15,Lightning Surge (red),2,0
269,Aurora,2024-10-17T21:33:15,Malefic Incantation (red),2,0
269,Aurora,2024-10-17T21:33:15,Meat and Greet (red),1,0
269,Aurora,2024-10-17T21:33:15,Second Strike (red),1,0
269,Aurora,2024-10-17T21:33:15,Trip the Light Fantastic (red),1,0
269,Aurora,2024-10-17T21:33:15,Arcanic Spike (yellow),1,0
269,Aurora,2024-10-17T21:33:15,Deadwood Dirge (yellow),1,0
269,Aurora,2024-10-17T21:33:15,Electromagnetic Somersault (yellow),1,0
269,Aurora,2024-10-17T21:33:15,Electrostatic Discharge (yellow),2,0
269,Aurora,2024-10-17T21:33:15,Heaven's Claws (yellow),1,0
269,Aurora,2024-10-17T21:33:15,Hit the High Notes (yellow),1,0
269,Aurora,2024-10-17T21:33:15,Lightning Surge (yellow),1,0
269,Aurora,2024-10-17T21:33:15,Meat and Greet (yellow),1,0
269,Aurora,2024-10-17T21:33:15,Trip the Light Fantastic (yellow),1,0
269,Aurora,2024-10-17T21:33:15,Consuming Volition (blue),2,0
269,Aurora,2024-10-17T21:33:15,Flittering Charge (blue),1,0
269,Aurora,2024-10-17T21:33:15,Hit the High Notes (blue),1,0
269,Aurora,2024-10-17T21:33:15,Lightning Surge (blue),1,0
269,Aurora,2024-10-17T21:33:15,Meat and Greet (blue),1,0
269,Aurora,2024-10-17T21:33:15,Second Strike (blue),1,0
269,Aurora,2024-10-17T21:33:15,Sigil of Deadwood (blue),1,0
269,Aurora,2024-10-17T21:33:15,Sigil of Lightning (blue),1,0
269,Aurora,2024-10-17T21:33:15,Trip the Light Fantastic (blue),1,0
269,Aurora,2024-10-17T21:33:15,Bloodtorn Bodice,1,1
269,Aurora,2024-10-17T21:33:15,Flash of Brilliance,1,1
269,Aurora,2024-10-17T21:33:15,Twinkle Toes,1,1
270,Aurora,2024-10-17T23:27:18,Arcane Cussing (red),1,0
270,Aurora,2024-10-17T23:27:18,Arcane Polarity (red),1,0
270,Aurora,2024-10-17T23:27:18,Blast to Oblivion (red),1,0
270,Aurora,2024-10-17T23:27:18,Electromagnetic Somersault (red),1,0
270,Aurora,2024-10-17T23:27:18,Electrostatic Discharge (red),2,0
270,Aurora,2024-10-17T23:27:18,Gone in a Flash (red),1,0
270,Aurora,2024-10-17T23:27:18,Hand Behind the Pen (red),1,0
270,Aurora,2024-10-17T23:27:18,Arcane Polarity (yellow),2,0
270,Aurora,2024-10-17T23:27:18,Blast to Oblivion (yellow),1,0
270,Aurora,2024-10-17T23:27:18,Count Your Blessings (yellow),1,0
270,Aurora,2024-10-17T23:27:18,Electrostatic Discharge (yellow),1,0
270,Aurora,2024-10-17T23:27:18,Heaven's Claws (yellow),1,0
270,Aurora,2024-10-17T23:27:18,Lightning Surge (yellow),2,0
270,Aurora,2024-10-17T23:27:18,Meat and Greet (yellow),1,0
270,Aurora,2024-10-17T23:27:18,Runerager Swarm (yellow),1,0
270,Aurora,2024-10-17T23:27:18,Trip the Light Fantastic (yellow),1,0
270,Aurora,2024-10-17T23:27:18,Arcanic Spike (blue),1,0
270,Aurora,2024-10-17T23:27:18,Blast to Oblivion (blue),1,0
270,Aurora,2024-10-17T23:27:18,Consuming Volition (blue),1,0
270,Aurora,2024-10-17T23:27:18,Electromagnetic Somersault (blue),1,0
270,Aurora,2024-10-17T23:27:18,Electrostatic Discharge (blue),1,0
270,Aurora,2024-10-17T23:27:18,Fyendal's Fighting Spirit (blue),1,0
270,Aurora,2024-10-17T23:27:18,Heaven's Claws (blue),1,0
270,Aurora,2024-10-17T23:27:18,Hit the High Notes (blue),2,0
270,Aurora,2024-10-17T23:27:18,Hocus Pocus (blue),1,0
270,Aurora,2024-10-17T23:27:18,Lightning Surge (blue),2,0
270,Aurora,2024-10-17T23:27:18,Meat and Greet (blue),1,0
270,Aurora,2024-10-17T23:27:18,Sigil of Conductivity (blue),1,0
270,Aurora,2024-10-17T23:27:18,Sigil of Lightning (blue),2,0
270,Aurora,2024-10-17T23:27:18,Flash of Brilliance,1,1
271,Aurora,2024-10-17T23:39:06,Brush Off (red),2,0
271,Aurora,2024-10-17T23:39:06,Burn Up // Shock (red),1,0
271,Aurora,2024-10-17T23:39:06,Electrostatic Discharge (red),1,0
271,Aurora,2024-10-17T23:39:06,Flash (red),1,0
271,Aurora,2024-10-17T23:39:06,Flittering Charge (red),1,0
271,Aurora,2024-10-17T23:39:06,Fry (red),1,0
271,Aurora,2024-10-17T23:39:06,Hand Behind the Pen (red),1,0
271,Aurora,2024-10-17T23:39:06,Hit the High Notes (red),2,0
271,Aurora,2024-10-17T23:39:06,Lightning Surge (red),1,0
271,Aurora,2024-10-17T23:39:06,Second Strike (red),1,0
271,Aurora,2024-10-17T23:39:06,Arcane Cussing (yellow),1,0
271,Aurora,2024-10-17T23:39:06,Electrostatic Discharge (yellow),2,0
271,Aurora,2024-10-17T23:39:06,Fyendal's Fighting Spirit (yellow),1,0
271,Aurora,2024-10-17T23:39:06,Hit the High Notes (yellow),1,0
271,Aurora,2024-10-17T23:39:06,Hocus Pocus (yellow),1,0
271,Aurora,2024-10-17T23:39:06,Lightning Surge (yellow),1,0
271,Aurora,2024-10-17T23:39:06,Meat and Greet (yellow),1,0
271,Aurora,2024-10-17T23:39:06,Arcane Polarity (blue),1,0
271,Aurora,2024-10-17T23:39:06,Consuming Volition (blue),1,0
271,Aurora,2024-10-17T23:39:06,Heaven's Claws (blue),1,0
271,Aurora,2024-10-17T23:39:06,Hit the High Notes (blue),1,0
271,Aurora,2024-10-17T23:39:06,Hocus Pocus (blue),1,0
271,Aurora,2024-10-17T23:39:06,Lightning Form (blue),1,0
271,Aurora,2024-10-17T23:39:06,Lightning Surge (blue),1,0
271,Aurora,2024-10-17T23:39:06,Meat and Greet (blue),2,0
271,Aurora,2024-10-17T23:39:06,Sigil of Conductivity (blue),1,0
271,Aurora,2024-10-17T23:39:06,Vantage Point (blue),1,0
271,Aurora,2024-10-17T23:39:06,Bruised Leather,1,1
271,Aurora,2024-10-17T23:39:06,Four Finger Gloves,1,1
271,Aurora,2024-10-17T23:39:06,Hood of Second Thoughts,1,1
271,Aurora,2024-10-17T23:39:06,Twinkle Toes,1,1
272,Oscilio,2024-10-18T15:07:16,Arcane Twining (red),2,0
272,Oscilio,2024-10-18T15:07:16,Comet Storm // Shock (red),1,0
272,Oscilio,2024-10-18T15:07:16,Eclectic Magnetism (red),1,0
272,Oscilio,2024-10-18T15:07:16,Flash (red),1,0
272,Oscilio,2024-10-18T15:07:16,Fyendal's Fighting Spirit (red),1,0
272,Oscilio,2024-10-18T15:07:16,Lightning Surge (red),1,0
272,Oscilio,2024-10-18T15:07:16,Open the Flood Gates (red),3,0
272,Oscilio,2024-10-18T15:07:16,Photon Splicing (red),1,0
272,Oscilio,2024-10-18T15:07:16,Save the Thought (red),1,0
272,Oscilio,2024-10-18T15:07:16,Second Strike (red),1,0
272,Oscilio,2024-10-18T15:07:16,Ten Foot Tall and Bulletproof (red),1,0
272,Oscilio,2024-10-18T15:07:16,Trailblazing Aether (red),2,0
272,Oscilio,2024-10-18T15:07:16,Arcane Twining (yellow),1,0
272,Oscilio,2024-10-18T15:07:16,Etchings of Arcana (yellow),2,0
272,Oscilio,2024-10-18T15:07:16,Flash (yellow),1,0
272,Oscilio,2024-10-18T15:07:16,Flittering Charge (yellow),1,0
272,Oscilio,2024-10-18T15:07:16,Lightning Surge (yellow),2,0
272,Oscilio,2024-10-18T15:07:16,Aether Quickening (blue),1,0
272,Oscilio,2024-10-18T15:07:16,Etchings of Arcana (blue),1,0
272,Oscilio,2024-10-18T15:07:16,Fyendal's Fighting Spirit (blue),1,0
272,Oscilio,2024-10-18T15:07:16,Heaven's Claws (blue),1,0
272,Oscilio,2024-10-18T15:07:16,Open the Flood Gates (blue),1,0
272,Oscilio,2024-10-18T15:07:16,Photon Splicing (blue),1,0
272,Oscilio,2024-10-18T15:07:16,Second Strike (blue),1,0
272,Oscilio,2024-10-18T15:07:16,Sigil of Conductivity (blue),2,0
272,Oscilio,2024-10-18T15:07:16,Sigil of Forethought (blue),1,0
272,Oscilio,2024-10-18T15:07:16,Bruised Leather,1,1
272,Oscilio,2024-10-18T15:07:16,Flash of Brilliance,1,1
272,Oscilio,2024-10-18T15:07:16,Twinkle Toes,1,1
273,Verdance,2024-10-18T17:41:21,Arcane Twining (red),1,0
273,Verdance,2024-10-18T17:41:21,Chorus of the Amphitheater (red),1,0
273,Verdance,2024-10-18T17:41:21,Open the Flood Gates (red),2,0
273,Verdance,2024-10-18T17:41:21,Overflow the Aetherwell (red),1,0
273,Verdance,2024-10-18T17:41:21,Perennial Aetherbloom (red),1,0
273,Verdance,2024-10-18T17:41:21,Photon Splicing (red),1,0
273,Verdance,2024-10-18T17:41:21,Pulsing Aether // Life (red),1,0
273,Verdance,2024-10-18T17:41:21,Rootbound Carapace (red),1,0
273,Verdance,2024-10-18T17:41:21,Save the Thought (red),1,0
273,Verdance,2024-10-18T17:41:21,Trailblazing Aether (red),1,0
273,Verdance,2024-10-18T17:41:21,Arcane Polarity (yellow),1,0
273,Verdance,2024-10-18T17:41:21,Arcane Twining (yellow),1,0
273,Verdance,2024-10-18T17:41:21,Autumn's Touch (yellow),2,0
273,Verdance,2024-10-18T17:41:21,Chorus of the Amphitheater (yellow),1,0
273,Verdance,2024-10-18T17:41:21,Exploding Aether (yellow),1,0
273,Verdance,2024-10-18T17:41:21,Fyendal's Fighting Spirit (yellow),1,0
273,Verdance,2024-10-18T17:41:21,Photon Splicing (yellow),1,0
273,Verdance,2024-10-18T17:41:21,Aether Quickening (blue),1,0
273,Verdance,2024-10-18T17:41:21,Arcane Polarity (blue),1,0
273,Verdance,2024-10-18T17:41:21,Autumn's Touch (blue),1,0
273,Verdance,2024-10-18T17:41:21,Fruits of the Forest (blue),1,0
273,Verdance,2024-10-18T17:41:21,Harvest Season (blue),1,0
273,Verdance,2024-10-18T17:41:21,Heartbeat of Candlehold (blue),1,0
273,Verdance,2024-10-18T17:41:21,Open the Flood Gates (blue),2,0
273,Verdance,2024-10-18T17:41:21,Photon Splicing (blue),1,0
273,Verdance,2024-10-18T17:41:21,Sigil of Earth (blue),1,0
273,Verdance,2024-10-18T17:41:21,Sigil of Fyendal (blue),2,0
273,Verdance,2024-10-18T17:41:21,Trailblazing Aether (blue),1,0
273,Verdance,2024-10-18T17:41:21,Bruised Leather,1,1
273,Verdance,2024-10-18T17:41:21,Helm of Lignum Vitae,1,1
273,Verdance,2024-10-18T17:41:21,Well Grounded,1,1
274,Florian,2024-10-18T20:03:26,Arcane Cussing (red),1,0
274,Florian,2024-10-18T20:03:26,Arcane Polarity (red),1,0
274,Florian,2024-10-18T20:03:26,Arcane Seeds // Life (red),1,0
274,Florian,2024-10-18T20:03:26,Arcanic Spike (red),1,0
274,Florian,2024-10-18T20:03:26,Autumn's Touch (red),1,0
274,Florian,2024-10-18T20:03:26,Consuming Volition (red),1,0
274,Florian,2024-10-18T20:03:26,Deadwood Dirge (red),1,0
274,Florian,2024-10-18T20:03:26,Earth Form (red),1,0
274,Florian,2024-10-18T20:03:26,Runerager Swarm (red),1,0
274,Florian,2024-10-18T20:03:26,Strength of Four Seasons (red),1,0
274,Florian,2024-10-18T20:03:26,Strong Yield (red),1,0
274,Florian,2024-10-18T20:03:26,Autumn's Touch (yellow),1,0
274,Florian,2024-10-18T20:03:26,Blossoming Decay (yellow),2,0
274,Florian,2024-10-18T20:03:26,Cadaverous Tilling (yellow),1,0
274,Florian,2024-10-18T20:03:26,Consuming Volition (yellow),1,0
274,Florian,2024-10-18T20:03:26,Fruits of the Forest (yellow),1,0
274,Florian,2024-10-18T20:03:26,Fyendal's Fighting Spirit (yellow),1,0
274,Florian,2024-10-18T20:03:26,Harvest Season (yellow),1,0
274,Florian,2024-10-18T20:03:26,Hit the High Notes (yellow),1,0
274,Florian,2024-10-18T20:03:26,Oath of the Arknight (yellow),2,0
274,Florian,2024-10-18T20:03:26,Runerager Swarm (yellow),1,0
274,Florian,2024-10-18T20:03:26,Strong Yield (yellow),1,0
274,Florian,2024-10-18T20:03:26,Arcane Polarity (blue),1,0
274,Florian,2024-10-18T20:03:26,Fyendal's Fighting Spirit (blue),1,0
274,Florian,2024-10-18T20:03:26,Hocus Pocus (blue),2,0
274,Florian,2024-10-18T20:03:26,Meat and Greet (blue),1,0
274,Florian,2024-10-18T20:03:26,Oath of the Arknight (blue),1,0
274,Florian,2024-10-18T20:03:26,Runerager Swarm (blue),1,0
274,Florian,2024-10-18T20:03:26,Sigil of Earth (blue),1,0
274,Florian,2024-10-18T20:03:26,Sigil of Fyendal (blue),2,0
274,Florian,2024-10-18T20:03:26,Splintering Deadwood (blue),1,0
274,Florian,2024-10-18T20:03:26,Strength of Four Seasons (blue),1,0
274,Florian,2024-10-18T20:03:26,Bruised Leather,1,1
274,Florian,2024-10-18T20:03:26,Helm of Lignum Vitae,1,1
274,Florian,2024-10-18T20:03:26,Well Grounded,1,1
275,Florian,2024-10-18T20:58:16,Brush Off (red),1,0
275,Florian,2024-10-18T20:58:16,Cadaverous Tilling (red),2,0
275,Florian,2024-10-18T20:58:16,Fertile Ground (red),1,0
275,Florian,2024-10-18T20:58:16,Fruits of the Forest (red),2,0
275,Florian,2024-10-18T20:58:16,Harvest Season (red),1,0
275,Florian,2024-10-18T20:58:16,Strength of Four Seasons (red),1,0
275,Florian,2024-10-18T20:58:16,Arcane Polarity (yellow),1,0
275,Florian,2024-10-18T20:58:16,Blossoming Decay (yellow),1,0
275,Florian,2024-10-18T20:58:16,Cadaverous Tilling (yellow),1,0
275,Florian,2024-10-18T20:58:16,Condemn to Slaughter (yellow),1,0
275,Florian,2024-10-18T20:58:16,Consuming Volition (yellow),2,0
275,Florian,2024-10-18T20:58:16,Fertile Ground (yellow),1,0
275,Florian,2024-10-18T20:58:16,Fyendal's Fighting Spirit (yellow),1,0
275,Florian,2024-10-18T20:58:16,Harvest Season (yellow),2,0
275,Florian,2024-10-18T20:58:16,Rootbound Carapace (yellow),1,0
275,Florian,2024-10-18T20:58:16,Strength of Four Seasons (yellow),1,0
275,Florian,2024-10-18T20:58:16,Strong Yield (yellow),2,0
275,Florian,2024-10-18T20:58:16,Arcanic Spike (blue),1,0
275,Florian,2024-10-18T20:58:16,Autumn's Touch (blue),1,0
275,Florian,2024-10-18T20:58:16,Brush Off (blue),1,0
275,Florian,2024-10-18T20:58:16,Deadwood Dirge (blue),1,0
275,Florian,2024-10-18T20:58:16,Fruits of the Forest (blue),1,0
275,Florian,2024-10-18T20:58:16,Fyendal's Fighting Spirit (blue),1,0
275,Florian,2024-10-18T20:58:16,Harvest Season (blue),1,0
275,Florian,2024-10-18T20:58:16,Hocus Pocus (blue),1,0
275,Florian,2024-10-18T20:58:16,Malefic Incantation (blue),1,0
275,Florian,2024-10-18T20:58:16,Meat and Greet (blue),1,0
275,Florian,2024-10-18T20:58:16,Runerager Swarm (blue),1,0
275,Florian,2024-10-18T20:58:16,Sigil of Fyendal (blue),1,0
275,Florian,2024-10-18T20:58:16,Strength of Four Seasons (blue),1,0
275,Florian,2024-10-18T20:58:16,Hood of Second Thoughts,1,1
275,Florian,2024-10-18T20:58:16,Well Grounded,1,1
276,Florian,2024-10-18T23:12:41,Arcanic Spike (red),1,0
276,Florian,2024-10-18T23:12:41,Earth Form (red),1,0
276,Florian,2024-10-18T23:12:41,Fertile Ground (red),1,0
276,Florian,2024-10-18T23:12:41,Fruits of the Forest (red),1,0
276,Florian,2024-10-18T23:12:41,Fyendal's Fighting Spirit (red),1,0
276,Florian,2024-10-18T23:12:41,Malefic Incantation (red),1,0
276,Florian,2024-10-18T23:12:41,Meat and Greet (red),2,0
276,Florian,2024-10-18T23:12:41,Arcane Cussing (yellow),1,0
276,Florian,2024-10-18T23:12:41,Arcanic Spike (yellow),1,0
276,Florian,2024-10-18T23:12:41,Blossoming Decay (yellow),1,0
276,Florian,2024-10-18T23:12:41,Cadaverous Tilling (yellow),1,0
276,Florian,2024-10-18T23:12:41,Consuming Volition (yellow),1,0
276,Florian,2024-10-18T23:12:41,Hit the High Notes (yellow),2,0
276,Florian,2024-10-18T23:12:41,Runerager Swarm (yellow),1,0
276,Florian,2024-10-18T23:12:41,Strength of Four Seasons (yellow),1,0
276,Florian,2024-10-18T23:12:41,Summer's Fall (yellow),1,0
276,Florian,2024-10-18T23:12:41,Arcanic Spike (blue),1,0
276,Florian,2024-10-18T23:12:41,Blossoming Decay (blue),1,0
276,Florian,2024-10-18T23:12:41,Consuming Volition (blue),1,0
276,Florian,2024-10-18T23:12:41,Fertile Ground (blue),1,0
276,Florian,2024-10-18T23:12:41,Fruits of the Forest (blue),2,0
276,Florian,2024-10-18T23:12:41,Hit the High Notes (blue),1,0
276,Florian,2024-10-18T23:12:41,Hocus Pocus (blue),1,0
276,Florian,2024-10-18T23:12:41,Meat and Greet (blue),1,0
276,Florian,2024-10-18T23:12:41,Rootbound Carapace (blue),1,0
276,Florian,2024-10-18T23:12:41,Sigil of Deadwood (blue),3,0
276,Florian,2024-10-18T23:12:41,Sigil of Sanctuary (blue),1,0
276,Florian,2024-10-18T23:12:41,Strong Yield (blue),1,0
276,Florian,2024-10-18T23:12:41,Vantage Point (blue),2,0
276,Florian,2024-10-18T23:12:41,Bloodtorn Bodice,1,1
276,Florian,2024-10-18T23:12:41,Bruised Leather,1,1
276,Florian,2024-10-18T23:12:41,Helm of Lignum Vitae,1,1
276,Florian,2024-10-18T23:12:41,Runehold Release,1,1
276,Florian,2024-10-18T23:12:41,Well Grounded,1,1
277,Florian,2024-10-19T01:29:20,Arcane Cussing (red),1,0
277,Florian,2024-10-19T01:29:20,Arcane Seeds // Life (red),1,0
277,Florian,2024-10-19T01:29:20,Arcanic Spike (red),1,0
277,Florian,2024-10-19T01:29:20,Autumn's Touch (red),1,0
277,Florian,2024-10-19T01:29:20,Blossoming Decay (red),1,0
277,Florian,2024-10-19T01:29:20,Fruits of the Forest (red),1,0
277,Florian,2024-10-19T01:29:20,Fyendal's Fighting Spirit (red),1,0
277,Florian,2024-10-19T01:29:20,Hand Behind the Pen (red),1,0
277,Florian,2024-10-19T01:29:20,Harvest Season (red),1,0
277,Florian,2024-10-19T01:29:20,Rootbound Carapace (red),1,0
277,Florian,2024-10-19T01:29:20,Runerager Swarm (red),1,0
277,Florian,2024-10-19T01:29:20,Arcane Cussing (yellow),1,0
277,Florian,2024-10-19T01:29:20,Arcanic Spike (yellow),4,0
277,Florian,2024-10-19T01:29:20,Brush Off (yellow),1,0
277,Florian,2024-10-19T01:29:20,Cadaverous Tilling (yellow),1,0
277,Florian,2024-10-19T01:29:20,Fruits of the Forest (yellow),1,0
277,Florian,2024-10-19T01:29:20,Oath of the Arknight (yellow),1,0
277,Florian,2024-10-19T01:29:20,Strong Yield (yellow),2,0
277,Florian,2024-10-19T01:29:20,Arcane Cussing (blue),1,0
277,Florian,2024-10-19T01:29:20,Arcane Polarity (blue),1,0
277,Florian,2024-10-19T01:29:20,Arcanic Spike (blue),1,0
277,Florian,2024-10-19T01:29:20,Autumn's Touch (blue),1,0
277,Florian,2024-10-19T01:29:20,Consuming Volition (blue),1,0
277,Florian,2024-10-19T01:29:20,Meat and Greet (blue),1,0
277,Florian,2024-10-19T01:29:20,Oath of the Arknight (blue),1,0
277,Florian,2024-10-19T01:29:20,Runerager Swarm (blue),2,0
277,Florian,2024-10-19T01:29:20,Sigil of Cycles (blue),1,0
277,Florian,2024-10-19T01:29:20,Sigil of Earth (blue),1,0
277,Florian,2024-10-19T01:29:20,Sigil of the Arknight (blue),1,0
277,Florian,2024-10-19T01:29:20,Bloodtorn Bodice,1,1
277,Florian,2024-10-19T01:29:20,Runaways,1,1
277,Florian,2024-10-19T01:29:20,Runehold Release,1,1
278,Aurora,2024-10-19T04:18:34,Arcane Polarity (red),1,0
278,Aurora,2024-10-19T04:18:34,Consuming Volition (red),1,0
278,Aurora,2024-10-19T04:18:34,Electromagnetic Somersault (red),1,0
278,Aurora,2024-10-19T04:18:34,Electrostatic Discharge (red),1,0
278,Aurora,2024-10-19T04:18:34,Flittering Charge (red),1,0
278,Aurora,2024-10-19T04:18:34,Fyendal's Fighting Spirit (red),1,0
278,Aurora,2024-10-19T04:18:34,Heaven's Claws (red),2,0
278,Aurora,2024-10-19T04:18:34,Lightning Surge (red),1,0
278,Aurora,2024-10-19T04:18:34,Smash Up (red),1,0
278,Aurora,2024-10-19T04:18:34,Trip the Light Fantastic (red),1,0
278,Aurora,2024-10-19T04:18:34,Arcane Cussing (yellow),1,0
278,Aurora,2024-10-19T04:18:34,Arcane Polarity (yellow),1,0
278,Aurora,2024-10-19T04:18:34,Electromagnetic Somersault (yellow),1,0
278,Aurora,2024-10-19T04:18:34,Fyendal's Fighting Spirit (yellow),1,0
278,Aurora,2024-10-19T04:18:34,Heaven's Claws (yellow),1,0
278,Aurora,2024-10-19T04:18:34,Hocus Pocus (yellow),1,0
278,Aurora,2024-10-19T04:18:34,Second Strike (yellow),1,0
278,Aurora,2024-10-19T04:18:34,Arcanic Spike (blue),1,0
278,Aurora,2024-10-19T04:18:34,Condemn to Slaughter (blue),1,0
278,Aurora,2024-10-19T04:18:34,Electrostatic Discharge (blue),1,0
278,Aurora,2024-10-19T04:18:34,Flash (blue),1,0
278,Aurora,2024-10-19T04:18:34,Flittering Charge (blue),1,0
278,Aurora,2024-10-19T04:18:34,Fyendal's Fighting Spirit (blue),1,0
278,Aurora,2024-10-19T04:18:34,Meat and Greet (blue),1,0
278,Aurora,2024-10-19T04:18:34,Runerager Swarm (blue),1,0
278,Aurora,2024-10-19T04:18:34,Sigil of Fyendal (blue),1,0
278,Aurora,2024-10-19T04:18:34,Sigil of Lightning (blue),1,0
278,Aurora,2024-10-19T04:18:34,Trip the Light Fantastic (blue),4,0
278,Aurora,2024-10-19T04:18:34,Bruised Leather,1,1
278,Aurora,2024-10-19T04:18:34,Flash of Brilliance,1,1
278,Aurora,2024-10-19T04:18:34,Runehold Release,1,1
278,Aurora,2024-10-19T04:18:34,Twinkle Toes,1,1
279,Florian,2024-10-19T06:54:30,Arcane Polarity (red),2,0
279,Florian,2024-10-19T06:54:30,Arcane Seeds // Life (red),1,0
279,Florian,2024-10-19T06:54:30,Fertile Ground (red),1,0
279,Florian,2024-10-19T06:54:30,Meat and Greet (red),1,0
279,Florian,2024-10-19T06:54:30,Oath of the Arknight (red),1,0
279,Florian,2024-10-19T06:54:30,Rootbound Carapace (red),1,0
279,Florian,2024-10-19T06:54:30,Splintering Deadwood (red),1,0
279,Florian,2024-10-19T06:54:30,Strength of Four Seasons (red),1,0
279,Florian,2024-10-19T06:54:30,Summer's Fall (red),1,0
279,Florian,2024-10-19T06:54:30,Arcanic Spike (yellow),1,0
279,Florian,2024-10-19T06:54:30,Autumn's Touch (yellow),2,0
279,Florian,2024-10-19T06:54:30,Fertile Ground (yellow),2,0
279,Florian,2024-10-19T06:54:30,Fyendal's Fighting Spirit (yellow),1,0
279,Florian,2024-10-19T06:54:30,Harvest Season (yellow),1,0
279,Florian,2024-10-19T06:54:30,Hocus Pocus (yellow),1,0
279,Florian,2024-10-19T06:54:30,Meat and Greet (yellow),1,0
279,Florian,2024-10-19T06:54:30,Rootbound Carapace (yellow),1,0
279,Florian,2024-10-19T06:54:30,Splintering Deadwood (yellow),1,0
279,Florian,2024-10-19T06:54:30,Summer's Fall (yellow),1,0
279,Florian,2024-10-19T06:54:30,Arcane Cussing (blue),1,0
279,Florian,2024-10-19T06:54:30,Arcanic Spike (blue),1,0
279,Florian,2024-10-19T06:54:30,Cadaverous Tilling (blue),1,0
279,Florian,2024-10-19T06:54:30,Condemn to Slaughter (blue),1,0
279,Florian,2024-10-19T06:54:30,Consuming Volition (blue),1,0
279,Florian,2024-10-19T06:54:30,Fertile Ground (blue),1,0
279,Florian,2024-10-19T06:54:30,Harvest Season (blue),1,0
279,Florian,2024-10-19T06:54:30,Hit the High Notes (blue),1,0
279,Florian,2024-10-19T06:54:30,Hocus Pocus (blue),2,0
279,Florian,2024-10-19T06:54:30,Meat and Greet (blue),1,0
279,Florian,2024-10-19T06:54:30,Rootbound Carapace (blue),1,0
279,Florian,2024-10-19T06:54:30,Sigil of Cycles (blue),1,0
279,Florian,2024-10-19T06:54:30,Strong Yield (blue),1,0
279,Florian,2024-10-19T06:54:30,Bloodtorn Bodice,1,1
279,Florian,2024-10-19T06:54:30,Helm of Lignum Vitae,1,1
279,Florian,2024-10-19T06:54:30,Runehold Release,1,1
280,Florian,2024-10-20T20:36:11,Arcanic Spike (red),1,0
280,Florian,2024-10-20T20:36:11,Blossoming Decay (red),1,0
280,Florian,2024-10-20T20:36:11,Cadaverous Tilling (red),1,0
280,Florian,2024-10-20T20:36:11,Condemn to Slaughter (red),1,0
280,Florian,2024-10-20T20:36:11,Deadwood Dirge (red),2,0
280,Florian,2024-10-20T20:36:11,Harvest Season (red),1,0
280,Florian,2024-10-20T20:36:11,Hocus Pocus (red),2,0
280,Florian,2024-10-20T20:36:11,Rootbound Carapace (red),1,0
280,Florian,2024-10-20T20:36:11,Arcane Cussing (yellow),1,0
280,Florian,2024-10-20T20:36:11,Brush Off (yellow),1,0
280,Florian,2024-10-20T20:36:11,Consuming Volition (yellow),2,0
280,Florian,2024-10-20T20:36:11,Fruits of the Forest (yellow),2,0
280,Florian,2024-10-20T20:36:11,Oath of the Arknight (yellow),2,0
280,Florian,2024-10-20T20:36:11,Runerager Swarm (yellow),1,0
280,Florian,2024-10-20T20:36:11,Strength of Four Seasons (yellow),1,0
280,Florian,2024-10-20T20:36:11,Arcane Cussing (blue),2,0
280,Florian,2024-10-20T20:36:11,Autumn's Touch (blue),1,0
280,Florian,2024-10-20T20:36:11,Cadaverous Tilling (blue),1,0
280,Florian,2024-10-20T20:36:11,Consuming Volition (blue),1,0
280,Florian,2024-10-20T20:36:11,Earth Form (blue),1,0
280,Florian,2024-10-20T20:36:11,Fruits of the Forest (blue),2,0
280,Florian,2024-10-20T20:36:11,Harvest Season (blue),1,0
280,Florian,2024-10-20T20:36:11,Hocus Pocus (blue),1,0
280,Florian,2024-10-20T20:36:11,Sigil of Cycles (blue),1,0
280,Florian,2024-10-20T20:36:11,Sigil of Deadwood (blue),2,0
280,Florian,2024-10-20T20:36:11,Splintering Deadwood (blue),1,0
280,Florian,2024-10-20T20:36:11,Helm of Lignum Vitae,1,1
280,Florian,2024-10-20T20:36:11,Well Grounded,1,1
281,Aurora,2024-10-21T04:43:47,Arcane Cussing (red),1,0
281,Aurora,2024-10-21T04:43:47,Brush Off (red),1,0
281,Aurora,2024-10-21T04:43:47,Consuming Volition (red),1,0
281,Aurora,2024-10-21T04:43:47,Deadwood Dirge (red),2,0
281,Aurora,2024-10-21T04:43:47,Electrostatic Discharge (red),1,0
281,Aurora,2024-10-21T04:43:47,Flittering Charge (red),2,0
281,Aurora,2024-10-21T04:43:47,Hit the High Notes (red),1,0
281,Aurora,2024-10-21T04:43:47,Malefic Incantation (red),1,0
281,Aurora,2024-10-21T04:43:47,Meat and Greet (red),2,0
281,Aurora,2024-10-21T04:43:47,Runerager Swarm (red),2,0
281,Aurora,2024-10-21T04:43:47,Second Strike (red),1,0
281,Aurora,2024-10-21T04:43:47,Splintering Deadwood (red),1,0
281,Aurora,2024-10-21T04:43:47,Arcane Cussing (yellow),1,0
281,Aurora,2024-10-21T04:43:47,Consuming Volition (yellow),1,0
281,Aurora,2024-10-21T04:43:47,Deadwood Dirge (yellow),3,0
281,Aurora,2024-10-21T04:43:47,Electrostatic Discharge (yellow),1,0
281,Aurora,2024-10-21T04:43:47,Flittering Charge (yellow),1,0
281,Aurora,2024-10-21T04:43:47,Malefic Incantation (yellow),1,0
281,Aurora,2024-10-21T04:43:47,Meat and Greet (yellow),1,0
281,Aurora,2024-10-21T04:43:47,Runerager Swarm (yellow),1,0
281,Aurora,2024-10-21T04:43:47,Arcanic Spike (blue),1,0
281,Aurora,2024-10-21T04:43:47,Consuming Volition (blue),1,0
281,Aurora,2024-10-21T04:43:47,Heaven's Claws (blue),1,0
281,Aurora,2024-10-21T04:43:47,Hit the High Notes (blue),1,0
281,Aurora,2024-10-21T04:43:47,Hocus Pocus (blue),2,0
281,Aurora,2024-10-21T04:43:47,Lightning Form (blue),1,0
281,Aurora,2024-10-21T04:43:47,Meat and Greet (blue),2,0
281,Aurora,2024-10-21T04:43:47,Second Strike (blue),1,0
281,Aurora,2024-10-21T04:43:47,Sigil of Conductivity (blue),1,0
281,Aurora,2024-10-21T04:43:47,Sigil of Cycles (blue),1,0
281,Aurora,2024-10-21T04:43:47,Runehold Release,1,1
281,Aurora,2024-10-21T04:43:47,Twinkle Toes,1,1
282,Oscilio,2024-10-21T18:17:07,Arcane Polarity (red),1,0
282,Oscilio,2024-10-21T18:17:07,Chorus of the Amphitheater (red),1,0
282,Oscilio,2024-10-21T18:17:07,Etchings of Arcana (red),1,0
282,Oscilio,2024-10-21T18:17:07,Flittering Charge (red),1,0
282,Oscilio,2024-10-21T18:17:07,Heaven's Claws (red),1,0
282,Oscilio,2024-10-21T18:17:07,Lightning Surge (red),2,0
282,Oscilio,2024-10-21T18:17:07,Open the Flood Gates (red),4,0
282,Oscilio,2024-10-21T18:17:07,Perennial Aetherbloom (red),1,0
282,Oscilio,2024-10-21T18:17:07,Photon Splicing (red),1,0
282,Oscilio,2024-10-21T18:17:07,Second Strike (red),1,0
282,Oscilio,2024-10-21T18:17:07,Trip the Light Fantastic (red),1,0
282,Oscilio,2024-10-21T18:17:07,Etchings of Arcana (yellow),1,0
282,Oscilio,2024-10-21T18:17:07,Exploding Aether (yellow),1,0
282,Oscilio,2024-10-21T18:17:07,Flash (yellow),2,0
282,Oscilio,2024-10-21T18:17:07,Photon Splicing (yellow),1,0
282,Oscilio,2024-10-21T18:17:07,Trailblazing Aether (yellow),1,0
282,Oscilio,2024-10-21T18:17:07,Aether Quickening (blue),1,0
282,Oscilio,2024-10-21T18:17:07,Etchings of Arcana (blue),1,0
282,Oscilio,2024-10-21T18:17:07,Flash (blue),1,0
282,Oscilio,2024-10-21T18:17:07,Fry (blue),2,0
282,Oscilio,2024-10-21T18:17:07,Heaven's Claws (blue),1,0
282,Oscilio,2024-10-21T18:17:07,Lightning Surge (blue),1,0
282,Oscilio,2024-10-21T18:17:07,Overflow the Aetherwell (blue),1,0
282,Oscilio,2024-10-21T18:17:07,Sigil of Aether (blue),1,0
282,Oscilio,2024-10-21T18:17:07,Sigil of Conductivity (blue),1,0
282,Oscilio,2024-10-21T18:17:07,Sigil of Forethought (blue),1,0
282,Oscilio,2024-10-21T18:17:07,Sigil of Lightning (blue),1,0
282,Oscilio,2024-10-21T18:17:07,Trip the Light Fantastic (blue),1,0
282,Oscilio,2024-10-21T18:17:07,Flash of Brilliance,1,1
282,Oscilio,2024-10-21T18:17:07,Hood of Second Thoughts,1,1
282,Oscilio,2024-10-21T18:17:07,Ink-lined Cloak,1,1
282,Oscilio,2024-10-21T18:17:07,Twinkle Toes,1,1
283,Verdance,2024-10-21T23:51:19,Aether Quickening (red),1,0
283,Verdance,2024-10-21T23:51:19,Arcane Twining (red),1,0
283,Verdance,2024-10-21T23:51:19,Cadaverous Tilling (red),1,0
283,Verdance,2024-10-21T23:51:19,Channel the Millennium Tree (red),1,0
283,Verdance,2024-10-21T23:51:19,Exploding Aether (red),1,0
283,Verdance,2024-10-21T23:51:19,Fruits of the Forest (red),1,0
283,Verdance,2024-10-21T23:51:19,Perennial Aetherbloom (red),2,0
283,Verdance,2024-10-21T23:51:19,Pulsing Aether // Life (red),1,0
283,Verdance,2024-10-21T23:51:19,Trailblazing Aether (red),3,0
283,Verdance,2024-10-21T23:51:19,Arcane Polarity (yellow),1,0
283,Verdance,2024-10-21T23:51:19,Arcane Twining (yellow),1,0
283,Verdance,2024-10-21T23:51:19,Brush Off (yellow),1,0
283,Verdance,2024-10-21T23:51:19,Fruits of the Forest (yellow),1,0
283,Verdance,2024-10-21T23:51:19,Open the Flood Gates (yellow),1,0
283,Verdance,2024-10-21T23:51:19,Perennial Aetherbloom (yellow),3,0
283,Verdance,2024-10-21T23:51:19,Photon Splicing (yellow),1,0
283,Verdance,2024-10-21T23:51:19,Rampant Growth // Life (yellow),1,0
283,Verdance,2024-10-21T23:51:19,Trailblazing Aether (yellow),2,0
283,Verdance,2024-10-21T23:51:19,Aether Quickening (blue),1,0
283,Verdance,2024-10-21T23:51:19,Arcane Polarity (blue),1,0
283,Verdance,2024-10-21T23:51:19,Arcane Twining (blue),1,0
283,Verdance,2024-10-21T23:51:19,Earth Form (blue),1,0
283,Verdance,2024-10-21T23:51:19,Etchings of Arcana (blue),1,0
283,Verdance,2024-10-21T23:51:19,Fertile Ground (blue),1,0
283,Verdance,2024-10-21T23:51:19,Overflow the Aetherwell (blue),1,0
283,Verdance,2024-10-21T23:51:19,Photon Splicing (blue),2,0
283,Verdance,2024-10-21T23:51:19,Seeds of Tomorrow (blue),1,0
283,Verdance,2024-10-21T23:51:19,Sigil of Earth (blue),1,0
283,Verdance,2024-10-21T23:51:19,Sigil of Forethought (blue),1,0
283,Verdance,2024-10-21T23:51:19,Trailblazing Aether (blue),1,0
283,Verdance,2024-10-21T23:51:19,Hold Focus,1,1
283,Verdance,2024-10-21T23:51:19,Hood of Second Thoughts,1,1
284,Oscilio,2024-10-22T01:48:41,Aether Quickening (red),2,0
284,Oscilio,2024-10-22T01:48:41,Arcane Polarity (red),1,0
284,Oscilio,2024-10-22T01:48:41,Chorus of the Amphitheater (red),1,0
284,Oscilio,2024-10-22T01:48:41,Comet Storm // Shock (red),1,0
284,Oscilio,2024-10-22T01:48:41,Exploding Aether (red),1,0
284,Oscilio,2024-10-22T01:48:41,Open the Flood Gates (red),2,0
284,Oscilio,2024-10-22T01:48:41,Photon Splicing (red),1,0
284,Oscilio,2024-10-22T01:48:41,Trailblazing Aether (red),4,0
284,Oscilio,2024-10-22T01:48:41,Arcane Twining (yellow),1,0
284,Oscilio,2024-10-22T01:48:41,Brush Off (yellow),1,0
284,Oscilio,2024-10-22T01:48:41,Exploding Aether (yellow),2,0
284,Oscilio,2024-10-22T01:48:41,Flash (yellow),1,0
284,Oscilio,2024-10-22T01:48:41,Heaven's Claws (yellow),1,0
284,Oscilio,2024-10-22T01:48:41,Lightning Form (yellow),1,0
284,Oscilio,2024-10-22T01:48:41,Overflow the Aetherwell (yellow),1,0
284,Oscilio,2024-10-22T01:48:41,Trailblazing Aether (yellow),1,0
284,Oscilio,2024-10-22T01:48:41,Trip the Light Fantastic (yellow),2,0
284,Oscilio,2024-10-22T01:48:41,Arcane Twining (blue),1,0
284,Oscilio,2024-10-22T01:48:41,Chorus of the Amphitheater (blue),1,0
284,Oscilio,2024-10-22T01:48:41,Flash (blue),1,0
284,Oscilio,2024-10-22T01:48:41,High Voltage (blue),1,0
284,Oscilio,2024-10-22T01:48:41,Open the Flood Gates (blue),1,0
284,Oscilio,2024-10-22T01:48:41,Overflow the Aetherwell (blue),3,0
284,Oscilio,2024-10-22T01:48:41,Perennial Aetherbloom (blue),1,0
284,Oscilio,2024-10-22T01:48:41,Sigil of Conductivity (blue),1,0
284,Oscilio,2024-10-22T01:48:41,Sigil of Forethought (blue),1,0
284,Oscilio,2024-10-22T01:48:41,Sigil of Temporal Manipulation (blue),1,0
284,Oscilio,2024-10-22T01:48:41,Truce (blue),1,0
284,Oscilio,2024-10-22T01:48:41,Flash of Brilliance,1,1
284,Oscilio,2024-10-22T01:48:41,Hold Focus,1,1
285,Verdance,2024-10-22T04:48:51,Autumn's Touch (red),1,0
285,Verdance,2024-10-22T04:48:51,Cadaverous Tilling (red),1,0
285,Verdance,2024-10-22T04:48:51,Fertile Ground (red),1,0
285,Verdance,2024-10-22T04:48:51,Pulsing Aether // Life (red),1,0
285,Verdance,2024-10-22T04:48:51,Rootbound Carapace (red),1,0
285,Verdance,2024-10-22T04:48:51,Strength of Four Seasons (red),2,0
285,Verdance,2024-10-22T04:48:51,Strong Yield (red),1,0
285,Verdance,2024-10-22T04:48:51,Arcane Polarity (yellow),1,0
285,Verdance,2024-10-22T04:48:51,Count Your Blessings (yellow),1,0
285,Verdance,2024-10-22T04:48:51,Earth Form (yellow),1,0
285,Verdance,2024-10-22T04:48:51,Exploding Aether (yellow),2,0
285,Verdance,2024-10-22T04:48:51,Fertile Ground (yellow),1,0
285,Verdance,2024-10-22T04:48:51,Fyendal's Fighting Spirit (yellow),1,0
285,Verdance,2024-10-22T04:48:51,Open the Flood Gates (yellow),1,0
285,Verdance,2024-10-22T04:48:51,Pop the Bubble (yellow),1,0
285,Verdance,2024-10-22T04:48:51,Rootbound Carapace (yellow),1,0
285,Verdance,2024-10-22T04:48:51,Save the Thought (yellow),1,0
285,Verdance,2024-10-22T04:48:51,Summer's Fall (yellow),1,0
285,Verdance,2024-10-22T04:48:51,Autumn's Touch (blue),1,0
285,Verdance,2024-10-22T04:48:51,Blossoming Decay (blue),3,0
285,Verdance,2024-10-22T04:48:51,Cadaverous Tilling (blue),1,0
285,Verdance,2024-10-22T04:48:51,Count Your Blessings (blue),1,0
285,Verdance,2024-10-22T04:48:51,Earth's Embrace (blue),1,0
285,Verdance,2024-10-22T04:48:51,Heartbeat of Candlehold (blue),1,0
285,Verdance,2024-10-22T04:48:51,Overflow the Aetherwell (blue),1,0
285,Verdance,2024-10-22T04:48:51,Perennial Aetherbloom (blue),1,0
285,Verdance,2024-10-22T04:48:51,Rootbound Carapace (blue),1,0
285,Verdance,2024-10-22T04:48:51,Sigil of Earth (blue),1,0
285,Verdance,2024-10-22T04:48:51,Sigil of Fyendal (blue),1,0
285,Verdance,2024-10-22T04:48:51,Summer's Fall (blue),1,0
285,Verdance,2024-10-22T04:48:51,Bruised Leather,1,1
285,Verdance,2024-10-22T04:48:51,Helm of Lignum Vitae,1,1
285,Verdance,2024-10-22T04:48:51,Well Grounded,1,1
286,Verdance,2024-10-22T21:36:51,Aether Quickening (red),1,0
286,Verdance,2024-10-22T21:36:51,Arcane Twining (red),2,0
286,Verdance,2024-10-22T21:36:51,Blossoming Decay (red),1,0
286,Verdance,2024-10-22T21:36:51,Etchings of Arcana (red),2,0
286,Verdance,2024-10-22T21:36:51,Exploding Aether (red),1,0
286,Verdance,2024-10-22T21:36:51,Fertile Ground (red),1,0
286,Verdance,2024-10-22T21:36:51,Open the Flood Gates (red),1,0
286,Verdance,2024-10-22T21:36:51,Overflow the Aetherwell (red),1,0
286,Verdance,2024-10-22T21:36:51,Photon Splicing (red),2,0
286,Verdance,2024-10-22T21:36:51,Pulsing Aether // Life (red),1,0
286,Verdance,2024-10-22T21:36:51,Summer's Fall (red),2,0
286,Verdance,2024-10-22T21:36:51,Trailblazing Aether (red),1,0
286,Verdance,2024-10-22T21:36:51,Aether Quickening (yellow),1,0
286,Verdance,2024-10-22T21:36:51,Arcane Polarity (yellow),1,0
286,Verdance,2024-10-22T21:36:51,Brush Off (yellow),1,0
286,Verdance,2024-10-22T21:36:51,Fertile Ground (yellow),1,0
286,Verdance,2024-10-22T21:36:51,Fyendal's Fighting Spirit (yellow),1,0
286,Verdance,2024-10-22T21:36:51,Overflow the Aetherwell (yellow),1,0
286,Verdance,2024-10-22T21:36:51,Perennial Aetherbloom (yellow),2,0
286,Verdance,2024-10-22T21:36:51,Save the Thought (yellow),1,0
286,Verdance,2024-10-22T21:36:51,Summer's Fall (yellow),1,0
286,Verdance,2024-10-22T21:36:51,Arcane Polarity (blue),1,0
286,Verdance,2024-10-22T21:36:51,Brush Off (blue),1,0
286,Verdance,2024-10-22T21:36:51,Cadaverous Tilling (blue),1,0
286,Verdance,2024-10-22T21:36:51,Chorus of the Amphitheater (blue),1,0
286,Verdance,2024-10-22T21:36:51,Etchings of Arcana (blue),1,0
286,Verdance,2024-10-22T21:36:51,Fertile Ground (blue),1,0
286,Verdance,2024-10-22T21:36:51,Photon Splicing (blue),1,0
286,Verdance,2024-10-22T21:36:51,Pop the Bubble (blue),1,0
286,Verdance,2024-10-22T21:36:51,Sigil of Cycles (blue),1,0
286,Verdance,2024-10-22T21:36:51,Sigil of Fyendal (blue),1,0
286,Verdance,2024-10-22T21:36:51,Strength of Four Seasons (blue),1,0
286,Verdance,2024-10-22T21:36:51,Four Finger Gloves,1,1
286,Verdance,2024-10-22T21:36:51,Helm of Lignum Vitae,1,1
286,Verdance,2024-10-22T21:36:51,Well Grounded,1,1
287,Verdance,2024-10-23T03:05:55,Aether Quickening (red),1,0
287,Verdance,2024-10-23T03:05:55,Arcane Twining (red),1,0
287,Verdance,2024-10-23T03:05:55,Glyph Overlay (red),2,0
287,Verdance,2024-10-23T03:05:55,Perennial Aetherbloom (red),1,0
287,Verdance,2024-10-23T03:05:55,Photon Splicing (red),1,0
287,Verdance,2024-10-23T03:05:55,Pulsing Aether // Life (red),2,0
287,Verdance,2024-10-23T03:05:55,Trailblazing Aether (red),2,0
287,Verdance,2024-10-23T03:05:55,Etchings of Arcana (yellow),1,0
287,Verdance,2024-10-23T03:05:55,Glyph Overlay (yellow),1,0
287,Verdance,2024-10-23T03:05:55,Perennial Aetherbloom (yellow),1,0
287,Verdance,2024-10-23T03:05:55,Photon Splicing (yellow),1,0
287,Verdance,2024-10-23T03:05:55,Pop the Bubble (yellow),1,0
287,Verdance,2024-10-23T03:05:55,Arcane Polarity (blue),2,0
287,Verdance,2024-10-23T03:05:55,Arcane Twining (blue),3,0
287,Verdance,2024-10-23T03:05:55,Earth Form (blue),1,0
287,Verdance,2024-10-23T03:05:55,Etchings of Arcana (blue),3,0
287,Verdance,2024-10-23T03:05:55,Exploding Aether (blue),1,0
287,Verdance,2024-10-23T03:05:55,Fyendal's Fighting Spirit (blue),2,0
287,Verdance,2024-10-23T03:05:55,Perennial Aetherbloom (blue),1,0
287,Verdance,2024-10-23T03:05:55,Photon Splicing (blue),1,0
287,Verdance,2024-10-23T03:05:55,Pop the Bubble (blue),1,0
287,Verdance,2024-10-23T03:05:55,Sigil of Earth (blue),1,0
287,Verdance,2024-10-23T03:05:55,Sigil of Forethought (blue),1,0
287,Verdance,2024-10-23T03:05:55,Sigil of Fyendal (blue),1,0
287,Verdance,2024-10-23T03:05:55,Sigil of Temporal Manipulation (blue),2,0
287,Verdance,2024-10-23T03:05:55,Helm of Lignum Vitae,1,1
287,Verdance,2024-10-23T03:05:55,Ink-lined Cloak,1,1
288,Florian,2024-10-23T05:17:51,Arcane Seeds // Life (red),1,0
288,Florian,2024-10-23T05:17:51,Autumn's Touch (red),1,0
288,Florian,2024-10-23T05:17:51,Cadaverous Tilling (red),2,0
288,Florian,2024-10-23T05:17:51,Earth Form (red),1,0
288,Florian,2024-10-23T05:17:51,Fruits of the Forest (red),1,0
288,Florian,2024-10-23T05:17:51,Harvest Season (red),1,0
288,Florian,2024-10-23T05:17:51,Hit the High Notes (red),1,0
288,Florian,2024-10-23T05:17:51,Meat and Greet (red),1,0
288,Florian,2024-10-23T05:17:51,Rootbound Carapace (red),1,0
288,Florian,2024-10-23T05:17:51,Strength of Four Seasons (red),1,0
288,Florian,2024-10-23T05:17:51,Strong Yield (red),1,0
288,Florian,2024-10-23T05:17:51,Arcane Polarity (yellow),1,0
288,Florian,2024-10-23T05:17:51,Blossoming Decay (yellow),1,0
288,Florian,2024-10-23T05:17:51,Condemn to Slaughter (yellow),1,0
288,Florian,2024-10-23T05:17:51,Fertile Ground (yellow),3,0
288,Florian,2024-10-23T05:17:51,Fruits of the Forest (yellow),1,0
288,Florian,2024-10-23T05:17:51,Fyendal's Fighting Spirit (yellow),1,0
288,Florian,2024-10-23T05:17:51,Rootbound Carapace (yellow),1,0
288,Florian,2024-10-23T05:17:51,Splintering Deadwood (yellow),1,0
288,Florian,2024-10-23T05:17:51,Strength of Four Seasons (yellow),1,0
288,Florian,2024-10-23T05:17:51,Strong Yield (yellow),1,0
288,Florian,2024-10-23T05:17:51,Summer's Fall (yellow),1,0
288,Florian,2024-10-23T05:17:51,Arcane Polarity (blue),1,0
288,Florian,2024-10-23T05:17:51,Autumn's Touch (blue),1,0
288,Florian,2024-10-23T05:17:51,Deadwood Dirge (blue),2,0
288,Florian,2024-10-23T05:17:51,Fertile Ground (blue),1,0
288,Florian,2024-10-23T05:17:51,Fyendal's Fighting Spirit (blue),2,0
288,Florian,2024-10-23T05:17:51,Sigil of Deadwood (blue),3,0
288,Florian,2024-10-23T05:17:51,Strong Yield (blue),1,0
288,Florian,2024-10-23T05:17:51,Helm of Lignum Vitae,1,1
288,Florian,2024-10-23T05:17:51,Well Grounded,1,1
289,Florian,2024-10-23T06:40:30,Arcane Cussing (red),1,0
289,Florian,2024-10-23T06:40:30,Arcane Seeds // Life (red),2,0
289,Florian,2024-10-23T06:40:30,Cadaverous Tilling (red),1,0
289,Florian,2024-10-23T06:40:30,Consuming Volition (red),1,0
289,Florian,2024-10-23T06:40:30,Fertile Ground (red),1,0
289,Florian,2024-10-23T06:40:30,Fruits of the Forest (red),1,0
289,Florian,2024-10-23T06:40:30,Meat and Greet (red),1,0
289,Florian,2024-10-23T06:40:30,Oath of the Arknight (red),3,0
289,Florian,2024-10-23T06:40:30,Rootbound Carapace (red),1,0
289,Florian,2024-10-23T06:40:30,Strong Yield (red),1,0
289,Florian,2024-10-23T06:40:30,Summer's Fall (red),1,0
289,Florian,2024-10-23T06:40:30,Deadwood Dirge (yellow),1,0
289,Florian,2024-10-23T06:40:30,Fruits of the Forest (yellow),1,0
289,Florian,2024-10-23T06:40:30,Harvest Season (yellow),1,0
289,Florian,2024-10-23T06:40:30,Hit the High Notes (yellow),1,0
289,Florian,2024-10-23T06:40:30,Meat and Greet (yellow),1,0
289,Florian,2024-10-23T06:40:30,Oath of the Arknight (yellow),2,0
289,Florian,2024-10-23T06:40:30,Runerager Swarm (yellow),1,0
289,Florian,2024-10-23T06:40:30,Summer's Fall (yellow),1,0
289,Florian,2024-10-23T06:40:30,Arcanic Spike (blue),2,0
289,Florian,2024-10-23T06:40:30,Autumn's Touch (blue),1,0
289,Florian,2024-10-23T06:40:30,Cadaverous Tilling (blue),1,0
289,Florian,2024-10-23T06:40:30,Deadwood Dirge (blue),1,0
289,Florian,2024-10-23T06:40:30,Fruits of the Forest (blue),1,0
289,Florian,2024-10-23T06:40:30,Fyendal's Fighting Spirit (blue),1,0
289,Florian,2024-10-23T06:40:30,Hit the High Notes (blue),1,0
289,Florian,2024-10-23T06:40:30,Hocus Pocus (blue),1,0
289,Florian,2024-10-23T06:40:30,Meat and Greet (blue),1,0
289,Florian,2024-10-23T06:40:30,Runerager Swarm (blue),2,0
289,Florian,2024-10-23T06:40:30,Sigil of Fyendal (blue),2,0
289,Florian,2024-10-23T06:40:30,Vantage Point (blue),1,0
289,Florian,2024-10-23T06:40:30,Helm of Lignum Vitae,1,1
289,Florian,2024-10-23T06:40:30,Well Grounded,1,1
290,Verdance,2024-10-23T21:38:39,Arcane Twining (red),1,0
290,Verdance,2024-10-23T21:38:39,Brush Off (red),1,0
290,Verdance,2024-10-23T21:38:39,Chorus of the Amphitheater (red),1,0
290,Verdance,2024-10-23T21:38:39,Etchings of Arcana (red),1,0
290,Verdance,2024-10-23T21:38:39,Exploding Aether (red),1,0
290,Verdance,2024-10-23T21:38:39,Felling of the Crown (red),1,0
290,Verdance,2024-10-23T21:38:39,Fruits of the Forest (red),1,0
290,Verdance,2024-10-23T21:38:39,Overflow the Aetherwell (red),2,0
290,Verdance,2024-10-23T21:38:39,Perennial Aetherbloom (red),1,0
290,Verdance,2024-10-23T21:38:39,Photon Splicing (red),1,0
290,Verdance,2024-10-23T21:38:39,Smash Up (red),1,0
290,Verdance,2024-10-23T21:38:39,Arcane Twining (yellow),1,0
290,Verdance,2024-10-23T21:38:39,Cadaverous Tilling (yellow),1,0
290,Verdance,2024-10-23T21:38:39,Chorus of the Amphitheater (yellow),1,0
290,Verdance,2024-10-23T21:38:39,Fertile Ground (yellow),1,0
290,Verdance,2024-10-23T21:38:39,Photon Splicing (yellow),2,0
290,Verdance,2024-10-23T21:38:39,Strong Yield (yellow),2,0
290,Verdance,2024-10-23T21:38:39,Aether Quickening (blue),1,0
290,Verdance,2024-10-23T21:38:39,Cadaverous Tilling (blue),1,0
290,Verdance,2024-10-23T21:38:39,Etchings of Arcana (blue),2,0
290,Verdance,2024-10-23T21:38:39,Exploding Aether (blue),1,0
290,Verdance,2024-10-23T21:38:39,Fertile Ground (blue),1,0
290,Verdance,2024-10-23T21:38:39,Fruits of the Forest (blue),2,0
290,Verdance,2024-10-23T21:38:39,Photon Splicing (blue),1,0
290,Verdance,2024-10-23T21:38:39,Rootbound Carapace (blue),1,0
290,Verdance,2024-10-23T21:38:39,Sigil of Earth (blue),1,0
290,Verdance,2024-10-23T21:38:39,Strong Yield (blue),1,0
290,Verdance,2024-10-23T21:38:39,Helm of Lignum Vitae,1,1
290,Verdance,2024-10-23T21:38:39,Hold Focus,1,1
290,Verdance,2024-10-23T21:38:39,Ink-lined Cloak,1,1
290,Verdance,2024-10-23T21:38:39,Well Grounded,1,1
291,Verdance,2024-10-24T01:06:56,Arcane Twining (red),2,0
291,Verdance,2024-10-24T01:06:56,Autumn's Touch (red),1,0
291,Verdance,2024-10-24T01:06:56,Blossoming Decay (red),2,0
291,Verdance,2024-10-24T01:06:56,Etchings of Arcana (red),1,0
291,Verdance,2024-10-24T01:06:56,Eternal Inferno (red),1,0
291,Verdance,2024-10-24T01:06:56,Fertile Ground (red),1,0
291,Verdance,2024-10-24T01:06:56,Harvest Season (red),1,0
291,Verdance,2024-10-24T01:06:56,Photon Splicing (red),1,0
291,Verdance,2024-10-24T01:06:56,Pulsing Aether // Life (red),1,0
291,Verdance,2024-10-24T01:06:56,Save the Thought (red),1,0
291,Verdance,2024-10-24T01:06:56,Aether Quickening (yellow),1,0
291,Verdance,2024-10-24T01:06:56,Arcane Twining (yellow),1,0
291,Verdance,2024-10-24T01:06:56,Autumn's Touch (yellow),1,0
291,Verdance,2024-10-24T01:06:56,Cadaverous Tilling (yellow),1,0
291,Verdance,2024-10-24T01:06:56,Fertile Ground (yellow),1,0
291,Verdance,2024-10-24T01:06:56,Open the Flood Gates (yellow),2,0
291,Verdance,2024-10-24T01:06:56,Overflow the Aetherwell (yellow),2,0
291,Verdance,2024-10-24T01:06:56,Perennial Aetherbloom (yellow),2,0
291,Verdance,2024-10-24T01:06:56,Photon Splicing (yellow),1,0
291,Verdance,2024-10-24T01:06:56,Arcane Twining (blue),2,0
291,Verdance,2024-10-24T01:06:56,Autumn's Touch (blue),1,0
291,Verdance,2024-10-24T01:06:56,Blossoming Decay (blue),1,0
291,Verdance,2024-10-24T01:06:56,Destructive Aethertide (blue),1,0
291,Verdance,2024-10-24T01:06:56,Fertile Ground (blue),1,0
291,Verdance,2024-10-24T01:06:56,Harvest Season (blue),1,0
291,Verdance,2024-10-24T01:06:56,Overflow the Aetherwell (blue),1,0
291,Verdance,2024-10-24T01:06:56,Photon Splicing (blue),1,0
291,Verdance,2024-10-24T01:06:56,Sigil of Earth (blue),1,0
291,Verdance,2024-10-24T01:06:56,Sigil of Sanctuary (blue),2,0
291,Verdance,2024-10-24T01:06:56,Helm of Lignum Vitae,1,1
291,Verdance,2024-10-24T01:06:56,Hold Focus,1,1
291,Verdance,2024-10-24T01:06:56,Ink-lined Cloak,1,1
291,Verdance,2024-10-24T01:06:56,Well Grounded,1,1
292,Oscilio,2024-10-24T06:28:11,Aether Quickening (red),1,0
292,Oscilio,2024-10-24T06:28:11,Arcane Twining (red),1,0
292,Oscilio,2024-10-24T06:28:11,Blast to Oblivion (red),1,0
292,Oscilio,2024-10-24T06:28:11,Comet Storm // Shock (red),1,0
292,Oscilio,2024-10-24T06:28:11,Electrostatic Discharge (red),1,0
292,Oscilio,2024-10-24T06:28:11,Etchings of Arcana (red),1,0
292,Oscilio,2024-10-24T06:28:11,Exploding Aether (red),1,0
292,Oscilio,2024-10-24T06:28:11,Flash (red),1,0
292,Oscilio,2024-10-24T06:28:11,Flittering Charge (red),1,0
292,Oscilio,2024-10-24T06:28:11,Fyendal's Fighting Spirit (red),1,0
292,Oscilio,2024-10-24T06:28:11,Glyph Overlay (red),2,0
292,Oscilio,2024-10-24T06:28:11,Heaven's Claws (red),1,0
292,Oscilio,2024-10-24T06:28:11,Overflow the Aetherwell (red),1,0
292,Oscilio,2024-10-24T06:28:11,Brush Off (yellow),1,0
292,Oscilio,2024-10-24T06:28:11,Chorus of the Amphitheater (yellow),1,0
292,Oscilio,2024-10-24T06:28:11,Electrostatic Discharge (yellow),1,0
292,Oscilio,2024-10-24T06:28:11,Etchings of Arcana (yellow),2,0
292,Oscilio,2024-10-24T06:28:11,Flash (yellow),1,0
292,Oscilio,2024-10-24T06:28:11,Flittering Charge (yellow),1,0
292,Oscilio,2024-10-24T06:28:11,Fry (yellow),1,0
292,Oscilio,2024-10-24T06:28:11,Open the Flood Gates (yellow),1,0
292,Oscilio,2024-10-24T06:28:11,Second Strike (yellow),1,0
292,Oscilio,2024-10-24T06:28:11,Trailblazing Aether (yellow),1,0
292,Oscilio,2024-10-24T06:28:11,Trip the Light Fantastic (yellow),1,0
292,Oscilio,2024-10-24T06:28:11,Current Funnel (blue),1,0
292,Oscilio,2024-10-24T06:28:11,Etchings of Arcana (blue),1,0
292,Oscilio,2024-10-24T06:28:11,Flittering Charge (blue),1,0
292,Oscilio,2024-10-24T06:28:11,Heaven's Claws (blue),1,0
292,Oscilio,2024-10-24T06:28:11,Lightning Surge (blue),1,0
292,Oscilio,2024-10-24T06:28:11,Photon Splicing (blue),1,0
292,Oscilio,2024-10-24T06:28:11,Second Strike (blue),1,0
292,Oscilio,2024-10-24T06:28:11,Sigil of Conductivity (blue),1,0
292,Oscilio,2024-10-24T06:28:11,Sigil of Lightning (blue),3,0
292,Oscilio,2024-10-24T06:28:11,Flash of Brilliance,1,1
292,Oscilio,2024-10-24T06:28:11,Hold Focus,1,1
292,Oscilio,2024-10-24T06:28:11,Ink-lined Cloak,1,1
292,Oscilio,2024-10-24T06:28:11,Twinkle Toes,1,1
293,Oscilio,2024-10-24T18:56:28,Chorus of the Amphitheater (red),1,0
293,Oscilio,2024-10-24T18:56:28,Comet Storm // Shock (red),1,0
293,Oscilio,2024-10-24T18:56:28,Count Your Blessings (red),1,0
293,Oscilio,2024-10-24T18:56:28,Electromagnetic Somersault (red),1,0
293,Oscilio,2024-10-24T18:56:28,Etchings of Arcana (red),1,0
293,Oscilio,2024-10-24T18:56:28,Exploding Aether (red),4,0
293,Oscilio,2024-10-24T18:56:28,Flash (red),1,0
293,Oscilio,2024-10-24T18:56:28,Flittering Charge (red),1,0
293,Oscilio,2024-10-24T18:56:28,Lightning Surge (red),1,0
293,Oscilio,2024-10-24T18:56:28,Open the Flood Gates (red),1,0
293,Oscilio,2024-10-24T18:56:28,Overflow the Aetherwell (red),2,0
293,Oscilio,2024-10-24T18:56:28,Perennial Aetherbloom (red),1,0
293,Oscilio,2024-10-24T18:56:28,Photon Splicing (red),2,0
293,Oscilio,2024-10-24T18:56:28,Trailblazing Aether (red),4,0
293,Oscilio,2024-10-24T18:56:28,Aether Quickening (yellow),2,0
293,Oscilio,2024-10-24T18:56:28,Arcane Polarity (yellow),1,0
293,Oscilio,2024-10-24T18:56:28,Exploding Aether (yellow),1,0
293,Oscilio,2024-10-24T18:56:28,Flash (yellow),1,0
293,Oscilio,2024-10-24T18:56:28,Trailblazing Aether (yellow),2,0
293,Oscilio,2024-10-24T18:56:28,Aether Quickening (blue),1,0
293,Oscilio,2024-10-24T18:56:28,Arcane Twining (blue),2,0
293,Oscilio,2024-10-24T18:56:28,Etchings of Arcana (blue),1,0
293,Oscilio,2024-10-24T18:56:28,Open the Flood Gates (blue),1,0
293,Oscilio,2024-10-24T18:56:28,Overflow the Aetherwell (blue),1,0
293,Oscilio,2024-10-24T18:56:28,Perennial Aetherbloom (blue),1,0
293,Oscilio,2024-10-24T18:56:28,Photon Splicing (blue),1,0
293,Oscilio,2024-10-24T18:56:28,Pop the Bubble (blue),1,0
293,Oscilio,2024-10-24T18:56:28,Sigil of Conductivity (blue),1,0
293,Oscilio,2024-10-24T18:56:28,Trailblazing Aether (blue),1,0
293,Oscilio,2024-10-24T18:56:28,Flash of Brilliance,1,1
293,Oscilio,2024-10-24T18:56:28,Hold Focus,1,1
294,Oscilio,2024-10-25T03:25:16,Arcane Twining (red),2,0
294,Oscilio,2024-10-25T03:25:16,Comet Storm // Shock (red),1,0
294,Oscilio,2024-10-25T03:25:16,Electrostatic Discharge (red),1,0
294,Oscilio,2024-10-25T03:25:16,Fry (red),1,0
294,Oscilio,2024-10-25T03:25:16,Perennial Aetherbloom (red),1,0
294,Oscilio,2024-10-25T03:25:16,Trailblazing Aether (red),1,0
294,Oscilio,2024-10-25T03:25:16,Trip the Light Fantastic (red),1,0
294,Oscilio,2024-10-25T03:25:16,Arcane Polarity (yellow),2,0
294,Oscilio,2024-10-25T03:25:16,Arcane Twining (yellow),3,0
294,Oscilio,2024-10-25T03:25:16,Brush Off (yellow),1,0
294,Oscilio,2024-10-25T03:25:16,Chorus of the Amphitheater (yellow),1,0
294,Oscilio,2024-10-25T03:25:16,Electrostatic Discharge (yellow),1,0
294,Oscilio,2024-10-25T03:25:16,Exploding Aether (yellow),2,0
294,Oscilio,2024-10-25T03:25:16,Flash (yellow),1,0
294,Oscilio,2024-10-25T03:25:16,Flittering Charge (yellow),1,0
294,Oscilio,2024-10-25T03:25:16,Heaven's Claws (yellow),1,0
294,Oscilio,2024-10-25T03:25:16,Perennial Aetherbloom (yellow),1,0
294,Oscilio,2024-10-25T03:25:16,Photon Splicing (yellow),1,0
294,Oscilio,2024-10-25T03:25:16,Pop the Bubble (yellow),1,0
294,Oscilio,2024-10-25T03:25:16,Heaven's Claws (blue),1,0
294,Oscilio,2024-10-25T03:25:16,High Voltage (blue),1,0
294,Oscilio,2024-10-25T03:25:16,Lightning Surge (blue),1,0
294,Oscilio,2024-10-25T03:25:16,Photon Splicing (blue),2,0
294,Oscilio,2024-10-25T03:25:16,Sigil of Forethought (blue),2,0
294,Oscilio,2024-10-25T03:25:16,Sigil of Lightning (blue),2,0
294,Oscilio,2024-10-25T03:25:16,Trip the Light Fantastic (blue),1,0
294,Oscilio,2024-10-25T03:25:16,Flash of Brilliance,1,1
294,Oscilio,2024-10-25T03:25:16,Ink-lined Cloak,1,1
294,Oscilio,2024-10-25T03:25:16,Twinkle Toes,1,1
295,Oscilio,2024-10-25T07:04:24,Aether Quickening (red),1,0
295,Oscilio,2024-10-25T07:04:24,Arcane Polarity (red),1,0
295,Oscilio,2024-10-25T07:04:24,Brush Off (red),1,0
295,Oscilio,2024-10-25T07:04:24,Comet Storm // Shock (red),1,0
295,Oscilio,2024-10-25T07:04:24,Etchings of Arcana (red),1,0
295,Oscilio,2024-10-25T07:04:24,Flittering Charge (red),2,0
295,Oscilio,2024-10-25T07:04:24,Open the Flood Gates (red),1,0
295,Oscilio,2024-10-25T07:04:24,Trailblazing Aether (red),1,0
295,Oscilio,2024-10-25T07:04:24,Electrostatic Discharge (yellow),2,0
295,Oscilio,2024-10-25T07:04:24,Etchings of Arcana (yellow),1,0
295,Oscilio,2024-10-25T07:04:24,Exploding Aether (yellow),1,0
295,Oscilio,2024-10-25T07:04:24,Fyendal's Fighting Spirit (yellow),1,0
295,Oscilio,2024-10-25T07:04:24,Lightning Surge (yellow),2,0
295,Oscilio,2024-10-25T07:04:24,Open the Flood Gates (yellow),1,0
295,Oscilio,2024-10-25T07:04:24,Overflow the Aetherwell (yellow),1,0
295,Oscilio,2024-10-25T07:04:24,Photon Splicing (yellow),1,0
295,Oscilio,2024-10-25T07:04:24,Pop the Bubble (yellow),1,0
295,Oscilio,2024-10-25T07:04:24,Trailblazing Aether (yellow),1,0
295,Oscilio,2024-10-25T07:04:24,Exploding Aether (blue),1,0
295,Oscilio,2024-10-25T07:04:24,Flittering Charge (blue),1,0
295,Oscilio,2024-10-25T07:04:24,Heaven's Claws (blue),1,0
295,Oscilio,2024-10-25T07:04:24,High Voltage (blue),1,0
295,Oscilio,2024-10-25T07:04:24,Open the Flood Gates (blue),1,0
295,Oscilio,2024-10-25T07:04:24,Second Strike (blue),1,0
295,Oscilio,2024-10-25T07:04:24,Sigil of Forethought (blue),2,0
295,Oscilio,2024-10-25T07:04:24,Sigil of Lightning (blue),1,0
295,Oscilio,2024-10-25T07:04:24,Hold Focus,1,1
295,Oscilio,2024-10-25T07:04:24,Ink-lined Cloak,1,1
295,Oscilio,2024-10-25T07:04:24,Runaways,1,1
296,Florian,2024-10-25T09:24:16,Arcane Cussing (red),1,0
296,Florian,2024-10-25T09:24:16,Arcane Polarity (red),1,0
296,Florian,2024-10-25T09:24:16,Autumn's Touch (red),1,0
296,Florian,2024-10-25T09:24:16,Blossoming Decay (red),1,0
296,Florian,2024-10-25T09:24:16,Deadwood Dirge (red),3,0
296,Florian,2024-10-25T09:24:16,Fruits of the Forest (red),1,0
296,Florian,2024-10-25T09:24:16,Harvest Season (red),1,0
296,Florian,2024-10-25T09:24:16,Hit the High Notes (red),1,0
296,Florian,2024-10-25T09:24:16,Oath of the Arknight (red),1,0
296,Florian,2024-10-25T09:24:16,Arcane Cussing (yellow),2,0
296,Florian,2024-10-25T09:24:16,Autumn's Touch (yellow),1,0
296,Florian,2024-10-25T09:24:16,Consuming Volition (yellow),1,0
296,Florian,2024-10-25T09:24:16,Earth Form (yellow),1,0
296,Florian,2024-10-25T09:24:16,Fruits of the Forest (yellow),1,0
296,Florian,2024-10-25T09:24:16,Fyendal's Fighting Spirit (yellow),1,0
296,Florian,2024-10-25T09:24:16,Hit the High Notes (yellow),1,0
296,Florian,2024-10-25T09:24:16,Meat and Greet (yellow),1,0
296,Florian,2024-10-25T09:24:16,Oath of the Arknight (yellow),1,0
296,Florian,2024-10-25T09:24:16,Splintering Deadwood (yellow),1,0
296,Florian,2024-10-25T09:24:16,Blossoming Decay (blue),1,0
296,Florian,2024-10-25T09:24:16,Cadaverous Tilling (blue),1,0
296,Florian,2024-10-25T09:24:16,Condemn to Slaughter (blue),1,0
296,Florian,2024-10-25T09:24:16,Consuming Volition (blue),1,0
296,Florian,2024-10-25T09:24:16,Deadwood Dirge (blue),1,0
296,Florian,2024-10-25T09:24:16,Fyendal's Fighting Spirit (blue),1,0
296,Florian,2024-10-25T09:24:16,Harvest Season (blue),1,0
296,Florian,2024-10-25T09:24:16,Oath of the Arknight (blue),1,0
296,Florian,2024-10-25T09:24:16,Sigil of Cycles (blue),1,0
296,Florian,2024-10-25T09:24:16,Sigil of the Arknight (blue),1,0
296,Florian,2024-10-25T09:24:16,Splintering Deadwood (blue),1,0
296,Florian,2024-10-25T09:24:16,Summer's Fall (blue),1,0
296,Florian,2024-10-25T09:24:16,Vantage Point (blue),1,0
296,Florian,2024-10-25T09:24:16,Bloodtorn Bodice,1,1
296,Florian,2024-10-25T09:24:16,Helm of Lignum Vitae,1,1
296,Florian,2024-10-25T09:24:16,Runehold Release,1,1
296,Florian,2024-10-25T09:24:16,Well Grounded,1,1
297,Aurora,2024-10-25T21:34:57,Arcanic Spike (red),1,0
297,Aurora,2024-10-25T21:34:57,Blast to Oblivion (red),1,0
297,Aurora,2024-10-25T21:34:57,Burn Up // Shock (red),1,0
297,Aurora,2024-10-25T21:34:57,Electrostatic Discharge (red),2,0
297,Aurora,2024-10-25T21:34:57,Flittering Charge (red),1,0
297,Aurora,2024-10-25T21:34:57,Fry (red),2,0
297,Aurora,2024-10-25T21:34:57,Fyendal's Fighting Spirit (red),1,0
297,Aurora,2024-10-25T21:34:57,Hit the High Notes (red),2,0
297,Aurora,2024-10-25T21:34:57,Hocus Pocus (red),1,0
297,Aurora,2024-10-25T21:34:57,Lightning Form (red),1,0
297,Aurora,2024-10-25T21:34:57,Lightning Surge (red),1,0
297,Aurora,2024-10-25T21:34:57,Meat and Greet (red),1,0
297,Aurora,2024-10-25T21:34:57,Second Strike (red),1,0
297,Aurora,2024-10-25T21:34:57,Trip the Light Fantastic (red),1,0
297,Aurora,2024-10-25T21:34:57,Flittering Charge (yellow),1,0
297,Aurora,2024-10-25T21:34:57,Fry (yellow),2,0
297,Aurora,2024-10-25T21:34:57,Hit the High Notes (yellow),1,0
297,Aurora,2024-10-25T21:34:57,Lightning Surge (yellow),2,0
297,Aurora,2024-10-25T21:34:57,Arcane Polarity (blue),1,0
297,Aurora,2024-10-25T21:34:57,Fry (blue),1,0
297,Aurora,2024-10-25T21:34:57,Heaven's Claws (blue),1,0
297,Aurora,2024-10-25T21:34:57,Hit the High Notes (blue),2,0
297,Aurora,2024-10-25T21:34:57,Runerager Swarm (blue),1,0
297,Aurora,2024-10-25T21:34:57,Sigil of Cycles (blue),1,0
297,Aurora,2024-10-25T21:34:57,Sigil of Deadwood (blue),2,0
297,Aurora,2024-10-25T21:34:57,Sigil of Lightning (blue),3,0
297,Aurora,2024-10-25T21:34:57,Bloodtorn Bodice,1,1
297,Aurora,2024-10-25T21:34:57,Flash of Brilliance,1,1
297,Aurora,2024-10-25T21:34:57,Twinkle Toes,1,1
298,Verdance,2024-10-26T01:39:58,Arcane Twining (red),2,0
298,Verdance,2024-10-26T01:39:58,Autumn's Touch (red),1,0
298,Verdance,2024-10-26T01:39:58,Blossoming Decay (red),2,0
298,Verdance,2024-10-26T01:39:58,Brush Off (red),1,0
298,Verdance,2024-10-26T01:39:58,Cut Through the Facade (red),1,0
298,Verdance,2024-10-26T01:39:58,Fertile Ground (red),1,0
298,Verdance,2024-10-26T01:39:58,Harvest Season (red),1,0
298,Verdance,2024-10-26T01:39:58,Overflow the Aetherwell (red),2,0
298,Verdance,2024-10-26T01:39:58,Trailblazing Aether (red),1,0
298,Verdance,2024-10-26T01:39:58,Arcane Polarity (yellow),1,0
298,Verdance,2024-10-26T01:39:58,Exploding Aether (yellow),1,0
298,Verdance,2024-10-26T01:39:58,Fertile Ground (yellow),1,0
298,Verdance,2024-10-26T01:39:58,Fyendal's Fighting Spirit (yellow),2,0
298,Verdance,2024-10-26T01:39:58,Harvest Season (yellow),2,0
298,Verdance,2024-10-26T01:39:58,Overflow the Aetherwell (yellow),1,0
298,Verdance,2024-10-26T01:39:58,Trailblazing Aether (yellow),1,0
298,Verdance,2024-10-26T01:39:58,Arcane Twining (blue),1,0
298,Verdance,2024-10-26T01:39:58,Cadaverous Tilling (blue),2,0
298,Verdance,2024-10-26T01:39:58,Etchings of Arcana (blue),1,0
298,Verdance,2024-10-26T01:39:58,Fyendal's Fighting Spirit (blue),3,0
298,Verdance,2024-10-26T01:39:58,Heartbeat of Candlehold (blue),1,0
298,Verdance,2024-10-26T01:39:58,Open the Flood Gates (blue),1,0
298,Verdance,2024-10-26T01:39:58,Sigil of Earth (blue),2,0
298,Verdance,2024-10-26T01:39:58,Strong Yield (blue),1,0
298,Verdance,2024-10-26T01:39:58,Summer's Fall (blue),1,0
298,Verdance,2024-10-26T01:39:58,Helm of Lignum Vitae,1,1
298,Verdance,2024-10-26T01:39:58,Well Grounded,1,1
299,Aurora,2024-10-26T18:00:04,Arcane Cussing (red),2,0
299,Aurora,2024-10-26T18:00:04,Arcanic Spike (red),1,0
299,Aurora,2024-10-26T18:00:04,Deadwood Dirge (red),1,0
299,Aurora,2024-10-26T18:00:04,Electromagnetic Somersault (red),1,0
299,Aurora,2024-10-26T18:00:04,Fry (red),3,0
299,Aurora,2024-10-26T18:00:04,Fyendal's Fighting Spirit (red),2,0
299,Aurora,2024-10-26T18:00:04,Heaven's Claws (red),1,0
299,Aurora,2024-10-26T18:00:04,Hit the High Notes (red),2,0
299,Aurora,2024-10-26T18:00:04,Hocus Pocus (red),1,0
299,Aurora,2024-10-26T18:00:04,Oath of the Arknight (red),1,0
299,Aurora,2024-10-26T18:00:04,Runerager Swarm (red),1,0
299,Aurora,2024-10-26T18:00:04,Second Strike (red),1,0
299,Aurora,2024-10-26T18:00:04,Trip the Light Fantastic (red),1,0
299,Aurora,2024-10-26T18:00:04,Arcane Cussing (yellow),1,0
299,Aurora,2024-10-26T18:00:04,Arcanic Spike (yellow),1,0
299,Aurora,2024-10-26T18:00:04,Condemn to Slaughter (yellow),1,0
299,Aurora,2024-10-26T18:00:04,Flittering Charge (yellow),1,0
299,Aurora,2024-10-26T18:00:04,Fry (yellow),1,0
299,Aurora,2024-10-26T18:00:04,Heaven's Claws (yellow),1,0
299,Aurora,2024-10-26T18:00:04,Hit the High Notes (yellow),1,0
299,Aurora,2024-10-26T18:00:04,Hocus Pocus (yellow),2,0
299,Aurora,2024-10-26T18:00:04,Splintering Deadwood (yellow),1,0
299,Aurora,2024-10-26T18:00:04,Arcane Cussing (blue),1,0
299,Aurora,2024-10-26T18:00:04,Deadwood Dirge (blue),1,0
299,Aurora,2024-10-26T18:00:04,Flash (blue),1,0
299,Aurora,2024-10-26T18:00:04,Hit the High Notes (blue),1,0
299,Aurora,2024-10-26T18:00:04,Runerager Swarm (blue),2,0
299,Aurora,2024-10-26T18:00:04,Sigil of Lightning (blue),1,0
299,Aurora,2024-10-26T18:00:04,Sigil of the Arknight (blue),1,0
299,Aurora,2024-10-26T18:00:04,Trip the Light Fantastic (blue),2,0
299,Aurora,2024-10-26T18:00:04,Flash of Brilliance,1,1
299,Aurora,2024-10-26T18:00:04,Runehold Release,1,1
299,Aurora,2024-10-26T18:00:04,Twinkle Toes,1,1
300,Florian,2024-10-28T14:48:16,Arcane Cussing (red),2,0
300,Florian,2024-10-28T14:48:16,Arcane Polarity (red),1,0
300,Florian,2024-10-28T14:48:16,Count Your Blessings (red),1,0
300,Florian,2024-10-28T14:48:16,Deadwood Dirge (red),2,0
300,Florian,2024-10-28T14:48:16,Meat and Greet (red),1,0
300,Florian,2024-10-28T14:48:16,Oath of the Arknight (red),1,0
300,Florian,2024-10-28T14:48:16,Rootbound Carapace (red),1,0
300,Florian,2024-10-28T14:48:16,Runerager Swarm (red),2,0
300,Florian,2024-10-28T14:48:16,Blossoming Decay (yellow),2,0
300,Florian,2024-10-28T14:48:16,Condemn to Slaughter (yellow),1,0
300,Florian,2024-10-28T14:48:16,Count Your Blessings (yellow),2,0
300,Florian,2024-10-28T14:48:16,Fruits of the Forest (yellow),1,0
300,Florian,2024-10-28T14:48:16,Hit the High Notes (yellow),1,0
300,Florian,2024-10-28T14:48:16,Hocus Pocus (yellow),3,0
300,Florian,2024-10-28T14:48:16,Runerager Swarm (yellow),1,0
300,Florian,2024-10-28T14:48:16,Strength of Four Seasons (yellow),1,0
300,Florian,2024-10-28T14:48:16,Arcane Polarity (blue),1,0
300,Florian,2024-10-28T14:48:16,Arcanic Spike (blue),2,0
300,Florian,2024-10-28T14:48:16,Autumn's Touch (blue),1,0
300,Florian,2024-10-28T14:48:16,Brush Off (blue),1,0
300,Florian,2024-10-28T14:48:16,Condemn to Slaughter (blue),1,0
300,Florian,2024-10-28T14:48:16,Consuming Volition (blue),1,0
300,Florian,2024-10-28T14:48:16,Harvest Season (blue),1,0
300,Florian,2024-10-28T14:48:16,Hocus Pocus (blue),1,0
300,Florian,2024-10-28T14:48:16,Meat and Greet (blue),1,0
300,Florian,2024-10-28T14:48:16,Sigil of Earth (blue),1,0
300,Florian,2024-10-28T14:48:16,Sigil of Sanctuary (blue),2,0
300,Florian,2024-10-28T14:48:16,Strong Yield (blue),1,0
300,Florian,2024-10-28T14:48:16,Helm of Lignum Vitae,1,1
300,Florian,2024-10-28T14:48:16,Runaways,1,1
300,Florian,2024-10-28T14:48:16,Runehold Release,1,1
301,Aurora,2024-11-22T22:55:00,Blast to Oblivion (red),1,0
301,Aurora,2024-11-22T22:55:00,Burn Up // Shock (red),1,0
301,Aurora,2024-11-22T22:55:00,Deadwood Dirge (red),1,0
301,Aurora,2024-11-22T22:55:00,Electromagnetic Somersault (red),1,0
301,Aurora,2024-11-22T22:55:00,Fry (red),1,0
301,Aurora,2024-11-22T22:55:00,Hand Behind the Pen (red),1,0
301,Aurora,2024-11-22T22:55:00,Hit the High Notes (red),1,0
301,Aurora,2024-11-22T22:55:00,Lightning Form (red),1,0
301,Aurora,2024-11-22T22:55:00,Lightning Surge (red),1,0
301,Aurora,2024-11-22T22:55:00,Malefic Incantation (red),1,0
301,Aurora,2024-11-22T22:55:00,Second Strike (red),1,0
301,Aurora,2024-11-22T22:55:00,Trip the Light Fantastic (red),2,0
301,Aurora,2024-11-22T22:55:00,Electrostatic Discharge (yellow),1,0
301,Aurora,2024-11-22T22:55:00,Fry (yellow),1,0
301,Aurora,2024-11-22T22:55:00,Heaven's Claws (yellow),3,0
301,Aurora,2024-11-22T22:55:00,Trip the Light Fantastic (yellow),1,0
301,Aurora,2024-11-22T22:55:00,Blast to Oblivion (blue),1,0
301,Aurora,2024-11-22T22:55:00,Heaven's Claws (blue),3,0
301,Aurora,2024-11-22T22:55:00,Hit the High Notes (blue),1,0
301,Aurora,2024-11-22T22:55:00,Lightning Surge (blue),1,0
301,Aurora,2024-11-22T22:55:00,Meat and Greet (blue),3,0
301,Aurora,2024-11-22T22:55:00,Oath of the Arknight (blue),1,0
301,Aurora,2024-11-22T22:55:00,Second Strike (blue),1,0
301,Aurora,2024-11-22T22:55:00,Sigil of Lightning (blue),2,0
301,Aurora,2024-11-22T22:55:00,Trip the Light Fantastic (blue),1,0
301,Aurora,2024-11-22T22:55:00,Bloodtorn Bodice,1,1
301,Aurora,2024-11-22T22:55:00,Flash of Brilliance,1,1
301,Aurora,2024-11-22T22:55:00,Runehold Release,1,1
301,Aurora,2024-11-22T22:55:00,Twinkle Toes,1,1
