deck_id,hero,date,card_name,count,is_equipment
0,"Arakni, Web of Deceit",2025-01-20T21:46:29,Back Stab (red),1,0
0,"Arakni, Web of Deceit",2025-01-20T21:46:29,Extinguish the Flames (red),1,0
0,"Arakni, Web of Deceit",2025-01-20T21:46:29,Hunted or Hunter (red),1,0
0,"Arakni, Web of Deceit",2025-01-20T21:46:29,Kiss of Death (red),1,0
0,"Arakni, Web of Deceit",2025-01-20T21:46:29,Mark of the Black Widow (red),2,0
0,"Arakni, Web of Deceit",2025-01-20T21:46:29,Mark of the Funnel Web (red),3,0
0,"Arakni, Web of Deceit",2025-01-20T21:46:29,Mark the Prey (red),1,0
0,"Arakni, Web of Deceit",2025-01-20T21:46:29,Orb-Weaver Spinneret (red),1,0
0,"Arakni, Web of Deceit",2025-01-20T21:46:29,Plunge the Prospect (red),2,0
0,"Arakni, Web of Deceit",2025-01-20T21:46:29,Public Bounty (red),1,0
0,"Arakni, Web of Deceit",2025-01-20T21:46:29,Razor's Edge (red),1,0
0,"Arakni, Web of Deceit",2025-01-20T21:46:29,Reaper's Call (red),1,0
0,"Arakni, Web of Deceit",2025-01-20T21:46:29,Savor Bloodshed (red),1,0
0,"Arakni, Web of Deceit",2025-01-20T21:46:29,Scuttle the Canal (red),3,0
0,"Arakni, Web of Deceit",2025-01-20T21:46:29,Sigil of Solace (red),1,0
0,"Arakni, Web of Deceit",2025-01-20T21:46:29,To the Point (red),1,0
0,"Arakni, Web of Deceit",2025-01-20T21:46:29,Two Sides to the Blade (red),2,0
0,"Arakni, Web of Deceit",2025-01-20T21:46:29,Mark of the Black Widow (yellow),1,0
0,"Arakni, Web of Deceit",2025-01-20T21:46:29,Reaper's Call (yellow),1,0
0,"Arakni, Web of Deceit",2025-01-20T21:46:29,Cut from the Same Cloth (blue),1,0
0,"Arakni, Web of Deceit",2025-01-20T21:46:29,Mark of the Black Widow (blue),2,0
0,"Arakni, Web of Deceit",2025-01-20T21:46:29,Mark of the Funnel Web (blue),1,0
0,"Arakni, Web of Deceit",2025-01-20T21:46:29,Mark the Prey (blue),1,0
0,"Arakni, Web of Deceit",2025-01-20T21:46:29,Put in Context (blue),2,0
0,"Arakni, Web of Deceit",2025-01-20T21:46:29,Reaper's Call (blue),2,0
0,"Arakni, Web of Deceit",2025-01-20T21:46:29,Scuttle the Canal (blue),1,0
0,"Arakni, Web of Deceit",2025-01-20T21:46:29,Stains of the Redback (blue),2,0
0,"Arakni, Web of Deceit",2025-01-20T21:46:29,Throw Dagger (blue),1,0
0,"Arakni, Web of Deceit",2025-01-20T21:46:29,Danger Digits,1,1
0,"Arakni, Web of Deceit",2025-01-20T21:46:29,Leap Frog Vocal Sac,1,1
0,"Arakni, Web of Deceit",2025-01-20T21:46:29,Red Alert Vest,1,1
1,Fang,2025-01-20T23:31:21,Blistering Blade (red),1,0
1,Fang,2025-01-20T23:31:21,Cut Deep (red),2,0
1,Fang,2025-01-20T23:31:21,Dynastic Dedication (red),1,0
1,Fang,2025-01-20T23:31:21,Hunt the Hunter (red),1,0
1,Fang,2025-01-20T23:31:21,Imperial Intent (red),1,0
1,Fang,2025-01-20T23:31:21,Knife Through Butter (red),2,0
1,Fang,2025-01-20T23:31:21,Pledge Fealty (red),1,0
1,Fang,2025-01-20T23:31:21,Proclaim Vengeance (red),1,0
1,Fang,2025-01-20T23:31:21,Sigil of Solace (red),1,0
1,Fang,2025-01-20T23:31:21,Sisters of Fire (red),1,0
1,Fang,2025-01-20T23:31:21,Sizzling Steel (red),1,0
1,Fang,2025-01-20T23:31:21,Smoke Out (red),1,0
1,Fang,2025-01-20T23:31:21,Sworn Vengeance (red),1,0
1,Fang,2025-01-20T23:31:21,Take a Stab (red),1,0
1,Fang,2025-01-20T23:31:21,Tip-Off (red),1,0
1,Fang,2025-01-20T23:31:21,Cut Deep (yellow),1,0
1,Fang,2025-01-20T23:31:21,Cut from the Same Cloth (yellow),1,0
1,Fang,2025-01-20T23:31:21,Hunt a Killer (yellow),2,0
1,Fang,2025-01-20T23:31:21,Incision (yellow),1,0
1,Fang,2025-01-20T23:31:21,Point of Engagement (yellow),1,0
1,Fang,2025-01-20T23:31:21,Sworn Vengeance (yellow),1,0
1,Fang,2025-01-20T23:31:21,Cut Deep (blue),1,0
1,Fang,2025-01-20T23:31:21,Hunt a Killer (blue),1,0
1,Fang,2025-01-20T23:31:21,Point of Engagement (blue),1,0
1,Fang,2025-01-20T23:31:21,Sworn Vengeance (blue),1,0
1,Fang,2025-01-20T23:31:21,Tip-Off (blue),1,0
1,Fang,2025-01-20T23:31:21,Twist and Turn (blue),1,0
1,Fang,2025-01-20T23:31:21,Blade Beckoner Boots,1,1
1,Fang,2025-01-20T23:31:21,Blade Beckoner Helm,1,1
1,Fang,2025-01-20T23:31:21,Blade Beckoner Plating,1,1
1,Fang,2025-01-20T23:31:21,Coat of Allegiance,1,1
1,Fang,2025-01-20T23:31:21,Hand of Vengeance,1,1
2,Fang,2025-01-21T02:26:31,Affirm Loyalty (red),1,0
2,Fang,2025-01-21T02:26:31,Brothers of Flame (red),1,0
2,Fang,2025-01-21T02:26:31,Den of the Spider (red),1,0
2,Fang,2025-01-21T02:26:31,Dynastic Dedication (red),1,0
2,Fang,2025-01-21T02:26:31,For the Emperor (red),2,0
2,Fang,2025-01-21T02:26:31,For the Realm (red),2,0
2,Fang,2025-01-21T02:26:31,Incision (red),2,0
2,Fang,2025-01-21T02:26:31,Pledge Fealty (red),1,0
2,Fang,2025-01-21T02:26:31,Proclaim Vengeance (red),1,0
2,Fang,2025-01-21T02:26:31,Scar Tissue (red),1,0
2,Fang,2025-01-21T02:26:31,Searing Gaze (red),1,0
2,Fang,2025-01-21T02:26:31,Sisters of Fire (red),2,0
2,Fang,2025-01-21T02:26:31,Sizzling Steel (red),1,0
2,Fang,2025-01-21T02:26:31,Stabbing Pain (red),1,0
2,Fang,2025-01-21T02:26:31,Agility Stance (yellow),1,0
2,Fang,2025-01-21T02:26:31,Cut Deep (yellow),1,0
2,Fang,2025-01-21T02:26:31,Diced (yellow),1,0
2,Fang,2025-01-21T02:26:31,Hunt a Killer (yellow),1,0
2,Fang,2025-01-21T02:26:31,Incision (yellow),1,0
2,Fang,2025-01-21T02:26:31,Knife Through Butter (yellow),1,0
2,Fang,2025-01-21T02:26:31,Point of Engagement (yellow),1,0
2,Fang,2025-01-21T02:26:31,Public Bounty (yellow),1,0
2,Fang,2025-01-21T02:26:31,Sworn Vengeance (yellow),1,0
2,Fang,2025-01-21T02:26:31,Cut Deep (blue),1,0
2,Fang,2025-01-21T02:26:31,Incision (blue),1,0
2,Fang,2025-01-21T02:26:31,Nip at the Heels (blue),1,0
2,Fang,2025-01-21T02:26:31,Point of Engagement (blue),1,0
2,Fang,2025-01-21T02:26:31,Sworn Vengeance (blue),3,0
2,Fang,2025-01-21T02:26:31,Take a Stab (blue),1,0
2,Fang,2025-01-21T02:26:31,To the Point (blue),1,0
2,Fang,2025-01-21T02:26:31,Blade Beckoner Plating,1,1
2,Fang,2025-01-21T02:26:31,Red Alert Visor,1,1
2,Fang,2025-01-21T02:26:31,Starting Point,1,1
3,"Arakni, Web of Deceit",2025-01-21T04:07:53,Back Stab (red),1,0
3,"Arakni, Web of Deceit",2025-01-21T04:07:53,Bite (red),2,0
3,"Arakni, Web of Deceit",2025-01-21T04:07:53,Defang the Dragon (red),2,0
3,"Arakni, Web of Deceit",2025-01-21T04:07:53,Den of the Spider (red),1,0
3,"Arakni, Web of Deceit",2025-01-21T04:07:53,Hunted or Hunter (red),2,0
3,"Arakni, Web of Deceit",2025-01-21T04:07:53,Kiss of Death (red),1,0
3,"Arakni, Web of Deceit",2025-01-21T04:07:53,Lair of the Spider (red),1,0
3,"Arakni, Web of Deceit",2025-01-21T04:07:53,Orb-Weaver Spinneret (red),1,0
3,"Arakni, Web of Deceit",2025-01-21T04:07:53,Pick Up the Point (red),1,0
3,"Arakni, Web of Deceit",2025-01-21T04:07:53,Plunge the Prospect (red),2,0
3,"Arakni, Web of Deceit",2025-01-21T04:07:53,Razor's Edge (red),1,0
3,"Arakni, Web of Deceit",2025-01-21T04:07:53,Reaper's Call (red),1,0
3,"Arakni, Web of Deceit",2025-01-21T04:07:53,Scar Tissue (red),1,0
3,"Arakni, Web of Deceit",2025-01-21T04:07:53,Scuttle the Canal (red),1,0
3,"Arakni, Web of Deceit",2025-01-21T04:07:53,Sound the Alarm (red),1,0
3,"Arakni, Web of Deceit",2025-01-21T04:07:53,Throw Yourself at Them (red),1,0
3,"Arakni, Web of Deceit",2025-01-21T04:07:53,Up Sticks and Run (red),1,0
3,"Arakni, Web of Deceit",2025-01-21T04:07:53,Mark of the Funnel Web (yellow),1,0
3,"Arakni, Web of Deceit",2025-01-21T04:07:53,Pick Up the Point (yellow),1,0
3,"Arakni, Web of Deceit",2025-01-21T04:07:53,Reaper's Call (yellow),2,0
3,"Arakni, Web of Deceit",2025-01-21T04:07:53,Scuttle the Canal (yellow),1,0
3,"Arakni, Web of Deceit",2025-01-21T04:07:53,Throw Yourself at Them (yellow),1,0
3,"Arakni, Web of Deceit",2025-01-21T04:07:53,Tip-Off (yellow),1,0
3,"Arakni, Web of Deceit",2025-01-21T04:07:53,Mark of the Black Widow (blue),1,0
3,"Arakni, Web of Deceit",2025-01-21T04:07:53,Mark of the Funnel Web (blue),1,0
3,"Arakni, Web of Deceit",2025-01-21T04:07:53,Orb-Weaver Spinneret (blue),1,0
3,"Arakni, Web of Deceit",2025-01-21T04:07:53,Reaper's Call (blue),1,0
3,"Arakni, Web of Deceit",2025-01-21T04:07:53,Scuttle the Canal (blue),1,0
3,"Arakni, Web of Deceit",2025-01-21T04:07:53,Throw Dagger (blue),1,0
3,"Arakni, Web of Deceit",2025-01-21T04:07:53,Throw Yourself at Them (blue),2,0
3,"Arakni, Web of Deceit",2025-01-21T04:07:53,Trot Along (blue),1,0
3,"Arakni, Web of Deceit",2025-01-21T04:07:53,Blade Beckoner Boots,1,1
3,"Arakni, Web of Deceit",2025-01-21T04:07:53,Danger Digits,1,1
3,"Arakni, Web of Deceit",2025-01-21T04:07:53,Leap Frog Leggings,1,1
3,"Arakni, Web of Deceit",2025-01-21T04:07:53,Leap Frog Slime Skin,1,1
3,"Arakni, Web of Deceit",2025-01-21T04:07:53,Starting Point,1,1
4,Fang,2025-01-21T13:12:45,Cut Deep (red),3,0
4,Fang,2025-01-21T13:12:45,For the Emperor (red),1,0
4,Fang,2025-01-21T13:12:45,Hunt a Killer (red),1,0
4,Fang,2025-01-21T13:12:45,Imperial Intent (red),1,0
4,Fang,2025-01-21T13:12:45,Incision (red),2,0
4,Fang,2025-01-21T13:12:45,Knife Through Butter (red),1,0
4,Fang,2025-01-21T13:12:45,Outed (red),1,0
4,Fang,2025-01-21T13:12:45,Proclaim Vengeance (red),1,0
4,Fang,2025-01-21T13:12:45,Scalding Iron (red),1,0
4,Fang,2025-01-21T13:12:45,Scar Tissue (red),2,0
4,Fang,2025-01-21T13:12:45,Searing Gaze (red),1,0
4,Fang,2025-01-21T13:12:45,Sisters of Fire (red),3,0
4,Fang,2025-01-21T13:12:45,Smoke Out (red),1,0
4,Fang,2025-01-21T13:12:45,Sound the Alarm (red),1,0
4,Fang,2025-01-21T13:12:45,Stabbing Pain (red),2,0
4,Fang,2025-01-21T13:12:45,Sworn Vengeance (red),1,0
4,Fang,2025-01-21T13:12:45,Twist and Turn (red),1,0
4,Fang,2025-01-21T13:12:45,Agility Stance (yellow),1,0
4,Fang,2025-01-21T13:12:45,Point of Engagement (yellow),1,0
4,Fang,2025-01-21T13:12:45,Sworn Vengeance (yellow),1,0
4,Fang,2025-01-21T13:12:45,Take a Stab (yellow),1,0
4,Fang,2025-01-21T13:12:45,Hunt a Killer (blue),2,0
4,Fang,2025-01-21T13:12:45,Knife Through Butter (blue),1,0
4,Fang,2025-01-21T13:12:45,Put in Context (blue),1,0
4,Fang,2025-01-21T13:12:45,Sworn Vengeance (blue),1,0
4,Fang,2025-01-21T13:12:45,Take a Stab (blue),1,0
4,Fang,2025-01-21T13:12:45,Trot Along (blue),1,0
4,Fang,2025-01-21T13:12:45,Hand of Vengeance,1,1
4,Fang,2025-01-21T13:12:45,Red Alert Vest,1,1
4,Fang,2025-01-21T13:12:45,Starting Point,1,1
4,Fang,2025-01-21T13:12:45,Vow of Vengeance,1,1
5,"Arakni, Web of Deceit",2025-01-21T18:04:14,Bite (red),1,0
5,"Arakni, Web of Deceit",2025-01-21T18:04:14,Cut from the Same Cloth (red),1,0
5,"Arakni, Web of Deceit",2025-01-21T18:04:14,Hunted or Hunter (red),1,0
5,"Arakni, Web of Deceit",2025-01-21T18:04:14,Lair of the Spider (red),1,0
5,"Arakni, Web of Deceit",2025-01-21T18:04:14,Mark of the Funnel Web (red),3,0
5,"Arakni, Web of Deceit",2025-01-21T18:04:14,Mark the Prey (red),1,0
5,"Arakni, Web of Deceit",2025-01-21T18:04:14,Pick Up the Point (red),1,0
5,"Arakni, Web of Deceit",2025-01-21T18:04:14,Plunge the Prospect (red),2,0
5,"Arakni, Web of Deceit",2025-01-21T18:04:14,Public Bounty (red),1,0
5,"Arakni, Web of Deceit",2025-01-21T18:04:14,Reaper's Call (red),1,0
5,"Arakni, Web of Deceit",2025-01-21T18:04:14,Scuttle the Canal (red),4,0
5,"Arakni, Web of Deceit",2025-01-21T18:04:14,Stains of the Redback (red),1,0
5,"Arakni, Web of Deceit",2025-01-21T18:04:14,Mark of the Black Widow (yellow),2,0
5,"Arakni, Web of Deceit",2025-01-21T18:04:14,Mark the Prey (yellow),1,0
5,"Arakni, Web of Deceit",2025-01-21T18:04:14,Orb-Weaver Spinneret (yellow),2,0
5,"Arakni, Web of Deceit",2025-01-21T18:04:14,Plunge the Prospect (yellow),2,0
5,"Arakni, Web of Deceit",2025-01-21T18:04:14,Reaper's Call (yellow),1,0
5,"Arakni, Web of Deceit",2025-01-21T18:04:14,Scuttle the Canal (yellow),1,0
5,"Arakni, Web of Deceit",2025-01-21T18:04:14,Throw Yourself at Them (yellow),1,0
5,"Arakni, Web of Deceit",2025-01-21T18:04:14,Mark of the Funnel Web (blue),1,0
5,"Arakni, Web of Deceit",2025-01-21T18:04:14,Mark the Prey (blue),1,0
5,"Arakni, Web of Deceit",2025-01-21T18:04:14,Plunge the Prospect (blue),1,0
5,"Arakni, Web of Deceit",2025-01-21T18:04:14,Reaper's Call (blue),2,0
5,"Arakni, Web of Deceit",2025-01-21T18:04:14,Stains of the Redback (blue),1,0
5,"Arakni, Web of Deceit",2025-01-21T18:04:14,Throw Yourself at Them (blue),1,0
5,"Arakni, Web of Deceit",2025-01-21T18:04:14,Danger Digits,1,1
5,"Arakni, Web of Deceit",2025-01-21T18:04:14,Red Alert Boots,1,1
5,"Arakni, Web of Deceit",2025-01-21T18:04:14,Red Alert Gloves,1,1
5,"Arakni, Web of Deceit",2025-01-21T18:04:14,Red Alert Vest,1,1
5,"Arakni, Web of Deceit",2025-01-21T18:04:14,Red Alert Visor,1,1
6,"Arakni, Web of Deceit",2025-01-21T19:21:38,Hunted or Hunter (red),1,0
6,"Arakni, Web of Deceit",2025-01-21T19:21:38,Incision (red),1,0
6,"Arakni, Web of Deceit",2025-01-21T19:21:38,Lair of the Spider (red),2,0
6,"Arakni, Web of Deceit",2025-01-21T19:21:38,Mark of the Black Widow (red),1,0
6,"Arakni, Web of Deceit",2025-01-21T19:21:38,Mark of the Funnel Web (red),2,0
6,"Arakni, Web of Deceit",2025-01-21T19:21:38,Mark the Prey (red),1,0
6,"Arakni, Web of Deceit",2025-01-21T19:21:38,Public Bounty (red),1,0
6,"Arakni, Web of Deceit",2025-01-21T19:21:38,Razor's Edge (red),1,0
6,"Arakni, Web of Deceit",2025-01-21T19:21:38,Reaper's Call (red),1,0
6,"Arakni, Web of Deceit",2025-01-21T19:21:38,Scar Tissue (red),2,0
6,"Arakni, Web of Deceit",2025-01-21T19:21:38,Scuttle the Canal (red),3,0
6,"Arakni, Web of Deceit",2025-01-21T19:21:38,Take a Stab (red),1,0
6,"Arakni, Web of Deceit",2025-01-21T19:21:38,To the Point (red),1,0
6,"Arakni, Web of Deceit",2025-01-21T19:21:38,Two Sides to the Blade (red),1,0
6,"Arakni, Web of Deceit",2025-01-21T19:21:38,Whittle from Bone (red),1,0
6,"Arakni, Web of Deceit",2025-01-21T19:21:38,Bite (yellow),1,0
6,"Arakni, Web of Deceit",2025-01-21T19:21:38,Mark the Prey (yellow),1,0
6,"Arakni, Web of Deceit",2025-01-21T19:21:38,Reaper's Call (yellow),2,0
6,"Arakni, Web of Deceit",2025-01-21T19:21:38,Mark of the Black Widow (blue),1,0
6,"Arakni, Web of Deceit",2025-01-21T19:21:38,Mark of the Funnel Web (blue),1,0
6,"Arakni, Web of Deceit",2025-01-21T19:21:38,Mark the Prey (blue),1,0
6,"Arakni, Web of Deceit",2025-01-21T19:21:38,Plunge the Prospect (blue),1,0
6,"Arakni, Web of Deceit",2025-01-21T19:21:38,Reaper's Call (blue),1,0
6,"Arakni, Web of Deceit",2025-01-21T19:21:38,Relentless Pursuit (blue),1,0
6,"Arakni, Web of Deceit",2025-01-21T19:21:38,Scar Tissue (blue),1,0
6,"Arakni, Web of Deceit",2025-01-21T19:21:38,Take a Stab (blue),2,0
6,"Arakni, Web of Deceit",2025-01-21T19:21:38,Throw Dagger (blue),1,0
6,"Arakni, Web of Deceit",2025-01-21T19:21:38,Trot Along (blue),1,0
6,"Arakni, Web of Deceit",2025-01-21T19:21:38,Blade Beckoner Boots,1,1
6,"Arakni, Web of Deceit",2025-01-21T19:21:38,Blade Beckoner Plating,1,1
6,"Arakni, Web of Deceit",2025-01-21T19:21:38,Danger Digits,1,1
7,Fang,2025-01-21T20:24:52,Blistering Blade (red),1,0
7,Fang,2025-01-21T20:24:52,Cut Deep (red),2,0
7,Fang,2025-01-21T20:24:52,For the Emperor (red),1,0
7,Fang,2025-01-21T20:24:52,For the Realm (red),2,0
7,Fang,2025-01-21T20:24:52,Hunt a Killer (red),1,0
7,Fang,2025-01-21T20:24:52,Hunt the Hunter (red),1,0
7,Fang,2025-01-21T20:24:52,Imperial Intent (red),1,0
7,Fang,2025-01-21T20:24:52,Incision (red),1,0
7,Fang,2025-01-21T20:24:52,Pledge Fealty (red),2,0
7,Fang,2025-01-21T20:24:52,Point of Engagement (red),2,0
7,Fang,2025-01-21T20:24:52,Public Bounty (red),1,0
7,Fang,2025-01-21T20:24:52,Pursue to the Pits of Despair (red),1,0
7,Fang,2025-01-21T20:24:52,Searing Gaze (red),2,0
7,Fang,2025-01-21T20:24:52,Sisters of Fire (red),1,0
7,Fang,2025-01-21T20:24:52,Smoke Out (red),1,0
7,Fang,2025-01-21T20:24:52,Twist and Turn (red),1,0
7,Fang,2025-01-21T20:24:52,Hunt a Killer (yellow),1,0
7,Fang,2025-01-21T20:24:52,Knife Through Butter (yellow),1,0
7,Fang,2025-01-21T20:24:52,Point of Engagement (yellow),1,0
7,Fang,2025-01-21T20:24:52,Hunt a Killer (blue),2,0
7,Fang,2025-01-21T20:24:52,Scar Tissue (blue),1,0
7,Fang,2025-01-21T20:24:52,Sworn Vengeance (blue),1,0
7,Fang,2025-01-21T20:24:52,To the Point (blue),1,0
7,Fang,2025-01-21T20:24:52,Twist and Turn (blue),1,0
7,Fang,2025-01-21T20:24:52,Blade Beckoner Gauntlets,1,1
7,Fang,2025-01-21T20:24:52,Path of Vengeance,1,1
7,Fang,2025-01-21T20:24:52,Vow of Vengeance,1,1
8,Fang,2025-01-21T21:34:40,Cut Deep (red),1,0
8,Fang,2025-01-21T21:34:40,Cut from the Same Cloth (red),1,0
8,Fang,2025-01-21T21:34:40,Imperial Intent (red),2,0
8,Fang,2025-01-21T21:34:40,Incision (red),1,0
8,Fang,2025-01-21T21:34:40,Knife Through Butter (red),1,0
8,Fang,2025-01-21T21:34:40,Pledge Fealty (red),2,0
8,Fang,2025-01-21T21:34:40,Point of Engagement (red),4,0
8,Fang,2025-01-21T21:34:40,Proclaim Vengeance (red),1,0
8,Fang,2025-01-21T21:34:40,Public Bounty (red),2,0
8,Fang,2025-01-21T21:34:40,Rake Over the Coals (red),1,0
8,Fang,2025-01-21T21:34:40,Scalding Iron (red),1,0
8,Fang,2025-01-21T21:34:40,Scar Tissue (red),1,0
8,Fang,2025-01-21T21:34:40,Smoke Out (red),1,0
8,Fang,2025-01-21T21:34:40,Sworn Vengeance (red),3,0
8,Fang,2025-01-21T21:34:40,Cut Deep (yellow),1,0
8,Fang,2025-01-21T21:34:40,Diced (yellow),1,0
8,Fang,2025-01-21T21:34:40,Hunt a Killer (yellow),1,0
8,Fang,2025-01-21T21:34:40,Knife Through Butter (yellow),1,0
8,Fang,2025-01-21T21:34:40,Cut Deep (blue),1,0
8,Fang,2025-01-21T21:34:40,Hunt a Killer (blue),1,0
8,Fang,2025-01-21T21:34:40,Incision (blue),1,0
8,Fang,2025-01-21T21:34:40,Tip-Off (blue),1,0
8,Fang,2025-01-21T21:34:40,Twist and Turn (blue),1,0
8,Fang,2025-01-21T21:34:40,Blade Beckoner Gauntlets,1,1
8,Fang,2025-01-21T21:34:40,Bunker Beard,1,1
8,Fang,2025-01-21T21:34:40,Coat of Allegiance,1,1
8,Fang,2025-01-21T21:34:40,Hand of Vengeance,1,1
8,Fang,2025-01-21T21:34:40,Red Alert Visor,1,1
9,"Arakni, Web of Deceit",2025-01-22T03:42:35,Back Stab (red),1,0
9,"Arakni, Web of Deceit",2025-01-22T03:42:35,Defang the Dragon (red),1,0
9,"Arakni, Web of Deceit",2025-01-22T03:42:35,Extinguish the Flames (red),1,0
9,"Arakni, Web of Deceit",2025-01-22T03:42:35,Hunted or Hunter (red),1,0
9,"Arakni, Web of Deceit",2025-01-22T03:42:35,Lair of the Spider (red),1,0
9,"Arakni, Web of Deceit",2025-01-22T03:42:35,Mark of the Black Widow (red),1,0
9,"Arakni, Web of Deceit",2025-01-22T03:42:35,Mark of the Funnel Web (red),1,0
9,"Arakni, Web of Deceit",2025-01-22T03:42:35,Pick Up the Point (red),1,0
9,"Arakni, Web of Deceit",2025-01-22T03:42:35,Plunge the Prospect (red),1,0
9,"Arakni, Web of Deceit",2025-01-22T03:42:35,Pursue to the Pits of Despair (red),1,0
9,"Arakni, Web of Deceit",2025-01-22T03:42:35,Razor's Edge (red),2,0
9,"Arakni, Web of Deceit",2025-01-22T03:42:35,Reaper's Call (red),2,0
9,"Arakni, Web of Deceit",2025-01-22T03:42:35,Scuttle the Canal (red),2,0
9,"Arakni, Web of Deceit",2025-01-22T03:42:35,Sigil of Solace (red),1,0
9,"Arakni, Web of Deceit",2025-01-22T03:42:35,Throw Yourself at Them (red),2,0
9,"Arakni, Web of Deceit",2025-01-22T03:42:35,Tip-Off (red),1,0
9,"Arakni, Web of Deceit",2025-01-22T03:42:35,Two Sides to the Blade (red),1,0
9,"Arakni, Web of Deceit",2025-01-22T03:42:35,Up Sticks and Run (red),1,0
9,"Arakni, Web of Deceit",2025-01-22T03:42:35,Whittle from Bone (red),1,0
9,"Arakni, Web of Deceit",2025-01-22T03:42:35,Poisoned Blade (yellow),1,0
9,"Arakni, Web of Deceit",2025-01-22T03:42:35,Reaper's Call (yellow),1,0
9,"Arakni, Web of Deceit",2025-01-22T03:42:35,Stains of the Redback (yellow),1,0
9,"Arakni, Web of Deceit",2025-01-22T03:42:35,Tip-Off (yellow),1,0
9,"Arakni, Web of Deceit",2025-01-22T03:42:35,Cut from the Same Cloth (blue),1,0
9,"Arakni, Web of Deceit",2025-01-22T03:42:35,Exposed (blue),2,0
9,"Arakni, Web of Deceit",2025-01-22T03:42:35,Mark of the Funnel Web (blue),1,0
9,"Arakni, Web of Deceit",2025-01-22T03:42:35,Nip at the Heels (blue),1,0
9,"Arakni, Web of Deceit",2025-01-22T03:42:35,Pick Up the Point (blue),1,0
9,"Arakni, Web of Deceit",2025-01-22T03:42:35,Public Bounty (blue),1,0
9,"Arakni, Web of Deceit",2025-01-22T03:42:35,Throw Yourself at Them (blue),1,0
9,"Arakni, Web of Deceit",2025-01-22T03:42:35,Up Sticks and Run (blue),1,0
9,"Arakni, Web of Deceit",2025-01-22T03:42:35,Danger Digits,1,1
9,"Arakni, Web of Deceit",2025-01-22T03:42:35,Leap Frog Vocal Sac,1,1
9,"Arakni, Web of Deceit",2025-01-22T03:42:35,Red Alert Boots,1,1
9,"Arakni, Web of Deceit",2025-01-22T03:42:35,Red Alert Vest,1,1
9,"Arakni, Web of Deceit",2025-01-22T03:42:35,Starting Point,1,1
10,"Arakni, Web of Deceit",2025-01-22T10:38:57,Back Stab (red),1,0
10,"Arakni, Web of Deceit",2025-01-22T10:38:57,Bite (red),1,0
10,"Arakni, Web of Deceit",2025-01-22T10:38:57,Defang the Dragon (red),1,0
10,"Arakni, Web of Deceit",2025-01-22T10:38:57,Den of the Spider (red),1,0
10,"Arakni, Web of Deceit",2025-01-22T10:38:57,Extinguish the Flames (red),1,0
10,"Arakni, Web of Deceit",2025-01-22T10:38:57,Hunted or Hunter (red),3,0
10,"Arakni, Web of Deceit",2025-01-22T10:38:57,Incision (red),1,0
10,"Arakni, Web of Deceit",2025-01-22T10:38:57,Mark the Prey (red),1,0
10,"Arakni, Web of Deceit",2025-01-22T10:38:57,Orb-Weaver Spinneret (red),1,0
10,"Arakni, Web of Deceit",2025-01-22T10:38:57,Reaper's Call (red),2,0
10,"Arakni, Web of Deceit",2025-01-22T10:38:57,Scar Tissue (red),1,0
10,"Arakni, Web of Deceit",2025-01-22T10:38:57,Sigil of Solace (red),1,0
10,"Arakni, Web of Deceit",2025-01-22T10:38:57,Throw Yourself at Them (red),1,0
10,"Arakni, Web of Deceit",2025-01-22T10:38:57,Up Sticks and Run (red),1,0
10,"Arakni, Web of Deceit",2025-01-22T10:38:57,Bite (yellow),1,0
10,"Arakni, Web of Deceit",2025-01-22T10:38:57,Incision (yellow),1,0
10,"Arakni, Web of Deceit",2025-01-22T10:38:57,Lay Low (yellow),1,0
10,"Arakni, Web of Deceit",2025-01-22T10:38:57,Scar Tissue (yellow),1,0
10,"Arakni, Web of Deceit",2025-01-22T10:38:57,Tip-Off (yellow),1,0
10,"Arakni, Web of Deceit",2025-01-22T10:38:57,Exposed (blue),1,0
10,"Arakni, Web of Deceit",2025-01-22T10:38:57,Mark of the Black Widow (blue),1,0
10,"Arakni, Web of Deceit",2025-01-22T10:38:57,Mark the Prey (blue),1,0
10,"Arakni, Web of Deceit",2025-01-22T10:38:57,Nip at the Heels (blue),1,0
10,"Arakni, Web of Deceit",2025-01-22T10:38:57,Plunge the Prospect (blue),1,0
10,"Arakni, Web of Deceit",2025-01-22T10:38:57,Public Bounty (blue),1,0
10,"Arakni, Web of Deceit",2025-01-22T10:38:57,Put in Context (blue),1,0
10,"Arakni, Web of Deceit",2025-01-22T10:38:57,Relentless Pursuit (blue),1,0
10,"Arakni, Web of Deceit",2025-01-22T10:38:57,Scar Tissue (blue),1,0
10,"Arakni, Web of Deceit",2025-01-22T10:38:57,Scuttle the Canal (blue),1,0
10,"Arakni, Web of Deceit",2025-01-22T10:38:57,Trot Along (blue),1,0
10,"Arakni, Web of Deceit",2025-01-22T10:38:57,Leap Frog Leggings,1,1
10,"Arakni, Web of Deceit",2025-01-22T10:38:57,Red Alert Gloves,1,1
10,"Arakni, Web of Deceit",2025-01-22T10:38:57,Red Alert Vest,1,1
11,Cindra,2025-01-22T14:40:54,Art of the Dragon: Fire (red),1,0
11,Cindra,2025-01-22T14:40:54,Blood Line (red),2,0
11,Cindra,2025-01-22T14:40:54,Burning Blade Dance (red),1,0
11,Cindra,2025-01-22T14:40:54,Display Loyalty (red),1,0
11,Cindra,2025-01-22T14:40:54,Fire Tenet: Strike First (red),1,0
11,Cindra,2025-01-22T14:40:54,For the Emperor (red),1,0
11,Cindra,2025-01-22T14:40:54,Grow Claws (red),1,0
11,Cindra,2025-01-22T14:40:54,Hot on Their Heels (red),1,0
11,Cindra,2025-01-22T14:40:54,Hunt the Hunter (red),1,0
11,Cindra,2025-01-22T14:40:54,Lava Vein Loyalty (red),1,0
11,Cindra,2025-01-22T14:40:54,Pick Up the Point (red),1,0
11,Cindra,2025-01-22T14:40:54,Ronin Renegade (red),1,0
11,Cindra,2025-01-22T14:40:54,Sound the Alarm (red),1,0
11,Cindra,2025-01-22T14:40:54,Tip-Off (red),1,0
11,Cindra,2025-01-22T14:40:54,Trap and Release (red),1,0
11,Cindra,2025-01-22T14:40:54,Wrath of Retribution (red),1,0
11,Cindra,2025-01-22T14:40:54,Dragon Power (yellow),1,0
11,Cindra,2025-01-22T14:40:54,Fire Tenet: Strike First (yellow),1,0
11,Cindra,2025-01-22T14:40:54,Poisoned Blade (yellow),2,0
11,Cindra,2025-01-22T14:40:54,Public Bounty (yellow),1,0
11,Cindra,2025-01-22T14:40:54,Silver Talons (yellow),1,0
11,Cindra,2025-01-22T14:40:54,Tag the Target (yellow),1,0
11,Cindra,2025-01-22T14:40:54,Grow Claws (blue),1,0
11,Cindra,2025-01-22T14:40:54,Grow Wings (blue),2,0
11,Cindra,2025-01-22T14:40:54,Nip at the Heels (blue),1,0
11,Cindra,2025-01-22T14:40:54,Pick Up the Point (blue),1,0
11,Cindra,2025-01-22T14:40:54,Poisoned Blade (blue),1,0
11,Cindra,2025-01-22T14:40:54,Throw Yourself at Them (blue),1,0
11,Cindra,2025-01-22T14:40:54,Trap and Release (blue),1,0
11,Cindra,2025-01-22T14:40:54,Danger Digits,1,1
11,Cindra,2025-01-22T14:40:54,Heart of Vengeance,1,1
11,Cindra,2025-01-22T14:40:54,Vow of Vengeance,1,1
12,"Arakni, Web of Deceit",2025-01-22T20:47:30,Back Stab (red),1,0
12,"Arakni, Web of Deceit",2025-01-22T20:47:30,Defang the Dragon (red),2,0
12,"Arakni, Web of Deceit",2025-01-22T20:47:30,Hunted or Hunter (red),2,0
12,"Arakni, Web of Deceit",2025-01-22T20:47:30,Lair of the Spider (red),1,0
12,"Arakni, Web of Deceit",2025-01-22T20:47:30,Mark of the Funnel Web (red),1,0
12,"Arakni, Web of Deceit",2025-01-22T20:47:30,Pain in the Backside (red),1,0
12,"Arakni, Web of Deceit",2025-01-22T20:47:30,Plunge the Prospect (red),1,0
12,"Arakni, Web of Deceit",2025-01-22T20:47:30,Razor's Edge (red),2,0
12,"Arakni, Web of Deceit",2025-01-22T20:47:30,Reaper's Call (red),2,0
12,"Arakni, Web of Deceit",2025-01-22T20:47:30,Scar Tissue (red),1,0
12,"Arakni, Web of Deceit",2025-01-22T20:47:30,Scuttle the Canal (red),1,0
12,"Arakni, Web of Deceit",2025-01-22T20:47:30,Stains of the Redback (red),1,0
12,"Arakni, Web of Deceit",2025-01-22T20:47:30,Two Sides to the Blade (red),2,0
12,"Arakni, Web of Deceit",2025-01-22T20:47:30,Mark of the Black Widow (yellow),1,0
12,"Arakni, Web of Deceit",2025-01-22T20:47:30,Pick Up the Point (yellow),1,0
12,"Arakni, Web of Deceit",2025-01-22T20:47:30,Stains of the Redback (yellow),2,0
12,"Arakni, Web of Deceit",2025-01-22T20:47:30,To the Point (yellow),1,0
12,"Arakni, Web of Deceit",2025-01-22T20:47:30,Mark of the Black Widow (blue),2,0
12,"Arakni, Web of Deceit",2025-01-22T20:47:30,Mark of the Funnel Web (blue),2,0
12,"Arakni, Web of Deceit",2025-01-22T20:47:30,Mark the Prey (blue),1,0
12,"Arakni, Web of Deceit",2025-01-22T20:47:30,Orb-Weaver Spinneret (blue),1,0
12,"Arakni, Web of Deceit",2025-01-22T20:47:30,Plunge the Prospect (blue),1,0
12,"Arakni, Web of Deceit",2025-01-22T20:47:30,Reaper's Call (blue),2,0
12,"Arakni, Web of Deceit",2025-01-22T20:47:30,Scuttle the Canal (blue),1,0
12,"Arakni, Web of Deceit",2025-01-22T20:47:30,To the Point (blue),1,0
12,"Arakni, Web of Deceit",2025-01-22T20:47:30,Danger Digits,1,1
12,"Arakni, Web of Deceit",2025-01-22T20:47:30,Leap Frog Leggings,1,1
12,"Arakni, Web of Deceit",2025-01-22T20:47:30,Red Alert Vest,1,1
12,"Arakni, Web of Deceit",2025-01-22T20:47:30,Red Alert Visor,1,1
13,Fang,2025-01-22T21:20:29,Blistering Blade (red),1,0
13,Fang,2025-01-22T21:20:29,For the Realm (red),2,0
13,Fang,2025-01-22T21:20:29,Hunt's End (red),1,0
13,Fang,2025-01-22T21:20:29,Imperial Intent (red),2,0
13,Fang,2025-01-22T21:20:29,Knife Through Butter (red),1,0
13,Fang,2025-01-22T21:20:29,Pledge Fealty (red),3,0
13,Fang,2025-01-22T21:20:29,Point of Engagement (red),2,0
13,Fang,2025-01-22T21:20:29,Scalding Iron (red),2,0
13,Fang,2025-01-22T21:20:29,Searing Gaze (red),1,0
13,Fang,2025-01-22T21:20:29,Shelter from the Storm (red),1,0
13,Fang,2025-01-22T21:20:29,Sigil of Solace (red),1,0
13,Fang,2025-01-22T21:20:29,Sizzling Steel (red),1,0
13,Fang,2025-01-22T21:20:29,Smoke Out (red),1,0
13,Fang,2025-01-22T21:20:29,Tip-Off (red),1,0
13,Fang,2025-01-22T21:20:29,Tooth of the Dragon (red),1,0
13,Fang,2025-01-22T21:20:29,Cut Deep (yellow),1,0
13,Fang,2025-01-22T21:20:29,Hunt a Killer (yellow),1,0
13,Fang,2025-01-22T21:20:29,Knife Through Butter (yellow),1,0
13,Fang,2025-01-22T21:20:29,Cut Deep (blue),1,0
13,Fang,2025-01-22T21:20:29,Knife Through Butter (blue),3,0
13,Fang,2025-01-22T21:20:29,Point of Engagement (blue),1,0
13,Fang,2025-01-22T21:20:29,Public Bounty (blue),1,0
13,Fang,2025-01-22T21:20:29,Sworn Vengeance (blue),2,0
13,Fang,2025-01-22T21:20:29,Trot Along (blue),1,0
13,Fang,2025-01-22T21:20:29,Hand of Vengeance,1,1
13,Fang,2025-01-22T21:20:29,Heart of Vengeance,1,1
13,Fang,2025-01-22T21:20:29,Red Alert Boots,1,1
13,Fang,2025-01-22T21:20:29,Vow of Vengeance,1,1
14,Fang,2025-01-22T23:36:14,Affirm Loyalty (red),1,0
14,Fang,2025-01-22T23:36:14,Blaze Headlong (red),1,0
14,Fang,2025-01-22T23:36:14,Brothers of Flame (red),2,0
14,Fang,2025-01-22T23:36:14,Den of the Spider (red),1,0
14,Fang,2025-01-22T23:36:14,Flurry Stance (red),1,0
14,Fang,2025-01-22T23:36:14,For the Dracai (red),1,0
14,Fang,2025-01-22T23:36:14,For the Realm (red),1,0
14,Fang,2025-01-22T23:36:14,Imperial Intent (red),2,0
14,Fang,2025-01-22T23:36:14,Proclaim Vengeance (red),1,0
14,Fang,2025-01-22T23:36:14,Scalding Iron (red),1,0
14,Fang,2025-01-22T23:36:14,Searing Gaze (red),2,0
14,Fang,2025-01-22T23:36:14,Sisters of Fire (red),1,0
14,Fang,2025-01-22T23:36:14,Smoke Out (red),1,0
14,Fang,2025-01-22T23:36:14,Sworn Vengeance (red),1,0
14,Fang,2025-01-22T23:36:14,Tip-Off (red),1,0
14,Fang,2025-01-22T23:36:14,Incision (yellow),2,0
14,Fang,2025-01-22T23:36:14,Lay Low (yellow),2,0
14,Fang,2025-01-22T23:36:14,Scar Tissue (yellow),1,0
14,Fang,2025-01-22T23:36:14,Sworn Vengeance (yellow),1,0
14,Fang,2025-01-22T23:36:14,Cut Deep (blue),1,0
14,Fang,2025-01-22T23:36:14,Hunt a Killer (blue),2,0
14,Fang,2025-01-22T23:36:14,Knife Through Butter (blue),1,0
14,Fang,2025-01-22T23:36:14,Scar Tissue (blue),1,0
14,Fang,2025-01-22T23:36:14,Sworn Vengeance (blue),1,0
14,Fang,2025-01-22T23:36:14,Trot Along (blue),1,0
14,Fang,2025-01-22T23:36:14,Coat of Allegiance,1,1
14,Fang,2025-01-22T23:36:14,Hand of Vengeance,1,1
14,Fang,2025-01-22T23:36:14,Heart of Vengeance,1,1
14,Fang,2025-01-22T23:36:14,Red Alert Boots,1,1
14,Fang,2025-01-22T23:36:14,Vow of Vengeance,1,1
15,"Arakni, Web of Deceit",2025-01-23T13:41:40,Back Stab (red),2,0
15,"Arakni, Web of Deceit",2025-01-23T13:41:40,Defang the Dragon (red),1,0
15,"Arakni, Web of Deceit",2025-01-23T13:41:40,Mark of the Black Widow (red),1,0
15,"Arakni, Web of Deceit",2025-01-23T13:41:40,Mark of the Funnel Web (red),1,0
15,"Arakni, Web of Deceit",2025-01-23T13:41:40,Mark the Prey (red),2,0
15,"Arakni, Web of Deceit",2025-01-23T13:41:40,Orb-Weaver Spinneret (red),1,0
15,"Arakni, Web of Deceit",2025-01-23T13:41:40,Plunge the Prospect (red),1,0
15,"Arakni, Web of Deceit",2025-01-23T13:41:40,Razor Reflex (red),1,0
15,"Arakni, Web of Deceit",2025-01-23T13:41:40,Razor's Edge (red),1,0
15,"Arakni, Web of Deceit",2025-01-23T13:41:40,Reaper's Call (red),2,0
15,"Arakni, Web of Deceit",2025-01-23T13:41:40,Scar Tissue (red),1,0
15,"Arakni, Web of Deceit",2025-01-23T13:41:40,Take a Stab (red),1,0
15,"Arakni, Web of Deceit",2025-01-23T13:41:40,Throw Yourself at Them (red),1,0
15,"Arakni, Web of Deceit",2025-01-23T13:41:40,Two Sides to the Blade (red),1,0
15,"Arakni, Web of Deceit",2025-01-23T13:41:40,Whittle from Bone (red),1,0
15,"Arakni, Web of Deceit",2025-01-23T13:41:40,Incision (yellow),1,0
15,"Arakni, Web of Deceit",2025-01-23T13:41:40,Lay Low (yellow),1,0
15,"Arakni, Web of Deceit",2025-01-23T13:41:40,Mark of the Funnel Web (yellow),1,0
15,"Arakni, Web of Deceit",2025-01-23T13:41:40,Plunge the Prospect (yellow),1,0
15,"Arakni, Web of Deceit",2025-01-23T13:41:40,Reaper's Call (yellow),2,0
15,"Arakni, Web of Deceit",2025-01-23T13:41:40,Scar Tissue (yellow),1,0
15,"Arakni, Web of Deceit",2025-01-23T13:41:40,Anaphylactic Shock (blue),1,0
15,"Arakni, Web of Deceit",2025-01-23T13:41:40,Exposed (blue),1,0
15,"Arakni, Web of Deceit",2025-01-23T13:41:40,Mark of the Black Widow (blue),1,0
15,"Arakni, Web of Deceit",2025-01-23T13:41:40,Mark of the Funnel Web (blue),1,0
15,"Arakni, Web of Deceit",2025-01-23T13:41:40,Mark the Prey (blue),1,0
15,"Arakni, Web of Deceit",2025-01-23T13:41:40,Orb-Weaver Spinneret (blue),1,0
15,"Arakni, Web of Deceit",2025-01-23T13:41:40,Public Bounty (blue),1,0
15,"Arakni, Web of Deceit",2025-01-23T13:41:40,Scuttle the Canal (blue),3,0
15,"Arakni, Web of Deceit",2025-01-23T13:41:40,Leap Frog Gloves,1,1
15,"Arakni, Web of Deceit",2025-01-23T13:41:40,Red Alert Vest,1,1
15,"Arakni, Web of Deceit",2025-01-23T13:41:40,Red Alert Visor,1,1
16,Fang,2025-01-23T16:48:42,Blaze Headlong (red),1,0
16,Fang,2025-01-23T16:48:42,Blessing of Vynserakai (red),1,0
16,Fang,2025-01-23T16:48:42,Bubble to the Surface (red),1,0
16,Fang,2025-01-23T16:48:42,Cut from the Same Cloth (red),1,0
16,Fang,2025-01-23T16:48:42,Long Whisker Loyalty (red),1,0
16,Fang,2025-01-23T16:48:42,Outed (red),1,0
16,Fang,2025-01-23T16:48:42,Pledge Fealty (red),2,0
16,Fang,2025-01-23T16:48:42,Proclaim Vengeance (red),1,0
16,Fang,2025-01-23T16:48:42,Public Bounty (red),1,0
16,Fang,2025-01-23T16:48:42,Pursue to the Edge of Oblivion (red),1,0
16,Fang,2025-01-23T16:48:42,Sizzling Steel (red),2,0
16,Fang,2025-01-23T16:48:42,Stabbing Pain (red),1,0
16,Fang,2025-01-23T16:48:42,Tip-Off (red),1,0
16,Fang,2025-01-23T16:48:42,Tooth of the Dragon (red),1,0
16,Fang,2025-01-23T16:48:42,Cut Deep (yellow),1,0
16,Fang,2025-01-23T16:48:42,Hunt a Killer (yellow),1,0
16,Fang,2025-01-23T16:48:42,Knife Through Butter (yellow),1,0
16,Fang,2025-01-23T16:48:42,Lay Low (yellow),1,0
16,Fang,2025-01-23T16:48:42,Point of Engagement (yellow),1,0
16,Fang,2025-01-23T16:48:42,Public Bounty (yellow),1,0
16,Fang,2025-01-23T16:48:42,Take a Stab (yellow),1,0
16,Fang,2025-01-23T16:48:42,Twist and Turn (yellow),1,0
16,Fang,2025-01-23T16:48:42,Cut Deep (blue),1,0
16,Fang,2025-01-23T16:48:42,Hunt a Killer (blue),2,0
16,Fang,2025-01-23T16:48:42,Knife Through Butter (blue),1,0
16,Fang,2025-01-23T16:48:42,Nip at the Heels (blue),2,0
16,Fang,2025-01-23T16:48:42,Public Bounty (blue),1,0
16,Fang,2025-01-23T16:48:42,Put in Context (blue),2,0
16,Fang,2025-01-23T16:48:42,Trot Along (blue),1,0
16,Fang,2025-01-23T16:48:42,Blade Beckoner Plating,1,1
16,Fang,2025-01-23T16:48:42,Bunker Beard,1,1
16,Fang,2025-01-23T16:48:42,Red Alert Boots,1,1
17,Cindra,2025-01-23T21:36:59,Blood Line (red),2,0
17,Cindra,2025-01-23T21:36:59,Burning Blade Dance (red),1,0
17,Cindra,2025-01-23T21:36:59,Cinderskin Devotion (red),1,0
17,Cindra,2025-01-23T21:36:59,Drop of Dragon Blood (red),1,0
17,Cindra,2025-01-23T21:36:59,Dust Runner Outlaw (red),2,0
17,Cindra,2025-01-23T21:36:59,Fire Tenet: Strike First (red),2,0
17,Cindra,2025-01-23T21:36:59,Hot on Their Heels (red),1,0
17,Cindra,2025-01-23T21:36:59,Hunt the Hunter (red),1,0
17,Cindra,2025-01-23T21:36:59,Ignite (red),1,0
17,Cindra,2025-01-23T21:36:59,Lava Vein Loyalty (red),2,0
17,Cindra,2025-01-23T21:36:59,Razor Reflex (red),2,0
17,Cindra,2025-01-23T21:36:59,Ronin Renegade (red),2,0
17,Cindra,2025-01-23T21:36:59,Silver Talons (red),1,0
17,Cindra,2025-01-23T21:36:59,Tag the Target (red),1,0
17,Cindra,2025-01-23T21:36:59,Tip-Off (red),1,0
17,Cindra,2025-01-23T21:36:59,Grow Claws (yellow),1,0
17,Cindra,2025-01-23T21:36:59,Grow Wings (yellow),1,0
17,Cindra,2025-01-23T21:36:59,Pick Up the Point (yellow),1,0
17,Cindra,2025-01-23T21:36:59,Throw Yourself at Them (yellow),1,0
17,Cindra,2025-01-23T21:36:59,Fire Tenet: Strike First (blue),1,0
17,Cindra,2025-01-23T21:36:59,Grow Wings (blue),2,0
17,Cindra,2025-01-23T21:36:59,Public Bounty (blue),1,0
17,Cindra,2025-01-23T21:36:59,Put in Context (blue),2,0
17,Cindra,2025-01-23T21:36:59,Tip-Off (blue),1,0
17,Cindra,2025-01-23T21:36:59,Trot Along (blue),1,0
17,Cindra,2025-01-23T21:36:59,Coat of Allegiance,1,1
17,Cindra,2025-01-23T21:36:59,Hand of Vengeance,1,1
17,Cindra,2025-01-23T21:36:59,Path of Vengeance,1,1
18,Fang,2025-01-23T22:23:37,Den of the Spider (red),1,0
18,Fang,2025-01-23T22:23:37,Hunt the Hunter (red),1,0
18,Fang,2025-01-23T22:23:37,Imperial Intent (red),1,0
18,Fang,2025-01-23T22:23:37,Incision (red),1,0
18,Fang,2025-01-23T22:23:37,Jagged Edge (red),1,0
18,Fang,2025-01-23T22:23:37,Knife Through Butter (red),2,0
18,Fang,2025-01-23T22:23:37,Long Whisker Loyalty (red),1,0
18,Fang,2025-01-23T22:23:37,Outed (red),1,0
18,Fang,2025-01-23T22:23:37,Pledge Fealty (red),2,0
18,Fang,2025-01-23T22:23:37,Point of Engagement (red),1,0
18,Fang,2025-01-23T22:23:37,Scalding Iron (red),2,0
18,Fang,2025-01-23T22:23:37,Searing Gaze (red),2,0
18,Fang,2025-01-23T22:23:37,Sisters of Fire (red),1,0
18,Fang,2025-01-23T22:23:37,Sizzling Steel (red),1,0
18,Fang,2025-01-23T22:23:37,Sworn Vengeance (red),3,0
18,Fang,2025-01-23T22:23:37,Tooth of the Dragon (red),1,0
18,Fang,2025-01-23T22:23:37,Cut from the Same Cloth (yellow),1,0
18,Fang,2025-01-23T22:23:37,Perforate (yellow),1,0
18,Fang,2025-01-23T22:23:37,Sworn Vengeance (yellow),1,0
18,Fang,2025-01-23T22:23:37,Cut Deep (blue),1,0
18,Fang,2025-01-23T22:23:37,Hunt a Killer (blue),2,0
18,Fang,2025-01-23T22:23:37,Knife Through Butter (blue),1,0
18,Fang,2025-01-23T22:23:37,Point of Engagement (blue),1,0
18,Fang,2025-01-23T22:23:37,Sworn Vengeance (blue),2,0
18,Fang,2025-01-23T22:23:37,Take a Stab (blue),1,0
18,Fang,2025-01-23T22:23:37,Blade Beckoner Boots,1,1
18,Fang,2025-01-23T22:23:37,Hand of Vengeance,1,1
18,Fang,2025-01-23T22:23:37,Heart of Vengeance,1,1
18,Fang,2025-01-23T22:23:37,Path of Vengeance,1,1
18,Fang,2025-01-23T22:23:37,Red Alert Visor,1,1
19,Fang,2025-01-24T04:14:46,Blessing of Vynserakai (red),1,0
19,Fang,2025-01-24T04:14:46,Cut Deep (red),2,0
19,Fang,2025-01-24T04:14:46,Drop of Dragon Blood (red),2,0
19,Fang,2025-01-24T04:14:46,Dynastic Dedication (red),1,0
19,Fang,2025-01-24T04:14:46,For the Dracai (red),1,0
19,Fang,2025-01-24T04:14:46,Hunt a Killer (red),1,0
19,Fang,2025-01-24T04:14:46,Hunt the Hunter (red),1,0
19,Fang,2025-01-24T04:14:46,Imperial Intent (red),1,0
19,Fang,2025-01-24T04:14:46,Jagged Edge (red),1,0
19,Fang,2025-01-24T04:14:46,Knife Through Butter (red),2,0
19,Fang,2025-01-24T04:14:46,March of Loyalty (red),1,0
19,Fang,2025-01-24T04:14:46,Pledge Fealty (red),1,0
19,Fang,2025-01-24T04:14:46,Point of Engagement (red),1,0
19,Fang,2025-01-24T04:14:46,Proclaim Vengeance (red),1,0
19,Fang,2025-01-24T04:14:46,Pursue to the Pits of Despair (red),1,0
19,Fang,2025-01-24T04:14:46,Scalding Iron (red),1,0
19,Fang,2025-01-24T04:14:46,Sizzling Steel (red),1,0
19,Fang,2025-01-24T04:14:46,Smoke Out (red),1,0
19,Fang,2025-01-24T04:14:46,Stabbing Pain (red),1,0
19,Fang,2025-01-24T04:14:46,To the Point (red),1,0
19,Fang,2025-01-24T04:14:46,Tooth of the Dragon (red),1,0
19,Fang,2025-01-24T04:14:46,Agility Stance (yellow),1,0
19,Fang,2025-01-24T04:14:46,Diced (yellow),1,0
19,Fang,2025-01-24T04:14:46,Hunt a Killer (yellow),1,0
19,Fang,2025-01-24T04:14:46,Point of Engagement (yellow),1,0
19,Fang,2025-01-24T04:14:46,To the Point (yellow),1,0
19,Fang,2025-01-24T04:14:46,Diced (blue),1,0
19,Fang,2025-01-24T04:14:46,Hunt a Killer (blue),2,0
19,Fang,2025-01-24T04:14:46,Knife Through Butter (blue),1,0
19,Fang,2025-01-24T04:14:46,Provoke (blue),1,0
19,Fang,2025-01-24T04:14:46,Scar Tissue (blue),1,0
19,Fang,2025-01-24T04:14:46,Trot Along (blue),1,0
19,Fang,2025-01-24T04:14:46,Coat of Allegiance,1,1
19,Fang,2025-01-24T04:14:46,Red Alert Boots,1,1
19,Fang,2025-01-24T04:14:46,Vow of Vengeance,1,1
20,"Arakni, Web of Deceit",2025-01-24T23:44:07,Den of the Spider (red),1,0
20,"Arakni, Web of Deceit",2025-01-24T23:44:07,Hunted or Hunter (red),2,0
20,"Arakni, Web of Deceit",2025-01-24T23:44:07,Mark of the Black Widow (red),1,0
20,"Arakni, Web of Deceit",2025-01-24T23:44:07,Mark of the Funnel Web (red),1,0
20,"Arakni, Web of Deceit",2025-01-24T23:44:07,Mark the Prey (red),2,0
20,"Arakni, Web of Deceit",2025-01-24T23:44:07,Pick Up the Point (red),1,0
20,"Arakni, Web of Deceit",2025-01-24T23:44:07,Plunge the Prospect (red),1,0
20,"Arakni, Web of Deceit",2025-01-24T23:44:07,Public Bounty (red),1,0
20,"Arakni, Web of Deceit",2025-01-24T23:44:07,Razor's Edge (red),1,0
20,"Arakni, Web of Deceit",2025-01-24T23:44:07,Scuttle the Canal (red),3,0
20,"Arakni, Web of Deceit",2025-01-24T23:44:07,Two Sides to the Blade (red),2,0
20,"Arakni, Web of Deceit",2025-01-24T23:44:07,Mark of the Funnel Web (yellow),1,0
20,"Arakni, Web of Deceit",2025-01-24T23:44:07,Orb-Weaver Spinneret (yellow),1,0
20,"Arakni, Web of Deceit",2025-01-24T23:44:07,Plunge the Prospect (yellow),2,0
20,"Arakni, Web of Deceit",2025-01-24T23:44:07,Reaper's Call (yellow),4,0
20,"Arakni, Web of Deceit",2025-01-24T23:44:07,Scar Tissue (yellow),1,0
20,"Arakni, Web of Deceit",2025-01-24T23:44:07,Throw Yourself at Them (yellow),1,0
20,"Arakni, Web of Deceit",2025-01-24T23:44:07,Up Sticks and Run (yellow),1,0
20,"Arakni, Web of Deceit",2025-01-24T23:44:07,Mark of the Funnel Web (blue),2,0
20,"Arakni, Web of Deceit",2025-01-24T23:44:07,Mark the Prey (blue),1,0
20,"Arakni, Web of Deceit",2025-01-24T23:44:07,Public Bounty (blue),1,0
20,"Arakni, Web of Deceit",2025-01-24T23:44:07,Stains of the Redback (blue),1,0
20,"Arakni, Web of Deceit",2025-01-24T23:44:07,Trot Along (blue),1,0
20,"Arakni, Web of Deceit",2025-01-24T23:44:07,Under the Trap-Door (blue),1,0
20,"Arakni, Web of Deceit",2025-01-24T23:44:07,Danger Digits,1,1
20,"Arakni, Web of Deceit",2025-01-24T23:44:07,Leap Frog Gloves,1,1
20,"Arakni, Web of Deceit",2025-01-24T23:44:07,Red Alert Boots,1,1
20,"Arakni, Web of Deceit",2025-01-24T23:44:07,Red Alert Vest,1,1
20,"Arakni, Web of Deceit",2025-01-24T23:44:07,Red Alert Visor,1,1
21,Fang,2025-01-25T01:43:19,Blistering Blade (red),2,0
21,Fang,2025-01-25T01:43:19,Bubble to the Surface (red),2,0
21,Fang,2025-01-25T01:43:19,For the Dracai (red),1,0
21,Fang,2025-01-25T01:43:19,Imperial Intent (red),2,0
21,Fang,2025-01-25T01:43:19,Knife Through Butter (red),1,0
21,Fang,2025-01-25T01:43:19,Long Whisker Loyalty (red),1,0
21,Fang,2025-01-25T01:43:19,Scalding Iron (red),1,0
21,Fang,2025-01-25T01:43:19,Scar Tissue (red),2,0
21,Fang,2025-01-25T01:43:19,Searing Gaze (red),1,0
21,Fang,2025-01-25T01:43:19,Sizzling Steel (red),1,0
21,Fang,2025-01-25T01:43:19,Smoke Out (red),3,0
21,Fang,2025-01-25T01:43:19,Sworn Vengeance (red),2,0
21,Fang,2025-01-25T01:43:19,To the Point (red),1,0
21,Fang,2025-01-25T01:43:19,Tooth of the Dragon (red),2,0
21,Fang,2025-01-25T01:43:19,Cut Deep (yellow),1,0
21,Fang,2025-01-25T01:43:19,Incision (yellow),1,0
21,Fang,2025-01-25T01:43:19,Knife Through Butter (yellow),1,0
21,Fang,2025-01-25T01:43:19,Sworn Vengeance (yellow),1,0
21,Fang,2025-01-25T01:43:19,Take a Stab (yellow),2,0
21,Fang,2025-01-25T01:43:19,Twist and Turn (yellow),1,0
21,Fang,2025-01-25T01:43:19,Cut Deep (blue),2,0
21,Fang,2025-01-25T01:43:19,Public Bounty (blue),1,0
21,Fang,2025-01-25T01:43:19,Relentless Pursuit (blue),1,0
21,Fang,2025-01-25T01:43:19,Scar Tissue (blue),1,0
21,Fang,2025-01-25T01:43:19,Take a Stab (blue),2,0
21,Fang,2025-01-25T01:43:19,Heart of Vengeance,1,1
21,Fang,2025-01-25T01:43:19,Red Alert Boots,1,1
21,Fang,2025-01-25T01:43:19,Red Alert Visor,2,1
22,"Arakni, Web of Deceit",2025-01-25T16:42:14,Back Stab (red),2,0
22,"Arakni, Web of Deceit",2025-01-25T16:42:14,Calming Breeze (red),1,0
22,"Arakni, Web of Deceit",2025-01-25T16:42:14,Defang the Dragon (red),1,0
22,"Arakni, Web of Deceit",2025-01-25T16:42:14,Den of the Spider (red),1,0
22,"Arakni, Web of Deceit",2025-01-25T16:42:14,Extinguish the Flames (red),1,0
22,"Arakni, Web of Deceit",2025-01-25T16:42:14,Hunted or Hunter (red),2,0
22,"Arakni, Web of Deceit",2025-01-25T16:42:14,Mark of the Black Widow (red),2,0
22,"Arakni, Web of Deceit",2025-01-25T16:42:14,Mark the Prey (red),3,0
22,"Arakni, Web of Deceit",2025-01-25T16:42:14,Pick Up the Point (red),1,0
22,"Arakni, Web of Deceit",2025-01-25T16:42:14,Plunge the Prospect (red),1,0
22,"Arakni, Web of Deceit",2025-01-25T16:42:14,Public Bounty (red),1,0
22,"Arakni, Web of Deceit",2025-01-25T16:42:14,Razor Reflex (red),1,0
22,"Arakni, Web of Deceit",2025-01-25T16:42:14,Scar Tissue (red),3,0
22,"Arakni, Web of Deceit",2025-01-25T16:42:14,To the Point (red),1,0
22,"Arakni, Web of Deceit",2025-01-25T16:42:14,Whittle from Bone (red),1,0
22,"Arakni, Web of Deceit",2025-01-25T16:42:14,Mark of the Funnel Web (yellow),1,0
22,"Arakni, Web of Deceit",2025-01-25T16:42:14,Plunge the Prospect (yellow),2,0
22,"Arakni, Web of Deceit",2025-01-25T16:42:14,Stains of the Redback (yellow),1,0
22,"Arakni, Web of Deceit",2025-01-25T16:42:14,Take a Stab (yellow),1,0
22,"Arakni, Web of Deceit",2025-01-25T16:42:14,To the Point (yellow),1,0
22,"Arakni, Web of Deceit",2025-01-25T16:42:14,Cut from the Same Cloth (blue),1,0
22,"Arakni, Web of Deceit",2025-01-25T16:42:14,Mark of the Black Widow (blue),1,0
22,"Arakni, Web of Deceit",2025-01-25T16:42:14,Mark the Prey (blue),1,0
22,"Arakni, Web of Deceit",2025-01-25T16:42:14,Plunge the Prospect (blue),1,0
22,"Arakni, Web of Deceit",2025-01-25T16:42:14,Public Bounty (blue),1,0
22,"Arakni, Web of Deceit",2025-01-25T16:42:14,Reaper's Call (blue),1,0
22,"Arakni, Web of Deceit",2025-01-25T16:42:14,Scar Tissue (blue),2,0
22,"Arakni, Web of Deceit",2025-01-25T16:42:14,Stains of the Redback (blue),1,0
22,"Arakni, Web of Deceit",2025-01-25T16:42:14,Whittle from Bone (blue),1,0
22,"Arakni, Web of Deceit",2025-01-25T16:42:14,Blade Beckoner Plating,1,1
22,"Arakni, Web of Deceit",2025-01-25T16:42:14,Danger Digits,1,1
22,"Arakni, Web of Deceit",2025-01-25T16:42:14,Red Alert Boots,1,1
23,"Arakni, Web of Deceit",2025-01-25T21:39:05,Back Stab (red),1,0
23,"Arakni, Web of Deceit",2025-01-25T21:39:05,Hunted or Hunter (red),1,0
23,"Arakni, Web of Deceit",2025-01-25T21:39:05,Incision (red),1,0
23,"Arakni, Web of Deceit",2025-01-25T21:39:05,Lair of the Spider (red),2,0
23,"Arakni, Web of Deceit",2025-01-25T21:39:05,Mark the Prey (red),3,0
23,"Arakni, Web of Deceit",2025-01-25T21:39:05,Pick Up the Point (red),1,0
23,"Arakni, Web of Deceit",2025-01-25T21:39:05,Plunge the Prospect (red),1,0
23,"Arakni, Web of Deceit",2025-01-25T21:39:05,Razor's Edge (red),1,0
23,"Arakni, Web of Deceit",2025-01-25T21:39:05,Reaper's Call (red),2,0
23,"Arakni, Web of Deceit",2025-01-25T21:39:05,Scar Tissue (red),2,0
23,"Arakni, Web of Deceit",2025-01-25T21:39:05,Scuttle the Canal (red),2,0
23,"Arakni, Web of Deceit",2025-01-25T21:39:05,Sound the Alarm (red),1,0
23,"Arakni, Web of Deceit",2025-01-25T21:39:05,Take a Stab (red),1,0
23,"Arakni, Web of Deceit",2025-01-25T21:39:05,Up Sticks and Run (red),1,0
23,"Arakni, Web of Deceit",2025-01-25T21:39:05,Orb-Weaver Spinneret (yellow),1,0
23,"Arakni, Web of Deceit",2025-01-25T21:39:05,Pick Up the Point (yellow),1,0
23,"Arakni, Web of Deceit",2025-01-25T21:39:05,Public Bounty (yellow),1,0
23,"Arakni, Web of Deceit",2025-01-25T21:39:05,Reaper's Call (yellow),1,0
23,"Arakni, Web of Deceit",2025-01-25T21:39:05,Scuttle the Canal (yellow),1,0
23,"Arakni, Web of Deceit",2025-01-25T21:39:05,Up Sticks and Run (yellow),1,0
23,"Arakni, Web of Deceit",2025-01-25T21:39:05,Whittle from Bone (yellow),2,0
23,"Arakni, Web of Deceit",2025-01-25T21:39:05,Cut Through (blue),1,0
23,"Arakni, Web of Deceit",2025-01-25T21:39:05,Mark of the Funnel Web (blue),1,0
23,"Arakni, Web of Deceit",2025-01-25T21:39:05,Mark the Prey (blue),2,0
23,"Arakni, Web of Deceit",2025-01-25T21:39:05,Scuttle the Canal (blue),1,0
23,"Arakni, Web of Deceit",2025-01-25T21:39:05,Throw Yourself at Them (blue),1,0
23,"Arakni, Web of Deceit",2025-01-25T21:39:05,Up Sticks and Run (blue),2,0
23,"Arakni, Web of Deceit",2025-01-25T21:39:05,Whittle from Bone (blue),1,0
23,"Arakni, Web of Deceit",2025-01-25T21:39:05,Danger Digits,1,1
23,"Arakni, Web of Deceit",2025-01-25T21:39:05,Leap Frog Leggings,1,1
23,"Arakni, Web of Deceit",2025-01-25T21:39:05,Leap Frog Slime Skin,1,1
24,"Arakni, Web of Deceit",2025-01-26T01:17:17,Back Stab (red),2,0
24,"Arakni, Web of Deceit",2025-01-26T01:17:17,Bite (red),1,0
24,"Arakni, Web of Deceit",2025-01-26T01:17:17,Cut from the Same Cloth (red),2,0
24,"Arakni, Web of Deceit",2025-01-26T01:17:17,Den of the Spider (red),1,0
24,"Arakni, Web of Deceit",2025-01-26T01:17:17,Mark of the Black Widow (red),1,0
24,"Arakni, Web of Deceit",2025-01-26T01:17:17,Mark the Prey (red),1,0
24,"Arakni, Web of Deceit",2025-01-26T01:17:17,Outed (red),2,0
24,"Arakni, Web of Deceit",2025-01-26T01:17:17,Plunge the Prospect (red),2,0
24,"Arakni, Web of Deceit",2025-01-26T01:17:17,Poisoned Blade (red),1,0
24,"Arakni, Web of Deceit",2025-01-26T01:17:17,Public Bounty (red),1,0
24,"Arakni, Web of Deceit",2025-01-26T01:17:17,Razor's Edge (red),2,0
24,"Arakni, Web of Deceit",2025-01-26T01:17:17,Reaper's Call (red),1,0
24,"Arakni, Web of Deceit",2025-01-26T01:17:17,Savor Bloodshed (red),1,0
24,"Arakni, Web of Deceit",2025-01-26T01:17:17,Scar Tissue (red),1,0
24,"Arakni, Web of Deceit",2025-01-26T01:17:17,Scuttle the Canal (red),1,0
24,"Arakni, Web of Deceit",2025-01-26T01:17:17,Two Sides to the Blade (red),1,0
24,"Arakni, Web of Deceit",2025-01-26T01:17:17,Orb-Weaver Spinneret (yellow),1,0
24,"Arakni, Web of Deceit",2025-01-26T01:17:17,Tip-Off (yellow),2,0
24,"Arakni, Web of Deceit",2025-01-26T01:17:17,Whittle from Bone (yellow),2,0
24,"Arakni, Web of Deceit",2025-01-26T01:17:17,Bite (blue),1,0
24,"Arakni, Web of Deceit",2025-01-26T01:17:17,Mark of the Funnel Web (blue),1,0
24,"Arakni, Web of Deceit",2025-01-26T01:17:17,Mark the Prey (blue),1,0
24,"Arakni, Web of Deceit",2025-01-26T01:17:17,Plunge the Prospect (blue),1,0
24,"Arakni, Web of Deceit",2025-01-26T01:17:17,Reaper's Call (blue),1,0
24,"Arakni, Web of Deceit",2025-01-26T01:17:17,Scuttle the Canal (blue),1,0
24,"Arakni, Web of Deceit",2025-01-26T01:17:17,Stains of the Redback (blue),1,0
24,"Arakni, Web of Deceit",2025-01-26T01:17:17,Take a Stab (blue),2,0
24,"Arakni, Web of Deceit",2025-01-26T01:17:17,Tip-Off (blue),1,0
24,"Arakni, Web of Deceit",2025-01-26T01:17:17,Trot Along (blue),1,0
24,"Arakni, Web of Deceit",2025-01-26T01:17:17,Whittle from Bone (blue),1,0
24,"Arakni, Web of Deceit",2025-01-26T01:17:17,Blade Beckoner Boots,1,1
24,"Arakni, Web of Deceit",2025-01-26T01:17:17,Blade Beckoner Gauntlets,1,1
24,"Arakni, Web of Deceit",2025-01-26T01:17:17,Blade Beckoner Plating,1,1
24,"Arakni, Web of Deceit",2025-01-26T01:17:17,Leap Frog Slime Skin,1,1
25,Fang,2025-01-26T02:03:52,Blistering Blade (red),2,0
25,Fang,2025-01-26T02:03:52,Brothers of Flame (red),1,0
25,Fang,2025-01-26T02:03:52,Cut Deep (red),2,0
25,Fang,2025-01-26T02:03:52,Dynastic Dedication (red),1,0
25,Fang,2025-01-26T02:03:52,Endear Devotion (red),1,0
25,Fang,2025-01-26T02:03:52,For the Emperor (red),1,0
25,Fang,2025-01-26T02:03:52,For the Realm (red),1,0
25,Fang,2025-01-26T02:03:52,Hunt a Killer (red),2,0
25,Fang,2025-01-26T02:03:52,Jagged Edge (red),1,0
25,Fang,2025-01-26T02:03:52,Point of Engagement (red),1,0
25,Fang,2025-01-26T02:03:52,Savor Bloodshed (red),1,0
25,Fang,2025-01-26T02:03:52,Scar Tissue (red),2,0
25,Fang,2025-01-26T02:03:52,Searing Gaze (red),2,0
25,Fang,2025-01-26T02:03:52,Sisters of Fire (red),1,0
25,Fang,2025-01-26T02:03:52,Stabbing Pain (red),1,0
25,Fang,2025-01-26T02:03:52,Tooth of the Dragon (red),3,0
25,Fang,2025-01-26T02:03:52,Hunt a Killer (yellow),1,0
25,Fang,2025-01-26T02:03:52,Incision (yellow),1,0
25,Fang,2025-01-26T02:03:52,Knife Through Butter (yellow),1,0
25,Fang,2025-01-26T02:03:52,Point of Engagement (yellow),2,0
25,Fang,2025-01-26T02:03:52,Sworn Vengeance (yellow),1,0
25,Fang,2025-01-26T02:03:52,Cut Deep (blue),1,0
25,Fang,2025-01-26T02:03:52,Hunt a Killer (blue),2,0
25,Fang,2025-01-26T02:03:52,Knife Through Butter (blue),1,0
25,Fang,2025-01-26T02:03:52,Point of Engagement (blue),1,0
25,Fang,2025-01-26T02:03:52,Power Stance (blue),1,0
25,Fang,2025-01-26T02:03:52,Provoke (blue),1,0
25,Fang,2025-01-26T02:03:52,Sworn Vengeance (blue),1,0
25,Fang,2025-01-26T02:03:52,Hand of Vengeance,2,1
25,Fang,2025-01-26T02:03:52,Heart of Vengeance,1,1
25,Fang,2025-01-26T02:03:52,Path of Vengeance,1,1
25,Fang,2025-01-26T02:03:52,Vow of Vengeance,1,1
26,Fang,2025-01-26T02:28:19,Cut Deep (red),1,0
26,Fang,2025-01-26T02:28:19,Den of the Spider (red),1,0
26,Fang,2025-01-26T02:28:19,Diced (red),1,0
26,Fang,2025-01-26T02:28:19,For the Emperor (red),1,0
26,Fang,2025-01-26T02:28:19,For the Realm (red),1,0
26,Fang,2025-01-26T02:28:19,Hunt to the Ends of Rathe (red),1,0
26,Fang,2025-01-26T02:28:19,Knife Through Butter (red),1,0
26,Fang,2025-01-26T02:28:19,Outed (red),1,0
26,Fang,2025-01-26T02:28:19,Pledge Fealty (red),2,0
26,Fang,2025-01-26T02:28:19,Proclaim Vengeance (red),1,0
26,Fang,2025-01-26T02:28:19,Rake Over the Coals (red),1,0
26,Fang,2025-01-26T02:28:19,Scar Tissue (red),2,0
26,Fang,2025-01-26T02:28:19,Searing Gaze (red),2,0
26,Fang,2025-01-26T02:28:19,Shelter from the Storm (red),1,0
26,Fang,2025-01-26T02:28:19,Smoke Out (red),1,0
26,Fang,2025-01-26T02:28:19,Stabbing Pain (red),1,0
26,Fang,2025-01-26T02:28:19,Tooth of the Dragon (red),1,0
26,Fang,2025-01-26T02:28:19,Diced (yellow),1,0
26,Fang,2025-01-26T02:28:19,Incision (yellow),1,0
26,Fang,2025-01-26T02:28:19,Lay Low (yellow),1,0
26,Fang,2025-01-26T02:28:19,Perforate (yellow),1,0
26,Fang,2025-01-26T02:28:19,Point of Engagement (yellow),1,0
26,Fang,2025-01-26T02:28:19,Public Bounty (yellow),1,0
26,Fang,2025-01-26T02:28:19,Take a Stab (yellow),1,0
26,Fang,2025-01-26T02:28:19,Hunt a Killer (blue),1,0
26,Fang,2025-01-26T02:28:19,Nip at the Heels (blue),1,0
26,Fang,2025-01-26T02:28:19,Public Bounty (blue),1,0
26,Fang,2025-01-26T02:28:19,Scar Tissue (blue),1,0
26,Fang,2025-01-26T02:28:19,Coat of Allegiance,1,1
26,Fang,2025-01-26T02:28:19,Red Alert Boots,1,1
26,Fang,2025-01-26T02:28:19,Red Alert Vest,2,1
26,Fang,2025-01-26T02:28:19,Red Alert Visor,1,1
27,"Arakni, Web of Deceit",2025-01-26T05:33:00,Back Stab (red),1,0
27,"Arakni, Web of Deceit",2025-01-26T05:33:00,Cut Through (red),1,0
27,"Arakni, Web of Deceit",2025-01-26T05:33:00,Den of the Spider (red),1,0
27,"Arakni, Web of Deceit",2025-01-26T05:33:00,Kiss of Death (red),1,0
27,"Arakni, Web of Deceit",2025-01-26T05:33:00,Mark of the Black Widow (red),1,0
27,"Arakni, Web of Deceit",2025-01-26T05:33:00,Pick Up the Point (red),1,0
27,"Arakni, Web of Deceit",2025-01-26T05:33:00,Plunge the Prospect (red),1,0
27,"Arakni, Web of Deceit",2025-01-26T05:33:00,Public Bounty (red),1,0
27,"Arakni, Web of Deceit",2025-01-26T05:33:00,Razor's Edge (red),1,0
27,"Arakni, Web of Deceit",2025-01-26T05:33:00,Scar Tissue (red),2,0
27,"Arakni, Web of Deceit",2025-01-26T05:33:00,Scuttle the Canal (red),3,0
27,"Arakni, Web of Deceit",2025-01-26T05:33:00,Stains of the Redback (red),1,0
27,"Arakni, Web of Deceit",2025-01-26T05:33:00,Two Sides to the Blade (red),1,0
27,"Arakni, Web of Deceit",2025-01-26T05:33:00,Cut from the Same Cloth (yellow),1,0
27,"Arakni, Web of Deceit",2025-01-26T05:33:00,Mark the Prey (yellow),1,0
27,"Arakni, Web of Deceit",2025-01-26T05:33:00,Orb-Weaver Spinneret (yellow),1,0
27,"Arakni, Web of Deceit",2025-01-26T05:33:00,Pick Up the Point (yellow),1,0
27,"Arakni, Web of Deceit",2025-01-26T05:33:00,Plunge the Prospect (yellow),1,0
27,"Arakni, Web of Deceit",2025-01-26T05:33:00,Scuttle the Canal (yellow),1,0
27,"Arakni, Web of Deceit",2025-01-26T05:33:00,Stains of the Redback (yellow),1,0
27,"Arakni, Web of Deceit",2025-01-26T05:33:00,Mark the Prey (blue),1,0
27,"Arakni, Web of Deceit",2025-01-26T05:33:00,Orb-Weaver Spinneret (blue),1,0
27,"Arakni, Web of Deceit",2025-01-26T05:33:00,Pick Up the Point (blue),2,0
27,"Arakni, Web of Deceit",2025-01-26T05:33:00,Plunge the Prospect (blue),1,0
27,"Arakni, Web of Deceit",2025-01-26T05:33:00,Put in Context (blue),1,0
27,"Arakni, Web of Deceit",2025-01-26T05:33:00,Scar Tissue (blue),1,0
27,"Arakni, Web of Deceit",2025-01-26T05:33:00,Tip-Off (blue),1,0
27,"Arakni, Web of Deceit",2025-01-26T05:33:00,To the Point (blue),1,0
27,"Arakni, Web of Deceit",2025-01-26T05:33:00,Bunker Beard,1,1
27,"Arakni, Web of Deceit",2025-01-26T05:33:00,Danger Digits,1,1
27,"Arakni, Web of Deceit",2025-01-26T05:33:00,Red Alert Vest,1,1
27,"Arakni, Web of Deceit",2025-01-26T05:33:00,Starting Point,1,1
28,Cindra,2025-01-26T07:50:08,Art of the Dragon: Blood (red),1,0
28,Cindra,2025-01-26T07:50:08,Art of the Dragon: Claw (red),1,0
28,Cindra,2025-01-26T07:50:08,Blood Line (red),3,0
28,Cindra,2025-01-26T07:50:08,Burning Blade Dance (red),1,0
28,Cindra,2025-01-26T07:50:08,Cinderskin Devotion (red),2,0
28,Cindra,2025-01-26T07:50:08,Compounding Anger (red),1,0
28,Cindra,2025-01-26T07:50:08,Demonstrate Devotion (red),1,0
28,Cindra,2025-01-26T07:50:08,Display Loyalty (red),1,0
28,Cindra,2025-01-26T07:50:08,Fire Tenet: Strike First (red),1,0
28,Cindra,2025-01-26T07:50:08,For the Dracai (red),1,0
28,Cindra,2025-01-26T07:50:08,Grow Wings (red),1,0
28,Cindra,2025-01-26T07:50:08,Hot on Their Heels (red),1,0
28,Cindra,2025-01-26T07:50:08,Hunt the Hunter (red),1,0
28,Cindra,2025-01-26T07:50:08,Lava Vein Loyalty (red),3,0
28,Cindra,2025-01-26T07:50:08,March of Loyalty (red),1,0
28,Cindra,2025-01-26T07:50:08,Mark with Magma (red),2,0
28,Cindra,2025-01-26T07:50:08,Razor Reflex (red),1,0
28,Cindra,2025-01-26T07:50:08,Ronin Renegade (red),2,0
28,Cindra,2025-01-26T07:50:08,Silver Talons (red),1,0
28,Cindra,2025-01-26T07:50:08,Throw Yourself at Them (red),1,0
28,Cindra,2025-01-26T07:50:08,Trap and Release (red),1,0
28,Cindra,2025-01-26T07:50:08,Wrath of Retribution (red),1,0
28,Cindra,2025-01-26T07:50:08,Cut Through (blue),1,0
28,Cindra,2025-01-26T07:50:08,Grow Claws (blue),1,0
28,Cindra,2025-01-26T07:50:08,Grow Wings (blue),2,0
28,Cindra,2025-01-26T07:50:08,Rotten Remains (blue),1,0
28,Cindra,2025-01-26T07:50:08,Silver Talons (blue),2,0
28,Cindra,2025-01-26T07:50:08,Throw Yourself at Them (blue),1,0
28,Cindra,2025-01-26T07:50:08,Trap and Release (blue),1,0
28,Cindra,2025-01-26T07:50:08,Coat of Allegiance,1,1
28,Cindra,2025-01-26T07:50:08,Hand of Vengeance,1,1
28,Cindra,2025-01-26T07:50:08,Path of Vengeance,1,1
28,Cindra,2025-01-26T07:50:08,Vow of Vengeance,1,1
29,"Arakni, Web of Deceit",2025-01-27T00:23:11,Back Stab (red),1,0
29,"Arakni, Web of Deceit",2025-01-27T00:23:11,Defang the Dragon (red),2,0
29,"Arakni, Web of Deceit",2025-01-27T00:23:11,Den of the Spider (red),1,0
29,"Arakni, Web of Deceit",2025-01-27T00:23:11,Extinguish the Flames (red),1,0
29,"Arakni, Web of Deceit",2025-01-27T00:23:11,Hunted or Hunter (red),1,0
29,"Arakni, Web of Deceit",2025-01-27T00:23:11,Mark of the Black Widow (red),2,0
29,"Arakni, Web of Deceit",2025-01-27T00:23:11,Mark of the Funnel Web (red),1,0
29,"Arakni, Web of Deceit",2025-01-27T00:23:11,Mark the Prey (red),1,0
29,"Arakni, Web of Deceit",2025-01-27T00:23:11,Plunge the Prospect (red),1,0
29,"Arakni, Web of Deceit",2025-01-27T00:23:11,Public Bounty (red),2,0
29,"Arakni, Web of Deceit",2025-01-27T00:23:11,Razor's Edge (red),1,0
29,"Arakni, Web of Deceit",2025-01-27T00:23:11,Reaper's Call (red),1,0
29,"Arakni, Web of Deceit",2025-01-27T00:23:11,Scar Tissue (red),2,0
29,"Arakni, Web of Deceit",2025-01-27T00:23:11,Scuttle the Canal (red),1,0
29,"Arakni, Web of Deceit",2025-01-27T00:23:11,Stains of the Redback (red),1,0
29,"Arakni, Web of Deceit",2025-01-27T00:23:11,Cut from the Same Cloth (yellow),1,0
29,"Arakni, Web of Deceit",2025-01-27T00:23:11,Incision (yellow),1,0
29,"Arakni, Web of Deceit",2025-01-27T00:23:11,Pick Up the Point (yellow),1,0
29,"Arakni, Web of Deceit",2025-01-27T00:23:11,Bite (blue),1,0
29,"Arakni, Web of Deceit",2025-01-27T00:23:11,Mark of the Black Widow (blue),1,0
29,"Arakni, Web of Deceit",2025-01-27T00:23:11,Mark of the Funnel Web (blue),1,0
29,"Arakni, Web of Deceit",2025-01-27T00:23:11,Mark the Prey (blue),1,0
29,"Arakni, Web of Deceit",2025-01-27T00:23:11,Reaper's Call (blue),1,0
29,"Arakni, Web of Deceit",2025-01-27T00:23:11,Scar Tissue (blue),1,0
29,"Arakni, Web of Deceit",2025-01-27T00:23:11,Tip-Off (blue),1,0
29,"Arakni, Web of Deceit",2025-01-27T00:23:11,Up Sticks and Run (blue),2,0
29,"Arakni, Web of Deceit",2025-01-27T00:23:11,Blade Beckoner Gauntlets,1,1
29,"Arakni, Web of Deceit",2025-01-27T00:23:11,Blade Beckoner Helm,1,1
29,"Arakni, Web of Deceit",2025-01-27T00:23:11,Leap Frog Leggings,1,1
29,"Arakni, Web of Deceit",2025-01-27T00:23:11,Red Alert Gloves,1,1
29,"Arakni, Web of Deceit",2025-01-27T00:23:11,Red Alert Vest,1,1
30,Cindra,2025-01-27T00:55:50,Blood Line (red),1,0
30,Cindra,2025-01-27T00:55:50,Burning Blade Dance (red),2,0
30,Cindra,2025-01-27T00:55:50,Cinderskin Devotion (red),1,0
30,Cindra,2025-01-27T00:55:50,Dust Runner Outlaw (red),2,0
30,Cindra,2025-01-27T00:55:50,Grow Claws (red),2,0
30,Cindra,2025-01-27T00:55:50,Grow Wings (red),2,0
30,Cindra,2025-01-27T00:55:50,Hot on Their Heels (red),3,0
30,Cindra,2025-01-27T00:55:50,Lava Vein Loyalty (red),2,0
30,Cindra,2025-01-27T00:55:50,Mark with Magma (red),1,0
30,Cindra,2025-01-27T00:55:50,Pick Up the Point (red),1,0
30,Cindra,2025-01-27T00:55:50,Ronin Renegade (red),1,0
30,Cindra,2025-01-27T00:55:50,Tag the Target (red),2,0
30,Cindra,2025-01-27T00:55:50,Wrath of Retribution (red),1,0
30,Cindra,2025-01-27T00:55:50,Fire Tenet: Strike First (yellow),1,0
30,Cindra,2025-01-27T00:55:50,Grow Wings (yellow),1,0
30,Cindra,2025-01-27T00:55:50,Tag the Target (yellow),3,0
30,Cindra,2025-01-27T00:55:50,Grow Wings (blue),1,0
30,Cindra,2025-01-27T00:55:50,Nip at the Heels (blue),1,0
30,Cindra,2025-01-27T00:55:50,Rotten Remains (blue),1,0
30,Cindra,2025-01-27T00:55:50,Silver Talons (blue),1,0
30,Cindra,2025-01-27T00:55:50,Blade Beckoner Boots,1,1
30,Cindra,2025-01-27T00:55:50,Leap Frog Gloves,1,1
30,Cindra,2025-01-27T00:55:50,Leap Frog Slime Skin,1,1
30,Cindra,2025-01-27T00:55:50,Leap Frog Vocal Sac,1,1
31,"Arakni, Web of Deceit",2025-01-27T04:54:16,Back Stab (red),2,0
31,"Arakni, Web of Deceit",2025-01-27T04:54:16,Bite (red),1,0
31,"Arakni, Web of Deceit",2025-01-27T04:54:16,Den of the Spider (red),1,0
31,"Arakni, Web of Deceit",2025-01-27T04:54:16,Hunted or Hunter (red),1,0
31,"Arakni, Web of Deceit",2025-01-27T04:54:16,Kiss of Death (red),1,0
31,"Arakni, Web of Deceit",2025-01-27T04:54:16,Mark of the Funnel Web (red),1,0
31,"Arakni, Web of Deceit",2025-01-27T04:54:16,Mark the Prey (red),2,0
31,"Arakni, Web of Deceit",2025-01-27T04:54:16,Plunge the Prospect (red),1,0
31,"Arakni, Web of Deceit",2025-01-27T04:54:16,Public Bounty (red),1,0
31,"Arakni, Web of Deceit",2025-01-27T04:54:16,Pursue to the Pits of Despair (red),1,0
31,"Arakni, Web of Deceit",2025-01-27T04:54:16,Scar Tissue (red),1,0
31,"Arakni, Web of Deceit",2025-01-27T04:54:16,Scuttle the Canal (red),1,0
31,"Arakni, Web of Deceit",2025-01-27T04:54:16,Throw Yourself at Them (red),1,0
31,"Arakni, Web of Deceit",2025-01-27T04:54:16,Two Sides to the Blade (red),2,0
31,"Arakni, Web of Deceit",2025-01-27T04:54:16,Up Sticks and Run (red),1,0
31,"Arakni, Web of Deceit",2025-01-27T04:54:16,Bite (yellow),1,0
31,"Arakni, Web of Deceit",2025-01-27T04:54:16,Mark of the Funnel Web (yellow),1,0
31,"Arakni, Web of Deceit",2025-01-27T04:54:16,Plunge the Prospect (yellow),1,0
31,"Arakni, Web of Deceit",2025-01-27T04:54:16,Poisoned Blade (yellow),1,0
31,"Arakni, Web of Deceit",2025-01-27T04:54:16,Public Bounty (yellow),1,0
31,"Arakni, Web of Deceit",2025-01-27T04:54:16,Reaper's Call (yellow),1,0
31,"Arakni, Web of Deceit",2025-01-27T04:54:16,Whittle from Bone (yellow),1,0
31,"Arakni, Web of Deceit",2025-01-27T04:54:16,Mark of the Black Widow (blue),2,0
31,"Arakni, Web of Deceit",2025-01-27T04:54:16,Mark of the Funnel Web (blue),1,0
31,"Arakni, Web of Deceit",2025-01-27T04:54:16,Reaper's Call (blue),3,0
31,"Arakni, Web of Deceit",2025-01-27T04:54:16,Scuttle the Canal (blue),2,0
31,"Arakni, Web of Deceit",2025-01-27T04:54:16,Under the Trap-Door (blue),1,0
31,"Arakni, Web of Deceit",2025-01-27T04:54:16,Blade Beckoner Gauntlets,1,1
31,"Arakni, Web of Deceit",2025-01-27T04:54:16,Danger Digits,1,1
31,"Arakni, Web of Deceit",2025-01-27T04:54:16,Red Alert Vest,1,1
31,"Arakni, Web of Deceit",2025-01-27T04:54:16,Red Alert Visor,1,1
32,Cindra,2025-01-27T16:29:39,Art of the Dragon: Fire (red),1,0
32,Cindra,2025-01-27T16:29:39,Blood Drop (red),2,0
32,Cindra,2025-01-27T16:29:39,Blood Line (red),1,0
32,Cindra,2025-01-27T16:29:39,Burning Blade Dance (red),1,0
32,Cindra,2025-01-27T16:29:39,Cinderskin Devotion (red),1,0
32,Cindra,2025-01-27T16:29:39,Demonstrate Devotion (red),1,0
32,Cindra,2025-01-27T16:29:39,Dragon Power (red),1,0
32,Cindra,2025-01-27T16:29:39,Fire Tenet: Strike First (red),1,0
32,Cindra,2025-01-27T16:29:39,Grow Claws (red),1,0
32,Cindra,2025-01-27T16:29:39,Grow Wings (red),3,0
32,Cindra,2025-01-27T16:29:39,Hot on Their Heels (red),1,0
32,Cindra,2025-01-27T16:29:39,Hunt the Hunter (red),1,0
32,Cindra,2025-01-27T16:29:39,Mark with Magma (red),2,0
32,Cindra,2025-01-27T16:29:39,Smoke Out (red),1,0
32,Cindra,2025-01-27T16:29:39,Tag the Target (red),1,0
32,Cindra,2025-01-27T16:29:39,Up Sticks and Run (red),1,0
32,Cindra,2025-01-27T16:29:39,Fire Tenet: Strike First (yellow),1,0
32,Cindra,2025-01-27T16:29:39,Tag the Target (yellow),3,0
32,Cindra,2025-01-27T16:29:39,Throw Yourself at Them (yellow),2,0
32,Cindra,2025-01-27T16:29:39,Tip-Off (yellow),2,0
32,Cindra,2025-01-27T16:29:39,Grow Wings (blue),3,0
32,Cindra,2025-01-27T16:29:39,Put in Context (blue),1,0
32,Cindra,2025-01-27T16:29:39,Relentless Pursuit (blue),1,0
32,Cindra,2025-01-27T16:29:39,Silver Talons (blue),1,0
32,Cindra,2025-01-27T16:29:39,Trot Along (blue),1,0
32,Cindra,2025-01-27T16:29:39,Up Sticks and Run (blue),1,0
32,Cindra,2025-01-27T16:29:39,Blade Beckoner Plating,1,1
32,Cindra,2025-01-27T16:29:39,Danger Digits,1,1
32,Cindra,2025-01-27T16:29:39,Path of Vengeance,1,1
32,Cindra,2025-01-27T16:29:39,Vow of Vengeance,1,1
33,Fang,2025-01-27T19:26:21,Affirm Loyalty (red),1,0
33,Fang,2025-01-27T19:26:21,Blessing of Vynserakai (red),1,0
33,Fang,2025-01-27T19:26:21,Blistering Blade (red),1,0
33,Fang,2025-01-27T19:26:21,Brothers of Flame (red),1,0
33,Fang,2025-01-27T19:26:21,Den of the Spider (red),2,0
33,Fang,2025-01-27T19:26:21,For the Realm (red),3,0
33,Fang,2025-01-27T19:26:21,Imperial Intent (red),3,0
33,Fang,2025-01-27T19:26:21,Pledge Fealty (red),2,0
33,Fang,2025-01-27T19:26:21,Rake Over the Coals (red),1,0
33,Fang,2025-01-27T19:26:21,Savor Bloodshed (red),1,0
33,Fang,2025-01-27T19:26:21,Scalding Iron (red),1,0
33,Fang,2025-01-27T19:26:21,Scar Tissue (red),1,0
33,Fang,2025-01-27T19:26:21,Searing Gaze (red),1,0
33,Fang,2025-01-27T19:26:21,Sisters of Fire (red),1,0
33,Fang,2025-01-27T19:26:21,Sizzling Steel (red),1,0
33,Fang,2025-01-27T19:26:21,Smoke Out (red),1,0
33,Fang,2025-01-27T19:26:21,Sworn Vengeance (red),1,0
33,Fang,2025-01-27T19:26:21,Tooth of the Dragon (red),3,0
33,Fang,2025-01-27T19:26:21,Sharpened Senses (yellow),1,0
33,Fang,2025-01-27T19:26:21,Cut Deep (blue),1,0
33,Fang,2025-01-27T19:26:21,Hunt a Killer (blue),3,0
33,Fang,2025-01-27T19:26:21,Incision (blue),1,0
33,Fang,2025-01-27T19:26:21,Knife Through Butter (blue),1,0
33,Fang,2025-01-27T19:26:21,Point of Engagement (blue),1,0
33,Fang,2025-01-27T19:26:21,Power Stance (blue),1,0
33,Fang,2025-01-27T19:26:21,Put in Context (blue),1,0
33,Fang,2025-01-27T19:26:21,Scar Tissue (blue),1,0
33,Fang,2025-01-27T19:26:21,Red Alert Boots,1,1
33,Fang,2025-01-27T19:26:21,Red Alert Vest,1,1
33,Fang,2025-01-27T19:26:21,Vow of Vengeance,1,1
34,Fang,2025-01-28T00:29:52,Blessing of Vynserakai (red),1,0
34,Fang,2025-01-28T00:29:52,Brothers of Flame (red),1,0
34,Fang,2025-01-28T00:29:52,Cut from the Same Cloth (red),1,0
34,Fang,2025-01-28T00:29:52,Fire and Brimstone (red),1,0
34,Fang,2025-01-28T00:29:52,For the Dracai (red),1,0
34,Fang,2025-01-28T00:29:52,For the Emperor (red),2,0
34,Fang,2025-01-28T00:29:52,Hunt to the Ends of Rathe (red),1,0
34,Fang,2025-01-28T00:29:52,Knife Through Butter (red),1,0
34,Fang,2025-01-28T00:29:52,Outed (red),1,0
34,Fang,2025-01-28T00:29:52,Scar Tissue (red),1,0
34,Fang,2025-01-28T00:29:52,Sisters of Fire (red),3,0
34,Fang,2025-01-28T00:29:52,Sizzling Steel (red),2,0
34,Fang,2025-01-28T00:29:52,Sound the Alarm (red),1,0
34,Fang,2025-01-28T00:29:52,Stabbing Pain (red),1,0
34,Fang,2025-01-28T00:29:52,Sworn Vengeance (red),2,0
34,Fang,2025-01-28T00:29:52,Incision (yellow),1,0
34,Fang,2025-01-28T00:29:52,Knife Through Butter (yellow),1,0
34,Fang,2025-01-28T00:29:52,Take a Stab (yellow),1,0
34,Fang,2025-01-28T00:29:52,Cut Deep (blue),2,0
34,Fang,2025-01-28T00:29:52,Hunt a Killer (blue),2,0
34,Fang,2025-01-28T00:29:52,Knife Through Butter (blue),1,0
34,Fang,2025-01-28T00:29:52,Scar Tissue (blue),1,0
34,Fang,2025-01-28T00:29:52,Sworn Vengeance (blue),2,0
34,Fang,2025-01-28T00:29:52,Take a Stab (blue),1,0
34,Fang,2025-01-28T00:29:52,Trot Along (blue),1,0
34,Fang,2025-01-28T00:29:52,Twist and Turn (blue),1,0
34,Fang,2025-01-28T00:29:52,Coat of Allegiance,1,1
34,Fang,2025-01-28T00:29:52,Red Alert Visor,1,1
34,Fang,2025-01-28T00:29:52,Starting Point,1,1
35,Cindra,2025-01-28T04:31:15,Art of the Dragon: Blood (red),1,0
35,Cindra,2025-01-28T04:31:15,Art of the Dragon: Fire (red),2,0
35,Cindra,2025-01-28T04:31:15,Art of the Dragon: Scale (red),1,0
35,Cindra,2025-01-28T04:31:15,Blood Drop (red),1,0
35,Cindra,2025-01-28T04:31:15,Demonstrate Devotion (red),1,0
35,Cindra,2025-01-28T04:31:15,Dragon Power (red),1,0
35,Cindra,2025-01-28T04:31:15,Fire Tenet: Strike First (red),1,0
35,Cindra,2025-01-28T04:31:15,For the Emperor (red),3,0
35,Cindra,2025-01-28T04:31:15,Hot on Their Heels (red),1,0
35,Cindra,2025-01-28T04:31:15,Lava Vein Loyalty (red),1,0
35,Cindra,2025-01-28T04:31:15,Mark with Magma (red),2,0
35,Cindra,2025-01-28T04:31:15,Pursue to the Edge of Oblivion (red),1,0
35,Cindra,2025-01-28T04:31:15,Tag the Target (red),2,0
35,Cindra,2025-01-28T04:31:15,Tip-Off (red),1,0
35,Cindra,2025-01-28T04:31:15,Wrath of Retribution (red),1,0
35,Cindra,2025-01-28T04:31:15,Cut Through (yellow),1,0
35,Cindra,2025-01-28T04:31:15,Tip-Off (yellow),1,0
35,Cindra,2025-01-28T04:31:15,Trap and Release (yellow),1,0
35,Cindra,2025-01-28T04:31:15,Dragon Power (blue),1,0
35,Cindra,2025-01-28T04:31:15,Grow Claws (blue),1,0
35,Cindra,2025-01-28T04:31:15,Grow Wings (blue),1,0
35,Cindra,2025-01-28T04:31:15,Tag the Target (blue),1,0
35,Cindra,2025-01-28T04:31:15,Trap and Release (blue),2,0
35,Cindra,2025-01-28T04:31:15,Up Sticks and Run (blue),1,0
35,Cindra,2025-01-28T04:31:15,Leap Frog Gloves,1,1
35,Cindra,2025-01-28T04:31:15,Leap Frog Leggings,1,1
35,Cindra,2025-01-28T04:31:15,Leap Frog Slime Skin,1,1
35,Cindra,2025-01-28T04:31:15,Path of Vengeance,1,1
36,Fang,2025-01-28T07:34:58,Blistering Blade (red),1,0
36,Fang,2025-01-28T07:34:58,Brothers of Flame (red),1,0
36,Fang,2025-01-28T07:34:58,Drop of Dragon Blood (red),1,0
36,Fang,2025-01-28T07:34:58,Dynastic Dedication (red),1,0
36,Fang,2025-01-28T07:34:58,For the Realm (red),1,0
36,Fang,2025-01-28T07:34:58,Jagged Edge (red),1,0
36,Fang,2025-01-28T07:34:58,Oath of Loyalty (red),1,0
36,Fang,2025-01-28T07:34:58,Scalding Iron (red),1,0
36,Fang,2025-01-28T07:34:58,Searing Gaze (red),1,0
36,Fang,2025-01-28T07:34:58,Shelter from the Storm (red),1,0
36,Fang,2025-01-28T07:34:58,Sisters of Fire (red),1,0
36,Fang,2025-01-28T07:34:58,Sizzling Steel (red),3,0
36,Fang,2025-01-28T07:34:58,Smoke Out (red),2,0
36,Fang,2025-01-28T07:34:58,Stabbing Pain (red),1,0
36,Fang,2025-01-28T07:34:58,To the Point (red),1,0
36,Fang,2025-01-28T07:34:58,Tooth of the Dragon (red),2,0
36,Fang,2025-01-28T07:34:58,Twist and Turn (red),1,0
36,Fang,2025-01-28T07:34:58,Cut from the Same Cloth (yellow),1,0
36,Fang,2025-01-28T07:34:58,Hunt a Killer (yellow),1,0
36,Fang,2025-01-28T07:34:58,Incision (yellow),1,0
36,Fang,2025-01-28T07:34:58,Knife Through Butter (yellow),1,0
36,Fang,2025-01-28T07:34:58,Scar Tissue (yellow),2,0
36,Fang,2025-01-28T07:34:58,Sworn Vengeance (yellow),1,0
36,Fang,2025-01-28T07:34:58,Cut Deep (blue),1,0
36,Fang,2025-01-28T07:34:58,Diced (blue),1,0
36,Fang,2025-01-28T07:34:58,Hunt a Killer (blue),1,0
36,Fang,2025-01-28T07:34:58,Knife Through Butter (blue),1,0
36,Fang,2025-01-28T07:34:58,Power Stance (blue),1,0
36,Fang,2025-01-28T07:34:58,Put in Context (blue),2,0
36,Fang,2025-01-28T07:34:58,Rotten Remains (blue),1,0
36,Fang,2025-01-28T07:34:58,Sworn Vengeance (blue),1,0
36,Fang,2025-01-28T07:34:58,Red Alert Boots,1,1
36,Fang,2025-01-28T07:34:58,Starting Point,1,1
36,Fang,2025-01-28T07:34:58,Vow of Vengeance,1,1
37,"Arakni, Web of Deceit",2025-01-28T15:37:08,Defang the Dragon (red),1,0
37,"Arakni, Web of Deceit",2025-01-28T15:37:08,Hunted or Hunter (red),1,0
37,"Arakni, Web of Deceit",2025-01-28T15:37:08,Lair of the Spider (red),2,0
37,"Arakni, Web of Deceit",2025-01-28T15:37:08,Mark of the Black Widow (red),2,0
37,"Arakni, Web of Deceit",2025-01-28T15:37:08,Mark of the Funnel Web (red),1,0
37,"Arakni, Web of Deceit",2025-01-28T15:37:08,Mark the Prey (red),4,0
37,"Arakni, Web of Deceit",2025-01-28T15:37:08,Plunge the Prospect (red),1,0
37,"Arakni, Web of Deceit",2025-01-28T15:37:08,Razor's Edge (red),2,0
37,"Arakni, Web of Deceit",2025-01-28T15:37:08,Scar Tissue (red),2,0
37,"Arakni, Web of Deceit",2025-01-28T15:37:08,Scuttle the Canal (red),2,0
37,"Arakni, Web of Deceit",2025-01-28T15:37:08,Two Sides to the Blade (red),3,0
37,"Arakni, Web of Deceit",2025-01-28T15:37:08,Whittle from Bone (red),1,0
37,"Arakni, Web of Deceit",2025-01-28T15:37:08,Lay Low (yellow),1,0
37,"Arakni, Web of Deceit",2025-01-28T15:37:08,Reaper's Call (yellow),1,0
37,"Arakni, Web of Deceit",2025-01-28T15:37:08,Scuttle the Canal (yellow),1,0
37,"Arakni, Web of Deceit",2025-01-28T15:37:08,Mark of the Black Widow (blue),1,0
37,"Arakni, Web of Deceit",2025-01-28T15:37:08,Mark of the Funnel Web (blue),1,0
37,"Arakni, Web of Deceit",2025-01-28T15:37:08,Mark the Prey (blue),1,0
37,"Arakni, Web of Deceit",2025-01-28T15:37:08,Plunge the Prospect (blue),3,0
37,"Arakni, Web of Deceit",2025-01-28T15:37:08,Put in Context (blue),1,0
37,"Arakni, Web of Deceit",2025-01-28T15:37:08,Reaper's Call (blue),1,0
37,"Arakni, Web of Deceit",2025-01-28T15:37:08,Scuttle the Canal (blue),2,0
37,"Arakni, Web of Deceit",2025-01-28T15:37:08,Throw Dagger (blue),1,0
37,"Arakni, Web of Deceit",2025-01-28T15:37:08,Whittle from Bone (blue),1,0
37,"Arakni, Web of Deceit",2025-01-28T15:37:08,Danger Digits,1,1
37,"Arakni, Web of Deceit",2025-01-28T15:37:08,Red Alert Boots,1,1
37,"Arakni, Web of Deceit",2025-01-28T15:37:08,Red Alert Vest,1,1
37,"Arakni, Web of Deceit",2025-01-28T15:37:08,Red Alert Visor,1,1
38,Fang,2025-01-28T17:08:13,Blistering Blade (red),3,0
38,Fang,2025-01-28T17:08:13,Cut Deep (red),1,0
38,Fang,2025-01-28T17:08:13,For the Dracai (red),2,0
38,Fang,2025-01-28T17:08:13,Hunt a Killer (red),2,0
38,Fang,2025-01-28T17:08:13,Imperial Intent (red),1,0
38,Fang,2025-01-28T17:08:13,Incision (red),1,0
38,Fang,2025-01-28T17:08:13,Knife Through Butter (red),1,0
38,Fang,2025-01-28T17:08:13,Point of Engagement (red),1,0
38,Fang,2025-01-28T17:08:13,Proclaim Vengeance (red),1,0
38,Fang,2025-01-28T17:08:13,Scar Tissue (red),3,0
38,Fang,2025-01-28T17:08:13,Sisters of Fire (red),2,0
38,Fang,2025-01-28T17:08:13,Smoke Out (red),3,0
38,Fang,2025-01-28T17:08:13,Stabbing Pain (red),1,0
38,Fang,2025-01-28T17:08:13,Sworn Vengeance (red),1,0
38,Fang,2025-01-28T17:08:13,Tooth of the Dragon (red),1,0
38,Fang,2025-01-28T17:08:13,Cut Deep (yellow),1,0
38,Fang,2025-01-28T17:08:13,Diced (yellow),2,0
38,Fang,2025-01-28T17:08:13,Incision (yellow),1,0
38,Fang,2025-01-28T17:08:13,Knife Through Butter (yellow),1,0
38,Fang,2025-01-28T17:08:13,Scar Tissue (yellow),1,0
38,Fang,2025-01-28T17:08:13,Twist and Turn (yellow),1,0
38,Fang,2025-01-28T17:08:13,Point of Engagement (blue),2,0
38,Fang,2025-01-28T17:08:13,Take a Stab (blue),1,0
38,Fang,2025-01-28T17:08:13,Hand of Vengeance,1,1
38,Fang,2025-01-28T17:08:13,Red Alert Vest,1,1
38,Fang,2025-01-28T17:08:13,Red Alert Visor,1,1
38,Fang,2025-01-28T17:08:13,Starting Point,1,1
39,Fang,2025-01-28T21:04:50,Blessing of Vynserakai (red),1,0
39,Fang,2025-01-28T21:04:50,Blistering Blade (red),2,0
39,Fang,2025-01-28T21:04:50,Brothers of Flame (red),1,0
39,Fang,2025-01-28T21:04:50,Cut Deep (red),2,0
39,Fang,2025-01-28T21:04:50,For the Emperor (red),1,0
39,Fang,2025-01-28T21:04:50,For the Realm (red),1,0
39,Fang,2025-01-28T21:04:50,Hunt a Killer (red),1,0
39,Fang,2025-01-28T21:04:50,Imperial Intent (red),2,0
39,Fang,2025-01-28T21:04:50,Incision (red),1,0
39,Fang,2025-01-28T21:04:50,Knife Through Butter (red),1,0
39,Fang,2025-01-28T21:04:50,Outed (red),1,0
39,Fang,2025-01-28T21:04:50,Pledge Fealty (red),2,0
39,Fang,2025-01-28T21:04:50,Point of Engagement (red),1,0
39,Fang,2025-01-28T21:04:50,Proclaim Vengeance (red),1,0
39,Fang,2025-01-28T21:04:50,Scar Tissue (red),1,0
39,Fang,2025-01-28T21:04:50,Searing Gaze (red),1,0
39,Fang,2025-01-28T21:04:50,Sisters of Fire (red),1,0
39,Fang,2025-01-28T21:04:50,Sizzling Steel (red),1,0
39,Fang,2025-01-28T21:04:50,Sworn Vengeance (red),2,0
39,Fang,2025-01-28T21:04:50,Twist and Turn (red),1,0
39,Fang,2025-01-28T21:04:50,Knife Through Butter (yellow),1,0
39,Fang,2025-01-28T21:04:50,Point of Engagement (yellow),1,0
39,Fang,2025-01-28T21:04:50,Sworn Vengeance (yellow),1,0
39,Fang,2025-01-28T21:04:50,Cut Deep (blue),1,0
39,Fang,2025-01-28T21:04:50,Hunt a Killer (blue),1,0
39,Fang,2025-01-28T21:04:50,Incision (blue),1,0
39,Fang,2025-01-28T21:04:50,Knife Through Butter (blue),1,0
39,Fang,2025-01-28T21:04:50,Nip at the Heels (blue),1,0
39,Fang,2025-01-28T21:04:50,Point of Engagement (blue),1,0
39,Fang,2025-01-28T21:04:50,Provoke (blue),1,0
39,Fang,2025-01-28T21:04:50,Relentless Pursuit (blue),1,0
39,Fang,2025-01-28T21:04:50,Take a Stab (blue),1,0
39,Fang,2025-01-28T21:04:50,Twist and Turn (blue),2,0
39,Fang,2025-01-28T21:04:50,Hand of Vengeance,1,1
39,Fang,2025-01-28T21:04:50,Path of Vengeance,1,1
39,Fang,2025-01-28T21:04:50,Red Alert Vest,1,1
40,Fang,2025-01-28T22:04:17,Blessing of Vynserakai (red),1,0
40,Fang,2025-01-28T22:04:17,Blistering Blade (red),1,0
40,Fang,2025-01-28T22:04:17,Brothers of Flame (red),1,0
40,Fang,2025-01-28T22:04:17,Cut Deep (red),2,0
40,Fang,2025-01-28T22:04:17,Den of the Spider (red),1,0
40,Fang,2025-01-28T22:04:17,For the Emperor (red),1,0
40,Fang,2025-01-28T22:04:17,For the Realm (red),1,0
40,Fang,2025-01-28T22:04:17,Imperial Intent (red),1,0
40,Fang,2025-01-28T22:04:17,Pledge Fealty (red),1,0
40,Fang,2025-01-28T22:04:17,Proclaim Vengeance (red),1,0
40,Fang,2025-01-28T22:04:17,Searing Gaze (red),1,0
40,Fang,2025-01-28T22:04:17,Sisters of Fire (red),2,0
40,Fang,2025-01-28T22:04:17,Stabbing Pain (red),1,0
40,Fang,2025-01-28T22:04:17,Sworn Vengeance (red),1,0
40,Fang,2025-01-28T22:04:17,Tooth of the Dragon (red),2,0
40,Fang,2025-01-28T22:04:17,Twist and Turn (red),1,0
40,Fang,2025-01-28T22:04:17,Cut Deep (yellow),1,0
40,Fang,2025-01-28T22:04:17,Cut from the Same Cloth (yellow),1,0
40,Fang,2025-01-28T22:04:17,Hunt a Killer (yellow),1,0
40,Fang,2025-01-28T22:04:17,Incision (yellow),1,0
40,Fang,2025-01-28T22:04:17,Sworn Vengeance (yellow),1,0
40,Fang,2025-01-28T22:04:17,Take a Stab (yellow),1,0
40,Fang,2025-01-28T22:04:17,To the Point (yellow),1,0
40,Fang,2025-01-28T22:04:17,Cut Deep (blue),1,0
40,Fang,2025-01-28T22:04:17,Incision (blue),1,0
40,Fang,2025-01-28T22:04:17,Scar Tissue (blue),1,0
40,Fang,2025-01-28T22:04:17,Trot Along (blue),1,0
40,Fang,2025-01-28T22:04:17,Twist and Turn (blue),1,0
40,Fang,2025-01-28T22:04:17,Heart of Vengeance,1,1
40,Fang,2025-01-28T22:04:17,Path of Vengeance,1,1
40,Fang,2025-01-28T22:04:17,Red Alert Gloves,1,1
40,Fang,2025-01-28T22:04:17,Starting Point,1,1
40,Fang,2025-01-28T22:04:17,Vow of Vengeance,1,1
41,"Arakni, Web of Deceit",2025-01-29T08:24:23,Back Stab (red),1,0
41,"Arakni, Web of Deceit",2025-01-29T08:24:23,Bite (red),1,0
41,"Arakni, Web of Deceit",2025-01-29T08:24:23,Calming Breeze (red),1,0
41,"Arakni, Web of Deceit",2025-01-29T08:24:23,Cut from the Same Cloth (red),1,0
41,"Arakni, Web of Deceit",2025-01-29T08:24:23,Den of the Spider (red),1,0
41,"Arakni, Web of Deceit",2025-01-29T08:24:23,Hunted or Hunter (red),2,0
41,"Arakni, Web of Deceit",2025-01-29T08:24:23,Incision (red),1,0
41,"Arakni, Web of Deceit",2025-01-29T08:24:23,Mark of the Black Widow (red),1,0
41,"Arakni, Web of Deceit",2025-01-29T08:24:23,Mark the Prey (red),2,0
41,"Arakni, Web of Deceit",2025-01-29T08:24:23,Pick Up the Point (red),1,0
41,"Arakni, Web of Deceit",2025-01-29T08:24:23,Plunge the Prospect (red),2,0
41,"Arakni, Web of Deceit",2025-01-29T08:24:23,Pursue to the Edge of Oblivion (red),1,0
41,"Arakni, Web of Deceit",2025-01-29T08:24:23,Reaper's Call (red),1,0
41,"Arakni, Web of Deceit",2025-01-29T08:24:23,Scar Tissue (red),2,0
41,"Arakni, Web of Deceit",2025-01-29T08:24:23,Scuttle the Canal (red),1,0
41,"Arakni, Web of Deceit",2025-01-29T08:24:23,Bite (yellow),1,0
41,"Arakni, Web of Deceit",2025-01-29T08:24:23,Incision (yellow),1,0
41,"Arakni, Web of Deceit",2025-01-29T08:24:23,Mark of the Funnel Web (yellow),2,0
41,"Arakni, Web of Deceit",2025-01-29T08:24:23,Throw Yourself at Them (yellow),2,0
41,"Arakni, Web of Deceit",2025-01-29T08:24:23,Whittle from Bone (yellow),1,0
41,"Arakni, Web of Deceit",2025-01-29T08:24:23,Incision (blue),2,0
41,"Arakni, Web of Deceit",2025-01-29T08:24:23,Mark the Prey (blue),3,0
41,"Arakni, Web of Deceit",2025-01-29T08:24:23,Put in Context (blue),1,0
41,"Arakni, Web of Deceit",2025-01-29T08:24:23,Reaper's Call (blue),1,0
41,"Arakni, Web of Deceit",2025-01-29T08:24:23,Scuttle the Canal (blue),1,0
41,"Arakni, Web of Deceit",2025-01-29T08:24:23,Take a Stab (blue),1,0
41,"Arakni, Web of Deceit",2025-01-29T08:24:23,Throw Yourself at Them (blue),1,0
41,"Arakni, Web of Deceit",2025-01-29T08:24:23,Whittle from Bone (blue),1,0
41,"Arakni, Web of Deceit",2025-01-29T08:24:23,Leap Frog Gloves,1,1
41,"Arakni, Web of Deceit",2025-01-29T08:24:23,Red Alert Boots,1,1
41,"Arakni, Web of Deceit",2025-01-29T08:24:23,Red Alert Vest,1,1
41,"Arakni, Web of Deceit",2025-01-29T08:24:23,Red Alert Visor,1,1
42,Fang,2025-01-29T18:47:10,Blaze Headlong (red),1,0
42,Fang,2025-01-29T18:47:10,Blessing of Vynserakai (red),1,0
42,Fang,2025-01-29T18:47:10,Blistering Blade (red),1,0
42,Fang,2025-01-29T18:47:10,Brothers of Flame (red),1,0
42,Fang,2025-01-29T18:47:10,Calming Breeze (red),1,0
42,Fang,2025-01-29T18:47:10,Dynastic Dedication (red),1,0
42,Fang,2025-01-29T18:47:10,For the Dracai (red),1,0
42,Fang,2025-01-29T18:47:10,Hunt a Killer (red),1,0
42,Fang,2025-01-29T18:47:10,Hunt the Hunter (red),1,0
42,Fang,2025-01-29T18:47:10,Imperial Intent (red),1,0
42,Fang,2025-01-29T18:47:10,Incision (red),1,0
42,Fang,2025-01-29T18:47:10,Pledge Fealty (red),2,0
42,Fang,2025-01-29T18:47:10,Proclaim Vengeance (red),1,0
42,Fang,2025-01-29T18:47:10,Pursue to the Pits of Despair (red),1,0
42,Fang,2025-01-29T18:47:10,Scar Tissue (red),2,0
42,Fang,2025-01-29T18:47:10,Searing Gaze (red),2,0
42,Fang,2025-01-29T18:47:10,Sisters of Fire (red),2,0
42,Fang,2025-01-29T18:47:10,Sworn Vengeance (red),1,0
42,Fang,2025-01-29T18:47:10,Tooth of the Dragon (red),1,0
42,Fang,2025-01-29T18:47:10,Hunt a Killer (yellow),1,0
42,Fang,2025-01-29T18:47:10,Knife Through Butter (yellow),1,0
42,Fang,2025-01-29T18:47:10,Public Bounty (yellow),2,0
42,Fang,2025-01-29T18:47:10,Take a Stab (yellow),1,0
42,Fang,2025-01-29T18:47:10,Hunt a Killer (blue),1,0
42,Fang,2025-01-29T18:47:10,Knife Through Butter (blue),1,0
42,Fang,2025-01-29T18:47:10,Public Bounty (blue),1,0
42,Fang,2025-01-29T18:47:10,Scar Tissue (blue),2,0
42,Fang,2025-01-29T18:47:10,Sworn Vengeance (blue),2,0
42,Fang,2025-01-29T18:47:10,Twist and Turn (blue),1,0
42,Fang,2025-01-29T18:47:10,Path of Vengeance,1,1
42,Fang,2025-01-29T18:47:10,Red Alert Gloves,1,1
42,Fang,2025-01-29T18:47:10,Red Alert Vest,1,1
42,Fang,2025-01-29T18:47:10,Vow of Vengeance,1,1
43,"Arakni, Web of Deceit",2025-01-29T20:40:45,Defang the Dragon (red),1,0
43,"Arakni, Web of Deceit",2025-01-29T20:40:45,Extinguish the Flames (red),1,0
43,"Arakni, Web of Deceit",2025-01-29T20:40:45,Hunted or Hunter (red),1,0
43,"Arakni, Web of Deceit",2025-01-29T20:40:45,Incision (red),1,0
43,"Arakni, Web of Deceit",2025-01-29T20:40:45,Lair of the Spider (red),2,0
43,"Arakni, Web of Deceit",2025-01-29T20:40:45,Mark of the Black Widow (red),1,0
43,"Arakni, Web of Deceit",2025-01-29T20:40:45,Mark of the Funnel Web (red),1,0
43,"Arakni, Web of Deceit",2025-01-29T20:40:45,Mark the Prey (red),1,0
43,"Arakni, Web of Deceit",2025-01-29T20:40:45,Plunge the Prospect (red),2,0
43,"Arakni, Web of Deceit",2025-01-29T20:40:45,Poisoned Blade (red),1,0
43,"Arakni, Web of Deceit",2025-01-29T20:40:45,Public Bounty (red),1,0
43,"Arakni, Web of Deceit",2025-01-29T20:40:45,Pursue to the Pits of Despair (red),1,0
43,"Arakni, Web of Deceit",2025-01-29T20:40:45,Razor Reflex (red),1,0
43,"Arakni, Web of Deceit",2025-01-29T20:40:45,Razor's Edge (red),1,0
43,"Arakni, Web of Deceit",2025-01-29T20:40:45,Two Sides to the Blade (red),2,0
43,"Arakni, Web of Deceit",2025-01-29T20:40:45,Mark of the Black Widow (yellow),1,0
43,"Arakni, Web of Deceit",2025-01-29T20:40:45,Mark of the Funnel Web (yellow),3,0
43,"Arakni, Web of Deceit",2025-01-29T20:40:45,Mark the Prey (yellow),1,0
43,"Arakni, Web of Deceit",2025-01-29T20:40:45,Orb-Weaver Spinneret (yellow),1,0
43,"Arakni, Web of Deceit",2025-01-29T20:40:45,Reaper's Call (yellow),2,0
43,"Arakni, Web of Deceit",2025-01-29T20:40:45,Scar Tissue (yellow),1,0
43,"Arakni, Web of Deceit",2025-01-29T20:40:45,Take a Stab (yellow),1,0
43,"Arakni, Web of Deceit",2025-01-29T20:40:45,Take Up the Mantle (yellow),1,0
43,"Arakni, Web of Deceit",2025-01-29T20:40:45,To the Point (yellow),1,0
43,"Arakni, Web of Deceit",2025-01-29T20:40:45,Mark of the Funnel Web (blue),2,0
43,"Arakni, Web of Deceit",2025-01-29T20:40:45,Mark the Prey (blue),3,0
43,"Arakni, Web of Deceit",2025-01-29T20:40:45,Nip at the Heels (blue),1,0
43,"Arakni, Web of Deceit",2025-01-29T20:40:45,Reaper's Call (blue),1,0
43,"Arakni, Web of Deceit",2025-01-29T20:40:45,Under the Trap-Door (blue),1,0
43,"Arakni, Web of Deceit",2025-01-29T20:40:45,Whittle from Bone (blue),1,0
43,"Arakni, Web of Deceit",2025-01-29T20:40:45,Red Alert Gloves,1,1
43,"Arakni, Web of Deceit",2025-01-29T20:40:45,Red Alert Vest,1,1
43,"Arakni, Web of Deceit",2025-01-29T20:40:45,Red Alert Visor,1,1
44,Fang,2025-01-29T22:01:36,Blistering Blade (red),1,0
44,Fang,2025-01-29T22:01:36,Diced (red),1,0
44,Fang,2025-01-29T22:01:36,Fire and Brimstone (red),1,0
44,Fang,2025-01-29T22:01:36,For the Dracai (red),1,0
44,Fang,2025-01-29T22:01:36,For the Realm (red),2,0
44,Fang,2025-01-29T22:01:36,Imperial Intent (red),1,0
44,Fang,2025-01-29T22:01:36,Pledge Fealty (red),2,0
44,Fang,2025-01-29T22:01:36,Proclaim Vengeance (red),2,0
44,Fang,2025-01-29T22:01:36,Rake Over the Coals (red),1,0
44,Fang,2025-01-29T22:01:36,Scar Tissue (red),1,0
44,Fang,2025-01-29T22:01:36,Searing Gaze (red),2,0
44,Fang,2025-01-29T22:01:36,Sisters of Fire (red),2,0
44,Fang,2025-01-29T22:01:36,Sound the Alarm (red),1,0
44,Fang,2025-01-29T22:01:36,Stabbing Pain (red),2,0
44,Fang,2025-01-29T22:01:36,Sworn Vengeance (red),1,0
44,Fang,2025-01-29T22:01:36,Tooth of the Dragon (red),1,0
44,Fang,2025-01-29T22:01:36,Point of Engagement (yellow),1,0
44,Fang,2025-01-29T22:01:36,To the Point (yellow),1,0
44,Fang,2025-01-29T22:01:36,Cut Deep (blue),2,0
44,Fang,2025-01-29T22:01:36,Hunt a Killer (blue),1,0
44,Fang,2025-01-29T22:01:36,Knife Through Butter (blue),1,0
44,Fang,2025-01-29T22:01:36,Nip at the Heels (blue),1,0
44,Fang,2025-01-29T22:01:36,Point of Engagement (blue),1,0
44,Fang,2025-01-29T22:01:36,Power Stance (blue),1,0
44,Fang,2025-01-29T22:01:36,Sworn Vengeance (blue),1,0
44,Fang,2025-01-29T22:01:36,Tip-Off (blue),1,0
44,Fang,2025-01-29T22:01:36,Blade Beckoner Boots,1,1
44,Fang,2025-01-29T22:01:36,Bunker Beard,1,1
44,Fang,2025-01-29T22:01:36,Coat of Allegiance,1,1
44,Fang,2025-01-29T22:01:36,Hand of Vengeance,1,1
44,Fang,2025-01-29T22:01:36,Vow of Vengeance,1,1
45,Fang,2025-01-29T23:21:58,Affirm Loyalty (red),2,0
45,Fang,2025-01-29T23:21:58,Blistering Blade (red),1,0
45,Fang,2025-01-29T23:21:58,Cut Deep (red),1,0
45,Fang,2025-01-29T23:21:58,Dynastic Dedication (red),1,0
45,Fang,2025-01-29T23:21:58,Fire and Brimstone (red),2,0
45,Fang,2025-01-29T23:21:58,For the Emperor (red),1,0
45,Fang,2025-01-29T23:21:58,Jagged Edge (red),1,0
45,Fang,2025-01-29T23:21:58,Pledge Fealty (red),4,0
45,Fang,2025-01-29T23:21:58,Scar Tissue (red),2,0
45,Fang,2025-01-29T23:21:58,Searing Gaze (red),1,0
45,Fang,2025-01-29T23:21:58,Sisters of Fire (red),3,0
45,Fang,2025-01-29T23:21:58,Sizzling Steel (red),1,0
45,Fang,2025-01-29T23:21:58,Stabbing Pain (red),1,0
45,Fang,2025-01-29T23:21:58,Incision (yellow),1,0
45,Fang,2025-01-29T23:21:58,Knife Through Butter (yellow),1,0
45,Fang,2025-01-29T23:21:58,Point of Engagement (yellow),2,0
45,Fang,2025-01-29T23:21:58,Scar Tissue (yellow),1,0
45,Fang,2025-01-29T23:21:58,Cut Deep (blue),1,0
45,Fang,2025-01-29T23:21:58,Knife Through Butter (blue),1,0
45,Fang,2025-01-29T23:21:58,Point of Engagement (blue),2,0
45,Fang,2025-01-29T23:21:58,Twist and Turn (blue),1,0
45,Fang,2025-01-29T23:21:58,Path of Vengeance,1,1
45,Fang,2025-01-29T23:21:58,Red Alert Gloves,1,1
45,Fang,2025-01-29T23:21:58,Red Alert Vest,1,1
45,Fang,2025-01-29T23:21:58,Red Alert Visor,1,1
45,Fang,2025-01-29T23:21:58,Starting Point,1,1
46,"Arakni, Web of Deceit",2025-01-30T02:44:43,Back Stab (red),1,0
46,"Arakni, Web of Deceit",2025-01-30T02:44:43,Hunted or Hunter (red),1,0
46,"Arakni, Web of Deceit",2025-01-30T02:44:43,Incision (red),1,0
46,"Arakni, Web of Deceit",2025-01-30T02:44:43,Lair of the Spider (red),2,0
46,"Arakni, Web of Deceit",2025-01-30T02:44:43,Mark of the Black Widow (red),2,0
46,"Arakni, Web of Deceit",2025-01-30T02:44:43,Pick Up the Point (red),2,0
46,"Arakni, Web of Deceit",2025-01-30T02:44:43,Plunge the Prospect (red),2,0
46,"Arakni, Web of Deceit",2025-01-30T02:44:43,Public Bounty (red),1,0
46,"Arakni, Web of Deceit",2025-01-30T02:44:43,Reaper's Call (red),1,0
46,"Arakni, Web of Deceit",2025-01-30T02:44:43,Scar Tissue (red),3,0
46,"Arakni, Web of Deceit",2025-01-30T02:44:43,Scuttle the Canal (red),1,0
46,"Arakni, Web of Deceit",2025-01-30T02:44:43,Two Sides to the Blade (red),1,0
46,"Arakni, Web of Deceit",2025-01-30T02:44:43,Mark of the Funnel Web (yellow),1,0
46,"Arakni, Web of Deceit",2025-01-30T02:44:43,Scar Tissue (yellow),2,0
46,"Arakni, Web of Deceit",2025-01-30T02:44:43,Take a Stab (yellow),1,0
46,"Arakni, Web of Deceit",2025-01-30T02:44:43,Up Sticks and Run (yellow),1,0
46,"Arakni, Web of Deceit",2025-01-30T02:44:43,Incision (blue),1,0
46,"Arakni, Web of Deceit",2025-01-30T02:44:43,Mark of the Funnel Web (blue),2,0
46,"Arakni, Web of Deceit",2025-01-30T02:44:43,Nip at the Heels (blue),1,0
46,"Arakni, Web of Deceit",2025-01-30T02:44:43,Orb-Weaver Spinneret (blue),1,0
46,"Arakni, Web of Deceit",2025-01-30T02:44:43,Plunge the Prospect (blue),1,0
46,"Arakni, Web of Deceit",2025-01-30T02:44:43,Scuttle the Canal (blue),3,0
46,"Arakni, Web of Deceit",2025-01-30T02:44:43,Leap Frog Leggings,1,1
46,"Arakni, Web of Deceit",2025-01-30T02:44:43,Red Alert Gloves,1,1
46,"Arakni, Web of Deceit",2025-01-30T02:44:43,Red Alert Vest,1,1
46,"Arakni, Web of Deceit",2025-01-30T02:44:43,Red Alert Visor,1,1
47,"Arakni, Web of Deceit",2025-01-30T05:27:19,Den of the Spider (red),1,0
47,"Arakni, Web of Deceit",2025-01-30T05:27:19,Extinguish the Flames (red),1,0
47,"Arakni, Web of Deceit",2025-01-30T05:27:19,Hunted or Hunter (red),1,0
47,"Arakni, Web of Deceit",2025-01-30T05:27:19,Lair of the Spider (red),1,0
47,"Arakni, Web of Deceit",2025-01-30T05:27:19,Mark of the Funnel Web (red),3,0
47,"Arakni, Web of Deceit",2025-01-30T05:27:19,Mark the Prey (red),3,0
47,"Arakni, Web of Deceit",2025-01-30T05:27:19,Pursue to the Pits of Despair (red),1,0
47,"Arakni, Web of Deceit",2025-01-30T05:27:19,Razor's Edge (red),3,0
47,"Arakni, Web of Deceit",2025-01-30T05:27:19,Reaper's Call (red),1,0
47,"Arakni, Web of Deceit",2025-01-30T05:27:19,Scuttle the Canal (red),1,0
47,"Arakni, Web of Deceit",2025-01-30T05:27:19,Sound the Alarm (red),1,0
47,"Arakni, Web of Deceit",2025-01-30T05:27:19,Take a Stab (red),1,0
47,"Arakni, Web of Deceit",2025-01-30T05:27:19,Tarantula Toxin (red),1,0
47,"Arakni, Web of Deceit",2025-01-30T05:27:19,Throw Yourself at Them (red),1,0
47,"Arakni, Web of Deceit",2025-01-30T05:27:19,Mark of the Funnel Web (yellow),1,0
47,"Arakni, Web of Deceit",2025-01-30T05:27:19,Pick Up the Point (yellow),1,0
47,"Arakni, Web of Deceit",2025-01-30T05:27:19,Reaper's Call (yellow),1,0
47,"Arakni, Web of Deceit",2025-01-30T05:27:19,Throw Yourself at Them (yellow),1,0
47,"Arakni, Web of Deceit",2025-01-30T05:27:19,Cut from the Same Cloth (blue),1,0
47,"Arakni, Web of Deceit",2025-01-30T05:27:19,Mark of the Black Widow (blue),1,0
47,"Arakni, Web of Deceit",2025-01-30T05:27:19,Mark of the Funnel Web (blue),2,0
47,"Arakni, Web of Deceit",2025-01-30T05:27:19,Mark the Prey (blue),2,0
47,"Arakni, Web of Deceit",2025-01-30T05:27:19,Plunge the Prospect (blue),1,0
47,"Arakni, Web of Deceit",2025-01-30T05:27:19,Relentless Pursuit (blue),1,0
47,"Arakni, Web of Deceit",2025-01-30T05:27:19,Scuttle the Canal (blue),1,0
47,"Arakni, Web of Deceit",2025-01-30T05:27:19,Tip-Off (blue),1,0
47,"Arakni, Web of Deceit",2025-01-30T05:27:19,Under the Trap-Door (blue),1,0
47,"Arakni, Web of Deceit",2025-01-30T05:27:19,Leap Frog Gloves,1,1
47,"Arakni, Web of Deceit",2025-01-30T05:27:19,Red Alert Boots,1,1
47,"Arakni, Web of Deceit",2025-01-30T05:27:19,Red Alert Vest,1,1
47,"Arakni, Web of Deceit",2025-01-30T05:27:19,Red Alert Visor,1,1
48,Cindra,2025-01-30T06:46:31,Blaze Headlong (red),1,0
48,Cindra,2025-01-30T06:46:31,Blessing of Vynserakai (red),1,0
48,Cindra,2025-01-30T06:46:31,Blood Line (red),2,0
48,Cindra,2025-01-30T06:46:31,Compounding Anger (red),1,0
48,Cindra,2025-01-30T06:46:31,Drop of Dragon Blood (red),1,0
48,Cindra,2025-01-30T06:46:31,Fire Tenet: Strike First (red),2,0
48,Cindra,2025-01-30T06:46:31,Grow Wings (red),1,0
48,Cindra,2025-01-30T06:46:31,Hot on Their Heels (red),2,0
48,Cindra,2025-01-30T06:46:31,Hunt the Hunter (red),1,0
48,Cindra,2025-01-30T06:46:31,Hunt to the Ends of Rathe (red),1,0
48,Cindra,2025-01-30T06:46:31,Lair of the Spider (red),1,0
48,Cindra,2025-01-30T06:46:31,Mark with Magma (red),1,0
48,Cindra,2025-01-30T06:46:31,Outed (red),1,0
48,Cindra,2025-01-30T06:46:31,Proclaim Vengeance (red),2,0
48,Cindra,2025-01-30T06:46:31,Ronin Renegade (red),1,0
48,Cindra,2025-01-30T06:46:31,Tag the Target (red),1,0
48,Cindra,2025-01-30T06:46:31,Throw Yourself at Them (red),2,0
48,Cindra,2025-01-30T06:46:31,Dragon Power (yellow),1,0
48,Cindra,2025-01-30T06:46:31,Lay Low (yellow),1,0
48,Cindra,2025-01-30T06:46:31,Tag the Target (yellow),1,0
48,Cindra,2025-01-30T06:46:31,Throw Yourself at Them (yellow),1,0
48,Cindra,2025-01-30T06:46:31,Tip-Off (yellow),1,0
48,Cindra,2025-01-30T06:46:31,Fire Tenet: Strike First (blue),2,0
48,Cindra,2025-01-30T06:46:31,Grow Claws (blue),1,0
48,Cindra,2025-01-30T06:46:31,Pick Up the Point (blue),1,0
48,Cindra,2025-01-30T06:46:31,Poisoned Blade (blue),1,0
48,Cindra,2025-01-30T06:46:31,Prowess of Agility (blue),1,0
48,Cindra,2025-01-30T06:46:31,Put in Context (blue),1,0
48,Cindra,2025-01-30T06:46:31,Trap and Release (blue),1,0
48,Cindra,2025-01-30T06:46:31,Blade Beckoner Boots,1,1
48,Cindra,2025-01-30T06:46:31,Blade Beckoner Plating,1,1
48,Cindra,2025-01-30T06:46:31,Leap Frog Gloves,1,1
48,Cindra,2025-01-30T06:46:31,Vow of Vengeance,1,1
49,Fang,2025-01-30T16:52:28,Blistering Blade (red),2,0
49,Fang,2025-01-30T16:52:28,Calming Breeze (red),1,0
49,Fang,2025-01-30T16:52:28,Drop of Dragon Blood (red),1,0
49,Fang,2025-01-30T16:52:28,Flurry Stance (red),1,0
49,Fang,2025-01-30T16:52:28,For the Dracai (red),1,0
49,Fang,2025-01-30T16:52:28,For the Emperor (red),1,0
49,Fang,2025-01-30T16:52:28,Hunt the Hunter (red),1,0
49,Fang,2025-01-30T16:52:28,Pledge Fealty (red),1,0
49,Fang,2025-01-30T16:52:28,Point of Engagement (red),2,0
49,Fang,2025-01-30T16:52:28,Proclaim Vengeance (red),1,0
49,Fang,2025-01-30T16:52:28,Scar Tissue (red),1,0
49,Fang,2025-01-30T16:52:28,Sisters of Fire (red),1,0
49,Fang,2025-01-30T16:52:28,Sworn Vengeance (red),2,0
49,Fang,2025-01-30T16:52:28,Tooth of the Dragon (red),2,0
49,Fang,2025-01-30T16:52:28,Agility Stance (yellow),1,0
49,Fang,2025-01-30T16:52:28,Diced (yellow),1,0
49,Fang,2025-01-30T16:52:28,Hunt a Killer (yellow),1,0
49,Fang,2025-01-30T16:52:28,Incision (yellow),1,0
49,Fang,2025-01-30T16:52:28,Perforate (yellow),1,0
49,Fang,2025-01-30T16:52:28,Sworn Vengeance (yellow),1,0
49,Fang,2025-01-30T16:52:28,Tip-Off (yellow),1,0
49,Fang,2025-01-30T16:52:28,Cut Deep (blue),1,0
49,Fang,2025-01-30T16:52:28,Exposed (blue),1,0
49,Fang,2025-01-30T16:52:28,Hunt a Killer (blue),1,0
49,Fang,2025-01-30T16:52:28,Incision (blue),1,0
49,Fang,2025-01-30T16:52:28,Knife Through Butter (blue),1,0
49,Fang,2025-01-30T16:52:28,Take a Stab (blue),1,0
49,Fang,2025-01-30T16:52:28,Blade Beckoner Gauntlets,1,1
49,Fang,2025-01-30T16:52:28,Hand of Vengeance,1,1
49,Fang,2025-01-30T16:52:28,Red Alert Boots,1,1
49,Fang,2025-01-30T16:52:28,Red Alert Vest,1,1
49,Fang,2025-01-30T16:52:28,Red Alert Visor,1,1
50,Fang,2025-01-30T21:24:00,Blaze Headlong (red),1,0
50,Fang,2025-01-30T21:24:00,Den of the Spider (red),1,0
50,Fang,2025-01-30T21:24:00,Drop of Dragon Blood (red),1,0
50,Fang,2025-01-30T21:24:00,For the Realm (red),2,0
50,Fang,2025-01-30T21:24:00,Hunt a Killer (red),1,0
50,Fang,2025-01-30T21:24:00,Hunt to the Ends of Rathe (red),1,0
50,Fang,2025-01-30T21:24:00,Imperial Intent (red),1,0
50,Fang,2025-01-30T21:24:00,Outed (red),1,0
50,Fang,2025-01-30T21:24:00,Pledge Fealty (red),2,0
50,Fang,2025-01-30T21:24:00,Point of Engagement (red),2,0
50,Fang,2025-01-30T21:24:00,Proclaim Vengeance (red),4,0
50,Fang,2025-01-30T21:24:00,Scar Tissue (red),1,0
50,Fang,2025-01-30T21:24:00,Sigil of Solace (red),1,0
50,Fang,2025-01-30T21:24:00,Sizzling Steel (red),1,0
50,Fang,2025-01-30T21:24:00,To the Point (red),1,0
50,Fang,2025-01-30T21:24:00,Tooth of the Dragon (red),2,0
50,Fang,2025-01-30T21:24:00,Hunt a Killer (yellow),1,0
50,Fang,2025-01-30T21:24:00,Incision (yellow),1,0
50,Fang,2025-01-30T21:24:00,Point of Engagement (yellow),1,0
50,Fang,2025-01-30T21:24:00,Take a Stab (yellow),2,0
50,Fang,2025-01-30T21:24:00,Cut Deep (blue),1,0
50,Fang,2025-01-30T21:24:00,Hunt a Killer (blue),1,0
50,Fang,2025-01-30T21:24:00,Incision (blue),1,0
50,Fang,2025-01-30T21:24:00,Knife Through Butter (blue),1,0
50,Fang,2025-01-30T21:24:00,Point of Engagement (blue),1,0
50,Fang,2025-01-30T21:24:00,Power Stance (blue),1,0
50,Fang,2025-01-30T21:24:00,Trot Along (blue),1,0
50,Fang,2025-01-30T21:24:00,Blade Beckoner Helm,1,1
50,Fang,2025-01-30T21:24:00,Path of Vengeance,1,1
50,Fang,2025-01-30T21:24:00,Red Alert Gloves,1,1
50,Fang,2025-01-30T21:24:00,Red Alert Vest,1,1
51,Fang,2025-01-31T00:22:43,Affirm Loyalty (red),1,0
51,Fang,2025-01-31T00:22:43,Cut Deep (red),2,0
51,Fang,2025-01-31T00:22:43,Den of the Spider (red),1,0
51,Fang,2025-01-31T00:22:43,Dynastic Dedication (red),1,0
51,Fang,2025-01-31T00:22:43,For the Dracai (red),1,0
51,Fang,2025-01-31T00:22:43,For the Emperor (red),1,0
51,Fang,2025-01-31T00:22:43,For the Realm (red),1,0
51,Fang,2025-01-31T00:22:43,Hunt the Hunter (red),1,0
51,Fang,2025-01-31T00:22:43,Point of Engagement (red),1,0
51,Fang,2025-01-31T00:22:43,Proclaim Vengeance (red),2,0
51,Fang,2025-01-31T00:22:43,Scar Tissue (red),1,0
51,Fang,2025-01-31T00:22:43,Sisters of Fire (red),2,0
51,Fang,2025-01-31T00:22:43,Sizzling Steel (red),1,0
51,Fang,2025-01-31T00:22:43,Stabbing Pain (red),2,0
51,Fang,2025-01-31T00:22:43,Sworn Vengeance (red),1,0
51,Fang,2025-01-31T00:22:43,Cut Deep (yellow),1,0
51,Fang,2025-01-31T00:22:43,Cut from the Same Cloth (yellow),1,0
51,Fang,2025-01-31T00:22:43,Hunt a Killer (yellow),2,0
51,Fang,2025-01-31T00:22:43,Knife Through Butter (yellow),1,0
51,Fang,2025-01-31T00:22:43,Point of Engagement (yellow),1,0
51,Fang,2025-01-31T00:22:43,Sworn Vengeance (yellow),1,0
51,Fang,2025-01-31T00:22:43,Hunt a Killer (blue),1,0
51,Fang,2025-01-31T00:22:43,Incision (blue),2,0
51,Fang,2025-01-31T00:22:43,Tip-Off (blue),1,0
51,Fang,2025-01-31T00:22:43,Trot Along (blue),1,0
51,Fang,2025-01-31T00:22:43,Twist and Turn (blue),1,0
51,Fang,2025-01-31T00:22:43,Red Alert Gloves,1,1
51,Fang,2025-01-31T00:22:43,Red Alert Vest,1,1
51,Fang,2025-01-31T00:22:43,Starting Point,1,1
51,Fang,2025-01-31T00:22:43,Vow of Vengeance,1,1
52,Fang,2025-01-31T02:55:56,Blaze Headlong (red),1,0
52,Fang,2025-01-31T02:55:56,Blistering Blade (red),1,0
52,Fang,2025-01-31T02:55:56,Cut Deep (red),1,0
52,Fang,2025-01-31T02:55:56,Diced (red),1,0
52,Fang,2025-01-31T02:55:56,Dynastic Dedication (red),1,0
52,Fang,2025-01-31T02:55:56,Incision (red),1,0
52,Fang,2025-01-31T02:55:56,Knife Through Butter (red),1,0
52,Fang,2025-01-31T02:55:56,Pledge Fealty (red),2,0
52,Fang,2025-01-31T02:55:56,Public Bounty (red),1,0
52,Fang,2025-01-31T02:55:56,Scalding Iron (red),1,0
52,Fang,2025-01-31T02:55:56,Searing Gaze (red),1,0
52,Fang,2025-01-31T02:55:56,Sisters of Fire (red),3,0
52,Fang,2025-01-31T02:55:56,Sizzling Steel (red),2,0
52,Fang,2025-01-31T02:55:56,Stabbing Pain (red),1,0
52,Fang,2025-01-31T02:55:56,Sworn Vengeance (red),1,0
52,Fang,2025-01-31T02:55:56,Take a Stab (red),1,0
52,Fang,2025-01-31T02:55:56,Tooth of the Dragon (red),1,0
52,Fang,2025-01-31T02:55:56,Twist and Turn (red),1,0
52,Fang,2025-01-31T02:55:56,Diced (yellow),1,0
52,Fang,2025-01-31T02:55:56,Hunt a Killer (yellow),1,0
52,Fang,2025-01-31T02:55:56,Point of Engagement (yellow),1,0
52,Fang,2025-01-31T02:55:56,Take a Stab (yellow),1,0
52,Fang,2025-01-31T02:55:56,Twist and Turn (yellow),1,0
52,Fang,2025-01-31T02:55:56,Diced (blue),1,0
52,Fang,2025-01-31T02:55:56,Hunt a Killer (blue),1,0
52,Fang,2025-01-31T02:55:56,Nip at the Heels (blue),1,0
52,Fang,2025-01-31T02:55:56,Point of Engagement (blue),1,0
52,Fang,2025-01-31T02:55:56,Public Bounty (blue),1,0
52,Fang,2025-01-31T02:55:56,Put in Context (blue),1,0
52,Fang,2025-01-31T02:55:56,Take a Stab (blue),1,0
52,Fang,2025-01-31T02:55:56,Blade Beckoner Boots,1,1
52,Fang,2025-01-31T02:55:56,Heart of Vengeance,1,1
52,Fang,2025-01-31T02:55:56,Red Alert Gloves,1,1
52,Fang,2025-01-31T02:55:56,Vow of Vengeance,1,1
53,"Arakni, Web of Deceit",2025-01-31T19:09:40,Back Stab (red),1,0
53,"Arakni, Web of Deceit",2025-01-31T19:09:40,Cut Through (red),1,0
53,"Arakni, Web of Deceit",2025-01-31T19:09:40,Defang the Dragon (red),2,0
53,"Arakni, Web of Deceit",2025-01-31T19:09:40,Den of the Spider (red),2,0
53,"Arakni, Web of Deceit",2025-01-31T19:09:40,Extinguish the Flames (red),1,0
53,"Arakni, Web of Deceit",2025-01-31T19:09:40,Hunted or Hunter (red),1,0
53,"Arakni, Web of Deceit",2025-01-31T19:09:40,Imperial Seal of Command (red),1,0
53,"Arakni, Web of Deceit",2025-01-31T19:09:40,Incision (red),1,0
53,"Arakni, Web of Deceit",2025-01-31T19:09:40,Kiss of Death (red),1,0
53,"Arakni, Web of Deceit",2025-01-31T19:09:40,Mark of the Black Widow (red),1,0
53,"Arakni, Web of Deceit",2025-01-31T19:09:40,Mark of the Funnel Web (red),1,0
53,"Arakni, Web of Deceit",2025-01-31T19:09:40,Mark the Prey (red),1,0
53,"Arakni, Web of Deceit",2025-01-31T19:09:40,Orb-Weaver Spinneret (red),1,0
53,"Arakni, Web of Deceit",2025-01-31T19:09:40,Plunge the Prospect (red),1,0
53,"Arakni, Web of Deceit",2025-01-31T19:09:40,Public Bounty (red),1,0
53,"Arakni, Web of Deceit",2025-01-31T19:09:40,Razor's Edge (red),2,0
53,"Arakni, Web of Deceit",2025-01-31T19:09:40,Reaper's Call (red),1,0
53,"Arakni, Web of Deceit",2025-01-31T19:09:40,Scar Tissue (red),1,0
53,"Arakni, Web of Deceit",2025-01-31T19:09:40,Scuttle the Canal (red),3,0
53,"Arakni, Web of Deceit",2025-01-31T19:09:40,Mark of the Black Widow (yellow),1,0
53,"Arakni, Web of Deceit",2025-01-31T19:09:40,Mark the Prey (yellow),1,0
53,"Arakni, Web of Deceit",2025-01-31T19:09:40,Orb-Weaver Spinneret (yellow),1,0
53,"Arakni, Web of Deceit",2025-01-31T19:09:40,Scuttle the Canal (yellow),1,0
53,"Arakni, Web of Deceit",2025-01-31T19:09:40,Stains of the Redback (yellow),1,0
53,"Arakni, Web of Deceit",2025-01-31T19:09:40,Take a Stab (yellow),1,0
53,"Arakni, Web of Deceit",2025-01-31T19:09:40,Mark the Prey (blue),2,0
53,"Arakni, Web of Deceit",2025-01-31T19:09:40,Reaper's Call (blue),3,0
53,"Arakni, Web of Deceit",2025-01-31T19:09:40,Scuttle the Canal (blue),2,0
53,"Arakni, Web of Deceit",2025-01-31T19:09:40,Leap Frog Gloves,1,1
53,"Arakni, Web of Deceit",2025-01-31T19:09:40,Leap Frog Slime Skin,1,1
53,"Arakni, Web of Deceit",2025-01-31T19:09:40,Red Alert Boots,1,1
54,Fang,2025-02-01T00:43:11,Affirm Loyalty (red),1,0
54,Fang,2025-02-01T00:43:11,Blistering Blade (red),1,0
54,Fang,2025-02-01T00:43:11,Bubble to the Surface (red),2,0
54,Fang,2025-02-01T00:43:11,Cut from the Same Cloth (red),1,0
54,Fang,2025-02-01T00:43:11,Hunt a Killer (red),1,0
54,Fang,2025-02-01T00:43:11,Imperial Intent (red),2,0
54,Fang,2025-02-01T00:43:11,Incision (red),1,0
54,Fang,2025-02-01T00:43:11,Knife Through Butter (red),1,0
54,Fang,2025-02-01T00:43:11,Point of Engagement (red),1,0
54,Fang,2025-02-01T00:43:11,Savor Bloodshed (red),1,0
54,Fang,2025-02-01T00:43:11,Scar Tissue (red),2,0
54,Fang,2025-02-01T00:43:11,Searing Gaze (red),1,0
54,Fang,2025-02-01T00:43:11,Take a Stab (red),1,0
54,Fang,2025-02-01T00:43:11,To the Point (red),1,0
54,Fang,2025-02-01T00:43:11,Tooth of the Dragon (red),1,0
54,Fang,2025-02-01T00:43:11,Agility Stance (yellow),1,0
54,Fang,2025-02-01T00:43:11,Cut Deep (yellow),1,0
54,Fang,2025-02-01T00:43:11,Hunt a Killer (yellow),2,0
54,Fang,2025-02-01T00:43:11,Knife Through Butter (yellow),1,0
54,Fang,2025-02-01T00:43:11,Cut Deep (blue),1,0
54,Fang,2025-02-01T00:43:11,Exposed (blue),2,0
54,Fang,2025-02-01T00:43:11,Hunt a Killer (blue),2,0
54,Fang,2025-02-01T00:43:11,Incision (blue),1,0
54,Fang,2025-02-01T00:43:11,Point of Engagement (blue),1,0
54,Fang,2025-02-01T00:43:11,Scar Tissue (blue),1,0
54,Fang,2025-02-01T00:43:11,To the Point (blue),1,0
54,Fang,2025-02-01T00:43:11,Hand of Vengeance,1,1
54,Fang,2025-02-01T00:43:11,Heart of Vengeance,1,1
54,Fang,2025-02-01T00:43:11,Red Alert Gloves,1,1
54,Fang,2025-02-01T00:43:11,Red Alert Visor,1,1
54,Fang,2025-02-01T00:43:11,Vow of Vengeance,1,1
55,Fang,2025-02-01T05:58:32,Affirm Loyalty (red),1,0
55,Fang,2025-02-01T05:58:32,Blistering Blade (red),1,0
55,Fang,2025-02-01T05:58:32,Brothers of Flame (red),1,0
55,Fang,2025-02-01T05:58:32,Cut Deep (red),2,0
55,Fang,2025-02-01T05:58:32,For the Dracai (red),1,0
55,Fang,2025-02-01T05:58:32,For the Realm (red),1,0
55,Fang,2025-02-01T05:58:32,Hunt a Killer (red),1,0
55,Fang,2025-02-01T05:58:32,Imperial Intent (red),2,0
55,Fang,2025-02-01T05:58:32,Imperial Seal of Command (red),1,0
55,Fang,2025-02-01T05:58:32,Point of Engagement (red),2,0
55,Fang,2025-02-01T05:58:32,Public Bounty (red),1,0
55,Fang,2025-02-01T05:58:32,Rake Over the Coals (red),1,0
55,Fang,2025-02-01T05:58:32,Scalding Iron (red),1,0
55,Fang,2025-02-01T05:58:32,Searing Gaze (red),2,0
55,Fang,2025-02-01T05:58:32,Sizzling Steel (red),1,0
55,Fang,2025-02-01T05:58:32,Smoke Out (red),1,0
55,Fang,2025-02-01T05:58:32,Sworn Vengeance (red),3,0
55,Fang,2025-02-01T05:58:32,Take a Stab (red),1,0
55,Fang,2025-02-01T05:58:32,Tooth of the Dragon (red),2,0
55,Fang,2025-02-01T05:58:32,Hunt a Killer (yellow),1,0
55,Fang,2025-02-01T05:58:32,Knife Through Butter (yellow),2,0
55,Fang,2025-02-01T05:58:32,Point of Engagement (yellow),2,0
55,Fang,2025-02-01T05:58:32,Twist and Turn (yellow),1,0
55,Fang,2025-02-01T05:58:32,Hunt a Killer (blue),1,0
55,Fang,2025-02-01T05:58:32,Relentless Pursuit (blue),1,0
55,Fang,2025-02-01T05:58:32,Sworn Vengeance (blue),1,0
55,Fang,2025-02-01T05:58:32,To the Point (blue),1,0
55,Fang,2025-02-01T05:58:32,Trot Along (blue),1,0
55,Fang,2025-02-01T05:58:32,Twist and Turn (blue),1,0
55,Fang,2025-02-01T05:58:32,Heart of Vengeance,1,1
55,Fang,2025-02-01T05:58:32,Red Alert Boots,1,1
55,Fang,2025-02-01T05:58:32,Vow of Vengeance,1,1
56,"Arakni, Web of Deceit",2025-02-01T15:45:55,Den of the Spider (red),3,0
56,"Arakni, Web of Deceit",2025-02-01T15:45:55,Extinguish the Flames (red),2,0
56,"Arakni, Web of Deceit",2025-02-01T15:45:55,Lair of the Spider (red),1,0
56,"Arakni, Web of Deceit",2025-02-01T15:45:55,Mark of the Black Widow (red),1,0
56,"Arakni, Web of Deceit",2025-02-01T15:45:55,Mark of the Funnel Web (red),1,0
56,"Arakni, Web of Deceit",2025-02-01T15:45:55,Orb-Weaver Spinneret (red),1,0
56,"Arakni, Web of Deceit",2025-02-01T15:45:55,Pick Up the Point (red),1,0
56,"Arakni, Web of Deceit",2025-02-01T15:45:55,Razor's Edge (red),2,0
56,"Arakni, Web of Deceit",2025-02-01T15:45:55,Reaper's Call (red),1,0
56,"Arakni, Web of Deceit",2025-02-01T15:45:55,Scuttle the Canal (red),2,0
56,"Arakni, Web of Deceit",2025-02-01T15:45:55,Sigil of Solace (red),2,0
56,"Arakni, Web of Deceit",2025-02-01T15:45:55,To the Point (red),1,0
56,"Arakni, Web of Deceit",2025-02-01T15:45:55,Two Sides to the Blade (red),1,0
56,"Arakni, Web of Deceit",2025-02-01T15:45:55,Cut from the Same Cloth (yellow),1,0
56,"Arakni, Web of Deceit",2025-02-01T15:45:55,Mark of the Black Widow (yellow),1,0
56,"Arakni, Web of Deceit",2025-02-01T15:45:55,Mark of the Funnel Web (yellow),1,0
56,"Arakni, Web of Deceit",2025-02-01T15:45:55,Mark the Prey (yellow),1,0
56,"Arakni, Web of Deceit",2025-02-01T15:45:55,Plunge the Prospect (yellow),2,0
56,"Arakni, Web of Deceit",2025-02-01T15:45:55,Reaper's Call (yellow),2,0
56,"Arakni, Web of Deceit",2025-02-01T15:45:55,Tip-Off (yellow),1,0
56,"Arakni, Web of Deceit",2025-02-01T15:45:55,Mark of the Funnel Web (blue),1,0
56,"Arakni, Web of Deceit",2025-02-01T15:45:55,Scuttle the Canal (blue),1,0
56,"Arakni, Web of Deceit",2025-02-01T15:45:55,Stains of the Redback (blue),1,0
56,"Arakni, Web of Deceit",2025-02-01T15:45:55,Throw Yourself at Them (blue),1,0
56,"Arakni, Web of Deceit",2025-02-01T15:45:55,Whittle from Bone (blue),1,0
56,"Arakni, Web of Deceit",2025-02-01T15:45:55,Blade Beckoner Plating,1,1
56,"Arakni, Web of Deceit",2025-02-01T15:45:55,Red Alert Boots,2,1
56,"Arakni, Web of Deceit",2025-02-01T15:45:55,Red Alert Gloves,1,1
56,"Arakni, Web of Deceit",2025-02-01T15:45:55,Starting Point,1,1
57,"Arakni, Web of Deceit",2025-02-01T20:22:42,Back Stab (red),1,0
57,"Arakni, Web of Deceit",2025-02-01T20:22:42,Bite (red),1,0
57,"Arakni, Web of Deceit",2025-02-01T20:22:42,Cut from the Same Cloth (red),1,0
57,"Arakni, Web of Deceit",2025-02-01T20:22:42,Den of the Spider (red),1,0
57,"Arakni, Web of Deceit",2025-02-01T20:22:42,Extinguish the Flames (red),2,0
57,"Arakni, Web of Deceit",2025-02-01T20:22:42,Lair of the Spider (red),1,0
57,"Arakni, Web of Deceit",2025-02-01T20:22:42,Mark of the Funnel Web (red),1,0
57,"Arakni, Web of Deceit",2025-02-01T20:22:42,Mark the Prey (red),4,0
57,"Arakni, Web of Deceit",2025-02-01T20:22:42,Poisoned Blade (red),1,0
57,"Arakni, Web of Deceit",2025-02-01T20:22:42,Public Bounty (red),1,0
57,"Arakni, Web of Deceit",2025-02-01T20:22:42,Razor's Edge (red),2,0
57,"Arakni, Web of Deceit",2025-02-01T20:22:42,Scar Tissue (red),1,0
57,"Arakni, Web of Deceit",2025-02-01T20:22:42,Scuttle the Canal (red),1,0
57,"Arakni, Web of Deceit",2025-02-01T20:22:42,Stains of the Redback (red),1,0
57,"Arakni, Web of Deceit",2025-02-01T20:22:42,Tip-Off (red),1,0
57,"Arakni, Web of Deceit",2025-02-01T20:22:42,Up Sticks and Run (red),2,0
57,"Arakni, Web of Deceit",2025-02-01T20:22:42,Cut from the Same Cloth (yellow),1,0
57,"Arakni, Web of Deceit",2025-02-01T20:22:42,Lay Low (yellow),1,0
57,"Arakni, Web of Deceit",2025-02-01T20:22:42,Mark of the Black Widow (yellow),1,0
57,"Arakni, Web of Deceit",2025-02-01T20:22:42,Orb-Weaver Spinneret (yellow),1,0
57,"Arakni, Web of Deceit",2025-02-01T20:22:42,Plunge the Prospect (yellow),2,0
57,"Arakni, Web of Deceit",2025-02-01T20:22:42,Poisoned Blade (yellow),1,0
57,"Arakni, Web of Deceit",2025-02-01T20:22:42,Reaper's Call (yellow),1,0
57,"Arakni, Web of Deceit",2025-02-01T20:22:42,Scar Tissue (yellow),1,0
57,"Arakni, Web of Deceit",2025-02-01T20:22:42,Mark of the Black Widow (blue),1,0
57,"Arakni, Web of Deceit",2025-02-01T20:22:42,Mark the Prey (blue),1,0
57,"Arakni, Web of Deceit",2025-02-01T20:22:42,Orb-Weaver Spinneret (blue),2,0
57,"Arakni, Web of Deceit",2025-02-01T20:22:42,Reaper's Call (blue),1,0
57,"Arakni, Web of Deceit",2025-02-01T20:22:42,Whittle from Bone (blue),1,0
57,"Arakni, Web of Deceit",2025-02-01T20:22:42,Blade Beckoner Boots,1,1
57,"Arakni, Web of Deceit",2025-02-01T20:22:42,Leap Frog Slime Skin,1,1
57,"Arakni, Web of Deceit",2025-02-01T20:22:42,Leap Frog Vocal Sac,1,1
57,"Arakni, Web of Deceit",2025-02-01T20:22:42,Red Alert Gloves,1,1
58,Fang,2025-02-02T00:18:26,Brothers of Flame (red),1,0
58,Fang,2025-02-02T00:18:26,Cut Deep (red),2,0
58,Fang,2025-02-02T00:18:26,Endear Devotion (red),2,0
58,Fang,2025-02-02T00:18:26,For the Emperor (red),3,0
58,Fang,2025-02-02T00:18:26,Hunt a Killer (red),1,0
58,Fang,2025-02-02T00:18:26,Hunt to the Ends of Rathe (red),1,0
58,Fang,2025-02-02T00:18:26,Knife Through Butter (red),1,0
58,Fang,2025-02-02T00:18:26,Proclaim Vengeance (red),1,0
58,Fang,2025-02-02T00:18:26,Scalding Iron (red),1,0
58,Fang,2025-02-02T00:18:26,Scar Tissue (red),2,0
58,Fang,2025-02-02T00:18:26,Searing Gaze (red),1,0
58,Fang,2025-02-02T00:18:26,Sizzling Steel (red),1,0
58,Fang,2025-02-02T00:18:26,Stabbing Pain (red),1,0
58,Fang,2025-02-02T00:18:26,Tooth of the Dragon (red),2,0
58,Fang,2025-02-02T00:18:26,Cut from the Same Cloth (yellow),1,0
58,Fang,2025-02-02T00:18:26,Hunt a Killer (yellow),2,0
58,Fang,2025-02-02T00:18:26,Public Bounty (yellow),1,0
58,Fang,2025-02-02T00:18:26,Take a Stab (yellow),1,0
58,Fang,2025-02-02T00:18:26,Cut Deep (blue),1,0
58,Fang,2025-02-02T00:18:26,Cut from the Same Cloth (blue),2,0
58,Fang,2025-02-02T00:18:26,Hunt a Killer (blue),2,0
58,Fang,2025-02-02T00:18:26,Incision (blue),1,0
58,Fang,2025-02-02T00:18:26,Knife Through Butter (blue),2,0
58,Fang,2025-02-02T00:18:26,Power Stance (blue),1,0
58,Fang,2025-02-02T00:18:26,Sworn Vengeance (blue),1,0
58,Fang,2025-02-02T00:18:26,Heart of Vengeance,1,1
58,Fang,2025-02-02T00:18:26,Red Alert Boots,1,1
58,Fang,2025-02-02T00:18:26,Red Alert Vest,1,1
58,Fang,2025-02-02T00:18:26,Starting Point,1,1
59,Cindra,2025-02-02T04:21:06,Art of the Dragon: Claw (red),1,0
59,Cindra,2025-02-02T04:21:06,Blaze Headlong (red),1,0
59,Cindra,2025-02-02T04:21:06,Blessing of Vynserakai (red),2,0
59,Cindra,2025-02-02T04:21:06,Blood Drop (red),1,0
59,Cindra,2025-02-02T04:21:06,Blood Line (red),1,0
59,Cindra,2025-02-02T04:21:06,Burning Blade Dance (red),2,0
59,Cindra,2025-02-02T04:21:06,Cinderskin Devotion (red),1,0
59,Cindra,2025-02-02T04:21:06,Compounding Anger (red),1,0
59,Cindra,2025-02-02T04:21:06,Dragon Power (red),2,0
59,Cindra,2025-02-02T04:21:06,Fire Tenet: Strike First (red),1,0
59,Cindra,2025-02-02T04:21:06,For the Dracai (red),1,0
59,Cindra,2025-02-02T04:21:06,Grow Claws (red),1,0
59,Cindra,2025-02-02T04:21:06,Grow Wings (red),1,0
59,Cindra,2025-02-02T04:21:06,Hot on Their Heels (red),1,0
59,Cindra,2025-02-02T04:21:06,Ignite (red),1,0
59,Cindra,2025-02-02T04:21:06,Lava Vein Loyalty (red),1,0
59,Cindra,2025-02-02T04:21:06,Poisoned Blade (red),1,0
59,Cindra,2025-02-02T04:21:06,Ronin Renegade (red),2,0
59,Cindra,2025-02-02T04:21:06,Smoke Out (red),1,0
59,Cindra,2025-02-02T04:21:06,Tag the Target (red),2,0
59,Cindra,2025-02-02T04:21:06,Trap and Release (red),3,0
59,Cindra,2025-02-02T04:21:06,Lay Low (yellow),1,0
59,Cindra,2025-02-02T04:21:06,Poisoned Blade (yellow),1,0
59,Cindra,2025-02-02T04:21:06,Cut Through (blue),1,0
59,Cindra,2025-02-02T04:21:06,Grow Claws (blue),1,0
59,Cindra,2025-02-02T04:21:06,Grow Wings (blue),3,0
59,Cindra,2025-02-02T04:21:06,Put in Context (blue),1,0
59,Cindra,2025-02-02T04:21:06,Tag the Target (blue),1,0
59,Cindra,2025-02-02T04:21:06,Coat of Allegiance,1,1
59,Cindra,2025-02-02T04:21:06,Danger Digits,1,1
59,Cindra,2025-02-02T04:21:06,Leap Frog Leggings,1,1
59,Cindra,2025-02-02T04:21:06,Leap Frog Vocal Sac,1,1
60,Cindra,2025-02-02T07:07:47,Blaze Headlong (red),1,0
60,Cindra,2025-02-02T07:07:47,Blessing of Vynserakai (red),1,0
60,Cindra,2025-02-02T07:07:47,Burning Blade Dance (red),2,0
60,Cindra,2025-02-02T07:07:47,Compounding Anger (red),2,0
60,Cindra,2025-02-02T07:07:47,Fire Tenet: Strike First (red),2,0
60,Cindra,2025-02-02T07:07:47,For the Dracai (red),1,0
60,Cindra,2025-02-02T07:07:47,For the Emperor (red),1,0
60,Cindra,2025-02-02T07:07:47,Grow Claws (red),1,0
60,Cindra,2025-02-02T07:07:47,Hot on Their Heels (red),1,0
60,Cindra,2025-02-02T07:07:47,Hunt the Hunter (red),1,0
60,Cindra,2025-02-02T07:07:47,Lava Vein Loyalty (red),2,0
60,Cindra,2025-02-02T07:07:47,Mark with Magma (red),1,0
60,Cindra,2025-02-02T07:07:47,Proclaim Vengeance (red),1,0
60,Cindra,2025-02-02T07:07:47,Public Bounty (red),1,0
60,Cindra,2025-02-02T07:07:47,Silver Talons (red),1,0
60,Cindra,2025-02-02T07:07:47,Dual Threat (yellow),1,0
60,Cindra,2025-02-02T07:07:47,Grow Claws (yellow),2,0
60,Cindra,2025-02-02T07:07:47,Pick Up the Point (yellow),1,0
60,Cindra,2025-02-02T07:07:47,Cut Through (blue),1,0
60,Cindra,2025-02-02T07:07:47,Dragon Power (blue),1,0
60,Cindra,2025-02-02T07:07:47,Fire Tenet: Strike First (blue),2,0
60,Cindra,2025-02-02T07:07:47,Grow Claws (blue),3,0
60,Cindra,2025-02-02T07:07:47,Pick Up the Point (blue),1,0
60,Cindra,2025-02-02T07:07:47,Throw Yourself at Them (blue),1,0
60,Cindra,2025-02-02T07:07:47,Blade Beckoner Plating,1,1
60,Cindra,2025-02-02T07:07:47,Hand of Vengeance,1,1
60,Cindra,2025-02-02T07:07:47,Heart of Vengeance,2,1
60,Cindra,2025-02-02T07:07:47,Leap Frog Leggings,1,1
61,Fang,2025-02-02T13:00:17,Blessing of Vynserakai (red),1,0
61,Fang,2025-02-02T13:00:17,Bubble to the Surface (red),1,0
61,Fang,2025-02-02T13:00:17,Cut from the Same Cloth (red),1,0
61,Fang,2025-02-02T13:00:17,Dynastic Dedication (red),1,0
61,Fang,2025-02-02T13:00:17,Hunt the Hunter (red),1,0
61,Fang,2025-02-02T13:00:17,Imperial Intent (red),1,0
61,Fang,2025-02-02T13:00:17,Incision (red),3,0
61,Fang,2025-02-02T13:00:17,March of Loyalty (red),1,0
61,Fang,2025-02-02T13:00:17,Pledge Fealty (red),1,0
61,Fang,2025-02-02T13:00:17,Proclaim Vengeance (red),2,0
61,Fang,2025-02-02T13:00:17,Scar Tissue (red),1,0
61,Fang,2025-02-02T13:00:17,Shelter from the Storm (red),1,0
61,Fang,2025-02-02T13:00:17,Sizzling Steel (red),1,0
61,Fang,2025-02-02T13:00:17,Stabbing Pain (red),1,0
61,Fang,2025-02-02T13:00:17,Tooth of the Dragon (red),2,0
61,Fang,2025-02-02T13:00:17,Twist and Turn (red),1,0
61,Fang,2025-02-02T13:00:17,Agility Stance (yellow),1,0
61,Fang,2025-02-02T13:00:17,Knife Through Butter (yellow),1,0
61,Fang,2025-02-02T13:00:17,Tip-Off (yellow),1,0
61,Fang,2025-02-02T13:00:17,Cut Deep (blue),1,0
61,Fang,2025-02-02T13:00:17,Knife Through Butter (blue),1,0
61,Fang,2025-02-02T13:00:17,Nip at the Heels (blue),1,0
61,Fang,2025-02-02T13:00:17,Public Bounty (blue),2,0
61,Fang,2025-02-02T13:00:17,Take a Stab (blue),1,0
61,Fang,2025-02-02T13:00:17,Trot Along (blue),2,0
61,Fang,2025-02-02T13:00:17,Coat of Allegiance,1,1
61,Fang,2025-02-02T13:00:17,Hand of Vengeance,1,1
61,Fang,2025-02-02T13:00:17,Path of Vengeance,1,1
61,Fang,2025-02-02T13:00:17,Red Alert Gloves,1,1
61,Fang,2025-02-02T13:00:17,Red Alert Vest,1,1
62,Fang,2025-02-02T14:17:50,Blaze Headlong (red),1,0
62,Fang,2025-02-02T14:17:50,Blistering Blade (red),2,0
62,Fang,2025-02-02T14:17:50,Brothers of Flame (red),1,0
62,Fang,2025-02-02T14:17:50,Cut Deep (red),1,0
62,Fang,2025-02-02T14:17:50,Cut from the Same Cloth (red),1,0
62,Fang,2025-02-02T14:17:50,Den of the Spider (red),1,0
62,Fang,2025-02-02T14:17:50,Drop of Dragon Blood (red),1,0
62,Fang,2025-02-02T14:17:50,For the Emperor (red),1,0
62,Fang,2025-02-02T14:17:50,Hunt the Hunter (red),1,0
62,Fang,2025-02-02T14:17:50,Hunt to the Ends of Rathe (red),1,0
62,Fang,2025-02-02T14:17:50,Imperial Intent (red),1,0
62,Fang,2025-02-02T14:17:50,Knife Through Butter (red),1,0
62,Fang,2025-02-02T14:17:50,Loyalty Beyond the Grave (red),1,0
62,Fang,2025-02-02T14:17:50,Outed (red),1,0
62,Fang,2025-02-02T14:17:50,Point of Engagement (red),2,0
62,Fang,2025-02-02T14:17:50,Sisters of Fire (red),2,0
62,Fang,2025-02-02T14:17:50,Sizzling Steel (red),1,0
62,Fang,2025-02-02T14:17:50,Smoke Out (red),1,0
62,Fang,2025-02-02T14:17:50,Stabbing Pain (red),1,0
62,Fang,2025-02-02T14:17:50,Point of Engagement (yellow),1,0
62,Fang,2025-02-02T14:17:50,Scar Tissue (yellow),2,0
62,Fang,2025-02-02T14:17:50,Sworn Vengeance (yellow),1,0
62,Fang,2025-02-02T14:17:50,Take a Stab (yellow),2,0
62,Fang,2025-02-02T14:17:50,Cut Deep (blue),1,0
62,Fang,2025-02-02T14:17:50,Knife Through Butter (blue),2,0
62,Fang,2025-02-02T14:17:50,Power Stance (blue),1,0
62,Fang,2025-02-02T14:17:50,Sworn Vengeance (blue),1,0
62,Fang,2025-02-02T14:17:50,Tip-Off (blue),1,0
62,Fang,2025-02-02T14:17:50,To the Point (blue),1,0
62,Fang,2025-02-02T14:17:50,Hand of Vengeance,1,1
62,Fang,2025-02-02T14:17:50,Heart of Vengeance,1,1
62,Fang,2025-02-02T14:17:50,Starting Point,1,1
62,Fang,2025-02-02T14:17:50,Vow of Vengeance,1,1
63,Cindra,2025-02-02T15:48:45,Art of the Dragon: Claw (red),1,0
63,Cindra,2025-02-02T15:48:45,Art of the Dragon: Fire (red),1,0
63,Cindra,2025-02-02T15:48:45,Blessing of Vynserakai (red),1,0
63,Cindra,2025-02-02T15:48:45,Burning Blade Dance (red),2,0
63,Cindra,2025-02-02T15:48:45,Drop of Dragon Blood (red),1,0
63,Cindra,2025-02-02T15:48:45,Dust Runner Outlaw (red),1,0
63,Cindra,2025-02-02T15:48:45,Fire Tenet: Strike First (red),1,0
63,Cindra,2025-02-02T15:48:45,Grow Wings (red),2,0
63,Cindra,2025-02-02T15:48:45,Hot on Their Heels (red),3,0
63,Cindra,2025-02-02T15:48:45,Pick Up the Point (red),2,0
63,Cindra,2025-02-02T15:48:45,Ronin Renegade (red),2,0
63,Cindra,2025-02-02T15:48:45,Tag the Target (red),1,0
63,Cindra,2025-02-02T15:48:45,Throw Yourself at Them (red),1,0
63,Cindra,2025-02-02T15:48:45,Trap and Release (red),2,0
63,Cindra,2025-02-02T15:48:45,Grow Claws (yellow),1,0
63,Cindra,2025-02-02T15:48:45,Pick Up the Point (yellow),1,0
63,Cindra,2025-02-02T15:48:45,Silver Talons (yellow),1,0
63,Cindra,2025-02-02T15:48:45,Tag the Target (yellow),2,0
63,Cindra,2025-02-02T15:48:45,Throw Yourself at Them (yellow),1,0
63,Cindra,2025-02-02T15:48:45,Tip-Off (yellow),1,0
63,Cindra,2025-02-02T15:48:45,Fire Tenet: Strike First (blue),1,0
63,Cindra,2025-02-02T15:48:45,Grow Claws (blue),1,0
63,Cindra,2025-02-02T15:48:45,Grow Wings (blue),2,0
63,Cindra,2025-02-02T15:48:45,Put in Context (blue),1,0
63,Cindra,2025-02-02T15:48:45,Silver Talons (blue),1,0
63,Cindra,2025-02-02T15:48:45,Throw Yourself at Them (blue),1,0
63,Cindra,2025-02-02T15:48:45,Blade Beckoner Helm,1,1
63,Cindra,2025-02-02T15:48:45,Coat of Allegiance,1,1
63,Cindra,2025-02-02T15:48:45,Hand of Vengeance,1,1
63,Cindra,2025-02-02T15:48:45,Heart of Vengeance,1,1
64,Fang,2025-02-02T16:25:54,Affirm Loyalty (red),1,0
64,Fang,2025-02-02T16:25:54,Blistering Blade (red),1,0
64,Fang,2025-02-02T16:25:54,Cut Deep (red),2,0
64,Fang,2025-02-02T16:25:54,For the Dracai (red),1,0
64,Fang,2025-02-02T16:25:54,Hunt the Hunter (red),1,0
64,Fang,2025-02-02T16:25:54,Imperial Intent (red),5,0
64,Fang,2025-02-02T16:25:54,Pledge Fealty (red),1,0
64,Fang,2025-02-02T16:25:54,Point of Engagement (red),2,0
64,Fang,2025-02-02T16:25:54,Proclaim Vengeance (red),1,0
64,Fang,2025-02-02T16:25:54,Scar Tissue (red),3,0
64,Fang,2025-02-02T16:25:54,Searing Gaze (red),1,0
64,Fang,2025-02-02T16:25:54,Sisters of Fire (red),1,0
64,Fang,2025-02-02T16:25:54,Stabbing Pain (red),1,0
64,Fang,2025-02-02T16:25:54,Sworn Vengeance (red),1,0
64,Fang,2025-02-02T16:25:54,Tip-Off (red),1,0
64,Fang,2025-02-02T16:25:54,Tooth of the Dragon (red),1,0
64,Fang,2025-02-02T16:25:54,Cut Deep (yellow),1,0
64,Fang,2025-02-02T16:25:54,Hunt a Killer (yellow),2,0
64,Fang,2025-02-02T16:25:54,Knife Through Butter (yellow),1,0
64,Fang,2025-02-02T16:25:54,Lay Low (yellow),1,0
64,Fang,2025-02-02T16:25:54,Scar Tissue (yellow),1,0
64,Fang,2025-02-02T16:25:54,Sworn Vengeance (yellow),1,0
64,Fang,2025-02-02T16:25:54,Hunt a Killer (blue),1,0
64,Fang,2025-02-02T16:25:54,Point of Engagement (blue),1,0
64,Fang,2025-02-02T16:25:54,Put in Context (blue),1,0
64,Fang,2025-02-02T16:25:54,Take a Stab (blue),1,0
64,Fang,2025-02-02T16:25:54,Tip-Off (blue),1,0
64,Fang,2025-02-02T16:25:54,Twist and Turn (blue),1,0
64,Fang,2025-02-02T16:25:54,Hand of Vengeance,1,1
64,Fang,2025-02-02T16:25:54,Path of Vengeance,1,1
64,Fang,2025-02-02T16:25:54,Vow of Vengeance,1,1
65,Cindra,2025-02-02T17:28:11,Art of the Dragon: Scale (red),1,0
65,Cindra,2025-02-02T17:28:11,Blood Line (red),1,0
65,Cindra,2025-02-02T17:28:11,Burning Blade Dance (red),3,0
65,Cindra,2025-02-02T17:28:11,Cinderskin Devotion (red),1,0
65,Cindra,2025-02-02T17:28:11,Dust Runner Outlaw (red),1,0
65,Cindra,2025-02-02T17:28:11,Fire Tenet: Strike First (red),3,0
65,Cindra,2025-02-02T17:28:11,Grow Wings (red),1,0
65,Cindra,2025-02-02T17:28:11,Hot on Their Heels (red),2,0
65,Cindra,2025-02-02T17:28:11,Hunt the Hunter (red),1,0
65,Cindra,2025-02-02T17:28:11,Lava Vein Loyalty (red),1,0
65,Cindra,2025-02-02T17:28:11,Pick Up the Point (red),1,0
65,Cindra,2025-02-02T17:28:11,Pursue to the Edge of Oblivion (red),1,0
65,Cindra,2025-02-02T17:28:11,Ronin Renegade (red),1,0
65,Cindra,2025-02-02T17:28:11,Tag the Target (red),2,0
65,Cindra,2025-02-02T17:28:11,Throw Yourself at Them (red),1,0
65,Cindra,2025-02-02T17:28:11,Trap and Release (red),2,0
65,Cindra,2025-02-02T17:28:11,Fire Tenet: Strike First (yellow),1,0
65,Cindra,2025-02-02T17:28:11,Grow Wings (yellow),1,0
65,Cindra,2025-02-02T17:28:11,Pick Up the Point (yellow),1,0
65,Cindra,2025-02-02T17:28:11,Throw Yourself at Them (yellow),3,0
65,Cindra,2025-02-02T17:28:11,Grow Wings (blue),2,0
65,Cindra,2025-02-02T17:28:11,Pick Up the Point (blue),3,0
65,Cindra,2025-02-02T17:28:11,Trap and Release (blue),1,0
65,Cindra,2025-02-02T17:28:11,Blade Beckoner Helm,1,1
65,Cindra,2025-02-02T17:28:11,Blade Beckoner Plating,1,1
65,Cindra,2025-02-02T17:28:11,Leap Frog Gloves,1,1
65,Cindra,2025-02-02T17:28:11,Path of Vengeance,1,1
66,"Arakni, Web of Deceit",2025-02-02T17:54:21,Den of the Spider (red),1,0
66,"Arakni, Web of Deceit",2025-02-02T17:54:21,Mark of the Black Widow (red),2,0
66,"Arakni, Web of Deceit",2025-02-02T17:54:21,Mark of the Funnel Web (red),1,0
66,"Arakni, Web of Deceit",2025-02-02T17:54:21,Orb-Weaver Spinneret (red),1,0
66,"Arakni, Web of Deceit",2025-02-02T17:54:21,Pain in the Backside (red),1,0
66,"Arakni, Web of Deceit",2025-02-02T17:54:21,Pick Up the Point (red),2,0
66,"Arakni, Web of Deceit",2025-02-02T17:54:21,Poisoned Blade (red),2,0
66,"Arakni, Web of Deceit",2025-02-02T17:54:21,Public Bounty (red),1,0
66,"Arakni, Web of Deceit",2025-02-02T17:54:21,Razor's Edge (red),1,0
66,"Arakni, Web of Deceit",2025-02-02T17:54:21,Scar Tissue (red),1,0
66,"Arakni, Web of Deceit",2025-02-02T17:54:21,Sound the Alarm (red),1,0
66,"Arakni, Web of Deceit",2025-02-02T17:54:21,Two Sides to the Blade (red),1,0
66,"Arakni, Web of Deceit",2025-02-02T17:54:21,Incision (yellow),2,0
66,"Arakni, Web of Deceit",2025-02-02T17:54:21,Mark the Prey (yellow),1,0
66,"Arakni, Web of Deceit",2025-02-02T17:54:21,Orb-Weaver Spinneret (yellow),1,0
66,"Arakni, Web of Deceit",2025-02-02T17:54:21,Pick Up the Point (yellow),1,0
66,"Arakni, Web of Deceit",2025-02-02T17:54:21,Plunge the Prospect (yellow),1,0
66,"Arakni, Web of Deceit",2025-02-02T17:54:21,Reaper's Call (yellow),1,0
66,"Arakni, Web of Deceit",2025-02-02T17:54:21,To the Point (yellow),1,0
66,"Arakni, Web of Deceit",2025-02-02T17:54:21,Bite (blue),1,0
66,"Arakni, Web of Deceit",2025-02-02T17:54:21,Incision (blue),1,0
66,"Arakni, Web of Deceit",2025-02-02T17:54:21,Mark of the Black Widow (blue),2,0
66,"Arakni, Web of Deceit",2025-02-02T17:54:21,Mark the Prey (blue),1,0
66,"Arakni, Web of Deceit",2025-02-02T17:54:21,Plunge the Prospect (blue),1,0
66,"Arakni, Web of Deceit",2025-02-02T17:54:21,Public Bounty (blue),1,0
66,"Arakni, Web of Deceit",2025-02-02T17:54:21,Scuttle the Canal (blue),2,0
66,"Arakni, Web of Deceit",2025-02-02T17:54:21,Throw Yourself at Them (blue),1,0
66,"Arakni, Web of Deceit",2025-02-02T17:54:21,Trot Along (blue),1,0
66,"Arakni, Web of Deceit",2025-02-02T17:54:21,Whittle from Bone (blue),1,0
66,"Arakni, Web of Deceit",2025-02-02T17:54:21,Leap Frog Vocal Sac,1,1
66,"Arakni, Web of Deceit",2025-02-02T17:54:21,Red Alert Boots,1,1
66,"Arakni, Web of Deceit",2025-02-02T17:54:21,Red Alert Visor,1,1
67,Fang,2025-02-02T20:47:05,Affirm Loyalty (red),1,0
67,Fang,2025-02-02T20:47:05,Blessing of Vynserakai (red),1,0
67,Fang,2025-02-02T20:47:05,Brothers of Flame (red),1,0
67,Fang,2025-02-02T20:47:05,Cut Deep (red),2,0
67,Fang,2025-02-02T20:47:05,Hunt the Hunter (red),1,0
67,Fang,2025-02-02T20:47:05,Hunt to the Ends of Rathe (red),1,0
67,Fang,2025-02-02T20:47:05,Scar Tissue (red),1,0
67,Fang,2025-02-02T20:47:05,Searing Gaze (red),2,0
67,Fang,2025-02-02T20:47:05,Shelter from the Storm (red),1,0
67,Fang,2025-02-02T20:47:05,Sisters of Fire (red),1,0
67,Fang,2025-02-02T20:47:05,Sizzling Steel (red),3,0
67,Fang,2025-02-02T20:47:05,Stabbing Pain (red),1,0
67,Fang,2025-02-02T20:47:05,Sworn Vengeance (red),1,0
67,Fang,2025-02-02T20:47:05,Tooth of the Dragon (red),2,0
67,Fang,2025-02-02T20:47:05,Twist and Turn (red),2,0
67,Fang,2025-02-02T20:47:05,Hunt a Killer (yellow),1,0
67,Fang,2025-02-02T20:47:05,Knife Through Butter (yellow),1,0
67,Fang,2025-02-02T20:47:05,Scar Tissue (yellow),1,0
67,Fang,2025-02-02T20:47:05,Cut Deep (blue),1,0
67,Fang,2025-02-02T20:47:05,Cut from the Same Cloth (blue),1,0
67,Fang,2025-02-02T20:47:05,Exposed (blue),1,0
67,Fang,2025-02-02T20:47:05,Hunt a Killer (blue),1,0
67,Fang,2025-02-02T20:47:05,Incision (blue),1,0
67,Fang,2025-02-02T20:47:05,Knife Through Butter (blue),1,0
67,Fang,2025-02-02T20:47:05,To the Point (blue),1,0
67,Fang,2025-02-02T20:47:05,Coat of Allegiance,1,1
67,Fang,2025-02-02T20:47:05,Path of Vengeance,1,1
67,Fang,2025-02-02T20:47:05,Red Alert Visor,1,1
68,"Arakni, Web of Deceit",2025-02-02T21:04:13,Bite (red),1,0
68,"Arakni, Web of Deceit",2025-02-02T21:04:13,Calming Breeze (red),1,0
68,"Arakni, Web of Deceit",2025-02-02T21:04:13,Defang the Dragon (red),1,0
68,"Arakni, Web of Deceit",2025-02-02T21:04:13,Extinguish the Flames (red),1,0
68,"Arakni, Web of Deceit",2025-02-02T21:04:13,Incision (red),1,0
68,"Arakni, Web of Deceit",2025-02-02T21:04:13,Lair of the Spider (red),1,0
68,"Arakni, Web of Deceit",2025-02-02T21:04:13,Mark of the Funnel Web (red),1,0
68,"Arakni, Web of Deceit",2025-02-02T21:04:13,Mark the Prey (red),1,0
68,"Arakni, Web of Deceit",2025-02-02T21:04:13,Orb-Weaver Spinneret (red),1,0
68,"Arakni, Web of Deceit",2025-02-02T21:04:13,Plunge the Prospect (red),1,0
68,"Arakni, Web of Deceit",2025-02-02T21:04:13,Public Bounty (red),2,0
68,"Arakni, Web of Deceit",2025-02-02T21:04:13,Razor's Edge (red),1,0
68,"Arakni, Web of Deceit",2025-02-02T21:04:13,Scar Tissue (red),1,0
68,"Arakni, Web of Deceit",2025-02-02T21:04:13,Scuttle the Canal (red),1,0
68,"Arakni, Web of Deceit",2025-02-02T21:04:13,Sigil of Solace (red),1,0
68,"Arakni, Web of Deceit",2025-02-02T21:04:13,Stains of the Redback (red),3,0
68,"Arakni, Web of Deceit",2025-02-02T21:04:13,Two Sides to the Blade (red),1,0
68,"Arakni, Web of Deceit",2025-02-02T21:04:13,Up Sticks and Run (red),1,0
68,"Arakni, Web of Deceit",2025-02-02T21:04:13,Lay Low (yellow),1,0
68,"Arakni, Web of Deceit",2025-02-02T21:04:13,Pick Up the Point (yellow),2,0
68,"Arakni, Web of Deceit",2025-02-02T21:04:13,Plunge the Prospect (yellow),2,0
68,"Arakni, Web of Deceit",2025-02-02T21:04:13,Poisoned Blade (yellow),1,0
68,"Arakni, Web of Deceit",2025-02-02T21:04:13,Mark of the Black Widow (blue),2,0
68,"Arakni, Web of Deceit",2025-02-02T21:04:13,Mark of the Funnel Web (blue),1,0
68,"Arakni, Web of Deceit",2025-02-02T21:04:13,Mark the Prey (blue),2,0
68,"Arakni, Web of Deceit",2025-02-02T21:04:13,Pick Up the Point (blue),1,0
68,"Arakni, Web of Deceit",2025-02-02T21:04:13,Plunge the Prospect (blue),1,0
68,"Arakni, Web of Deceit",2025-02-02T21:04:13,Danger Digits,1,1
68,"Arakni, Web of Deceit",2025-02-02T21:04:13,Leap Frog Vocal Sac,1,1
68,"Arakni, Web of Deceit",2025-02-02T21:04:13,Red Alert Boots,1,1
68,"Arakni, Web of Deceit",2025-02-02T21:04:13,Red Alert Vest,1,1
69,Fang,2025-02-03T07:31:16,Blaze Headlong (red),1,0
69,Fang,2025-02-03T07:31:16,Blistering Blade (red),1,0
69,Fang,2025-02-03T07:31:16,Cut Deep (red),1,0
69,Fang,2025-02-03T07:31:16,Hunt a Killer (red),1,0
69,Fang,2025-02-03T07:31:16,Hunt the Hunter (red),1,0
69,Fang,2025-02-03T07:31:16,Knife Through Butter (red),1,0
69,Fang,2025-02-03T07:31:16,March of Loyalty (red),1,0
69,Fang,2025-02-03T07:31:16,Pledge Fealty (red),1,0
69,Fang,2025-02-03T07:31:16,Proclaim Vengeance (red),1,0
69,Fang,2025-02-03T07:31:16,Pursue to the Edge of Oblivion (red),1,0
69,Fang,2025-02-03T07:31:16,Rake Over the Coals (red),1,0
69,Fang,2025-02-03T07:31:16,Savor Bloodshed (red),1,0
69,Fang,2025-02-03T07:31:16,Scalding Iron (red),1,0
69,Fang,2025-02-03T07:31:16,Searing Gaze (red),1,0
69,Fang,2025-02-03T07:31:16,Sigil of Solace (red),1,0
69,Fang,2025-02-03T07:31:16,Sizzling Steel (red),1,0
69,Fang,2025-02-03T07:31:16,Smoke Out (red),1,0
69,Fang,2025-02-03T07:31:16,Sworn Vengeance (red),2,0
69,Fang,2025-02-03T07:31:16,Tooth of the Dragon (red),1,0
69,Fang,2025-02-03T07:31:16,Agility Stance (yellow),1,0
69,Fang,2025-02-03T07:31:16,Hunt a Killer (yellow),1,0
69,Fang,2025-02-03T07:31:16,Incision (yellow),1,0
69,Fang,2025-02-03T07:31:16,Knife Through Butter (yellow),2,0
69,Fang,2025-02-03T07:31:16,Perforate (yellow),1,0
69,Fang,2025-02-03T07:31:16,Scar Tissue (yellow),1,0
69,Fang,2025-02-03T07:31:16,Sworn Vengeance (yellow),1,0
69,Fang,2025-02-03T07:31:16,Cut Deep (blue),3,0
69,Fang,2025-02-03T07:31:16,Hunt a Killer (blue),1,0
69,Fang,2025-02-03T07:31:16,Knife Through Butter (blue),1,0
69,Fang,2025-02-03T07:31:16,Point of Engagement (blue),1,0
69,Fang,2025-02-03T07:31:16,Sworn Vengeance (blue),1,0
69,Fang,2025-02-03T07:31:16,To the Point (blue),1,0
69,Fang,2025-02-03T07:31:16,Trot Along (blue),1,0
69,Fang,2025-02-03T07:31:16,Blade Beckoner Helm,1,1
69,Fang,2025-02-03T07:31:16,Red Alert Boots,1,1
69,Fang,2025-02-03T07:31:16,Red Alert Gloves,1,1
69,Fang,2025-02-03T07:31:16,Red Alert Vest,1,1
70,Fang,2025-02-03T17:35:13,Blessing of Vynserakai (red),2,0
70,Fang,2025-02-03T17:35:13,Cut Deep (red),1,0
70,Fang,2025-02-03T17:35:13,Drop of Dragon Blood (red),1,0
70,Fang,2025-02-03T17:35:13,For the Emperor (red),1,0
70,Fang,2025-02-03T17:35:13,Hunt a Killer (red),1,0
70,Fang,2025-02-03T17:35:13,Imperial Intent (red),1,0
70,Fang,2025-02-03T17:35:13,Outed (red),1,0
70,Fang,2025-02-03T17:35:13,Pledge Fealty (red),3,0
70,Fang,2025-02-03T17:35:13,Point of Engagement (red),3,0
70,Fang,2025-02-03T17:35:13,Proclaim Vengeance (red),1,0
70,Fang,2025-02-03T17:35:13,Pursue to the Edge of Oblivion (red),1,0
70,Fang,2025-02-03T17:35:13,Pursue to the Pits of Despair (red),1,0
70,Fang,2025-02-03T17:35:13,Scalding Iron (red),1,0
70,Fang,2025-02-03T17:35:13,Searing Gaze (red),1,0
70,Fang,2025-02-03T17:35:13,Sworn Vengeance (red),2,0
70,Fang,2025-02-03T17:35:13,To the Point (red),3,0
70,Fang,2025-02-03T17:35:13,Twist and Turn (red),1,0
70,Fang,2025-02-03T17:35:13,Incision (yellow),1,0
70,Fang,2025-02-03T17:35:13,Cut from the Same Cloth (blue),1,0
70,Fang,2025-02-03T17:35:13,Power Stance (blue),1,0
70,Fang,2025-02-03T17:35:13,Put in Context (blue),1,0
70,Fang,2025-02-03T17:35:13,Scar Tissue (blue),1,0
70,Fang,2025-02-03T17:35:13,Sworn Vengeance (blue),2,0
70,Fang,2025-02-03T17:35:13,Take a Stab (blue),1,0
70,Fang,2025-02-03T17:35:13,Twist and Turn (blue),2,0
70,Fang,2025-02-03T17:35:13,Blade Beckoner Plating,1,1
70,Fang,2025-02-03T17:35:13,Red Alert Boots,1,1
70,Fang,2025-02-03T17:35:13,Red Alert Gloves,1,1
71,Cindra,2025-02-03T18:35:52,Blaze Headlong (red),2,0
71,Cindra,2025-02-03T18:35:52,Blood Drop (red),1,0
71,Cindra,2025-02-03T18:35:52,Blood Line (red),2,0
71,Cindra,2025-02-03T18:35:52,Compounding Anger (red),2,0
71,Cindra,2025-02-03T18:35:52,Dragon Power (red),1,0
71,Cindra,2025-02-03T18:35:52,Dust Runner Outlaw (red),1,0
71,Cindra,2025-02-03T18:35:52,Fire Tenet: Strike First (red),1,0
71,Cindra,2025-02-03T18:35:52,For the Dracai (red),1,0
71,Cindra,2025-02-03T18:35:52,For the Realm (red),1,0
71,Cindra,2025-02-03T18:35:52,Hot on Their Heels (red),1,0
71,Cindra,2025-02-03T18:35:52,Hunt to the Ends of Rathe (red),1,0
71,Cindra,2025-02-03T18:35:52,Lava Vein Loyalty (red),2,0
71,Cindra,2025-02-03T18:35:52,March of Loyalty (red),1,0
71,Cindra,2025-02-03T18:35:52,Ronin Renegade (red),1,0
71,Cindra,2025-02-03T18:35:52,Silver Talons (red),1,0
71,Cindra,2025-02-03T18:35:52,Smoke Out (red),1,0
71,Cindra,2025-02-03T18:35:52,Tag the Target (red),3,0
71,Cindra,2025-02-03T18:35:52,Trap and Release (red),1,0
71,Cindra,2025-02-03T18:35:52,Wrath of Retribution (red),1,0
71,Cindra,2025-02-03T18:35:52,Dragon Power (yellow),1,0
71,Cindra,2025-02-03T18:35:52,Fire Tenet: Strike First (yellow),1,0
71,Cindra,2025-02-03T18:35:52,Tag the Target (yellow),1,0
71,Cindra,2025-02-03T18:35:52,Trap and Release (yellow),1,0
71,Cindra,2025-02-03T18:35:52,Grow Claws (blue),3,0
71,Cindra,2025-02-03T18:35:52,Nip at the Heels (blue),1,0
71,Cindra,2025-02-03T18:35:52,Relentless Pursuit (blue),1,0
71,Cindra,2025-02-03T18:35:52,Tag the Target (blue),1,0
71,Cindra,2025-02-03T18:35:52,Coat of Allegiance,1,1
71,Cindra,2025-02-03T18:35:52,Leap Frog Leggings,1,1
71,Cindra,2025-02-03T18:35:52,Leap Frog Vocal Sac,1,1
72,Cindra,2025-02-03T21:04:13,Blaze Headlong (red),2,0
72,Cindra,2025-02-03T21:04:13,Blood Line (red),3,0
72,Cindra,2025-02-03T21:04:13,Blood Runs Deep (red),2,0
72,Cindra,2025-02-03T21:04:13,Cinderskin Devotion (red),1,0
72,Cindra,2025-02-03T21:04:13,Display Loyalty (red),1,0
72,Cindra,2025-02-03T21:04:13,Dust Runner Outlaw (red),1,0
72,Cindra,2025-02-03T21:04:13,Fire Tenet: Strike First (red),4,0
72,Cindra,2025-02-03T21:04:13,Grow Claws (red),2,0
72,Cindra,2025-02-03T21:04:13,Hot on Their Heels (red),1,0
72,Cindra,2025-02-03T21:04:13,Lava Vein Loyalty (red),1,0
72,Cindra,2025-02-03T21:04:13,Mark with Magma (red),2,0
72,Cindra,2025-02-03T21:04:13,Ronin Renegade (red),2,0
72,Cindra,2025-02-03T21:04:13,Silver Talons (red),1,0
72,Cindra,2025-02-03T21:04:13,Trap and Release (red),1,0
72,Cindra,2025-02-03T21:04:13,Dragon Power (yellow),1,0
72,Cindra,2025-02-03T21:04:13,Fire Tenet: Strike First (yellow),2,0
72,Cindra,2025-02-03T21:04:13,Grow Claws (yellow),1,0
72,Cindra,2025-02-03T21:04:13,Grow Wings (yellow),1,0
72,Cindra,2025-02-03T21:04:13,Tag the Target (yellow),1,0
72,Cindra,2025-02-03T21:04:13,Dragon Power (blue),1,0
72,Cindra,2025-02-03T21:04:13,Fire Tenet: Strike First (blue),1,0
72,Cindra,2025-02-03T21:04:13,Grow Wings (blue),1,0
72,Cindra,2025-02-03T21:04:13,Poisoned Blade (blue),1,0
72,Cindra,2025-02-03T21:04:13,Silver Talons (blue),1,0
72,Cindra,2025-02-03T21:04:13,Throw Yourself at Them (blue),1,0
72,Cindra,2025-02-03T21:04:13,Trap and Release (blue),2,0
72,Cindra,2025-02-03T21:04:13,Danger Digits,1,1
72,Cindra,2025-02-03T21:04:13,Heart of Vengeance,1,1
72,Cindra,2025-02-03T21:04:13,Leap Frog Leggings,1,1
72,Cindra,2025-02-03T21:04:13,Vow of Vengeance,1,1
73,Fang,2025-02-04T19:46:57,Cut Deep (red),1,0
73,Fang,2025-02-04T19:46:57,Den of the Spider (red),1,0
73,Fang,2025-02-04T19:46:57,For the Dracai (red),2,0
73,Fang,2025-02-04T19:46:57,Imperial Intent (red),1,0
73,Fang,2025-02-04T19:46:57,Outed (red),2,0
73,Fang,2025-02-04T19:46:57,Pledge Fealty (red),2,0
73,Fang,2025-02-04T19:46:57,Proclaim Vengeance (red),1,0
73,Fang,2025-02-04T19:46:57,Rake Over the Coals (red),1,0
73,Fang,2025-02-04T19:46:57,Scalding Iron (red),2,0
73,Fang,2025-02-04T19:46:57,Scar Tissue (red),1,0
73,Fang,2025-02-04T19:46:57,Searing Gaze (red),2,0
73,Fang,2025-02-04T19:46:57,Sigil of Solace (red),1,0
73,Fang,2025-02-04T19:46:57,Sworn Vengeance (red),2,0
73,Fang,2025-02-04T19:46:57,Tooth of the Dragon (red),2,0
73,Fang,2025-02-04T19:46:57,Cut from the Same Cloth (yellow),1,0
73,Fang,2025-02-04T19:46:57,Hunt a Killer (yellow),2,0
73,Fang,2025-02-04T19:46:57,Incision (yellow),1,0
73,Fang,2025-02-04T19:46:57,Knife Through Butter (yellow),1,0
73,Fang,2025-02-04T19:46:57,Scar Tissue (yellow),1,0
73,Fang,2025-02-04T19:46:57,Sharpened Senses (yellow),1,0
73,Fang,2025-02-04T19:46:57,Take a Stab (yellow),1,0
73,Fang,2025-02-04T19:46:57,Tip-Off (yellow),1,0
73,Fang,2025-02-04T19:46:57,Cut Deep (blue),1,0
73,Fang,2025-02-04T19:46:57,Exposed (blue),1,0
73,Fang,2025-02-04T19:46:57,Nip at the Heels (blue),1,0
73,Fang,2025-02-04T19:46:57,Public Bounty (blue),1,0
73,Fang,2025-02-04T19:46:57,Heart of Vengeance,1,1
73,Fang,2025-02-04T19:46:57,Red Alert Boots,1,1
73,Fang,2025-02-04T19:46:57,Vow of Vengeance,1,1
74,Cindra,2025-02-04T19:50:12,Blood Line (red),2,0
74,Cindra,2025-02-04T19:50:12,Blood Runs Deep (red),1,0
74,Cindra,2025-02-04T19:50:12,Burning Blade Dance (red),3,0
74,Cindra,2025-02-04T19:50:12,Compounding Anger (red),2,0
74,Cindra,2025-02-04T19:50:12,Demonstrate Devotion (red),1,0
74,Cindra,2025-02-04T19:50:12,For the Realm (red),1,0
74,Cindra,2025-02-04T19:50:12,Grow Claws (red),2,0
74,Cindra,2025-02-04T19:50:12,Hot on Their Heels (red),3,0
74,Cindra,2025-02-04T19:50:12,Hunt to the Ends of Rathe (red),1,0
74,Cindra,2025-02-04T19:50:12,Imperial Seal of Command (red),1,0
74,Cindra,2025-02-04T19:50:12,Lava Vein Loyalty (red),1,0
74,Cindra,2025-02-04T19:50:12,Mark with Magma (red),2,0
74,Cindra,2025-02-04T19:50:12,Pledge Fealty (red),1,0
74,Cindra,2025-02-04T19:50:12,Silver Talons (red),1,0
74,Cindra,2025-02-04T19:50:12,Smoke Out (red),1,0
74,Cindra,2025-02-04T19:50:12,Tag the Target (red),1,0
74,Cindra,2025-02-04T19:50:12,Trap and Release (red),1,0
74,Cindra,2025-02-04T19:50:12,Dragon Power (yellow),1,0
74,Cindra,2025-02-04T19:50:12,Tag the Target (yellow),2,0
74,Cindra,2025-02-04T19:50:12,Dragon Power (blue),1,0
74,Cindra,2025-02-04T19:50:12,Grow Claws (blue),1,0
74,Cindra,2025-02-04T19:50:12,Grow Wings (blue),1,0
74,Cindra,2025-02-04T19:50:12,Prowess of Agility (blue),1,0
74,Cindra,2025-02-04T19:50:12,Put in Context (blue),1,0
74,Cindra,2025-02-04T19:50:12,Tag the Target (blue),1,0
74,Cindra,2025-02-04T19:50:12,Throw Yourself at Them (blue),1,0
74,Cindra,2025-02-04T19:50:12,Trap and Release (blue),1,0
74,Cindra,2025-02-04T19:50:12,Trot Along (blue),1,0
74,Cindra,2025-02-04T19:50:12,Coat of Allegiance,1,1
74,Cindra,2025-02-04T19:50:12,Danger Digits,1,1
74,Cindra,2025-02-04T19:50:12,Path of Vengeance,1,1
75,Fang,2025-02-04T21:17:02,Blessing of Vynserakai (red),1,0
75,Fang,2025-02-04T21:17:02,Brothers of Flame (red),1,0
75,Fang,2025-02-04T21:17:02,Cut Deep (red),2,0
75,Fang,2025-02-04T21:17:02,Den of the Spider (red),1,0
75,Fang,2025-02-04T21:17:02,Diced (red),1,0
75,Fang,2025-02-04T21:17:02,Drop of Dragon Blood (red),1,0
75,Fang,2025-02-04T21:17:02,Dynastic Dedication (red),1,0
75,Fang,2025-02-04T21:17:02,For the Dracai (red),1,0
75,Fang,2025-02-04T21:17:02,For the Realm (red),1,0
75,Fang,2025-02-04T21:17:02,Hunt the Hunter (red),1,0
75,Fang,2025-02-04T21:17:02,Incision (red),1,0
75,Fang,2025-02-04T21:17:02,Knife Through Butter (red),1,0
75,Fang,2025-02-04T21:17:02,Pledge Fealty (red),1,0
75,Fang,2025-02-04T21:17:02,Point of Engagement (red),1,0
75,Fang,2025-02-04T21:17:02,Proclaim Vengeance (red),1,0
75,Fang,2025-02-04T21:17:02,Scar Tissue (red),2,0
75,Fang,2025-02-04T21:17:02,Sisters of Fire (red),3,0
75,Fang,2025-02-04T21:17:02,Sizzling Steel (red),1,0
75,Fang,2025-02-04T21:17:02,Tooth of the Dragon (red),2,0
75,Fang,2025-02-04T21:17:02,Hunt a Killer (yellow),1,0
75,Fang,2025-02-04T21:17:02,Incision (yellow),1,0
75,Fang,2025-02-04T21:17:02,Point of Engagement (yellow),1,0
75,Fang,2025-02-04T21:17:02,Take a Stab (yellow),1,0
75,Fang,2025-02-04T21:17:02,Knife Through Butter (blue),2,0
75,Fang,2025-02-04T21:17:02,Point of Engagement (blue),2,0
75,Fang,2025-02-04T21:17:02,Power Stance (blue),1,0
75,Fang,2025-02-04T21:17:02,Scar Tissue (blue),1,0
75,Fang,2025-02-04T21:17:02,Blade Beckoner Helm,1,1
75,Fang,2025-02-04T21:17:02,Coat of Allegiance,1,1
75,Fang,2025-02-04T21:17:02,Red Alert Boots,1,1
75,Fang,2025-02-04T21:17:02,Red Alert Gloves,1,1
76,"Arakni, Web of Deceit",2025-02-05T06:41:25,Bite (red),2,0
76,"Arakni, Web of Deceit",2025-02-05T06:41:25,Cut from the Same Cloth (red),1,0
76,"Arakni, Web of Deceit",2025-02-05T06:41:25,Hunted or Hunter (red),2,0
76,"Arakni, Web of Deceit",2025-02-05T06:41:25,Mark of the Black Widow (red),1,0
76,"Arakni, Web of Deceit",2025-02-05T06:41:25,Mark of the Funnel Web (red),2,0
76,"Arakni, Web of Deceit",2025-02-05T06:41:25,Mark the Prey (red),1,0
76,"Arakni, Web of Deceit",2025-02-05T06:41:25,Orb-Weaver Spinneret (red),1,0
76,"Arakni, Web of Deceit",2025-02-05T06:41:25,Poisoned Blade (red),1,0
76,"Arakni, Web of Deceit",2025-02-05T06:41:25,Reaper's Call (red),1,0
76,"Arakni, Web of Deceit",2025-02-05T06:41:25,Sound the Alarm (red),1,0
76,"Arakni, Web of Deceit",2025-02-05T06:41:25,Stains of the Redback (red),2,0
76,"Arakni, Web of Deceit",2025-02-05T06:41:25,Tip-Off (red),3,0
76,"Arakni, Web of Deceit",2025-02-05T06:41:25,Lay Low (yellow),1,0
76,"Arakni, Web of Deceit",2025-02-05T06:41:25,Mark of the Black Widow (yellow),1,0
76,"Arakni, Web of Deceit",2025-02-05T06:41:25,Orb-Weaver Spinneret (yellow),1,0
76,"Arakni, Web of Deceit",2025-02-05T06:41:25,Plunge the Prospect (yellow),1,0
76,"Arakni, Web of Deceit",2025-02-05T06:41:25,Stains of the Redback (yellow),1,0
76,"Arakni, Web of Deceit",2025-02-05T06:41:25,Bite (blue),1,0
76,"Arakni, Web of Deceit",2025-02-05T06:41:25,Mark of the Black Widow (blue),1,0
76,"Arakni, Web of Deceit",2025-02-05T06:41:25,Mark the Prey (blue),1,0
76,"Arakni, Web of Deceit",2025-02-05T06:41:25,Nip at the Heels (blue),1,0
76,"Arakni, Web of Deceit",2025-02-05T06:41:25,Poisoned Blade (blue),1,0
76,"Arakni, Web of Deceit",2025-02-05T06:41:25,Public Bounty (blue),1,0
76,"Arakni, Web of Deceit",2025-02-05T06:41:25,Scar Tissue (blue),1,0
76,"Arakni, Web of Deceit",2025-02-05T06:41:25,Scuttle the Canal (blue),1,0
76,"Arakni, Web of Deceit",2025-02-05T06:41:25,Stains of the Redback (blue),1,0
76,"Arakni, Web of Deceit",2025-02-05T06:41:25,Tip-Off (blue),1,0
76,"Arakni, Web of Deceit",2025-02-05T06:41:25,Whittle from Bone (blue),1,0
76,"Arakni, Web of Deceit",2025-02-05T06:41:25,Blade Beckoner Gauntlets,1,1
76,"Arakni, Web of Deceit",2025-02-05T06:41:25,Blade Beckoner Helm,1,1
76,"Arakni, Web of Deceit",2025-02-05T06:41:25,Bunker Beard,1,1
76,"Arakni, Web of Deceit",2025-02-05T06:41:25,Leap Frog Gloves,1,1
76,"Arakni, Web of Deceit",2025-02-05T06:41:25,Leap Frog Leggings,1,1
76,"Arakni, Web of Deceit",2025-02-05T06:41:25,Leap Frog Slime Skin,1,1
77,Fang,2025-02-05T13:36:21,Affirm Loyalty (red),1,0
77,Fang,2025-02-05T13:36:21,Blaze Headlong (red),1,0
77,Fang,2025-02-05T13:36:21,Blistering Blade (red),1,0
77,Fang,2025-02-05T13:36:21,Brothers of Flame (red),1,0
77,Fang,2025-02-05T13:36:21,Drop of Dragon Blood (red),1,0
77,Fang,2025-02-05T13:36:21,Endear Devotion (red),1,0
77,Fang,2025-02-05T13:36:21,For the Dracai (red),1,0
77,Fang,2025-02-05T13:36:21,For the Emperor (red),1,0
77,Fang,2025-02-05T13:36:21,Hunt a Killer (red),1,0
77,Fang,2025-02-05T13:36:21,Hunt the Hunter (red),1,0
77,Fang,2025-02-05T13:36:21,Imperial Intent (red),1,0
77,Fang,2025-02-05T13:36:21,Incision (red),1,0
77,Fang,2025-02-05T13:36:21,March of Loyalty (red),1,0
77,Fang,2025-02-05T13:36:21,Pledge Fealty (red),2,0
77,Fang,2025-02-05T13:36:21,Point of Engagement (red),1,0
77,Fang,2025-02-05T13:36:21,Pursue to the Edge of Oblivion (red),1,0
77,Fang,2025-02-05T13:36:21,Scalding Iron (red),1,0
77,Fang,2025-02-05T13:36:21,Searing Gaze (red),2,0
77,Fang,2025-02-05T13:36:21,Sisters of Fire (red),1,0
77,Fang,2025-02-05T13:36:21,Sizzling Steel (red),2,0
77,Fang,2025-02-05T13:36:21,Hunt a Killer (yellow),2,0
77,Fang,2025-02-05T13:36:21,Knife Through Butter (yellow),2,0
77,Fang,2025-02-05T13:36:21,Sworn Vengeance (yellow),1,0
77,Fang,2025-02-05T13:36:21,Cut Deep (blue),1,0
77,Fang,2025-02-05T13:36:21,Diced (blue),1,0
77,Fang,2025-02-05T13:36:21,Incision (blue),1,0
77,Fang,2025-02-05T13:36:21,Knife Through Butter (blue),1,0
77,Fang,2025-02-05T13:36:21,Point of Engagement (blue),1,0
77,Fang,2025-02-05T13:36:21,Put in Context (blue),1,0
77,Fang,2025-02-05T13:36:21,Tip-Off (blue),1,0
77,Fang,2025-02-05T13:36:21,To the Point (blue),1,0
77,Fang,2025-02-05T13:36:21,Hand of Vengeance,1,1
77,Fang,2025-02-05T13:36:21,Heart of Vengeance,1,1
77,Fang,2025-02-05T13:36:21,Path of Vengeance,1,1
77,Fang,2025-02-05T13:36:21,Red Alert Visor,1,1
78,Fang,2025-02-05T22:35:57,Affirm Loyalty (red),1,0
78,Fang,2025-02-05T22:35:57,Blistering Blade (red),1,0
78,Fang,2025-02-05T22:35:57,Brothers of Flame (red),1,0
78,Fang,2025-02-05T22:35:57,Diced (red),1,0
78,Fang,2025-02-05T22:35:57,For the Emperor (red),2,0
78,Fang,2025-02-05T22:35:57,For the Realm (red),1,0
78,Fang,2025-02-05T22:35:57,Hunt a Killer (red),2,0
78,Fang,2025-02-05T22:35:57,Hunt the Hunter (red),1,0
78,Fang,2025-02-05T22:35:57,Imperial Intent (red),1,0
78,Fang,2025-02-05T22:35:57,Knife Through Butter (red),1,0
78,Fang,2025-02-05T22:35:57,Point of Engagement (red),2,0
78,Fang,2025-02-05T22:35:57,Proclaim Vengeance (red),1,0
78,Fang,2025-02-05T22:35:57,Razor Reflex (red),1,0
78,Fang,2025-02-05T22:35:57,Scalding Iron (red),1,0
78,Fang,2025-02-05T22:35:57,Searing Gaze (red),1,0
78,Fang,2025-02-05T22:35:57,Sisters of Fire (red),2,0
78,Fang,2025-02-05T22:35:57,Sizzling Steel (red),2,0
78,Fang,2025-02-05T22:35:57,Smoke Out (red),1,0
78,Fang,2025-02-05T22:35:57,Sworn Vengeance (red),1,0
78,Fang,2025-02-05T22:35:57,Tip-Off (red),1,0
78,Fang,2025-02-05T22:35:57,Tooth of the Dragon (red),2,0
78,Fang,2025-02-05T22:35:57,Take a Stab (yellow),1,0
78,Fang,2025-02-05T22:35:57,Tip-Off (yellow),1,0
78,Fang,2025-02-05T22:35:57,Cut Deep (blue),3,0
78,Fang,2025-02-05T22:35:57,Diced (blue),2,0
78,Fang,2025-02-05T22:35:57,Hunt a Killer (blue),1,0
78,Fang,2025-02-05T22:35:57,Knife Through Butter (blue),1,0
78,Fang,2025-02-05T22:35:57,Power Stance (blue),1,0
78,Fang,2025-02-05T22:35:57,Trot Along (blue),1,0
78,Fang,2025-02-05T22:35:57,Blade Beckoner Helm,1,1
78,Fang,2025-02-05T22:35:57,Blade Beckoner Plating,1,1
78,Fang,2025-02-05T22:35:57,Hand of Vengeance,1,1
78,Fang,2025-02-05T22:35:57,Path of Vengeance,1,1
79,Cindra,2025-02-06T05:31:32,Blaze Headlong (red),1,0
79,Cindra,2025-02-06T05:31:32,Burning Blade Dance (red),3,0
79,Cindra,2025-02-06T05:31:32,Demonstrate Devotion (red),1,0
79,Cindra,2025-02-06T05:31:32,Display Loyalty (red),1,0
79,Cindra,2025-02-06T05:31:32,Fire Tenet: Strike First (red),2,0
79,Cindra,2025-02-06T05:31:32,For the Emperor (red),2,0
79,Cindra,2025-02-06T05:31:32,Grow Claws (red),1,0
79,Cindra,2025-02-06T05:31:32,Grow Wings (red),1,0
79,Cindra,2025-02-06T05:31:32,Hot on Their Heels (red),1,0
79,Cindra,2025-02-06T05:31:32,Lava Vein Loyalty (red),3,0
79,Cindra,2025-02-06T05:31:32,Mark with Magma (red),1,0
79,Cindra,2025-02-06T05:31:32,Ronin Renegade (red),2,0
79,Cindra,2025-02-06T05:31:32,Silver Talons (red),1,0
79,Cindra,2025-02-06T05:31:32,Tag the Target (red),3,0
79,Cindra,2025-02-06T05:31:32,Dragon Power (yellow),1,0
79,Cindra,2025-02-06T05:31:32,Fire Tenet: Strike First (yellow),1,0
79,Cindra,2025-02-06T05:31:32,Grow Claws (yellow),1,0
79,Cindra,2025-02-06T05:31:32,Grow Wings (yellow),1,0
79,Cindra,2025-02-06T05:31:32,Dragon Power (blue),1,0
79,Cindra,2025-02-06T05:31:32,Grow Claws (blue),1,0
79,Cindra,2025-02-06T05:31:32,Grow Wings (blue),2,0
79,Cindra,2025-02-06T05:31:32,Throw Yourself at Them (blue),1,0
79,Cindra,2025-02-06T05:31:32,Trap and Release (blue),1,0
79,Cindra,2025-02-06T05:31:32,Trot Along (blue),2,0
79,Cindra,2025-02-06T05:31:32,Blade Beckoner Gauntlets,1,1
79,Cindra,2025-02-06T05:31:32,Coat of Allegiance,1,1
79,Cindra,2025-02-06T05:31:32,Heart of Vengeance,1,1
79,Cindra,2025-02-06T05:31:32,Leap Frog Vocal Sac,1,1
80,Fang,2025-02-06T21:33:38,Affirm Loyalty (red),1,0
80,Fang,2025-02-06T21:33:38,Blistering Blade (red),3,0
80,Fang,2025-02-06T21:33:38,Brothers of Flame (red),1,0
80,Fang,2025-02-06T21:33:38,Cut Deep (red),2,0
80,Fang,2025-02-06T21:33:38,Dynastic Dedication (red),1,0
80,Fang,2025-02-06T21:33:38,Endear Devotion (red),1,0
80,Fang,2025-02-06T21:33:38,For the Emperor (red),1,0
80,Fang,2025-02-06T21:33:38,Hunt a Killer (red),1,0
80,Fang,2025-02-06T21:33:38,Imperial Intent (red),1,0
80,Fang,2025-02-06T21:33:38,Knife Through Butter (red),1,0
80,Fang,2025-02-06T21:33:38,Pledge Fealty (red),2,0
80,Fang,2025-02-06T21:33:38,Public Bounty (red),1,0
80,Fang,2025-02-06T21:33:38,Pursue to the Edge of Oblivion (red),1,0
80,Fang,2025-02-06T21:33:38,Searing Gaze (red),2,0
80,Fang,2025-02-06T21:33:38,Sisters of Fire (red),1,0
80,Fang,2025-02-06T21:33:38,Sworn Vengeance (red),1,0
80,Fang,2025-02-06T21:33:38,Tooth of the Dragon (red),1,0
80,Fang,2025-02-06T21:33:38,Hunt a Killer (yellow),1,0
80,Fang,2025-02-06T21:33:38,Scar Tissue (yellow),1,0
80,Fang,2025-02-06T21:33:38,Diced (blue),1,0
80,Fang,2025-02-06T21:33:38,Hunt a Killer (blue),2,0
80,Fang,2025-02-06T21:33:38,Incision (blue),1,0
80,Fang,2025-02-06T21:33:38,Knife Through Butter (blue),1,0
80,Fang,2025-02-06T21:33:38,Point of Engagement (blue),1,0
80,Fang,2025-02-06T21:33:38,Public Bounty (blue),1,0
80,Fang,2025-02-06T21:33:38,Put in Context (blue),1,0
80,Fang,2025-02-06T21:33:38,Sworn Vengeance (blue),1,0
80,Fang,2025-02-06T21:33:38,Take a Stab (blue),1,0
80,Fang,2025-02-06T21:33:38,Tip-Off (blue),1,0
80,Fang,2025-02-06T21:33:38,Blade Beckoner Gauntlets,1,1
80,Fang,2025-02-06T21:33:38,Heart of Vengeance,1,1
80,Fang,2025-02-06T21:33:38,Red Alert Boots,1,1
80,Fang,2025-02-06T21:33:38,Vow of Vengeance,1,1
81,Fang,2025-02-06T22:04:56,Affirm Loyalty (red),1,0
81,Fang,2025-02-06T22:04:56,Blessing of Vynserakai (red),1,0
81,Fang,2025-02-06T22:04:56,Blistering Blade (red),1,0
81,Fang,2025-02-06T22:04:56,Brothers of Flame (red),1,0
81,Fang,2025-02-06T22:04:56,Cut Deep (red),1,0
81,Fang,2025-02-06T22:04:56,Cut from the Same Cloth (red),1,0
81,Fang,2025-02-06T22:04:56,Den of the Spider (red),1,0
81,Fang,2025-02-06T22:04:56,For the Emperor (red),1,0
81,Fang,2025-02-06T22:04:56,Hunt a Killer (red),1,0
81,Fang,2025-02-06T22:04:56,Hunt the Hunter (red),2,0
81,Fang,2025-02-06T22:04:56,Imperial Intent (red),1,0
81,Fang,2025-02-06T22:04:56,Pledge Fealty (red),2,0
81,Fang,2025-02-06T22:04:56,Point of Engagement (red),1,0
81,Fang,2025-02-06T22:04:56,Stabbing Pain (red),2,0
81,Fang,2025-02-06T22:04:56,Tooth of the Dragon (red),2,0
81,Fang,2025-02-06T22:04:56,Cut Deep (yellow),1,0
81,Fang,2025-02-06T22:04:56,Cut from the Same Cloth (yellow),1,0
81,Fang,2025-02-06T22:04:56,Hunt a Killer (yellow),2,0
81,Fang,2025-02-06T22:04:56,Incision (yellow),1,0
81,Fang,2025-02-06T22:04:56,Sworn Vengeance (yellow),3,0
81,Fang,2025-02-06T22:04:56,Cut Deep (blue),2,0
81,Fang,2025-02-06T22:04:56,Hunt a Killer (blue),1,0
81,Fang,2025-02-06T22:04:56,Incision (blue),1,0
81,Fang,2025-02-06T22:04:56,Public Bounty (blue),2,0
81,Fang,2025-02-06T22:04:56,Sworn Vengeance (blue),2,0
81,Fang,2025-02-06T22:04:56,Coat of Allegiance,1,1
81,Fang,2025-02-06T22:04:56,Red Alert Gloves,1,1
81,Fang,2025-02-06T22:04:56,Starting Point,1,1
81,Fang,2025-02-06T22:04:56,Vow of Vengeance,1,1
82,Fang,2025-02-07T05:45:39,Blistering Blade (red),1,0
82,Fang,2025-02-07T05:45:39,Drop of Dragon Blood (red),2,0
82,Fang,2025-02-07T05:45:39,Fire and Brimstone (red),1,0
82,Fang,2025-02-07T05:45:39,For the Emperor (red),2,0
82,Fang,2025-02-07T05:45:39,Hunt the Hunter (red),2,0
82,Fang,2025-02-07T05:45:39,Long Whisker Loyalty (red),1,0
82,Fang,2025-02-07T05:45:39,Scalding Iron (red),1,0
82,Fang,2025-02-07T05:45:39,Searing Gaze (red),1,0
82,Fang,2025-02-07T05:45:39,Sisters of Fire (red),2,0
82,Fang,2025-02-07T05:45:39,Sworn Vengeance (red),2,0
82,Fang,2025-02-07T05:45:39,Tooth of the Dragon (red),1,0
82,Fang,2025-02-07T05:45:39,Cut Deep (yellow),1,0
82,Fang,2025-02-07T05:45:39,Diced (yellow),1,0
82,Fang,2025-02-07T05:45:39,Knife Through Butter (yellow),2,0
82,Fang,2025-02-07T05:45:39,Perforate (yellow),1,0
82,Fang,2025-02-07T05:45:39,Point of Engagement (yellow),2,0
82,Fang,2025-02-07T05:45:39,Sworn Vengeance (yellow),1,0
82,Fang,2025-02-07T05:45:39,Cut Deep (blue),1,0
82,Fang,2025-02-07T05:45:39,Incision (blue),1,0
82,Fang,2025-02-07T05:45:39,Knife Through Butter (blue),1,0
82,Fang,2025-02-07T05:45:39,Point of Engagement (blue),1,0
82,Fang,2025-02-07T05:45:39,Scar Tissue (blue),1,0
82,Fang,2025-02-07T05:45:39,Sworn Vengeance (blue),1,0
82,Fang,2025-02-07T05:45:39,Trot Along (blue),1,0
82,Fang,2025-02-07T05:45:39,Red Alert Boots,1,1
82,Fang,2025-02-07T05:45:39,Red Alert Gloves,1,1
82,Fang,2025-02-07T05:45:39,Red Alert Vest,1,1
82,Fang,2025-02-07T05:45:39,Vow of Vengeance,1,1
83,Cindra,2025-02-07T06:12:22,Blood Drop (red),2,0
83,Cindra,2025-02-07T06:12:22,Cut Through (red),1,0
83,Cindra,2025-02-07T06:12:22,Demonstrate Devotion (red),2,0
83,Cindra,2025-02-07T06:12:22,Dragon Power (red),1,0
83,Cindra,2025-02-07T06:12:22,For the Emperor (red),1,0
83,Cindra,2025-02-07T06:12:22,Grow Claws (red),1,0
83,Cindra,2025-02-07T06:12:22,Imperial Seal of Command (red),1,0
83,Cindra,2025-02-07T06:12:22,Lair of the Spider (red),1,0
83,Cindra,2025-02-07T06:12:22,Mark with Magma (red),2,0
83,Cindra,2025-02-07T06:12:22,Pick Up the Point (red),1,0
83,Cindra,2025-02-07T06:12:22,Poisoned Blade (red),3,0
83,Cindra,2025-02-07T06:12:22,Public Bounty (red),1,0
83,Cindra,2025-02-07T06:12:22,Tag the Target (red),2,0
83,Cindra,2025-02-07T06:12:22,Throw Yourself at Them (red),1,0
83,Cindra,2025-02-07T06:12:22,Cut Through (yellow),1,0
83,Cindra,2025-02-07T06:12:22,Poisoned Blade (yellow),1,0
83,Cindra,2025-02-07T06:12:22,Tag the Target (yellow),1,0
83,Cindra,2025-02-07T06:12:22,Throw Yourself at Them (yellow),1,0
83,Cindra,2025-02-07T06:12:22,Cut Through (blue),1,0
83,Cindra,2025-02-07T06:12:22,Fire Tenet: Strike First (blue),1,0
83,Cindra,2025-02-07T06:12:22,Grow Claws (blue),1,0
83,Cindra,2025-02-07T06:12:22,Grow Wings (blue),1,0
83,Cindra,2025-02-07T06:12:22,Nip at the Heels (blue),1,0
83,Cindra,2025-02-07T06:12:22,Pick Up the Point (blue),1,0
83,Cindra,2025-02-07T06:12:22,Throw Yourself at Them (blue),1,0
83,Cindra,2025-02-07T06:12:22,Blade Beckoner Boots,1,1
83,Cindra,2025-02-07T06:12:22,Blade Beckoner Helm,1,1
83,Cindra,2025-02-07T06:12:22,Coat of Allegiance,1,1
83,Cindra,2025-02-07T06:12:22,Leap Frog Gloves,1,1
84,Fang,2025-02-07T19:47:03,Affirm Loyalty (red),1,0
84,Fang,2025-02-07T19:47:03,Blaze Headlong (red),2,0
84,Fang,2025-02-07T19:47:03,Blistering Blade (red),1,0
84,Fang,2025-02-07T19:47:03,Bubble to the Surface (red),1,0
84,Fang,2025-02-07T19:47:03,Cut Deep (red),1,0
84,Fang,2025-02-07T19:47:03,Den of the Spider (red),1,0
84,Fang,2025-02-07T19:47:03,Diced (red),1,0
84,Fang,2025-02-07T19:47:03,Dynastic Dedication (red),1,0
84,Fang,2025-02-07T19:47:03,Endear Devotion (red),1,0
84,Fang,2025-02-07T19:47:03,Hunt the Hunter (red),2,0
84,Fang,2025-02-07T19:47:03,Imperial Intent (red),3,0
84,Fang,2025-02-07T19:47:03,Pledge Fealty (red),1,0
84,Fang,2025-02-07T19:47:03,Point of Engagement (red),1,0
84,Fang,2025-02-07T19:47:03,Proclaim Vengeance (red),1,0
84,Fang,2025-02-07T19:47:03,Rake Over the Coals (red),1,0
84,Fang,2025-02-07T19:47:03,Scalding Iron (red),1,0
84,Fang,2025-02-07T19:47:03,Sisters of Fire (red),1,0
84,Fang,2025-02-07T19:47:03,Sworn Vengeance (red),1,0
84,Fang,2025-02-07T19:47:03,Tooth of the Dragon (red),1,0
84,Fang,2025-02-07T19:47:03,Twist and Turn (red),1,0
84,Fang,2025-02-07T19:47:03,Cut Deep (yellow),1,0
84,Fang,2025-02-07T19:47:03,Hunt a Killer (yellow),1,0
84,Fang,2025-02-07T19:47:03,Incision (yellow),1,0
84,Fang,2025-02-07T19:47:03,Knife Through Butter (yellow),1,0
84,Fang,2025-02-07T19:47:03,Cut Deep (blue),1,0
84,Fang,2025-02-07T19:47:03,Hunt a Killer (blue),2,0
84,Fang,2025-02-07T19:47:03,Power Stance (blue),1,0
84,Fang,2025-02-07T19:47:03,Provoke (blue),1,0
84,Fang,2025-02-07T19:47:03,Sworn Vengeance (blue),1,0
84,Fang,2025-02-07T19:47:03,Trot Along (blue),1,0
84,Fang,2025-02-07T19:47:03,Twist and Turn (blue),2,0
84,Fang,2025-02-07T19:47:03,Hand of Vengeance,1,1
84,Fang,2025-02-07T19:47:03,Heart of Vengeance,1,1
84,Fang,2025-02-07T19:47:03,Red Alert Boots,1,1
84,Fang,2025-02-07T19:47:03,Red Alert Visor,1,1
85,"Arakni, Web of Deceit",2025-02-08T09:24:50,Den of the Spider (red),1,0
85,"Arakni, Web of Deceit",2025-02-08T09:24:50,Hunted or Hunter (red),1,0
85,"Arakni, Web of Deceit",2025-02-08T09:24:50,Mark of the Black Widow (red),3,0
85,"Arakni, Web of Deceit",2025-02-08T09:24:50,Mark the Prey (red),1,0
85,"Arakni, Web of Deceit",2025-02-08T09:24:50,Pick Up the Point (red),1,0
85,"Arakni, Web of Deceit",2025-02-08T09:24:50,Plunge the Prospect (red),3,0
85,"Arakni, Web of Deceit",2025-02-08T09:24:50,Razor's Edge (red),1,0
85,"Arakni, Web of Deceit",2025-02-08T09:24:50,Scar Tissue (red),2,0
85,"Arakni, Web of Deceit",2025-02-08T09:24:50,Scuttle the Canal (red),1,0
85,"Arakni, Web of Deceit",2025-02-08T09:24:50,Sigil of Solace (red),1,0
85,"Arakni, Web of Deceit",2025-02-08T09:24:50,Take a Stab (red),1,0
85,"Arakni, Web of Deceit",2025-02-08T09:24:50,To the Point (red),1,0
85,"Arakni, Web of Deceit",2025-02-08T09:24:50,Incision (yellow),1,0
85,"Arakni, Web of Deceit",2025-02-08T09:24:50,Mark of the Black Widow (yellow),1,0
85,"Arakni, Web of Deceit",2025-02-08T09:24:50,Orb-Weaver Spinneret (yellow),1,0
85,"Arakni, Web of Deceit",2025-02-08T09:24:50,Pick Up the Point (yellow),1,0
85,"Arakni, Web of Deceit",2025-02-08T09:24:50,Scuttle the Canal (yellow),1,0
85,"Arakni, Web of Deceit",2025-02-08T09:24:50,Stains of the Redback (yellow),1,0
85,"Arakni, Web of Deceit",2025-02-08T09:24:50,Whittle from Bone (yellow),1,0
85,"Arakni, Web of Deceit",2025-02-08T09:24:50,Mark of the Black Widow (blue),3,0
85,"Arakni, Web of Deceit",2025-02-08T09:24:50,Mark of the Funnel Web (blue),1,0
85,"Arakni, Web of Deceit",2025-02-08T09:24:50,Mark the Prey (blue),1,0
85,"Arakni, Web of Deceit",2025-02-08T09:24:50,Orb-Weaver Spinneret (blue),1,0
85,"Arakni, Web of Deceit",2025-02-08T09:24:50,Plunge the Prospect (blue),1,0
85,"Arakni, Web of Deceit",2025-02-08T09:24:50,Public Bounty (blue),1,0
85,"Arakni, Web of Deceit",2025-02-08T09:24:50,Scuttle the Canal (blue),2,0
85,"Arakni, Web of Deceit",2025-02-08T09:24:50,Stains of the Redback (blue),1,0
85,"Arakni, Web of Deceit",2025-02-08T09:24:50,To the Point (blue),1,0
85,"Arakni, Web of Deceit",2025-02-08T09:24:50,Whittle from Bone (blue),1,0
85,"Arakni, Web of Deceit",2025-02-08T09:24:50,Danger Digits,1,1
85,"Arakni, Web of Deceit",2025-02-08T09:24:50,Red Alert Boots,1,1
85,"Arakni, Web of Deceit",2025-02-08T09:24:50,Red Alert Visor,1,1
86,Fang,2025-02-08T15:09:41,Blessing of Vynserakai (red),1,0
86,Fang,2025-02-08T15:09:41,Blistering Blade (red),1,0
86,Fang,2025-02-08T15:09:41,Brothers of Flame (red),3,0
86,Fang,2025-02-08T15:09:41,Cut Deep (red),2,0
86,Fang,2025-02-08T15:09:41,Den of the Spider (red),1,0
86,Fang,2025-02-08T15:09:41,Diced (red),1,0
86,Fang,2025-02-08T15:09:41,Endear Devotion (red),1,0
86,Fang,2025-02-08T15:09:41,For the Dracai (red),1,0
86,Fang,2025-02-08T15:09:41,Hunt a Killer (red),1,0
86,Fang,2025-02-08T15:09:41,Pledge Fealty (red),2,0
86,Fang,2025-02-08T15:09:41,Proclaim Vengeance (red),1,0
86,Fang,2025-02-08T15:09:41,Sizzling Steel (red),1,0
86,Fang,2025-02-08T15:09:41,Stabbing Pain (red),1,0
86,Fang,2025-02-08T15:09:41,Sworn Vengeance (red),2,0
86,Fang,2025-02-08T15:09:41,Tooth of the Dragon (red),1,0
86,Fang,2025-02-08T15:09:41,Cut from the Same Cloth (yellow),1,0
86,Fang,2025-02-08T15:09:41,Hunt a Killer (yellow),3,0
86,Fang,2025-02-08T15:09:41,Incision (yellow),1,0
86,Fang,2025-02-08T15:09:41,Scar Tissue (yellow),1,0
86,Fang,2025-02-08T15:09:41,Take a Stab (yellow),1,0
86,Fang,2025-02-08T15:09:41,Tip-Off (yellow),1,0
86,Fang,2025-02-08T15:09:41,Twist and Turn (yellow),1,0
86,Fang,2025-02-08T15:09:41,Hunt a Killer (blue),2,0
86,Fang,2025-02-08T15:09:41,Knife Through Butter (blue),1,0
86,Fang,2025-02-08T15:09:41,Nip at the Heels (blue),1,0
86,Fang,2025-02-08T15:09:41,Sworn Vengeance (blue),1,0
86,Fang,2025-02-08T15:09:41,To the Point (blue),1,0
86,Fang,2025-02-08T15:09:41,Heart of Vengeance,1,1
86,Fang,2025-02-08T15:09:41,Path of Vengeance,1,1
87,"Arakni, Web of Deceit",2025-02-08T16:44:10,Back Stab (red),1,0
87,"Arakni, Web of Deceit",2025-02-08T16:44:10,Defang the Dragon (red),1,0
87,"Arakni, Web of Deceit",2025-02-08T16:44:10,Hunted or Hunter (red),2,0
87,"Arakni, Web of Deceit",2025-02-08T16:44:10,Incision (red),1,0
87,"Arakni, Web of Deceit",2025-02-08T16:44:10,Lair of the Spider (red),1,0
87,"Arakni, Web of Deceit",2025-02-08T16:44:10,Mark of the Black Widow (red),2,0
87,"Arakni, Web of Deceit",2025-02-08T16:44:10,Mark of the Funnel Web (red),1,0
87,"Arakni, Web of Deceit",2025-02-08T16:44:10,Mark the Prey (red),1,0
87,"Arakni, Web of Deceit",2025-02-08T16:44:10,Plunge the Prospect (red),2,0
87,"Arakni, Web of Deceit",2025-02-08T16:44:10,Pursue to the Pits of Despair (red),1,0
87,"Arakni, Web of Deceit",2025-02-08T16:44:10,Razor's Edge (red),2,0
87,"Arakni, Web of Deceit",2025-02-08T16:44:10,Two Sides to the Blade (red),2,0
87,"Arakni, Web of Deceit",2025-02-08T16:44:10,Incision (yellow),1,0
87,"Arakni, Web of Deceit",2025-02-08T16:44:10,Mark of the Black Widow (yellow),2,0
87,"Arakni, Web of Deceit",2025-02-08T16:44:10,Mark the Prey (yellow),1,0
87,"Arakni, Web of Deceit",2025-02-08T16:44:10,Reaper's Call (yellow),1,0
87,"Arakni, Web of Deceit",2025-02-08T16:44:10,Scar Tissue (yellow),1,0
87,"Arakni, Web of Deceit",2025-02-08T16:44:10,Stains of the Redback (yellow),1,0
87,"Arakni, Web of Deceit",2025-02-08T16:44:10,Tip-Off (yellow),2,0
87,"Arakni, Web of Deceit",2025-02-08T16:44:10,Cut Through (blue),1,0
87,"Arakni, Web of Deceit",2025-02-08T16:44:10,Exposed (blue),1,0
87,"Arakni, Web of Deceit",2025-02-08T16:44:10,Mark of the Funnel Web (blue),2,0
87,"Arakni, Web of Deceit",2025-02-08T16:44:10,Plunge the Prospect (blue),2,0
87,"Arakni, Web of Deceit",2025-02-08T16:44:10,Reaper's Call (blue),1,0
87,"Arakni, Web of Deceit",2025-02-08T16:44:10,Scar Tissue (blue),1,0
87,"Arakni, Web of Deceit",2025-02-08T16:44:10,Bunker Beard,1,1
87,"Arakni, Web of Deceit",2025-02-08T16:44:10,Danger Digits,1,1
87,"Arakni, Web of Deceit",2025-02-08T16:44:10,Leap Frog Gloves,1,1
87,"Arakni, Web of Deceit",2025-02-08T16:44:10,Red Alert Vest,1,1
88,Cindra,2025-02-08T20:33:08,Blood Line (red),1,0
88,Cindra,2025-02-08T20:33:08,Burning Blade Dance (red),1,0
88,Cindra,2025-02-08T20:33:08,Cinderskin Devotion (red),1,0
88,Cindra,2025-02-08T20:33:08,Dust Runner Outlaw (red),1,0
88,Cindra,2025-02-08T20:33:08,Fire Tenet: Strike First (red),1,0
88,Cindra,2025-02-08T20:33:08,For the Emperor (red),1,0
88,Cindra,2025-02-08T20:33:08,Grow Claws (red),3,0
88,Cindra,2025-02-08T20:33:08,Hunt the Hunter (red),1,0
88,Cindra,2025-02-08T20:33:08,Lava Vein Loyalty (red),1,0
88,Cindra,2025-02-08T20:33:08,Mark with Magma (red),1,0
88,Cindra,2025-02-08T20:33:08,Sound the Alarm (red),1,0
88,Cindra,2025-02-08T20:33:08,Tag the Target (red),2,0
88,Cindra,2025-02-08T20:33:08,Trap and Release (red),1,0
88,Cindra,2025-02-08T20:33:08,Grow Wings (yellow),2,0
88,Cindra,2025-02-08T20:33:08,Poisoned Blade (yellow),1,0
88,Cindra,2025-02-08T20:33:08,Throw Yourself at Them (yellow),2,0
88,Cindra,2025-02-08T20:33:08,Cut Through (blue),1,0
88,Cindra,2025-02-08T20:33:08,Dragon Power (blue),1,0
88,Cindra,2025-02-08T20:33:08,Nip at the Heels (blue),1,0
88,Cindra,2025-02-08T20:33:08,Public Bounty (blue),1,0
88,Cindra,2025-02-08T20:33:08,Put in Context (blue),1,0
88,Cindra,2025-02-08T20:33:08,Tag the Target (blue),1,0
88,Cindra,2025-02-08T20:33:08,Throw Dagger (blue),1,0
88,Cindra,2025-02-08T20:33:08,Trap and Release (blue),1,0
88,Cindra,2025-02-08T20:33:08,Trot Along (blue),1,0
88,Cindra,2025-02-08T20:33:08,Blade Beckoner Boots,1,1
88,Cindra,2025-02-08T20:33:08,Blade Beckoner Gauntlets,1,1
88,Cindra,2025-02-08T20:33:08,Blade Beckoner Helm,1,1
88,Cindra,2025-02-08T20:33:08,Danger Digits,1,1
88,Cindra,2025-02-08T20:33:08,Hand of Vengeance,1,1
88,Cindra,2025-02-08T20:33:08,Heart of Vengeance,1,1
89,Fang,2025-02-08T22:28:09,Blistering Blade (red),2,0
89,Fang,2025-02-08T22:28:09,Cut Deep (red),2,0
89,Fang,2025-02-08T22:28:09,Den of the Spider (red),1,0
89,Fang,2025-02-08T22:28:09,Diced (red),1,0
89,Fang,2025-02-08T22:28:09,Dynastic Dedication (red),1,0
89,Fang,2025-02-08T22:28:09,Imperial Intent (red),1,0
89,Fang,2025-02-08T22:28:09,Incision (red),1,0
89,Fang,2025-02-08T22:28:09,Searing Gaze (red),1,0
89,Fang,2025-02-08T22:28:09,Smoke Out (red),1,0
89,Fang,2025-02-08T22:28:09,Stabbing Pain (red),2,0
89,Fang,2025-02-08T22:28:09,Sworn Vengeance (red),1,0
89,Fang,2025-02-08T22:28:09,Tooth of the Dragon (red),3,0
89,Fang,2025-02-08T22:28:09,Twist and Turn (red),2,0
89,Fang,2025-02-08T22:28:09,Cut Deep (yellow),1,0
89,Fang,2025-02-08T22:28:09,Cut from the Same Cloth (yellow),1,0
89,Fang,2025-02-08T22:28:09,Point of Engagement (yellow),2,0
89,Fang,2025-02-08T22:28:09,Sworn Vengeance (yellow),1,0
89,Fang,2025-02-08T22:28:09,Take a Stab (yellow),1,0
89,Fang,2025-02-08T22:28:09,To the Point (yellow),1,0
89,Fang,2025-02-08T22:28:09,Incision (blue),2,0
89,Fang,2025-02-08T22:28:09,Nip at the Heels (blue),1,0
89,Fang,2025-02-08T22:28:09,Power Stance (blue),1,0
89,Fang,2025-02-08T22:28:09,Sworn Vengeance (blue),1,0
89,Fang,2025-02-08T22:28:09,Tip-Off (blue),2,0
89,Fang,2025-02-08T22:28:09,Coat of Allegiance,1,1
89,Fang,2025-02-08T22:28:09,Hand of Vengeance,1,1
89,Fang,2025-02-08T22:28:09,Red Alert Boots,1,1
89,Fang,2025-02-08T22:28:09,Red Alert Visor,1,1
89,Fang,2025-02-08T22:28:09,Starting Point,1,1
89,Fang,2025-02-08T22:28:09,Vow of Vengeance,1,1
90,Fang,2025-02-09T00:52:45,Affirm Loyalty (red),1,0
90,Fang,2025-02-09T00:52:45,Blaze Headlong (red),1,0
90,Fang,2025-02-09T00:52:45,Blistering Blade (red),1,0
90,Fang,2025-02-09T00:52:45,Cut Deep (red),1,0
90,Fang,2025-02-09T00:52:45,Dynastic Dedication (red),1,0
90,Fang,2025-02-09T00:52:45,For the Emperor (red),1,0
90,Fang,2025-02-09T00:52:45,March of Loyalty (red),1,0
90,Fang,2025-02-09T00:52:45,Pledge Fealty (red),1,0
90,Fang,2025-02-09T00:52:45,Proclaim Vengeance (red),2,0
90,Fang,2025-02-09T00:52:45,Smoke Out (red),1,0
90,Fang,2025-02-09T00:52:45,Sworn Vengeance (red),3,0
90,Fang,2025-02-09T00:52:45,Take a Stab (red),1,0
90,Fang,2025-02-09T00:52:45,Tooth of the Dragon (red),2,0
90,Fang,2025-02-09T00:52:45,Incision (yellow),1,0
90,Fang,2025-02-09T00:52:45,Knife Through Butter (yellow),1,0
90,Fang,2025-02-09T00:52:45,Public Bounty (yellow),1,0
90,Fang,2025-02-09T00:52:45,Sharpened Senses (yellow),1,0
90,Fang,2025-02-09T00:52:45,Sworn Vengeance (yellow),2,0
90,Fang,2025-02-09T00:52:45,Take a Stab (yellow),1,0
90,Fang,2025-02-09T00:52:45,Diced (blue),1,0
90,Fang,2025-02-09T00:52:45,Exposed (blue),1,0
90,Fang,2025-02-09T00:52:45,Incision (blue),2,0
90,Fang,2025-02-09T00:52:45,Point of Engagement (blue),1,0
90,Fang,2025-02-09T00:52:45,Public Bounty (blue),1,0
90,Fang,2025-02-09T00:52:45,Scar Tissue (blue),1,0
90,Fang,2025-02-09T00:52:45,Sworn Vengeance (blue),1,0
90,Fang,2025-02-09T00:52:45,Twist and Turn (blue),1,0
90,Fang,2025-02-09T00:52:45,Path of Vengeance,1,1
90,Fang,2025-02-09T00:52:45,Red Alert Vest,1,1
90,Fang,2025-02-09T00:52:45,Red Alert Visor,1,1
91,Cindra,2025-02-09T06:30:55,Art of the Dragon: Claw (red),2,0
91,Cindra,2025-02-09T06:30:55,Art of the Dragon: Fire (red),1,0
91,Cindra,2025-02-09T06:30:55,Blood Runs Deep (red),1,0
91,Cindra,2025-02-09T06:30:55,Burning Blade Dance (red),1,0
91,Cindra,2025-02-09T06:30:55,Dust Runner Outlaw (red),1,0
91,Cindra,2025-02-09T06:30:55,Fire Tenet: Strike First (red),1,0
91,Cindra,2025-02-09T06:30:55,Grow Claws (red),1,0
91,Cindra,2025-02-09T06:30:55,Hot on Their Heels (red),1,0
91,Cindra,2025-02-09T06:30:55,Imperial Seal of Command (red),1,0
91,Cindra,2025-02-09T06:30:55,Lava Vein Loyalty (red),2,0
91,Cindra,2025-02-09T06:30:55,Pick Up the Point (red),1,0
91,Cindra,2025-02-09T06:30:55,Poisoned Blade (red),1,0
91,Cindra,2025-02-09T06:30:55,Ronin Renegade (red),1,0
91,Cindra,2025-02-09T06:30:55,Smoke Out (red),1,0
91,Cindra,2025-02-09T06:30:55,Throw Yourself at Them (red),1,0
91,Cindra,2025-02-09T06:30:55,Grow Wings (yellow),1,0
91,Cindra,2025-02-09T06:30:55,Pick Up the Point (yellow),2,0
91,Cindra,2025-02-09T06:30:55,Poisoned Blade (yellow),1,0
91,Cindra,2025-02-09T06:30:55,Public Bounty (yellow),1,0
91,Cindra,2025-02-09T06:30:55,Tag the Target (yellow),1,0
91,Cindra,2025-02-09T06:30:55,Throw Yourself at Them (yellow),2,0
91,Cindra,2025-02-09T06:30:55,Trap and Release (yellow),1,0
91,Cindra,2025-02-09T06:30:55,Cut Through (blue),1,0
91,Cindra,2025-02-09T06:30:55,Dragon Power (blue),1,0
91,Cindra,2025-02-09T06:30:55,Fire Tenet: Strike First (blue),1,0
91,Cindra,2025-02-09T06:30:55,Pick Up the Point (blue),1,0
91,Cindra,2025-02-09T06:30:55,Poisoned Blade (blue),1,0
91,Cindra,2025-02-09T06:30:55,Put in Context (blue),1,0
91,Cindra,2025-02-09T06:30:55,Rotten Remains (blue),1,0
91,Cindra,2025-02-09T06:30:55,Silver Talons (blue),1,0
91,Cindra,2025-02-09T06:30:55,Up Sticks and Run (blue),1,0
91,Cindra,2025-02-09T06:30:55,Blade Beckoner Plating,1,1
91,Cindra,2025-02-09T06:30:55,Danger Digits,1,1
91,Cindra,2025-02-09T06:30:55,Leap Frog Leggings,1,1
91,Cindra,2025-02-09T06:30:55,Leap Frog Vocal Sac,1,1
92,Cindra,2025-02-09T17:06:00,Blaze Headlong (red),1,0
92,Cindra,2025-02-09T17:06:00,Cinderskin Devotion (red),1,0
92,Cindra,2025-02-09T17:06:00,Dust Runner Outlaw (red),2,0
92,Cindra,2025-02-09T17:06:00,For the Dracai (red),2,0
92,Cindra,2025-02-09T17:06:00,For the Emperor (red),1,0
92,Cindra,2025-02-09T17:06:00,For the Realm (red),1,0
92,Cindra,2025-02-09T17:06:00,Hot on Their Heels (red),1,0
92,Cindra,2025-02-09T17:06:00,Hunt to the Ends of Rathe (red),1,0
92,Cindra,2025-02-09T17:06:00,Imperial Seal of Command (red),1,0
92,Cindra,2025-02-09T17:06:00,Lava Vein Loyalty (red),1,0
92,Cindra,2025-02-09T17:06:00,Mark with Magma (red),1,0
92,Cindra,2025-02-09T17:06:00,Pledge Fealty (red),1,0
92,Cindra,2025-02-09T17:06:00,Proclaim Vengeance (red),1,0
92,Cindra,2025-02-09T17:06:00,Pursue to the Edge of Oblivion (red),1,0
92,Cindra,2025-02-09T17:06:00,Ronin Renegade (red),1,0
92,Cindra,2025-02-09T17:06:00,Smoke Out (red),2,0
92,Cindra,2025-02-09T17:06:00,Tag the Target (red),1,0
92,Cindra,2025-02-09T17:06:00,Trap and Release (red),1,0
92,Cindra,2025-02-09T17:06:00,Grow Wings (yellow),1,0
92,Cindra,2025-02-09T17:06:00,Public Bounty (yellow),1,0
92,Cindra,2025-02-09T17:06:00,Throw Yourself at Them (yellow),1,0
92,Cindra,2025-02-09T17:06:00,Dragon Power (blue),1,0
92,Cindra,2025-02-09T17:06:00,Fire Tenet: Strike First (blue),1,0
92,Cindra,2025-02-09T17:06:00,Grow Claws (blue),1,0
92,Cindra,2025-02-09T17:06:00,Grow Wings (blue),2,0
92,Cindra,2025-02-09T17:06:00,Nip at the Heels (blue),1,0
92,Cindra,2025-02-09T17:06:00,Rotten Remains (blue),1,0
92,Cindra,2025-02-09T17:06:00,Tag the Target (blue),1,0
92,Cindra,2025-02-09T17:06:00,Blade Beckoner Gauntlets,1,1
92,Cindra,2025-02-09T17:06:00,Hand of Vengeance,1,1
92,Cindra,2025-02-09T17:06:00,Heart of Vengeance,1,1
92,Cindra,2025-02-09T17:06:00,Leap Frog Vocal Sac,1,1
92,Cindra,2025-02-09T17:06:00,Path of Vengeance,1,1
92,Cindra,2025-02-09T17:06:00,Vow of Vengeance,1,1
93,Cindra,2025-02-10T06:32:55,Art of the Dragon: Fire (red),1,0
93,Cindra,2025-02-10T06:32:55,Blaze Headlong (red),1,0
93,Cindra,2025-02-10T06:32:55,Blessing of Vynserakai (red),3,0
93,Cindra,2025-02-10T06:32:55,Blood Line (red),1,0
93,Cindra,2025-02-10T06:32:55,Blood Runs Deep (red),1,0
93,Cindra,2025-02-10T06:32:55,Bubble to the Surface (red),1,0
93,Cindra,2025-02-10T06:32:55,Burning Blade Dance (red),1,0
93,Cindra,2025-02-10T06:32:55,Dust Runner Outlaw (red),2,0
93,Cindra,2025-02-10T06:32:55,For the Emperor (red),1,0
93,Cindra,2025-02-10T06:32:55,Grow Wings (red),2,0
93,Cindra,2025-02-10T06:32:55,Hot on Their Heels (red),3,0
93,Cindra,2025-02-10T06:32:55,Hunt the Hunter (red),1,0
93,Cindra,2025-02-10T06:32:55,Lair of the Spider (red),1,0
93,Cindra,2025-02-10T06:32:55,Mark with Magma (red),1,0
93,Cindra,2025-02-10T06:32:55,Oath of Loyalty (red),1,0
93,Cindra,2025-02-10T06:32:55,Outed (red),2,0
93,Cindra,2025-02-10T06:32:55,Poisoned Blade (red),1,0
93,Cindra,2025-02-10T06:32:55,Public Bounty (red),1,0
93,Cindra,2025-02-10T06:32:55,Ronin Renegade (red),2,0
93,Cindra,2025-02-10T06:32:55,Tag the Target (red),1,0
93,Cindra,2025-02-10T06:32:55,Trap and Release (red),1,0
93,Cindra,2025-02-10T06:32:55,Dragon Power (yellow),1,0
93,Cindra,2025-02-10T06:32:55,Fire Tenet: Strike First (yellow),1,0
93,Cindra,2025-02-10T06:32:55,Grow Wings (yellow),1,0
93,Cindra,2025-02-10T06:32:55,Grow Wings (blue),1,0
93,Cindra,2025-02-10T06:32:55,Pick Up the Point (blue),1,0
93,Cindra,2025-02-10T06:32:55,Poisoned Blade (blue),1,0
93,Cindra,2025-02-10T06:32:55,Prowess of Agility (blue),1,0
93,Cindra,2025-02-10T06:32:55,Throw Yourself at Them (blue),1,0
93,Cindra,2025-02-10T06:32:55,Blade Beckoner Gauntlets,1,1
93,Cindra,2025-02-10T06:32:55,Leap Frog Leggings,1,1
93,Cindra,2025-02-10T06:32:55,Leap Frog Slime Skin,1,1
93,Cindra,2025-02-10T06:32:55,Leap Frog Vocal Sac,1,1
94,"Arakni, Web of Deceit",2025-02-10T18:46:18,Defang the Dragon (red),3,0
94,"Arakni, Web of Deceit",2025-02-10T18:46:18,Den of the Spider (red),1,0
94,"Arakni, Web of Deceit",2025-02-10T18:46:18,Extinguish the Flames (red),1,0
94,"Arakni, Web of Deceit",2025-02-10T18:46:18,Hunted or Hunter (red),2,0
94,"Arakni, Web of Deceit",2025-02-10T18:46:18,Mark of the Black Widow (red),2,0
94,"Arakni, Web of Deceit",2025-02-10T18:46:18,Mark of the Funnel Web (red),1,0
94,"Arakni, Web of Deceit",2025-02-10T18:46:18,Razor's Edge (red),3,0
94,"Arakni, Web of Deceit",2025-02-10T18:46:18,Reaper's Call (red),3,0
94,"Arakni, Web of Deceit",2025-02-10T18:46:18,Sigil of Solace (red),1,0
94,"Arakni, Web of Deceit",2025-02-10T18:46:18,Mark of the Black Widow (yellow),1,0
94,"Arakni, Web of Deceit",2025-02-10T18:46:18,Mark of the Funnel Web (yellow),1,0
94,"Arakni, Web of Deceit",2025-02-10T18:46:18,Mark the Prey (yellow),2,0
94,"Arakni, Web of Deceit",2025-02-10T18:46:18,Poisoned Blade (yellow),1,0
94,"Arakni, Web of Deceit",2025-02-10T18:46:18,Reaper's Call (yellow),1,0
94,"Arakni, Web of Deceit",2025-02-10T18:46:18,Scar Tissue (yellow),1,0
94,"Arakni, Web of Deceit",2025-02-10T18:46:18,Scuttle the Canal (yellow),1,0
94,"Arakni, Web of Deceit",2025-02-10T18:46:18,Whittle from Bone (yellow),1,0
94,"Arakni, Web of Deceit",2025-02-10T18:46:18,Mark of the Black Widow (blue),1,0
94,"Arakni, Web of Deceit",2025-02-10T18:46:18,Mark of the Funnel Web (blue),1,0
94,"Arakni, Web of Deceit",2025-02-10T18:46:18,Mark the Prey (blue),1,0
94,"Arakni, Web of Deceit",2025-02-10T18:46:18,Reaper's Call (blue),1,0
94,"Arakni, Web of Deceit",2025-02-10T18:46:18,Scuttle the Canal (blue),2,0
94,"Arakni, Web of Deceit",2025-02-10T18:46:18,To the Point (blue),1,0
94,"Arakni, Web of Deceit",2025-02-10T18:46:18,Under the Trap-Door (blue),1,0
94,"Arakni, Web of Deceit",2025-02-10T18:46:18,Danger Digits,1,1
94,"Arakni, Web of Deceit",2025-02-10T18:46:18,Leap Frog Gloves,1,1
94,"Arakni, Web of Deceit",2025-02-10T18:46:18,Leap Frog Slime Skin,1,1
94,"Arakni, Web of Deceit",2025-02-10T18:46:18,Red Alert Visor,1,1
95,Fang,2025-02-10T19:06:58,Affirm Loyalty (red),1,0
95,Fang,2025-02-10T19:06:58,Blessing of Vynserakai (red),1,0
95,Fang,2025-02-10T19:06:58,Blistering Blade (red),1,0
95,Fang,2025-02-10T19:06:58,Bubble to the Surface (red),1,0
95,Fang,2025-02-10T19:06:58,Cut from the Same Cloth (red),1,0
95,Fang,2025-02-10T19:06:58,Dynastic Dedication (red),1,0
95,Fang,2025-02-10T19:06:58,Endear Devotion (red),1,0
95,Fang,2025-02-10T19:06:58,Fire and Brimstone (red),1,0
95,Fang,2025-02-10T19:06:58,Flurry Stance (red),2,0
95,Fang,2025-02-10T19:06:58,For the Realm (red),1,0
95,Fang,2025-02-10T19:06:58,Hunt the Hunter (red),1,0
95,Fang,2025-02-10T19:06:58,Knife Through Butter (red),1,0
95,Fang,2025-02-10T19:06:58,Pledge Fealty (red),3,0
95,Fang,2025-02-10T19:06:58,Proclaim Vengeance (red),1,0
95,Fang,2025-02-10T19:06:58,Sizzling Steel (red),1,0
95,Fang,2025-02-10T19:06:58,Smoke Out (red),1,0
95,Fang,2025-02-10T19:06:58,Twist and Turn (red),1,0
95,Fang,2025-02-10T19:06:58,Agility Stance (yellow),1,0
95,Fang,2025-02-10T19:06:58,Cut Deep (yellow),1,0
95,Fang,2025-02-10T19:06:58,Diced (yellow),1,0
95,Fang,2025-02-10T19:06:58,Knife Through Butter (yellow),1,0
95,Fang,2025-02-10T19:06:58,Lay Low (yellow),1,0
95,Fang,2025-02-10T19:06:58,Cut Deep (blue),1,0
95,Fang,2025-02-10T19:06:58,Hunt a Killer (blue),1,0
95,Fang,2025-02-10T19:06:58,Incision (blue),1,0
95,Fang,2025-02-10T19:06:58,Nip at the Heels (blue),1,0
95,Fang,2025-02-10T19:06:58,Sworn Vengeance (blue),1,0
95,Fang,2025-02-10T19:06:58,To the Point (blue),1,0
95,Fang,2025-02-10T19:06:58,Blade Beckoner Gauntlets,1,1
95,Fang,2025-02-10T19:06:58,Bunker Beard,1,1
95,Fang,2025-02-10T19:06:58,Coat of Allegiance,1,1
95,Fang,2025-02-10T19:06:58,Red Alert Visor,1,1
95,Fang,2025-02-10T19:06:58,Starting Point,1,1
96,"Arakni, Web of Deceit",2025-02-10T21:06:45,Back Stab (red),1,0
96,"Arakni, Web of Deceit",2025-02-10T21:06:45,Defang the Dragon (red),2,0
96,"Arakni, Web of Deceit",2025-02-10T21:06:45,Extinguish the Flames (red),1,0
96,"Arakni, Web of Deceit",2025-02-10T21:06:45,Hunted or Hunter (red),1,0
96,"Arakni, Web of Deceit",2025-02-10T21:06:45,Lair of the Spider (red),2,0
96,"Arakni, Web of Deceit",2025-02-10T21:06:45,Mark the Prey (red),1,0
96,"Arakni, Web of Deceit",2025-02-10T21:06:45,Orb-Weaver Spinneret (red),1,0
96,"Arakni, Web of Deceit",2025-02-10T21:06:45,Plunge the Prospect (red),2,0
96,"Arakni, Web of Deceit",2025-02-10T21:06:45,Public Bounty (red),1,0
96,"Arakni, Web of Deceit",2025-02-10T21:06:45,Razor's Edge (red),1,0
96,"Arakni, Web of Deceit",2025-02-10T21:06:45,Scar Tissue (red),2,0
96,"Arakni, Web of Deceit",2025-02-10T21:06:45,Scuttle the Canal (red),1,0
96,"Arakni, Web of Deceit",2025-02-10T21:06:45,Take a Stab (red),2,0
96,"Arakni, Web of Deceit",2025-02-10T21:06:45,To the Point (red),1,0
96,"Arakni, Web of Deceit",2025-02-10T21:06:45,Two Sides to the Blade (red),2,0
96,"Arakni, Web of Deceit",2025-02-10T21:06:45,Cracked Bauble (yellow),2,0
96,"Arakni, Web of Deceit",2025-02-10T21:06:45,Incision (yellow),1,0
96,"Arakni, Web of Deceit",2025-02-10T21:06:45,Lay Low (yellow),1,0
96,"Arakni, Web of Deceit",2025-02-10T21:06:45,Mark of the Black Widow (yellow),1,0
96,"Arakni, Web of Deceit",2025-02-10T21:06:45,Reaper's Call (yellow),1,0
96,"Arakni, Web of Deceit",2025-02-10T21:06:45,Incision (blue),1,0
96,"Arakni, Web of Deceit",2025-02-10T21:06:45,Mark of the Funnel Web (blue),1,0
96,"Arakni, Web of Deceit",2025-02-10T21:06:45,Scuttle the Canal (blue),1,0
96,"Arakni, Web of Deceit",2025-02-10T21:06:45,Blade Beckoner Helm,1,1
96,"Arakni, Web of Deceit",2025-02-10T21:06:45,Danger Digits,1,1
96,"Arakni, Web of Deceit",2025-02-10T21:06:45,Leap Frog Leggings,1,1
96,"Arakni, Web of Deceit",2025-02-10T21:06:45,Leap Frog Slime Skin,1,1
97,Fang,2025-02-11T01:48:54,Brothers of Flame (red),1,0
97,Fang,2025-02-11T01:48:54,Fire and Brimstone (red),1,0
97,Fang,2025-02-11T01:48:54,Flurry Stance (red),1,0
97,Fang,2025-02-11T01:48:54,For the Emperor (red),1,0
97,Fang,2025-02-11T01:48:54,Hunt the Hunter (red),1,0
97,Fang,2025-02-11T01:48:54,Hunt to the Ends of Rathe (red),2,0
97,Fang,2025-02-11T01:48:54,Imperial Intent (red),1,0
97,Fang,2025-02-11T01:48:54,Oath of Loyalty (red),1,0
97,Fang,2025-02-11T01:48:54,Pledge Fealty (red),2,0
97,Fang,2025-02-11T01:48:54,Point of Engagement (red),2,0
97,Fang,2025-02-11T01:48:54,Proclaim Vengeance (red),1,0
97,Fang,2025-02-11T01:48:54,Scalding Iron (red),1,0
97,Fang,2025-02-11T01:48:54,Searing Gaze (red),2,0
97,Fang,2025-02-11T01:48:54,Sigil of Solace (red),1,0
97,Fang,2025-02-11T01:48:54,Sisters of Fire (red),1,0
97,Fang,2025-02-11T01:48:54,Smoke Out (red),2,0
97,Fang,2025-02-11T01:48:54,Stabbing Pain (red),2,0
97,Fang,2025-02-11T01:48:54,Tooth of the Dragon (red),1,0
97,Fang,2025-02-11T01:48:54,Knife Through Butter (yellow),1,0
97,Fang,2025-02-11T01:48:54,Tip-Off (yellow),1,0
97,Fang,2025-02-11T01:48:54,To the Point (yellow),1,0
97,Fang,2025-02-11T01:48:54,Cut Deep (blue),1,0
97,Fang,2025-02-11T01:48:54,Scar Tissue (blue),1,0
97,Fang,2025-02-11T01:48:54,Sworn Vengeance (blue),1,0
97,Fang,2025-02-11T01:48:54,Trot Along (blue),2,0
97,Fang,2025-02-11T01:48:54,Blade Beckoner Boots,1,1
97,Fang,2025-02-11T01:48:54,Hand of Vengeance,1,1
97,Fang,2025-02-11T01:48:54,Red Alert Gloves,1,1
97,Fang,2025-02-11T01:48:54,Red Alert Vest,1,1
97,Fang,2025-02-11T01:48:54,Starting Point,1,1
98,"Arakni, Web of Deceit",2025-02-11T12:31:56,Back Stab (red),1,0
98,"Arakni, Web of Deceit",2025-02-11T12:31:56,Cut from the Same Cloth (red),1,0
98,"Arakni, Web of Deceit",2025-02-11T12:31:56,Hunted or Hunter (red),2,0
98,"Arakni, Web of Deceit",2025-02-11T12:31:56,Incision (red),1,0
98,"Arakni, Web of Deceit",2025-02-11T12:31:56,Lair of the Spider (red),1,0
98,"Arakni, Web of Deceit",2025-02-11T12:31:56,Pick Up the Point (red),2,0
98,"Arakni, Web of Deceit",2025-02-11T12:31:56,Plunge the Prospect (red),2,0
98,"Arakni, Web of Deceit",2025-02-11T12:31:56,Razor's Edge (red),1,0
98,"Arakni, Web of Deceit",2025-02-11T12:31:56,Scuttle the Canal (red),1,0
98,"Arakni, Web of Deceit",2025-02-11T12:31:56,Sound the Alarm (red),1,0
98,"Arakni, Web of Deceit",2025-02-11T12:31:56,Take a Stab (red),2,0
98,"Arakni, Web of Deceit",2025-02-11T12:31:56,Throw Yourself at Them (red),1,0
98,"Arakni, Web of Deceit",2025-02-11T12:31:56,Tip-Off (red),1,0
98,"Arakni, Web of Deceit",2025-02-11T12:31:56,Incision (yellow),2,0
98,"Arakni, Web of Deceit",2025-02-11T12:31:56,Mark of the Black Widow (yellow),1,0
98,"Arakni, Web of Deceit",2025-02-11T12:31:56,Pick Up the Point (yellow),1,0
98,"Arakni, Web of Deceit",2025-02-11T12:31:56,Scar Tissue (yellow),1,0
98,"Arakni, Web of Deceit",2025-02-11T12:31:56,Stains of the Redback (yellow),1,0
98,"Arakni, Web of Deceit",2025-02-11T12:31:56,Tip-Off (yellow),1,0
98,"Arakni, Web of Deceit",2025-02-11T12:31:56,Bite (blue),1,0
98,"Arakni, Web of Deceit",2025-02-11T12:31:56,Mark the Prey (blue),1,0
98,"Arakni, Web of Deceit",2025-02-11T12:31:56,Nip at the Heels (blue),1,0
98,"Arakni, Web of Deceit",2025-02-11T12:31:56,Public Bounty (blue),1,0
98,"Arakni, Web of Deceit",2025-02-11T12:31:56,Relentless Pursuit (blue),1,0
98,"Arakni, Web of Deceit",2025-02-11T12:31:56,Stains of the Redback (blue),1,0
98,"Arakni, Web of Deceit",2025-02-11T12:31:56,Tip-Off (blue),1,0
98,"Arakni, Web of Deceit",2025-02-11T12:31:56,To the Point (blue),1,0
98,"Arakni, Web of Deceit",2025-02-11T12:31:56,Blade Beckoner Plating,1,1
98,"Arakni, Web of Deceit",2025-02-11T12:31:56,Bunker Beard,1,1
98,"Arakni, Web of Deceit",2025-02-11T12:31:56,Leap Frog Gloves,1,1
98,"Arakni, Web of Deceit",2025-02-11T12:31:56,Leap Frog Vocal Sac,1,1
98,"Arakni, Web of Deceit",2025-02-11T12:31:56,Red Alert Boots,1,1
99,Fang,2025-02-11T18:53:34,Blaze Headlong (red),2,0
99,Fang,2025-02-11T18:53:34,Blistering Blade (red),2,0
99,Fang,2025-02-11T18:53:34,Cut Deep (red),2,0
99,Fang,2025-02-11T18:53:34,Diced (red),1,0
99,Fang,2025-02-11T18:53:34,For the Dracai (red),1,0
99,Fang,2025-02-11T18:53:34,For the Realm (red),2,0
99,Fang,2025-02-11T18:53:34,Hunt a Killer (red),1,0
99,Fang,2025-02-11T18:53:34,Hunt the Hunter (red),1,0
99,Fang,2025-02-11T18:53:34,Hunt's End (red),1,0
99,Fang,2025-02-11T18:53:34,Imperial Intent (red),1,0
99,Fang,2025-02-11T18:53:34,Incision (red),1,0
99,Fang,2025-02-11T18:53:34,Pledge Fealty (red),2,0
99,Fang,2025-02-11T18:53:34,Point of Engagement (red),1,0
99,Fang,2025-02-11T18:53:34,Scalding Iron (red),3,0
99,Fang,2025-02-11T18:53:34,Scar Tissue (red),1,0
99,Fang,2025-02-11T18:53:34,Searing Gaze (red),1,0
99,Fang,2025-02-11T18:53:34,Sizzling Steel (red),1,0
99,Fang,2025-02-11T18:53:34,Sworn Vengeance (red),1,0
99,Fang,2025-02-11T18:53:34,Tooth of the Dragon (red),1,0
99,Fang,2025-02-11T18:53:34,Hunt a Killer (yellow),1,0
99,Fang,2025-02-11T18:53:34,Incision (yellow),1,0
99,Fang,2025-02-11T18:53:34,Scar Tissue (yellow),1,0
99,Fang,2025-02-11T18:53:34,Sworn Vengeance (yellow),2,0
99,Fang,2025-02-11T18:53:34,Diced (blue),1,0
99,Fang,2025-02-11T18:53:34,Hunt a Killer (blue),2,0
99,Fang,2025-02-11T18:53:34,Point of Engagement (blue),1,0
99,Fang,2025-02-11T18:53:34,Scar Tissue (blue),1,0
99,Fang,2025-02-11T18:53:34,Sworn Vengeance (blue),1,0
99,Fang,2025-02-11T18:53:34,Twist and Turn (blue),1,0
99,Fang,2025-02-11T18:53:34,Path of Vengeance,1,1
99,Fang,2025-02-11T18:53:34,Red Alert Boots,1,1
99,Fang,2025-02-11T18:53:34,Red Alert Gloves,1,1
100,"Arakni, Web of Deceit",2025-02-11T21:42:21,Den of the Spider (red),2,0
100,"Arakni, Web of Deceit",2025-02-11T21:42:21,Hunted or Hunter (red),3,0
100,"Arakni, Web of Deceit",2025-02-11T21:42:21,Lair of the Spider (red),1,0
100,"Arakni, Web of Deceit",2025-02-11T21:42:21,Mark of the Black Widow (red),1,0
100,"Arakni, Web of Deceit",2025-02-11T21:42:21,Mark of the Funnel Web (red),2,0
100,"Arakni, Web of Deceit",2025-02-11T21:42:21,Outed (red),1,0
100,"Arakni, Web of Deceit",2025-02-11T21:42:21,Reaper's Call (red),1,0
100,"Arakni, Web of Deceit",2025-02-11T21:42:21,Scar Tissue (red),2,0
100,"Arakni, Web of Deceit",2025-02-11T21:42:21,Scuttle the Canal (red),2,0
100,"Arakni, Web of Deceit",2025-02-11T21:42:21,Sigil of Solace (red),1,0
100,"Arakni, Web of Deceit",2025-02-11T21:42:21,Two Sides to the Blade (red),2,0
100,"Arakni, Web of Deceit",2025-02-11T21:42:21,Up Sticks and Run (red),1,0
100,"Arakni, Web of Deceit",2025-02-11T21:42:21,Whittle from Bone (red),1,0
100,"Arakni, Web of Deceit",2025-02-11T21:42:21,Mark of the Black Widow (yellow),1,0
100,"Arakni, Web of Deceit",2025-02-11T21:42:21,Mark of the Funnel Web (yellow),1,0
100,"Arakni, Web of Deceit",2025-02-11T21:42:21,Perforate (yellow),1,0
100,"Arakni, Web of Deceit",2025-02-11T21:42:21,Plunge the Prospect (yellow),1,0
100,"Arakni, Web of Deceit",2025-02-11T21:42:21,Throw Yourself at Them (yellow),1,0
100,"Arakni, Web of Deceit",2025-02-11T21:42:21,Up Sticks and Run (yellow),1,0
100,"Arakni, Web of Deceit",2025-02-11T21:42:21,Mark of the Funnel Web (blue),1,0
100,"Arakni, Web of Deceit",2025-02-11T21:42:21,Orb-Weaver Spinneret (blue),1,0
100,"Arakni, Web of Deceit",2025-02-11T21:42:21,Pick Up the Point (blue),1,0
100,"Arakni, Web of Deceit",2025-02-11T21:42:21,Reaper's Call (blue),1,0
100,"Arakni, Web of Deceit",2025-02-11T21:42:21,Scuttle the Canal (blue),2,0
100,"Arakni, Web of Deceit",2025-02-11T21:42:21,Bunker Beard,2,1
100,"Arakni, Web of Deceit",2025-02-11T21:42:21,Red Alert Boots,1,1
100,"Arakni, Web of Deceit",2025-02-11T21:42:21,Red Alert Gloves,1,1
100,"Arakni, Web of Deceit",2025-02-11T21:42:21,Starting Point,1,1
101,"Arakni, Web of Deceit",2025-02-12T00:10:20,Back Stab (red),1,0
101,"Arakni, Web of Deceit",2025-02-12T00:10:20,Cut from the Same Cloth (red),1,0
101,"Arakni, Web of Deceit",2025-02-12T00:10:20,Defang the Dragon (red),1,0
101,"Arakni, Web of Deceit",2025-02-12T00:10:20,Extinguish the Flames (red),1,0
101,"Arakni, Web of Deceit",2025-02-12T00:10:20,Hunted or Hunter (red),3,0
101,"Arakni, Web of Deceit",2025-02-12T00:10:20,Mark of the Black Widow (red),1,0
101,"Arakni, Web of Deceit",2025-02-12T00:10:20,Mark of the Funnel Web (red),1,0
101,"Arakni, Web of Deceit",2025-02-12T00:10:20,Mark the Prey (red),3,0
101,"Arakni, Web of Deceit",2025-02-12T00:10:20,Pick Up the Point (red),1,0
101,"Arakni, Web of Deceit",2025-02-12T00:10:20,Plunge the Prospect (red),1,0
101,"Arakni, Web of Deceit",2025-02-12T00:10:20,Pursue to the Pits of Despair (red),1,0
101,"Arakni, Web of Deceit",2025-02-12T00:10:20,Reaper's Call (red),1,0
101,"Arakni, Web of Deceit",2025-02-12T00:10:20,Scuttle the Canal (red),1,0
101,"Arakni, Web of Deceit",2025-02-12T00:10:20,Stains of the Redback (red),2,0
101,"Arakni, Web of Deceit",2025-02-12T00:10:20,Mark of the Black Widow (yellow),3,0
101,"Arakni, Web of Deceit",2025-02-12T00:10:20,Pick Up the Point (yellow),1,0
101,"Arakni, Web of Deceit",2025-02-12T00:10:20,Public Bounty (yellow),1,0
101,"Arakni, Web of Deceit",2025-02-12T00:10:20,Reaper's Call (yellow),1,0
101,"Arakni, Web of Deceit",2025-02-12T00:10:20,Mark of the Black Widow (blue),3,0
101,"Arakni, Web of Deceit",2025-02-12T00:10:20,Mark of the Funnel Web (blue),2,0
101,"Arakni, Web of Deceit",2025-02-12T00:10:20,Scuttle the Canal (blue),2,0
101,"Arakni, Web of Deceit",2025-02-12T00:10:20,Blade Beckoner Plating,1,1
101,"Arakni, Web of Deceit",2025-02-12T00:10:20,Danger Digits,1,1
101,"Arakni, Web of Deceit",2025-02-12T00:10:20,Leap Frog Leggings,1,1
101,"Arakni, Web of Deceit",2025-02-12T00:10:20,Red Alert Visor,1,1
102,Cindra,2025-02-12T03:54:14,Blood Line (red),1,0
102,Cindra,2025-02-12T03:54:14,Burning Blade Dance (red),1,0
102,Cindra,2025-02-12T03:54:14,Calming Breeze (red),1,0
102,Cindra,2025-02-12T03:54:14,Cinderskin Devotion (red),1,0
102,Cindra,2025-02-12T03:54:14,Demonstrate Devotion (red),1,0
102,Cindra,2025-02-12T03:54:14,Fire Tenet: Strike First (red),1,0
102,Cindra,2025-02-12T03:54:14,For the Emperor (red),1,0
102,Cindra,2025-02-12T03:54:14,Grow Wings (red),1,0
102,Cindra,2025-02-12T03:54:14,Hunt the Hunter (red),1,0
102,Cindra,2025-02-12T03:54:14,Lair of the Spider (red),1,0
102,Cindra,2025-02-12T03:54:14,Lava Vein Loyalty (red),1,0
102,Cindra,2025-02-12T03:54:14,March of Loyalty (red),2,0
102,Cindra,2025-02-12T03:54:14,Mark with Magma (red),1,0
102,Cindra,2025-02-12T03:54:14,Poisoned Blade (red),1,0
102,Cindra,2025-02-12T03:54:14,Ronin Renegade (red),1,0
102,Cindra,2025-02-12T03:54:14,Sound the Alarm (red),1,0
102,Cindra,2025-02-12T03:54:14,Tag the Target (red),2,0
102,Cindra,2025-02-12T03:54:14,Tip-Off (red),1,0
102,Cindra,2025-02-12T03:54:14,Grow Wings (yellow),2,0
102,Cindra,2025-02-12T03:54:14,Lay Low (yellow),2,0
102,Cindra,2025-02-12T03:54:14,Pick Up the Point (yellow),1,0
102,Cindra,2025-02-12T03:54:14,Tag the Target (yellow),2,0
102,Cindra,2025-02-12T03:54:14,Trap and Release (yellow),1,0
102,Cindra,2025-02-12T03:54:14,Exposed (blue),2,0
102,Cindra,2025-02-12T03:54:14,Grow Claws (blue),1,0
102,Cindra,2025-02-12T03:54:14,Nip at the Heels (blue),1,0
102,Cindra,2025-02-12T03:54:14,Pick Up the Point (blue),1,0
102,Cindra,2025-02-12T03:54:14,Throw Yourself at Them (blue),1,0
102,Cindra,2025-02-12T03:54:14,Trap and Release (blue),1,0
102,Cindra,2025-02-12T03:54:14,Up Sticks and Run (blue),1,0
102,Cindra,2025-02-12T03:54:14,Blade Beckoner Gauntlets,1,1
102,Cindra,2025-02-12T03:54:14,Leap Frog Leggings,1,1
102,Cindra,2025-02-12T03:54:14,Leap Frog Slime Skin,1,1
102,Cindra,2025-02-12T03:54:14,Vow of Vengeance,1,1
103,Fang,2025-02-12T04:06:04,Blistering Blade (red),2,0
103,Fang,2025-02-12T04:06:04,Brothers of Flame (red),1,0
103,Fang,2025-02-12T04:06:04,Cut Deep (red),1,0
103,Fang,2025-02-12T04:06:04,Cut from the Same Cloth (red),1,0
103,Fang,2025-02-12T04:06:04,Den of the Spider (red),1,0
103,Fang,2025-02-12T04:06:04,Dynastic Dedication (red),1,0
103,Fang,2025-02-12T04:06:04,Endear Devotion (red),1,0
103,Fang,2025-02-12T04:06:04,For the Emperor (red),1,0
103,Fang,2025-02-12T04:06:04,For the Realm (red),1,0
103,Fang,2025-02-12T04:06:04,Imperial Intent (red),2,0
103,Fang,2025-02-12T04:06:04,Scar Tissue (red),1,0
103,Fang,2025-02-12T04:06:04,Searing Gaze (red),2,0
103,Fang,2025-02-12T04:06:04,Sisters of Fire (red),1,0
103,Fang,2025-02-12T04:06:04,Sizzling Steel (red),2,0
103,Fang,2025-02-12T04:06:04,Smoke Out (red),1,0
103,Fang,2025-02-12T04:06:04,Sworn Vengeance (red),2,0
103,Fang,2025-02-12T04:06:04,Tooth of the Dragon (red),1,0
103,Fang,2025-02-12T04:06:04,Hunt a Killer (yellow),1,0
103,Fang,2025-02-12T04:06:04,Knife Through Butter (yellow),1,0
103,Fang,2025-02-12T04:06:04,Cut Deep (blue),1,0
103,Fang,2025-02-12T04:06:04,Diced (blue),1,0
103,Fang,2025-02-12T04:06:04,Hunt a Killer (blue),2,0
103,Fang,2025-02-12T04:06:04,Knife Through Butter (blue),2,0
103,Fang,2025-02-12T04:06:04,Point of Engagement (blue),1,0
103,Fang,2025-02-12T04:06:04,Scar Tissue (blue),1,0
103,Fang,2025-02-12T04:06:04,To the Point (blue),1,0
103,Fang,2025-02-12T04:06:04,Blade Beckoner Gauntlets,1,1
103,Fang,2025-02-12T04:06:04,Blade Beckoner Helm,1,1
103,Fang,2025-02-12T04:06:04,Hand of Vengeance,1,1
103,Fang,2025-02-12T04:06:04,Red Alert Boots,1,1
103,Fang,2025-02-12T04:06:04,Red Alert Vest,1,1
104,"Arakni, Web of Deceit",2025-02-12T05:29:55,Cut from the Same Cloth (red),1,0
104,"Arakni, Web of Deceit",2025-02-12T05:29:55,Extinguish the Flames (red),1,0
104,"Arakni, Web of Deceit",2025-02-12T05:29:55,Hunted or Hunter (red),2,0
104,"Arakni, Web of Deceit",2025-02-12T05:29:55,Lair of the Spider (red),4,0
104,"Arakni, Web of Deceit",2025-02-12T05:29:55,Mark of the Black Widow (red),1,0
104,"Arakni, Web of Deceit",2025-02-12T05:29:55,Mark the Prey (red),2,0
104,"Arakni, Web of Deceit",2025-02-12T05:29:55,Scar Tissue (red),1,0
104,"Arakni, Web of Deceit",2025-02-12T05:29:55,Sigil of Solace (red),1,0
104,"Arakni, Web of Deceit",2025-02-12T05:29:55,To the Point (red),1,0
104,"Arakni, Web of Deceit",2025-02-12T05:29:55,Incision (yellow),1,0
104,"Arakni, Web of Deceit",2025-02-12T05:29:55,Plunge the Prospect (yellow),1,0
104,"Arakni, Web of Deceit",2025-02-12T05:29:55,Reaper's Call (yellow),2,0
104,"Arakni, Web of Deceit",2025-02-12T05:29:55,Scar Tissue (yellow),1,0
104,"Arakni, Web of Deceit",2025-02-12T05:29:55,Take a Stab (yellow),1,0
104,"Arakni, Web of Deceit",2025-02-12T05:29:55,Whittle from Bone (yellow),1,0
104,"Arakni, Web of Deceit",2025-02-12T05:29:55,Exposed (blue),1,0
104,"Arakni, Web of Deceit",2025-02-12T05:29:55,Incision (blue),1,0
104,"Arakni, Web of Deceit",2025-02-12T05:29:55,Mark of the Black Widow (blue),1,0
104,"Arakni, Web of Deceit",2025-02-12T05:29:55,Mark of the Funnel Web (blue),1,0
104,"Arakni, Web of Deceit",2025-02-12T05:29:55,Mark the Prey (blue),2,0
104,"Arakni, Web of Deceit",2025-02-12T05:29:55,Pick Up the Point (blue),1,0
104,"Arakni, Web of Deceit",2025-02-12T05:29:55,Plunge the Prospect (blue),2,0
104,"Arakni, Web of Deceit",2025-02-12T05:29:55,Poisoned Blade (blue),1,0
104,"Arakni, Web of Deceit",2025-02-12T05:29:55,Put in Context (blue),1,0
104,"Arakni, Web of Deceit",2025-02-12T05:29:55,Scar Tissue (blue),1,0
104,"Arakni, Web of Deceit",2025-02-12T05:29:55,Blade Beckoner Boots,1,1
104,"Arakni, Web of Deceit",2025-02-12T05:29:55,Leap Frog Vocal Sac,1,1
104,"Arakni, Web of Deceit",2025-02-12T05:29:55,Red Alert Gloves,1,1
104,"Arakni, Web of Deceit",2025-02-12T05:29:55,Red Alert Vest,1,1
105,"Arakni, Web of Deceit",2025-02-12T07:27:21,Back Stab (red),1,0
105,"Arakni, Web of Deceit",2025-02-12T07:27:21,Defang the Dragon (red),1,0
105,"Arakni, Web of Deceit",2025-02-12T07:27:21,Den of the Spider (red),1,0
105,"Arakni, Web of Deceit",2025-02-12T07:27:21,Extinguish the Flames (red),1,0
105,"Arakni, Web of Deceit",2025-02-12T07:27:21,Lair of the Spider (red),1,0
105,"Arakni, Web of Deceit",2025-02-12T07:27:21,Mark of the Black Widow (red),2,0
105,"Arakni, Web of Deceit",2025-02-12T07:27:21,Mark the Prey (red),3,0
105,"Arakni, Web of Deceit",2025-02-12T07:27:21,Plunge the Prospect (red),1,0
105,"Arakni, Web of Deceit",2025-02-12T07:27:21,Public Bounty (red),2,0
105,"Arakni, Web of Deceit",2025-02-12T07:27:21,Scar Tissue (red),1,0
105,"Arakni, Web of Deceit",2025-02-12T07:27:21,Stains of the Redback (red),1,0
105,"Arakni, Web of Deceit",2025-02-12T07:27:21,Take a Stab (red),1,0
105,"Arakni, Web of Deceit",2025-02-12T07:27:21,Up Sticks and Run (red),1,0
105,"Arakni, Web of Deceit",2025-02-12T07:27:21,Cut from the Same Cloth (yellow),1,0
105,"Arakni, Web of Deceit",2025-02-12T07:27:21,Cut Through (yellow),1,0
105,"Arakni, Web of Deceit",2025-02-12T07:27:21,Incision (yellow),1,0
105,"Arakni, Web of Deceit",2025-02-12T07:27:21,Mark of the Black Widow (yellow),1,0
105,"Arakni, Web of Deceit",2025-02-12T07:27:21,Reaper's Call (yellow),1,0
105,"Arakni, Web of Deceit",2025-02-12T07:27:21,Scar Tissue (yellow),1,0
105,"Arakni, Web of Deceit",2025-02-12T07:27:21,Tip-Off (yellow),1,0
105,"Arakni, Web of Deceit",2025-02-12T07:27:21,Up Sticks and Run (yellow),1,0
105,"Arakni, Web of Deceit",2025-02-12T07:27:21,Bite (blue),1,0
105,"Arakni, Web of Deceit",2025-02-12T07:27:21,Incision (blue),1,0
105,"Arakni, Web of Deceit",2025-02-12T07:27:21,Mark the Prey (blue),1,0
105,"Arakni, Web of Deceit",2025-02-12T07:27:21,Put in Context (blue),1,0
105,"Arakni, Web of Deceit",2025-02-12T07:27:21,Scuttle the Canal (blue),2,0
105,"Arakni, Web of Deceit",2025-02-12T07:27:21,Take a Stab (blue),1,0
105,"Arakni, Web of Deceit",2025-02-12T07:27:21,Throw Yourself at Them (blue),1,0
105,"Arakni, Web of Deceit",2025-02-12T07:27:21,To the Point (blue),1,0
105,"Arakni, Web of Deceit",2025-02-12T07:27:21,Danger Digits,1,1
105,"Arakni, Web of Deceit",2025-02-12T07:27:21,Red Alert Vest,1,1
105,"Arakni, Web of Deceit",2025-02-12T07:27:21,Red Alert Visor,1,1
105,"Arakni, Web of Deceit",2025-02-12T07:27:21,Starting Point,1,1
106,"Arakni, Web of Deceit",2025-02-12T20:56:58,Defang the Dragon (red),1,0
106,"Arakni, Web of Deceit",2025-02-12T20:56:58,Den of the Spider (red),1,0
106,"Arakni, Web of Deceit",2025-02-12T20:56:58,Mark of the Black Widow (red),1,0
106,"Arakni, Web of Deceit",2025-02-12T20:56:58,Mark of the Funnel Web (red),1,0
106,"Arakni, Web of Deceit",2025-02-12T20:56:58,Pick Up the Point (red),1,0
106,"Arakni, Web of Deceit",2025-02-12T20:56:58,Plunge the Prospect (red),2,0
106,"Arakni, Web of Deceit",2025-02-12T20:56:58,Public Bounty (red),1,0
106,"Arakni, Web of Deceit",2025-02-12T20:56:58,Reaper's Call (red),1,0
106,"Arakni, Web of Deceit",2025-02-12T20:56:58,Scar Tissue (red),2,0
106,"Arakni, Web of Deceit",2025-02-12T20:56:58,Scuttle the Canal (red),2,0
106,"Arakni, Web of Deceit",2025-02-12T20:56:58,Sigil of Solace (red),1,0
106,"Arakni, Web of Deceit",2025-02-12T20:56:58,Sound the Alarm (red),1,0
106,"Arakni, Web of Deceit",2025-02-12T20:56:58,Take a Stab (red),1,0
106,"Arakni, Web of Deceit",2025-02-12T20:56:58,Two Sides to the Blade (red),1,0
106,"Arakni, Web of Deceit",2025-02-12T20:56:58,Cut from the Same Cloth (yellow),1,0
106,"Arakni, Web of Deceit",2025-02-12T20:56:58,Mark the Prey (yellow),1,0
106,"Arakni, Web of Deceit",2025-02-12T20:56:58,Reaper's Call (yellow),1,0
106,"Arakni, Web of Deceit",2025-02-12T20:56:58,Scuttle the Canal (yellow),1,0
106,"Arakni, Web of Deceit",2025-02-12T20:56:58,Tip-Off (yellow),1,0
106,"Arakni, Web of Deceit",2025-02-12T20:56:58,Exposed (blue),4,0
106,"Arakni, Web of Deceit",2025-02-12T20:56:58,Mark of the Funnel Web (blue),1,0
106,"Arakni, Web of Deceit",2025-02-12T20:56:58,Mark the Prey (blue),2,0
106,"Arakni, Web of Deceit",2025-02-12T20:56:58,Plunge the Prospect (blue),1,0
106,"Arakni, Web of Deceit",2025-02-12T20:56:58,Reaper's Call (blue),1,0
106,"Arakni, Web of Deceit",2025-02-12T20:56:58,Scar Tissue (blue),1,0
106,"Arakni, Web of Deceit",2025-02-12T20:56:58,Trot Along (blue),1,0
106,"Arakni, Web of Deceit",2025-02-12T20:56:58,Danger Digits,1,1
106,"Arakni, Web of Deceit",2025-02-12T20:56:58,Leap Frog Leggings,1,1
106,"Arakni, Web of Deceit",2025-02-12T20:56:58,Leap Frog Slime Skin,1,1
106,"Arakni, Web of Deceit",2025-02-12T20:56:58,Red Alert Visor,1,1
106,"Arakni, Web of Deceit",2025-02-12T20:56:58,Starting Point,1,1
107,"Arakni, Web of Deceit",2025-02-13T01:17:27,Cut Through (red),1,0
107,"Arakni, Web of Deceit",2025-02-13T01:17:27,Extinguish the Flames (red),1,0
107,"Arakni, Web of Deceit",2025-02-13T01:17:27,Kiss of Death (red),1,0
107,"Arakni, Web of Deceit",2025-02-13T01:17:27,Lair of the Spider (red),1,0
107,"Arakni, Web of Deceit",2025-02-13T01:17:27,Mark of the Black Widow (red),2,0
107,"Arakni, Web of Deceit",2025-02-13T01:17:27,Mark of the Funnel Web (red),1,0
107,"Arakni, Web of Deceit",2025-02-13T01:17:27,Mark the Prey (red),1,0
107,"Arakni, Web of Deceit",2025-02-13T01:17:27,Plunge the Prospect (red),3,0
107,"Arakni, Web of Deceit",2025-02-13T01:17:27,Public Bounty (red),2,0
107,"Arakni, Web of Deceit",2025-02-13T01:17:27,Razor's Edge (red),1,0
107,"Arakni, Web of Deceit",2025-02-13T01:17:27,Scar Tissue (red),1,0
107,"Arakni, Web of Deceit",2025-02-13T01:17:27,Scuttle the Canal (red),4,0
107,"Arakni, Web of Deceit",2025-02-13T01:17:27,Sound the Alarm (red),1,0
107,"Arakni, Web of Deceit",2025-02-13T01:17:27,Stains of the Redback (red),1,0
107,"Arakni, Web of Deceit",2025-02-13T01:17:27,Two Sides to the Blade (red),2,0
107,"Arakni, Web of Deceit",2025-02-13T01:17:27,Bite (yellow),1,0
107,"Arakni, Web of Deceit",2025-02-13T01:17:27,Plunge the Prospect (yellow),1,0
107,"Arakni, Web of Deceit",2025-02-13T01:17:27,Reaper's Call (yellow),1,0
107,"Arakni, Web of Deceit",2025-02-13T01:17:27,Exposed (blue),1,0
107,"Arakni, Web of Deceit",2025-02-13T01:17:27,Mark of the Black Widow (blue),2,0
107,"Arakni, Web of Deceit",2025-02-13T01:17:27,Mark the Prey (blue),1,0
107,"Arakni, Web of Deceit",2025-02-13T01:17:27,Plunge the Prospect (blue),2,0
107,"Arakni, Web of Deceit",2025-02-13T01:17:27,Reaper's Call (blue),1,0
107,"Arakni, Web of Deceit",2025-02-13T01:17:27,Scuttle the Canal (blue),3,0
107,"Arakni, Web of Deceit",2025-02-13T01:17:27,Leap Frog Leggings,1,1
107,"Arakni, Web of Deceit",2025-02-13T01:17:27,Leap Frog Slime Skin,1,1
107,"Arakni, Web of Deceit",2025-02-13T01:17:27,Red Alert Gloves,1,1
107,"Arakni, Web of Deceit",2025-02-13T01:17:27,Red Alert Visor,1,1
108,Cindra,2025-02-13T02:18:01,Art of the Dragon: Fire (red),1,0
108,Cindra,2025-02-13T02:18:01,Art of the Dragon: Scale (red),1,0
108,Cindra,2025-02-13T02:18:01,Burning Blade Dance (red),2,0
108,Cindra,2025-02-13T02:18:01,Dust Runner Outlaw (red),1,0
108,Cindra,2025-02-13T02:18:01,Fire Tenet: Strike First (red),2,0
108,Cindra,2025-02-13T02:18:01,Grow Claws (red),1,0
108,Cindra,2025-02-13T02:18:01,Grow Wings (red),2,0
108,Cindra,2025-02-13T02:18:01,Hot on Their Heels (red),1,0
108,Cindra,2025-02-13T02:18:01,Lair of the Spider (red),2,0
108,Cindra,2025-02-13T02:18:01,Lava Vein Loyalty (red),1,0
108,Cindra,2025-02-13T02:18:01,March of Loyalty (red),1,0
108,Cindra,2025-02-13T02:18:01,Mark with Magma (red),1,0
108,Cindra,2025-02-13T02:18:01,Pursue to the Edge of Oblivion (red),1,0
108,Cindra,2025-02-13T02:18:01,Sound the Alarm (red),1,0
108,Cindra,2025-02-13T02:18:01,Tag the Target (red),1,0
108,Cindra,2025-02-13T02:18:01,Grow Claws (yellow),2,0
108,Cindra,2025-02-13T02:18:01,Grow Wings (yellow),2,0
108,Cindra,2025-02-13T02:18:01,Lay Low (yellow),1,0
108,Cindra,2025-02-13T02:18:01,Pick Up the Point (yellow),1,0
108,Cindra,2025-02-13T02:18:01,Public Bounty (yellow),1,0
108,Cindra,2025-02-13T02:18:01,Tag the Target (yellow),2,0
108,Cindra,2025-02-13T02:18:01,Tip-Off (yellow),1,0
108,Cindra,2025-02-13T02:18:01,Fire Tenet: Strike First (blue),1,0
108,Cindra,2025-02-13T02:18:01,Public Bounty (blue),1,0
108,Cindra,2025-02-13T02:18:01,Throw Yourself at Them (blue),1,0
108,Cindra,2025-02-13T02:18:01,Trap and Release (blue),1,0
108,Cindra,2025-02-13T02:18:01,Trot Along (blue),1,0
108,Cindra,2025-02-13T02:18:01,Coat of Allegiance,1,1
108,Cindra,2025-02-13T02:18:01,Leap Frog Gloves,1,1
108,Cindra,2025-02-13T02:18:01,Path of Vengeance,1,1
109,Fang,2025-02-13T02:43:06,Affirm Loyalty (red),1,0
109,Fang,2025-02-13T02:43:06,Blistering Blade (red),2,0
109,Fang,2025-02-13T02:43:06,Den of the Spider (red),1,0
109,Fang,2025-02-13T02:43:06,Dynastic Dedication (red),2,0
109,Fang,2025-02-13T02:43:06,Endear Devotion (red),1,0
109,Fang,2025-02-13T02:43:06,Hunt a Killer (red),1,0
109,Fang,2025-02-13T02:43:06,Hunt the Hunter (red),1,0
109,Fang,2025-02-13T02:43:06,Incision (red),1,0
109,Fang,2025-02-13T02:43:06,Proclaim Vengeance (red),2,0
109,Fang,2025-02-13T02:43:06,Scar Tissue (red),1,0
109,Fang,2025-02-13T02:43:06,Searing Gaze (red),1,0
109,Fang,2025-02-13T02:43:06,Sisters of Fire (red),1,0
109,Fang,2025-02-13T02:43:06,Sizzling Steel (red),1,0
109,Fang,2025-02-13T02:43:06,Tip-Off (red),1,0
109,Fang,2025-02-13T02:43:06,Cut Deep (yellow),2,0
109,Fang,2025-02-13T02:43:06,Diced (yellow),1,0
109,Fang,2025-02-13T02:43:06,Hunt a Killer (yellow),1,0
109,Fang,2025-02-13T02:43:06,Lay Low (yellow),1,0
109,Fang,2025-02-13T02:43:06,Point of Engagement (yellow),1,0
109,Fang,2025-02-13T02:43:06,Scar Tissue (yellow),1,0
109,Fang,2025-02-13T02:43:06,Sworn Vengeance (yellow),1,0
109,Fang,2025-02-13T02:43:06,Cut Deep (blue),2,0
109,Fang,2025-02-13T02:43:06,Provoke (blue),1,0
109,Fang,2025-02-13T02:43:06,Relentless Pursuit (blue),2,0
109,Fang,2025-02-13T02:43:06,Rotten Remains (blue),1,0
109,Fang,2025-02-13T02:43:06,Sworn Vengeance (blue),2,0
109,Fang,2025-02-13T02:43:06,Take a Stab (blue),1,0
109,Fang,2025-02-13T02:43:06,Hand of Vengeance,1,1
109,Fang,2025-02-13T02:43:06,Heart of Vengeance,1,1
109,Fang,2025-02-13T02:43:06,Red Alert Boots,1,1
109,Fang,2025-02-13T02:43:06,Red Alert Visor,1,1
110,Fang,2025-02-13T17:33:34,Affirm Loyalty (red),1,0
110,Fang,2025-02-13T17:33:34,Blistering Blade (red),1,0
110,Fang,2025-02-13T17:33:34,Bubble to the Surface (red),1,0
110,Fang,2025-02-13T17:33:34,Cut Deep (red),1,0
110,Fang,2025-02-13T17:33:34,Drop of Dragon Blood (red),1,0
110,Fang,2025-02-13T17:33:34,For the Emperor (red),1,0
110,Fang,2025-02-13T17:33:34,Hunt the Hunter (red),2,0
110,Fang,2025-02-13T17:33:34,Imperial Intent (red),1,0
110,Fang,2025-02-13T17:33:34,Imperial Seal of Command (red),1,0
110,Fang,2025-02-13T17:33:34,Outed (red),1,0
110,Fang,2025-02-13T17:33:34,Pledge Fealty (red),1,0
110,Fang,2025-02-13T17:33:34,Point of Engagement (red),1,0
110,Fang,2025-02-13T17:33:34,Proclaim Vengeance (red),1,0
110,Fang,2025-02-13T17:33:34,Scalding Iron (red),1,0
110,Fang,2025-02-13T17:33:34,Searing Gaze (red),1,0
110,Fang,2025-02-13T17:33:34,Stabbing Pain (red),1,0
110,Fang,2025-02-13T17:33:34,Sworn Vengeance (red),1,0
110,Fang,2025-02-13T17:33:34,Take a Stab (red),2,0
110,Fang,2025-02-13T17:33:34,Tooth of the Dragon (red),2,0
110,Fang,2025-02-13T17:33:34,Twist and Turn (red),1,0
110,Fang,2025-02-13T17:33:34,Hunt a Killer (yellow),2,0
110,Fang,2025-02-13T17:33:34,Point of Engagement (yellow),2,0
110,Fang,2025-02-13T17:33:34,Twist and Turn (yellow),1,0
110,Fang,2025-02-13T17:33:34,Cut Deep (blue),1,0
110,Fang,2025-02-13T17:33:34,Exposed (blue),1,0
110,Fang,2025-02-13T17:33:34,Incision (blue),2,0
110,Fang,2025-02-13T17:33:34,Knife Through Butter (blue),1,0
110,Fang,2025-02-13T17:33:34,Blade Beckoner Helm,1,1
110,Fang,2025-02-13T17:33:34,Coat of Allegiance,1,1
110,Fang,2025-02-13T17:33:34,Red Alert Gloves,1,1
110,Fang,2025-02-13T17:33:34,Starting Point,1,1
111,Fang,2025-02-13T21:32:11,Affirm Loyalty (red),1,0
111,Fang,2025-02-13T21:32:11,Blaze Headlong (red),2,0
111,Fang,2025-02-13T21:32:11,Blistering Blade (red),2,0
111,Fang,2025-02-13T21:32:11,Brothers of Flame (red),1,0
111,Fang,2025-02-13T21:32:11,Cut Deep (red),1,0
111,Fang,2025-02-13T21:32:11,Fire and Brimstone (red),1,0
111,Fang,2025-02-13T21:32:11,Hunt a Killer (red),1,0
111,Fang,2025-02-13T21:32:11,Incision (red),1,0
111,Fang,2025-02-13T21:32:11,Point of Engagement (red),1,0
111,Fang,2025-02-13T21:32:11,Public Bounty (red),1,0
111,Fang,2025-02-13T21:32:11,Scar Tissue (red),1,0
111,Fang,2025-02-13T21:32:11,Searing Gaze (red),1,0
111,Fang,2025-02-13T21:32:11,Tooth of the Dragon (red),2,0
111,Fang,2025-02-13T21:32:11,Cut Deep (yellow),1,0
111,Fang,2025-02-13T21:32:11,Point of Engagement (yellow),1,0
111,Fang,2025-02-13T21:32:11,Scar Tissue (yellow),1,0
111,Fang,2025-02-13T21:32:11,To the Point (yellow),1,0
111,Fang,2025-02-13T21:32:11,Cut Deep (blue),2,0
111,Fang,2025-02-13T21:32:11,Diced (blue),1,0
111,Fang,2025-02-13T21:32:11,Incision (blue),2,0
111,Fang,2025-02-13T21:32:11,Knife Through Butter (blue),2,0
111,Fang,2025-02-13T21:32:11,Power Stance (blue),1,0
111,Fang,2025-02-13T21:32:11,Put in Context (blue),1,0
111,Fang,2025-02-13T21:32:11,Scar Tissue (blue),1,0
111,Fang,2025-02-13T21:32:11,Sworn Vengeance (blue),1,0
111,Fang,2025-02-13T21:32:11,Take a Stab (blue),1,0
111,Fang,2025-02-13T21:32:11,Hand of Vengeance,1,1
111,Fang,2025-02-13T21:32:11,Heart of Vengeance,1,1
111,Fang,2025-02-13T21:32:11,Starting Point,1,1
111,Fang,2025-02-13T21:32:11,Vow of Vengeance,1,1
112,Fang,2025-02-13T23:27:23,Cut Deep (red),1,0
112,Fang,2025-02-13T23:27:23,Diced (red),1,0
112,Fang,2025-02-13T23:27:23,Dynastic Dedication (red),2,0
112,Fang,2025-02-13T23:27:23,Flurry Stance (red),1,0
112,Fang,2025-02-13T23:27:23,For the Dracai (red),1,0
112,Fang,2025-02-13T23:27:23,For the Realm (red),3,0
112,Fang,2025-02-13T23:27:23,Hunt the Hunter (red),2,0
112,Fang,2025-02-13T23:27:23,Knife Through Butter (red),1,0
112,Fang,2025-02-13T23:27:23,Point of Engagement (red),2,0
112,Fang,2025-02-13T23:27:23,Pursue to the Edge of Oblivion (red),1,0
112,Fang,2025-02-13T23:27:23,Searing Gaze (red),2,0
112,Fang,2025-02-13T23:27:23,Sizzling Steel (red),2,0
112,Fang,2025-02-13T23:27:23,Smoke Out (red),1,0
112,Fang,2025-02-13T23:27:23,Stabbing Pain (red),1,0
112,Fang,2025-02-13T23:27:23,Sworn Vengeance (red),2,0
112,Fang,2025-02-13T23:27:23,Tooth of the Dragon (red),1,0
112,Fang,2025-02-13T23:27:23,Incision (yellow),1,0
112,Fang,2025-02-13T23:27:23,Knife Through Butter (yellow),1,0
112,Fang,2025-02-13T23:27:23,Sworn Vengeance (yellow),1,0
112,Fang,2025-02-13T23:27:23,Cut Deep (blue),1,0
112,Fang,2025-02-13T23:27:23,Hunt a Killer (blue),2,0
112,Fang,2025-02-13T23:27:23,Nip at the Heels (blue),2,0
112,Fang,2025-02-13T23:27:23,Point of Engagement (blue),2,0
112,Fang,2025-02-13T23:27:23,Sworn Vengeance (blue),2,0
112,Fang,2025-02-13T23:27:23,Bunker Beard,1,1
112,Fang,2025-02-13T23:27:23,Heart of Vengeance,1,1
112,Fang,2025-02-13T23:27:23,Red Alert Gloves,1,1
112,Fang,2025-02-13T23:27:23,Red Alert Vest,1,1
112,Fang,2025-02-13T23:27:23,Vow of Vengeance,1,1
113,Fang,2025-02-14T20:36:13,Blaze Headlong (red),1,0
113,Fang,2025-02-14T20:36:13,Blistering Blade (red),2,0
113,Fang,2025-02-14T20:36:13,Brothers of Flame (red),1,0
113,Fang,2025-02-14T20:36:13,Endear Devotion (red),1,0
113,Fang,2025-02-14T20:36:13,For the Emperor (red),1,0
113,Fang,2025-02-14T20:36:13,Hunt to the Ends of Rathe (red),1,0
113,Fang,2025-02-14T20:36:13,Imperial Intent (red),3,0
113,Fang,2025-02-14T20:36:13,Pledge Fealty (red),1,0
113,Fang,2025-02-14T20:36:13,Point of Engagement (red),1,0
113,Fang,2025-02-14T20:36:13,Proclaim Vengeance (red),2,0
113,Fang,2025-02-14T20:36:13,Searing Gaze (red),2,0
113,Fang,2025-02-14T20:36:13,Sigil of Solace (red),1,0
113,Fang,2025-02-14T20:36:13,Sizzling Steel (red),1,0
113,Fang,2025-02-14T20:36:13,Smoke Out (red),2,0
113,Fang,2025-02-14T20:36:13,Sworn Vengeance (red),1,0
113,Fang,2025-02-14T20:36:13,Take a Stab (red),1,0
113,Fang,2025-02-14T20:36:13,Tooth of the Dragon (red),1,0
113,Fang,2025-02-14T20:36:13,Cut Deep (yellow),1,0
113,Fang,2025-02-14T20:36:13,Hunt a Killer (yellow),2,0
113,Fang,2025-02-14T20:36:13,Incision (yellow),2,0
113,Fang,2025-02-14T20:36:13,Lay Low (yellow),1,0
113,Fang,2025-02-14T20:36:13,Sharpened Senses (yellow),1,0
113,Fang,2025-02-14T20:36:13,Cut Deep (blue),1,0
113,Fang,2025-02-14T20:36:13,Knife Through Butter (blue),1,0
113,Fang,2025-02-14T20:36:13,Power Stance (blue),1,0
113,Fang,2025-02-14T20:36:13,Relentless Pursuit (blue),1,0
113,Fang,2025-02-14T20:36:13,Sworn Vengeance (blue),1,0
113,Fang,2025-02-14T20:36:13,Take a Stab (blue),1,0
113,Fang,2025-02-14T20:36:13,Trot Along (blue),1,0
113,Fang,2025-02-14T20:36:13,Hand of Vengeance,1,1
113,Fang,2025-02-14T20:36:13,Red Alert Boots,1,1
113,Fang,2025-02-14T20:36:13,Red Alert Vest,1,1
114,Cindra,2025-02-14T21:51:23,Art of the Dragon: Claw (red),1,0
114,Cindra,2025-02-14T21:51:23,Blessing of Vynserakai (red),2,0
114,Cindra,2025-02-14T21:51:23,Blood Drop (red),1,0
114,Cindra,2025-02-14T21:51:23,Blood Line (red),1,0
114,Cindra,2025-02-14T21:51:23,Compounding Anger (red),1,0
114,Cindra,2025-02-14T21:51:23,For the Dracai (red),1,0
114,Cindra,2025-02-14T21:51:23,For the Emperor (red),1,0
114,Cindra,2025-02-14T21:51:23,Grow Claws (red),2,0
114,Cindra,2025-02-14T21:51:23,Hot on Their Heels (red),3,0
114,Cindra,2025-02-14T21:51:23,Hunt the Hunter (red),1,0
114,Cindra,2025-02-14T21:51:23,Lair of the Spider (red),1,0
114,Cindra,2025-02-14T21:51:23,Pick Up the Point (red),1,0
114,Cindra,2025-02-14T21:51:23,Silver Talons (red),1,0
114,Cindra,2025-02-14T21:51:23,Smoke Out (red),1,0
114,Cindra,2025-02-14T21:51:23,Throw Yourself at Them (red),1,0
114,Cindra,2025-02-14T21:51:23,Trap and Release (red),1,0
114,Cindra,2025-02-14T21:51:23,Poisoned Blade (yellow),1,0
114,Cindra,2025-02-14T21:51:23,Throw Yourself at Them (yellow),1,0
114,Cindra,2025-02-14T21:51:23,Grow Wings (blue),1,0
114,Cindra,2025-02-14T21:51:23,Nip at the Heels (blue),1,0
114,Cindra,2025-02-14T21:51:23,Public Bounty (blue),1,0
114,Cindra,2025-02-14T21:51:23,Silver Talons (blue),1,0
114,Cindra,2025-02-14T21:51:23,Tag the Target (blue),1,0
114,Cindra,2025-02-14T21:51:23,Tip-Off (blue),2,0
114,Cindra,2025-02-14T21:51:23,Trap and Release (blue),2,0
114,Cindra,2025-02-14T21:51:23,Coat of Allegiance,1,1
114,Cindra,2025-02-14T21:51:23,Hand of Vengeance,1,1
114,Cindra,2025-02-14T21:51:23,Path of Vengeance,1,1
115,Cindra,2025-02-14T23:44:15,Art of the Dragon: Claw (red),1,0
115,Cindra,2025-02-14T23:44:15,Blaze Headlong (red),1,0
115,Cindra,2025-02-14T23:44:15,Burning Blade Dance (red),1,0
115,Cindra,2025-02-14T23:44:15,Dust Runner Outlaw (red),2,0
115,Cindra,2025-02-14T23:44:15,Fire Tenet: Strike First (red),1,0
115,Cindra,2025-02-14T23:44:15,For the Dracai (red),1,0
115,Cindra,2025-02-14T23:44:15,For the Emperor (red),1,0
115,Cindra,2025-02-14T23:44:15,For the Realm (red),1,0
115,Cindra,2025-02-14T23:44:15,Grow Wings (red),1,0
115,Cindra,2025-02-14T23:44:15,Hot on Their Heels (red),1,0
115,Cindra,2025-02-14T23:44:15,Mark with Magma (red),2,0
115,Cindra,2025-02-14T23:44:15,Pursue to the Pits of Despair (red),1,0
115,Cindra,2025-02-14T23:44:15,Ronin Renegade (red),2,0
115,Cindra,2025-02-14T23:44:15,Tag the Target (red),1,0
115,Cindra,2025-02-14T23:44:15,Throw Yourself at Them (red),2,0
115,Cindra,2025-02-14T23:44:15,Poisoned Blade (yellow),1,0
115,Cindra,2025-02-14T23:44:15,Tag the Target (yellow),2,0
115,Cindra,2025-02-14T23:44:15,Throw Yourself at Them (yellow),1,0
115,Cindra,2025-02-14T23:44:15,Cut Through (blue),1,0
115,Cindra,2025-02-14T23:44:15,Dragon Power (blue),1,0
115,Cindra,2025-02-14T23:44:15,Fire Tenet: Strike First (blue),1,0
115,Cindra,2025-02-14T23:44:15,Grow Claws (blue),3,0
115,Cindra,2025-02-14T23:44:15,Pick Up the Point (blue),1,0
115,Cindra,2025-02-14T23:44:15,Poisoned Blade (blue),1,0
115,Cindra,2025-02-14T23:44:15,Put in Context (blue),1,0
115,Cindra,2025-02-14T23:44:15,Throw Yourself at Them (blue),1,0
115,Cindra,2025-02-14T23:44:15,Blade Beckoner Gauntlets,1,1
115,Cindra,2025-02-14T23:44:15,Blade Beckoner Helm,1,1
115,Cindra,2025-02-14T23:44:15,Bunker Beard,1,1
115,Cindra,2025-02-14T23:44:15,Coat of Allegiance,1,1
115,Cindra,2025-02-14T23:44:15,Hand of Vengeance,1,1
115,Cindra,2025-02-14T23:44:15,Path of Vengeance,1,1
116,Fang,2025-02-15T21:19:54,Affirm Loyalty (red),1,0
116,Fang,2025-02-15T21:19:54,Blistering Blade (red),1,0
116,Fang,2025-02-15T21:19:54,Brothers of Flame (red),1,0
116,Fang,2025-02-15T21:19:54,Compounding Anger (red),1,0
116,Fang,2025-02-15T21:19:54,Den of the Spider (red),1,0
116,Fang,2025-02-15T21:19:54,Dynastic Dedication (red),1,0
116,Fang,2025-02-15T21:19:54,Pledge Fealty (red),1,0
116,Fang,2025-02-15T21:19:54,Point of Engagement (red),1,0
116,Fang,2025-02-15T21:19:54,Public Bounty (red),1,0
116,Fang,2025-02-15T21:19:54,Scar Tissue (red),1,0
116,Fang,2025-02-15T21:19:54,Searing Gaze (red),1,0
116,Fang,2025-02-15T21:19:54,Sisters of Fire (red),1,0
116,Fang,2025-02-15T21:19:54,Stabbing Pain (red),1,0
116,Fang,2025-02-15T21:19:54,Sworn Vengeance (red),1,0
116,Fang,2025-02-15T21:19:54,Twist and Turn (red),1,0
116,Fang,2025-02-15T21:19:54,Cut from the Same Cloth (yellow),1,0
116,Fang,2025-02-15T21:19:54,Hunt a Killer (yellow),1,0
116,Fang,2025-02-15T21:19:54,Knife Through Butter (yellow),1,0
116,Fang,2025-02-15T21:19:54,Point of Engagement (yellow),2,0
116,Fang,2025-02-15T21:19:54,Public Bounty (yellow),1,0
116,Fang,2025-02-15T21:19:54,Sworn Vengeance (yellow),1,0
116,Fang,2025-02-15T21:19:54,Twist and Turn (yellow),1,0
116,Fang,2025-02-15T21:19:54,Cut Deep (blue),1,0
116,Fang,2025-02-15T21:19:54,Cut from the Same Cloth (blue),1,0
116,Fang,2025-02-15T21:19:54,Hunt a Killer (blue),1,0
116,Fang,2025-02-15T21:19:54,Knife Through Butter (blue),1,0
116,Fang,2025-02-15T21:19:54,Point of Engagement (blue),1,0
116,Fang,2025-02-15T21:19:54,Power Stance (blue),1,0
116,Fang,2025-02-15T21:19:54,Public Bounty (blue),1,0
116,Fang,2025-02-15T21:19:54,Trot Along (blue),1,0
116,Fang,2025-02-15T21:19:54,Bunker Beard,1,1
116,Fang,2025-02-15T21:19:54,Path of Vengeance,1,1
116,Fang,2025-02-15T21:19:54,Red Alert Gloves,1,1
116,Fang,2025-02-15T21:19:54,Starting Point,1,1
116,Fang,2025-02-15T21:19:54,Vow of Vengeance,1,1
117,"Arakni, Web of Deceit",2025-02-16T11:33:56,Extinguish the Flames (red),2,0
117,"Arakni, Web of Deceit",2025-02-16T11:33:56,Lair of the Spider (red),2,0
117,"Arakni, Web of Deceit",2025-02-16T11:33:56,Mark of the Black Widow (red),3,0
117,"Arakni, Web of Deceit",2025-02-16T11:33:56,Mark of the Funnel Web (red),1,0
117,"Arakni, Web of Deceit",2025-02-16T11:33:56,Mark the Prey (red),2,0
117,"Arakni, Web of Deceit",2025-02-16T11:33:56,Plunge the Prospect (red),1,0
117,"Arakni, Web of Deceit",2025-02-16T11:33:56,Razor's Edge (red),1,0
117,"Arakni, Web of Deceit",2025-02-16T11:33:56,Reaper's Call (red),1,0
117,"Arakni, Web of Deceit",2025-02-16T11:33:56,Scar Tissue (red),1,0
117,"Arakni, Web of Deceit",2025-02-16T11:33:56,Scuttle the Canal (red),2,0
117,"Arakni, Web of Deceit",2025-02-16T11:33:56,Sigil of Solace (red),1,0
117,"Arakni, Web of Deceit",2025-02-16T11:33:56,Mark of the Black Widow (yellow),3,0
117,"Arakni, Web of Deceit",2025-02-16T11:33:56,Mark the Prey (yellow),1,0
117,"Arakni, Web of Deceit",2025-02-16T11:33:56,Public Bounty (yellow),1,0
117,"Arakni, Web of Deceit",2025-02-16T11:33:56,Reaper's Call (yellow),3,0
117,"Arakni, Web of Deceit",2025-02-16T11:33:56,Scuttle the Canal (yellow),1,0
117,"Arakni, Web of Deceit",2025-02-16T11:33:56,Stains of the Redback (yellow),2,0
117,"Arakni, Web of Deceit",2025-02-16T11:33:56,Take a Stab (yellow),1,0
117,"Arakni, Web of Deceit",2025-02-16T11:33:56,Mark of the Black Widow (blue),1,0
117,"Arakni, Web of Deceit",2025-02-16T11:33:56,Mark the Prey (blue),2,0
117,"Arakni, Web of Deceit",2025-02-16T11:33:56,Orb-Weaver Spinneret (blue),1,0
117,"Arakni, Web of Deceit",2025-02-16T11:33:56,Scuttle the Canal (blue),1,0
117,"Arakni, Web of Deceit",2025-02-16T11:33:56,Stains of the Redback (blue),1,0
117,"Arakni, Web of Deceit",2025-02-16T11:33:56,Take a Stab (blue),1,0
117,"Arakni, Web of Deceit",2025-02-16T11:33:56,Blade Beckoner Helm,1,1
117,"Arakni, Web of Deceit",2025-02-16T11:33:56,Red Alert Boots,2,1
117,"Arakni, Web of Deceit",2025-02-16T11:33:56,Red Alert Gloves,1,1
117,"Arakni, Web of Deceit",2025-02-16T11:33:56,Red Alert Vest,1,1
118,Cindra,2025-02-16T16:16:05,Art of the Dragon: Fire (red),1,0
118,Cindra,2025-02-16T16:16:05,Art of the Dragon: Scale (red),1,0
118,Cindra,2025-02-16T16:16:05,Blaze Headlong (red),1,0
118,Cindra,2025-02-16T16:16:05,Blood Line (red),1,0
118,Cindra,2025-02-16T16:16:05,Burning Blade Dance (red),2,0
118,Cindra,2025-02-16T16:16:05,Cinderskin Devotion (red),1,0
118,Cindra,2025-02-16T16:16:05,Compounding Anger (red),1,0
118,Cindra,2025-02-16T16:16:05,Dragon Power (red),1,0
118,Cindra,2025-02-16T16:16:05,Dust Runner Outlaw (red),4,0
118,Cindra,2025-02-16T16:16:05,Fire Tenet: Strike First (red),1,0
118,Cindra,2025-02-16T16:16:05,For the Emperor (red),1,0
118,Cindra,2025-02-16T16:16:05,Grow Wings (red),1,0
118,Cindra,2025-02-16T16:16:05,Hot on Their Heels (red),1,0
118,Cindra,2025-02-16T16:16:05,Ronin Renegade (red),1,0
118,Cindra,2025-02-16T16:16:05,Silver Talons (red),2,0
118,Cindra,2025-02-16T16:16:05,Throw Yourself at Them (red),1,0
118,Cindra,2025-02-16T16:16:05,Trap and Release (red),1,0
118,Cindra,2025-02-16T16:16:05,Wrath of Retribution (red),1,0
118,Cindra,2025-02-16T16:16:05,Pick Up the Point (yellow),1,0
118,Cindra,2025-02-16T16:16:05,Fire Tenet: Strike First (blue),1,0
118,Cindra,2025-02-16T16:16:05,Grow Claws (blue),1,0
118,Cindra,2025-02-16T16:16:05,Grow Wings (blue),2,0
118,Cindra,2025-02-16T16:16:05,Nip at the Heels (blue),1,0
118,Cindra,2025-02-16T16:16:05,Poisoned Blade (blue),3,0
118,Cindra,2025-02-16T16:16:05,Relentless Pursuit (blue),1,0
118,Cindra,2025-02-16T16:16:05,Throw Yourself at Them (blue),2,0
118,Cindra,2025-02-16T16:16:05,Trot Along (blue),1,0
118,Cindra,2025-02-16T16:16:05,Danger Digits,1,1
118,Cindra,2025-02-16T16:16:05,Leap Frog Leggings,1,1
118,Cindra,2025-02-16T16:16:05,Vow of Vengeance,1,1
119,Cindra,2025-02-16T20:14:16,Art of the Dragon: Fire (red),1,0
119,Cindra,2025-02-16T20:14:16,Burning Blade Dance (red),2,0
119,Cindra,2025-02-16T20:14:16,Demonstrate Devotion (red),1,0
119,Cindra,2025-02-16T20:14:16,Dust Runner Outlaw (red),1,0
119,Cindra,2025-02-16T20:14:16,For the Dracai (red),1,0
119,Cindra,2025-02-16T20:14:16,For the Realm (red),1,0
119,Cindra,2025-02-16T20:14:16,Grow Claws (red),3,0
119,Cindra,2025-02-16T20:14:16,Hot on Their Heels (red),1,0
119,Cindra,2025-02-16T20:14:16,Hunt the Hunter (red),2,0
119,Cindra,2025-02-16T20:14:16,Lava Vein Loyalty (red),2,0
119,Cindra,2025-02-16T20:14:16,Outed (red),1,0
119,Cindra,2025-02-16T20:14:16,Ronin Renegade (red),1,0
119,Cindra,2025-02-16T20:14:16,Tip-Off (red),2,0
119,Cindra,2025-02-16T20:14:16,Fire Tenet: Strike First (yellow),1,0
119,Cindra,2025-02-16T20:14:16,Silver Talons (yellow),1,0
119,Cindra,2025-02-16T20:14:16,Up Sticks and Run (yellow),1,0
119,Cindra,2025-02-16T20:14:16,Cut Through (blue),1,0
119,Cindra,2025-02-16T20:14:16,Dragon Power (blue),1,0
119,Cindra,2025-02-16T20:14:16,Grow Wings (blue),1,0
119,Cindra,2025-02-16T20:14:16,Pick Up the Point (blue),2,0
119,Cindra,2025-02-16T20:14:16,Public Bounty (blue),1,0
119,Cindra,2025-02-16T20:14:16,Tag the Target (blue),1,0
119,Cindra,2025-02-16T20:14:16,Tip-Off (blue),1,0
119,Cindra,2025-02-16T20:14:16,Trap and Release (blue),2,0
119,Cindra,2025-02-16T20:14:16,Blade Beckoner Helm,1,1
119,Cindra,2025-02-16T20:14:16,Heart of Vengeance,1,1
119,Cindra,2025-02-16T20:14:16,Path of Vengeance,1,1
120,Cindra,2025-02-16T23:54:51,Blood Line (red),2,0
120,Cindra,2025-02-16T23:54:51,Burning Blade Dance (red),4,0
120,Cindra,2025-02-16T23:54:51,Demonstrate Devotion (red),1,0
120,Cindra,2025-02-16T23:54:51,Devotion Never Dies (red),1,0
120,Cindra,2025-02-16T23:54:51,Drop of Dragon Blood (red),1,0
120,Cindra,2025-02-16T23:54:51,Dust Runner Outlaw (red),2,0
120,Cindra,2025-02-16T23:54:51,Fire Tenet: Strike First (red),2,0
120,Cindra,2025-02-16T23:54:51,Grow Claws (red),1,0
120,Cindra,2025-02-16T23:54:51,Grow Wings (red),2,0
120,Cindra,2025-02-16T23:54:51,Lava Vein Loyalty (red),1,0
120,Cindra,2025-02-16T23:54:51,Mark with Magma (red),2,0
120,Cindra,2025-02-16T23:54:51,Ronin Renegade (red),1,0
120,Cindra,2025-02-16T23:54:51,Smoke Out (red),1,0
120,Cindra,2025-02-16T23:54:51,Tag the Target (red),1,0
120,Cindra,2025-02-16T23:54:51,Fire Tenet: Strike First (yellow),2,0
120,Cindra,2025-02-16T23:54:51,Grow Claws (yellow),1,0
120,Cindra,2025-02-16T23:54:51,Tag the Target (yellow),1,0
120,Cindra,2025-02-16T23:54:51,Grow Claws (blue),2,0
120,Cindra,2025-02-16T23:54:51,Nip at the Heels (blue),1,0
120,Cindra,2025-02-16T23:54:51,Up Sticks and Run (blue),1,0
120,Cindra,2025-02-16T23:54:51,Leap Frog Gloves,1,1
120,Cindra,2025-02-16T23:54:51,Leap Frog Leggings,1,1
120,Cindra,2025-02-16T23:54:51,Leap Frog Slime Skin,1,1
120,Cindra,2025-02-16T23:54:51,Leap Frog Vocal Sac,1,1
121,"Arakni, Web of Deceit",2025-02-17T03:00:21,Back Stab (red),1,0
121,"Arakni, Web of Deceit",2025-02-17T03:00:21,Defang the Dragon (red),1,0
121,"Arakni, Web of Deceit",2025-02-17T03:00:21,Hunted or Hunter (red),1,0
121,"Arakni, Web of Deceit",2025-02-17T03:00:21,Lair of the Spider (red),1,0
121,"Arakni, Web of Deceit",2025-02-17T03:00:21,Mark of the Black Widow (red),1,0
121,"Arakni, Web of Deceit",2025-02-17T03:00:21,Mark of the Funnel Web (red),1,0
121,"Arakni, Web of Deceit",2025-02-17T03:00:21,Reaper's Call (red),1,0
121,"Arakni, Web of Deceit",2025-02-17T03:00:21,Scar Tissue (red),2,0
121,"Arakni, Web of Deceit",2025-02-17T03:00:21,Scuttle the Canal (red),1,0
121,"Arakni, Web of Deceit",2025-02-17T03:00:21,Stains of the Redback (red),1,0
121,"Arakni, Web of Deceit",2025-02-17T03:00:21,Tarantula Toxin (red),1,0
121,"Arakni, Web of Deceit",2025-02-17T03:00:21,Two Sides to the Blade (red),1,0
121,"Arakni, Web of Deceit",2025-02-17T03:00:21,Whittle from Bone (red),1,0
121,"Arakni, Web of Deceit",2025-02-17T03:00:21,Cut from the Same Cloth (yellow),1,0
121,"Arakni, Web of Deceit",2025-02-17T03:00:21,Plunge the Prospect (yellow),3,0
121,"Arakni, Web of Deceit",2025-02-17T03:00:21,Reaper's Call (yellow),1,0
121,"Arakni, Web of Deceit",2025-02-17T03:00:21,Scar Tissue (yellow),1,0
121,"Arakni, Web of Deceit",2025-02-17T03:00:21,Bite (blue),2,0
121,"Arakni, Web of Deceit",2025-02-17T03:00:21,Mark of the Black Widow (blue),2,0
121,"Arakni, Web of Deceit",2025-02-17T03:00:21,Mark of the Funnel Web (blue),1,0
121,"Arakni, Web of Deceit",2025-02-17T03:00:21,Mark the Prey (blue),1,0
121,"Arakni, Web of Deceit",2025-02-17T03:00:21,Pick Up the Point (blue),1,0
121,"Arakni, Web of Deceit",2025-02-17T03:00:21,Reaper's Call (blue),2,0
121,"Arakni, Web of Deceit",2025-02-17T03:00:21,Scuttle the Canal (blue),1,0
121,"Arakni, Web of Deceit",2025-02-17T03:00:21,Bunker Beard,1,1
121,"Arakni, Web of Deceit",2025-02-17T03:00:21,Danger Digits,1,1
121,"Arakni, Web of Deceit",2025-02-17T03:00:21,Leap Frog Leggings,1,1
121,"Arakni, Web of Deceit",2025-02-17T03:00:21,Leap Frog Slime Skin,1,1
122,Fang,2025-02-17T18:14:41,Blaze Headlong (red),1,0
122,Fang,2025-02-17T18:14:41,Brothers of Flame (red),1,0
122,Fang,2025-02-17T18:14:41,Den of the Spider (red),1,0
122,Fang,2025-02-17T18:14:41,Fire and Brimstone (red),1,0
122,Fang,2025-02-17T18:14:41,For the Dracai (red),1,0
122,Fang,2025-02-17T18:14:41,Hunt the Hunter (red),1,0
122,Fang,2025-02-17T18:14:41,Imperial Intent (red),1,0
122,Fang,2025-02-17T18:14:41,March of Loyalty (red),1,0
122,Fang,2025-02-17T18:14:41,Point of Engagement (red),1,0
122,Fang,2025-02-17T18:14:41,Proclaim Vengeance (red),3,0
122,Fang,2025-02-17T18:14:41,Scar Tissue (red),1,0
122,Fang,2025-02-17T18:14:41,Smoke Out (red),1,0
122,Fang,2025-02-17T18:14:41,Take a Stab (red),1,0
122,Fang,2025-02-17T18:14:41,Tooth of the Dragon (red),1,0
122,Fang,2025-02-17T18:14:41,Agility Stance (yellow),1,0
122,Fang,2025-02-17T18:14:41,Diced (yellow),1,0
122,Fang,2025-02-17T18:14:41,Knife Through Butter (yellow),2,0
122,Fang,2025-02-17T18:14:41,Public Bounty (yellow),1,0
122,Fang,2025-02-17T18:14:41,Scar Tissue (yellow),1,0
122,Fang,2025-02-17T18:14:41,Twist and Turn (yellow),1,0
122,Fang,2025-02-17T18:14:41,Knife Through Butter (blue),1,0
122,Fang,2025-02-17T18:14:41,Public Bounty (blue),1,0
122,Fang,2025-02-17T18:14:41,Put in Context (blue),1,0
122,Fang,2025-02-17T18:14:41,Scar Tissue (blue),1,0
122,Fang,2025-02-17T18:14:41,To the Point (blue),1,0
122,Fang,2025-02-17T18:14:41,Trot Along (blue),2,0
122,Fang,2025-02-17T18:14:41,Blade Beckoner Gauntlets,1,1
122,Fang,2025-02-17T18:14:41,Blade Beckoner Plating,1,1
122,Fang,2025-02-17T18:14:41,Coat of Allegiance,1,1
122,Fang,2025-02-17T18:14:41,Red Alert Boots,1,1
122,Fang,2025-02-17T18:14:41,Vow of Vengeance,1,1
123,Cindra,2025-02-17T21:10:33,Art of the Dragon: Claw (red),2,0
123,Cindra,2025-02-17T21:10:33,Art of the Dragon: Fire (red),1,0
123,Cindra,2025-02-17T21:10:33,Art of the Dragon: Scale (red),1,0
123,Cindra,2025-02-17T21:10:33,Blessing of Vynserakai (red),2,0
123,Cindra,2025-02-17T21:10:33,Display Loyalty (red),1,0
123,Cindra,2025-02-17T21:10:33,Dragon Power (red),1,0
123,Cindra,2025-02-17T21:10:33,Grow Claws (red),1,0
123,Cindra,2025-02-17T21:10:33,Hot on Their Heels (red),1,0
123,Cindra,2025-02-17T21:10:33,Lair of the Spider (red),2,0
123,Cindra,2025-02-17T21:10:33,Mark with Magma (red),3,0
123,Cindra,2025-02-17T21:10:33,Trap and Release (red),1,0
123,Cindra,2025-02-17T21:10:33,Fire Tenet: Strike First (yellow),1,0
123,Cindra,2025-02-17T21:10:33,Grow Wings (yellow),1,0
123,Cindra,2025-02-17T21:10:33,Tip-Off (yellow),1,0
123,Cindra,2025-02-17T21:10:33,Fire Tenet: Strike First (blue),2,0
123,Cindra,2025-02-17T21:10:33,Grow Claws (blue),1,0
123,Cindra,2025-02-17T21:10:33,Grow Wings (blue),2,0
123,Cindra,2025-02-17T21:10:33,Nip at the Heels (blue),1,0
123,Cindra,2025-02-17T21:10:33,Put in Context (blue),1,0
123,Cindra,2025-02-17T21:10:33,Relentless Pursuit (blue),1,0
123,Cindra,2025-02-17T21:10:33,Trap and Release (blue),2,0
123,Cindra,2025-02-17T21:10:33,Trot Along (blue),1,0
123,Cindra,2025-02-17T21:10:33,Coat of Allegiance,1,1
123,Cindra,2025-02-17T21:10:33,Heart of Vengeance,1,1
123,Cindra,2025-02-17T21:10:33,Leap Frog Gloves,1,1
123,Cindra,2025-02-17T21:10:33,Leap Frog Leggings,1,1
123,Cindra,2025-02-17T21:10:33,Leap Frog Vocal Sac,1,1
124,Fang,2025-02-17T21:55:19,Blessing of Vynserakai (red),1,0
124,Fang,2025-02-17T21:55:19,Blistering Blade (red),1,0
124,Fang,2025-02-17T21:55:19,Cut Deep (red),4,0
124,Fang,2025-02-17T21:55:19,Den of the Spider (red),1,0
124,Fang,2025-02-17T21:55:19,Drop of Dragon Blood (red),1,0
124,Fang,2025-02-17T21:55:19,Dynastic Dedication (red),2,0
124,Fang,2025-02-17T21:55:19,Fire and Brimstone (red),1,0
124,Fang,2025-02-17T21:55:19,Imperial Intent (red),2,0
124,Fang,2025-02-17T21:55:19,Incision (red),1,0
124,Fang,2025-02-17T21:55:19,Knife Through Butter (red),1,0
124,Fang,2025-02-17T21:55:19,Pledge Fealty (red),2,0
124,Fang,2025-02-17T21:55:19,Point of Engagement (red),1,0
124,Fang,2025-02-17T21:55:19,Scar Tissue (red),1,0
124,Fang,2025-02-17T21:55:19,Searing Gaze (red),1,0
124,Fang,2025-02-17T21:55:19,Sigil of Solace (red),1,0
124,Fang,2025-02-17T21:55:19,Stabbing Pain (red),2,0
124,Fang,2025-02-17T21:55:19,Sworn Vengeance (red),1,0
124,Fang,2025-02-17T21:55:19,To the Point (red),1,0
124,Fang,2025-02-17T21:55:19,Tooth of the Dragon (red),1,0
124,Fang,2025-02-17T21:55:19,Cut Deep (yellow),1,0
124,Fang,2025-02-17T21:55:19,Hunt a Killer (yellow),1,0
124,Fang,2025-02-17T21:55:19,Knife Through Butter (yellow),1,0
124,Fang,2025-02-17T21:55:19,Point of Engagement (yellow),1,0
124,Fang,2025-02-17T21:55:19,Sworn Vengeance (yellow),1,0
124,Fang,2025-02-17T21:55:19,Cut Deep (blue),1,0
124,Fang,2025-02-17T21:55:19,Incision (blue),1,0
124,Fang,2025-02-17T21:55:19,Knife Through Butter (blue),1,0
124,Fang,2025-02-17T21:55:19,Sworn Vengeance (blue),3,0
124,Fang,2025-02-17T21:55:19,Blade Beckoner Boots,1,1
124,Fang,2025-02-17T21:55:19,Blade Beckoner Helm,1,1
124,Fang,2025-02-17T21:55:19,Heart of Vengeance,1,1
124,Fang,2025-02-17T21:55:19,Red Alert Gloves,1,1
125,Fang,2025-02-18T01:05:12,Blaze Headlong (red),1,0
125,Fang,2025-02-18T01:05:12,Cut Deep (red),1,0
125,Fang,2025-02-18T01:05:12,Dynastic Dedication (red),1,0
125,Fang,2025-02-18T01:05:12,Endear Devotion (red),1,0
125,Fang,2025-02-18T01:05:12,For the Emperor (red),1,0
125,Fang,2025-02-18T01:05:12,Hunt the Hunter (red),1,0
125,Fang,2025-02-18T01:05:12,Outed (red),1,0
125,Fang,2025-02-18T01:05:12,Point of Engagement (red),1,0
125,Fang,2025-02-18T01:05:12,Proclaim Vengeance (red),1,0
125,Fang,2025-02-18T01:05:12,Rake Over the Coals (red),1,0
125,Fang,2025-02-18T01:05:12,Scar Tissue (red),1,0
125,Fang,2025-02-18T01:05:12,Searing Gaze (red),1,0
125,Fang,2025-02-18T01:05:12,Sisters of Fire (red),1,0
125,Fang,2025-02-18T01:05:12,Sizzling Steel (red),1,0
125,Fang,2025-02-18T01:05:12,Tooth of the Dragon (red),5,0
125,Fang,2025-02-18T01:05:12,Twist and Turn (red),2,0
125,Fang,2025-02-18T01:05:12,Cut Deep (yellow),1,0
125,Fang,2025-02-18T01:05:12,Hunt a Killer (yellow),1,0
125,Fang,2025-02-18T01:05:12,Knife Through Butter (yellow),1,0
125,Fang,2025-02-18T01:05:12,Point of Engagement (yellow),3,0
125,Fang,2025-02-18T01:05:12,Cut Deep (blue),1,0
125,Fang,2025-02-18T01:05:12,Hunt a Killer (blue),1,0
125,Fang,2025-02-18T01:05:12,Nip at the Heels (blue),1,0
125,Fang,2025-02-18T01:05:12,Point of Engagement (blue),2,0
125,Fang,2025-02-18T01:05:12,Put in Context (blue),1,0
125,Fang,2025-02-18T01:05:12,Sworn Vengeance (blue),2,0
125,Fang,2025-02-18T01:05:12,Blade Beckoner Gauntlets,1,1
125,Fang,2025-02-18T01:05:12,Blade Beckoner Plating,1,1
125,Fang,2025-02-18T01:05:12,Red Alert Boots,1,1
125,Fang,2025-02-18T01:05:12,Red Alert Visor,1,1
126,"Arakni, Web of Deceit",2025-02-18T03:04:04,Back Stab (red),1,0
126,"Arakni, Web of Deceit",2025-02-18T03:04:04,Defang the Dragon (red),2,0
126,"Arakni, Web of Deceit",2025-02-18T03:04:04,Den of the Spider (red),1,0
126,"Arakni, Web of Deceit",2025-02-18T03:04:04,Hunted or Hunter (red),2,0
126,"Arakni, Web of Deceit",2025-02-18T03:04:04,Lair of the Spider (red),1,0
126,"Arakni, Web of Deceit",2025-02-18T03:04:04,Mark of the Black Widow (red),2,0
126,"Arakni, Web of Deceit",2025-02-18T03:04:04,Mark the Prey (red),4,0
126,"Arakni, Web of Deceit",2025-02-18T03:04:04,Orb-Weaver Spinneret (red),2,0
126,"Arakni, Web of Deceit",2025-02-18T03:04:04,Plunge the Prospect (red),3,0
126,"Arakni, Web of Deceit",2025-02-18T03:04:04,Public Bounty (red),1,0
126,"Arakni, Web of Deceit",2025-02-18T03:04:04,Razor's Edge (red),1,0
126,"Arakni, Web of Deceit",2025-02-18T03:04:04,Reaper's Call (red),1,0
126,"Arakni, Web of Deceit",2025-02-18T03:04:04,Tarantula Toxin (red),1,0
126,"Arakni, Web of Deceit",2025-02-18T03:04:04,Throw Yourself at Them (red),1,0
126,"Arakni, Web of Deceit",2025-02-18T03:04:04,Two Sides to the Blade (red),1,0
126,"Arakni, Web of Deceit",2025-02-18T03:04:04,Mark the Prey (yellow),1,0
126,"Arakni, Web of Deceit",2025-02-18T03:04:04,Mark of the Black Widow (blue),4,0
126,"Arakni, Web of Deceit",2025-02-18T03:04:04,Mark the Prey (blue),2,0
126,"Arakni, Web of Deceit",2025-02-18T03:04:04,Pick Up the Point (blue),1,0
126,"Arakni, Web of Deceit",2025-02-18T03:04:04,Put in Context (blue),1,0
126,"Arakni, Web of Deceit",2025-02-18T03:04:04,Reaper's Call (blue),1,0
126,"Arakni, Web of Deceit",2025-02-18T03:04:04,Blade Beckoner Boots,1,1
126,"Arakni, Web of Deceit",2025-02-18T03:04:04,Leap Frog Vocal Sac,1,1
127,"Arakni, Web of Deceit",2025-02-18T14:30:48,Bite (red),1,0
127,"Arakni, Web of Deceit",2025-02-18T14:30:48,Den of the Spider (red),2,0
127,"Arakni, Web of Deceit",2025-02-18T14:30:48,Extinguish the Flames (red),1,0
127,"Arakni, Web of Deceit",2025-02-18T14:30:48,Hunted or Hunter (red),1,0
127,"Arakni, Web of Deceit",2025-02-18T14:30:48,Mark of the Black Widow (red),3,0
127,"Arakni, Web of Deceit",2025-02-18T14:30:48,Mark of the Funnel Web (red),1,0
127,"Arakni, Web of Deceit",2025-02-18T14:30:48,Pain in the Backside (red),1,0
127,"Arakni, Web of Deceit",2025-02-18T14:30:48,Plunge the Prospect (red),1,0
127,"Arakni, Web of Deceit",2025-02-18T14:30:48,Pursue to the Edge of Oblivion (red),1,0
127,"Arakni, Web of Deceit",2025-02-18T14:30:48,Reaper's Call (red),1,0
127,"Arakni, Web of Deceit",2025-02-18T14:30:48,Scar Tissue (red),1,0
127,"Arakni, Web of Deceit",2025-02-18T14:30:48,Stains of the Redback (red),1,0
127,"Arakni, Web of Deceit",2025-02-18T14:30:48,Tarantula Toxin (red),1,0
127,"Arakni, Web of Deceit",2025-02-18T14:30:48,To the Point (red),1,0
127,"Arakni, Web of Deceit",2025-02-18T14:30:48,Two Sides to the Blade (red),2,0
127,"Arakni, Web of Deceit",2025-02-18T14:30:48,Incision (yellow),1,0
127,"Arakni, Web of Deceit",2025-02-18T14:30:48,Mark of the Black Widow (yellow),1,0
127,"Arakni, Web of Deceit",2025-02-18T14:30:48,Mark of the Funnel Web (yellow),1,0
127,"Arakni, Web of Deceit",2025-02-18T14:30:48,Mark the Prey (yellow),1,0
127,"Arakni, Web of Deceit",2025-02-18T14:30:48,Plunge the Prospect (yellow),1,0
127,"Arakni, Web of Deceit",2025-02-18T14:30:48,Reaper's Call (yellow),1,0
127,"Arakni, Web of Deceit",2025-02-18T14:30:48,Scuttle the Canal (yellow),2,0
127,"Arakni, Web of Deceit",2025-02-18T14:30:48,Bite (blue),1,0
127,"Arakni, Web of Deceit",2025-02-18T14:30:48,Mark of the Funnel Web (blue),2,0
127,"Arakni, Web of Deceit",2025-02-18T14:30:48,Mark the Prey (blue),1,0
127,"Arakni, Web of Deceit",2025-02-18T14:30:48,Plunge the Prospect (blue),1,0
127,"Arakni, Web of Deceit",2025-02-18T14:30:48,Reaper's Call (blue),1,0
127,"Arakni, Web of Deceit",2025-02-18T14:30:48,Relentless Pursuit (blue),1,0
127,"Arakni, Web of Deceit",2025-02-18T14:30:48,Scuttle the Canal (blue),1,0
127,"Arakni, Web of Deceit",2025-02-18T14:30:48,Take a Stab (blue),1,0
127,"Arakni, Web of Deceit",2025-02-18T14:30:48,Whittle from Bone (blue),1,0
127,"Arakni, Web of Deceit",2025-02-18T14:30:48,Danger Digits,1,1
127,"Arakni, Web of Deceit",2025-02-18T14:30:48,Red Alert Boots,1,1
127,"Arakni, Web of Deceit",2025-02-18T14:30:48,Red Alert Visor,1,1
128,Fang,2025-02-19T04:27:15,Blaze Headlong (red),1,0
128,Fang,2025-02-19T04:27:15,Brothers of Flame (red),1,0
128,Fang,2025-02-19T04:27:15,Cut Deep (red),3,0
128,Fang,2025-02-19T04:27:15,Den of the Spider (red),2,0
128,Fang,2025-02-19T04:27:15,Dynastic Dedication (red),1,0
128,Fang,2025-02-19T04:27:15,For the Emperor (red),2,0
128,Fang,2025-02-19T04:27:15,Hunt a Killer (red),1,0
128,Fang,2025-02-19T04:27:15,Imperial Intent (red),2,0
128,Fang,2025-02-19T04:27:15,Knife Through Butter (red),1,0
128,Fang,2025-02-19T04:27:15,Outed (red),1,0
128,Fang,2025-02-19T04:27:15,Pledge Fealty (red),2,0
128,Fang,2025-02-19T04:27:15,Savor Bloodshed (red),1,0
128,Fang,2025-02-19T04:27:15,Scalding Iron (red),1,0
128,Fang,2025-02-19T04:27:15,Searing Gaze (red),1,0
128,Fang,2025-02-19T04:27:15,Sizzling Steel (red),2,0
128,Fang,2025-02-19T04:27:15,Sworn Vengeance (red),3,0
128,Fang,2025-02-19T04:27:15,Cut Deep (yellow),1,0
128,Fang,2025-02-19T04:27:15,Knife Through Butter (yellow),1,0
128,Fang,2025-02-19T04:27:15,Cut Deep (blue),1,0
128,Fang,2025-02-19T04:27:15,Diced (blue),1,0
128,Fang,2025-02-19T04:27:15,Hunt a Killer (blue),1,0
128,Fang,2025-02-19T04:27:15,Power Stance (blue),1,0
128,Fang,2025-02-19T04:27:15,Public Bounty (blue),1,0
128,Fang,2025-02-19T04:27:15,Put in Context (blue),1,0
128,Fang,2025-02-19T04:27:15,Sworn Vengeance (blue),1,0
128,Fang,2025-02-19T04:27:15,Trot Along (blue),1,0
128,Fang,2025-02-19T04:27:15,Coat of Allegiance,1,1
128,Fang,2025-02-19T04:27:15,Red Alert Boots,1,1
128,Fang,2025-02-19T04:27:15,Red Alert Gloves,1,1
129,"Arakni, Web of Deceit",2025-02-19T09:23:43,Den of the Spider (red),1,0
129,"Arakni, Web of Deceit",2025-02-19T09:23:43,Hunted or Hunter (red),2,0
129,"Arakni, Web of Deceit",2025-02-19T09:23:43,Mark of the Black Widow (red),1,0
129,"Arakni, Web of Deceit",2025-02-19T09:23:43,Mark the Prey (red),1,0
129,"Arakni, Web of Deceit",2025-02-19T09:23:43,Orb-Weaver Spinneret (red),1,0
129,"Arakni, Web of Deceit",2025-02-19T09:23:43,Pick Up the Point (red),1,0
129,"Arakni, Web of Deceit",2025-02-19T09:23:43,Plunge the Prospect (red),1,0
129,"Arakni, Web of Deceit",2025-02-19T09:23:43,Pursue to the Edge of Oblivion (red),1,0
129,"Arakni, Web of Deceit",2025-02-19T09:23:43,Razor's Edge (red),1,0
129,"Arakni, Web of Deceit",2025-02-19T09:23:43,Reaper's Call (red),2,0
129,"Arakni, Web of Deceit",2025-02-19T09:23:43,Savor Bloodshed (red),1,0
129,"Arakni, Web of Deceit",2025-02-19T09:23:43,Scar Tissue (red),1,0
129,"Arakni, Web of Deceit",2025-02-19T09:23:43,Scuttle the Canal (red),2,0
129,"Arakni, Web of Deceit",2025-02-19T09:23:43,Take a Stab (red),1,0
129,"Arakni, Web of Deceit",2025-02-19T09:23:43,Mark of the Black Widow (yellow),1,0
129,"Arakni, Web of Deceit",2025-02-19T09:23:43,Mark the Prey (yellow),1,0
129,"Arakni, Web of Deceit",2025-02-19T09:23:43,Plunge the Prospect (yellow),2,0
129,"Arakni, Web of Deceit",2025-02-19T09:23:43,Reaper's Call (yellow),1,0
129,"Arakni, Web of Deceit",2025-02-19T09:23:43,Scar Tissue (yellow),1,0
129,"Arakni, Web of Deceit",2025-02-19T09:23:43,Take a Stab (yellow),2,0
129,"Arakni, Web of Deceit",2025-02-19T09:23:43,Up Sticks and Run (yellow),1,0
129,"Arakni, Web of Deceit",2025-02-19T09:23:43,Bite (blue),1,0
129,"Arakni, Web of Deceit",2025-02-19T09:23:43,Incision (blue),1,0
129,"Arakni, Web of Deceit",2025-02-19T09:23:43,Mark of the Black Widow (blue),2,0
129,"Arakni, Web of Deceit",2025-02-19T09:23:43,Mark of the Funnel Web (blue),1,0
129,"Arakni, Web of Deceit",2025-02-19T09:23:43,Mark the Prey (blue),2,0
129,"Arakni, Web of Deceit",2025-02-19T09:23:43,Reaper's Call (blue),2,0
129,"Arakni, Web of Deceit",2025-02-19T09:23:43,Relentless Pursuit (blue),1,0
129,"Arakni, Web of Deceit",2025-02-19T09:23:43,Danger Digits,1,1
129,"Arakni, Web of Deceit",2025-02-19T09:23:43,Leap Frog Leggings,1,1
129,"Arakni, Web of Deceit",2025-02-19T09:23:43,Red Alert Vest,1,1
129,"Arakni, Web of Deceit",2025-02-19T09:23:43,Red Alert Visor,1,1
130,Cindra,2025-02-19T10:11:36,Art of the Dragon: Blood (red),1,0
130,Cindra,2025-02-19T10:11:36,Art of the Dragon: Fire (red),1,0
130,Cindra,2025-02-19T10:11:36,Blaze Headlong (red),1,0
130,Cindra,2025-02-19T10:11:36,Burning Blade Dance (red),1,0
130,Cindra,2025-02-19T10:11:36,Dust Runner Outlaw (red),1,0
130,Cindra,2025-02-19T10:11:36,Fire Tenet: Strike First (red),1,0
130,Cindra,2025-02-19T10:11:36,For the Realm (red),1,0
130,Cindra,2025-02-19T10:11:36,Grow Claws (red),1,0
130,Cindra,2025-02-19T10:11:36,Hunt the Hunter (red),1,0
130,Cindra,2025-02-19T10:11:36,Lava Vein Loyalty (red),1,0
130,Cindra,2025-02-19T10:11:36,March of Loyalty (red),1,0
130,Cindra,2025-02-19T10:11:36,Mark with Magma (red),2,0
130,Cindra,2025-02-19T10:11:36,Proclaim Vengeance (red),1,0
130,Cindra,2025-02-19T10:11:36,Public Bounty (red),1,0
130,Cindra,2025-02-19T10:11:36,Ronin Renegade (red),1,0
130,Cindra,2025-02-19T10:11:36,Tag the Target (red),2,0
130,Cindra,2025-02-19T10:11:36,Trap and Release (red),1,0
130,Cindra,2025-02-19T10:11:36,Cut Through (yellow),1,0
130,Cindra,2025-02-19T10:11:36,Grow Claws (yellow),1,0
130,Cindra,2025-02-19T10:11:36,Grow Wings (yellow),1,0
130,Cindra,2025-02-19T10:11:36,Throw Yourself at Them (yellow),2,0
130,Cindra,2025-02-19T10:11:36,Cut Through (blue),1,0
130,Cindra,2025-02-19T10:11:36,Fire Tenet: Strike First (blue),1,0
130,Cindra,2025-02-19T10:11:36,Grow Claws (blue),1,0
130,Cindra,2025-02-19T10:11:36,Grow Wings (blue),1,0
130,Cindra,2025-02-19T10:11:36,Pick Up the Point (blue),1,0
130,Cindra,2025-02-19T10:11:36,Poisoned Blade (blue),1,0
130,Cindra,2025-02-19T10:11:36,Put in Context (blue),1,0
130,Cindra,2025-02-19T10:11:36,Tag the Target (blue),1,0
130,Cindra,2025-02-19T10:11:36,Throw Yourself at Them (blue),1,0
130,Cindra,2025-02-19T10:11:36,Trap and Release (blue),1,0
130,Cindra,2025-02-19T10:11:36,Trot Along (blue),1,0
130,Cindra,2025-02-19T10:11:36,Up Sticks and Run (blue),1,0
130,Cindra,2025-02-19T10:11:36,Blade Beckoner Helm,1,1
130,Cindra,2025-02-19T10:11:36,Leap Frog Leggings,1,1
130,Cindra,2025-02-19T10:11:36,Leap Frog Slime Skin,1,1
131,"Arakni, Web of Deceit",2025-02-19T20:26:45,Back Stab (red),1,0
131,"Arakni, Web of Deceit",2025-02-19T20:26:45,Bite (red),1,0
131,"Arakni, Web of Deceit",2025-02-19T20:26:45,Hunted or Hunter (red),2,0
131,"Arakni, Web of Deceit",2025-02-19T20:26:45,Mark of the Funnel Web (red),1,0
131,"Arakni, Web of Deceit",2025-02-19T20:26:45,Orb-Weaver Spinneret (red),1,0
131,"Arakni, Web of Deceit",2025-02-19T20:26:45,Plunge the Prospect (red),3,0
131,"Arakni, Web of Deceit",2025-02-19T20:26:45,Razor's Edge (red),1,0
131,"Arakni, Web of Deceit",2025-02-19T20:26:45,Reaper's Call (red),1,0
131,"Arakni, Web of Deceit",2025-02-19T20:26:45,Take a Stab (red),1,0
131,"Arakni, Web of Deceit",2025-02-19T20:26:45,Tip-Off (red),1,0
131,"Arakni, Web of Deceit",2025-02-19T20:26:45,Two Sides to the Blade (red),1,0
131,"Arakni, Web of Deceit",2025-02-19T20:26:45,Up Sticks and Run (red),1,0
131,"Arakni, Web of Deceit",2025-02-19T20:26:45,Mark of the Funnel Web (yellow),2,0
131,"Arakni, Web of Deceit",2025-02-19T20:26:45,Mark the Prey (yellow),1,0
131,"Arakni, Web of Deceit",2025-02-19T20:26:45,Public Bounty (yellow),2,0
131,"Arakni, Web of Deceit",2025-02-19T20:26:45,Reaper's Call (yellow),2,0
131,"Arakni, Web of Deceit",2025-02-19T20:26:45,Stains of the Redback (yellow),1,0
131,"Arakni, Web of Deceit",2025-02-19T20:26:45,Up Sticks and Run (yellow),1,0
131,"Arakni, Web of Deceit",2025-02-19T20:26:45,Incision (blue),1,0
131,"Arakni, Web of Deceit",2025-02-19T20:26:45,Mark of the Black Widow (blue),1,0
131,"Arakni, Web of Deceit",2025-02-19T20:26:45,Mark of the Funnel Web (blue),1,0
131,"Arakni, Web of Deceit",2025-02-19T20:26:45,Nip at the Heels (blue),1,0
131,"Arakni, Web of Deceit",2025-02-19T20:26:45,Pick Up the Point (blue),2,0
131,"Arakni, Web of Deceit",2025-02-19T20:26:45,Reaper's Call (blue),2,0
131,"Arakni, Web of Deceit",2025-02-19T20:26:45,Scar Tissue (blue),1,0
131,"Arakni, Web of Deceit",2025-02-19T20:26:45,Take a Stab (blue),1,0
131,"Arakni, Web of Deceit",2025-02-19T20:26:45,To the Point (blue),1,0
131,"Arakni, Web of Deceit",2025-02-19T20:26:45,Danger Digits,1,1
131,"Arakni, Web of Deceit",2025-02-19T20:26:45,Red Alert Boots,1,1
131,"Arakni, Web of Deceit",2025-02-19T20:26:45,Red Alert Vest,1,1
131,"Arakni, Web of Deceit",2025-02-19T20:26:45,Red Alert Visor,1,1
132,Fang,2025-02-20T13:23:12,Den of the Spider (red),1,0
132,Fang,2025-02-20T13:23:12,Diced (red),1,0
132,Fang,2025-02-20T13:23:12,Drop of Dragon Blood (red),1,0
132,Fang,2025-02-20T13:23:12,Endear Devotion (red),1,0
132,Fang,2025-02-20T13:23:12,Imperial Intent (red),2,0
132,Fang,2025-02-20T13:23:12,Pledge Fealty (red),1,0
132,Fang,2025-02-20T13:23:12,Proclaim Vengeance (red),2,0
132,Fang,2025-02-20T13:23:12,Pursue to the Pits of Despair (red),1,0
132,Fang,2025-02-20T13:23:12,Scar Tissue (red),1,0
132,Fang,2025-02-20T13:23:12,Searing Gaze (red),2,0
132,Fang,2025-02-20T13:23:12,Stabbing Pain (red),1,0
132,Fang,2025-02-20T13:23:12,Take a Stab (red),1,0
132,Fang,2025-02-20T13:23:12,Tooth of the Dragon (red),1,0
132,Fang,2025-02-20T13:23:12,Twist and Turn (red),2,0
132,Fang,2025-02-20T13:23:12,Agility Stance (yellow),1,0
132,Fang,2025-02-20T13:23:12,Hunt a Killer (yellow),1,0
132,Fang,2025-02-20T13:23:12,Incision (yellow),1,0
132,Fang,2025-02-20T13:23:12,Point of Engagement (yellow),1,0
132,Fang,2025-02-20T13:23:12,Scar Tissue (yellow),1,0
132,Fang,2025-02-20T13:23:12,Take a Stab (yellow),1,0
132,Fang,2025-02-20T13:23:12,Cut Deep (blue),2,0
132,Fang,2025-02-20T13:23:12,Hunt a Killer (blue),2,0
132,Fang,2025-02-20T13:23:12,Incision (blue),1,0
132,Fang,2025-02-20T13:23:12,Knife Through Butter (blue),2,0
132,Fang,2025-02-20T13:23:12,Take a Stab (blue),1,0
132,Fang,2025-02-20T13:23:12,Blade Beckoner Gauntlets,1,1
132,Fang,2025-02-20T13:23:12,Red Alert Boots,1,1
132,Fang,2025-02-20T13:23:12,Red Alert Vest,1,1
132,Fang,2025-02-20T13:23:12,Red Alert Visor,1,1
133,Cindra,2025-02-21T08:50:08,Blessing of Vynserakai (red),1,0
133,Cindra,2025-02-21T08:50:08,Blood Line (red),1,0
133,Cindra,2025-02-21T08:50:08,Demonstrate Devotion (red),2,0
133,Cindra,2025-02-21T08:50:08,Dust Runner Outlaw (red),1,0
133,Cindra,2025-02-21T08:50:08,For the Dracai (red),1,0
133,Cindra,2025-02-21T08:50:08,Grow Claws (red),2,0
133,Cindra,2025-02-21T08:50:08,Grow Wings (red),1,0
133,Cindra,2025-02-21T08:50:08,Mark with Magma (red),3,0
133,Cindra,2025-02-21T08:50:08,Poisoned Blade (red),2,0
133,Cindra,2025-02-21T08:50:08,Proclaim Vengeance (red),1,0
133,Cindra,2025-02-21T08:50:08,Pursue to the Edge of Oblivion (red),1,0
133,Cindra,2025-02-21T08:50:08,Ronin Renegade (red),1,0
133,Cindra,2025-02-21T08:50:08,Sigil of Solace (red),1,0
133,Cindra,2025-02-21T08:50:08,Throw Yourself at Them (red),1,0
133,Cindra,2025-02-21T08:50:08,Trap and Release (red),1,0
133,Cindra,2025-02-21T08:50:08,Fire Tenet: Strike First (yellow),2,0
133,Cindra,2025-02-21T08:50:08,Tag the Target (yellow),1,0
133,Cindra,2025-02-21T08:50:08,Throw Yourself at Them (yellow),1,0
133,Cindra,2025-02-21T08:50:08,Fire Tenet: Strike First (blue),1,0
133,Cindra,2025-02-21T08:50:08,Grow Claws (blue),2,0
133,Cindra,2025-02-21T08:50:08,Pick Up the Point (blue),1,0
133,Cindra,2025-02-21T08:50:08,Tag the Target (blue),1,0
133,Cindra,2025-02-21T08:50:08,Throw Yourself at Them (blue),1,0
133,Cindra,2025-02-21T08:50:08,Trap and Release (blue),1,0
133,Cindra,2025-02-21T08:50:08,Coat of Allegiance,1,1
133,Cindra,2025-02-21T08:50:08,Leap Frog Gloves,1,1
133,Cindra,2025-02-21T08:50:08,Leap Frog Leggings,1,1
133,Cindra,2025-02-21T08:50:08,Vow of Vengeance,1,1
134,Cindra,2025-02-21T23:24:41,Art of the Dragon: Fire (red),1,0
134,Cindra,2025-02-21T23:24:41,Blood Drop (red),1,0
134,Cindra,2025-02-21T23:24:41,Blood Line (red),1,0
134,Cindra,2025-02-21T23:24:41,Burning Blade Dance (red),2,0
134,Cindra,2025-02-21T23:24:41,Cut Through (red),1,0
134,Cindra,2025-02-21T23:24:41,Demonstrate Devotion (red),1,0
134,Cindra,2025-02-21T23:24:41,Display Loyalty (red),1,0
134,Cindra,2025-02-21T23:24:41,Fire Tenet: Strike First (red),2,0
134,Cindra,2025-02-21T23:24:41,Grow Claws (red),2,0
134,Cindra,2025-02-21T23:24:41,March of Loyalty (red),1,0
134,Cindra,2025-02-21T23:24:41,Poisoned Blade (red),2,0
134,Cindra,2025-02-21T23:24:41,Ronin Renegade (red),2,0
134,Cindra,2025-02-21T23:24:41,Silver Talons (red),1,0
134,Cindra,2025-02-21T23:24:41,Tag the Target (red),2,0
134,Cindra,2025-02-21T23:24:41,Throw Yourself at Them (red),3,0
134,Cindra,2025-02-21T23:24:41,Up Sticks and Run (red),1,0
134,Cindra,2025-02-21T23:24:41,Grow Wings (yellow),1,0
134,Cindra,2025-02-21T23:24:41,Lay Low (yellow),1,0
134,Cindra,2025-02-21T23:24:41,Pick Up the Point (yellow),2,0
134,Cindra,2025-02-21T23:24:41,Throw Yourself at Them (yellow),1,0
134,Cindra,2025-02-21T23:24:41,Fire Tenet: Strike First (blue),1,0
134,Cindra,2025-02-21T23:24:41,Grow Claws (blue),1,0
134,Cindra,2025-02-21T23:24:41,Pick Up the Point (blue),1,0
134,Cindra,2025-02-21T23:24:41,Poisoned Blade (blue),2,0
134,Cindra,2025-02-21T23:24:41,Trap and Release (blue),1,0
134,Cindra,2025-02-21T23:24:41,Danger Digits,1,1
134,Cindra,2025-02-21T23:24:41,Leap Frog Gloves,1,1
134,Cindra,2025-02-21T23:24:41,Leap Frog Leggings,1,1
134,Cindra,2025-02-21T23:24:41,Leap Frog Vocal Sac,1,1
135,"Arakni, Web of Deceit",2025-02-22T01:49:16,Back Stab (red),1,0
135,"Arakni, Web of Deceit",2025-02-22T01:49:16,Den of the Spider (red),2,0
135,"Arakni, Web of Deceit",2025-02-22T01:49:16,Orb-Weaver Spinneret (red),2,0
135,"Arakni, Web of Deceit",2025-02-22T01:49:16,Outed (red),1,0
135,"Arakni, Web of Deceit",2025-02-22T01:49:16,Pick Up the Point (red),1,0
135,"Arakni, Web of Deceit",2025-02-22T01:49:16,Plunge the Prospect (red),2,0
135,"Arakni, Web of Deceit",2025-02-22T01:49:16,Razor's Edge (red),1,0
135,"Arakni, Web of Deceit",2025-02-22T01:49:16,Scuttle the Canal (red),1,0
135,"Arakni, Web of Deceit",2025-02-22T01:49:16,Take a Stab (red),2,0
135,"Arakni, Web of Deceit",2025-02-22T01:49:16,Two Sides to the Blade (red),2,0
135,"Arakni, Web of Deceit",2025-02-22T01:49:16,Whittle from Bone (red),1,0
135,"Arakni, Web of Deceit",2025-02-22T01:49:16,Lay Low (yellow),1,0
135,"Arakni, Web of Deceit",2025-02-22T01:49:16,Plunge the Prospect (yellow),3,0
135,"Arakni, Web of Deceit",2025-02-22T01:49:16,Scuttle the Canal (yellow),1,0
135,"Arakni, Web of Deceit",2025-02-22T01:49:16,To the Point (yellow),1,0
135,"Arakni, Web of Deceit",2025-02-22T01:49:16,Bite (blue),1,0
135,"Arakni, Web of Deceit",2025-02-22T01:49:16,Incision (blue),1,0
135,"Arakni, Web of Deceit",2025-02-22T01:49:16,Mark of the Black Widow (blue),2,0
135,"Arakni, Web of Deceit",2025-02-22T01:49:16,Public Bounty (blue),1,0
135,"Arakni, Web of Deceit",2025-02-22T01:49:16,Scuttle the Canal (blue),2,0
135,"Arakni, Web of Deceit",2025-02-22T01:49:16,Take a Stab (blue),3,0
135,"Arakni, Web of Deceit",2025-02-22T01:49:16,Tip-Off (blue),1,0
135,"Arakni, Web of Deceit",2025-02-22T01:49:16,Trot Along (blue),1,0
135,"Arakni, Web of Deceit",2025-02-22T01:49:16,Blade Beckoner Gauntlets,1,1
135,"Arakni, Web of Deceit",2025-02-22T01:49:16,Red Alert Vest,1,1
135,"Arakni, Web of Deceit",2025-02-22T01:49:16,Red Alert Visor,1,1
135,"Arakni, Web of Deceit",2025-02-22T01:49:16,Starting Point,1,1
136,Fang,2025-02-22T05:23:18,Affirm Loyalty (red),2,0
136,Fang,2025-02-22T05:23:18,Blaze Headlong (red),1,0
136,Fang,2025-02-22T05:23:18,Diced (red),1,0
136,Fang,2025-02-22T05:23:18,Dynastic Dedication (red),1,0
136,Fang,2025-02-22T05:23:18,Fire and Brimstone (red),1,0
136,Fang,2025-02-22T05:23:18,For the Emperor (red),2,0
136,Fang,2025-02-22T05:23:18,For the Realm (red),1,0
136,Fang,2025-02-22T05:23:18,Incision (red),1,0
136,Fang,2025-02-22T05:23:18,Pledge Fealty (red),2,0
136,Fang,2025-02-22T05:23:18,Point of Engagement (red),1,0
136,Fang,2025-02-22T05:23:18,Pursue to the Pits of Despair (red),1,0
136,Fang,2025-02-22T05:23:18,Scar Tissue (red),1,0
136,Fang,2025-02-22T05:23:18,Searing Gaze (red),2,0
136,Fang,2025-02-22T05:23:18,Sisters of Fire (red),1,0
136,Fang,2025-02-22T05:23:18,Sizzling Steel (red),1,0
136,Fang,2025-02-22T05:23:18,Stabbing Pain (red),1,0
136,Fang,2025-02-22T05:23:18,Sworn Vengeance (red),1,0
136,Fang,2025-02-22T05:23:18,Tip-Off (red),1,0
136,Fang,2025-02-22T05:23:18,Tooth of the Dragon (red),1,0
136,Fang,2025-02-22T05:23:18,Agility Stance (yellow),1,0
136,Fang,2025-02-22T05:23:18,Cut Deep (yellow),1,0
136,Fang,2025-02-22T05:23:18,Scar Tissue (yellow),1,0
136,Fang,2025-02-22T05:23:18,Sworn Vengeance (yellow),1,0
136,Fang,2025-02-22T05:23:18,Take a Stab (yellow),1,0
136,Fang,2025-02-22T05:23:18,Cut Deep (blue),2,0
136,Fang,2025-02-22T05:23:18,Cut from the Same Cloth (blue),1,0
136,Fang,2025-02-22T05:23:18,Exposed (blue),1,0
136,Fang,2025-02-22T05:23:18,Scar Tissue (blue),1,0
136,Fang,2025-02-22T05:23:18,Tip-Off (blue),1,0
136,Fang,2025-02-22T05:23:18,Twist and Turn (blue),1,0
136,Fang,2025-02-22T05:23:18,Hand of Vengeance,1,1
136,Fang,2025-02-22T05:23:18,Heart of Vengeance,1,1
136,Fang,2025-02-22T05:23:18,Red Alert Boots,1,1
136,Fang,2025-02-22T05:23:18,Red Alert Gloves,1,1
136,Fang,2025-02-22T05:23:18,Vow of Vengeance,1,1
137,Fang,2025-02-22T16:18:09,Affirm Loyalty (red),1,0
137,Fang,2025-02-22T16:18:09,Blistering Blade (red),2,0
137,Fang,2025-02-22T16:18:09,Cut Deep (red),1,0
137,Fang,2025-02-22T16:18:09,Cut from the Same Cloth (red),1,0
137,Fang,2025-02-22T16:18:09,Drop of Dragon Blood (red),1,0
137,Fang,2025-02-22T16:18:09,Hunt to the Ends of Rathe (red),1,0
137,Fang,2025-02-22T16:18:09,Imperial Intent (red),1,0
137,Fang,2025-02-22T16:18:09,Incision (red),1,0
137,Fang,2025-02-22T16:18:09,Pledge Fealty (red),2,0
137,Fang,2025-02-22T16:18:09,Point of Engagement (red),1,0
137,Fang,2025-02-22T16:18:09,Proclaim Vengeance (red),1,0
137,Fang,2025-02-22T16:18:09,Scalding Iron (red),1,0
137,Fang,2025-02-22T16:18:09,Searing Gaze (red),1,0
137,Fang,2025-02-22T16:18:09,Sisters of Fire (red),1,0
137,Fang,2025-02-22T16:18:09,Stabbing Pain (red),1,0
137,Fang,2025-02-22T16:18:09,Sworn Vengeance (red),1,0
137,Fang,2025-02-22T16:18:09,Tooth of the Dragon (red),1,0
137,Fang,2025-02-22T16:18:09,Twist and Turn (red),1,0
137,Fang,2025-02-22T16:18:09,Hunt a Killer (yellow),3,0
137,Fang,2025-02-22T16:18:09,Incision (yellow),2,0
137,Fang,2025-02-22T16:18:09,Perforate (yellow),1,0
137,Fang,2025-02-22T16:18:09,Take a Stab (yellow),1,0
137,Fang,2025-02-22T16:18:09,To the Point (yellow),1,0
137,Fang,2025-02-22T16:18:09,Hunt a Killer (blue),1,0
137,Fang,2025-02-22T16:18:09,Incision (blue),1,0
137,Fang,2025-02-22T16:18:09,Knife Through Butter (blue),1,0
137,Fang,2025-02-22T16:18:09,Put in Context (blue),1,0
137,Fang,2025-02-22T16:18:09,To the Point (blue),1,0
137,Fang,2025-02-22T16:18:09,Trot Along (blue),1,0
137,Fang,2025-02-22T16:18:09,Twist and Turn (blue),2,0
137,Fang,2025-02-22T16:18:09,Blade Beckoner Boots,1,1
137,Fang,2025-02-22T16:18:09,Hand of Vengeance,1,1
137,Fang,2025-02-22T16:18:09,Red Alert Vest,1,1
138,"Arakni, Web of Deceit",2025-02-22T19:09:10,Back Stab (red),1,0
138,"Arakni, Web of Deceit",2025-02-22T19:09:10,Incision (red),1,0
138,"Arakni, Web of Deceit",2025-02-22T19:09:10,Lair of the Spider (red),2,0
138,"Arakni, Web of Deceit",2025-02-22T19:09:10,Mark of the Funnel Web (red),1,0
138,"Arakni, Web of Deceit",2025-02-22T19:09:10,Plunge the Prospect (red),1,0
138,"Arakni, Web of Deceit",2025-02-22T19:09:10,Razor's Edge (red),1,0
138,"Arakni, Web of Deceit",2025-02-22T19:09:10,Reaper's Call (red),3,0
138,"Arakni, Web of Deceit",2025-02-22T19:09:10,Take a Stab (red),1,0
138,"Arakni, Web of Deceit",2025-02-22T19:09:10,Throw Yourself at Them (red),2,0
138,"Arakni, Web of Deceit",2025-02-22T19:09:10,Up Sticks and Run (red),1,0
138,"Arakni, Web of Deceit",2025-02-22T19:09:10,Whittle from Bone (red),1,0
138,"Arakni, Web of Deceit",2025-02-22T19:09:10,Cut from the Same Cloth (yellow),1,0
138,"Arakni, Web of Deceit",2025-02-22T19:09:10,Incision (yellow),1,0
138,"Arakni, Web of Deceit",2025-02-22T19:09:10,Lay Low (yellow),1,0
138,"Arakni, Web of Deceit",2025-02-22T19:09:10,Mark the Prey (yellow),2,0
138,"Arakni, Web of Deceit",2025-02-22T19:09:10,Pick Up the Point (yellow),1,0
138,"Arakni, Web of Deceit",2025-02-22T19:09:10,Plunge the Prospect (yellow),2,0
138,"Arakni, Web of Deceit",2025-02-22T19:09:10,Scar Tissue (yellow),2,0
138,"Arakni, Web of Deceit",2025-02-22T19:09:10,Take Up the Mantle (yellow),1,0
138,"Arakni, Web of Deceit",2025-02-22T19:09:10,Throw Yourself at Them (yellow),1,0
138,"Arakni, Web of Deceit",2025-02-22T19:09:10,Orb-Weaver Spinneret (blue),1,0
138,"Arakni, Web of Deceit",2025-02-22T19:09:10,Poisoned Blade (blue),1,0
138,"Arakni, Web of Deceit",2025-02-22T19:09:10,Reaper's Call (blue),1,0
138,"Arakni, Web of Deceit",2025-02-22T19:09:10,Scar Tissue (blue),1,0
138,"Arakni, Web of Deceit",2025-02-22T19:09:10,Take a Stab (blue),1,0
138,"Arakni, Web of Deceit",2025-02-22T19:09:10,Throw Yourself at Them (blue),2,0
138,"Arakni, Web of Deceit",2025-02-22T19:09:10,Leap Frog Gloves,1,1
138,"Arakni, Web of Deceit",2025-02-22T19:09:10,Red Alert Boots,1,1
139,Cindra,2025-02-22T21:26:07,Art of the Dragon: Blood (red),1,0
139,Cindra,2025-02-22T21:26:07,Art of the Dragon: Fire (red),1,0
139,Cindra,2025-02-22T21:26:07,Blessing of Vynserakai (red),2,0
139,Cindra,2025-02-22T21:26:07,Blood Drop (red),2,0
139,Cindra,2025-02-22T21:26:07,Burning Blade Dance (red),1,0
139,Cindra,2025-02-22T21:26:07,Display Loyalty (red),2,0
139,Cindra,2025-02-22T21:26:07,Fire Tenet: Strike First (red),1,0
139,Cindra,2025-02-22T21:26:07,For the Dracai (red),1,0
139,Cindra,2025-02-22T21:26:07,Grow Claws (red),1,0
139,Cindra,2025-02-22T21:26:07,Grow Wings (red),1,0
139,Cindra,2025-02-22T21:26:07,Lava Vein Loyalty (red),1,0
139,Cindra,2025-02-22T21:26:07,Mark with Magma (red),2,0
139,Cindra,2025-02-22T21:26:07,Oath of Loyalty (red),1,0
139,Cindra,2025-02-22T21:26:07,Outed (red),2,0
139,Cindra,2025-02-22T21:26:07,Pick Up the Point (red),2,0
139,Cindra,2025-02-22T21:26:07,Ronin Renegade (red),1,0
139,Cindra,2025-02-22T21:26:07,Grow Wings (yellow),1,0
139,Cindra,2025-02-22T21:26:07,Lay Low (yellow),1,0
139,Cindra,2025-02-22T21:26:07,Poisoned Blade (yellow),1,0
139,Cindra,2025-02-22T21:26:07,Exposed (blue),1,0
139,Cindra,2025-02-22T21:26:07,Fire Tenet: Strike First (blue),1,0
139,Cindra,2025-02-22T21:26:07,Grow Claws (blue),1,0
139,Cindra,2025-02-22T21:26:07,Grow Wings (blue),2,0
139,Cindra,2025-02-22T21:26:07,Poisoned Blade (blue),1,0
139,Cindra,2025-02-22T21:26:07,Tag the Target (blue),1,0
139,Cindra,2025-02-22T21:26:07,Tip-Off (blue),1,0
139,Cindra,2025-02-22T21:26:07,Trap and Release (blue),1,0
139,Cindra,2025-02-22T21:26:07,Blade Beckoner Gauntlets,1,1
139,Cindra,2025-02-22T21:26:07,Leap Frog Slime Skin,1,1
139,Cindra,2025-02-22T21:26:07,Path of Vengeance,1,1
139,Cindra,2025-02-22T21:26:07,Vow of Vengeance,1,1
140,Cindra,2025-02-22T22:58:56,Blessing of Vynserakai (red),2,0
140,Cindra,2025-02-22T22:58:56,Blood Drop (red),1,0
140,Cindra,2025-02-22T22:58:56,Cinderskin Devotion (red),2,0
140,Cindra,2025-02-22T22:58:56,Compounding Anger (red),1,0
140,Cindra,2025-02-22T22:58:56,Demonstrate Devotion (red),1,0
140,Cindra,2025-02-22T22:58:56,Dust Runner Outlaw (red),2,0
140,Cindra,2025-02-22T22:58:56,Grow Claws (red),2,0
140,Cindra,2025-02-22T22:58:56,Grow Wings (red),2,0
140,Cindra,2025-02-22T22:58:56,Hot on Their Heels (red),2,0
140,Cindra,2025-02-22T22:58:56,Lava Vein Loyalty (red),1,0
140,Cindra,2025-02-22T22:58:56,March of Loyalty (red),1,0
140,Cindra,2025-02-22T22:58:56,Mark with Magma (red),2,0
140,Cindra,2025-02-22T22:58:56,Trap and Release (red),1,0
140,Cindra,2025-02-22T22:58:56,Wrath of Retribution (red),1,0
140,Cindra,2025-02-22T22:58:56,Grow Claws (yellow),1,0
140,Cindra,2025-02-22T22:58:56,Pick Up the Point (yellow),1,0
140,Cindra,2025-02-22T22:58:56,Tip-Off (yellow),1,0
140,Cindra,2025-02-22T22:58:56,Cut Through (blue),1,0
140,Cindra,2025-02-22T22:58:56,Fire Tenet: Strike First (blue),1,0
140,Cindra,2025-02-22T22:58:56,Grow Claws (blue),2,0
140,Cindra,2025-02-22T22:58:56,Tag the Target (blue),1,0
140,Cindra,2025-02-22T22:58:56,Throw Yourself at Them (blue),1,0
140,Cindra,2025-02-22T22:58:56,Trap and Release (blue),2,0
140,Cindra,2025-02-22T22:58:56,Blade Beckoner Helm,1,1
140,Cindra,2025-02-22T22:58:56,Coat of Allegiance,1,1
140,Cindra,2025-02-22T22:58:56,Hand of Vengeance,1,1
140,Cindra,2025-02-22T22:58:56,Heart of Vengeance,1,1
141,Cindra,2025-02-25T04:15:19,Art of the Dragon: Fire (red),1,0
141,Cindra,2025-02-25T04:15:19,Blaze Headlong (red),1,0
141,Cindra,2025-02-25T04:15:19,Bubble to the Surface (red),1,0
141,Cindra,2025-02-25T04:15:19,Burning Blade Dance (red),1,0
141,Cindra,2025-02-25T04:15:19,Calming Breeze (red),1,0
141,Cindra,2025-02-25T04:15:19,Compounding Anger (red),1,0
141,Cindra,2025-02-25T04:15:19,Fire Tenet: Strike First (red),3,0
141,Cindra,2025-02-25T04:15:19,For the Emperor (red),1,0
141,Cindra,2025-02-25T04:15:19,Grow Wings (red),3,0
141,Cindra,2025-02-25T04:15:19,Hot on Their Heels (red),1,0
141,Cindra,2025-02-25T04:15:19,Hunt the Hunter (red),1,0
141,Cindra,2025-02-25T04:15:19,Lava Vein Loyalty (red),3,0
141,Cindra,2025-02-25T04:15:19,Mark with Magma (red),1,0
141,Cindra,2025-02-25T04:15:19,Ronin Renegade (red),2,0
141,Cindra,2025-02-25T04:15:19,Silver Talons (red),1,0
141,Cindra,2025-02-25T04:15:19,Throw Yourself at Them (red),1,0
141,Cindra,2025-02-25T04:15:19,Trap and Release (red),1,0
141,Cindra,2025-02-25T04:15:19,Wrath of Retribution (red),1,0
141,Cindra,2025-02-25T04:15:19,Grow Claws (yellow),1,0
141,Cindra,2025-02-25T04:15:19,Grow Wings (yellow),1,0
141,Cindra,2025-02-25T04:15:19,Pick Up the Point (yellow),1,0
141,Cindra,2025-02-25T04:15:19,Fire Tenet: Strike First (blue),1,0
141,Cindra,2025-02-25T04:15:19,Grow Claws (blue),1,0
141,Cindra,2025-02-25T04:15:19,Grow Wings (blue),1,0
141,Cindra,2025-02-25T04:15:19,Nip at the Heels (blue),1,0
141,Cindra,2025-02-25T04:15:19,Poisoned Blade (blue),1,0
141,Cindra,2025-02-25T04:15:19,Throw Yourself at Them (blue),1,0
141,Cindra,2025-02-25T04:15:19,Tip-Off (blue),1,0
141,Cindra,2025-02-25T04:15:19,Trap and Release (blue),1,0
141,Cindra,2025-02-25T04:15:19,Blade Beckoner Plating,1,1
141,Cindra,2025-02-25T04:15:19,Leap Frog Leggings,1,1
141,Cindra,2025-02-25T04:15:19,Vow of Vengeance,1,1
142,Fang,2025-02-25T20:42:00,Blistering Blade (red),1,0
142,Fang,2025-02-25T20:42:00,Cut Deep (red),4,0
142,Fang,2025-02-25T20:42:00,Den of the Spider (red),1,0
142,Fang,2025-02-25T20:42:00,Dynastic Dedication (red),1,0
142,Fang,2025-02-25T20:42:00,For the Dracai (red),1,0
142,Fang,2025-02-25T20:42:00,For the Emperor (red),1,0
142,Fang,2025-02-25T20:42:00,For the Realm (red),1,0
142,Fang,2025-02-25T20:42:00,Hunt a Killer (red),1,0
142,Fang,2025-02-25T20:42:00,Imperial Intent (red),1,0
142,Fang,2025-02-25T20:42:00,Knife Through Butter (red),1,0
142,Fang,2025-02-25T20:42:00,March of Loyalty (red),1,0
142,Fang,2025-02-25T20:42:00,Pledge Fealty (red),1,0
142,Fang,2025-02-25T20:42:00,Proclaim Vengeance (red),1,0
142,Fang,2025-02-25T20:42:00,Public Bounty (red),1,0
142,Fang,2025-02-25T20:42:00,Scar Tissue (red),1,0
142,Fang,2025-02-25T20:42:00,Searing Gaze (red),1,0
142,Fang,2025-02-25T20:42:00,Sisters of Fire (red),1,0
142,Fang,2025-02-25T20:42:00,Sizzling Steel (red),2,0
142,Fang,2025-02-25T20:42:00,Sworn Vengeance (red),1,0
142,Fang,2025-02-25T20:42:00,Cut Deep (yellow),1,0
142,Fang,2025-02-25T20:42:00,Cut from the Same Cloth (yellow),1,0
142,Fang,2025-02-25T20:42:00,Public Bounty (yellow),2,0
142,Fang,2025-02-25T20:42:00,Sworn Vengeance (yellow),1,0
142,Fang,2025-02-25T20:42:00,Tip-Off (yellow),1,0
142,Fang,2025-02-25T20:42:00,Hunt a Killer (blue),2,0
142,Fang,2025-02-25T20:42:00,Knife Through Butter (blue),2,0
142,Fang,2025-02-25T20:42:00,Nip at the Heels (blue),1,0
142,Fang,2025-02-25T20:42:00,Power Stance (blue),1,0
142,Fang,2025-02-25T20:42:00,Sworn Vengeance (blue),2,0
142,Fang,2025-02-25T20:42:00,To the Point (blue),1,0
142,Fang,2025-02-25T20:42:00,Coat of Allegiance,1,1
142,Fang,2025-02-25T20:42:00,Red Alert Gloves,1,1
142,Fang,2025-02-25T20:42:00,Red Alert Visor,1,1
143,"Arakni, Web of Deceit",2025-02-26T19:25:14,Back Stab (red),1,0
143,"Arakni, Web of Deceit",2025-02-26T19:25:14,Cut from the Same Cloth (red),1,0
143,"Arakni, Web of Deceit",2025-02-26T19:25:14,Extinguish the Flames (red),1,0
143,"Arakni, Web of Deceit",2025-02-26T19:25:14,Hunted or Hunter (red),1,0
143,"Arakni, Web of Deceit",2025-02-26T19:25:14,Lair of the Spider (red),2,0
143,"Arakni, Web of Deceit",2025-02-26T19:25:14,Mark of the Black Widow (red),1,0
143,"Arakni, Web of Deceit",2025-02-26T19:25:14,Mark the Prey (red),1,0
143,"Arakni, Web of Deceit",2025-02-26T19:25:14,Pick Up the Point (red),2,0
143,"Arakni, Web of Deceit",2025-02-26T19:25:14,Plunge the Prospect (red),1,0
143,"Arakni, Web of Deceit",2025-02-26T19:25:14,Public Bounty (red),1,0
143,"Arakni, Web of Deceit",2025-02-26T19:25:14,Razor's Edge (red),3,0
143,"Arakni, Web of Deceit",2025-02-26T19:25:14,Reaper's Call (red),2,0
143,"Arakni, Web of Deceit",2025-02-26T19:25:14,Up Sticks and Run (red),1,0
143,"Arakni, Web of Deceit",2025-02-26T19:25:14,Incision (yellow),1,0
143,"Arakni, Web of Deceit",2025-02-26T19:25:14,Mark of the Black Widow (yellow),1,0
143,"Arakni, Web of Deceit",2025-02-26T19:25:14,Mark the Prey (yellow),1,0
143,"Arakni, Web of Deceit",2025-02-26T19:25:14,Perforate (yellow),1,0
143,"Arakni, Web of Deceit",2025-02-26T19:25:14,Reaper's Call (yellow),1,0
143,"Arakni, Web of Deceit",2025-02-26T19:25:14,Scuttle the Canal (yellow),1,0
143,"Arakni, Web of Deceit",2025-02-26T19:25:14,Stains of the Redback (yellow),1,0
143,"Arakni, Web of Deceit",2025-02-26T19:25:14,Take a Stab (yellow),1,0
143,"Arakni, Web of Deceit",2025-02-26T19:25:14,Whittle from Bone (yellow),1,0
143,"Arakni, Web of Deceit",2025-02-26T19:25:14,Cut Through (blue),1,0
143,"Arakni, Web of Deceit",2025-02-26T19:25:14,Mark of the Funnel Web (blue),1,0
143,"Arakni, Web of Deceit",2025-02-26T19:25:14,Plunge the Prospect (blue),1,0
143,"Arakni, Web of Deceit",2025-02-26T19:25:14,Reaper's Call (blue),1,0
143,"Arakni, Web of Deceit",2025-02-26T19:25:14,Scuttle the Canal (blue),3,0
143,"Arakni, Web of Deceit",2025-02-26T19:25:14,Leap Frog Leggings,1,1
143,"Arakni, Web of Deceit",2025-02-26T19:25:14,Red Alert Gloves,1,1
143,"Arakni, Web of Deceit",2025-02-26T19:25:14,Red Alert Vest,1,1
143,"Arakni, Web of Deceit",2025-02-26T19:25:14,Red Alert Visor,1,1
144,Fang,2025-02-26T20:42:40,Brothers of Flame (red),1,0
144,Fang,2025-02-26T20:42:40,Cut Deep (red),1,0
144,Fang,2025-02-26T20:42:40,Cut from the Same Cloth (red),1,0
144,Fang,2025-02-26T20:42:40,Endear Devotion (red),1,0
144,Fang,2025-02-26T20:42:40,Fire and Brimstone (red),1,0
144,Fang,2025-02-26T20:42:40,For the Dracai (red),1,0
144,Fang,2025-02-26T20:42:40,For the Emperor (red),1,0
144,Fang,2025-02-26T20:42:40,Imperial Seal of Command (red),1,0
144,Fang,2025-02-26T20:42:40,Incision (red),1,0
144,Fang,2025-02-26T20:42:40,Pledge Fealty (red),1,0
144,Fang,2025-02-26T20:42:40,Rake Over the Coals (red),1,0
144,Fang,2025-02-26T20:42:40,Scar Tissue (red),1,0
144,Fang,2025-02-26T20:42:40,Sisters of Fire (red),1,0
144,Fang,2025-02-26T20:42:40,Sizzling Steel (red),2,0
144,Fang,2025-02-26T20:42:40,Sworn Vengeance (red),2,0
144,Fang,2025-02-26T20:42:40,Cut from the Same Cloth (yellow),1,0
144,Fang,2025-02-26T20:42:40,Hunt a Killer (yellow),2,0
144,Fang,2025-02-26T20:42:40,Incision (yellow),1,0
144,Fang,2025-02-26T20:42:40,Public Bounty (yellow),1,0
144,Fang,2025-02-26T20:42:40,Twist and Turn (yellow),1,0
144,Fang,2025-02-26T20:42:40,Cut Deep (blue),1,0
144,Fang,2025-02-26T20:42:40,Knife Through Butter (blue),1,0
144,Fang,2025-02-26T20:42:40,Scar Tissue (blue),2,0
144,Fang,2025-02-26T20:42:40,Sworn Vengeance (blue),2,0
144,Fang,2025-02-26T20:42:40,To the Point (blue),1,0
144,Fang,2025-02-26T20:42:40,Twist and Turn (blue),1,0
144,Fang,2025-02-26T20:42:40,Heart of Vengeance,1,1
144,Fang,2025-02-26T20:42:40,Vow of Vengeance,1,1
145,Fang,2025-02-27T05:53:13,Blistering Blade (red),1,0
145,Fang,2025-02-27T05:53:13,Brothers of Flame (red),1,0
145,Fang,2025-02-27T05:53:13,Drop of Dragon Blood (red),1,0
145,Fang,2025-02-27T05:53:13,Endear Devotion (red),2,0
145,Fang,2025-02-27T05:53:13,Fire and Brimstone (red),1,0
145,Fang,2025-02-27T05:53:13,For the Emperor (red),1,0
145,Fang,2025-02-27T05:53:13,Hunt a Killer (red),1,0
145,Fang,2025-02-27T05:53:13,Imperial Intent (red),2,0
145,Fang,2025-02-27T05:53:13,Pursue to the Edge of Oblivion (red),1,0
145,Fang,2025-02-27T05:53:13,Rake Over the Coals (red),1,0
145,Fang,2025-02-27T05:53:13,Scalding Iron (red),1,0
145,Fang,2025-02-27T05:53:13,Scar Tissue (red),1,0
145,Fang,2025-02-27T05:53:13,Searing Gaze (red),2,0
145,Fang,2025-02-27T05:53:13,Sisters of Fire (red),1,0
145,Fang,2025-02-27T05:53:13,Twist and Turn (red),1,0
145,Fang,2025-02-27T05:53:13,Cut from the Same Cloth (yellow),1,0
145,Fang,2025-02-27T05:53:13,Hunt a Killer (yellow),1,0
145,Fang,2025-02-27T05:53:13,Point of Engagement (yellow),1,0
145,Fang,2025-02-27T05:53:13,Scar Tissue (yellow),1,0
145,Fang,2025-02-27T05:53:13,Cut Deep (blue),1,0
145,Fang,2025-02-27T05:53:13,Diced (blue),1,0
145,Fang,2025-02-27T05:53:13,Nip at the Heels (blue),1,0
145,Fang,2025-02-27T05:53:13,Public Bounty (blue),1,0
145,Fang,2025-02-27T05:53:13,Rotten Remains (blue),1,0
145,Fang,2025-02-27T05:53:13,Scar Tissue (blue),1,0
145,Fang,2025-02-27T05:53:13,Take a Stab (blue),1,0
145,Fang,2025-02-27T05:53:13,To the Point (blue),1,0
145,Fang,2025-02-27T05:53:13,Red Alert Boots,1,1
145,Fang,2025-02-27T05:53:13,Red Alert Vest,1,1
145,Fang,2025-02-27T05:53:13,Red Alert Visor,1,1
145,Fang,2025-02-27T05:53:13,Vow of Vengeance,1,1
146,Cindra,2025-02-27T19:12:13,Blood Runs Deep (red),1,0
146,Cindra,2025-02-27T19:12:13,Burning Blade Dance (red),2,0
146,Cindra,2025-02-27T19:12:13,Compounding Anger (red),1,0
146,Cindra,2025-02-27T19:12:13,Devotion Never Dies (red),1,0
146,Cindra,2025-02-27T19:12:13,Display Loyalty (red),1,0
146,Cindra,2025-02-27T19:12:13,Dust Runner Outlaw (red),2,0
146,Cindra,2025-02-27T19:12:13,Grow Wings (red),2,0
146,Cindra,2025-02-27T19:12:13,Hot on Their Heels (red),1,0
146,Cindra,2025-02-27T19:12:13,Lair of the Spider (red),2,0
146,Cindra,2025-02-27T19:12:13,Lava Vein Loyalty (red),2,0
146,Cindra,2025-02-27T19:12:13,Ronin Renegade (red),1,0
146,Cindra,2025-02-27T19:12:13,Tag the Target (red),2,0
146,Cindra,2025-02-27T19:12:13,Trap and Release (red),2,0
146,Cindra,2025-02-27T19:12:13,Wrath of Retribution (red),2,0
146,Cindra,2025-02-27T19:12:13,Fire Tenet: Strike First (yellow),2,0
146,Cindra,2025-02-27T19:12:13,Grow Wings (yellow),1,0
146,Cindra,2025-02-27T19:12:13,Tag the Target (yellow),1,0
146,Cindra,2025-02-27T19:12:13,Fire Tenet: Strike First (blue),1,0
146,Cindra,2025-02-27T19:12:13,Grow Wings (blue),3,0
146,Cindra,2025-02-27T19:12:13,Pick Up the Point (blue),1,0
146,Cindra,2025-02-27T19:12:13,Prowess of Agility (blue),2,0
146,Cindra,2025-02-27T19:12:13,Trap and Release (blue),2,0
146,Cindra,2025-02-27T19:12:13,Coat of Allegiance,1,1
146,Cindra,2025-02-27T19:12:13,Danger Digits,1,1
146,Cindra,2025-02-27T19:12:13,Leap Frog Leggings,1,1
146,Cindra,2025-02-27T19:12:13,Vow of Vengeance,1,1
147,Fang,2025-02-28T01:26:55,Blistering Blade (red),2,0
147,Fang,2025-02-28T01:26:55,Brothers of Flame (red),1,0
147,Fang,2025-02-28T01:26:55,Cut Deep (red),1,0
147,Fang,2025-02-28T01:26:55,Cut from the Same Cloth (red),1,0
147,Fang,2025-02-28T01:26:55,For the Dracai (red),2,0
147,Fang,2025-02-28T01:26:55,Hunt to the Ends of Rathe (red),1,0
147,Fang,2025-02-28T01:26:55,Point of Engagement (red),1,0
147,Fang,2025-02-28T01:26:55,Proclaim Vengeance (red),1,0
147,Fang,2025-02-28T01:26:55,Scar Tissue (red),1,0
147,Fang,2025-02-28T01:26:55,Searing Gaze (red),1,0
147,Fang,2025-02-28T01:26:55,Sigil of Solace (red),1,0
147,Fang,2025-02-28T01:26:55,Tooth of the Dragon (red),3,0
147,Fang,2025-02-28T01:26:55,Twist and Turn (red),1,0
147,Fang,2025-02-28T01:26:55,Knife Through Butter (yellow),2,0
147,Fang,2025-02-28T01:26:55,Lay Low (yellow),2,0
147,Fang,2025-02-28T01:26:55,Point of Engagement (yellow),1,0
147,Fang,2025-02-28T01:26:55,Sworn Vengeance (yellow),1,0
147,Fang,2025-02-28T01:26:55,Cut Deep (blue),2,0
147,Fang,2025-02-28T01:26:55,Cut from the Same Cloth (blue),1,0
147,Fang,2025-02-28T01:26:55,Hunt a Killer (blue),2,0
147,Fang,2025-02-28T01:26:55,Knife Through Butter (blue),1,0
147,Fang,2025-02-28T01:26:55,Nip at the Heels (blue),1,0
147,Fang,2025-02-28T01:26:55,Power Stance (blue),2,0
147,Fang,2025-02-28T01:26:55,Scar Tissue (blue),1,0
147,Fang,2025-02-28T01:26:55,Blade Beckoner Boots,1,1
147,Fang,2025-02-28T01:26:55,Coat of Allegiance,1,1
148,Fang,2025-02-28T02:15:25,Brothers of Flame (red),1,0
148,Fang,2025-02-28T02:15:25,Cut Deep (red),1,0
148,Fang,2025-02-28T02:15:25,Cut from the Same Cloth (red),1,0
148,Fang,2025-02-28T02:15:25,Dynastic Dedication (red),2,0
148,Fang,2025-02-28T02:15:25,For the Emperor (red),1,0
148,Fang,2025-02-28T02:15:25,Imperial Intent (red),1,0
148,Fang,2025-02-28T02:15:25,Point of Engagement (red),1,0
148,Fang,2025-02-28T02:15:25,Proclaim Vengeance (red),1,0
148,Fang,2025-02-28T02:15:25,Scar Tissue (red),1,0
148,Fang,2025-02-28T02:15:25,Searing Gaze (red),1,0
148,Fang,2025-02-28T02:15:25,Sisters of Fire (red),1,0
148,Fang,2025-02-28T02:15:25,Sizzling Steel (red),1,0
148,Fang,2025-02-28T02:15:25,Smoke Out (red),1,0
148,Fang,2025-02-28T02:15:25,Stabbing Pain (red),1,0
148,Fang,2025-02-28T02:15:25,Take a Stab (red),1,0
148,Fang,2025-02-28T02:15:25,Tooth of the Dragon (red),1,0
148,Fang,2025-02-28T02:15:25,Cut Deep (yellow),2,0
148,Fang,2025-02-28T02:15:25,Diced (yellow),1,0
148,Fang,2025-02-28T02:15:25,Incision (yellow),1,0
148,Fang,2025-02-28T02:15:25,Point of Engagement (yellow),1,0
148,Fang,2025-02-28T02:15:25,Public Bounty (yellow),1,0
148,Fang,2025-02-28T02:15:25,Sworn Vengeance (yellow),1,0
148,Fang,2025-02-28T02:15:25,Take a Stab (yellow),1,0
148,Fang,2025-02-28T02:15:25,Cut Deep (blue),1,0
148,Fang,2025-02-28T02:15:25,Hunt a Killer (blue),2,0
148,Fang,2025-02-28T02:15:25,Incision (blue),1,0
148,Fang,2025-02-28T02:15:25,Knife Through Butter (blue),1,0
148,Fang,2025-02-28T02:15:25,Point of Engagement (blue),1,0
148,Fang,2025-02-28T02:15:25,Put in Context (blue),1,0
148,Fang,2025-02-28T02:15:25,Scar Tissue (blue),1,0
148,Fang,2025-02-28T02:15:25,Blade Beckoner Helm,1,1
148,Fang,2025-02-28T02:15:25,Hand of Vengeance,1,1
148,Fang,2025-02-28T02:15:25,Red Alert Vest,1,1
149,Fang,2025-02-28T04:34:42,Affirm Loyalty (red),1,0
149,Fang,2025-02-28T04:34:42,Blistering Blade (red),3,0
149,Fang,2025-02-28T04:34:42,Brothers of Flame (red),1,0
149,Fang,2025-02-28T04:34:42,Cut Deep (red),2,0
149,Fang,2025-02-28T04:34:42,Drop of Dragon Blood (red),1,0
149,Fang,2025-02-28T04:34:42,For the Emperor (red),1,0
149,Fang,2025-02-28T04:34:42,Hunt the Hunter (red),2,0
149,Fang,2025-02-28T04:34:42,Imperial Intent (red),1,0
149,Fang,2025-02-28T04:34:42,Point of Engagement (red),1,0
149,Fang,2025-02-28T04:34:42,Public Bounty (red),1,0
149,Fang,2025-02-28T04:34:42,Rake Over the Coals (red),1,0
149,Fang,2025-02-28T04:34:42,Scar Tissue (red),1,0
149,Fang,2025-02-28T04:34:42,Searing Gaze (red),1,0
149,Fang,2025-02-28T04:34:42,Sigil of Solace (red),1,0
149,Fang,2025-02-28T04:34:42,Sisters of Fire (red),1,0
149,Fang,2025-02-28T04:34:42,Sizzling Steel (red),1,0
149,Fang,2025-02-28T04:34:42,Smoke Out (red),1,0
149,Fang,2025-02-28T04:34:42,Tooth of the Dragon (red),1,0
149,Fang,2025-02-28T04:34:42,Cut Deep (yellow),1,0
149,Fang,2025-02-28T04:34:42,Hunt a Killer (yellow),3,0
149,Fang,2025-02-28T04:34:42,Sworn Vengeance (yellow),1,0
149,Fang,2025-02-28T04:34:42,To the Point (yellow),1,0
149,Fang,2025-02-28T04:34:42,Twist and Turn (yellow),1,0
149,Fang,2025-02-28T04:34:42,Cut Deep (blue),1,0
149,Fang,2025-02-28T04:34:42,Hunt a Killer (blue),1,0
149,Fang,2025-02-28T04:34:42,Knife Through Butter (blue),1,0
149,Fang,2025-02-28T04:34:42,Public Bounty (blue),1,0
149,Fang,2025-02-28T04:34:42,Put in Context (blue),1,0
149,Fang,2025-02-28T04:34:42,Take a Stab (blue),1,0
149,Fang,2025-02-28T04:34:42,Twist and Turn (blue),1,0
149,Fang,2025-02-28T04:34:42,Blade Beckoner Gauntlets,1,1
149,Fang,2025-02-28T04:34:42,Heart of Vengeance,1,1
149,Fang,2025-02-28T04:34:42,Red Alert Vest,1,1
149,Fang,2025-02-28T04:34:42,Starting Point,1,1
150,Fang,2025-02-28T05:14:16,Blessing of Vynserakai (red),1,0
150,Fang,2025-02-28T05:14:16,Blistering Blade (red),2,0
150,Fang,2025-02-28T05:14:16,Dynastic Dedication (red),1,0
150,Fang,2025-02-28T05:14:16,Flurry Stance (red),2,0
150,Fang,2025-02-28T05:14:16,March of Loyalty (red),1,0
150,Fang,2025-02-28T05:14:16,Outed (red),3,0
150,Fang,2025-02-28T05:14:16,Point of Engagement (red),2,0
150,Fang,2025-02-28T05:14:16,Pursue to the Edge of Oblivion (red),1,0
150,Fang,2025-02-28T05:14:16,Sizzling Steel (red),2,0
150,Fang,2025-02-28T05:14:16,Stabbing Pain (red),1,0
150,Fang,2025-02-28T05:14:16,Sworn Vengeance (red),2,0
150,Fang,2025-02-28T05:14:16,Tooth of the Dragon (red),1,0
150,Fang,2025-02-28T05:14:16,Cut Deep (yellow),1,0
150,Fang,2025-02-28T05:14:16,Knife Through Butter (yellow),1,0
150,Fang,2025-02-28T05:14:16,Point of Engagement (yellow),2,0
150,Fang,2025-02-28T05:14:16,Public Bounty (yellow),2,0
150,Fang,2025-02-28T05:14:16,Tip-Off (yellow),1,0
150,Fang,2025-02-28T05:14:16,Cut Deep (blue),3,0
150,Fang,2025-02-28T05:14:16,Incision (blue),1,0
150,Fang,2025-02-28T05:14:16,Scar Tissue (blue),1,0
150,Fang,2025-02-28T05:14:16,Sworn Vengeance (blue),1,0
150,Fang,2025-02-28T05:14:16,To the Point (blue),1,0
150,Fang,2025-02-28T05:14:16,Twist and Turn (blue),1,0
150,Fang,2025-02-28T05:14:16,Blade Beckoner Helm,1,1
150,Fang,2025-02-28T05:14:16,Coat of Allegiance,1,1
150,Fang,2025-02-28T05:14:16,Red Alert Gloves,1,1
151,Cindra,2025-02-28T07:01:27,Art of the Dragon: Claw (red),1,0
151,Cindra,2025-02-28T07:01:27,Blessing of Vynserakai (red),1,0
151,Cindra,2025-02-28T07:01:27,Burning Blade Dance (red),3,0
151,Cindra,2025-02-28T07:01:27,Cinderskin Devotion (red),1,0
151,Cindra,2025-02-28T07:01:27,Dragon Power (red),1,0
151,Cindra,2025-02-28T07:01:27,Dust Runner Outlaw (red),2,0
151,Cindra,2025-02-28T07:01:27,Fire Tenet: Strike First (red),4,0
151,Cindra,2025-02-28T07:01:27,For the Dracai (red),1,0
151,Cindra,2025-02-28T07:01:27,Grow Wings (red),2,0
151,Cindra,2025-02-28T07:01:27,Hot on Their Heels (red),2,0
151,Cindra,2025-02-28T07:01:27,Lava Vein Loyalty (red),2,0
151,Cindra,2025-02-28T07:01:27,Mark with Magma (red),1,0
151,Cindra,2025-02-28T07:01:27,Ronin Renegade (red),3,0
151,Cindra,2025-02-28T07:01:27,Sigil of Solace (red),1,0
151,Cindra,2025-02-28T07:01:27,Smoke Out (red),1,0
151,Cindra,2025-02-28T07:01:27,Tag the Target (red),1,0
151,Cindra,2025-02-28T07:01:27,Trap and Release (red),1,0
151,Cindra,2025-02-28T07:01:27,Grow Wings (yellow),1,0
151,Cindra,2025-02-28T07:01:27,Throw Yourself at Them (yellow),2,0
151,Cindra,2025-02-28T07:01:27,Dragon Power (blue),1,0
151,Cindra,2025-02-28T07:01:27,Fire Tenet: Strike First (blue),1,0
151,Cindra,2025-02-28T07:01:27,Grow Claws (blue),1,0
151,Cindra,2025-02-28T07:01:27,Grow Wings (blue),2,0
151,Cindra,2025-02-28T07:01:27,Tag the Target (blue),1,0
151,Cindra,2025-02-28T07:01:27,Trap and Release (blue),1,0
151,Cindra,2025-02-28T07:01:27,Blade Beckoner Gauntlets,1,1
151,Cindra,2025-02-28T07:01:27,Hand of Vengeance,1,1
151,Cindra,2025-02-28T07:01:27,Heart of Vengeance,1,1
151,Cindra,2025-02-28T07:01:27,Path of Vengeance,1,1
152,"Arakni, Web of Deceit",2025-02-28T19:37:36,Bite (red),1,0
152,"Arakni, Web of Deceit",2025-02-28T19:37:36,Defang the Dragon (red),2,0
152,"Arakni, Web of Deceit",2025-02-28T19:37:36,Extinguish the Flames (red),1,0
152,"Arakni, Web of Deceit",2025-02-28T19:37:36,Hunted or Hunter (red),2,0
152,"Arakni, Web of Deceit",2025-02-28T19:37:36,Lair of the Spider (red),1,0
152,"Arakni, Web of Deceit",2025-02-28T19:37:36,Mark of the Black Widow (red),2,0
152,"Arakni, Web of Deceit",2025-02-28T19:37:36,Mark the Prey (red),1,0
152,"Arakni, Web of Deceit",2025-02-28T19:37:36,Plunge the Prospect (red),3,0
152,"Arakni, Web of Deceit",2025-02-28T19:37:36,Public Bounty (red),1,0
152,"Arakni, Web of Deceit",2025-02-28T19:37:36,Razor's Edge (red),1,0
152,"Arakni, Web of Deceit",2025-02-28T19:37:36,Reaper's Call (red),1,0
152,"Arakni, Web of Deceit",2025-02-28T19:37:36,Scar Tissue (red),1,0
152,"Arakni, Web of Deceit",2025-02-28T19:37:36,Scuttle the Canal (red),1,0
152,"Arakni, Web of Deceit",2025-02-28T19:37:36,Sound the Alarm (red),1,0
152,"Arakni, Web of Deceit",2025-02-28T19:37:36,Take a Stab (red),1,0
152,"Arakni, Web of Deceit",2025-02-28T19:37:36,Two Sides to the Blade (red),1,0
152,"Arakni, Web of Deceit",2025-02-28T19:37:36,Cut from the Same Cloth (yellow),1,0
152,"Arakni, Web of Deceit",2025-02-28T19:37:36,Incision (yellow),2,0
152,"Arakni, Web of Deceit",2025-02-28T19:37:36,Mark of the Funnel Web (yellow),1,0
152,"Arakni, Web of Deceit",2025-02-28T19:37:36,Plunge the Prospect (yellow),1,0
152,"Arakni, Web of Deceit",2025-02-28T19:37:36,Scuttle the Canal (yellow),2,0
152,"Arakni, Web of Deceit",2025-02-28T19:37:36,Mark of the Funnel Web (blue),1,0
152,"Arakni, Web of Deceit",2025-02-28T19:37:36,Mark the Prey (blue),1,0
152,"Arakni, Web of Deceit",2025-02-28T19:37:36,Plunge the Prospect (blue),2,0
152,"Arakni, Web of Deceit",2025-02-28T19:37:36,Reaper's Call (blue),3,0
152,"Arakni, Web of Deceit",2025-02-28T19:37:36,Whittle from Bone (blue),1,0
152,"Arakni, Web of Deceit",2025-02-28T19:37:36,Blade Beckoner Gauntlets,1,1
152,"Arakni, Web of Deceit",2025-02-28T19:37:36,Leap Frog Slime Skin,1,1
152,"Arakni, Web of Deceit",2025-02-28T19:37:36,Red Alert Boots,1,1
152,"Arakni, Web of Deceit",2025-02-28T19:37:36,Red Alert Visor,1,1
153,"Arakni, Web of Deceit",2025-03-01T03:17:06,Back Stab (red),1,0
153,"Arakni, Web of Deceit",2025-03-01T03:17:06,Cut from the Same Cloth (red),1,0
153,"Arakni, Web of Deceit",2025-03-01T03:17:06,Hunted or Hunter (red),1,0
153,"Arakni, Web of Deceit",2025-03-01T03:17:06,Lair of the Spider (red),1,0
153,"Arakni, Web of Deceit",2025-03-01T03:17:06,Mark of the Funnel Web (red),1,0
153,"Arakni, Web of Deceit",2025-03-01T03:17:06,Poisoned Blade (red),1,0
153,"Arakni, Web of Deceit",2025-03-01T03:17:06,Public Bounty (red),1,0
153,"Arakni, Web of Deceit",2025-03-01T03:17:06,Reaper's Call (red),2,0
153,"Arakni, Web of Deceit",2025-03-01T03:17:06,Shelter from the Storm (red),1,0
153,"Arakni, Web of Deceit",2025-03-01T03:17:06,Sigil of Solace (red),1,0
153,"Arakni, Web of Deceit",2025-03-01T03:17:06,Stains of the Redback (red),1,0
153,"Arakni, Web of Deceit",2025-03-01T03:17:06,Take a Stab (red),2,0
153,"Arakni, Web of Deceit",2025-03-01T03:17:06,Bite (yellow),1,0
153,"Arakni, Web of Deceit",2025-03-01T03:17:06,Incision (yellow),2,0
153,"Arakni, Web of Deceit",2025-03-01T03:17:06,Mark of the Funnel Web (yellow),1,0
153,"Arakni, Web of Deceit",2025-03-01T03:17:06,Plunge the Prospect (yellow),1,0
153,"Arakni, Web of Deceit",2025-03-01T03:17:06,Reaper's Call (yellow),1,0
153,"Arakni, Web of Deceit",2025-03-01T03:17:06,Scuttle the Canal (yellow),1,0
153,"Arakni, Web of Deceit",2025-03-01T03:17:06,Anaphylactic Shock (blue),1,0
153,"Arakni, Web of Deceit",2025-03-01T03:17:06,Bite (blue),1,0
153,"Arakni, Web of Deceit",2025-03-01T03:17:06,Incision (blue),1,0
153,"Arakni, Web of Deceit",2025-03-01T03:17:06,Mark the Prey (blue),1,0
153,"Arakni, Web of Deceit",2025-03-01T03:17:06,Nip at the Heels (blue),2,0
153,"Arakni, Web of Deceit",2025-03-01T03:17:06,Orb-Weaver Spinneret (blue),1,0
153,"Arakni, Web of Deceit",2025-03-01T03:17:06,Plunge the Prospect (blue),1,0
153,"Arakni, Web of Deceit",2025-03-01T03:17:06,Put in Context (blue),2,0
153,"Arakni, Web of Deceit",2025-03-01T03:17:06,Scuttle the Canal (blue),2,0
153,"Arakni, Web of Deceit",2025-03-01T03:17:06,Blade Beckoner Boots,1,1
153,"Arakni, Web of Deceit",2025-03-01T03:17:06,Blade Beckoner Plating,1,1
153,"Arakni, Web of Deceit",2025-03-01T03:17:06,Leap Frog Gloves,1,1
153,"Arakni, Web of Deceit",2025-03-01T03:17:06,Leap Frog Vocal Sac,1,1
154,Fang,2025-03-05T01:44:54,Blistering Blade (red),1,0
154,Fang,2025-03-05T01:44:54,Bubble to the Surface (red),1,0
154,Fang,2025-03-05T01:44:54,Cut Deep (red),3,0
154,Fang,2025-03-05T01:44:54,Dynastic Dedication (red),1,0
154,Fang,2025-03-05T01:44:54,For the Dracai (red),2,0
154,Fang,2025-03-05T01:44:54,For the Emperor (red),1,0
154,Fang,2025-03-05T01:44:54,Hunt a Killer (red),3,0
154,Fang,2025-03-05T01:44:54,Hunt the Hunter (red),1,0
154,Fang,2025-03-05T01:44:54,Pledge Fealty (red),1,0
154,Fang,2025-03-05T01:44:54,Scalding Iron (red),1,0
154,Fang,2025-03-05T01:44:54,Searing Gaze (red),2,0
154,Fang,2025-03-05T01:44:54,Sisters of Fire (red),2,0
154,Fang,2025-03-05T01:44:54,Sizzling Steel (red),2,0
154,Fang,2025-03-05T01:44:54,Tooth of the Dragon (red),1,0
154,Fang,2025-03-05T01:44:54,Scar Tissue (yellow),1,0
154,Fang,2025-03-05T01:44:54,Cut Deep (blue),2,0
154,Fang,2025-03-05T01:44:54,Hunt a Killer (blue),3,0
154,Fang,2025-03-05T01:44:54,Knife Through Butter (blue),1,0
154,Fang,2025-03-05T01:44:54,Point of Engagement (blue),1,0
154,Fang,2025-03-05T01:44:54,Scar Tissue (blue),1,0
154,Fang,2025-03-05T01:44:54,Sworn Vengeance (blue),1,0
154,Fang,2025-03-05T01:44:54,Tip-Off (blue),1,0
154,Fang,2025-03-05T01:44:54,Twist and Turn (blue),1,0
154,Fang,2025-03-05T01:44:54,Coat of Allegiance,1,1
154,Fang,2025-03-05T01:44:54,Red Alert Boots,1,1
154,Fang,2025-03-05T01:44:54,Red Alert Gloves,1,1
154,Fang,2025-03-05T01:44:54,Red Alert Visor,1,1
155,Fang,2025-03-05T03:12:51,Blistering Blade (red),2,0
155,Fang,2025-03-05T03:12:51,Cut Deep (red),2,0
155,Fang,2025-03-05T03:12:51,Den of the Spider (red),1,0
155,Fang,2025-03-05T03:12:51,Dynastic Dedication (red),1,0
155,Fang,2025-03-05T03:12:51,Fire and Brimstone (red),1,0
155,Fang,2025-03-05T03:12:51,Oath of Loyalty (red),1,0
155,Fang,2025-03-05T03:12:51,Scalding Iron (red),1,0
155,Fang,2025-03-05T03:12:51,Searing Gaze (red),4,0
155,Fang,2025-03-05T03:12:51,Sisters of Fire (red),2,0
155,Fang,2025-03-05T03:12:51,Sizzling Steel (red),2,0
155,Fang,2025-03-05T03:12:51,Stabbing Pain (red),1,0
155,Fang,2025-03-05T03:12:51,Tooth of the Dragon (red),2,0
155,Fang,2025-03-05T03:12:51,Twist and Turn (red),1,0
155,Fang,2025-03-05T03:12:51,Cut Deep (yellow),1,0
155,Fang,2025-03-05T03:12:51,Hunt a Killer (yellow),2,0
155,Fang,2025-03-05T03:12:51,Knife Through Butter (yellow),2,0
155,Fang,2025-03-05T03:12:51,Cut Deep (blue),2,0
155,Fang,2025-03-05T03:12:51,Diced (blue),1,0
155,Fang,2025-03-05T03:12:51,Hunt a Killer (blue),2,0
155,Fang,2025-03-05T03:12:51,Knife Through Butter (blue),3,0
155,Fang,2025-03-05T03:12:51,Point of Engagement (blue),1,0
155,Fang,2025-03-05T03:12:51,Trot Along (blue),1,0
155,Fang,2025-03-05T03:12:51,Coat of Allegiance,1,1
155,Fang,2025-03-05T03:12:51,Hand of Vengeance,1,1
155,Fang,2025-03-05T03:12:51,Heart of Vengeance,1,1
155,Fang,2025-03-05T03:12:51,Red Alert Boots,1,1
155,Fang,2025-03-05T03:12:51,Red Alert Visor,1,1
156,Cindra,2025-03-05T23:07:44,Art of the Dragon: Claw (red),2,0
156,Cindra,2025-03-05T23:07:44,Blood Line (red),1,0
156,Cindra,2025-03-05T23:07:44,Burning Blade Dance (red),2,0
156,Cindra,2025-03-05T23:07:44,Compounding Anger (red),1,0
156,Cindra,2025-03-05T23:07:44,Dust Runner Outlaw (red),1,0
156,Cindra,2025-03-05T23:07:44,Fire Tenet: Strike First (red),2,0
156,Cindra,2025-03-05T23:07:44,Grow Claws (red),1,0
156,Cindra,2025-03-05T23:07:44,Grow Wings (red),1,0
156,Cindra,2025-03-05T23:07:44,Hot on Their Heels (red),1,0
156,Cindra,2025-03-05T23:07:44,Hunt the Hunter (red),1,0
156,Cindra,2025-03-05T23:07:44,Hunt to the Ends of Rathe (red),1,0
156,Cindra,2025-03-05T23:07:44,Lair of the Spider (red),1,0
156,Cindra,2025-03-05T23:07:44,Mark with Magma (red),3,0
156,Cindra,2025-03-05T23:07:44,Ronin Renegade (red),2,0
156,Cindra,2025-03-05T23:07:44,Tag the Target (red),1,0
156,Cindra,2025-03-05T23:07:44,Throw Yourself at Them (red),2,0
156,Cindra,2025-03-05T23:07:44,Trap and Release (red),1,0
156,Cindra,2025-03-05T23:07:44,Wrath of Retribution (red),1,0
156,Cindra,2025-03-05T23:07:44,Grow Wings (yellow),1,0
156,Cindra,2025-03-05T23:07:44,Tag the Target (yellow),1,0
156,Cindra,2025-03-05T23:07:44,Throw Yourself at Them (yellow),1,0
156,Cindra,2025-03-05T23:07:44,Tip-Off (yellow),1,0
156,Cindra,2025-03-05T23:07:44,Grow Claws (blue),2,0
156,Cindra,2025-03-05T23:07:44,Tag the Target (blue),1,0
156,Cindra,2025-03-05T23:07:44,Throw Yourself at Them (blue),2,0
156,Cindra,2025-03-05T23:07:44,Trap and Release (blue),1,0
156,Cindra,2025-03-05T23:07:44,Bunker Beard,1,1
156,Cindra,2025-03-05T23:07:44,Hand of Vengeance,1,1
156,Cindra,2025-03-05T23:07:44,Leap Frog Leggings,1,1
156,Cindra,2025-03-05T23:07:44,Leap Frog Slime Skin,1,1
156,Cindra,2025-03-05T23:07:44,Vow of Vengeance,1,1
157,"Arakni, Web of Deceit",2025-03-06T00:34:59,Bite (red),1,0
157,"Arakni, Web of Deceit",2025-03-06T00:34:59,Defang the Dragon (red),2,0
157,"Arakni, Web of Deceit",2025-03-06T00:34:59,Extinguish the Flames (red),1,0
157,"Arakni, Web of Deceit",2025-03-06T00:34:59,Hunted or Hunter (red),2,0
157,"Arakni, Web of Deceit",2025-03-06T00:34:59,Lair of the Spider (red),2,0
157,"Arakni, Web of Deceit",2025-03-06T00:34:59,Mark of the Black Widow (red),1,0
157,"Arakni, Web of Deceit",2025-03-06T00:34:59,Mark of the Funnel Web (red),2,0
157,"Arakni, Web of Deceit",2025-03-06T00:34:59,Mark the Prey (red),1,0
157,"Arakni, Web of Deceit",2025-03-06T00:34:59,Orb-Weaver Spinneret (red),1,0
157,"Arakni, Web of Deceit",2025-03-06T00:34:59,Pursue to the Edge of Oblivion (red),1,0
157,"Arakni, Web of Deceit",2025-03-06T00:34:59,Razor's Edge (red),1,0
157,"Arakni, Web of Deceit",2025-03-06T00:34:59,Reaper's Call (red),1,0
157,"Arakni, Web of Deceit",2025-03-06T00:34:59,Scar Tissue (red),1,0
157,"Arakni, Web of Deceit",2025-03-06T00:34:59,Stains of the Redback (red),1,0
157,"Arakni, Web of Deceit",2025-03-06T00:34:59,Throw Yourself at Them (red),1,0
157,"Arakni, Web of Deceit",2025-03-06T00:34:59,Two Sides to the Blade (red),2,0
157,"Arakni, Web of Deceit",2025-03-06T00:34:59,Whittle from Bone (red),1,0
157,"Arakni, Web of Deceit",2025-03-06T00:34:59,Mark the Prey (yellow),1,0
157,"Arakni, Web of Deceit",2025-03-06T00:34:59,Pick Up the Point (yellow),1,0
157,"Arakni, Web of Deceit",2025-03-06T00:34:59,Reaper's Call (yellow),1,0
157,"Arakni, Web of Deceit",2025-03-06T00:34:59,Anaphylactic Shock (blue),1,0
157,"Arakni, Web of Deceit",2025-03-06T00:34:59,Mark of the Funnel Web (blue),1,0
157,"Arakni, Web of Deceit",2025-03-06T00:34:59,Plunge the Prospect (blue),1,0
157,"Arakni, Web of Deceit",2025-03-06T00:34:59,Poisoned Blade (blue),1,0
157,"Arakni, Web of Deceit",2025-03-06T00:34:59,Public Bounty (blue),1,0
157,"Arakni, Web of Deceit",2025-03-06T00:34:59,Reaper's Call (blue),3,0
157,"Arakni, Web of Deceit",2025-03-06T00:34:59,Relentless Pursuit (blue),1,0
157,"Arakni, Web of Deceit",2025-03-06T00:34:59,Scuttle the Canal (blue),2,0
157,"Arakni, Web of Deceit",2025-03-06T00:34:59,Tip-Off (blue),1,0
157,"Arakni, Web of Deceit",2025-03-06T00:34:59,Whittle from Bone (blue),1,0
157,"Arakni, Web of Deceit",2025-03-06T00:34:59,Danger Digits,1,1
157,"Arakni, Web of Deceit",2025-03-06T00:34:59,Red Alert Vest,1,1
157,"Arakni, Web of Deceit",2025-03-06T00:34:59,Red Alert Visor,1,1
157,"Arakni, Web of Deceit",2025-03-06T00:34:59,Starting Point,1,1
158,"Arakni, Web of Deceit",2025-03-06T02:23:59,Back Stab (red),2,0
158,"Arakni, Web of Deceit",2025-03-06T02:23:59,Cut Through (red),1,0
158,"Arakni, Web of Deceit",2025-03-06T02:23:59,Den of the Spider (red),1,0
158,"Arakni, Web of Deceit",2025-03-06T02:23:59,Extinguish the Flames (red),1,0
158,"Arakni, Web of Deceit",2025-03-06T02:23:59,Hunted or Hunter (red),1,0
158,"Arakni, Web of Deceit",2025-03-06T02:23:59,Incision (red),1,0
158,"Arakni, Web of Deceit",2025-03-06T02:23:59,Mark of the Black Widow (red),3,0
158,"Arakni, Web of Deceit",2025-03-06T02:23:59,Mark of the Funnel Web (red),1,0
158,"Arakni, Web of Deceit",2025-03-06T02:23:59,Pick Up the Point (red),1,0
158,"Arakni, Web of Deceit",2025-03-06T02:23:59,Plunge the Prospect (red),2,0
158,"Arakni, Web of Deceit",2025-03-06T02:23:59,Poisoned Blade (red),1,0
158,"Arakni, Web of Deceit",2025-03-06T02:23:59,Scar Tissue (red),2,0
158,"Arakni, Web of Deceit",2025-03-06T02:23:59,Scuttle the Canal (red),1,0
158,"Arakni, Web of Deceit",2025-03-06T02:23:59,Two Sides to the Blade (red),1,0
158,"Arakni, Web of Deceit",2025-03-06T02:23:59,Up Sticks and Run (red),1,0
158,"Arakni, Web of Deceit",2025-03-06T02:23:59,Incision (yellow),1,0
158,"Arakni, Web of Deceit",2025-03-06T02:23:59,Mark of the Black Widow (yellow),1,0
158,"Arakni, Web of Deceit",2025-03-06T02:23:59,Mark of the Funnel Web (yellow),1,0
158,"Arakni, Web of Deceit",2025-03-06T02:23:59,Mark the Prey (yellow),1,0
158,"Arakni, Web of Deceit",2025-03-06T02:23:59,Plunge the Prospect (yellow),1,0
158,"Arakni, Web of Deceit",2025-03-06T02:23:59,Reaper's Call (yellow),1,0
158,"Arakni, Web of Deceit",2025-03-06T02:23:59,Scar Tissue (yellow),1,0
158,"Arakni, Web of Deceit",2025-03-06T02:23:59,Take a Stab (yellow),1,0
158,"Arakni, Web of Deceit",2025-03-06T02:23:59,Take Up the Mantle (yellow),1,0
158,"Arakni, Web of Deceit",2025-03-06T02:23:59,Bite (blue),2,0
158,"Arakni, Web of Deceit",2025-03-06T02:23:59,Cut from the Same Cloth (blue),1,0
158,"Arakni, Web of Deceit",2025-03-06T02:23:59,Mark of the Black Widow (blue),1,0
158,"Arakni, Web of Deceit",2025-03-06T02:23:59,Mark of the Funnel Web (blue),1,0
158,"Arakni, Web of Deceit",2025-03-06T02:23:59,Scar Tissue (blue),1,0
158,"Arakni, Web of Deceit",2025-03-06T02:23:59,Take a Stab (blue),1,0
158,"Arakni, Web of Deceit",2025-03-06T02:23:59,Throw Dagger (blue),1,0
158,"Arakni, Web of Deceit",2025-03-06T02:23:59,Leap Frog Gloves,1,1
158,"Arakni, Web of Deceit",2025-03-06T02:23:59,Leap Frog Leggings,1,1
158,"Arakni, Web of Deceit",2025-03-06T02:23:59,Leap Frog Vocal Sac,1,1
158,"Arakni, Web of Deceit",2025-03-06T02:23:59,Red Alert Vest,1,1
159,"Arakni, Web of Deceit",2025-03-06T03:02:09,Back Stab (red),1,0
159,"Arakni, Web of Deceit",2025-03-06T03:02:09,Cut from the Same Cloth (red),1,0
159,"Arakni, Web of Deceit",2025-03-06T03:02:09,Defang the Dragon (red),1,0
159,"Arakni, Web of Deceit",2025-03-06T03:02:09,Lair of the Spider (red),2,0
159,"Arakni, Web of Deceit",2025-03-06T03:02:09,Mark the Prey (red),1,0
159,"Arakni, Web of Deceit",2025-03-06T03:02:09,Orb-Weaver Spinneret (red),1,0
159,"Arakni, Web of Deceit",2025-03-06T03:02:09,Pick Up the Point (red),2,0
159,"Arakni, Web of Deceit",2025-03-06T03:02:09,Plunge the Prospect (red),1,0
159,"Arakni, Web of Deceit",2025-03-06T03:02:09,Razor's Edge (red),1,0
159,"Arakni, Web of Deceit",2025-03-06T03:02:09,Sigil of Solace (red),1,0
159,"Arakni, Web of Deceit",2025-03-06T03:02:09,Two Sides to the Blade (red),2,0
159,"Arakni, Web of Deceit",2025-03-06T03:02:09,Whittle from Bone (red),1,0
159,"Arakni, Web of Deceit",2025-03-06T03:02:09,Mark of the Black Widow (yellow),1,0
159,"Arakni, Web of Deceit",2025-03-06T03:02:09,Mark of the Funnel Web (yellow),1,0
159,"Arakni, Web of Deceit",2025-03-06T03:02:09,Mark the Prey (yellow),2,0
159,"Arakni, Web of Deceit",2025-03-06T03:02:09,Pick Up the Point (yellow),1,0
159,"Arakni, Web of Deceit",2025-03-06T03:02:09,Plunge the Prospect (yellow),1,0
159,"Arakni, Web of Deceit",2025-03-06T03:02:09,Reaper's Call (yellow),2,0
159,"Arakni, Web of Deceit",2025-03-06T03:02:09,Scuttle the Canal (yellow),1,0
159,"Arakni, Web of Deceit",2025-03-06T03:02:09,Throw Yourself at Them (yellow),1,0
159,"Arakni, Web of Deceit",2025-03-06T03:02:09,Tip-Off (yellow),1,0
159,"Arakni, Web of Deceit",2025-03-06T03:02:09,Up Sticks and Run (yellow),1,0
159,"Arakni, Web of Deceit",2025-03-06T03:02:09,Orb-Weaver Spinneret (blue),1,0
159,"Arakni, Web of Deceit",2025-03-06T03:02:09,Plunge the Prospect (blue),1,0
159,"Arakni, Web of Deceit",2025-03-06T03:02:09,Reaper's Call (blue),1,0
159,"Arakni, Web of Deceit",2025-03-06T03:02:09,Scar Tissue (blue),1,0
159,"Arakni, Web of Deceit",2025-03-06T03:02:09,Scuttle the Canal (blue),2,0
159,"Arakni, Web of Deceit",2025-03-06T03:02:09,Danger Digits,1,1
159,"Arakni, Web of Deceit",2025-03-06T03:02:09,Leap Frog Slime Skin,1,1
159,"Arakni, Web of Deceit",2025-03-06T03:02:09,Leap Frog Vocal Sac,1,1
159,"Arakni, Web of Deceit",2025-03-06T03:02:09,Starting Point,1,1
160,Fang,2025-03-09T20:06:49,Blaze Headlong (red),1,0
160,Fang,2025-03-09T20:06:49,Cut Deep (red),2,0
160,Fang,2025-03-09T20:06:49,Den of the Spider (red),1,0
160,Fang,2025-03-09T20:06:49,For the Emperor (red),2,0
160,Fang,2025-03-09T20:06:49,Imperial Intent (red),1,0
160,Fang,2025-03-09T20:06:49,Proclaim Vengeance (red),2,0
160,Fang,2025-03-09T20:06:49,Pursue to the Edge of Oblivion (red),1,0
160,Fang,2025-03-09T20:06:49,Scalding Iron (red),1,0
160,Fang,2025-03-09T20:06:49,Searing Gaze (red),1,0
160,Fang,2025-03-09T20:06:49,Sisters of Fire (red),1,0
160,Fang,2025-03-09T20:06:49,Sizzling Steel (red),1,0
160,Fang,2025-03-09T20:06:49,Smoke Out (red),2,0
160,Fang,2025-03-09T20:06:49,Stabbing Pain (red),1,0
160,Fang,2025-03-09T20:06:49,Sworn Vengeance (red),1,0
160,Fang,2025-03-09T20:06:49,Tooth of the Dragon (red),1,0
160,Fang,2025-03-09T20:06:49,Cut Deep (yellow),2,0
160,Fang,2025-03-09T20:06:49,Diced (yellow),1,0
160,Fang,2025-03-09T20:06:49,Hunt a Killer (yellow),1,0
160,Fang,2025-03-09T20:06:49,Knife Through Butter (yellow),1,0
160,Fang,2025-03-09T20:06:49,Perforate (yellow),1,0
160,Fang,2025-03-09T20:06:49,Twist and Turn (yellow),1,0
160,Fang,2025-03-09T20:06:49,Cut Deep (blue),2,0
160,Fang,2025-03-09T20:06:49,Hunt a Killer (blue),1,0
160,Fang,2025-03-09T20:06:49,Knife Through Butter (blue),1,0
160,Fang,2025-03-09T20:06:49,Point of Engagement (blue),1,0
160,Fang,2025-03-09T20:06:49,Twist and Turn (blue),2,0
160,Fang,2025-03-09T20:06:49,Blade Beckoner Gauntlets,1,1
160,Fang,2025-03-09T20:06:49,Bunker Beard,1,1
160,Fang,2025-03-09T20:06:49,Red Alert Boots,1,1
160,Fang,2025-03-09T20:06:49,Red Alert Vest,1,1
160,Fang,2025-03-09T20:06:49,Red Alert Visor,1,1
161,Cindra,2025-03-12T05:24:54,Blessing of Vynserakai (red),1,0
161,Cindra,2025-03-12T05:24:54,Blood Drop (red),1,0
161,Cindra,2025-03-12T05:24:54,Blood Line (red),2,0
161,Cindra,2025-03-12T05:24:54,Burning Blade Dance (red),2,0
161,Cindra,2025-03-12T05:24:54,Compounding Anger (red),1,0
161,Cindra,2025-03-12T05:24:54,Demonstrate Devotion (red),1,0
161,Cindra,2025-03-12T05:24:54,Display Loyalty (red),1,0
161,Cindra,2025-03-12T05:24:54,Dust Runner Outlaw (red),1,0
161,Cindra,2025-03-12T05:24:54,For the Emperor (red),1,0
161,Cindra,2025-03-12T05:24:54,Hot on Their Heels (red),2,0
161,Cindra,2025-03-12T05:24:54,Hunt the Hunter (red),1,0
161,Cindra,2025-03-12T05:24:54,Mark with Magma (red),2,0
161,Cindra,2025-03-12T05:24:54,Ronin Renegade (red),3,0
161,Cindra,2025-03-12T05:24:54,Tag the Target (red),2,0
161,Cindra,2025-03-12T05:24:54,Wrath of Retribution (red),2,0
161,Cindra,2025-03-12T05:24:54,Fire Tenet: Strike First (yellow),1,0
161,Cindra,2025-03-12T05:24:54,Poisoned Blade (yellow),1,0
161,Cindra,2025-03-12T05:24:54,Silver Talons (yellow),1,0
161,Cindra,2025-03-12T05:24:54,Tag the Target (yellow),1,0
161,Cindra,2025-03-12T05:24:54,Exposed (blue),2,0
161,Cindra,2025-03-12T05:24:54,Fire Tenet: Strike First (blue),1,0
161,Cindra,2025-03-12T05:24:54,Grow Claws (blue),1,0
161,Cindra,2025-03-12T05:24:54,Grow Wings (blue),1,0
161,Cindra,2025-03-12T05:24:54,Throw Yourself at Them (blue),2,0
161,Cindra,2025-03-12T05:24:54,Bunker Beard,1,1
161,Cindra,2025-03-12T05:24:54,Danger Digits,1,1
161,Cindra,2025-03-12T05:24:54,Hand of Vengeance,1,1
161,Cindra,2025-03-12T05:24:54,Leap Frog Leggings,1,1
161,Cindra,2025-03-12T05:24:54,Leap Frog Slime Skin,1,1
161,Cindra,2025-03-12T05:24:54,Path of Vengeance,1,1
162,"Arakni, Web of Deceit",2025-03-12T12:26:45,Cut from the Same Cloth (red),1,0
162,"Arakni, Web of Deceit",2025-03-12T12:26:45,Hunted or Hunter (red),1,0
162,"Arakni, Web of Deceit",2025-03-12T12:26:45,Mark of the Black Widow (red),2,0
162,"Arakni, Web of Deceit",2025-03-12T12:26:45,Mark the Prey (red),3,0
162,"Arakni, Web of Deceit",2025-03-12T12:26:45,Public Bounty (red),2,0
162,"Arakni, Web of Deceit",2025-03-12T12:26:45,Scuttle the Canal (red),1,0
162,"Arakni, Web of Deceit",2025-03-12T12:26:45,Whittle from Bone (red),1,0
162,"Arakni, Web of Deceit",2025-03-12T12:26:45,Incision (yellow),1,0
162,"Arakni, Web of Deceit",2025-03-12T12:26:45,Lay Low (yellow),3,0
162,"Arakni, Web of Deceit",2025-03-12T12:26:45,Mark of the Black Widow (yellow),1,0
162,"Arakni, Web of Deceit",2025-03-12T12:26:45,Mark of the Funnel Web (yellow),1,0
162,"Arakni, Web of Deceit",2025-03-12T12:26:45,Pick Up the Point (yellow),1,0
162,"Arakni, Web of Deceit",2025-03-12T12:26:45,Plunge the Prospect (yellow),1,0
162,"Arakni, Web of Deceit",2025-03-12T12:26:45,Poisoned Blade (yellow),1,0
162,"Arakni, Web of Deceit",2025-03-12T12:26:45,Stains of the Redback (yellow),1,0
162,"Arakni, Web of Deceit",2025-03-12T12:26:45,Take a Stab (yellow),1,0
162,"Arakni, Web of Deceit",2025-03-12T12:26:45,Tip-Off (yellow),1,0
162,"Arakni, Web of Deceit",2025-03-12T12:26:45,To the Point (yellow),1,0
162,"Arakni, Web of Deceit",2025-03-12T12:26:45,Up Sticks and Run (yellow),1,0
162,"Arakni, Web of Deceit",2025-03-12T12:26:45,Bite (blue),1,0
162,"Arakni, Web of Deceit",2025-03-12T12:26:45,Mark of the Black Widow (blue),2,0
162,"Arakni, Web of Deceit",2025-03-12T12:26:45,Mark the Prey (blue),1,0
162,"Arakni, Web of Deceit",2025-03-12T12:26:45,Plunge the Prospect (blue),1,0
162,"Arakni, Web of Deceit",2025-03-12T12:26:45,Reaper's Call (blue),2,0
162,"Arakni, Web of Deceit",2025-03-12T12:26:45,Rotten Remains (blue),1,0
162,"Arakni, Web of Deceit",2025-03-12T12:26:45,Stains of the Redback (blue),1,0
162,"Arakni, Web of Deceit",2025-03-12T12:26:45,Danger Digits,1,1
162,"Arakni, Web of Deceit",2025-03-12T12:26:45,Red Alert Boots,1,1
162,"Arakni, Web of Deceit",2025-03-12T12:26:45,Red Alert Vest,1,1
162,"Arakni, Web of Deceit",2025-03-12T12:26:45,Starting Point,1,1
163,"Arakni, Web of Deceit",2025-03-12T19:32:26,Bite (red),2,0
163,"Arakni, Web of Deceit",2025-03-12T19:32:26,Defang the Dragon (red),1,0
163,"Arakni, Web of Deceit",2025-03-12T19:32:26,Hunted or Hunter (red),2,0
163,"Arakni, Web of Deceit",2025-03-12T19:32:26,Lair of the Spider (red),1,0
163,"Arakni, Web of Deceit",2025-03-12T19:32:26,Mark of the Black Widow (red),1,0
163,"Arakni, Web of Deceit",2025-03-12T19:32:26,Mark of the Funnel Web (red),1,0
163,"Arakni, Web of Deceit",2025-03-12T19:32:26,Outed (red),1,0
163,"Arakni, Web of Deceit",2025-03-12T19:32:26,Plunge the Prospect (red),1,0
163,"Arakni, Web of Deceit",2025-03-12T19:32:26,Poisoned Blade (red),1,0
163,"Arakni, Web of Deceit",2025-03-12T19:32:26,Razor's Edge (red),2,0
163,"Arakni, Web of Deceit",2025-03-12T19:32:26,Reaper's Call (red),1,0
163,"Arakni, Web of Deceit",2025-03-12T19:32:26,Scuttle the Canal (red),2,0
163,"Arakni, Web of Deceit",2025-03-12T19:32:26,Stains of the Redback (red),1,0
163,"Arakni, Web of Deceit",2025-03-12T19:32:26,Throw Yourself at Them (red),1,0
163,"Arakni, Web of Deceit",2025-03-12T19:32:26,Tip-Off (red),2,0
163,"Arakni, Web of Deceit",2025-03-12T19:32:26,Two Sides to the Blade (red),2,0
163,"Arakni, Web of Deceit",2025-03-12T19:32:26,Whittle from Bone (red),1,0
163,"Arakni, Web of Deceit",2025-03-12T19:32:26,Mark of the Funnel Web (yellow),2,0
163,"Arakni, Web of Deceit",2025-03-12T19:32:26,Poisoned Blade (yellow),1,0
163,"Arakni, Web of Deceit",2025-03-12T19:32:26,Reaper's Call (yellow),2,0
163,"Arakni, Web of Deceit",2025-03-12T19:32:26,Tip-Off (yellow),1,0
163,"Arakni, Web of Deceit",2025-03-12T19:32:26,Mark of the Black Widow (blue),1,0
163,"Arakni, Web of Deceit",2025-03-12T19:32:26,Mark of the Funnel Web (blue),1,0
163,"Arakni, Web of Deceit",2025-03-12T19:32:26,Mark the Prey (blue),1,0
163,"Arakni, Web of Deceit",2025-03-12T19:32:26,Put in Context (blue),1,0
163,"Arakni, Web of Deceit",2025-03-12T19:32:26,Reaper's Call (blue),2,0
163,"Arakni, Web of Deceit",2025-03-12T19:32:26,Scuttle the Canal (blue),2,0
163,"Arakni, Web of Deceit",2025-03-12T19:32:26,Tip-Off (blue),1,0
163,"Arakni, Web of Deceit",2025-03-12T19:32:26,Danger Digits,1,1
163,"Arakni, Web of Deceit",2025-03-12T19:32:26,Leap Frog Leggings,1,1
163,"Arakni, Web of Deceit",2025-03-12T19:32:26,Leap Frog Slime Skin,1,1
163,"Arakni, Web of Deceit",2025-03-12T19:32:26,Red Alert Visor,1,1
164,"Arakni, Web of Deceit",2025-03-13T17:30:07,Bite (red),1,0
164,"Arakni, Web of Deceit",2025-03-13T17:30:07,Defang the Dragon (red),1,0
164,"Arakni, Web of Deceit",2025-03-13T17:30:07,Den of the Spider (red),1,0
164,"Arakni, Web of Deceit",2025-03-13T17:30:07,Extinguish the Flames (red),1,0
164,"Arakni, Web of Deceit",2025-03-13T17:30:07,Hunted or Hunter (red),1,0
164,"Arakni, Web of Deceit",2025-03-13T17:30:07,Mark of the Black Widow (red),2,0
164,"Arakni, Web of Deceit",2025-03-13T17:30:07,Mark of the Funnel Web (red),2,0
164,"Arakni, Web of Deceit",2025-03-13T17:30:07,Mark the Prey (red),1,0
164,"Arakni, Web of Deceit",2025-03-13T17:30:07,Orb-Weaver Spinneret (red),1,0
164,"Arakni, Web of Deceit",2025-03-13T17:30:07,Public Bounty (red),1,0
164,"Arakni, Web of Deceit",2025-03-13T17:30:07,Razor Reflex (red),1,0
164,"Arakni, Web of Deceit",2025-03-13T17:30:07,Razor's Edge (red),1,0
164,"Arakni, Web of Deceit",2025-03-13T17:30:07,Reaper's Call (red),1,0
164,"Arakni, Web of Deceit",2025-03-13T17:30:07,Scar Tissue (red),1,0
164,"Arakni, Web of Deceit",2025-03-13T17:30:07,Scuttle the Canal (red),1,0
164,"Arakni, Web of Deceit",2025-03-13T17:30:07,Take a Stab (red),2,0
164,"Arakni, Web of Deceit",2025-03-13T17:30:07,Up Sticks and Run (red),2,0
164,"Arakni, Web of Deceit",2025-03-13T17:30:07,Whittle from Bone (red),1,0
164,"Arakni, Web of Deceit",2025-03-13T17:30:07,Cut Through (yellow),1,0
164,"Arakni, Web of Deceit",2025-03-13T17:30:07,Incision (yellow),1,0
164,"Arakni, Web of Deceit",2025-03-13T17:30:07,Mark of the Black Widow (yellow),1,0
164,"Arakni, Web of Deceit",2025-03-13T17:30:07,Public Bounty (yellow),2,0
164,"Arakni, Web of Deceit",2025-03-13T17:30:07,Scar Tissue (yellow),1,0
164,"Arakni, Web of Deceit",2025-03-13T17:30:07,Incision (blue),2,0
164,"Arakni, Web of Deceit",2025-03-13T17:30:07,Mark of the Black Widow (blue),1,0
164,"Arakni, Web of Deceit",2025-03-13T17:30:07,Mark of the Funnel Web (blue),2,0
164,"Arakni, Web of Deceit",2025-03-13T17:30:07,Scuttle the Canal (blue),1,0
164,"Arakni, Web of Deceit",2025-03-13T17:30:07,Take a Stab (blue),2,0
164,"Arakni, Web of Deceit",2025-03-13T17:30:07,Throw Yourself at Them (blue),1,0
164,"Arakni, Web of Deceit",2025-03-13T17:30:07,Blade Beckoner Gauntlets,1,1
164,"Arakni, Web of Deceit",2025-03-13T17:30:07,Red Alert Boots,1,1
164,"Arakni, Web of Deceit",2025-03-13T17:30:07,Red Alert Vest,1,1
164,"Arakni, Web of Deceit",2025-03-13T17:30:07,Red Alert Visor,1,1
165,"Arakni, Web of Deceit",2025-03-13T21:36:25,Back Stab (red),2,0
165,"Arakni, Web of Deceit",2025-03-13T21:36:25,Den of the Spider (red),1,0
165,"Arakni, Web of Deceit",2025-03-13T21:36:25,Hunted or Hunter (red),2,0
165,"Arakni, Web of Deceit",2025-03-13T21:36:25,Lair of the Spider (red),2,0
165,"Arakni, Web of Deceit",2025-03-13T21:36:25,Mark of the Black Widow (red),1,0
165,"Arakni, Web of Deceit",2025-03-13T21:36:25,Mark of the Funnel Web (red),1,0
165,"Arakni, Web of Deceit",2025-03-13T21:36:25,Mark the Prey (red),1,0
165,"Arakni, Web of Deceit",2025-03-13T21:36:25,Plunge the Prospect (red),2,0
165,"Arakni, Web of Deceit",2025-03-13T21:36:25,Pursue to the Edge of Oblivion (red),1,0
165,"Arakni, Web of Deceit",2025-03-13T21:36:25,Razor's Edge (red),2,0
165,"Arakni, Web of Deceit",2025-03-13T21:36:25,Scar Tissue (red),1,0
165,"Arakni, Web of Deceit",2025-03-13T21:36:25,Scuttle the Canal (red),1,0
165,"Arakni, Web of Deceit",2025-03-13T21:36:25,Throw Yourself at Them (red),1,0
165,"Arakni, Web of Deceit",2025-03-13T21:36:25,Two Sides to the Blade (red),2,0
165,"Arakni, Web of Deceit",2025-03-13T21:36:25,Cut Through (yellow),1,0
165,"Arakni, Web of Deceit",2025-03-13T21:36:25,Mark of the Black Widow (yellow),1,0
165,"Arakni, Web of Deceit",2025-03-13T21:36:25,Mark the Prey (yellow),2,0
165,"Arakni, Web of Deceit",2025-03-13T21:36:25,Orb-Weaver Spinneret (yellow),1,0
165,"Arakni, Web of Deceit",2025-03-13T21:36:25,Plunge the Prospect (yellow),1,0
165,"Arakni, Web of Deceit",2025-03-13T21:36:25,Scuttle the Canal (yellow),2,0
165,"Arakni, Web of Deceit",2025-03-13T21:36:25,Stains of the Redback (yellow),1,0
165,"Arakni, Web of Deceit",2025-03-13T21:36:25,Take a Stab (yellow),1,0
165,"Arakni, Web of Deceit",2025-03-13T21:36:25,Mark of the Black Widow (blue),1,0
165,"Arakni, Web of Deceit",2025-03-13T21:36:25,Pick Up the Point (blue),2,0
165,"Arakni, Web of Deceit",2025-03-13T21:36:25,Scuttle the Canal (blue),1,0
165,"Arakni, Web of Deceit",2025-03-13T21:36:25,Danger Digits,1,1
165,"Arakni, Web of Deceit",2025-03-13T21:36:25,Leap Frog Leggings,1,1
165,"Arakni, Web of Deceit",2025-03-13T21:36:25,Starting Point,1,1
166,"Arakni, Web of Deceit",2025-03-15T03:07:56,Back Stab (red),1,0
166,"Arakni, Web of Deceit",2025-03-15T03:07:56,Den of the Spider (red),1,0
166,"Arakni, Web of Deceit",2025-03-15T03:07:56,Extinguish the Flames (red),1,0
166,"Arakni, Web of Deceit",2025-03-15T03:07:56,Hunted or Hunter (red),1,0
166,"Arakni, Web of Deceit",2025-03-15T03:07:56,Lair of the Spider (red),2,0
166,"Arakni, Web of Deceit",2025-03-15T03:07:56,Mark of the Black Widow (red),2,0
166,"Arakni, Web of Deceit",2025-03-15T03:07:56,Mark of the Funnel Web (red),1,0
166,"Arakni, Web of Deceit",2025-03-15T03:07:56,Mark the Prey (red),2,0
166,"Arakni, Web of Deceit",2025-03-15T03:07:56,Orb-Weaver Spinneret (red),1,0
166,"Arakni, Web of Deceit",2025-03-15T03:07:56,Plunge the Prospect (red),1,0
166,"Arakni, Web of Deceit",2025-03-15T03:07:56,Public Bounty (red),1,0
166,"Arakni, Web of Deceit",2025-03-15T03:07:56,Razor's Edge (red),2,0
166,"Arakni, Web of Deceit",2025-03-15T03:07:56,Reaper's Call (red),3,0
166,"Arakni, Web of Deceit",2025-03-15T03:07:56,Stains of the Redback (red),1,0
166,"Arakni, Web of Deceit",2025-03-15T03:07:56,Two Sides to the Blade (red),3,0
166,"Arakni, Web of Deceit",2025-03-15T03:07:56,Up Sticks and Run (red),1,0
166,"Arakni, Web of Deceit",2025-03-15T03:07:56,Mark of the Black Widow (yellow),1,0
166,"Arakni, Web of Deceit",2025-03-15T03:07:56,Mark the Prey (yellow),1,0
166,"Arakni, Web of Deceit",2025-03-15T03:07:56,Pick Up the Point (yellow),2,0
166,"Arakni, Web of Deceit",2025-03-15T03:07:56,Scuttle the Canal (yellow),1,0
166,"Arakni, Web of Deceit",2025-03-15T03:07:56,Mark of the Black Widow (blue),1,0
166,"Arakni, Web of Deceit",2025-03-15T03:07:56,Mark of the Funnel Web (blue),1,0
166,"Arakni, Web of Deceit",2025-03-15T03:07:56,Plunge the Prospect (blue),1,0
166,"Arakni, Web of Deceit",2025-03-15T03:07:56,Reaper's Call (blue),1,0
166,"Arakni, Web of Deceit",2025-03-15T03:07:56,Scuttle the Canal (blue),4,0
166,"Arakni, Web of Deceit",2025-03-15T03:07:56,Throw Dagger (blue),1,0
166,"Arakni, Web of Deceit",2025-03-15T03:07:56,Danger Digits,1,1
166,"Arakni, Web of Deceit",2025-03-15T03:07:56,Leap Frog Vocal Sac,1,1
166,"Arakni, Web of Deceit",2025-03-15T03:07:56,Red Alert Vest,1,1
166,"Arakni, Web of Deceit",2025-03-15T03:07:56,Starting Point,1,1
167,"Arakni, Web of Deceit",2025-03-15T17:03:42,Defang the Dragon (red),2,0
167,"Arakni, Web of Deceit",2025-03-15T17:03:42,Den of the Spider (red),2,0
167,"Arakni, Web of Deceit",2025-03-15T17:03:42,Hunted or Hunter (red),1,0
167,"Arakni, Web of Deceit",2025-03-15T17:03:42,Mark the Prey (red),1,0
167,"Arakni, Web of Deceit",2025-03-15T17:03:42,Plunge the Prospect (red),3,0
167,"Arakni, Web of Deceit",2025-03-15T17:03:42,Razor's Edge (red),1,0
167,"Arakni, Web of Deceit",2025-03-15T17:03:42,Reaper's Call (red),2,0
167,"Arakni, Web of Deceit",2025-03-15T17:03:42,Scar Tissue (red),1,0
167,"Arakni, Web of Deceit",2025-03-15T17:03:42,Scuttle the Canal (red),2,0
167,"Arakni, Web of Deceit",2025-03-15T17:03:42,Two Sides to the Blade (red),2,0
167,"Arakni, Web of Deceit",2025-03-15T17:03:42,Whittle from Bone (red),1,0
167,"Arakni, Web of Deceit",2025-03-15T17:03:42,Lay Low (yellow),1,0
167,"Arakni, Web of Deceit",2025-03-15T17:03:42,Mark of the Black Widow (yellow),1,0
167,"Arakni, Web of Deceit",2025-03-15T17:03:42,Mark of the Funnel Web (yellow),1,0
167,"Arakni, Web of Deceit",2025-03-15T17:03:42,Mark the Prey (yellow),1,0
167,"Arakni, Web of Deceit",2025-03-15T17:03:42,Public Bounty (yellow),3,0
167,"Arakni, Web of Deceit",2025-03-15T17:03:42,Take Up the Mantle (yellow),1,0
167,"Arakni, Web of Deceit",2025-03-15T17:03:42,Whittle from Bone (yellow),2,0
167,"Arakni, Web of Deceit",2025-03-15T17:03:42,Mark of the Black Widow (blue),1,0
167,"Arakni, Web of Deceit",2025-03-15T17:03:42,Public Bounty (blue),1,0
167,"Arakni, Web of Deceit",2025-03-15T17:03:42,Under the Trap-Door (blue),1,0
167,"Arakni, Web of Deceit",2025-03-15T17:03:42,Blade Beckoner Helm,1,1
167,"Arakni, Web of Deceit",2025-03-15T17:03:42,Bunker Beard,1,1
167,"Arakni, Web of Deceit",2025-03-15T17:03:42,Red Alert Boots,1,1
167,"Arakni, Web of Deceit",2025-03-15T17:03:42,Red Alert Gloves,1,1
167,"Arakni, Web of Deceit",2025-03-15T17:03:42,Red Alert Vest,1,1
167,"Arakni, Web of Deceit",2025-03-15T17:03:42,Starting Point,1,1
168,Cindra,2025-03-17T00:13:42,Art of the Dragon: Blood (red),2,0
168,Cindra,2025-03-17T00:13:42,Blaze Headlong (red),1,0
168,Cindra,2025-03-17T00:13:42,Blessing of Vynserakai (red),1,0
168,Cindra,2025-03-17T00:13:42,Cut Through (red),1,0
168,Cindra,2025-03-17T00:13:42,Demonstrate Devotion (red),1,0
168,Cindra,2025-03-17T00:13:42,Display Loyalty (red),1,0
168,Cindra,2025-03-17T00:13:42,Dragon Power (red),1,0
168,Cindra,2025-03-17T00:13:42,Dust Runner Outlaw (red),1,0
168,Cindra,2025-03-17T00:13:42,Fire Tenet: Strike First (red),1,0
168,Cindra,2025-03-17T00:13:42,For the Dracai (red),2,0
168,Cindra,2025-03-17T00:13:42,Grow Claws (red),1,0
168,Cindra,2025-03-17T00:13:42,Hunt the Hunter (red),1,0
168,Cindra,2025-03-17T00:13:42,Lair of the Spider (red),1,0
168,Cindra,2025-03-17T00:13:42,Lava Vein Loyalty (red),1,0
168,Cindra,2025-03-17T00:13:42,Public Bounty (red),1,0
168,Cindra,2025-03-17T00:13:42,Pursue to the Edge of Oblivion (red),1,0
168,Cindra,2025-03-17T00:13:42,Rake Over the Coals (red),1,0
168,Cindra,2025-03-17T00:13:42,Silver Talons (red),1,0
168,Cindra,2025-03-17T00:13:42,Tag the Target (red),1,0
168,Cindra,2025-03-17T00:13:42,Trap and Release (red),1,0
168,Cindra,2025-03-17T00:13:42,Fire Tenet: Strike First (yellow),1,0
168,Cindra,2025-03-17T00:13:42,Grow Claws (yellow),1,0
168,Cindra,2025-03-17T00:13:42,Grow Wings (yellow),1,0
168,Cindra,2025-03-17T00:13:42,Lay Low (yellow),2,0
168,Cindra,2025-03-17T00:13:42,Tip-Off (yellow),1,0
168,Cindra,2025-03-17T00:13:42,Fire Tenet: Strike First (blue),1,0
168,Cindra,2025-03-17T00:13:42,Grow Wings (blue),1,0
168,Cindra,2025-03-17T00:13:42,Public Bounty (blue),1,0
168,Cindra,2025-03-17T00:13:42,Put in Context (blue),1,0
168,Cindra,2025-03-17T00:13:42,Danger Digits,1,1
168,Cindra,2025-03-17T00:13:42,Leap Frog Leggings,1,1
168,Cindra,2025-03-17T00:13:42,Vow of Vengeance,1,1
169,Cindra,2025-03-17T21:40:31,Art of the Dragon: Claw (red),1,0
169,Cindra,2025-03-17T21:40:31,Blaze Headlong (red),1,0
169,Cindra,2025-03-17T21:40:31,Blood Line (red),1,0
169,Cindra,2025-03-17T21:40:31,Burning Blade Dance (red),1,0
169,Cindra,2025-03-17T21:40:31,Cinderskin Devotion (red),1,0
169,Cindra,2025-03-17T21:40:31,Demonstrate Devotion (red),1,0
169,Cindra,2025-03-17T21:40:31,Dragon Power (red),1,0
169,Cindra,2025-03-17T21:40:31,Fire Tenet: Strike First (red),2,0
169,Cindra,2025-03-17T21:40:31,For the Dracai (red),3,0
169,Cindra,2025-03-17T21:40:31,For the Realm (red),1,0
169,Cindra,2025-03-17T21:40:31,Grow Claws (red),2,0
169,Cindra,2025-03-17T21:40:31,Grow Wings (red),2,0
169,Cindra,2025-03-17T21:40:31,Hot on Their Heels (red),1,0
169,Cindra,2025-03-17T21:40:31,Lava Vein Loyalty (red),1,0
169,Cindra,2025-03-17T21:40:31,Rake Over the Coals (red),1,0
169,Cindra,2025-03-17T21:40:31,Tag the Target (red),1,0
169,Cindra,2025-03-17T21:40:31,Trap and Release (red),1,0
169,Cindra,2025-03-17T21:40:31,Wrath of Retribution (red),2,0
169,Cindra,2025-03-17T21:40:31,Fire Tenet: Strike First (yellow),1,0
169,Cindra,2025-03-17T21:40:31,Silver Talons (yellow),1,0
169,Cindra,2025-03-17T21:40:31,Trap and Release (yellow),1,0
169,Cindra,2025-03-17T21:40:31,Dragon Power (blue),1,0
169,Cindra,2025-03-17T21:40:31,Fire Tenet: Strike First (blue),1,0
169,Cindra,2025-03-17T21:40:31,Grow Claws (blue),2,0
169,Cindra,2025-03-17T21:40:31,Pick Up the Point (blue),1,0
169,Cindra,2025-03-17T21:40:31,Public Bounty (blue),1,0
169,Cindra,2025-03-17T21:40:31,Tag the Target (blue),2,0
169,Cindra,2025-03-17T21:40:31,Hand of Vengeance,1,1
169,Cindra,2025-03-17T21:40:31,Leap Frog Gloves,1,1
169,Cindra,2025-03-17T21:40:31,Leap Frog Slime Skin,1,1
169,Cindra,2025-03-17T21:40:31,Path of Vengeance,1,1
169,Cindra,2025-03-17T21:40:31,Vow of Vengeance,1,1
170,"Arakni, Web of Deceit",2025-03-17T23:23:46,Cut Through (red),1,0
170,"Arakni, Web of Deceit",2025-03-17T23:23:46,Defang the Dragon (red),2,0
170,"Arakni, Web of Deceit",2025-03-17T23:23:46,Den of the Spider (red),1,0
170,"Arakni, Web of Deceit",2025-03-17T23:23:46,Extinguish the Flames (red),1,0
170,"Arakni, Web of Deceit",2025-03-17T23:23:46,Hunted or Hunter (red),2,0
170,"Arakni, Web of Deceit",2025-03-17T23:23:46,Lair of the Spider (red),1,0
170,"Arakni, Web of Deceit",2025-03-17T23:23:46,Mark of the Funnel Web (red),2,0
170,"Arakni, Web of Deceit",2025-03-17T23:23:46,Plunge the Prospect (red),1,0
170,"Arakni, Web of Deceit",2025-03-17T23:23:46,Public Bounty (red),1,0
170,"Arakni, Web of Deceit",2025-03-17T23:23:46,Razor's Edge (red),1,0
170,"Arakni, Web of Deceit",2025-03-17T23:23:46,Scar Tissue (red),1,0
170,"Arakni, Web of Deceit",2025-03-17T23:23:46,Stains of the Redback (red),1,0
170,"Arakni, Web of Deceit",2025-03-17T23:23:46,Two Sides to the Blade (red),1,0
170,"Arakni, Web of Deceit",2025-03-17T23:23:46,Incision (yellow),1,0
170,"Arakni, Web of Deceit",2025-03-17T23:23:46,Mark of the Black Widow (yellow),1,0
170,"Arakni, Web of Deceit",2025-03-17T23:23:46,Mark of the Funnel Web (yellow),1,0
170,"Arakni, Web of Deceit",2025-03-17T23:23:46,Mark the Prey (yellow),1,0
170,"Arakni, Web of Deceit",2025-03-17T23:23:46,Orb-Weaver Spinneret (yellow),1,0
170,"Arakni, Web of Deceit",2025-03-17T23:23:46,Public Bounty (yellow),1,0
170,"Arakni, Web of Deceit",2025-03-17T23:23:46,Tip-Off (yellow),1,0
170,"Arakni, Web of Deceit",2025-03-17T23:23:46,Bite (blue),1,0
170,"Arakni, Web of Deceit",2025-03-17T23:23:46,Incision (blue),2,0
170,"Arakni, Web of Deceit",2025-03-17T23:23:46,Mark of the Black Widow (blue),2,0
170,"Arakni, Web of Deceit",2025-03-17T23:23:46,Mark of the Funnel Web (blue),1,0
170,"Arakni, Web of Deceit",2025-03-17T23:23:46,Plunge the Prospect (blue),1,0
170,"Arakni, Web of Deceit",2025-03-17T23:23:46,Poisoned Blade (blue),1,0
170,"Arakni, Web of Deceit",2025-03-17T23:23:46,Put in Context (blue),1,0
170,"Arakni, Web of Deceit",2025-03-17T23:23:46,Reaper's Call (blue),1,0
170,"Arakni, Web of Deceit",2025-03-17T23:23:46,Scuttle the Canal (blue),2,0
170,"Arakni, Web of Deceit",2025-03-17T23:23:46,Blade Beckoner Helm,1,1
170,"Arakni, Web of Deceit",2025-03-17T23:23:46,Leap Frog Gloves,1,1
170,"Arakni, Web of Deceit",2025-03-17T23:23:46,Red Alert Boots,1,1
170,"Arakni, Web of Deceit",2025-03-17T23:23:46,Red Alert Vest,1,1
171,"Arakni, Web of Deceit",2025-03-18T21:22:27,Bite (red),1,0
171,"Arakni, Web of Deceit",2025-03-18T21:22:27,Den of the Spider (red),1,0
171,"Arakni, Web of Deceit",2025-03-18T21:22:27,Extinguish the Flames (red),1,0
171,"Arakni, Web of Deceit",2025-03-18T21:22:27,Hunted or Hunter (red),2,0
171,"Arakni, Web of Deceit",2025-03-18T21:22:27,Imperial Seal of Command (red),1,0
171,"Arakni, Web of Deceit",2025-03-18T21:22:27,Lair of the Spider (red),1,0
171,"Arakni, Web of Deceit",2025-03-18T21:22:27,Mark of the Black Widow (red),2,0
171,"Arakni, Web of Deceit",2025-03-18T21:22:27,Mark of the Funnel Web (red),1,0
171,"Arakni, Web of Deceit",2025-03-18T21:22:27,Mark the Prey (red),3,0
171,"Arakni, Web of Deceit",2025-03-18T21:22:27,Razor's Edge (red),2,0
171,"Arakni, Web of Deceit",2025-03-18T21:22:27,Scuttle the Canal (red),3,0
171,"Arakni, Web of Deceit",2025-03-18T21:22:27,Stains of the Redback (red),1,0
171,"Arakni, Web of Deceit",2025-03-18T21:22:27,Two Sides to the Blade (red),1,0
171,"Arakni, Web of Deceit",2025-03-18T21:22:27,Whittle from Bone (red),1,0
171,"Arakni, Web of Deceit",2025-03-18T21:22:27,Incision (yellow),1,0
171,"Arakni, Web of Deceit",2025-03-18T21:22:27,Mark of the Black Widow (yellow),1,0
171,"Arakni, Web of Deceit",2025-03-18T21:22:27,Mark the Prey (yellow),2,0
171,"Arakni, Web of Deceit",2025-03-18T21:22:27,Orb-Weaver Spinneret (yellow),2,0
171,"Arakni, Web of Deceit",2025-03-18T21:22:27,Scar Tissue (yellow),1,0
171,"Arakni, Web of Deceit",2025-03-18T21:22:27,Stains of the Redback (yellow),1,0
171,"Arakni, Web of Deceit",2025-03-18T21:22:27,Mark of the Black Widow (blue),2,0
171,"Arakni, Web of Deceit",2025-03-18T21:22:27,Mark the Prey (blue),2,0
171,"Arakni, Web of Deceit",2025-03-18T21:22:27,Plunge the Prospect (blue),1,0
171,"Arakni, Web of Deceit",2025-03-18T21:22:27,Reaper's Call (blue),1,0
171,"Arakni, Web of Deceit",2025-03-18T21:22:27,Scar Tissue (blue),1,0
171,"Arakni, Web of Deceit",2025-03-18T21:22:27,Scuttle the Canal (blue),1,0
171,"Arakni, Web of Deceit",2025-03-18T21:22:27,Danger Digits,1,1
171,"Arakni, Web of Deceit",2025-03-18T21:22:27,Leap Frog Vocal Sac,2,1
171,"Arakni, Web of Deceit",2025-03-18T21:22:27,Red Alert Boots,1,1
171,"Arakni, Web of Deceit",2025-03-18T21:22:27,Red Alert Vest,1,1
172,Cindra,2025-03-19T03:48:13,Art of the Dragon: Claw (red),1,0
172,Cindra,2025-03-19T03:48:13,Blaze Headlong (red),1,0
172,Cindra,2025-03-19T03:48:13,Blessing of Vynserakai (red),1,0
172,Cindra,2025-03-19T03:48:13,Bubble to the Surface (red),1,0
172,Cindra,2025-03-19T03:48:13,Burning Blade Dance (red),1,0
172,Cindra,2025-03-19T03:48:13,Cinderskin Devotion (red),2,0
172,Cindra,2025-03-19T03:48:13,Demonstrate Devotion (red),2,0
172,Cindra,2025-03-19T03:48:13,Dust Runner Outlaw (red),1,0
172,Cindra,2025-03-19T03:48:13,Fire Tenet: Strike First (red),3,0
172,Cindra,2025-03-19T03:48:13,For the Emperor (red),1,0
172,Cindra,2025-03-19T03:48:13,Grow Claws (red),1,0
172,Cindra,2025-03-19T03:48:13,Grow Wings (red),1,0
172,Cindra,2025-03-19T03:48:13,Hot on Their Heels (red),1,0
172,Cindra,2025-03-19T03:48:13,Hunt the Hunter (red),2,0
172,Cindra,2025-03-19T03:48:13,Ignite (red),1,0
172,Cindra,2025-03-19T03:48:13,Imperial Seal of Command (red),1,0
172,Cindra,2025-03-19T03:48:13,March of Loyalty (red),1,0
172,Cindra,2025-03-19T03:48:13,Mark with Magma (red),1,0
172,Cindra,2025-03-19T03:48:13,Pledge Fealty (red),1,0
172,Cindra,2025-03-19T03:48:13,Ronin Renegade (red),2,0
172,Cindra,2025-03-19T03:48:13,Tag the Target (red),1,0
172,Cindra,2025-03-19T03:48:13,Fire Tenet: Strike First (yellow),1,0
172,Cindra,2025-03-19T03:48:13,Fire Tenet: Strike First (blue),2,0
172,Cindra,2025-03-19T03:48:13,Grow Claws (blue),2,0
172,Cindra,2025-03-19T03:48:13,Grow Wings (blue),1,0
172,Cindra,2025-03-19T03:48:13,Public Bounty (blue),1,0
172,Cindra,2025-03-19T03:48:13,Put in Context (blue),1,0
172,Cindra,2025-03-19T03:48:13,Rotten Remains (blue),1,0
172,Cindra,2025-03-19T03:48:13,Trap and Release (blue),1,0
172,Cindra,2025-03-19T03:48:13,Bunker Beard,1,1
172,Cindra,2025-03-19T03:48:13,Coat of Allegiance,1,1
172,Cindra,2025-03-19T03:48:13,Hand of Vengeance,1,1
172,Cindra,2025-03-19T03:48:13,Leap Frog Leggings,1,1
172,Cindra,2025-03-19T03:48:13,Leap Frog Vocal Sac,1,1
173,Fang,2025-03-20T16:15:03,Blistering Blade (red),1,0
173,Fang,2025-03-20T16:15:03,Den of the Spider (red),2,0
173,Fang,2025-03-20T16:15:03,Diced (red),1,0
173,Fang,2025-03-20T16:15:03,Dynastic Dedication (red),1,0
173,Fang,2025-03-20T16:15:03,For the Dracai (red),1,0
173,Fang,2025-03-20T16:15:03,For the Realm (red),1,0
173,Fang,2025-03-20T16:15:03,Hunt a Killer (red),1,0
173,Fang,2025-03-20T16:15:03,Imperial Intent (red),1,0
173,Fang,2025-03-20T16:15:03,Outed (red),1,0
173,Fang,2025-03-20T16:15:03,Point of Engagement (red),1,0
173,Fang,2025-03-20T16:15:03,Proclaim Vengeance (red),1,0
173,Fang,2025-03-20T16:15:03,Scalding Iron (red),1,0
173,Fang,2025-03-20T16:15:03,Sisters of Fire (red),1,0
173,Fang,2025-03-20T16:15:03,Smoke Out (red),1,0
173,Fang,2025-03-20T16:15:03,Stabbing Pain (red),1,0
173,Fang,2025-03-20T16:15:03,Sworn Vengeance (red),3,0
173,Fang,2025-03-20T16:15:03,Take a Stab (red),1,0
173,Fang,2025-03-20T16:15:03,Tooth of the Dragon (red),1,0
173,Fang,2025-03-20T16:15:03,Hunt a Killer (yellow),1,0
173,Fang,2025-03-20T16:15:03,Knife Through Butter (yellow),1,0
173,Fang,2025-03-20T16:15:03,Take a Stab (yellow),1,0
173,Fang,2025-03-20T16:15:03,Twist and Turn (yellow),1,0
173,Fang,2025-03-20T16:15:03,Cut Deep (blue),1,0
173,Fang,2025-03-20T16:15:03,Hunt a Killer (blue),4,0
173,Fang,2025-03-20T16:15:03,Incision (blue),1,0
173,Fang,2025-03-20T16:15:03,Point of Engagement (blue),1,0
173,Fang,2025-03-20T16:15:03,Public Bounty (blue),1,0
173,Fang,2025-03-20T16:15:03,Take a Stab (blue),1,0
173,Fang,2025-03-20T16:15:03,To the Point (blue),1,0
173,Fang,2025-03-20T16:15:03,Heart of Vengeance,1,1
173,Fang,2025-03-20T16:15:03,Red Alert Gloves,2,1
173,Fang,2025-03-20T16:15:03,Vow of Vengeance,1,1
174,"Arakni, Web of Deceit",2025-03-21T08:39:53,Back Stab (red),1,0
174,"Arakni, Web of Deceit",2025-03-21T08:39:53,Bite (red),2,0
174,"Arakni, Web of Deceit",2025-03-21T08:39:53,Den of the Spider (red),1,0
174,"Arakni, Web of Deceit",2025-03-21T08:39:53,Extinguish the Flames (red),1,0
174,"Arakni, Web of Deceit",2025-03-21T08:39:53,Hunted or Hunter (red),1,0
174,"Arakni, Web of Deceit",2025-03-21T08:39:53,Lair of the Spider (red),1,0
174,"Arakni, Web of Deceit",2025-03-21T08:39:53,Mark of the Black Widow (red),1,0
174,"Arakni, Web of Deceit",2025-03-21T08:39:53,Plunge the Prospect (red),1,0
174,"Arakni, Web of Deceit",2025-03-21T08:39:53,Razor's Edge (red),1,0
174,"Arakni, Web of Deceit",2025-03-21T08:39:53,Reaper's Call (red),1,0
174,"Arakni, Web of Deceit",2025-03-21T08:39:53,Scuttle the Canal (red),2,0
174,"Arakni, Web of Deceit",2025-03-21T08:39:53,Take a Stab (red),1,0
174,"Arakni, Web of Deceit",2025-03-21T08:39:53,Tarantula Toxin (red),1,0
174,"Arakni, Web of Deceit",2025-03-21T08:39:53,Throw Yourself at Them (red),2,0
174,"Arakni, Web of Deceit",2025-03-21T08:39:53,Two Sides to the Blade (red),2,0
174,"Arakni, Web of Deceit",2025-03-21T08:39:53,Mark of the Funnel Web (yellow),1,0
174,"Arakni, Web of Deceit",2025-03-21T08:39:53,Pick Up the Point (yellow),1,0
174,"Arakni, Web of Deceit",2025-03-21T08:39:53,Plunge the Prospect (yellow),1,0
174,"Arakni, Web of Deceit",2025-03-21T08:39:53,Poisoned Blade (yellow),1,0
174,"Arakni, Web of Deceit",2025-03-21T08:39:53,Public Bounty (yellow),1,0
174,"Arakni, Web of Deceit",2025-03-21T08:39:53,Reaper's Call (yellow),1,0
174,"Arakni, Web of Deceit",2025-03-21T08:39:53,Throw Yourself at Them (yellow),2,0
174,"Arakni, Web of Deceit",2025-03-21T08:39:53,Tip-Off (yellow),2,0
174,"Arakni, Web of Deceit",2025-03-21T08:39:53,Mark of the Black Widow (blue),2,0
174,"Arakni, Web of Deceit",2025-03-21T08:39:53,Mark of the Funnel Web (blue),1,0
174,"Arakni, Web of Deceit",2025-03-21T08:39:53,Mark the Prey (blue),1,0
174,"Arakni, Web of Deceit",2025-03-21T08:39:53,Put in Context (blue),1,0
174,"Arakni, Web of Deceit",2025-03-21T08:39:53,Scuttle the Canal (blue),1,0
174,"Arakni, Web of Deceit",2025-03-21T08:39:53,Tip-Off (blue),1,0
174,"Arakni, Web of Deceit",2025-03-21T08:39:53,Leap Frog Slime Skin,1,1
174,"Arakni, Web of Deceit",2025-03-21T08:39:53,Leap Frog Vocal Sac,1,1
174,"Arakni, Web of Deceit",2025-03-21T08:39:53,Red Alert Boots,1,1
174,"Arakni, Web of Deceit",2025-03-21T08:39:53,Red Alert Gloves,1,1
175,Fang,2025-03-21T23:43:40,Blistering Blade (red),3,0
175,Fang,2025-03-21T23:43:40,Brothers of Flame (red),2,0
175,Fang,2025-03-21T23:43:40,Cut Deep (red),3,0
175,Fang,2025-03-21T23:43:40,Dynastic Dedication (red),1,0
175,Fang,2025-03-21T23:43:40,For the Emperor (red),1,0
175,Fang,2025-03-21T23:43:40,Imperial Intent (red),1,0
175,Fang,2025-03-21T23:43:40,Imperial Seal of Command (red),1,0
175,Fang,2025-03-21T23:43:40,Proclaim Vengeance (red),2,0
175,Fang,2025-03-21T23:43:40,Scalding Iron (red),2,0
175,Fang,2025-03-21T23:43:40,Searing Gaze (red),3,0
175,Fang,2025-03-21T23:43:40,Stabbing Pain (red),1,0
175,Fang,2025-03-21T23:43:40,Sworn Vengeance (red),2,0
175,Fang,2025-03-21T23:43:40,Take a Stab (red),1,0
175,Fang,2025-03-21T23:43:40,Tooth of the Dragon (red),2,0
175,Fang,2025-03-21T23:43:40,Twist and Turn (red),1,0
175,Fang,2025-03-21T23:43:40,Hunt a Killer (yellow),1,0
175,Fang,2025-03-21T23:43:40,Scar Tissue (yellow),2,0
175,Fang,2025-03-21T23:43:40,Sworn Vengeance (yellow),1,0
175,Fang,2025-03-21T23:43:40,Hunt a Killer (blue),1,0
175,Fang,2025-03-21T23:43:40,Knife Through Butter (blue),1,0
175,Fang,2025-03-21T23:43:40,Point of Engagement (blue),1,0
175,Fang,2025-03-21T23:43:40,Scar Tissue (blue),2,0
175,Fang,2025-03-21T23:43:40,Take a Stab (blue),2,0
175,Fang,2025-03-21T23:43:40,To the Point (blue),1,0
175,Fang,2025-03-21T23:43:40,Twist and Turn (blue),1,0
175,Fang,2025-03-21T23:43:40,Blade Beckoner Gauntlets,1,1
175,Fang,2025-03-21T23:43:40,Path of Vengeance,1,1
176,Cindra,2025-03-22T09:42:27,Blood Line (red),1,0
176,Cindra,2025-03-22T09:42:27,Blood Runs Deep (red),1,0
176,Cindra,2025-03-22T09:42:27,Burning Blade Dance (red),2,0
176,Cindra,2025-03-22T09:42:27,Demonstrate Devotion (red),1,0
176,Cindra,2025-03-22T09:42:27,Display Loyalty (red),1,0
176,Cindra,2025-03-22T09:42:27,Dust Runner Outlaw (red),2,0
176,Cindra,2025-03-22T09:42:27,Fire Tenet: Strike First (red),1,0
176,Cindra,2025-03-22T09:42:27,For the Emperor (red),1,0
176,Cindra,2025-03-22T09:42:27,Grow Wings (red),1,0
176,Cindra,2025-03-22T09:42:27,Hot on Their Heels (red),2,0
176,Cindra,2025-03-22T09:42:27,Lava Vein Loyalty (red),1,0
176,Cindra,2025-03-22T09:42:27,March of Loyalty (red),1,0
176,Cindra,2025-03-22T09:42:27,Mark with Magma (red),2,0
176,Cindra,2025-03-22T09:42:27,Pick Up the Point (red),1,0
176,Cindra,2025-03-22T09:42:27,Ronin Renegade (red),4,0
176,Cindra,2025-03-22T09:42:27,Silver Talons (red),2,0
176,Cindra,2025-03-22T09:42:27,Tag the Target (red),4,0
176,Cindra,2025-03-22T09:42:27,Throw Yourself at Them (red),1,0
176,Cindra,2025-03-22T09:42:27,Trap and Release (red),1,0
176,Cindra,2025-03-22T09:42:27,Wrath of Retribution (red),1,0
176,Cindra,2025-03-22T09:42:27,Fire Tenet: Strike First (yellow),2,0
176,Cindra,2025-03-22T09:42:27,Silver Talons (yellow),1,0
176,Cindra,2025-03-22T09:42:27,Tag the Target (yellow),1,0
176,Cindra,2025-03-22T09:42:27,Fire Tenet: Strike First (blue),1,0
176,Cindra,2025-03-22T09:42:27,Grow Wings (blue),1,0
176,Cindra,2025-03-22T09:42:27,Trap and Release (blue),1,0
176,Cindra,2025-03-22T09:42:27,Hand of Vengeance,1,1
176,Cindra,2025-03-22T09:42:27,Heart of Vengeance,1,1
176,Cindra,2025-03-22T09:42:27,Leap Frog Vocal Sac,1,1
176,Cindra,2025-03-22T09:42:27,Path of Vengeance,1,1
177,"Arakni, Web of Deceit",2025-03-22T21:44:35,Back Stab (red),1,0
177,"Arakni, Web of Deceit",2025-03-22T21:44:35,Cut from the Same Cloth (red),1,0
177,"Arakni, Web of Deceit",2025-03-22T21:44:35,Cut Through (red),1,0
177,"Arakni, Web of Deceit",2025-03-22T21:44:35,Den of the Spider (red),1,0
177,"Arakni, Web of Deceit",2025-03-22T21:44:35,Hunted or Hunter (red),1,0
177,"Arakni, Web of Deceit",2025-03-22T21:44:35,Incision (red),1,0
177,"Arakni, Web of Deceit",2025-03-22T21:44:35,Lair of the Spider (red),1,0
177,"Arakni, Web of Deceit",2025-03-22T21:44:35,Mark of the Black Widow (red),2,0
177,"Arakni, Web of Deceit",2025-03-22T21:44:35,Mark of the Funnel Web (red),1,0
177,"Arakni, Web of Deceit",2025-03-22T21:44:35,Mark the Prey (red),3,0
177,"Arakni, Web of Deceit",2025-03-22T21:44:35,Orb-Weaver Spinneret (red),1,0
177,"Arakni, Web of Deceit",2025-03-22T21:44:35,Poisoned Blade (red),1,0
177,"Arakni, Web of Deceit",2025-03-22T21:44:35,Pursue to the Edge of Oblivion (red),1,0
177,"Arakni, Web of Deceit",2025-03-22T21:44:35,Razor's Edge (red),2,0
177,"Arakni, Web of Deceit",2025-03-22T21:44:35,Reaper's Call (red),2,0
177,"Arakni, Web of Deceit",2025-03-22T21:44:35,Mark the Prey (yellow),1,0
177,"Arakni, Web of Deceit",2025-03-22T21:44:35,Orb-Weaver Spinneret (yellow),1,0
177,"Arakni, Web of Deceit",2025-03-22T21:44:35,Reaper's Call (yellow),2,0
177,"Arakni, Web of Deceit",2025-03-22T21:44:35,Scar Tissue (yellow),1,0
177,"Arakni, Web of Deceit",2025-03-22T21:44:35,Mark of the Black Widow (blue),1,0
177,"Arakni, Web of Deceit",2025-03-22T21:44:35,Plunge the Prospect (blue),1,0
177,"Arakni, Web of Deceit",2025-03-22T21:44:35,Reaper's Call (blue),1,0
177,"Arakni, Web of Deceit",2025-03-22T21:44:35,Scar Tissue (blue),1,0
177,"Arakni, Web of Deceit",2025-03-22T21:44:35,Scuttle the Canal (blue),3,0
177,"Arakni, Web of Deceit",2025-03-22T21:44:35,Stains of the Redback (blue),1,0
177,"Arakni, Web of Deceit",2025-03-22T21:44:35,Throw Yourself at Them (blue),1,0
177,"Arakni, Web of Deceit",2025-03-22T21:44:35,Trot Along (blue),1,0
177,"Arakni, Web of Deceit",2025-03-22T21:44:35,Under the Trap-Door (blue),1,0
177,"Arakni, Web of Deceit",2025-03-22T21:44:35,Blade Beckoner Boots,1,1
177,"Arakni, Web of Deceit",2025-03-22T21:44:35,Red Alert Gloves,1,1
177,"Arakni, Web of Deceit",2025-03-22T21:44:35,Red Alert Vest,1,1
177,"Arakni, Web of Deceit",2025-03-22T21:44:35,Red Alert Visor,1,1
178,Cindra,2025-03-23T03:27:18,Art of the Dragon: Blood (red),2,0
178,Cindra,2025-03-23T03:27:18,Blaze Headlong (red),1,0
178,Cindra,2025-03-23T03:27:18,Burning Blade Dance (red),1,0
178,Cindra,2025-03-23T03:27:18,Compounding Anger (red),1,0
178,Cindra,2025-03-23T03:27:18,Dust Runner Outlaw (red),1,0
178,Cindra,2025-03-23T03:27:18,Fire Tenet: Strike First (red),3,0
178,Cindra,2025-03-23T03:27:18,Grow Claws (red),2,0
178,Cindra,2025-03-23T03:27:18,Grow Wings (red),1,0
178,Cindra,2025-03-23T03:27:18,Hot on Their Heels (red),2,0
178,Cindra,2025-03-23T03:27:18,Mark with Magma (red),4,0
178,Cindra,2025-03-23T03:27:18,Razor Reflex (red),1,0
178,Cindra,2025-03-23T03:27:18,Ronin Renegade (red),1,0
178,Cindra,2025-03-23T03:27:18,Silver Talons (red),1,0
178,Cindra,2025-03-23T03:27:18,Tag the Target (red),2,0
178,Cindra,2025-03-23T03:27:18,Throw Yourself at Them (red),1,0
178,Cindra,2025-03-23T03:27:18,Trap and Release (red),1,0
178,Cindra,2025-03-23T03:27:18,Grow Claws (yellow),1,0
178,Cindra,2025-03-23T03:27:18,Tag the Target (yellow),1,0
178,Cindra,2025-03-23T03:27:18,Fire Tenet: Strike First (blue),1,0
178,Cindra,2025-03-23T03:27:18,Grow Claws (blue),1,0
178,Cindra,2025-03-23T03:27:18,Grow Wings (blue),2,0
178,Cindra,2025-03-23T03:27:18,Nip at the Heels (blue),2,0
178,Cindra,2025-03-23T03:27:18,Put in Context (blue),1,0
178,Cindra,2025-03-23T03:27:18,Silver Talons (blue),1,0
178,Cindra,2025-03-23T03:27:18,Throw Dagger (blue),1,0
178,Cindra,2025-03-23T03:27:18,Throw Yourself at Them (blue),1,0
178,Cindra,2025-03-23T03:27:18,Coat of Allegiance,1,1
178,Cindra,2025-03-23T03:27:18,Heart of Vengeance,1,1
178,Cindra,2025-03-23T03:27:18,Leap Frog Gloves,1,1
178,Cindra,2025-03-23T03:27:18,Leap Frog Leggings,1,1
178,Cindra,2025-03-23T03:27:18,Vow of Vengeance,1,1
179,"Arakni, Web of Deceit",2025-03-25T21:11:33,Cut from the Same Cloth (red),1,0
179,"Arakni, Web of Deceit",2025-03-25T21:11:33,Cut Through (red),1,0
179,"Arakni, Web of Deceit",2025-03-25T21:11:33,Defang the Dragon (red),1,0
179,"Arakni, Web of Deceit",2025-03-25T21:11:33,Extinguish the Flames (red),1,0
179,"Arakni, Web of Deceit",2025-03-25T21:11:33,Hunted or Hunter (red),1,0
179,"Arakni, Web of Deceit",2025-03-25T21:11:33,Mark of the Black Widow (red),1,0
179,"Arakni, Web of Deceit",2025-03-25T21:11:33,Mark of the Funnel Web (red),3,0
179,"Arakni, Web of Deceit",2025-03-25T21:11:33,Plunge the Prospect (red),4,0
179,"Arakni, Web of Deceit",2025-03-25T21:11:33,Pursue to the Edge of Oblivion (red),1,0
179,"Arakni, Web of Deceit",2025-03-25T21:11:33,Reaper's Call (red),2,0
179,"Arakni, Web of Deceit",2025-03-25T21:11:33,Scar Tissue (red),1,0
179,"Arakni, Web of Deceit",2025-03-25T21:11:33,Scuttle the Canal (red),1,0
179,"Arakni, Web of Deceit",2025-03-25T21:11:33,Stains of the Redback (red),1,0
179,"Arakni, Web of Deceit",2025-03-25T21:11:33,To the Point (red),1,0
179,"Arakni, Web of Deceit",2025-03-25T21:11:33,Two Sides to the Blade (red),3,0
179,"Arakni, Web of Deceit",2025-03-25T21:11:33,Cut Through (yellow),1,0
179,"Arakni, Web of Deceit",2025-03-25T21:11:33,Mark of the Funnel Web (yellow),1,0
179,"Arakni, Web of Deceit",2025-03-25T21:11:33,Mark the Prey (yellow),1,0
179,"Arakni, Web of Deceit",2025-03-25T21:11:33,Orb-Weaver Spinneret (yellow),1,0
179,"Arakni, Web of Deceit",2025-03-25T21:11:33,Public Bounty (yellow),1,0
179,"Arakni, Web of Deceit",2025-03-25T21:11:33,Stains of the Redback (yellow),1,0
179,"Arakni, Web of Deceit",2025-03-25T21:11:33,Bite (blue),2,0
179,"Arakni, Web of Deceit",2025-03-25T21:11:33,Mark of the Black Widow (blue),1,0
179,"Arakni, Web of Deceit",2025-03-25T21:11:33,Mark the Prey (blue),2,0
179,"Arakni, Web of Deceit",2025-03-25T21:11:33,Poisoned Blade (blue),1,0
179,"Arakni, Web of Deceit",2025-03-25T21:11:33,Reaper's Call (blue),1,0
179,"Arakni, Web of Deceit",2025-03-25T21:11:33,Scuttle the Canal (blue),1,0
179,"Arakni, Web of Deceit",2025-03-25T21:11:33,Whittle from Bone (blue),1,0
179,"Arakni, Web of Deceit",2025-03-25T21:11:33,Blade Beckoner Helm,1,1
179,"Arakni, Web of Deceit",2025-03-25T21:11:33,Leap Frog Slime Skin,1,1
179,"Arakni, Web of Deceit",2025-03-25T21:11:33,Starting Point,1,1
180,Fang,2025-03-26T01:56:08,Den of the Spider (red),1,0
180,Fang,2025-03-26T01:56:08,Dynastic Dedication (red),1,0
180,Fang,2025-03-26T01:56:08,For the Dracai (red),1,0
180,Fang,2025-03-26T01:56:08,Hunt the Hunter (red),2,0
180,Fang,2025-03-26T01:56:08,Hunt to the Ends of Rathe (red),1,0
180,Fang,2025-03-26T01:56:08,Hunt's End (red),1,0
180,Fang,2025-03-26T01:56:08,Imperial Intent (red),2,0
180,Fang,2025-03-26T01:56:08,Proclaim Vengeance (red),1,0
180,Fang,2025-03-26T01:56:08,Scar Tissue (red),1,0
180,Fang,2025-03-26T01:56:08,Sisters of Fire (red),3,0
180,Fang,2025-03-26T01:56:08,Sizzling Steel (red),2,0
180,Fang,2025-03-26T01:56:08,Smoke Out (red),1,0
180,Fang,2025-03-26T01:56:08,Stabbing Pain (red),2,0
180,Fang,2025-03-26T01:56:08,Tooth of the Dragon (red),2,0
180,Fang,2025-03-26T01:56:08,Hunt a Killer (yellow),1,0
180,Fang,2025-03-26T01:56:08,Incision (yellow),1,0
180,Fang,2025-03-26T01:56:08,Knife Through Butter (yellow),1,0
180,Fang,2025-03-26T01:56:08,Cut Deep (blue),2,0
180,Fang,2025-03-26T01:56:08,Hunt a Killer (blue),1,0
180,Fang,2025-03-26T01:56:08,Relentless Pursuit (blue),1,0
180,Fang,2025-03-26T01:56:08,Sworn Vengeance (blue),2,0
180,Fang,2025-03-26T01:56:08,To the Point (blue),1,0
180,Fang,2025-03-26T01:56:08,Trot Along (blue),1,0
180,Fang,2025-03-26T01:56:08,Twist and Turn (blue),1,0
180,Fang,2025-03-26T01:56:08,Hand of Vengeance,1,1
180,Fang,2025-03-26T01:56:08,Heart of Vengeance,1,1
181,Fang,2025-03-27T19:45:14,Blessing of Vynserakai (red),1,0
181,Fang,2025-03-27T19:45:14,Blistering Blade (red),1,0
181,Fang,2025-03-27T19:45:14,Brothers of Flame (red),1,0
181,Fang,2025-03-27T19:45:14,Cut Deep (red),1,0
181,Fang,2025-03-27T19:45:14,Dynastic Dedication (red),1,0
181,Fang,2025-03-27T19:45:14,Endear Devotion (red),2,0
181,Fang,2025-03-27T19:45:14,For the Dracai (red),1,0
181,Fang,2025-03-27T19:45:14,For the Realm (red),1,0
181,Fang,2025-03-27T19:45:14,Imperial Intent (red),1,0
181,Fang,2025-03-27T19:45:14,Oath of Loyalty (red),1,0
181,Fang,2025-03-27T19:45:14,Point of Engagement (red),2,0
181,Fang,2025-03-27T19:45:14,Public Bounty (red),1,0
181,Fang,2025-03-27T19:45:14,Sisters of Fire (red),1,0
181,Fang,2025-03-27T19:45:14,Sizzling Steel (red),1,0
181,Fang,2025-03-27T19:45:14,Stabbing Pain (red),1,0
181,Fang,2025-03-27T19:45:14,Tooth of the Dragon (red),1,0
181,Fang,2025-03-27T19:45:14,Twist and Turn (red),1,0
181,Fang,2025-03-27T19:45:14,Cut Deep (yellow),1,0
181,Fang,2025-03-27T19:45:14,Hunt a Killer (yellow),1,0
181,Fang,2025-03-27T19:45:14,Lay Low (yellow),2,0
181,Fang,2025-03-27T19:45:14,Point of Engagement (yellow),1,0
181,Fang,2025-03-27T19:45:14,Public Bounty (yellow),1,0
181,Fang,2025-03-27T19:45:14,Hunt a Killer (blue),1,0
181,Fang,2025-03-27T19:45:14,Knife Through Butter (blue),1,0
181,Fang,2025-03-27T19:45:14,Nip at the Heels (blue),1,0
181,Fang,2025-03-27T19:45:14,Put in Context (blue),1,0
181,Fang,2025-03-27T19:45:14,Sworn Vengeance (blue),1,0
181,Fang,2025-03-27T19:45:14,Take a Stab (blue),1,0
181,Fang,2025-03-27T19:45:14,Trot Along (blue),1,0
181,Fang,2025-03-27T19:45:14,Coat of Allegiance,1,1
181,Fang,2025-03-27T19:45:14,Red Alert Gloves,1,1
181,Fang,2025-03-27T19:45:14,Vow of Vengeance,1,1
182,"Arakni, Web of Deceit",2025-03-28T17:50:43,Defang the Dragon (red),1,0
182,"Arakni, Web of Deceit",2025-03-28T17:50:43,Den of the Spider (red),1,0
182,"Arakni, Web of Deceit",2025-03-28T17:50:43,Extinguish the Flames (red),1,0
182,"Arakni, Web of Deceit",2025-03-28T17:50:43,Hunted or Hunter (red),2,0
182,"Arakni, Web of Deceit",2025-03-28T17:50:43,Kiss of Death (red),1,0
182,"Arakni, Web of Deceit",2025-03-28T17:50:43,Mark of the Black Widow (red),1,0
182,"Arakni, Web of Deceit",2025-03-28T17:50:43,Mark of the Funnel Web (red),2,0
182,"Arakni, Web of Deceit",2025-03-28T17:50:43,Mark the Prey (red),1,0
182,"Arakni, Web of Deceit",2025-03-28T17:50:43,Outed (red),1,0
182,"Arakni, Web of Deceit",2025-03-28T17:50:43,Plunge the Prospect (red),1,0
182,"Arakni, Web of Deceit",2025-03-28T17:50:43,Razor's Edge (red),1,0
182,"Arakni, Web of Deceit",2025-03-28T17:50:43,Reaper's Call (red),1,0
182,"Arakni, Web of Deceit",2025-03-28T17:50:43,Scuttle the Canal (red),1,0
182,"Arakni, Web of Deceit",2025-03-28T17:50:43,Stains of the Redback (red),1,0
182,"Arakni, Web of Deceit",2025-03-28T17:50:43,Take a Stab (red),2,0
182,"Arakni, Web of Deceit",2025-03-28T17:50:43,Two Sides to the Blade (red),2,0
182,"Arakni, Web of Deceit",2025-03-28T17:50:43,Mark of the Black Widow (yellow),1,0
182,"Arakni, Web of Deceit",2025-03-28T17:50:43,Mark the Prey (yellow),1,0
182,"Arakni, Web of Deceit",2025-03-28T17:50:43,Pick Up the Point (yellow),1,0
182,"Arakni, Web of Deceit",2025-03-28T17:50:43,Plunge the Prospect (yellow),1,0
182,"Arakni, Web of Deceit",2025-03-28T17:50:43,Reaper's Call (yellow),1,0
182,"Arakni, Web of Deceit",2025-03-28T17:50:43,Scar Tissue (yellow),1,0
182,"Arakni, Web of Deceit",2025-03-28T17:50:43,Mark of the Funnel Web (blue),1,0
182,"Arakni, Web of Deceit",2025-03-28T17:50:43,Mark the Prey (blue),1,0
182,"Arakni, Web of Deceit",2025-03-28T17:50:43,Put in Context (blue),1,0
182,"Arakni, Web of Deceit",2025-03-28T17:50:43,Reaper's Call (blue),2,0
182,"Arakni, Web of Deceit",2025-03-28T17:50:43,Up Sticks and Run (blue),1,0
182,"Arakni, Web of Deceit",2025-03-28T17:50:43,Danger Digits,1,1
182,"Arakni, Web of Deceit",2025-03-28T17:50:43,Red Alert Vest,1,1
182,"Arakni, Web of Deceit",2025-03-28T17:50:43,Starting Point,1,1
183,"Arakni, Web of Deceit",2025-03-29T06:04:42,Back Stab (red),1,0
183,"Arakni, Web of Deceit",2025-03-29T06:04:42,Cut from the Same Cloth (red),1,0
183,"Arakni, Web of Deceit",2025-03-29T06:04:42,Den of the Spider (red),1,0
183,"Arakni, Web of Deceit",2025-03-29T06:04:42,Hunted or Hunter (red),1,0
183,"Arakni, Web of Deceit",2025-03-29T06:04:42,Kiss of Death (red),1,0
183,"Arakni, Web of Deceit",2025-03-29T06:04:42,Mark of the Funnel Web (red),2,0
183,"Arakni, Web of Deceit",2025-03-29T06:04:42,Mark the Prey (red),2,0
183,"Arakni, Web of Deceit",2025-03-29T06:04:42,Pick Up the Point (red),1,0
183,"Arakni, Web of Deceit",2025-03-29T06:04:42,Plunge the Prospect (red),2,0
183,"Arakni, Web of Deceit",2025-03-29T06:04:42,Public Bounty (red),1,0
183,"Arakni, Web of Deceit",2025-03-29T06:04:42,Razor's Edge (red),2,0
183,"Arakni, Web of Deceit",2025-03-29T06:04:42,Scar Tissue (red),2,0
183,"Arakni, Web of Deceit",2025-03-29T06:04:42,Two Sides to the Blade (red),1,0
183,"Arakni, Web of Deceit",2025-03-29T06:04:42,Up Sticks and Run (red),1,0
183,"Arakni, Web of Deceit",2025-03-29T06:04:42,Incision (yellow),1,0
183,"Arakni, Web of Deceit",2025-03-29T06:04:42,Mark of the Black Widow (yellow),1,0
183,"Arakni, Web of Deceit",2025-03-29T06:04:42,Mark the Prey (yellow),1,0
183,"Arakni, Web of Deceit",2025-03-29T06:04:42,Plunge the Prospect (yellow),1,0
183,"Arakni, Web of Deceit",2025-03-29T06:04:42,Reaper's Call (yellow),1,0
183,"Arakni, Web of Deceit",2025-03-29T06:04:42,Scar Tissue (yellow),1,0
183,"Arakni, Web of Deceit",2025-03-29T06:04:42,Mark of the Funnel Web (blue),2,0
183,"Arakni, Web of Deceit",2025-03-29T06:04:42,Mark the Prey (blue),3,0
183,"Arakni, Web of Deceit",2025-03-29T06:04:42,Orb-Weaver Spinneret (blue),1,0
183,"Arakni, Web of Deceit",2025-03-29T06:04:42,Reaper's Call (blue),1,0
183,"Arakni, Web of Deceit",2025-03-29T06:04:42,Scar Tissue (blue),1,0
183,"Arakni, Web of Deceit",2025-03-29T06:04:42,Scuttle the Canal (blue),2,0
183,"Arakni, Web of Deceit",2025-03-29T06:04:42,Danger Digits,1,1
183,"Arakni, Web of Deceit",2025-03-29T06:04:42,Red Alert Boots,1,1
183,"Arakni, Web of Deceit",2025-03-29T06:04:42,Red Alert Vest,1,1
184,"Arakni, Web of Deceit",2025-03-30T01:06:48,Defang the Dragon (red),1,0
184,"Arakni, Web of Deceit",2025-03-30T01:06:48,Extinguish the Flames (red),2,0
184,"Arakni, Web of Deceit",2025-03-30T01:06:48,Hunted or Hunter (red),1,0
184,"Arakni, Web of Deceit",2025-03-30T01:06:48,Mark of the Black Widow (red),1,0
184,"Arakni, Web of Deceit",2025-03-30T01:06:48,Plunge the Prospect (red),2,0
184,"Arakni, Web of Deceit",2025-03-30T01:06:48,Poisoned Blade (red),1,0
184,"Arakni, Web of Deceit",2025-03-30T01:06:48,Razor's Edge (red),1,0
184,"Arakni, Web of Deceit",2025-03-30T01:06:48,Reaper's Call (red),2,0
184,"Arakni, Web of Deceit",2025-03-30T01:06:48,Take a Stab (red),1,0
184,"Arakni, Web of Deceit",2025-03-30T01:06:48,Tip-Off (red),1,0
184,"Arakni, Web of Deceit",2025-03-30T01:06:48,Bite (yellow),1,0
184,"Arakni, Web of Deceit",2025-03-30T01:06:48,Mark of the Funnel Web (yellow),1,0
184,"Arakni, Web of Deceit",2025-03-30T01:06:48,Pick Up the Point (yellow),1,0
184,"Arakni, Web of Deceit",2025-03-30T01:06:48,Plunge the Prospect (yellow),1,0
184,"Arakni, Web of Deceit",2025-03-30T01:06:48,Reaper's Call (yellow),2,0
184,"Arakni, Web of Deceit",2025-03-30T01:06:48,Stains of the Redback (yellow),2,0
184,"Arakni, Web of Deceit",2025-03-30T01:06:48,Take Up the Mantle (yellow),2,0
184,"Arakni, Web of Deceit",2025-03-30T01:06:48,Tip-Off (yellow),1,0
184,"Arakni, Web of Deceit",2025-03-30T01:06:48,Mark of the Black Widow (blue),1,0
184,"Arakni, Web of Deceit",2025-03-30T01:06:48,Mark of the Funnel Web (blue),1,0
184,"Arakni, Web of Deceit",2025-03-30T01:06:48,Mark the Prey (blue),2,0
184,"Arakni, Web of Deceit",2025-03-30T01:06:48,Plunge the Prospect (blue),1,0
184,"Arakni, Web of Deceit",2025-03-30T01:06:48,Scar Tissue (blue),1,0
184,"Arakni, Web of Deceit",2025-03-30T01:06:48,Scuttle the Canal (blue),3,0
184,"Arakni, Web of Deceit",2025-03-30T01:06:48,Up Sticks and Run (blue),1,0
184,"Arakni, Web of Deceit",2025-03-30T01:06:48,Leap Frog Slime Skin,1,1
184,"Arakni, Web of Deceit",2025-03-30T01:06:48,Leap Frog Vocal Sac,1,1
184,"Arakni, Web of Deceit",2025-03-30T01:06:48,Red Alert Gloves,1,1
185,"Arakni, Web of Deceit",2025-03-30T15:52:20,Back Stab (red),1,0
185,"Arakni, Web of Deceit",2025-03-30T15:52:20,Defang the Dragon (red),1,0
185,"Arakni, Web of Deceit",2025-03-30T15:52:20,Den of the Spider (red),1,0
185,"Arakni, Web of Deceit",2025-03-30T15:52:20,Hunted or Hunter (red),1,0
185,"Arakni, Web of Deceit",2025-03-30T15:52:20,Lair of the Spider (red),1,0
185,"Arakni, Web of Deceit",2025-03-30T15:52:20,Mark of the Black Widow (red),1,0
185,"Arakni, Web of Deceit",2025-03-30T15:52:20,Mark the Prey (red),1,0
185,"Arakni, Web of Deceit",2025-03-30T15:52:20,Plunge the Prospect (red),2,0
185,"Arakni, Web of Deceit",2025-03-30T15:52:20,Public Bounty (red),3,0
185,"Arakni, Web of Deceit",2025-03-30T15:52:20,Razor's Edge (red),1,0
185,"Arakni, Web of Deceit",2025-03-30T15:52:20,Reaper's Call (red),1,0
185,"Arakni, Web of Deceit",2025-03-30T15:52:20,Take a Stab (red),1,0
185,"Arakni, Web of Deceit",2025-03-30T15:52:20,Bite (yellow),1,0
185,"Arakni, Web of Deceit",2025-03-30T15:52:20,Orb-Weaver Spinneret (yellow),1,0
185,"Arakni, Web of Deceit",2025-03-30T15:52:20,Pick Up the Point (yellow),1,0
185,"Arakni, Web of Deceit",2025-03-30T15:52:20,Plunge the Prospect (yellow),1,0
185,"Arakni, Web of Deceit",2025-03-30T15:52:20,Scar Tissue (yellow),1,0
185,"Arakni, Web of Deceit",2025-03-30T15:52:20,Scuttle the Canal (yellow),1,0
185,"Arakni, Web of Deceit",2025-03-30T15:52:20,Stains of the Redback (yellow),1,0
185,"Arakni, Web of Deceit",2025-03-30T15:52:20,Up Sticks and Run (yellow),1,0
185,"Arakni, Web of Deceit",2025-03-30T15:52:20,Mark of the Funnel Web (blue),2,0
185,"Arakni, Web of Deceit",2025-03-30T15:52:20,Mark the Prey (blue),3,0
185,"Arakni, Web of Deceit",2025-03-30T15:52:20,Pick Up the Point (blue),1,0
185,"Arakni, Web of Deceit",2025-03-30T15:52:20,Stains of the Redback (blue),2,0
185,"Arakni, Web of Deceit",2025-03-30T15:52:20,Take a Stab (blue),1,0
185,"Arakni, Web of Deceit",2025-03-30T15:52:20,Blade Beckoner Helm,1,1
185,"Arakni, Web of Deceit",2025-03-30T15:52:20,Leap Frog Slime Skin,1,1
185,"Arakni, Web of Deceit",2025-03-30T15:52:20,Red Alert Boots,1,1
185,"Arakni, Web of Deceit",2025-03-30T15:52:20,Red Alert Gloves,1,1
186,Cindra,2025-03-30T19:21:49,Art of the Dragon: Fire (red),1,0
186,Cindra,2025-03-30T19:21:49,Burning Blade Dance (red),1,0
186,Cindra,2025-03-30T19:21:49,Devotion Never Dies (red),1,0
186,Cindra,2025-03-30T19:21:49,Display Loyalty (red),1,0
186,Cindra,2025-03-30T19:21:49,Fire Tenet: Strike First (red),2,0
186,Cindra,2025-03-30T19:21:49,Grow Claws (red),1,0
186,Cindra,2025-03-30T19:21:49,Grow Wings (red),1,0
186,Cindra,2025-03-30T19:21:49,Hot on Their Heels (red),1,0
186,Cindra,2025-03-30T19:21:49,Hunt the Hunter (red),3,0
186,Cindra,2025-03-30T19:21:49,Lava Vein Loyalty (red),2,0
186,Cindra,2025-03-30T19:21:49,Outed (red),1,0
186,Cindra,2025-03-30T19:21:49,Pursue to the Pits of Despair (red),1,0
186,Cindra,2025-03-30T19:21:49,Ronin Renegade (red),2,0
186,Cindra,2025-03-30T19:21:49,Tag the Target (red),2,0
186,Cindra,2025-03-30T19:21:49,Throw Yourself at Them (red),1,0
186,Cindra,2025-03-30T19:21:49,Tip-Off (red),1,0
186,Cindra,2025-03-30T19:21:49,Trap and Release (red),1,0
186,Cindra,2025-03-30T19:21:49,Up Sticks and Run (red),1,0
186,Cindra,2025-03-30T19:21:49,Dual Threat (yellow),1,0
186,Cindra,2025-03-30T19:21:49,Fire Tenet: Strike First (yellow),2,0
186,Cindra,2025-03-30T19:21:49,Tag the Target (yellow),1,0
186,Cindra,2025-03-30T19:21:49,Grow Wings (blue),1,0
186,Cindra,2025-03-30T19:21:49,Pick Up the Point (blue),1,0
186,Cindra,2025-03-30T19:21:49,Poisoned Blade (blue),1,0
186,Cindra,2025-03-30T19:21:49,Throw Yourself at Them (blue),1,0
186,Cindra,2025-03-30T19:21:49,Trap and Release (blue),1,0
186,Cindra,2025-03-30T19:21:49,Trot Along (blue),1,0
186,Cindra,2025-03-30T19:21:49,Up Sticks and Run (blue),1,0
186,Cindra,2025-03-30T19:21:49,Hand of Vengeance,1,1
186,Cindra,2025-03-30T19:21:49,Heart of Vengeance,1,1
186,Cindra,2025-03-30T19:21:49,Path of Vengeance,1,1
187,Fang,2025-03-31T22:09:09,Blessing of Vynserakai (red),2,0
187,Fang,2025-03-31T22:09:09,Blistering Blade (red),1,0
187,Fang,2025-03-31T22:09:09,Endear Devotion (red),1,0
187,Fang,2025-03-31T22:09:09,Hunt a Killer (red),1,0
187,Fang,2025-03-31T22:09:09,Hunt the Hunter (red),1,0
187,Fang,2025-03-31T22:09:09,Incision (red),2,0
187,Fang,2025-03-31T22:09:09,Knife Through Butter (red),1,0
187,Fang,2025-03-31T22:09:09,Pledge Fealty (red),1,0
187,Fang,2025-03-31T22:09:09,Proclaim Vengeance (red),1,0
187,Fang,2025-03-31T22:09:09,Scar Tissue (red),3,0
187,Fang,2025-03-31T22:09:09,Searing Gaze (red),1,0
187,Fang,2025-03-31T22:09:09,Sigil of Solace (red),1,0
187,Fang,2025-03-31T22:09:09,Sizzling Steel (red),1,0
187,Fang,2025-03-31T22:09:09,Sound the Alarm (red),1,0
187,Fang,2025-03-31T22:09:09,Agility Stance (yellow),1,0
187,Fang,2025-03-31T22:09:09,Hunt a Killer (yellow),1,0
187,Fang,2025-03-31T22:09:09,Point of Engagement (yellow),1,0
187,Fang,2025-03-31T22:09:09,Public Bounty (yellow),1,0
187,Fang,2025-03-31T22:09:09,Tip-Off (yellow),2,0
187,Fang,2025-03-31T22:09:09,Point of Engagement (blue),1,0
187,Fang,2025-03-31T22:09:09,Put in Context (blue),2,0
187,Fang,2025-03-31T22:09:09,Scar Tissue (blue),1,0
187,Fang,2025-03-31T22:09:09,Sworn Vengeance (blue),1,0
187,Fang,2025-03-31T22:09:09,Take a Stab (blue),1,0
187,Fang,2025-03-31T22:09:09,To the Point (blue),1,0
187,Fang,2025-03-31T22:09:09,Trot Along (blue),1,0
187,Fang,2025-03-31T22:09:09,Coat of Allegiance,1,1
187,Fang,2025-03-31T22:09:09,Red Alert Vest,1,1
187,Fang,2025-03-31T22:09:09,Red Alert Visor,1,1
187,Fang,2025-03-31T22:09:09,Starting Point,1,1
188,Fang,2025-04-01T02:17:03,Cut Deep (red),2,0
188,Fang,2025-04-01T02:17:03,Fire and Brimstone (red),1,0
188,Fang,2025-04-01T02:17:03,For the Realm (red),2,0
188,Fang,2025-04-01T02:17:03,Hunt a Killer (red),1,0
188,Fang,2025-04-01T02:17:03,Jagged Edge (red),1,0
188,Fang,2025-04-01T02:17:03,Long Whisker Loyalty (red),1,0
188,Fang,2025-04-01T02:17:03,Pledge Fealty (red),1,0
188,Fang,2025-04-01T02:17:03,Point of Engagement (red),1,0
188,Fang,2025-04-01T02:17:03,Pursue to the Edge of Oblivion (red),1,0
188,Fang,2025-04-01T02:17:03,Scalding Iron (red),1,0
188,Fang,2025-04-01T02:17:03,Scar Tissue (red),2,0
188,Fang,2025-04-01T02:17:03,Searing Gaze (red),1,0
188,Fang,2025-04-01T02:17:03,Sizzling Steel (red),1,0
188,Fang,2025-04-01T02:17:03,Smoke Out (red),1,0
188,Fang,2025-04-01T02:17:03,Incision (yellow),2,0
188,Fang,2025-04-01T02:17:03,Knife Through Butter (yellow),2,0
188,Fang,2025-04-01T02:17:03,Point of Engagement (yellow),2,0
188,Fang,2025-04-01T02:17:03,Public Bounty (yellow),1,0
188,Fang,2025-04-01T02:17:03,Tip-Off (yellow),1,0
188,Fang,2025-04-01T02:17:03,Twist and Turn (yellow),1,0
188,Fang,2025-04-01T02:17:03,Cut Deep (blue),1,0
188,Fang,2025-04-01T02:17:03,Incision (blue),2,0
188,Fang,2025-04-01T02:17:03,Scar Tissue (blue),1,0
188,Fang,2025-04-01T02:17:03,Sworn Vengeance (blue),3,0
188,Fang,2025-04-01T02:17:03,Blade Beckoner Boots,1,1
188,Fang,2025-04-01T02:17:03,Coat of Allegiance,1,1
188,Fang,2025-04-01T02:17:03,Hand of Vengeance,1,1
188,Fang,2025-04-01T02:17:03,Red Alert Visor,1,1
189,Fang,2025-04-03T00:15:38,Blistering Blade (red),1,0
189,Fang,2025-04-03T00:15:38,Brothers of Flame (red),1,0
189,Fang,2025-04-03T00:15:38,Cut Deep (red),1,0
189,Fang,2025-04-03T00:15:38,Dynastic Dedication (red),1,0
189,Fang,2025-04-03T00:15:38,For the Dracai (red),1,0
189,Fang,2025-04-03T00:15:38,Hunt a Killer (red),1,0
189,Fang,2025-04-03T00:15:38,Hunt to the Ends of Rathe (red),1,0
189,Fang,2025-04-03T00:15:38,Imperial Intent (red),2,0
189,Fang,2025-04-03T00:15:38,Pledge Fealty (red),1,0
189,Fang,2025-04-03T00:15:38,Point of Engagement (red),1,0
189,Fang,2025-04-03T00:15:38,Searing Gaze (red),3,0
189,Fang,2025-04-03T00:15:38,Sizzling Steel (red),1,0
189,Fang,2025-04-03T00:15:38,Sworn Vengeance (red),1,0
189,Fang,2025-04-03T00:15:38,Take a Stab (red),1,0
189,Fang,2025-04-03T00:15:38,Tooth of the Dragon (red),2,0
189,Fang,2025-04-03T00:15:38,Cut Deep (yellow),1,0
189,Fang,2025-04-03T00:15:38,Knife Through Butter (yellow),1,0
189,Fang,2025-04-03T00:15:38,Point of Engagement (yellow),1,0
189,Fang,2025-04-03T00:15:38,Hunt a Killer (blue),2,0
189,Fang,2025-04-03T00:15:38,Nip at the Heels (blue),1,0
189,Fang,2025-04-03T00:15:38,Point of Engagement (blue),1,0
189,Fang,2025-04-03T00:15:38,Relentless Pursuit (blue),1,0
189,Fang,2025-04-03T00:15:38,Sworn Vengeance (blue),2,0
189,Fang,2025-04-03T00:15:38,Twist and Turn (blue),1,0
189,Fang,2025-04-03T00:15:38,Blade Beckoner Boots,1,1
189,Fang,2025-04-03T00:15:38,Coat of Allegiance,1,1
189,Fang,2025-04-03T00:15:38,Hand of Vengeance,1,1
189,Fang,2025-04-03T00:15:38,Heart of Vengeance,1,1
189,Fang,2025-04-03T00:15:38,Red Alert Gloves,1,1
189,Fang,2025-04-03T00:15:38,Vow of Vengeance,1,1
190,"Arakni, Web of Deceit",2025-04-03T19:17:44,Hunted or Hunter (red),2,0
190,"Arakni, Web of Deceit",2025-04-03T19:17:44,Lair of the Spider (red),1,0
190,"Arakni, Web of Deceit",2025-04-03T19:17:44,Mark of the Black Widow (red),4,0
190,"Arakni, Web of Deceit",2025-04-03T19:17:44,Mark the Prey (red),1,0
190,"Arakni, Web of Deceit",2025-04-03T19:17:44,Pick Up the Point (red),1,0
190,"Arakni, Web of Deceit",2025-04-03T19:17:44,Plunge the Prospect (red),2,0
190,"Arakni, Web of Deceit",2025-04-03T19:17:44,Razor Reflex (red),1,0
190,"Arakni, Web of Deceit",2025-04-03T19:17:44,Razor's Edge (red),2,0
190,"Arakni, Web of Deceit",2025-04-03T19:17:44,Savor Bloodshed (red),1,0
190,"Arakni, Web of Deceit",2025-04-03T19:17:44,Scar Tissue (red),1,0
190,"Arakni, Web of Deceit",2025-04-03T19:17:44,Scuttle the Canal (red),1,0
190,"Arakni, Web of Deceit",2025-04-03T19:17:44,Two Sides to the Blade (red),1,0
190,"Arakni, Web of Deceit",2025-04-03T19:17:44,Orb-Weaver Spinneret (yellow),1,0
190,"Arakni, Web of Deceit",2025-04-03T19:17:44,Pick Up the Point (yellow),1,0
190,"Arakni, Web of Deceit",2025-04-03T19:17:44,Plunge the Prospect (yellow),1,0
190,"Arakni, Web of Deceit",2025-04-03T19:17:44,Reaper's Call (yellow),2,0
190,"Arakni, Web of Deceit",2025-04-03T19:17:44,Scuttle the Canal (yellow),1,0
190,"Arakni, Web of Deceit",2025-04-03T19:17:44,Stains of the Redback (yellow),1,0
190,"Arakni, Web of Deceit",2025-04-03T19:17:44,Take Up the Mantle (yellow),1,0
190,"Arakni, Web of Deceit",2025-04-03T19:17:44,Mark of the Black Widow (blue),1,0
190,"Arakni, Web of Deceit",2025-04-03T19:17:44,Mark of the Funnel Web (blue),3,0
190,"Arakni, Web of Deceit",2025-04-03T19:17:44,Mark the Prey (blue),1,0
190,"Arakni, Web of Deceit",2025-04-03T19:17:44,Plunge the Prospect (blue),1,0
190,"Arakni, Web of Deceit",2025-04-03T19:17:44,Put in Context (blue),1,0
190,"Arakni, Web of Deceit",2025-04-03T19:17:44,Scuttle the Canal (blue),3,0
190,"Arakni, Web of Deceit",2025-04-03T19:17:44,Danger Digits,1,1
190,"Arakni, Web of Deceit",2025-04-03T19:17:44,Leap Frog Gloves,1,1
190,"Arakni, Web of Deceit",2025-04-03T19:17:44,Leap Frog Vocal Sac,1,1
190,"Arakni, Web of Deceit",2025-04-03T19:17:44,Red Alert Vest,1,1
191,Cindra,2025-04-03T22:45:22,Art of the Dragon: Scale (red),1,0
191,Cindra,2025-04-03T22:45:22,Blaze Headlong (red),1,0
191,Cindra,2025-04-03T22:45:22,Blood Drop (red),1,0
191,Cindra,2025-04-03T22:45:22,Blood Line (red),3,0
191,Cindra,2025-04-03T22:45:22,Burning Blade Dance (red),2,0
191,Cindra,2025-04-03T22:45:22,Dragon Power (red),1,0
191,Cindra,2025-04-03T22:45:22,For the Dracai (red),2,0
191,Cindra,2025-04-03T22:45:22,For the Realm (red),1,0
191,Cindra,2025-04-03T22:45:22,Grow Claws (red),1,0
191,Cindra,2025-04-03T22:45:22,Hot on Their Heels (red),1,0
191,Cindra,2025-04-03T22:45:22,Hunt the Hunter (red),1,0
191,Cindra,2025-04-03T22:45:22,Lava Vein Loyalty (red),1,0
191,Cindra,2025-04-03T22:45:22,March of Loyalty (red),1,0
191,Cindra,2025-04-03T22:45:22,Mark with Magma (red),1,0
191,Cindra,2025-04-03T22:45:22,Outed (red),1,0
191,Cindra,2025-04-03T22:45:22,Poisoned Blade (red),1,0
191,Cindra,2025-04-03T22:45:22,Silver Talons (red),1,0
191,Cindra,2025-04-03T22:45:22,Throw Yourself at Them (red),1,0
191,Cindra,2025-04-03T22:45:22,Trap and Release (red),2,0
191,Cindra,2025-04-03T22:45:22,Up Sticks and Run (red),1,0
191,Cindra,2025-04-03T22:45:22,Lay Low (yellow),1,0
191,Cindra,2025-04-03T22:45:22,Pick Up the Point (yellow),1,0
191,Cindra,2025-04-03T22:45:22,Poisoned Blade (yellow),1,0
191,Cindra,2025-04-03T22:45:22,Public Bounty (yellow),1,0
191,Cindra,2025-04-03T22:45:22,Throw Yourself at Them (yellow),1,0
191,Cindra,2025-04-03T22:45:22,Grow Claws (blue),2,0
191,Cindra,2025-04-03T22:45:22,Silver Talons (blue),1,0
191,Cindra,2025-04-03T22:45:22,Tip-Off (blue),1,0
191,Cindra,2025-04-03T22:45:22,Trap and Release (blue),1,0
191,Cindra,2025-04-03T22:45:22,Coat of Allegiance,1,1
191,Cindra,2025-04-03T22:45:22,Hand of Vengeance,1,1
191,Cindra,2025-04-03T22:45:22,Leap Frog Leggings,1,1
191,Cindra,2025-04-03T22:45:22,Vow of Vengeance,1,1
192,Cindra,2025-04-04T16:24:32,Art of the Dragon: Claw (red),1,0
192,Cindra,2025-04-04T16:24:32,Blaze Headlong (red),2,0
192,Cindra,2025-04-04T16:24:32,Blessing of Vynserakai (red),3,0
192,Cindra,2025-04-04T16:24:32,Blood Line (red),1,0
192,Cindra,2025-04-04T16:24:32,Demonstrate Devotion (red),1,0
192,Cindra,2025-04-04T16:24:32,Dust Runner Outlaw (red),1,0
192,Cindra,2025-04-04T16:24:32,Fire Tenet: Strike First (red),1,0
192,Cindra,2025-04-04T16:24:32,For the Emperor (red),2,0
192,Cindra,2025-04-04T16:24:32,For the Realm (red),1,0
192,Cindra,2025-04-04T16:24:32,Grow Claws (red),1,0
192,Cindra,2025-04-04T16:24:32,Grow Wings (red),2,0
192,Cindra,2025-04-04T16:24:32,Hot on Their Heels (red),1,0
192,Cindra,2025-04-04T16:24:32,Lava Vein Loyalty (red),2,0
192,Cindra,2025-04-04T16:24:32,Ronin Renegade (red),3,0
192,Cindra,2025-04-04T16:24:32,Silver Talons (red),1,0
192,Cindra,2025-04-04T16:24:32,Trap and Release (red),1,0
192,Cindra,2025-04-04T16:24:32,Grow Wings (yellow),1,0
192,Cindra,2025-04-04T16:24:32,Pick Up the Point (yellow),1,0
192,Cindra,2025-04-04T16:24:32,Silver Talons (yellow),1,0
192,Cindra,2025-04-04T16:24:32,Tag the Target (yellow),2,0
192,Cindra,2025-04-04T16:24:32,Grow Claws (blue),1,0
192,Cindra,2025-04-04T16:24:32,Grow Wings (blue),1,0
192,Cindra,2025-04-04T16:24:32,Silver Talons (blue),1,0
192,Cindra,2025-04-04T16:24:32,Tip-Off (blue),1,0
192,Cindra,2025-04-04T16:24:32,Trap and Release (blue),1,0
192,Cindra,2025-04-04T16:24:32,Trot Along (blue),1,0
192,Cindra,2025-04-04T16:24:32,Blade Beckoner Helm,1,1
192,Cindra,2025-04-04T16:24:32,Path of Vengeance,1,1
193,"Arakni, Web of Deceit",2025-04-04T22:15:41,Defang the Dragon (red),1,0
193,"Arakni, Web of Deceit",2025-04-04T22:15:41,Den of the Spider (red),2,0
193,"Arakni, Web of Deceit",2025-04-04T22:15:41,Extinguish the Flames (red),1,0
193,"Arakni, Web of Deceit",2025-04-04T22:15:41,Hunted or Hunter (red),2,0
193,"Arakni, Web of Deceit",2025-04-04T22:15:41,Lair of the Spider (red),2,0
193,"Arakni, Web of Deceit",2025-04-04T22:15:41,Mark of the Black Widow (red),2,0
193,"Arakni, Web of Deceit",2025-04-04T22:15:41,Mark of the Funnel Web (red),1,0
193,"Arakni, Web of Deceit",2025-04-04T22:15:41,Mark the Prey (red),3,0
193,"Arakni, Web of Deceit",2025-04-04T22:15:41,Plunge the Prospect (red),2,0
193,"Arakni, Web of Deceit",2025-04-04T22:15:41,Razor's Edge (red),1,0
193,"Arakni, Web of Deceit",2025-04-04T22:15:41,Reaper's Call (red),2,0
193,"Arakni, Web of Deceit",2025-04-04T22:15:41,Scuttle the Canal (red),1,0
193,"Arakni, Web of Deceit",2025-04-04T22:15:41,Stains of the Redback (red),2,0
193,"Arakni, Web of Deceit",2025-04-04T22:15:41,Two Sides to the Blade (red),2,0
193,"Arakni, Web of Deceit",2025-04-04T22:15:41,Mark of the Black Widow (yellow),1,0
193,"Arakni, Web of Deceit",2025-04-04T22:15:41,Mark the Prey (yellow),2,0
193,"Arakni, Web of Deceit",2025-04-04T22:15:41,Plunge the Prospect (yellow),1,0
193,"Arakni, Web of Deceit",2025-04-04T22:15:41,Reaper's Call (yellow),1,0
193,"Arakni, Web of Deceit",2025-04-04T22:15:41,Tip-Off (yellow),1,0
193,"Arakni, Web of Deceit",2025-04-04T22:15:41,Whittle from Bone (yellow),1,0
193,"Arakni, Web of Deceit",2025-04-04T22:15:41,Bite (blue),1,0
193,"Arakni, Web of Deceit",2025-04-04T22:15:41,Mark of the Black Widow (blue),1,0
193,"Arakni, Web of Deceit",2025-04-04T22:15:41,Orb-Weaver Spinneret (blue),1,0
193,"Arakni, Web of Deceit",2025-04-04T22:15:41,Plunge the Prospect (blue),1,0
193,"Arakni, Web of Deceit",2025-04-04T22:15:41,Reaper's Call (blue),1,0
193,"Arakni, Web of Deceit",2025-04-04T22:15:41,Stains of the Redback (blue),1,0
193,"Arakni, Web of Deceit",2025-04-04T22:15:41,Danger Digits,1,1
193,"Arakni, Web of Deceit",2025-04-04T22:15:41,Leap Frog Slime Skin,1,1
193,"Arakni, Web of Deceit",2025-04-04T22:15:41,Red Alert Boots,1,1
194,Fang,2025-04-05T02:08:17,Affirm Loyalty (red),2,0
194,Fang,2025-04-05T02:08:17,Blaze Headlong (red),1,0
194,Fang,2025-04-05T02:08:17,Blessing of Vynserakai (red),1,0
194,Fang,2025-04-05T02:08:17,Dynastic Dedication (red),1,0
194,Fang,2025-04-05T02:08:17,For the Emperor (red),1,0
194,Fang,2025-04-05T02:08:17,Hunt the Hunter (red),1,0
194,Fang,2025-04-05T02:08:17,Imperial Intent (red),2,0
194,Fang,2025-04-05T02:08:17,Knife Through Butter (red),1,0
194,Fang,2025-04-05T02:08:17,Pledge Fealty (red),2,0
194,Fang,2025-04-05T02:08:17,Point of Engagement (red),2,0
194,Fang,2025-04-05T02:08:17,Proclaim Vengeance (red),1,0
194,Fang,2025-04-05T02:08:17,Scalding Iron (red),1,0
194,Fang,2025-04-05T02:08:17,Searing Gaze (red),2,0
194,Fang,2025-04-05T02:08:17,Sisters of Fire (red),1,0
194,Fang,2025-04-05T02:08:17,Sizzling Steel (red),1,0
194,Fang,2025-04-05T02:08:17,Stabbing Pain (red),1,0
194,Fang,2025-04-05T02:08:17,Tooth of the Dragon (red),2,0
194,Fang,2025-04-05T02:08:17,Knife Through Butter (yellow),1,0
194,Fang,2025-04-05T02:08:17,Lay Low (yellow),1,0
194,Fang,2025-04-05T02:08:17,Incision (blue),1,0
194,Fang,2025-04-05T02:08:17,Knife Through Butter (blue),1,0
194,Fang,2025-04-05T02:08:17,Point of Engagement (blue),1,0
194,Fang,2025-04-05T02:08:17,Scar Tissue (blue),1,0
194,Fang,2025-04-05T02:08:17,Sworn Vengeance (blue),2,0
194,Fang,2025-04-05T02:08:17,Take a Stab (blue),1,0
194,Fang,2025-04-05T02:08:17,To the Point (blue),2,0
194,Fang,2025-04-05T02:08:17,Blade Beckoner Plating,1,1
194,Fang,2025-04-05T02:08:17,Red Alert Boots,1,1
194,Fang,2025-04-05T02:08:17,Vow of Vengeance,1,1
195,Fang,2025-04-05T06:12:10,Brothers of Flame (red),1,0
195,Fang,2025-04-05T06:12:10,Dynastic Dedication (red),1,0
195,Fang,2025-04-05T06:12:10,Flurry Stance (red),1,0
195,Fang,2025-04-05T06:12:10,For the Realm (red),2,0
195,Fang,2025-04-05T06:12:10,Imperial Intent (red),1,0
195,Fang,2025-04-05T06:12:10,Pledge Fealty (red),1,0
195,Fang,2025-04-05T06:12:10,Point of Engagement (red),1,0
195,Fang,2025-04-05T06:12:10,Pursue to the Edge of Oblivion (red),1,0
195,Fang,2025-04-05T06:12:10,Scalding Iron (red),3,0
195,Fang,2025-04-05T06:12:10,Searing Gaze (red),1,0
195,Fang,2025-04-05T06:12:10,Sisters of Fire (red),1,0
195,Fang,2025-04-05T06:12:10,Sizzling Steel (red),2,0
195,Fang,2025-04-05T06:12:10,Smoke Out (red),1,0
195,Fang,2025-04-05T06:12:10,Stabbing Pain (red),2,0
195,Fang,2025-04-05T06:12:10,Sworn Vengeance (red),1,0
195,Fang,2025-04-05T06:12:10,To the Point (red),1,0
195,Fang,2025-04-05T06:12:10,Tooth of the Dragon (red),1,0
195,Fang,2025-04-05T06:12:10,Hunt a Killer (yellow),1,0
195,Fang,2025-04-05T06:12:10,Incision (yellow),1,0
195,Fang,2025-04-05T06:12:10,Knife Through Butter (yellow),1,0
195,Fang,2025-04-05T06:12:10,Point of Engagement (yellow),2,0
195,Fang,2025-04-05T06:12:10,Take a Stab (yellow),1,0
195,Fang,2025-04-05T06:12:10,Tip-Off (yellow),1,0
195,Fang,2025-04-05T06:12:10,Cut Deep (blue),1,0
195,Fang,2025-04-05T06:12:10,Cut from the Same Cloth (blue),1,0
195,Fang,2025-04-05T06:12:10,Knife Through Butter (blue),2,0
195,Fang,2025-04-05T06:12:10,Point of Engagement (blue),1,0
195,Fang,2025-04-05T06:12:10,Sworn Vengeance (blue),2,0
195,Fang,2025-04-05T06:12:10,Trot Along (blue),1,0
195,Fang,2025-04-05T06:12:10,Blade Beckoner Gauntlets,1,1
195,Fang,2025-04-05T06:12:10,Blade Beckoner Plating,1,1
195,Fang,2025-04-05T06:12:10,Red Alert Boots,1,1
195,Fang,2025-04-05T06:12:10,Red Alert Visor,1,1
196,Fang,2025-04-06T03:21:12,Blaze Headlong (red),1,0
196,Fang,2025-04-06T03:21:12,Fire and Brimstone (red),1,0
196,Fang,2025-04-06T03:21:12,Imperial Intent (red),2,0
196,Fang,2025-04-06T03:21:12,Imperial Seal of Command (red),1,0
196,Fang,2025-04-06T03:21:12,Knife Through Butter (red),1,0
196,Fang,2025-04-06T03:21:12,Outed (red),1,0
196,Fang,2025-04-06T03:21:12,Pledge Fealty (red),1,0
196,Fang,2025-04-06T03:21:12,Proclaim Vengeance (red),2,0
196,Fang,2025-04-06T03:21:12,Scalding Iron (red),2,0
196,Fang,2025-04-06T03:21:12,Scar Tissue (red),1,0
196,Fang,2025-04-06T03:21:12,Sizzling Steel (red),2,0
196,Fang,2025-04-06T03:21:12,Smoke Out (red),1,0
196,Fang,2025-04-06T03:21:12,Sworn Vengeance (red),2,0
196,Fang,2025-04-06T03:21:12,Tooth of the Dragon (red),1,0
196,Fang,2025-04-06T03:21:12,Hunt a Killer (yellow),1,0
196,Fang,2025-04-06T03:21:12,Incision (yellow),1,0
196,Fang,2025-04-06T03:21:12,Knife Through Butter (yellow),1,0
196,Fang,2025-04-06T03:21:12,Point of Engagement (yellow),1,0
196,Fang,2025-04-06T03:21:12,Scar Tissue (yellow),1,0
196,Fang,2025-04-06T03:21:12,Take a Stab (yellow),1,0
196,Fang,2025-04-06T03:21:12,Cut Deep (blue),2,0
196,Fang,2025-04-06T03:21:12,Exposed (blue),1,0
196,Fang,2025-04-06T03:21:12,Knife Through Butter (blue),1,0
196,Fang,2025-04-06T03:21:12,Provoke (blue),1,0
196,Fang,2025-04-06T03:21:12,Sworn Vengeance (blue),1,0
196,Fang,2025-04-06T03:21:12,Take a Stab (blue),2,0
196,Fang,2025-04-06T03:21:12,Heart of Vengeance,1,1
196,Fang,2025-04-06T03:21:12,Red Alert Gloves,1,1
196,Fang,2025-04-06T03:21:12,Red Alert Visor,1,1
196,Fang,2025-04-06T03:21:12,Starting Point,1,1
197,"Arakni, Web of Deceit",2025-04-06T22:28:31,Bite (red),1,0
197,"Arakni, Web of Deceit",2025-04-06T22:28:31,Defang the Dragon (red),1,0
197,"Arakni, Web of Deceit",2025-04-06T22:28:31,Den of the Spider (red),1,0
197,"Arakni, Web of Deceit",2025-04-06T22:28:31,Extinguish the Flames (red),1,0
197,"Arakni, Web of Deceit",2025-04-06T22:28:31,Hunted or Hunter (red),1,0
197,"Arakni, Web of Deceit",2025-04-06T22:28:31,Mark of the Black Widow (red),1,0
197,"Arakni, Web of Deceit",2025-04-06T22:28:31,Mark of the Funnel Web (red),1,0
197,"Arakni, Web of Deceit",2025-04-06T22:28:31,Mark the Prey (red),1,0
197,"Arakni, Web of Deceit",2025-04-06T22:28:31,Pick Up the Point (red),1,0
197,"Arakni, Web of Deceit",2025-04-06T22:28:31,Plunge the Prospect (red),2,0
197,"Arakni, Web of Deceit",2025-04-06T22:28:31,Razor's Edge (red),2,0
197,"Arakni, Web of Deceit",2025-04-06T22:28:31,Reaper's Call (red),2,0
197,"Arakni, Web of Deceit",2025-04-06T22:28:31,Stains of the Redback (red),1,0
197,"Arakni, Web of Deceit",2025-04-06T22:28:31,Tip-Off (red),1,0
197,"Arakni, Web of Deceit",2025-04-06T22:28:31,Mark of the Black Widow (yellow),1,0
197,"Arakni, Web of Deceit",2025-04-06T22:28:31,Orb-Weaver Spinneret (yellow),1,0
197,"Arakni, Web of Deceit",2025-04-06T22:28:31,Reaper's Call (yellow),4,0
197,"Arakni, Web of Deceit",2025-04-06T22:28:31,To the Point (yellow),1,0
197,"Arakni, Web of Deceit",2025-04-06T22:28:31,Mark of the Funnel Web (blue),2,0
197,"Arakni, Web of Deceit",2025-04-06T22:28:31,Mark the Prey (blue),2,0
197,"Arakni, Web of Deceit",2025-04-06T22:28:31,Reaper's Call (blue),1,0
197,"Arakni, Web of Deceit",2025-04-06T22:28:31,Scar Tissue (blue),1,0
197,"Arakni, Web of Deceit",2025-04-06T22:28:31,Scuttle the Canal (blue),3,0
197,"Arakni, Web of Deceit",2025-04-06T22:28:31,Stains of the Redback (blue),1,0
197,"Arakni, Web of Deceit",2025-04-06T22:28:31,Take a Stab (blue),2,0
197,"Arakni, Web of Deceit",2025-04-06T22:28:31,Danger Digits,1,1
197,"Arakni, Web of Deceit",2025-04-06T22:28:31,Leap Frog Slime Skin,1,1
197,"Arakni, Web of Deceit",2025-04-06T22:28:31,Red Alert Boots,1,1
197,"Arakni, Web of Deceit",2025-04-06T22:28:31,Red Alert Visor,1,1
198,Fang,2025-04-07T02:42:33,Blaze Headlong (red),1,0
198,Fang,2025-04-07T02:42:33,Blessing of Vynserakai (red),1,0
198,Fang,2025-04-07T02:42:33,Blistering Blade (red),1,0
198,Fang,2025-04-07T02:42:33,Calming Breeze (red),1,0
198,Fang,2025-04-07T02:42:33,Den of the Spider (red),1,0
198,Fang,2025-04-07T02:42:33,Endear Devotion (red),1,0
198,Fang,2025-04-07T02:42:33,Hunt a Killer (red),1,0
198,Fang,2025-04-07T02:42:33,Hunt the Hunter (red),1,0
198,Fang,2025-04-07T02:42:33,Knife Through Butter (red),1,0
198,Fang,2025-04-07T02:42:33,Pledge Fealty (red),2,0
198,Fang,2025-04-07T02:42:33,Scar Tissue (red),1,0
198,Fang,2025-04-07T02:42:33,Searing Gaze (red),1,0
198,Fang,2025-04-07T02:42:33,Sisters of Fire (red),3,0
198,Fang,2025-04-07T02:42:33,Smoke Out (red),2,0
198,Fang,2025-04-07T02:42:33,Stabbing Pain (red),1,0
198,Fang,2025-04-07T02:42:33,Tooth of the Dragon (red),2,0
198,Fang,2025-04-07T02:42:33,Twist and Turn (red),1,0
198,Fang,2025-04-07T02:42:33,Cut Deep (yellow),1,0
198,Fang,2025-04-07T02:42:33,Incision (yellow),1,0
198,Fang,2025-04-07T02:42:33,Knife Through Butter (yellow),1,0
198,Fang,2025-04-07T02:42:33,Scar Tissue (yellow),1,0
198,Fang,2025-04-07T02:42:33,To the Point (yellow),1,0
198,Fang,2025-04-07T02:42:33,Cut Deep (blue),2,0
198,Fang,2025-04-07T02:42:33,Hunt a Killer (blue),1,0
198,Fang,2025-04-07T02:42:33,Provoke (blue),1,0
198,Fang,2025-04-07T02:42:33,Sworn Vengeance (blue),1,0
198,Fang,2025-04-07T02:42:33,Take a Stab (blue),1,0
198,Fang,2025-04-07T02:42:33,Hand of Vengeance,1,1
198,Fang,2025-04-07T02:42:33,Heart of Vengeance,1,1
198,Fang,2025-04-07T02:42:33,Red Alert Boots,1,1
198,Fang,2025-04-07T02:42:33,Red Alert Visor,1,1
199,Cindra,2025-04-07T22:24:13,Art of the Dragon: Claw (red),1,0
199,Cindra,2025-04-07T22:24:13,Art of the Dragon: Fire (red),1,0
199,Cindra,2025-04-07T22:24:13,Art of the Dragon: Scale (red),1,0
199,Cindra,2025-04-07T22:24:13,Burning Blade Dance (red),1,0
199,Cindra,2025-04-07T22:24:13,Cinderskin Devotion (red),2,0
199,Cindra,2025-04-07T22:24:13,Display Loyalty (red),1,0
199,Cindra,2025-04-07T22:24:13,Dragon Power (red),1,0
199,Cindra,2025-04-07T22:24:13,Dust Runner Outlaw (red),1,0
199,Cindra,2025-04-07T22:24:13,Fire Tenet: Strike First (red),1,0
199,Cindra,2025-04-07T22:24:13,Hot on Their Heels (red),1,0
199,Cindra,2025-04-07T22:24:13,Hunt to the Ends of Rathe (red),1,0
199,Cindra,2025-04-07T22:24:13,Lair of the Spider (red),1,0
199,Cindra,2025-04-07T22:24:13,Lava Vein Loyalty (red),1,0
199,Cindra,2025-04-07T22:24:13,Mark with Magma (red),2,0
199,Cindra,2025-04-07T22:24:13,Ronin Renegade (red),1,0
199,Cindra,2025-04-07T22:24:13,Tag the Target (red),1,0
199,Cindra,2025-04-07T22:24:13,Trap and Release (red),1,0
199,Cindra,2025-04-07T22:24:13,Up Sticks and Run (red),1,0
199,Cindra,2025-04-07T22:24:13,Wrath of Retribution (red),1,0
199,Cindra,2025-04-07T22:24:13,Grow Claws (yellow),1,0
199,Cindra,2025-04-07T22:24:13,Grow Wings (yellow),1,0
199,Cindra,2025-04-07T22:24:13,Poisoned Blade (yellow),1,0
199,Cindra,2025-04-07T22:24:13,Cut Through (blue),1,0
199,Cindra,2025-04-07T22:24:13,Fire Tenet: Strike First (blue),1,0
199,Cindra,2025-04-07T22:24:13,Grow Claws (blue),2,0
199,Cindra,2025-04-07T22:24:13,Grow Wings (blue),1,0
199,Cindra,2025-04-07T22:24:13,Pick Up the Point (blue),2,0
199,Cindra,2025-04-07T22:24:13,Relentless Pursuit (blue),1,0
199,Cindra,2025-04-07T22:24:13,Tag the Target (blue),2,0
199,Cindra,2025-04-07T22:24:13,Trap and Release (blue),2,0
199,Cindra,2025-04-07T22:24:13,Danger Digits,1,1
199,Cindra,2025-04-07T22:24:13,Heart of Vengeance,1,1
200,"Arakni, Web of Deceit",2025-04-08T18:18:57,Back Stab (red),1,0
200,"Arakni, Web of Deceit",2025-04-08T18:18:57,Cut from the Same Cloth (red),1,0
200,"Arakni, Web of Deceit",2025-04-08T18:18:57,Den of the Spider (red),1,0
200,"Arakni, Web of Deceit",2025-04-08T18:18:57,Extinguish the Flames (red),1,0
200,"Arakni, Web of Deceit",2025-04-08T18:18:57,Hunted or Hunter (red),1,0
200,"Arakni, Web of Deceit",2025-04-08T18:18:57,Lair of the Spider (red),1,0
200,"Arakni, Web of Deceit",2025-04-08T18:18:57,Mark of the Black Widow (red),2,0
200,"Arakni, Web of Deceit",2025-04-08T18:18:57,Mark the Prey (red),2,0
200,"Arakni, Web of Deceit",2025-04-08T18:18:57,Pick Up the Point (red),1,0
200,"Arakni, Web of Deceit",2025-04-08T18:18:57,Razor's Edge (red),2,0
200,"Arakni, Web of Deceit",2025-04-08T18:18:57,Reaper's Call (red),1,0
200,"Arakni, Web of Deceit",2025-04-08T18:18:57,Tip-Off (red),1,0
200,"Arakni, Web of Deceit",2025-04-08T18:18:57,Two Sides to the Blade (red),1,0
200,"Arakni, Web of Deceit",2025-04-08T18:18:57,Up Sticks and Run (red),1,0
200,"Arakni, Web of Deceit",2025-04-08T18:18:57,Lay Low (yellow),1,0
200,"Arakni, Web of Deceit",2025-04-08T18:18:57,Mark of the Black Widow (yellow),2,0
200,"Arakni, Web of Deceit",2025-04-08T18:18:57,Poisoned Blade (yellow),1,0
200,"Arakni, Web of Deceit",2025-04-08T18:18:57,Reaper's Call (yellow),2,0
200,"Arakni, Web of Deceit",2025-04-08T18:18:57,Tip-Off (yellow),1,0
200,"Arakni, Web of Deceit",2025-04-08T18:18:57,Up Sticks and Run (yellow),1,0
200,"Arakni, Web of Deceit",2025-04-08T18:18:57,Mark the Prey (blue),1,0
200,"Arakni, Web of Deceit",2025-04-08T18:18:57,Plunge the Prospect (blue),1,0
200,"Arakni, Web of Deceit",2025-04-08T18:18:57,Put in Context (blue),1,0
200,"Arakni, Web of Deceit",2025-04-08T18:18:57,Relentless Pursuit (blue),1,0
200,"Arakni, Web of Deceit",2025-04-08T18:18:57,Scuttle the Canal (blue),2,0
200,"Arakni, Web of Deceit",2025-04-08T18:18:57,Stains of the Redback (blue),1,0
200,"Arakni, Web of Deceit",2025-04-08T18:18:57,Whittle from Bone (blue),1,0
200,"Arakni, Web of Deceit",2025-04-08T18:18:57,Leap Frog Slime Skin,1,1
200,"Arakni, Web of Deceit",2025-04-08T18:18:57,Red Alert Boots,1,1
200,"Arakni, Web of Deceit",2025-04-08T18:18:57,Red Alert Gloves,1,1
200,"Arakni, Web of Deceit",2025-04-08T18:18:57,Red Alert Visor,1,1
200,"Arakni, Web of Deceit",2025-04-08T18:18:57,Starting Point,1,1
201,"Arakni, Web of Deceit",2025-04-09T16:49:12,Bite (red),1,0
201,"Arakni, Web of Deceit",2025-04-09T16:49:12,Defang the Dragon (red),1,0
201,"Arakni, Web of Deceit",2025-04-09T16:49:12,Den of the Spider (red),2,0
201,"Arakni, Web of Deceit",2025-04-09T16:49:12,Extinguish the Flames (red),1,0
201,"Arakni, Web of Deceit",2025-04-09T16:49:12,Incision (red),1,0
201,"Arakni, Web of Deceit",2025-04-09T16:49:12,Lair of the Spider (red),1,0
201,"Arakni, Web of Deceit",2025-04-09T16:49:12,Mark of the Black Widow (red),2,0
201,"Arakni, Web of Deceit",2025-04-09T16:49:12,Mark of the Funnel Web (red),1,0
201,"Arakni, Web of Deceit",2025-04-09T16:49:12,Mark the Prey (red),1,0
201,"Arakni, Web of Deceit",2025-04-09T16:49:12,Pick Up the Point (red),2,0
201,"Arakni, Web of Deceit",2025-04-09T16:49:12,Plunge the Prospect (red),1,0
201,"Arakni, Web of Deceit",2025-04-09T16:49:12,Tarantula Toxin (red),1,0
201,"Arakni, Web of Deceit",2025-04-09T16:49:12,Tip-Off (red),1,0
201,"Arakni, Web of Deceit",2025-04-09T16:49:12,Two Sides to the Blade (red),3,0
201,"Arakni, Web of Deceit",2025-04-09T16:49:12,Reaper's Call (yellow),3,0
201,"Arakni, Web of Deceit",2025-04-09T16:49:12,To the Point (yellow),1,0
201,"Arakni, Web of Deceit",2025-04-09T16:49:12,Bite (blue),1,0
201,"Arakni, Web of Deceit",2025-04-09T16:49:12,Mark of the Black Widow (blue),2,0
201,"Arakni, Web of Deceit",2025-04-09T16:49:12,Mark of the Funnel Web (blue),2,0
201,"Arakni, Web of Deceit",2025-04-09T16:49:12,Mark the Prey (blue),1,0
201,"Arakni, Web of Deceit",2025-04-09T16:49:12,Plunge the Prospect (blue),1,0
201,"Arakni, Web of Deceit",2025-04-09T16:49:12,Reaper's Call (blue),2,0
201,"Arakni, Web of Deceit",2025-04-09T16:49:12,Scuttle the Canal (blue),1,0
201,"Arakni, Web of Deceit",2025-04-09T16:49:12,Trot Along (blue),1,0
201,"Arakni, Web of Deceit",2025-04-09T16:49:12,Bunker Beard,1,1
201,"Arakni, Web of Deceit",2025-04-09T16:49:12,Leap Frog Leggings,1,1
201,"Arakni, Web of Deceit",2025-04-09T16:49:12,Red Alert Gloves,1,1
201,"Arakni, Web of Deceit",2025-04-09T16:49:12,Red Alert Vest,1,1
201,"Arakni, Web of Deceit",2025-04-09T16:49:12,Red Alert Visor,1,1
